477010	Mange tak!	477030	Спасибо вам большое!
693877	Idiot!	693884	Идиот!
430093	På trods af al sin rigdom og berømmelse, er han ulykkelig.	698644	Несмотря на все свое богатство и известность, он несчастен.
430094	Jeg ved ikke hvad jeg skal gøre.	698649	Я не знаю, что мне делать.
430095	Han tror det er umuligt for mig at bestige bjerget alene.	698655	Он думает, что мне не по силам подняться на гору одному.
647461	Jeg tog en taxa til lufthavnen.	699033	Я доехал до аэропорта на такси.
647463	Hvor kan jeg tage lufthavnsbussen?	699037	Где я могу сесть на автобус в аэропорт?
647466	Lufthavnen er tæt på.	699038	Аэропорт недалеко.
647467	Jeg foretrækker et hotel tæt på lufthavnen.	699039	Я предпочитаю отель недалеко от аэропорта.
647471	Jeg ringer så snart jeg er i lufthavnen.	699040	Я позвоню, как только буду в аэропорту.
652435	Han ændrede pludselig sin holdning.	699042	Он резко поменял свое отношение.
652581	Retten dømte ham til døden.	699044	Суд приговорил его к смерти.
652586	Han kunne ikke sove på grund af heden.	699047	Он не мог спать из-за жары.
652599	Jeg skal købe nogle frimærker.	699049	Я куплю несколько марок.
652611	Er der nogle gode restauranter heromkring?	699051	Есть здесь в округе какие-нибудь хорошие рестораны?
652637	Enken var klædt i sort.	699053	Вдова была одета в черное.
652658	Vent i venteværelset.	699055	Подожди в комнате ожидания.
652661	Man burde adlyde sine forældre.	699058	Нужно слушаться своих родителей.
652663	Du bør adlyde dine forældre.	699059	Ты должен слушаться своих родителей.
652665	Han kunne ikke styre sin vrede.	699061	Он не мог сдерживать свою ярость.
652672	Hun blev gift som syttenårig.	699062	Она вышла замуж в возрасте 17 лет.
652676	Hvorfor ikke spille tennis på lørdag?	699063	Почему бы нам не сыграть в теннис в субботу?
652677	Hvad med at spille tennis på lørdag?	699064	Как насчет того, чтобы сыграть в теннис в субботу?
652695	Du må hellere tilkalde en læge.	699065	Ты бы лучше вызвал врача.
654680	Hvem er den mand?	699066	Кто этот человек?
615131	Jeg er bedst.	775432	Я лучше.
749306	Jeg måtte gå hjem til fods.	1002453	Мне пришлось идти домой пешком.
763176	Det er min hobby at samle på frimærker.	1002456	Это моё хобби - собирать марки.
763194	Jeg har i går læst bogen indtil side 80.	1002459	Я вчера дочитал книгу до восьмидесятой страницы.
763263	De er uadskillelige.	1002460	Они неразделимы.
763288	Vores lærer er ikke altid venlig over for os.	1002462	Наш учитель не всегда дружелюбен к нам.
763295	De problemer vil blive løst i nær fremtid.	1002464	Эти проблемы будут решены в ближайшем будущем.
763345	Hans hus er meget langt fra stationen.	1002466	Его дом находится очень далеко от станции.
763375	Jeg har en let hovedpine.	1002473	У меня небольшая головная боль.
763378	Priserne for de japanske biler er endnu relativ høje.	1002475	Цены на японские автомобили всё ещё относительно высоки.
476014	Mord straffes med døden.	1002478	Убийство карается смертью.
476015	Hvad i alverden laver du her?	1002479	Какого чёрта ты здесь делаешь?
695143	Han sparer op for at købe et hus.	1187717	Он собирает на покупку дома.
1191179	London er Englands hovedstad.	1216707	Лондон - столица Англии.
475194	Jeg har en bog i min hånd.	1350879	Я держу книгу в руке.
1191169	Han har en god hånd.	1350881	У него лёгкая рука.
731351	Hun løste problemet på ti minutter.	1364999	Она решила проблему за десять минут.
694852	Dette vand er godt at drikke.	1430846	Эта вода подходит для питья.
654733	Du er en idiot.	1576558	Ты кретин.
484837	Det var sådan en smuk dag, at vi besluttede os for at tage på picnic.	1585913	Был такой прекрасный день, что мы решили поехать на пикник.
1788640	Taler din ven esperanto?	1788643	Твой друг говорит на эсперанто?
1788651	Er vores land rigt?	1788655	Наша страна богатая?
1796495	Naturen er den eneste bog, der tilbyder storartet indhold på alle sider.	1796540	Природа - единственная книга, каждая страница которой полна глубокого содержания.
1941052	Denne hat er din.	1941998	Эта шапка твоя.
1940590	Gå væk herfra.	1942004	Уходи отсюда.
1940568	Rør mig ikke.	1942005	Не трогай меня.
1940565	Frist mig ikke.	1942006	Не дразни меня.
1940565	Frist mig ikke.	1942007	Не искушай меня.
1940458	Hun har mange engelske bøger.	1942008	У нее есть много английских книг.
1940370	Den dreng er min kollega.	1942013	Этот парень мой коллега.
1940366	Min bror er god og flittig.	1942018	Мой брат очень хороший и трудолюбивый человек.
1940365	Min søster er god og flittig.	1942019	Моя сестра очень хорошая и трудолюбивая девушка.
1940364	Mine søstre er gode og flittige.	1942071	Мои сестры хорошие и трудолюбивые.
400930	Hvordan har du det?	1942077	Как поживаешь?
2127824	Er du et vidunderbarn?	2127830	Ты вундеркинд?
2004608	Denne sætning består af syvogtredive bogstaver.	2163091	Эта фраза состоит из тридцати семи букв.
615647	Denne hytte er i fare for at falde sammen.	2278903	Эта хижина может развалиться.
2332092	Jeg spiste det.	2332120	Я его съел.
2348911	Har hun børn?	2348916	Она имеет детей?
2349153	Var dine forældre hjemme?	2349154	Твои родители были дома?
1979675	Det kan jeg se med det blotte øje.	2418383	Это я могу видеть невооружённым глазом.
2590947	Hvad vil du spørge mig om?	2590952	О чём ты хочешь меня спросить?
2590947	Hvad vil du spørge mig om?	2590953	О чём вы хотите меня спросить?
1884978	Hun tager tilbage til Amerika.	2651295	Она возвращается обратно в Америку.
2665055	Pindsvinet skjuler sit hoved.	2665060	Ёж прячет свою голову.
476057	Problemet er at jeg ingen penge har på mig.	2832515	Проблема в том, что у меня нет с собой денег.
3285374	Der er et yndigt land, det står med brede bøge nær salten østerstrand, nær salten østerstrand. Det bugter sig i bakke dal, det hedder gamle Danmark, og det er Frejas sal, og det er Frejas sal! Vort gamle Danmark skal bestå så længe bøgen spejler, sin top i bølgen blå, sin top i bølgen blå.	3285376	Любимая страна с развесистыми буками у солёных берегов, у солёных берегов. Ветрами продуваема, зовёшься древней Данией – и здесь обитель Фрейи, и здесь обитель Фрейи! Пока сверкает буков гладь, живёт и наша Дания – в объятиях синих волн, в объятиях синих волн.
2053185	Hun er en neger.	3617630	Она литературный негр.
3748997	Brandmanden satte sit liv på spil.	3749005	Пожарный рискнул своей жизнью.
3748997	Brandmanden satte sit liv på spil.	3749006	Пожарный рисковал своей жизнью.
3769961	"Jeg tror jeg har forstået alt," sagde Tom, "men jeg er ikke helt sikker."	3770155	"Мне кажется, я все понял, - сказал Том, - но я не вполне уверен".
3767615	Et godt helbred er bedre end alverdens guld.	3770161	Доброе здоровье важнее всего золота мира.
3850499	Spionen brugte en dækadresse.	3850513	Шпион использовал конспиративный адрес.
3850516	Jeg så en karibu.	3850527	Я увидел карибу.
3850528	Hans ansigtsudtryk vidnede om total hjælpeløshed.	3850534	Его выражение лица отражало полную беспомощность.
3320100	For eksempel: nu er havet roligt.	4099557	Например, сейчас море спокойно.
1282087	Jeg kan lide dyr, for eksempel katte og hunde.	4099558	Мне нравятся животные, например, коты и собаки.
2900726	Færøerne er stadig afhængige af Danmarks økonomisk støtte.	4108177	Фарерские острова по-прежнему зависят от экономической поддержки Дании.
4108255	Ulven åd den lille Rødhætte. Jægeren skød ulven.	4108633	Волк съел Красную Шапочку. Охотник застрелил волка.
4100600	Jeg har ikke bedt om hjælp.	4108635	Я не просил помощи.
4090943	Jeg hader ikke Tom længere.	4108639	Я больше не ненавижу Тома.
4090943	Jeg hader ikke Tom længere.	4108642	Я больше не испытываю ненависти к Тому.
4296160	Jeg går ud fra at du har en bil.	4299144	Я полагаю, у вас есть машина.
1962263	Et glas koldt øl ville gøre godt.	4340238	Я бы хотел стакан холодного пива.
4540387	Leg ikke med hendes følelser!	4540395	Не играй с её чувствами!
1845238	Aarhus, Danmarks næststørste by, har postnummeret 8000.	4572161	Орхус, второй по величине город Дании, имеет почтовый индекс 8000.
4576357	Den sorte kat løber hurtigt.	4576359	Чёрная кошка быстро бежит.
4542880	Hvornår flyttede du til Berlin?	4593342	Когда ты переехала в Берлин?
475013	Varme er en form for energi.	4615973	Тепло — одна из форм энергии.
663370	Er de her dine briller?	4654929	Это твои очки?
4747880	Vil det snart sne?	4747890	Скоро пойдёт снег?
4748406	Odense og København havde gjort så stort et indtryk på Tom og Maria at de besluttede sig for at lære dansk og flytte til Danmark.	4748428	Оденсе и Копенгаген произвели такое большое впечатление на Тома и Марию, что они решили выучить датский и переехать в Данию.
4750196	Man siger at han har solgt sin sjæl til Djævelen.	4750206	Говорят, он продал душу дьяволу.
4846829	Denne bog er en psykologisk roman.	4846831	Эта книга — психологический роман.
4875788	Så sulten er jeg ikke.	4875811	Я не настолько голодна.
4921517	Hun har et stort hus og to biler.	4921533	У неё большой дом и две машины.
4921559	Tom skænkede sig et glas skotsk whisky.	4921569	Том налил себе стакан шотландского виски.
4928370	Hvordan går det med jobsøgningen?	4928374	Как дела с поиском работы?
5186838	Jeg har lavet mange fejl.	5186861	Я сделал много ошибок.
771158	Hun så mange dyr på vejen.	5209812	По дороге она видела много зверей.
5308295	Hvorfor har du købt en skildpadde?	5308299	Зачем ты купил черепаху?
1981244	Bjørnene danser tango med ulvene under fuldmånens lys.	5389743	Медведи танцуют танго с волками при свете полной луны.
1981221	I klassen var der femten drenge og ligeså mange piger.	5389757	В классе было пятнадцать мальчиков и столько же девочек.
1981173	Nu ved vi ikke hvad vi skal lave.	5389778	Теперь мы не знаем, что нам делать.
1981167	Hun bor tæt på havet.	5389780	Она живёт рядом с морем.
1980992	Nej, sæt dig ned.	5389803	Нет, садись.
1980978	Jeg ved ikke hvordan jeg skal sige det på japansk.	5389806	Я не знаю, как это сказать по-японски.
1980226	En af mine veninder elsker at gå på homobar med mig.	5390057	Одна моя подруга любит ходить со мной в гей-бары.
1752391	Kirker blev bygget overalt på øen.	5391784	По всему острову строились церкви.
5381674	Politik interesserer dem ikke.	5394310	Политика их не интересует.
5381051	Toms password var let at gætte.	5394319	Угадать пароль Тома было легко.
5378654	Det betyder at han kan lide dig.	5394343	Это значит, что ты ему нравишься.
5374548	Alt hvad Tom sagde, var løgn.	5394354	Всё, что сказал Том, было ложью.
1946439	Jeg går normalt i seng klokken ni.	5394899	Обычно я ложусь в девять часов.
1979568	Hvor mange dage skal du være i London?	5394923	Сколько дней ты пробудешь в Лондоне?
1979545	Gør jer klar på forhånd.	5394938	Готовьтесь заранее.
1979539	Gør dig klar på forhånd.	5394939	Готовься заранее.
1979274	De er stadig ikke vågnet.	5394986	Они до сих пор не проснулись.
1800768	Huskatten, med det latinske navn Felis silvestris catus, har været et husdyr i mere end fem tusind år. Katten har en veludviklet høre- og synssans, og kroppen er perfekt tilpasset til jagt.	5394999	Домашняя кошка, по-латински называемая Felis silvestris catus, является домашним животным уже более пяти тысяч лет. У кошки хорошо развиты слух и зрение, а тело идеально приспособлено для охоты.
5395340	Øret er vejen til hjertet.	5397553	Ухо — путь к сердцу.
5399357	De fleste af hendes jævnaldrende fjerner håret under armene, men det gør hun ikke.	5399369	Большинство её ровесниц удаляют волосы под мышками, но она этого не делает.
1863567	Du sagde jo selv at jeg skulle trykke på knappen.	5404005	Ты же сам сказал, что я должен нажать на кнопку.
2482691	Jo ældre man bliver, desto mere ligner fødselsdagskagen et fakkeltog.	5404010	Чем старше становишься, тем более торт на день рождения напоминает процессию с факелами.
5338663	Her, tag min frakke. Du ryster jo af kulde.	5404019	Вот, возьми моё пальто. Ты же дрожишь от холода.
1981202	Jeg har ikke råd til denne bog.	5407104	У меня нет средств на эту книгу.
1981246	Frederik den Store indførte kartoflen i Prøjsen.	5407172	Фридрих Великий познакомил Пруссию с картофелем.
1979682	Jeg tror, dine søstre vil kunne lide denne bog.	5407197	Думаю, твоим сёстрам понравится эта книга.
3612184	Vi malede væggene hvide.	5407376	Мы покрасили стены в белый.
3249965	Væggene har ører, dørene har øjne.	5407414	У стен есть уши, у дверей есть глаза.
4618886	Det officielle sprog i Niue er niueansk.	5409245	Официальный язык на Ниуэ — ниуэ.
4618919	Niues officielle sprog er niueansk.	5409246	Официальный язык Ниуэ — ниуэ.
4268169	Tom er den eneste i vores familie, der ikke har kørekort.	5416257	Том — единственный в нашей семье, у кого нет водительских прав.
3967995	Der skete ikke noget særligt i dag.	5416280	Сегодня ничего особенного не произошло.
3954574	Hvis du spiser meget, bliver du tyk.	5416286	Будешь много есть — растолстеешь.
3954557	Han kendte Uyghur, før han kom til Kashgar.	5416301	Он знал уйгурский до того, как приехал в Кашгар.
3946082	Er din bil ny?	5416308	У тебя машина новая?
3817454	Jeg tager en grammatikbog med næste gang.	5416568	В следующий раз я возьму с собой книгу по грамматике.
3817395	Tom gav mig tre gode råd.	5416574	Том дал мне три хороших совета.
2245104	Han elskede meget at gå i biografen.	5426817	Он очень любил ходить в кино.
4155621	Der er meget jeg ikke forstår.	5426825	Я многого не понимаю.
4748946	Jeg har aldrig været uden for Europa desværre.	5426832	К сожалению, я никогда не бывал за пределами Европы.
1980492	Jeg er virkelig ikke vild med blåskimmelost.	5426836	Я совсем не схожу с ума по голубому сыру с плесенью.
4748942	Jeg drømmer om at komme til Helsinki igen.	5426837	Я мечтаю снова приехать в Хельсинки.
5410457	Katten ligger på bordet.	5431905	Кошка лежит на столе.
5408448	Har vi nok stole?	5431910	У нас хватает стульев?
5438820	Jeg kommer en anden gang.	5443833	Я приду в другой раз.
5442743	Temperaturen er i øjeblikket minus ti grader.	5443843	Температура на данный момент — минус десять градусов.
5445006	I vil brænde i helvede.	5461956	Вы будете гореть в аду.
5098352	Jeg skyndte mig derhen.	5461966	Я поспешил туда.
5117203	Flere asiatiske sprog bruger ikke mellemrumstegnet.	5462013	Во многих азиатских языках не используется знак пробела.
5164675	Hvad spurgte du hende om?	5463281	О чём ты у неё спросил?
5158191	Hvad vil de gøre uden mig?	5463749	Что они будут делать без меня?
5166949	Jeg tror de lyver.	5463756	Мне кажется, они лгут.
5165132	Skyskrabere vil i fremtiden blive lavet af træ.	5463757	Небоскрёбы в будущем будут строить из дерева.
5171246	De er meget yngre end Tom.	5463759	Они намного младше Тома.
5171238	Kærlighed er broen mellem dig og alt.	5463761	Любовь — это мост между тобой и всем.
5308747	Kunst er min passion.	5463763	Искусство — моя страсть.
4566335	Hvorfor blev du hjemme i går?	5463767	Почему ты вчера осталась дома?
5193478	Tycho Brahe var nevø af Jørgen Brahe, en sømand der gav sit liv i et forsøg på at redde den danske konges, kong Frederik II's liv.	5463811	Тихо Браге был племянником Йоргена Браге — моряка, отдавшего свою жизнь в попытке спасти жизнь короля Дании Фредерика II.
5213700	Tom er cirka en meter og firs.	5463863	Том примерно метр восемьдесят ростом.
5207894	Han boede i en lille by i nærheden.	5463874	Он жил в небольшом городке неподалёку.
5223026	Toms mor bor i Boston, hans far i Chicago.	5463892	Мать Тома живёт в Бостоне, а отец — в Чикаго.
5233793	Både Tom og Mary er fra Canada.	5463918	И Том, и Мэри из Канады.
5234795	De tog et bad.	5463923	Они приняли ванну.
1865913	Jeg ved intet om Linux.	5479734	Я ничего не знаю о Линуксе.
4846879	Vi vælger en præsident hvert fjerde år.	5482710	Мы выбираем президента каждые четыре года.
658775	Hun interesserer sig kun for fisk og kakerlakker.	5482728	Она интересуется только рыбой и тараканами.
3533099	Vores julekaktus blomstrer altid i midten af oktober.	5482737	Наш рождественский кактус всегда цветёт в середине октября.
2482268	Jeg lærte ham at cykle.	5482741	Я научила его кататься на велосипеде.
3513544	I ligner hinanden.	5482774	Вы похожи друг на друга.
2550757	I skovens skygge viste termometeret kun fireogtyve grader celsius, men på marken hvor intet skærmede os for solen, herskede der en uudholdelig varme.	5482779	В лесной тени термометр показывал всего двадцать четыре градуса по Цельсию, но в поле, где ничто не защищало нас от солнца, царила невыносимая жара.
2301110	Handel hjælper lande med at udvikle sig.	5482790	Торговля помогает странам развиваться.
1778680	Kan du sidde i lotusstilling?	5482794	Ты можешь сесть в позу лотоса?
4548401	Vincent van Gogh solgte kun ét maleri i sin levetid.	5482799	Винсент ван Гог при жизни продал только одну картину.
2700730	Glem ikke at jeg er en anstændig kvinde!	5482816	Не забывай, что я приличная женщина!
606576	Jeg kan ikke udtale dit efternavn.	5482827	Я не могу произнести твою фамилию.
2281999	Hvilken søgemaskine bruger du?	5482871	Каким поисковиком ты пользуешься?
3878446	Hvordan kan du sige at vore soldater døde forgæves?	5482877	Как ты можешь говорить, что наши солдаты погибли напрасно?
1845402	Har du købt kattemad?	5482880	Ты купила кошачий корм?
4478557	Hvorfor sagde du det ikke med det samme?	5482906	Почему ты сразу не сказал?
1251034	Jeg bliver ofte forkølet om vinteren.	5482909	Я часто простужаюсь зимой.
3704058	Er der vand der?	5482910	Там есть вода?
3972689	Gør din hund ad hende?	5482929	Твоя собака на неё лает?
3972691	Gør jeres hund ad hende?	5482930	Ваша собака на неё лает?
3231629	Jeg har lært 2000 engelske ord udenad.	5482964	Я выучил наизусть две тысячи английских слов.
3669525	Dine gæster venter allerede.	5482972	Твои гости уже ждут.
3541825	Dine gæster venter.	5482974	Твои гости ждут.
3250247	Jeg sagde godnat til ham.	5482983	Я пожелал ему спокойной ночи.
5342204	Mit sværd er mit liv.	5488015	Мой меч — моя жизнь.
5492910	Hvem har stjålet min hårtørrer?	5492919	Кто украл мой фен?
5444992	Du vil brænde i helvede.	5492928	Ты будешь гореть в аду.
5493155	Der var tre kaffekopper på bordet.	5493480	На столе стояли три кофейные чашки.
5439754	Undskyld, at jeg forstyrrer så sent!	5493496	Прости, что так поздно тебя беспокою.
5465864	Vinduet står åbent. Vil du være så venlig at lukke det?	5493498	Окно открыто. Не мог бы ты закрыть его?
5476211	Tom solgte tre køleskabe i dag.	5493502	Том сегодня продал три холодильника.
5463450	Om morgenen ledsager Mary børnene til børnehaven.	5493528	По утрам Мэри отводит детей в садик.
5463450	Om morgenen ledsager Mary børnene til børnehaven.	5493532	По утрам Мэри отводит детей в детский сад.
5463061	I dag spillede Tom meget bedre.	5493536	Сегодня Том играл намного лучше.
5428875	Den fyr dér er enten Tom eller én som ligner ham meget.	5493544	Вон тот парень — это либо Том, либо кто-то очень на него похожий.
5427615	En fugl sked på min mosters bil.	5493546	На машину моей тёти накакала птичка.
5418569	Tom ventede i tredive minutter. Mary ventede endnu længere.	5493556	Том ждал тридцать минут. Мэри ждала ещё дольше.
5418567	Min hund har lopper.	5493557	У моей собаки блохи.
5418549	Tom er den eneste person, jeg kender, der drikker importerede øl.	5493563	Том — единственный из всех, кого я знаю, кто пьёт импортное пиво.
5414298	Guinea-Bissau er et multietnisk land.	5493575	Гвинея-Бисау — многонациональная страна.
5410689	Katten sidder på stolen og kigger på kødet der ligger på køkkenbordet.	5493585	Кошка сидит на стуле и смотрит на мясо, лежащее на кухонном столе.
5408583	Vil du have fisk?	5493591	Хочешь рыбу?
5402287	Han puttede mælk i sin kaffe.	5493624	Он налил себе в кофе молока.
2476382	Russerne ved alt om bjørne.	5493716	Русские знают о медведях всё.
5503775	Der er ikke længere blade på det træ.	5503827	На том дереве больше нет листьев.
5493960	Jeg drikker ikke kaffe mere.	5506036	Я больше не пью кофе.
4380526	Toms værelse er stadig tomt.	5508740	В комнате Тома всё ещё пусто.
4712234	Han havde netop underskrevet en ny kontrakt.	5508742	Он только что подписал новый контракт.
5193285	Tycho Brahe blev født i 1546 i Danmark.	5508756	Тихо Браге родился в 1546 году в Дании.
586289	Jeg kan ikke hjælpe dig.	5511194	Я не могу тебе помочь.
5408649	Jeg har drukket kaffen.	5511214	Я выпила кофе.
4446283	Du kan ikke lide ham, vel?	5511216	Он тебе не нравится, да?
4461484	Han har fundet et godt job for nylig.	5511220	Недавно он нашёл хорошую работу.
3695039	Tag jeres sko på.	5511223	Обуйтесь.
3268861	Der er ingen sukker i min te.	5511224	В моём чае нет сахара.
2700900	Man bliver ikke mester på én dag.	5511229	Нельзя стать мастером за один день.
2700900	Man bliver ikke mester på én dag.	5511231	За один день мастером не станешь.
3563578	Denne medicin virkede.	5511232	Это лекарство подействовало.
4317881	Har du det dårligt?	5511233	Тебе плохо?
3138045	Jeg kan ikke lide at de kalder mig "brilleabe".	5511250	Мне не нравится, что они называют меня очкариком.
1981171	Hun var forelsket i ham.	5523738	Она была в него влюблена.
4409580	Jeg er forelsket i det her land.	5523741	Я влюблён в эту страну.
3597774	Alle tre var forelsket i den samme pige.	5523742	Все трое были влюблены в одну и ту же девушку.
1097229	Jeg bor med et pindsvin.	5523751	Я живу с ежом.
3310444	Toms egern nyder at lytte til rockmusik.	5523755	Белка Тома любит слушать рок.
3501459	Lad os ikke gøre en myg til en elefant.	5523758	Давайте не будем делать из мухи слона.
5521429	Tom er den ældste elev i vores klasse.	5550545	Том — самый старший ученик в нашем классе.
2629489	Tom sagde at han havde spist.	5560967	Том сказал, что поел.
2629489	Tom sagde at han havde spist.	5560969	Том сказал, что он поел.
4209282	Jeg følte mig forrådt.	5560984	Я чувствовала себя преданной.
3301188	Det er jeg ked af, men jeg vidste ikke at det var en hemmelighed.	5561014	Мне жаль, но я не знал, что это секрет.
3695012	Disse bukser er beskidte.	5561029	Эти штаны грязные.
3404482	Der er fem fisk i mit akvarium.	5561046	В моём аквариуме пять рыбок.
1082419	Ikke mere, tak. Jeg er mæt.	5561057	Спасибо, больше не надо. Я сыт.
1082419	Ikke mere, tak. Jeg er mæt.	5561058	Спасибо, больше не надо. Я наелась.
561491	Filmen er ikke så interessant som originalen.	5561062	Фильм не такой интересный, как оригинал.
1447793	Jeg kan ikke lide kold kaffe.	5561079	Я не люблю холодный кофе.
2610191	Jeg gør som du siger.	5561088	Я сделаю, как ты скажешь.
1447789	Hun har smukke blå øjne.	5561093	У неё красивые голубые глаза.
615872	Jeg har næsten ikke en krone tilbage.	5561103	У меня почти ни кроны не осталось.
4239539	Denne berømte skuespillerinde var også et modeikon.	5561118	Эта знаменитая актриса также была иконой моды.
1914333	I dag elsker jeg dig mere end i går, men mindre end i morgen.	5561127	Сегодня я люблю тебя больше, чем вчера, но меньше, чем завтра.
4086882	Vil du hjælpe mig med at oversætte dette?	5561132	Ты поможешь мне это перевести?
3376179	Katten mjaver på loftet.	5561862	Кошка мяукает на чердаке.
3554526	Nogen ringede på dørklokken.	5561869	Кто-то позвонил в дверь.
2015764	Den stakkels kat blev kørt over af en lastbil.	5561883	Бедную кошку задавило грузовиком.
3384043	Jeg ønsker at lære standardengelsk.	5561889	Я хочу выучить стандартный английский.
3980354	Jeg har lært at malke køer.	5561902	Я научился доить коров.
2512670	Hvor har du købt billetten?	5561921	Где ты купил билет?
693602	Hvilket kontinent er det mest befolkede?	5561927	Какой континент самый населённый?
746495	Alle blomster er af papir.	5563159	Все цветы из бумаги.
3704177	Syng mig en sang om kærlighed.	5563160	Спой мне песню о любви.
3660092	Hvornår så du ham sidst?	5563165	Когда ты видела его в последний раз?
4182961	Man siger han svømmede i penge.	5563171	Говорят, он купается в деньгах.
688874	Det er vores pligt at hjælpe dem.	5563179	Помочь им — наш долг.
4182961	Man siger han svømmede i penge.	5563739	Говорят, он купался в деньгах.
3250295	Dette land er mit hjem.	5563999	Эта страна — мой дом.
1807455	Jeg kan lide din accent.	5564000	Мне нравится твой акцент.
4255990	Jeg snakker dansk.	5564001	Я говорю по-датски.
3234690	Jeg har besluttet at købe en ny paraply.	5564013	Я решила купить новый зонтик.
2311340	At lære et fremmedsprog kræver stor tålmodighed.	5564024	Изучение иностранного языка требует большого терпения.
5247125	Jeg spiser din banan.	5564036	Я ем твой банан.
5040821	Kuglen gik igennem væggen.	5564209	Пуля прошла сквозь стену.
685280	Jeg har ikke en øre på lommen.	5564217	У меня в кармане ни гроша.
1946075	Jeg kan ikke oversætte denne sætning. Den er for lang.	5564228	Я не могу перевести это предложение. Оно слишком длинное.
3325694	Er du skoleelev?	5564261	Ты школьник?
790487	Arabien er rig på olie.	5564281	Аравия богата нефтью.
4380518	Toms pengepung er næsten tom.	5564287	Кошелёк Тома почти пуст.
5365268	Hvad ville dine venner tænke hvis de så dig nu?	5564289	Что бы подумали твои друзья, если бы они сейчас тебя увидели?
4086939	Jeg vil gerne have dig til at oversætte denne rapport til fransk.	5564292	Мне бы хотелось, чтобы ты перевела этот доклад на французский.
1484298	Da det blev varmere, tog jeg min sweater af.	5564311	Когда потеплело, я снял свитер.
2485160	Han gik med hænderne i lommen.	5564342	Он шёл, держа руки в карманах.
1790454	Hører du hvor hurtigt han taler?	5564354	Ты слышишь, как он быстро говорит?
1790454	Hører du hvor hurtigt han taler?	5564355	Слышишь, как быстро он говорит?
3194097	På grund af regnen er jeg blevet hjemme.	5569544	Из-за дождя я осталась дома.
1877410	Jeg lover at jeg aldrig vil gøre det igen.	5569558	Я обещаю, что никогда больше так не сделаю.
1877410	Jeg lover at jeg aldrig vil gøre det igen.	5569560	Обещаю, что никогда больше этого не сделаю.
1877410	Jeg lover at jeg aldrig vil gøre det igen.	5569563	Я обещаю, что никогда больше не буду так делать.
658422	Som julegave købte han hende bogen "Alice i Eventyrland".	5569568	На Рождество он купил ей в подарок книгу «Алиса в Стране чудес».
1884727	Tom lukkede sin mappe og rakte den til Mary.	5569574	Том закрыл свой портфель и протянул его Мэри.
4461502	Er det en forbrydelse at brænde det amerikanske flag af i USA?	5569607	Является ли сжигание американского флага в США преступлением?
5202461	Teen drikker jeg usødet.	5569621	Чай я пью без сахара.
5360584	Tom slukkede ildebranden.	5569668	Том потушил пожар.
3472474	Min hund kan forstå esperanto men kan ikke tale det.	5569671	Моя собака понимает эсперанто, но не умеет на нём говорить.
1783237	Hvad er det smukkeste sprog i verden?	5569682	Какой самый красивый в мире язык?
4131694	Hvor mange katte har I?	5569685	Сколько у вас кошек?
594350	Må jeg låne din paraply?	5569690	Можно мне позаимствовать твой зонтик?
630604	Lykkelige er de der har en kort hukommelse.	5578883	Счастливы те, у кого память коротка.
2263222	Min første computer havde kun 128 kilobyte hukommelse.	5578887	У моего первого компьютера была память всего в 128 килобайт.
5588733	De spiller fodbold.	5588799	Они играют в футбол.
5588727	Tom er bange for katte.	5588803	Том боится кошек.
5588726	Spørg Tom hvad han har gjort.	5588805	Спроси у Тома, что он сделал.
5588729	Jeg tager tit til stranden.	5588811	Я часто хожу на пляж.
5588768	Jeg er i kontakt med Tom.	5588815	Я на связи с Томом.
5588738	Jeg synes det er meget godt.	5588817	Думаю, это очень хорошо.
5588738	Jeg synes det er meget godt.	5588818	По-моему, это очень хорошо.
5579981	Jeg bliver hjulpet.	5588820	Мне помогают.
1940368	Ethvert menneske er en synder.	5618863	Каждый человек — грешник.
584508	Den sorthvide bjørn, som lever i Kinas og Tibets bjerge, kaldes en "panda".	5621770	Чёрно-белый медведь, который живёт в горах Китая и Тибета, называется пандой.
3672573	Jeg tror på hendes historie.	5624082	Я верю в её историю.
3672585	Jeg tror på at kærlighed eksisterer.	5624083	Я верю, что любовь существует.
3160047	Jeg tror på venskab ved første blik.	5624084	Я верю в дружбу с первого взгляда.
5005642	Alle tror på noget forskelligt, men der er kun én sandhed.	5624085	Все верят во что-то разное, но истина есть лишь одна.
1714691	Må jeg låne din computer?	5624684	Можно мне одолжить твой компьютер?
5262985	Legenden siger at hun var en havfrue.	5624689	Легенда гласит, что она была русалкой.
2457614	Undgå slang hvis det er muligt.	5626451	По возможности избегайте сленга.
4593889	Tom er ved at komme til sig selv.	5631590	Том приходит в себя.
2120639	Jeg er ansvarlig for hans opførsel.	5644752	Я в ответе за его поведение.
5157663	Tyrkiet forsøger at styrke båndene til Europa.	5656168	Турция пытается укрепить связи с Европой.
5661304	Alle ville have et stykke kage.	5661319	Все хотели по кусочку пирога.
734506	Til min overraskelse blev antropologen anklaget for mord.	5669428	К моему удивлению, антрополога обвинили в убийстве.
574604	Fugle sang i træerne.	5678149	На деревьях пели птицы.
4440935	Skulle det regne, går vi ikke derhen.	5678312	Если будет дождь, мы туда не пойдём.
697098	I sneen var den hvide kanin usynlig.	5678341	В снегу белый кролик был невидим.
4203786	Jeg havde en kanin og en hund.	5678343	У меня были кролик и собака.
670036	Disse blommer er modne.	5681297	Эти сливы спелые.
1940222	Denne pære er bedre end din.	5681310	Эта груша лучше твоей.
1913937	Jeg bor ved havet.	5681325	Я живу у моря.
5273000	Nogle foretrækker havet, andre bjergene.	5681333	Одним больше нравится море, другим — горы.
574622	Havet er for fiskene, hvad himlen er for fuglene.	5681337	Море для рыб, что небо для птиц.
2225402	Spis din suppe!	5681492	Ешь свой суп!
3882532	Spis din suppe mens den er varm.	5681510	Ешь свой суп, пока не остыл.
5642650	Han bor hos sin onkel.	5683636	Он живёт у своего дяди.
5643247	Da hun så ham, kunne prinsessen ikke lade være med at le.	5683724	Увидев его, принцесса не смогла удержаться от смеха.
3697976	Mary elsker nødder.	5685445	Мэри любит орехи.
3527877	Barnet skjulte sig bag et stort træ.	5687223	Ребёнок спрятался за большим деревом.
3366219	Dagpåfugleøje (Inachis io) er en smuk og let genkendelig sommerfugl.	5687243	Павлиний глаз (Inachis io) — красивая и легко узнаваемая бабочка.
607039	Hvornår begynder den næste forestilling?	5688905	Когда начинается следующее представление?
3234640	Han forsøger at fremstille sig som en fredsstifter.	5689897	Он пытается выставить себя борцом за мир.
2508867	Din franske accent er forfærdelig.	5689898	Твой французский акцент ужасен.
4995313	Jeg har en forfærdelig hovedpine. Jeg har lige taget to smertestillende tabletter. Lad os håbe at den går væk.	5689900	У меня ужасно болит голова. Я только что приняла две таблетки болеутоляющего. Будем надеяться, что боль пройдёт.
4898362	Jeg ved ikke hvornår, men det vil ske en dag.	5689990	Я не знаю когда, но однажды это случится.
1728945	Skolen ligger på en bakke.	5690056	Школа стоит на холме.
1810011	Kan du leve af din løn?	5690112	Ты можешь прожить на зарплату?
3332074	Silke er blød og glat.	5691566	Шёлк мягкий и гладкий.
476079	Hvilken frugt er grøn?	5691594	Какой фрукт зелёный?
1765317	Udenfor er det hundekoldt.	5691600	На улице холод собачий.
5278420	Den eneste fisk Tom kan lide at spise, er laks.	5691601	Единственная рыба, которую Том любит, — это лосось.
3956959	Børn har sommetider indbildte venner.	5691606	Иногда у детей бывают воображаемые друзья.
5200192	Min mor var norsk, og min far var dansk. Først da jeg var fem år, fandt jeg ud af at de talte to forskellige sprog.	5691631	Моя мать была норвежкой, а отец — датчанином. Только когда мне было пять лет я понял, что они говорят на двух разных языках.
2144893	Er der vandfald i dit land?	5691649	У вас в стране есть водопады?
2471389	Må jeg se din samling af gamle bøger?	5691658	Можно мне посмотреть твою коллекцию старинных книг?
2354877	Pelikanen har en stor pose under næbbet.	5691889	У пеликана под клювом большой мешок.
594208	Han er altid enig med hende.	5695882	Он всегда с ней соглашается.
5683857	Måske er det endnu ikke for sent.	5696092	Может, ещё не слишком поздно.
5683839	Det er ikke forbudt.	5696094	Это не запрещено.
2394081	Han malede døren blå.	5696387	Он покрасил дверь в синий.
767825	Det siges at i England er græsset grønt selv om vinteren.	5697023	Говорят, что в Англии трава зелёная даже зимой.
3500448	De grønne blade bliver om efteråret røde eller gule.	5697044	Зелёные листья осенью становятся красными или жёлтыми.
3500448	De grønne blade bliver om efteråret røde eller gule.	5697047	Зелёные листья осенью краснеют или желтеют.
3800716	I Grønland er det koldere end i Tyskland.	5697061	В Гренландии холоднее, чем в Германии.
3371597	Tom sov som en sten.	5697069	Том спал как убитый.
3501176	Tom lover skotterne guld og grønne skove.	5697077	Том обещает шотландцам золотые горы.
497935	I skoven mødte hun to fremmede.	5697111	В лесу она встретила двух незнакомцев.
5336336	Tom boede i en mosbegroet hytte inde midt i skoven.	5697117	Том жил в заросшей мхом хижине посреди леса.
4455072	Kan du ved første blik skelne byg fra hvede?	5697228	Ты можешь с первого взгляда отличить ячмень от пшеницы?
5698667	Danmark vandt over Sverige.	5699441	Дания победила Швецию.
5698667	Danmark vandt over Sverige.	5699443	Дания одержала победу над Швецией.
5176775	Han blev drevet af hævn.	5699475	Им двигало чувство мести.
1739531	Løvet ændrer farve om efteråret.	5699882	Осенью листва меняет окраску.
2716102	Paris er smukkest om efteråret.	5699884	Париж красивее всего осенью.
1981198	Nogle domkirker var førhen moskeer.	5700616	Некоторые соборы когда-то были мечетями.
2684314	Politi og soldater har stormet en moske i Cairo.	5700621	Полиция и солдаты взяли штурмом мечеть в Каире.
3125470	Jeg melder, at der er ikke noget at melde.	5702619	Докладываю, что докладывать не о чем.
4364200	Der lå glasskår overalt.	5702623	Повсюду лежали осколки стекла.
1959967	Hvorfor lærer du fransk?	5702626	Зачем ты учишь французский?
2141652	Tom drømmer om en kvinde med smukke øjne og et forførende smil.	5702859	Том мечтает о женщине с красивыми глазами и соблазнительной улыбкой.
2716410	Nyheden foruroligede hende meget.	5703751	Новость её очень встревожила.
5382829	"Tom ønsker at nogen lukker vinduet." "Hvorfor gør han det ikke selv, den dovne hund?"	5708995	«Том хочет, чтобы кто-нибудь закрыл окно». – «А почему он, лентяй, сам этого не сделает?»
4825948	Udenrigspolitikken er et spind af løgne.	5709029	Внешняя политика — это паутина лжи.
1904530	Han kører stadigvæk rundt i sin gamle spand.	5709052	Он до сих пор ездит на своём старом корыте.
2476281	I går blev jeg fanget af en skylle på vej hjem.	5709071	Вчера по дороге домой я попала под ливень.
672014	Uheldigvis regnede det.	5709081	К несчастью, шёл дождь.
5709749	Spøgelset gik gennem muren.	5711456	Привидение прошло сквозь стену.
5707345	Jeg ønsker jer en glædelig jul.	5711484	Желаю вам счастливого Рождества.
694856	Hjernen er blot en kompliceret maskine.	5716154	Мозг — это всего лишь сложная машина.
5405239	Jeg har hørt nogen skrige.	5716270	Я услышала, как кто-то кричит.
5718139	Det er ikke Toms skyld.	5720758	Том здесь не виноват.
612389	Jeg traf en gammel ven på gaden.	5727236	Я встретила на улице старого друга.
5186820	Tak for at du bemærker mine fejl og korrigerer dem.	5727341	Спасибо, что замечаешь мои ошибки и исправляешь их.
4268168	Har du nogensinde overvejet at skrive en bog?	5727343	Ты когда-нибудь подумывала о том, чтобы написать книгу?
3830691	Du må ikke komme for sent denne gang.	5727363	В этот раз тебе нельзя опаздывать.
3798766	Hun farvede sit hår rødt.	5727378	Она покрасилась в рыжий.
3794297	Hvor gamle var dine børn, da du flyttede til Boston?	5727391	Сколько лет было твоим детям, когда ты переехала в Бостон?
3794236	Jeg skal klippes på onsdag.	5727396	Я постригусь в среду.
4446928	Temperaturen er over tredive grader i skyggen.	5741502	Температура — свыше тридцати градусов в тени.
5744994	Puds!	5748943	Фас!
626644	Børst dine tænder hver dag.	5753169	Чисти зубы каждый день.
5751306	Hver dag har fjorten hundrede og fyrre minutter.	5757335	День состоит из тысячи четырёхсот сорока минут.
3775414	Må jeg barbere dine bakkenbarter af?	5760198	Можно я сбрею твои бакенбарды?
658477	Hellere brød uden smør end tærte uden frihed.	5760216	Лучше хлеб без масла, чем пирог без свободы.
5763192	Tom går ikke længere ud med Mary.	5763195	Том больше не встречается с Мэри.
5759030	Kvinden som sidder der, er hans nuværende kone.	5763203	Женщина, которая там сидит, — его нынешняя жена.
5759314	Jeg gik i kirke om søndagen.	5763205	Я ходил в церковь по воскресеньям.
658688	Denne bog fås kun i én butik.	5768114	Эту книгу можно приобрести только в одном магазине.
5393177	Mary stemmer ikke.	5768115	Мэри не голосует.
5770837	Europa er en af Jupiters måner.	5772604	Европа — один из спутников Юпитера.
5788317	Tom har skrevet en bog om fugle.	5788326	Том написал книгу о птицах.
5872181	Jeg har skrællet æblet.	5883555	Я почистил яблоко.
5874287	Jeg er halvt så gammel som dig.	5883559	Я вдвое моложе тебя.
5874310	Jeg spurgte ham hvorfor han så så trist ud.	5883564	Я спросила его, почему он так грустно выглядел.
5874310	Jeg spurgte ham hvorfor han så så trist ud.	5883565	Я спросил его, почему он так грустно выглядел.
5903507	Kan du forstå spansk?	5914765	Ты понимаешь по-испански?
5898978	Forstod du det?	5914766	Ты это понял?
5914778	Hvem skal du spise middag med?	5914779	С кем ты будешь обедать?
5928603	Jeg forlader ikke huset når det er dårligt vejr.	5928604	В плохую погоду я не выхожу из дома.
5943617	Gud skabte mennesket.	5953652	Бог сотворил человека.
5962633	Tom er Marys tredje ægtemand.	5962715	Том — третий муж Мэри.
5708950	Hvor er din søn nu?	5962723	Где сейчас твой сын?
5708949	Hvor er din datter nu?	5962725	Где сейчас твоя дочь?
5962578	Jeg ønsker at være Forbundsrepublikken Tysklands næste kansler.	5962730	Я хочу стать следующим канцлером Федеративной Республики Германия.
5954903	Min tante har været død i to år.	5962740	Моя тётя умерла два года назад.
5947713	Der er ingen lette løsninger.	5962743	Простых решений нет.
5976106	Jeg har altid ret.	5976136	Я всегда права.
5976101	Jeg er meget ligesom dig.	5976140	Я очень похожа на тебя.
5976095	Du smiler aldrig.	5976141	Ты никогда не улыбаешься.
5976087	Jeg er altid her.	5976142	Я всегда здесь.
5976084	Jeg tager min paryk på.	5976144	Я надеваю парик.
5967970	Jeg kan fortælle dig, hvad jeg ved.	5976270	Я могу рассказать тебе то, что знаю.
5985696	I dag så vi mange gule sommerfugle.	5986142	Сегодня мы видели много жёлтых бабочек.
5986269	Jeg kan ikke vide alt.	5986664	Я не могу знать всё.
5986263	Jeg hjælper dem.	5986665	Я им помогаю.
5986230	I nat havde Tom og jeg den samme drøm.	5986666	Этой ночью мне и Тому приснился один и тот же сон.
5986026	Vi skal lære at behandle hinanden med respekt.	5986667	Мы должны научиться относиться друг к другу с уважением.
5986025	Jeg kan lide laks.	5986668	Я люблю лосось.
5985981	Hvad med i aften?	5986669	Как насчёт сегодня вечером?
5988427	Jeg har ikke set dig her før.	5988776	Я раньше тебя тут не видела.
5987499	Der er en hund under bordet.	5988783	Под столом собака.
5999923	Tom har aldrig set sin morfar.	5999925	Том никогда не видел своего дедушку.
6001519	Jeg er ikke født her, men her har jeg tilbragt hele min ungdom.	6001523	Я родился не здесь, но здесь провёл всю свою молодость.
6011506	Er det fisk?	6011527	Это рыба?
6024961	Hvor ofte vasker du op?	6025077	Как часто ты моешь посуду?
6039400	Du drikker for meget!	6039404	Ты слишком много пьёшь!
1937535	Klassen består af femogtredive elever.	6040847	Класс состоит из тридцати пяти учеников.
3598201	Hvad var din første mobiltelefon?	6044966	Какой у тебя был первый мобильный телефон?
3991113	Jeg har ikke så mange penge som ham.	6044968	У меня не так много денег, как у него.
4045315	Nogle passagerer klagede over servicen.	6044972	Некоторые пассажиры жаловались на сервис.
6078625	I soveværelset taler Tom og Mary kun fransk.	6078626	В спальне Том и Мэри говорят только по-французски.
6120102	Hvad har inspireret dig til at skrive denne sang?	6120107	Что вдохновило тебя на написание этой песни?
6140477	Kan man komme derhen med metro?	6140480	Туда можно доехать на метро?
6152420	Jeg kender ingen af jer.	6158706	Я никого из вас не знаю.
6151910	Tom gav mig et råd.	6158709	Том дал мне совет.
6146192	Tom masserer Marys fødder hver aften.	6158714	Том каждый вечер делает Мэри массаж ног.
6150222	Layla ventede i mørket.	6158716	Лейла ждала в темноте.
6152435	Kysser du mig?	6158717	Ты меня поцелуешь?
6157770	Jeg arbejder som engelsklærer.	6158839	Я работаю учителем английского.
6154520	Hvem lærte dig at spille guitar?	6158840	Кто научил тебя играть на гитаре?
6159756	Jeg er mutters alene.	6160473	Я один-одинёшенек.
6163957	Selvom Tom er lingvist, taler han ingen fremmedsprog.	6163958	Хотя Том и лингвист, он не говорит ни на одном иностранном языке.
6213080	Hun er østriger.	6215422	Она австрийка.
6213081	Hun er fra Østrig.	6215423	Она из Австрии.
6213654	Hun er ikke klar til at tage ansvar.	6215424	Она не готова брать на себя ответственность.
6210028	Jeg savnede hende meget.	6215425	Я очень по ней скучал.
6210025	Jeg savnede ham meget.	6215426	Я очень по нему скучал.
6210025	Jeg savnede ham meget.	6215427	Я очень по нему скучала.
6210028	Jeg savnede hende meget.	6215428	Я очень по ней скучала.
6210008	Tom gik i katolsk skole.	6215429	Том ходил в католическую школу.
6202872	På husets tag sidder der smukke, hvide duer.	6215431	На крыше дома сидят красивые белые голуби.
6199607	Sami satte ild til sit hus.	6215432	Сами поджёг свой дом.
6294327	I dag er en ny dag!	6295210	Сегодня новый день!
6294302	Du drikker altid alene.	6295214	Ты всегда пьёшь одна.
6307511	Husker du Tom?	6307667	Ты помнишь Тома?
6296595	Jeg elsker astronomi.	6307669	Я люблю астрономию.
6306025	Blåbær indeholder mange antioxidanter.	6307706	Черника содержит много антиоксидантов.
6327007	Jeg er så træt af dig.	6332933	Я так устал от тебя.
5193647	Hvor er den danske ambassade?	6334248	Где датское посольство?
5193645	Hvor ligger den danske ambassade?	6334255	Где находится датское посольство?
6383931	Alle ønsker at træffe dig. Du er berømt!	6387339	Все хотят встретиться с тобой. Ты знаменит!
6365344	Denne motor har 6 cylindere.	6387340	Этот двигатель имеет шесть цилиндров.
6793758	Jeg har ikke polsk statsborgerskab.	6793766	У меня нет польского гражданства.
6834148	Hvad ville du gøre hvis du vandt ti millioner euro i lotteriet?	6834165	Что бы ты сделал, если бы выиграл в лотерею десять миллионов евро?
6846607	Jeg har altid gerne villet besøge Tyrkiet.	6846614	Я всегда хотел побывать в Турции.
6925457	Jeg kommer igen en anden gang.	6925461	Я вернусь в другой раз.
6929206	Vi har ikke mere sæbe.	6929213	У нас мыло закончилось.
6955423	Tom tager med os til Boston.	6960222	Том едет с нами в Бостон.
6955389	Jeg så kun ét æble.	6960225	Я видел только одно яблоко.
6971241	Tom brændte alle sine billeder af sin eks.	6971245	Том сжёг все фотографии своей бывшей.
6974383	Hvad er dit fornavn?	6974393	Как твоё имя?
7319273	Jeg kan ikke udstå gulerødder.	7319369	Я терпеть не могу морковку.
7419528	Mary sagde at det var tre måneder siden hun sidst så Tom.	7419687	Мэри сказала, что прошло три месяца с тех пор, как она в последний раз видела Тома.
7450039	Tom græder hver nat.	7450109	Том плачет каждую ночь.
1683103	Min far er ikke lærer, men læge.	7717209	Мой отец не учитель, а врач.
2476481	Situationen er værre end vi troede.	7717232	Ситуация хуже, чем мы думали.
6884969	Selv Tom smilede.	7717238	Даже Том улыбался.
8188683	Goethe var en stor digter.	8188690	Гёте был великим поэтом.
4803000	Jeg synes at din nederdel er for kort.	8329171	По-моему, твоя юбка слишком короткая.
8346744	"Jeg kan godt lide Tom." "Det kan jeg ikke."	8366457	«Мне нравится Том». — «А мне нет».
8374539	I er i gode hænder.	8374545	Вы в хороших руках.
8348265	I morgen tager vi i zoo.	8374550	Завтра мы идём в зоопарк.
8346742	Alle hunde har fire ben.	8374553	У всех собак четыре лапы.
8815832	Det er min onkels bil.	8815964	Это машина моего дяди.
8913675	Tom havde ikke en paraply, så jeg lånte ham min.	8913684	У Тома не было зонтика, так что я одолжил ему свой.
674953	Jeg kiggede mig over skulderen.	9976524	Я посмотрел через плечо.
10008901	Hunden er menneskets nærmeste ven.	10008906	Собака - самый близкий друг человека.
10008900	Hunde er menneskets nærmeste venner.	10008908	Собаки - самые близкие друзья человека.
10634286	Ester blev født i en kibbutz.	10634305	Эстер родилась в кибуце.
10763183	Det er på tide at lære dansk.	10763184	Пора учить датский язык.
10763183	Det er på tide at lære dansk.	10763185	Пора учить датский.
1807477	Deres computer behager mig.	11240520	Мне нравится их компьютер.
7200786	Tom gør alt.	11721395	Том делает всё.
10699282	Mjav!	11734488	Мяу!
6573371	Mary er grim som arvesynden.	11734538	Мэри страшна как смертный грех.
4842278	Om sommeren blomstrer den gule raps.	11734555	Летом цветёт жёлтый рапс.
10755084	Lad os tage til Boston næste sommer.	11734559	Давай следующим летом поедем в Бостон.
4839859	Vintersolhverv nærmer sig.	11735063	Приближается зимнее солнцестояние.
10571028	Vinteren er lang.	11736792	Зима длинная.
10571028	Vinteren er lang.	11736793	Зима долгая.
9706067	I år er vinteren kold.	11736795	В этом году зима холодная.
11736961	Jeg har forsøgt at tale til ham på italiensk.	11736967	Я попытался поговорить с ним по-итальянски.
8361679	Her er min lejlighed.	11741960	Вот моя квартира.
11697716	Ferskvandsfisk drikker ikke vand.	11742434	Пресноводные рыбы не пьют воду.
11684094	Jeg ved at du ikke har sovet endnu.	11742437	Я знаю, что ты ещё не спал.
11683705	Er hyæner rovdyr?	11742440	Гиены — хищники?
11746751	Hvad var det egentlig der skete her?	11747205	Что здесь произошло на самом деле?
11750186	Det glemte jeg at nævne.	11756576	Об этом я забыл упомянуть.
7133126	Den eneste løsning var krig.	11756616	Единственным решением была война.
688901	Hvordan kan jeg løse det problem?	11756656	Как я могу решить эту проблему?
1848165	Problemet kan løses på forskellige måder.	11756666	Проблему можно разрешить различными способами.
10717043	Toms ven har en skrue løs.	11756677	У друга Тома не все дома.
7278619	Sandheden kender kun Tom.	11756737	Правду знает только Том.
7055733	Tom fortæller sandheden til magthavere.	11756781	Том говорит правду власть имущим.
8966482	Jeg skal fortælle dig sandheden.	11756799	Я расскажу тебе правду.
10201564	Tror du, Tom fortalte sandheden?	11756804	Думаешь, Том сказал правду?
7308646	Han vidste at hun sagde sandheden.	11756843	Он знал, что она сказала правду.
10201571	Jeg er sikker på at Tom fortalte sandheden.	11756927	Я уверен, что Том сказал правду.
2234896	Der er ikke det mindste gran af sandhed i det.	11756939	В этом нет ни малейшей крупицы правды.
3137670	Han er ikke længere i stand til at skelne mellem løgn og sandhed.	11756952	Он уже не в состоянии отличить ложь от правды.
9733181	Folk vil tro mere på en simpel løgn end på en kompliceret sandhed.	11756957	Люди более склонны верить в простую ложь, чем в сложную правду.
5007176	Han røg hele tiden.	11756993	Он постоянно курил.
10553736	Har du røget i spisekammeret igen?	11757016	Опять ты курил в кладовке?
11410119	Hendes stemmer er hæs, fordi hun har røget hele sit liv.	11757036	У неё хриплый голос, потому что она всю жизнь курит.
6150443	Tom sad i køkkenet, røg den ene cigaret efter den anden og ventede på at telefonen skulle ringe.	11757045	Том сидел на кухне, курил одну сигарету за другой и ждал, когда зазвонит телефон.
7793362	Tom ryger, men han drikker ikke.	11757064	Том курит, но не пьёт.
8585703	Hvad er der i jeres rygsæk?	11757071	Что у вас в рюкзаке?
6999206	Topuklede kameler har to pukler på ryggen.	11757162	У двугорбых верблюдов на спине два горба.
6977871	Toms venner er gået udenfor for at ryge.	11757212	Друзья Тома вышли покурить.
3593807	Tom prøvede at overtale Mary til at holde op med at ryge.	11757289	Том попытался уговорить Мэри бросить курить.
3581102	Sommerferien begynder snart.	11757309	Скоро начинаются летние каникулы.
6910481	Jeg har haft en god sommerferie.	11757340	Я хорошо провёл летние каникулы.
4209645	Der flyver mange sommerfugle rundt om planten.	11757341	Вокруг растения летает множество бабочек.
7866649	Algeriet ligger ikke i Mellemøsten.	11758619	Алжир находится не на Ближнем Востоке.
6940583	Tom sad mellem Mary og hendes mand.	11758621	Том сидел между Мэри и её мужем.
7173882	Tom arrangerer boksekampe mellem kænguruer i Australien.	11758623	Том устраивает боксёрские матчи среди кенгуру в Австралии.
3533177	Tyfoner opstår som oftest mellem maj og oktober.	11758626	Тайфуны обычно возникают между маем и октябрём.
8499449	Hvor længe varede Hundredårskrigen mellem England og Frankrig?	11758627	Сколько лет длилась Столетняя война между Англией и Францией?
10659658	USA er et land mellem Mexico og Canada.	11758630	США — это страна между Мексикой и Канадой.
4272206	Er det så svært at vælge mellem himmel og helvede?	11758643	Разве так сложно выбрать между раем и адом?
5773221	Tom ved ikke hvad forskellen mellem en stjerne og en planet er.	11758651	Том не знает, в чём разница между звездой и планетой.
480185	Manden, der var ved at drukne, råbte efter hjælp, men forgæves.	11759138	Тонущий мужчина звал на помощь, но тщетно.
8251193	Tæl til fyrre på berbisk.	11759148	Сосчитай до сорока на берберском.
8188456	Der er fyrretræer i denne skov.	11759149	В этом лесу есть сосны.
3331756	Selv om Tom er i fyrrerne, bor han stadig hos sine forældre.	11759150	Хотя Тому за сорок, он всё ещё живёт у родителей.
8736738	Granen brænder.	11759154	Ель горит.
11410115	Sangeren havde en hæs stemme.	11759264	У певца был хриплый голос.
6325227	Tom sov til daggry.	11759284	Том спал до рассвета.
11760894	Er det sikkert at spise æg rå?	11760898	Безопасно ли есть яйца сырыми?
11750276	Du er bedre til skak, end jeg er.	11760902	Ты играешь в шахматы лучше меня.
3561005	Der er ingen andre muligheder.	11761204	Других возможностей нет.
3386644	Der er ikke nok te.	11761217	Чая не хватает.
675096	Dine blyanter trænger til at blive spidset.	11761354	Твои карандаши нужно поточить.
3943279	Det her er sædvanligvis unødvendigt.	11761876	Обычно в этом нет необходимости.
8081449	Vi går normalt i seng ved midnat.	11761925	Мы обычно ложимся спать в полночь.
7834319	Stil vækkeuret.	11761973	Поставь будильник.
8060946	Jeg har googlet efter opskrifter.	11762081	Я погуглил рецепты.
3566305	Det er et almindeligt navn.	11762083	Это обычное имя.
8417272	Tom arbejder som dressør.	11762116	Том работает дрессировщиком.
7079829	Tom bliver sjældent syg.	11762184	Том редко болеет.
3429601	Ingen trøstede ham når han var ked af det.	11762249	Никто не утешал его, когда ему было грустно.
9946128	Hunden slikker kattens ører.	11763002	Собака лижет кошке уши.
8115137	Jeg er ligeglad med hvem der begyndte.	11763029	Мне всё равно, кто первый начал.
4279058	Træneren førte sit hold til sejr.	11763072	Тренер привёл свою команду к победе.
10195861	Tom har fået en masse gaver.	11763078	Том получил кучу подарков.
11759042	Jeg tror at vi har malet os selv op i et hjørne.	11765204	Кажется, мы сами себя загнали в угол.
5336521	Hun går ind i skoven midt om natten, og nu foregiver hun at være bange for mørke.	11767399	Она посреди ночи заходит в лес, а сейчас притворяется, что боится темноты.
8207383	Du har hul i sokken.	11767424	У тебя в носке дырка.
11760892	Er det farligt at spise æg rå?	11767833	Опасно ли есть яйца сырыми?
7304077	Et af disse æg er ikke udklækket endnu.	11767835	Одно из этих яиц ещё не вылупилось.
10075677	Hun bor i Norge.	11770529	Она живёт в Норвегии.
3835456	Han var tilfreds med resultatet.	11770548	Он был доволен результатом.
6991716	Cyklisterne var trætte men tilfredse.	11770549	Велосипедисты были уставшие, но довольные.
465274	Han glemmer tit hvad han har lovet.	11770558	Он часто забывает то, что обещал.
465271	Han var tit oppe til sent om natten.	11770560	Он часто засиживался допоздна.
10247882	Ali er snu som en ræv.	11773010	Али хитрый как лиса.
10247882	Ali er snu som en ræv.	11773012	Али хитёр как лисица.
10527404	Han døde i forgårs.	11777670	Он умер позавчера.
8600827	Min fars oldefar var ældre end min mors tipoldefar.	11778882	Прадед моего отца был старше, чем прапрадед моей матери.
8123539	Mary giftede sig tidligt. Hun er nu 80 år gammel og har seks oldebørn.	11778892	Мэри рано вышла замуж. Сейчас ей 80 лет, и у неё шесть правнуков.
1810051	Min bedstefar kan lide at gå tidlig i seng og stå tidlig op.	11778901	Мой дедушка любит рано ложиться и рано вставать.
3601178	Han fortsatte med at gå i regnen uden at slå sin paraply op.	11778907	Он продолжал идти под дождём, не раскрывая зонтик.
3601178	Han fortsatte med at gå i regnen uden at slå sin paraply op.	11778909	Он так и шёл под дождём, не раскрыв зонт.
6695507	Tom er først i halvtredserne.	11778915	Тому слегка за пятьдесят.
660569	Drengen sad på en stol.	11781685	Мальчик сидел на стуле.
11783096	Algeriet var en del af osmannerriget.	11784348	Алжир был частью Османской империи.
11784306	Min mand har været mig utro.	11784353	Мне изменил муж.
11784306	Min mand har været mig utro.	11784354	Мой муж мне изменил.
11784036	Et prægtigt svanepar svømmede i søen.	11784357	По озеру плыла пара прекрасных лебедей.
11783070	Spækhuggeren dræbte tre mennesker, hvoraf to var dens trænere.	11784364	Косатка убила трёх человек, двое из которых были её дрессировщиками.
11780439	Jeg er ikke en hovedpude.	11784366	Я не подушка.
11778284	Må jeg komme forbi?	11784378	Можно я к тебе зайду?
11778284	Må jeg komme forbi?	11784380	Можно я к вам загляну?
11767384	Tom og Mary fortalte mig at de frøs.	11784383	Том и Мэри сказали мне, что им холодно.
11767384	Tom og Mary fortalte mig at de frøs.	11784384	Том и Мэри сказали мне, что замёрзли.
11767338	Mary sagde at hun frøs.	11784387	Мэри сказала, что замёрзла.
11784386	Han spiser normalt sin frokost alene.	11784391	Обычно он обедает один.
11784386	Han spiser normalt sin frokost alene.	11784392	Обычно он обедает в одиночестве.
11735637	Når jeg bliver fuld, får jeg munddiarré.	11784396	Когда я напиваюсь, у меня начинается словесный понос.
11730552	Her er strygebrættet.	11784399	Вот гладильная доска.
11725739	Vi har ikke en kanin.	11784401	У нас нет кролика.
11724604	Kampen begynder klokken halv tre.	11784403	Матч начинается в полтретьего.
11720064	Sig til Tom at han skal gå hjem.	11784408	Скажи Тому, чтобы шёл домой.
11719174	Jeg vil gerne have et kilo vindruer.	11784412	Мне, пожалуйста, килограмм винограда.
11715880	Er begge dine bedstefædre stadig i live?	11784418	Оба твоих дедушки ещё живы?
11715397	Linealen ligger under bogen.	11784424	Линейка лежит под книгой.
11715163	Sidste nat var der minusgrader.	11784426	Прошлой ночью была минусовая температура.
11712374	Sidste nat var temperaturen under frysepunktet.	11784428	Прошлой ночью температура была ниже нуля.
11706577	Derhjemme talte vi aldrig pengene.	11784437	У нас дома никогда не считали деньги.
11677042	Derhjemme talte vi aldrig om penge.	11784439	У нас дома никогда не говорили о деньгах.
11703800	Denne gaffel har fire tænder.	11784463	У этой вилки четыре зубца.
11703173	Tom tager kokain.	11784465	Том принимает кокаин.
11784381	Maradona var en af verdens bedste fodboldspillere.	11784469	Марадона был одним из лучших футболистов мира.
11784394	Tom tror at Gud eksisterer.	11784471	Том верит, что Бог есть.
11703265	Tom tager coke.	11784474	Том нюхает кокс.
6169595	Medicinen kan kun købes på recept.	11784494	Лекарство можно купить только по рецепту.
6169694	Lægemidlerne er receptfrie.	11784498	Лекарства отпускаются без рецепта.
7935884	Vejret er ofte lummert om sommeren.	11784505	Летом часто бывает душно.
11699415	Finland bliver officielt medlem af NATO i morgen.	11784516	Финляндия завтра официально станет членом НАТО.
1807523	Den som ikke lærer af fortiden, bliver straffet af fremtiden.	11784526	Того, кто не учится у прошлого, накажет будущее.
2689065	Det vil mislykkes for dig.	11784528	Тебе это не удастся.
6903884	Det er langt væk, og alt er alligevel forbandet dyrt der.	11784542	Это далеко, да и вообще там всё чертовски дорого.
11699412	I morgen tiltræder Finland officielt NATO.	11784549	Завтра Финляндия официально вступит в НАТО.
2144915	Jeg føler mig svimmel hver gang jeg står tidligt op.	11787290	У меня кружится голова всякий раз, когда я рано встаю.
10548207	Det er ved at blive mørkt, så lad os tage hjem.	11787295	Уже темнеет, давай пойдём домой.
7780203	Jeg er ved at blive kvalt herinde. Åbn venligst vinduerne!	11787299	Я тут задыхаюсь. Открой, пожалуйста, окна!
2329671	Du bliver ved med at lave de samme fejl gang efter gang.	11787320	Ты продолжаешь раз за разом делать те же самые ошибки.
10702905	Min baby bliver ved med at hoste og nyse.	11787335	Мой ребёнок не перестаёт кашлять и чихать.
10341824	Kan jeg tage toget fra Venedig til Milano uden at skulle skifte tog?	11787403	Можно ли доехать на поезде от Венеции до Милана без пересадок?
7014220	Oh, hvor træet bævede!	11787480	Ах, как дрожало дерево!
2659454	Han blegnede da han hørte de nyheder.	11787495	Он побледнел, услышав новости.
1939714	Stræb efter lykken.	11790131	Стремись к счастью.
7852010	Mary strikkede et sjal.	11790373	Мэри связала шаль.
3669156	De sælger slik.	11790386	Они продают сладости.
2521714	Vækkeuret ringer.	11790397	Будильник звенит.
8317889	Kina investerer milliarder af dollars i Algeriet.	11790400	Китай инвестирует в Алжир миллиарды долларов.
8049413	Tom vil til Japan.	11790406	Том хочет в Японию.
1945042	Jeg er japaner, men du er amerikaner.	11790427	Я японец, а ты американец.
7320607	Tom gjorde indtryk på kejserinden.	11790462	Том произвёл впечатление на императрицу.
8577486	Han spiser altid jordbær med fløde.	11790481	Он всегда ест клубнику со сливками.
7833252	Når foråret kommer, pløjer man markerne og planter frø.	11791942	Когда приходит весна, поля вспахивают и засеивают.
7316893	Mary har lavet garagen om til et kontor.	11792003	Мэри переделала гараж в офис.
615995	Jeg er ikke din dukke.	11792065	Я тебе не кукла.
3520211	Jeg plejer ikke at se mig tilbage og fortryde hvad jeg har gjort.	11792263	У меня нет привычки оглядываться назад и сожалеть о том, что я сделала.
1940160	Disse pærer er fortræffelige.	11792284	Эти груши превосходны.
8895697	Floden er halvtreds meter bred.	11792290	Ширина реки составляет пятьдесят метров.
11768810	Han foreslog at tilkalde en læge.	11792306	Он предложил вызвать врача.
6903737	Tom og Mary savner deres datter.	11792314	Том и Мэри скучают по своей дочери.
4879641	Jeg er glad for at vi er blevet gift.	11792318	Я рад, что мы поженились.
4836942	Jeg tror stadig at Tom er uskyldig.	11792331	Я всё ещё считаю, что Том невиновен.
3836009	Jeg har været overalt.	11792354	Я везде побывал.
3695146	Jeg kan ikke skrive mere.	11792389	Я больше не могу писать.
8601129	Der er ikke faldet et eneste snefnug.	11792420	Не упало ни единой снежинки.
6087502	Snefnug er meget små, men i store mængder kan de være dødbringende.	11792423	Снежинки очень маленькие, но в больших количествах они могут быть смертельно опасными.
3693311	Lægen kom med det samme.	11792446	Врач пришёл незамедлительно.
3688175	Læg bogen ovenpå de andre.	11792451	Положи книгу поверх остальных.
6152408	Hun så vredt på ham.	11795126	Она сердито посмотрела на него.
612461	Jeg jager elge i fritiden.	11795244	В свободное время я охочусь на лосей.
11794647	Jeg kunne ikke bruge vandhanen, fordi den var i stykker.	11795675	Я не смог воспользоваться краном, так как он был сломан.
11794628	Til sommer skal jeg til Rom.	11795678	Летом я поеду в Рим.
11792201	Hvor i Tyskland ligger München?	11795679	Где в Германии находится Мюнхен?
11792079	Så du ved ikke, hvad esperanto er?	11795680	Так ты не знаешь, что такое эсперанто?
11792079	Så du ved ikke, hvad esperanto er?	11795681	Значит, ты не знаешь, что такое эсперанто?
11791720	Hvor godt kender I Frankrig?	11795682	Насколько хорошо вы знаете Францию?
11789366	Jeg taler nepalesisk.	11795687	Я говорю по-непальски.
11788632	Engelsk er et utrolig svært sprog.	11795690	Английский — невероятно сложный язык.
11787998	Han viste mig hvor jeg skulle skrive under.	11795692	Он показал мне, где расписаться.
11787996	Vi elsker den samme kvinde.	11795694	Мы любим одну и ту же женщину.
11787992	Hovedparten af deltagerne var kvinder.	11795695	Большая часть участников были женщинами.
11787991	De fleste af deltagerne var kvinder.	11795697	Большинство участников были женщинами.
11787932	Min kone holder mig i kort snor.	11795699	Жена держит меня на коротком поводке.
11787930	Se, hvilken smuk sommerfugl, der sidder der!	11795700	Смотри, какая там красивая бабочка сидит!
11784284	Min brudgom har været mig utro.	11795703	Мой жених мне изменил.
11783997	Der blev stjålet nogle få ting.	11795705	Кое-что было украдено.
476042	Det er sikkert at han kommer.	11795728	Он точно придёт.
476032	Det er usikkert om han kommer eller ej.	11795735	Точно неизвестно, придёт он или нет.
475175	Da jeg kom hjem, opdagede jeg, at jeg havde mistet min pung.	11795742	Придя домой, я обнаружил, что потерял кошелёк.
476926	Han tog barnet ved hånden.	11795745	Он взял ребёнка за руку.
476905	Jeg sendte ham et brev for at meddele ham min beslutning.	11795747	Я отправила ему письмо, чтобы сообщить о моём решении.
476045	Er der nogen mulighed for at han kommer?	11795798	Есть ли вероятность того, что он придёт?
10635647	Jeg var ved at dø af grin.	11796295	Я чуть не умер со смеху.
8665779	Næsten alle her kan fransk.	11796320	Здесь почти все знают французский.
4855959	Regndråberne trommede på staldens ståltag.	11796823	Капли дождя барабанили по стальной крыше сарая.
5795965	Jeg måtte endda leje en lejlighed i et af byens farligste kvarterer.	11798520	Мне даже пришлось снять квартиру в одном из самых опасных кварталов города.
7320598	Dette firma er gået bankerot.	11800622	Эта фирма обанкротилась.
3476916	Må lykken banke på din dør.	11800625	Пусть счастье постучится тебе в дверь.
3476916	Må lykken banke på din dør.	11800626	Пусть в твою дверь постучит счастье.
2466123	Posthuset ligger lige ved siden af banken.	11800628	Почта находится прямо рядом с банком.
2113832	Herfra til banken er der godt og vel tre kilometer.	11800629	Отсюда до банка добрых три километра.
2629020	Jeg banker på døren. Derefter åbner jeg den og træder ind i klasseværelset.	11800631	Я стучу в дверь. Затем открываю её и захожу в класс.
692320	Skjorten er for stor til mig.	11800684	Рубашка мне слишком велика.
11801582	Jeg har brug for mange flere penge.	11803623	Мне нужно намного больше денег.
4218720	Denne omstændighed beviser hendes uskyld.	11803641	Это обстоятельство доказывает её невиновность.
4210183	Han har et skab fyldt med sølvtøj.	11803643	У него полный шкаф столового серебра.
4208707	Dan stryger altid sine slips.	11803647	Дэн всегда гладит свои галстуки.
4208260	Det har de ikke gjort.	11803648	Этого они не делали.
4206576	Jeg anede ikke du var interesseret i japansk kunst.	11803658	Я и не знал, что ты интересуешься японским искусством.
4204292	Han har to hunde; én er hvid og den anden er sort.	11803675	У него две собаки; одна белая, а другая — чёрная.
4204292	Han har to hunde; én er hvid og den anden er sort.	11803677	У него есть две собаки; одна белая, другая — чёрная.
4194484	Tophastigheden var hundrede kilometer i timen.	11803705	Максимальная скорость была сто километров в час.
4193774	Hun satte ringen på fingeren.	11803712	Она надела кольцо на палец.
4183188	Tom har for vane at bide negle.	11803735	У Тома есть привычка грызть ногти.
4181806	Nøglerne laves af jern.	11803779	Ключи делают из железа.
6117710	Jeg læser på et universitet i Boston.	11808107	Я учусь в университете в Бостоне.
6176529	Tom har ikke stemmeret.	11808127	У Тома нет права голоса.
11577772	Jeg vågnede med en øm hals.	11808128	Я проснулась с больным горлом.
7007883	Udover ulve er der også egern og dådyr i skoven.	11808134	Помимо волков, в лесу также есть белки и лани.
9819853	Nu vil jeg afsløre for jer, hvad den hemmelige ingrediens er.	11808153	А теперь я раскрою вам секретный ингредиент.
6990009	Trafiklyset var rødt.	11808156	На светофоре горел красный.
8708274	Patienten har været igennem et årelangt behandlingsforløb.	11808158	Пациент прошел годичный курс лечения.
8842984	Han har ry som en meget klog person.	11808159	Он имеет репутацию очень умного человека.
8842984	Han har ry som en meget klog person.	11808160	У него репутация очень умного человека.
8842984	Han har ry som en meget klog person.	11808161	Он слывёт очень умным человеком.
6117635	Tom kunne godt lide sangen.	11808164	Тому песня понравилась.
5308738	Han var tilfreds med hotelværelset.	11808165	Он остался доволен гостиничным номером.
6117612	Det er på grund af udsigten, at huset er så dyrt.	11808167	Это из-за вида дом такой дорогой.
6606376	Det bliver svært at overtale Tom til at synge.	11808168	Будет нелегко уговорить Тома спеть.
6140503	Er det noget vigtigt?	11808169	Это что-то важное?
6198572	Gamle knogler brækker let.	11808171	Старые кости легко ломаются.
9541351	Virkeligheden er meget værre.	11808172	Реальность намного хуже.
6175940	Gå en tur!	11808174	Сходи прогуляйся!
5708929	Han siger, at han går en tur hver dag.	11808179	Он говорит, что гуляет каждый день.
5708929	Han siger, at han går en tur hver dag.	11808181	Он говорит, что ходит на прогулку каждый день.
7007875	Vi kunne høre ulvene hyle i det fjerne.	11808189	Мы слышали, как вдали воют волки.
6198576	Hun er meget tynd, kun skind og ben.	11808191	Она очень худая — одна кожа да кости.
5679046	Menneskekroppen består bl.a. af to arme, et hjerte og to øjne.	11808194	Человеческое тело состоит, среди прочего, из двух рук, сердца и двух глаз.
6176531	Tom har en dejlig tenorstemme.	11808196	У Тома красивый тенор.
6176531	Tom har en dejlig tenorstemme.	11808197	У Тома приятный тенор.
6176528	Jeg ved stadig ikke, hvem jeg skal stemme på.	11808199	Я всё ещё не знаю, за кого буду голосовать.
6980442	Den her deodorant er lavet af aloe.	11808204	Этот дезодорант сделан из алоэ.
11269459	Han bad hende om at få en abort.	11808206	Он попросил её сделать аборт.
6883647	Vi finder ud af det senere.	11808211	Позже узнаем.
11269373	Jeg købte nye BH'er på Black Friday.	11808217	Я купила новые лифчики в чёрную пятницу.
7020892	Hundehvalpen så på hende med triste øjne.	11808224	Щенок посмотрел на неё грустными глазами.
9541345	Du ville mødes med mig?	11808225	Ты хотел со мной встретиться?
7654396	Jeg er ikke sikker på, om jeg forstår, hvad du vil sige.	11808226	Я не уверена, что понимаю, что ты хочешь сказать.
5554744	Hvor kan jeg købe printere?	11808229	Где я могу купить принтеры?
6144278	Jeg bryder mig ikke rigtigt om gløgg.	11808230	Я не очень люблю глинтвейн.
9578173	Den her teori er videnskabeligt funderet.	11808231	Эта теория научно обоснована.
6118962	De fleste kan godt lide, når man roser dem.	11808234	Большинство людей любит, когда их хвалят.
6118962	De fleste kan godt lide, når man roser dem.	11808240	Большинству нравится, когда их хвалят.
6607179	For mig er verden ubegribelig.	11808327	Для меня мир непостижим.
6607181	Verden er ubegribelig for mig.	11808328	Мир для меня непостижим.
11269445	Har du fortalt Tom om det?	11808331	Ты сказала об этом Тому?
8562908	Hans syn var så dårligt, at han kun kunne se billedet, hvis han sad helt tæt på skærmen.	11808335	У него было такое плохое зрение, что он мог видеть изображение, только сидя совсем близко к экрану.
6140442	Jeg har ondt i mit knæ.	11808336	У меня колено болит.
6127882	Jeg er bange for myg.	11808341	Я боюсь комаров.
9819858	Jeg afslører det kun for dig, hvis du lover, at du holder det mellem os to.	11808345	Я расскажу об этом только тебе, если пообещаешь, что это останется между нами.
8699335	Har du vasket dit hår i dag?	11808353	Ты сегодня мыл голову?
6118961	Jeg bliver glad, når jeg får ros.	11808354	Я радуюсь, когда меня хвалят.
6121428	Jeg har aldrig forstået det her.	11808365	Я этого никогда не понимала.
6394177	Min onkel er sur på mig.	11808397	Мой дядя на меня сердится.
6175429	Han forsvandt uden at sige et ord.	11808401	Он исчез, не сказав ни слова.
5976082	Jeg kommer sandsynligvis.	11808407	Скорее всего, я приду.
6178295	I det mindste sov du.	11808425	Ты хотя бы поспал.
7644811	Det skal gøres.	11808432	Это нужно сделать.
6394167	Jeg forstår ikke nutidig politik.	11808444	Я не понимаю современную политику.
11808436	Jeg lovede Tom at jeg ville komme til tiden.	11808445	Я пообещал Тому, что приду вовремя.
6116639	Hej Tom! Hvordan går det?	11808476	Привет, Том! Как дела?
7694995	Hun levede op til vores forventninger.	11808477	Она оправдала наши ожидания.
5961532	De var der af en anden årsag, som hun endnu ikke kendte.	11808485	Они были там по другой причине, о которой она ещё не знала.
5308732	Du skulle gå til lægen.	11808491	Тебе нужно к врачу.
6118987	Du kan ikke forstå, hvad jeg føler.	11808497	Тебе не понять, что я чувствую.
8699359	Jeg betaler dig inden mandag.	11808499	Я тебе заплачу до понедельника.
8699343	Jeg spiller fodbold med mine venner.	11808507	Я играю с друзьями в футбол.
6118960	Jeg bliver glad, når du siger den slags til mig.	11808517	Я радуюсь, когда ты мне такое говоришь.
8699345	Tom påstår, at han ikke slog nogen ihjel.	11808518	Том утверждает, что никого не убивал.
11569132	Hun brugte noget tid i Algeriet.	11808519	Она провела некоторое время в Алжире.
6394175	Gløgg dufter dejligt.	11808523	Глинтвейн пахнет восхитительно.
9819852	Han afslørede hemmeligheden for mig.	11808525	Он открыл мне секрет.
9819852	Han afslørede hemmeligheden for mig.	11808528	Он раскрыл мне секрет.
6140668	De rige ødelægger det, som de fattige havde bygget.	11808534	Богатые разрушают то, что построили бедные.
11269391	Må jeg flette dit hår?	11808536	Можно я заплету тебе волосы?
6116288	Vær forsigtig med, hvad du ønsker dig.	11808540	Будь осторожен в своих желаниях.
6142593	Der er opstået en intern fejl.	11810308	Произошла внутренняя ошибка.
5961696	Tom bad Mary om at holde en tale på hans skole.	11810312	Том попросил Мэри произнести речь в его школе.
8699340	Som I allesammen ved, er vi midt i en global pandemi.	11810317	Как вы все знаете, мы находимся в разгаре глобальной пандемии.
8775994	Politikerne ser stort på vores rettigheder.	11810327	Политикам безразличны наши права.
6851826	De forstår hinanden.	11810330	Они друг друга понимают.
6127879	Min bedstemor har mange søstre.	11810357	У моей бабушки много сестёр.
11810352	Hun hørte lyden af min stemme.	11810360	Она услышала звук моего голоса.
6140458	Pilen ramte mit knæ.	11810371	Стрела попала мне в колено.
6117664	Fortæl mig om du elsker mig.	11810384	Скажи мне, любишь ли ты меня.
5638563	Spørg hende om, hvornår hun planlægger at vende hjem.	11810385	Спроси у неё, когда она собирается вернуться домой.
6989984	På et kirsebærtræ vokser der kirsebær.	11810388	На вишне растут вишни.
6989984	På et kirsebærtræ vokser der kirsebær.	11810389	На вишнёвом дереве растут вишни.
10810753	Jeg har en drøm om fred i verden.	11810395	Я мечтаю о мире во всём мире.
5976080	Jeg er aldrig her.	11810397	Меня тут никогда не бывает.
5638563	Spørg hende om, hvornår hun planlægger at vende hjem.	11810442	Спроси у неё, когда она планирует возвращаться домой.
4461477	Deler du det?	11810446	Поделишься?
7666242	Jeg er kunstner.	11810468	Я занимаюсь искусством.
6919800	Bestræb dig på ikke at lave fejl.	11810472	Старайся не делать ошибок.
6919800	Bestræb dig på ikke at lave fejl.	11810473	Постарайся не ошибиться.
6120300	Der bor mange rige mennesker i det her kvarter.	11810480	В этом квартале живёт много богачей.
6175431	Jeg lyttede til fransk musik.	11810488	Я слушал французскую музыку.
6120291	Der skete engang noget lignende for mig.	11810498	Со мной однажды произошло нечто похожее.
6394176	Gløgg dufter af jul.	11810500	Глинтвейн пахнет Рождеством.
6983828	Jeg skammer mig over min handling.	11810508	Я стыжусь своего поступка.
6983828	Jeg skammer mig over min handling.	11810509	Мне стыдно за мой поступок.
6606374	Jeg kan ikke tro, at du faktisk gjorde det.	11810926	Поверить не могу, что ты на самом деле это сделал.
6606374	Jeg kan ikke tro, at du faktisk gjorde det.	11810928	Поверить не могу, что ты правда это сделала.
6606422	Jeg tror ikke, at han bliver genvalgt som præsident.	11810946	Я не думаю, что его переизберут президентом.
5961523	Jeg ankom meget sent.	11810977	Я приехал очень поздно.
11134186	Jeg er ikke glad for de politiske strømninger for tiden.	11810988	Мне не нравятся современные политические тенденции.
6176522	Jeg har savnet at høre din stemme.	11811007	Я скучал по твоему голосу.
6119574	Tom har været sengeliggende hele ugen.	11811014	Том всю неделю пролежал в постели.
6981547	Hvad er dit tidligste minde?	11811025	Какое твоё самое раннее воспоминание?
6981547	Hvad er dit tidligste minde?	11811026	Какое у тебя самое раннее воспоминание?
6198547	Jeg kan desværre ikke spise frokost med dig i dag.	11811036	К сожалению, я сегодня не могу с тобой пообедать.
5554721	Der er ikke nogen printere her.	11811046	Здесь нет принтеров.
7005373	Jeg er ikke så meget ældre end dig.	11811050	Я не настолько старше тебя.
11269378	Har du lyst til at flette en fletning på mig?	11811062	Хочешь заплести мне косу?
6214056	Jeg glemte at fortælle dig om hende.	11811070	Я забыл рассказать тебе про неё.
6214056	Jeg glemte at fortælle dig om hende.	11811072	Я забыл сказать тебе о ней.
9872758	Gulvtæppet i mit soveværelse er grønt.	11813300	Ковёр у меня в спальне зелёный.
11269359	Vi har fået møl i sofaen.	11813301	У нас в диване завелась моль.
6198571	Der var ikke nogen knogler, der brækkede.	11813305	Сломанных костей не было.
6127894	De skræmte dig.	11813306	Они тебя напугали.
6118975	Skal jeg hælde noget mere gløgg op til dig?	11813309	Налить тебе ещё глинтвейна?
6118988	Du vil aldrig forstå, hvad jeg føler.	11813310	Ты никогда не поймёшь, что я чувствую.
5554683	Jeg kan ikke finde printeren.	11813312	Я не могу найти принтер.
3321237	Lad os prøve noget.	11813313	Давай кое-что попробуем.
7762239	Feminisme er ligestilling mellem kønnene.	11813315	Феминизм — это равенство полов.
7762239	Feminisme er ligestilling mellem kønnene.	11813316	Феминизм — это равноправие полов.
11269383	Min søster lærte mig at lave fletninger.	11813317	Моя сестра научила меня заплетать косы.
8562892	I zoologisk have kan man komme helt tæt på dyrene.	11813318	В зоопарке можно вплотную соприкоснуться с животными.
5638268	Han blev valgt.	11813435	Его избрали.
6175446	Jeg vil tænke over det.	11813441	Я об этом подумаю.
6998334	Skolens niveau er højt.	11813443	У школы высокий уровень.
11410666	Hvis han fokuserede mere på politik end på aktivisme, kunne det være, han fik gennemført noget.	11813446	Если бы он больше сосредоточился на политике, а не на активизме, возможно, он смог бы что-то осуществить.
8738955	Hun ville tage et bad, mens der stadig var varmt vand, men så kom jeg hende i forkøbet.	11813448	Она хотела принять ванну, пока ещё оставалась горячая вода, но я её опередила.
6120119	Faktum er, at hun ikke engang læste brevet.	11813456	Факт в том, что она даже не прочитала письмо.
6176511	Det her er huset, som Tom byggede.	11813469	Вот дом, который построил Том.
7022066	Det ærgrer mig, at man får mig til at vente.	11813473	Меня раздражает, что меня заставляют ждать.
6118977	Jeg er træt af at ligge i en hospitalsseng hele dagen.	11813482	Я устал целый день лежать на больничной койке.
11269386	Tom flettede mit hår.	11813485	Том заплёл мне волосы.
8783872	Han tog sit liv sidste oktober.	11813506	Он покончил с жизнью в октябре прошлого года.
7666261	Jeg mener, at en sand feminist går ind for ligestilling.	11813514	По моему мнению, настоящая феминистка выступает за равноправие.
6140495	Jeg bruger ikke metroen, men mine børn bruger den.	11813517	Я не езжу на метро, но мои дети ездят.
6989985	I en have voksede der kirsebærtræer.	11813521	В одном саду росло вишнёвое дерево.
6140495	Jeg bruger ikke metroen, men mine børn bruger den.	11813523	Я не пользуюсь метро, но мои дети пользуются.
6546298	I det tilfælde, kom i dag.	11813577	В таком случае приходи сегодня.
6140499	Han er på barsel.	11813599	Он в декретном отпуске.
6884913	De her briller gør dig endda i stand til at se gennem vægge.	11813606	С этими очками ты сможешь даже видеть сквозь стены.
6884913	De her briller gør dig endda i stand til at se gennem vægge.	11813650	Эти очки дают способность видеть даже сквозь стены.
7005357	Den her film har vundet stor popularitet.	11813696	Этот фильм завоевал большую популярность.
6607185	Alt i denne verden er bare en drøm.	11813701	Всё в этом мире — всего лишь сон.
6121412	Han så træt ud.	11813709	Он выглядел уставшим.
6117636	Du vil synes godt om den her sang.	11813736	Тебе понравится эта песня.
11577790	Du bad mig om ikke at fortælle nogen om det.	11813738	Ты просил меня никому об этом не говорить.
6115058	Hvem ved det, hvis du ikke gør?	11813739	Если ты не знаешь, то кто знает?
6142600	Jeg taler mange sprog, men ikke engelsk.	11813746	Я говорю на многих языках, но не на английском.
11269355	Hold op med at hvæse ad mig.	11813754	Прекрати на меня шипеть.
6546301	Hvad bør man gøre i det tilfælde?	11813755	Как следует поступить в таком случае?
6607095	Det er det, som jeg virkelig føler.	11813808	Это то, что я на самом деле чувствую.
11269541	Hun går på barsel i næste uge.	11815434	На следующей неделе она уходит в декрет.
6980428	Skynd dig, ellers når du ikke toget.	11815446	Поторопись, иначе не успеешь на поезд.
4461413	Jeg accepterer ikke din undskyldning.	11815454	Я не принимаю твоего извинения.
6120285	Der skete noget lignende for mig.	11815456	Со мной случилось нечто похожее.
6055668	Toms hund har sorte og hvide pletter.	11815460	У собаки Тома есть чёрные и белые пятна.
6117615	Jeg er stresset på grund af mit job.	11816821	У меня стресс из-за работы.
6119577	Uden at kende hendes telefonnummer, kunne jeg ikke ringe til hende.	11816824	Не зная её номера телефона, я не мог ей позвонить.
6144666	Serveren er langsom i dag.	11816837	Сервер сегодня медленный.
5967971	Mine penge er i min pung.	11816839	Мои деньги у меня в кошельке.
9872735	Han fortalte mig, at han ikke ville komme tilbage.	11816845	Он сказал мне, что не вернётся.
6606427	Man kan aldrig være sikker på noget.	11816854	Никогда нельзя ни в чём быть уверенным.
11269363	Han er ikke en, jeg har lyst til at møde i en mørk gyde.	11816960	Он не тот, с кем я хотел бы встретиться в тёмном переулке.
8775996	Du ser bare stort på principperne.	11817019	Ты просто пренебрегаешь принципами.
8783881	Sami åbnede hans kuffert.	11817028	Сами открыл его чемодан.
6117638	Kan du synge Australiens nationalsang?	11817030	Ты сможешь спеть гимн Австралии?
4461489	Er hun tilfreds med sin hverdag?	11817043	Она довольна своей повседневной жизнью?
6116199	Jeg sidder i toget sammen med Tom.	11817048	Я сижу в поезде вместе с Томом.
6140476	Metrobyggeriet er i gang.	11817055	Идёт строительство метро.
6198567	Hans blod koger.	11817058	У него кровь кипит.
6539867	Salt er nødvendigt i madlavning.	11817078	Соль необходима при готовке.
2022747	Han har en livstidsdom.	11817081	У него пожизненный срок.
4823536	Det var de vises sten.	11817097	Это был философский камень.
4360454	Vi ses på onsdag!	11817098	Увидимся в среду!
10810750	Jeg har en drøm om at spise sushi i Japan.	11817112	Я мечтаю поесть суши в Японии.
6120277	Kan du anbefale en bog i stil med den her?	11817121	Ты можешь посоветовать книгу в том же стиле, что и эта?
11268937	Mennesket er den eneste art, der betaler for at leve på den her planet.	11817123	Человек — единственный вид, который платит за жизнь на этой планете.
8770618	Hvad lå der ved siden af det gule hæfte?	11817199	Что лежало рядом с жёлтой тетрадью?
497926	Det er ikke dit hæfte, det er hans.	11817220	Это не твоя тетрадь, а его.
945425	Må jeg låne din hæftemaskine?	11817221	Можно мне одолжить твой степлер?
8994827	Der er en hvepserede på loftet.	11817707	На чердаке есть осиное гнездо.
688700	Fra loftet hang der en stor, sort edderkop.	11817708	С потолка свисал большой чёрный паук.
7093813	På loftet er der alle slags bøger som venter på at blive læst.	11817759	На чердаке лежат самые разные книги, которые ждут, когда их прочтут.
945417	Du er heldig, at du har sådan nogle venner.	11817937	Тебе повезло, что у тебя есть такие друзья.
945414	Der er flere piger end drenge i skolen.	11817938	В школе больше девочек, чем мальчиков.
6116251	Toms tog er i Boston om tre timer.	11818628	Поезд Тома будет в Бостоне через три часа.
10756597	I har reddet hendes liv.	11818662	Вы спасли ей жизнь.
10756593	Du har reddet hendes liv.	11818663	Ты спас ей жизнь.
10756593	Du har reddet hendes liv.	11818664	Ты спасла ей жизнь.
10755096	Mary var tretten, da hun forsvandt.	11818671	Мэри было тринадцать, когда она исчезла.
10748065	Uret var en gave fra dronning Victoria.	11818709	Часы были подарком королевы Виктории.
10748036	Al-Aqsa-moskeen er vigtig for muslimer.	11818751	Мечеть Аль-Акса важна для мусульман.
8483154	Det siger du ikke.	11818762	Да ты что.
6214043	Tom så noget på fortovet.	11818875	Том увидел что-то на тротуаре.
6606400	Mary sagde, at hun ikke kunne hjælpe os i dag.	11818911	Мэри сказала, что сегодня не может нам помочь.
10738270	Vandet var koldt men styrkende.	11819023	Вода была холодная, но бодрящая.
10738240	Tom sagde at han ville købe noget at spise.	11819031	Том сказал, что хочет купить что-нибудь поесть.
10737149	Jeg har brug for at du kommer til Boston.	11819040	Мне нужно, чтобы ты приехала в Бостон.
10736448	Mangler der sætninger med ordet "sagtens"? Sådan én kan jeg sagtens skrive.	11819051	Не хватает предложений со словом «легко»? Я такое легко могу написать.
10735634	Tom så ud som om, han skulle til at græde.	11819256	Том выглядел так, словно вот-вот заплачет.
10735626	Jeg kan heller ikke fransk.	11819263	Я тоже не знаю французский.
6883664	Tror du, at der er mere ligestilling i vestlige lande?	11819562	Ты думаешь, что в западных странах больше равноправия?
11269544	Alice er stadig på barsel.	11819564	Элис всё ещё в декрете.
11269394	Tilkald en sygeplejerske.	11819565	Позовите медсестру.
6214080	Jeg er stadig i gang med projektet.	11819577	Я всё ещё занимаюсь этим проектом.
6214080	Jeg er stadig i gang med projektet.	11819579	Я всё ещё работаю над проектом.
6142599	Jeg kan ikke komme ind i den her bygning.	11819580	Я не могу зайти в это здание.
8703921	Klaveret er ikke stemt.	11819588	Пианино не настроено.
8775992	Man kan ikke bare se stort på reglerne.	11819590	Нельзя просто пренебречь правилами.
5308735	Jeg elsker farverne.	11819593	Цвета мне очень нравятся.
11569143	Du er så utålmodig med mig.	11819604	Ты со мной такой нетерпеливый!
4461403	Hvordan kom du til at tænke på det?	11820444	Как ты пришёл к этой мысли?
6398571	Dine ord skal stemme overens med dine handlinger.	11820664	Твои слова должны соответствовать действиям.
7007871	Mennesker er bange for ulve.	11820697	Люди боятся волков.
6884933	Hvad gjorde det muligt?	11820719	Что сделало это возможным?
1979721	Bliv her hos os.	11822876	Оставайся тут с нами.
8071498	Tom bor ikke længere hos os.	11822878	Том больше не живёт с нами.
4540406	Hjemme hos os blev der ikke talt om religion.	11822881	У нас дома не говорили о религии.
8574462	Tom sendte gaver til os alle.	11823031	Том нам всем прислал подарки.
7157870	Vi har inviteret ham hjem til os.	11823032	Мы пригласили его к нам домой.
8616597	Jeg har et hus på landet.	11823033	У меня есть дом в деревне.
10632707	Han begyndte at nyde livet på landet.	11823035	Ему начала нравиться деревенская жизнь.
10730366	Jeg rådede Tom til at komme til tiden.	11823105	Я посоветовал Тому приходить вовремя.
2513609	Skoleafslutningen foregår i skolens gymnastiksal.	11823108	Выпускной проходит в школьном спортзале.
3739148	Han glemte at røre i grøden, så den brændte på.	11823114	Он забыл помешать кашу, поэтому она подгорела.
7749586	Politikere indrømmer næsten aldrig fejl.	11825041	Политики почти никогда не признают свои ошибки.
5874171	Disse regler gælder for alle uden undtagelse.	11825093	Эти правила касаются всех без исключения.
11828393	Kan De anbefale en god kinesisk restaurant?	11831049	Вы можете посоветовать хороший китайский ресторан?
11828373	Demokrati betyder ikke at alle siger det samme.	11831050	Демократия не означает, что все говорят одно и то же.
10057403	I min tomatsuppe er der et hår.	11831097	У меня в томатном супе волос.
654883	Også på den menneskelige krop er der hår.	11831099	На теле человека тоже есть волосы.
10599356	Mit tredagesskæg er nu længere end mit hår.	11831105	Моя трёхдневная щетина теперь длиннее, чем мои волосы.
4405604	En mand skal enten være skaldet eller have langt hår!	11831220	Мужчина должен быть либо лысым, либо длинноволосым!
10715308	Der er så mange ordbøger, at de fylder to hylder.	11831234	Словарей так много, что они занимают две полки.
7022497	Må jeg pynte bordet med bregner og vilde roser?	11831245	Можно я украшу стол папоротником и дикими розами?
7022497	Må jeg pynte bordet med bregner og vilde roser?	11831247	Могу я украсить стол папоротником и цветами шиповника?
4641819	Tom har fået sine tænder bleget.	11831258	Том сделал отбеливание зубов.
3361145	Sygeplejersken har taget mit blodtryk.	11832620	Медсестра измерила мне давление.
7443393	De tog deres sokker af.	11833772	Они сняли носки.
1282102	Nogle mennesker kan lide katte, andre foretrækker hunde.	11833776	Некоторые любят кошек, другие предпочитают собак.
7829600	Hvor har det sneet?	11833781	Где шёл снег?
7829600	Hvor har det sneet?	11833782	Где был снег?
1769476	En vaskemaskine er en nødvendighed for ethvert hus.	11833796	Стиральная машина — необходимая вещь для любого дома.
5341296	Jeg drak for meget kaffe.	11833802	Я пил слишком много кофе.
7369723	Tom blev anklaget for hvidvaskning af penge.	11833824	Тома обвинили в отмывании денег.
4479127	Mary begyndte at arbejde da hun var fjorten år gammel.	11833833	Мэри начала работать, когда ей было четырнадцать лет.
1735234	Endelig faldt babyen i søvn.	11833858	Наконец ребёнок заснул.
1769491	Et barn er aldrig for varmt klædt på.	11833865	Ребёнок никогда не бывает слишком тепло одет.
7725808	Kan I se hende?	11833885	Вам её видно?
8177435	Hun er lige så intelligent som hun er smuk.	11833888	Она настолько же умна, насколько красива.
7426666	Tom drak ikke noget.	11833898	Том ничего не пил.
11808736	Jeg lovede Tom at komme til tiden.	11833902	Я пообещал Тому прийти вовремя.
6718617	Ønsker du en T-shirt?	11833915	Хочешь футболку?
7833218	Hvilket ædelt mål!	11833920	Какая благородная цель!
3616340	Disse er Toms briller, ikke mine.	11834639	Это очки Тома, а не мои.
11177801	Hendes mand sad tre år i fængsel.	11834640	Её муж три года сидел в тюрьме.
2457520	Tryk på den knap for at starte maskinen.	11834641	Нажмите на эту кнопку, чтобы запустить машину.
8112917	Tom var i udlandet på det tidspunkt.	11834663	Том в то время был за границей.
11672922	Engang var jeg ligesom dig.	11834670	Когда-то я был как ты.
4481331	Hvad er det I drikker?	11835694	Что это вы пьёте?
4121268	Jeg har aldrig sagt at engelsk er et dårligt sprog. Jeg siger bare at esperanto er et mere retfærdigt og mere passende sprog for international kommunikation.	11835709	Я никогда не говорил, что английский — плохой язык. Я всего лишь говорю, что эсперанто — язык более справедливый и подходящий для международного общения.
10285168	Han begyndte at stille spørgsmål om islam.	11835717	Он начал задавать вопросы об исламе.
8562133	Er et koldt brusebad godt for helbredet?	11835719	Холодный душ полезен для здоровья?
570003	På vejen til skole tabte jeg min pung.	11835723	По дороге в школу я потеряла кошелёк.
6120027	De her farver harmonerer meget godt.	11835726	Эти цвета очень хорошо сочетаются.
5482599	Den mistænkte har endelig tilstået.	11835759	Подозреваемый наконец сознался.
6994664	Jeg er portugiser, og du?	11836420	Я португалец, а ты?
10755474	Gå ikke ind i huset.	11836431	Не заходи в дом.
11837115	Jeg elsker min familie meget, de er de vigtigste mennesker i mit liv.	11837119	Я очень люблю мою семью. Они самые важные люди в моей жизни.
11837125	Jeg skal ringe til min ven.	11837127	Мне нужно позвонить другу.
2401129	Jeg ønsker at tale italiensk!	11837240	Хочу говорить по-итальянски!
11529094	Jeg ønsker ikke at sove, selvom jeg er træt.	11837285	Мне не хочется спать, хоть я и устал.
10287734	Jeg har en lillesøster der hedder Mary.	11837290	У меня есть младшая сестра, которую зовут Мэри.
9189099	Tom maler billeder.	11837309	Том пишет картины.
8120610	Jeg modtager ofte breve fra Thomas.	11837344	Я часто получаю письма от Томаса.
7000418	Sover du med åbne eller lukkede vinduer?	11837392	Ты спишь с открытыми или с закрытыми окнами?
4672508	Hvert år tager jeg til Afrika.	11837415	Каждый год я езжу в Африку.
11837424	Det regner muligvis i dag.	11837437	Сегодня, возможно, будет дождь.
3241599	Hans mor lever helt alene på landet.	11837806	Его мать живёт в деревне совсем одна.
619070	Fem tusind dollar er mange penge.	11837829	Пять тысяч долларов — это много денег.
7725790	Det er jul igen. Glæder du dig ikke?	11837933	Снова наступило Рождество. Разве ты не рад?
6921840	Det er ikke mig der har oversat det.	11838183	Не я это перевёл.
6921840	Det er ikke mig der har oversat det.	11838184	Это не я перевела.
2342924	Pigen redte sin dukkes hår.	11838206	Девочка расчесала своей кукле волосы.
8821895	Jeg har én kniv.	11838232	У меня один нож.
8821895	Jeg har én kniv.	11838233	У меня есть один нож.
6834908	Mary rødmede lidt og skiftede emne.	11838234	Мэри слегка покраснела и сменила тему.
4274535	Man skal forbyde det.	11838235	Это нужно запретить.
4274532	Det er nødvendigt at forbyde det.	11838236	Это необходимо запретить.
3349806	Min søn har en arvelig sygdom.	11838238	У моего сына наследственное заболевание.
4515201	Hun har drukket for meget.	11838315	Она слишком много выпила.
6115742	Din kone er meget heldig.	11838348	Твоей жене очень повезло.
7002076	Man fandt Paolo død.	11838386	Паоло нашли мёртвым.
9998551	Du har et begrænset ordforråd.	11839500	У тебя ограниченный словарный запас.
9835664	Han lod døren stå på klem.	11839560	Он оставил дверь приоткрытой.
8675422	Tom har lært at stå på ski på egen hånd.	11839561	Том научился кататься на лыжах самостоятельно.
10199043	Vi kan ikke længere være tavse.	11839567	Мы больше не можем молчать.
1719602	Vi kan se flere og flere svaler.	11839569	Мы видим всё больше ласточек.
4209324	Men svalen fløj endnu længere bort, og landskaberne blev smukkere og smukkere.	11839571	Но ласточка летела всё дальше, и пейзажи становились всё красивее и красивее.
10031544	Vacciner forårsager ikke autisme.	11839576	Вакцины не вызывают аутизма.
7833249	Om foråret pløjer og sår man.	11839577	Весной пашут и сеют.
2347963	Tal højere så alle kan høre dig.	11839800	Говори громче, чтобы тебя все слышали.
2347963	Tal højere så alle kan høre dig.	11839801	Говорите громче, чтобы вас все услышали.
2347963	Tal højere så alle kan høre dig.	11839802	Говори громче, чтобы тебя всем было слышно.
3978370	Denne amulet beskytter mig mod at begå sproglige fejl.	11843038	Этот амулет защищает меня от совершения языковых ошибок.
1884933	Hvor druknede du dem?	11843641	Где ты их утопил?
10843224	Krim er en halvø.	11847832	Крым — полуостров.
3250211	Blasfemi er en forbrydelse uden offer.	11847836	Богохульство — это преступление без жертвы.
6939103	De her fugle er ikke trækfugle.	11847846	Эти птицы не перелётные.
7148801	Tom går over åen efter vand.	11847868	Том едет в Тулу со своим самоваром.
8644333	Mary er bogholder.	11847891	Мэри — бухгалтер.
2475110	Min indtægt er dobbelt så stor som din.	11848062	Мой доход вдвое больше твоего.
5270373	Omkring fyrre procent af freelancerne regner med at have flere indtægter næste år.	11848063	Около сорока процентов фрилансеров рассчитывают на увеличение доходов в следующем году.
11852509	Der er ingen møbler tilbage i værelset.	11853261	В комнате не осталось мебели.
11852507	Der er ikke længere nogen møbler i værelset.	11853262	В комнате больше нет мебели.
11851995	Alle handler med Kina.	11853263	С Китаем торгуют все.
11848283	Jeg sneg mig ind.	11853264	Я пробрался внутрь.
11844343	Vandalerne invaderede Nordafrika.	11853266	Вандалы вторглись в Северную Африку.
11844180	Hvorfor forlader folk Algier?	11853270	Почему люди уезжают из Алжира?
11844171	Algerierne får færre børn.	11853271	Алжирцы заводят меньше детей.
11838442	Hun har glemt sin indkøbsliste.	11853276	Она забыла свой список покупок.
11836193	Modersmålet er en uerstattelig skat.	11853278	Родной язык — незаменимое сокровище.
6165558	Der står “Magi og Hekseri” på bogomslaget.	11853281	На обложке книги написано «Магия и волшебство».
11826417	Har du giftet dig igen?	11853292	Ты снова женился?
11826417	Har du giftet dig igen?	11853293	Ты снова вышла замуж?
11826540	Mange algeriere er beskæftiget i landbruget.	11853296	Многие алжирцы заняты в сельском хозяйстве.
11826410	Igor havde kæmpestore behårede hænder.	11853299	У Игоря были огромные волосатые ручищи.
11821356	Jeg er svoger til Tom.	11853305	Я Тому шурин.
11821357	Jeg er Toms svoger.	11853306	Я шурин Тома.
11801585	"Hvordan kom hun herind?" "Gennem vinduet."	11853350	«Как она попала внутрь?» – «Через окно».
10649508	Tom er bange for at nogen skal høre ham.	11853371	Том боится, что его кто-нибудь услышит.
10649501	Er du ikke bange for at dø?	11853375	Разве ты не боишься умереть?
10649473	Det er Tom, der er bange.	11853378	Это Том боится.
10649444	Vi kan redde mange liv.	11853388	Мы можем спасти много жизней.
3767597	Biblen er oversat til alverdens sprog.	11853784	Библия переведена на все языки мира.
11852314	Ring til mig, så snart du er der.	11853799	Позвони мне, как только будешь там.
11854422	Giv mig din telefon.	11854425	Дай мне свой телефон.
11855404	Han er ukrainsk statsborger.	11855413	Он украинский гражданин.
10680943	Han er bare en troll.	11855455	Он просто тролль.
10680042	Jeg troede, du kunne lide det.	11855458	Я думал, тебе это нравится.
10678286	Jeg var væk hele ugen.	11855468	Меня всю неделю не было.
10677855	Er du sikker på at Tom og Mary stadig er gift? Jeg har hørt at de er blevet skilt.	11855470	Ты уверен, что Том и Мэри ещё женаты? Я слышала, что они развелись.
10677675	Det var ikke svært for mig at gøre det.	11855474	Мне было несложно это сделать.
10677488	Du må hellere slå ordet op.	11855475	Лучше посмотри это слово в словаре.
10677487	Der er ingen til at gøre det.	11855486	Некому это сделать.
10675894	Det var Tom, der betalte for pizzaen.	11855490	Это Том заплатил за пиццу.
10675884	Der er ikke en sjæl her.	11855491	Здесь нет ни души.
10674570	Mary fortalte mig at hun ikke længere elskede mig.	11855499	Мэри сказала мне, что больше меня не любит.
10673976	Tom har overlevet to selvmordsforsøg.	11855502	Том пережил две попытки самоубийства.
10673385	Bordet er malet hvidt.	11855510	Стол покрашен в белый.
10671313	Jeg hjalp mor med at rydde af bordet.	11855526	Я помог маме убрать со стола.
10671226	En bil standsede foran vores hus.	11855527	Перед нашим домом остановилась машина.
10665026	Hun reder hendes hår.	11855547	Она расчёсывает ей волосы.
10664355	Han flyver på en bevinget hest.	11855548	Он летает на крылатой лошади.
10664375	Tom elsker kyllingevinger.	11855549	Том любит куриные крылышки.
10664341	Egern graver nødder ned.	11855551	Белки закапывают орехи.
10659399	Han taler langsomt og tydeligt.	11857386	Он говорит медленно и отчётливо.
10659382	Efter tre hundrede meter, drej til venstre.	11857391	Через триста метров поверните налево.
10658757	Vores tog er kørt.	11857432	Наш поезд уехал.
10658079	Græsset skal slås.	11857533	Траву нужно скосить.
10656455	Jeg håber, vi har gjort det rette.	11857538	Надеюсь, мы правильно поступили.
10655986	Jeg ved intet om ham.	11857544	Я ничего про него не знаю.
10654705	Er der nogen, der kender en god tysk-fransk teknisk ordbog?	11857546	Кто-нибудь знает хороший немецко-французский технический словарь?
10651783	Tom købte en croissant.	11857572	Том купил круассан.
10651742	De fleste af blomsterne i Toms have er røde.	11857573	Большинство цветов в саду у Тома красные.
10651731	Toms chef gav ham en lønforhøjelse.	11857575	Начальник Тома повысил ему зарплату.
10651721	Tom står ikke på ski.	11857580	Том не катается на лыжах.
10651685	Tom bad mig om tilgivelse.	11857596	Том попросил меня о прощении.
10650671	Tom bad mig om at tilgive ham.	11857602	Том попросил меня простить его.
10650545	Jeg taler kun engelsk og tysk.	11857604	Я говорю только по-английски и по-немецки.
10650534	Jeg så tre giraffer.	11857605	Я видела трёх жирафов.
10650508	Jeg lover at jeg vil tænke over det.	11857606	Обещаю, что подумаю об этом.
11866006	Jeg erindrer at jeg har set den et sted.	11866017	Я припоминаю, что где-то его видел.
11871441	Vi blev inden døre hele dagen.	11871663	Мы весь день сидели дома.
10748060	Jeg kan ikke lide at gå ud på regnvejrsdage.	11872283	Я не люблю выходить на улицу в дождливые дни.
6996905	Hun hjalp mig med at dække bordet.	11873621	Она помогла мне накрыть на стол.
11871415	Rom har erklæret Venedig krig.	11875203	Рим объявил Венеции войну.
11883101	Tom smed sin computer ud ad vinduet.	11883914	Том выбросил свой компьютер из окна.
11875934	Det er meget varmt i Tokyo om sommeren.	11883920	В Токио летом очень жарко.
11872701	Dette er et væbnet mytteri.	11883928	Это вооружённый мятеж.
11871996	Algeriets folkerigeste by er hovedstaden Algier.	11883930	Самый многонаселённый город Алжира — его столица Алжир.
11250593	Vi har drøftet emnet indgående.	11884182	Мы подробно обсудили тему.
8219491	Tom satte tekoppen ned på underkoppen.	11884467	Том поставил чайную чашку на блюдце.
7717151	Tyven brugte en skruetrækker til at trænge ind i bilen.	11884475	Вор воспользовался отвёрткой, чтобы проникнуть в машину.
1962525	Uden tvivl vil Brasilien komme til at yde et vigtigt bidrag til udviklingen af verdenskulturen.	11884567	Бразилия, несомненно, внесёт важный вклад в развитие мировой культуры.
4834537	Den tyrkiske vicepremierminister bad Tyskland om at yde et større bidrag til kampen mod terroristerne.	11884568	Турецкий вице-премьер призвал Германию увеличить вклад в борьбу с террористами.
9807117	Jeg skipper sommetider morgenmaden.	11884579	Я иногда пропускаю завтрак.
7000311	Jeg har smurt syltetøj på min sandwich.	11884634	Я намазал на сэндвич варенье.
7562492	Jeg kan godt lide syltetøj.	11884636	Я люблю варенье.
10688701	Tom slår falsk alarm.	11894233	Том поднимает ложную тревогу.
10688661	Tom har købt en bog om havearbejde.	11894236	Том купил книгу про садоводство.
10688662	Tom har skrevet en bog om det at leve med handicap.	11894239	Том написал книгу о жизни с инвалидностью.
10687706	Det skete helt uventet.	11894250	Это произошло совершенно неожиданно.
11890335	Der er en børnehave i den anden ende af gaden.	11894278	На другом конце улицы есть детский сад.
486778	Jeg bor hos min onkel i Tokyo.	11894546	Я живу у дяди в Токио.
485891	Dette program vil længe blive husket.	11894560	Эта программа запомнится надолго.
485877	Døren bliver malet i morgen.	11894564	Дверь покрасят завтра.
485854	Når hun bliver voksen, vil hun blive en berømt pianistinde.	11894572	Когда она вырастет, она станет знаменитой пианисткой.
498038	Han blev rød i hovedet af raseri.	11894695	Он покраснел от гнева.
539113	Jeg har fem gange så mange frimærker som han har.	11895835	У меня впятеро больше марок, чем у него.
539106	Jeg har ikke penge, men jeg har en drøm.	11895838	У меня нет денег, но есть мечта.
530923	Hvis du var min kone, ville jeg hænge mig.	11895841	Если б ты была моей женой, я бы повесился.
530898	Jeg sværger at jeg aldrig ville have gjort sådan noget.	11895846	Клянусь, что я бы никогда такого не сделал.
529939	Det tog kirurgen otte timer at udføre operationen.	11895853	Операция заняла у хирурга восемь часов.
529937	Jeg beklager at jeg ikke har svaret dig tidligere.	11895859	Извини, что раньше тебе не ответил.
551804	I smukt vejr kan Fuji-bjerget ses herfra.	11895868	В хорошую погоду отсюда видна гора Фудзи.
551753	Jeg skal lære dette digt udenad.	11895884	Мне нужно выучить этот стих наизусть.
551842	Det har været et heldigt år for ham.	11895952	Этот год был для него удачным.
3568943	Æbletræerne vil formentlig begynde at blomstre i næste uge.	11900442	Яблони, вероятно, зацветут на следующей неделе.
11901721	At luge ukrudt er et anstrengende arbejde.	11902832	Прополка сорняков — утомительная работа.
11900947	Da jeg vågnede, lå der en kat og sov ved mine fødder.	11902852	Когда я проснулся, у моих ног спал кот.
11899684	Er du lam?	11902853	Ты хромаешь?
11899277	Stem på Joe Biden.	11902856	Голосуйте за Джо Байдена.
11900121	Mennesker er altædende.	11902860	Люди всеядны.
11914760	Tom følger sin intuition.	11914835	Том следует своей интуиции.
11911237	Lad os finde et sted, hvor vi kan spise.	11914836	Давай найдём место, где можно поесть.
11911071	Lad os fodre duerne.	11914837	Давай покормим голубей.
11910324	Den dag var det koldt, og det begyndte at regne.	11914840	В тот день было холодно и начался дождь.
11909497	Jeg kan lide katte, og katte kan lide mig.	11914845	Я люблю кошек, а кошки любят меня.
11907151	Tom studerer arkitektur.	11914852	Том изучает архитектуру.
11907139	Tom er et intellektuelt begavet barn.	11914853	Том — умственно одарённый ребёнок.
11907116	Tom er bjergbestiger.	11914854	Том — скалолаз.
11907020	Lad os gå ind!	11914857	Давайте зайдём.
11907004	Hvem har repareret jeres køleskab?	11914858	Кто починил ваш холодильник?
9940381	Hvem har repareret dit køleskab?	11914867	Кто тебе холодильник починил?
8826960	Tom bliver snart halvfems.	11915093	Тому скоро девяносто.
8824136	Jeg har læst Toms testamente.	11915111	Я прочитал завещание Тома.
8823696	Jeg ønsker ikke at være i hans sko.	11915123	Не хотел бы я оказаться на его месте.
8821749	Jeg så hans bil dreje til højre.	11915124	Я видел, как его машина свернула направо.
8805838	Ali har ingen dårlige vaner.	11916609	У Али нет вредных привычек.
8795066	Ahmed er pakistaner.	11916658	Ахмед — пакистанец.
8794946	Er Tom og Mary gift?	11916659	Том и Мэри женаты?
8790663	Du er ikke medlem af familien.	11916679	Ты не член семьи.
8786969	Jeg har en orange T-shirt på.	11916707	Я в оранжевой футболке.
8782854	Hun iscenesatte sin egen død.	11917414	Она инсценировала свою смерть.
8782842	Min brors guitar er ny.	11917418	Гитара моего брата новая.
8775426	I Italien må der ikke ryges i togene.	11917482	В Италии нельзя курить в поездах.
8770527	Hvad stod der på det hvide papir?	11918072	Что было написано на белой бумаге?
8770523	Tom hilste på nabokonen.	11918076	Том поздоровался с соседкой.
8770522	Tom hilste på sin nabo.	11918077	Том поздоровался с соседом.
8767838	Jeg ved at Tom er en patologisk løgner.	11918080	Я знаю, что Том — патологический лжец.
8767470	Jeg affyrede pistolen.	11918081	Я выстрелил из пистолета.
8765559	Min bil trænger til at blive vasket.	11918082	Мою машину нужно помыть.
6127880	Er jeg bange for døden?	11918089	Боюсь ли я смерти?
6560366	Hvilken er den bedste?	11918091	Который самый лучший?
11918270	Tom har en kurv fuld af blåbær.	11919335	У Тома полная корзинка черники.
11918268	Hun drikker en kop blåbærte.	11919337	Она пьёт чашку черничного чая.
11918256	Blåbær er rige på antioxidanter.	11919338	Черника богата антиоксидантами.
11918259	Husk at købe flere frosne blåbær.	11919339	Не забудь купить ещё замороженной черники.
11918241	Tom plukker blåbær.	11919340	Том собирает чернику.
11915584	Jeg stolede blindt på Tom. Nu fortryder jeg det.	11919344	Я слепо доверял Тому. Теперь я об этом жалею.
11922848	Er du hypnotiseret?	11926191	Ты загипнотизирован?
11922848	Er du hypnotiseret?	11926192	Ты под гипнозом?
11922840	Er du handicappet?	11926193	Ты инвалид?
11922823	Drikker du meget?	11926194	Ты много пьёшь?
11920439	I dag vil jeg bage en pizza.	11926200	Сегодня я буду печь пиццу.
11928834	Det er meget vigtigere!	11928842	Это намного важнее!
11927007	Undgå Tom.	11928844	Избегай Тома.
11948969	Er han din fætter?	11949651	Он твой двоюродный брат?
11946834	Jeg skyndte mig hjem.	11949655	Я поспешил домой.
11944888	Indien har forbudt TikTok.	11949656	В Индии запретили TikTok.
11980937	I havde fuldstændig ret.	11980941	Вы были совершенно правы.
11978734	Spiste de alle det samme?	11980945	Они все ели одно и то же?
11971927	Tom glemte at fortælle Mary, hvad tid mødet skulle begynde.	11980954	Том забыл сказать Мэри, во сколько начинается собрание.
11964352	Han mistede interessen for islam.	11980958	Он потерял интерес к исламу.
11963741	Det blæste meget, men solen skinnede.	11980959	Дул сильный ветер, но светило солнце.
11963740	Boldi læste alt, hvad han kunne finde på nettet om vampyrer.	11980962	Болди прочитал про вампиров всё, что смог найти в интернете.
11963220	Det er et temmelig urealistisk mål.	11980964	Это довольно нереалистичная цель.
11963208	Jeg er, som I ved, en meget rig mand.	11980967	Я, как вы знаете, очень богатый человек.
11963205	Tom har siddet der hele dagen.	11980968	Том уже целый день там сидит.
11963101	Jeg øver mig bare.	11980970	Я просто тренируюсь.
11963101	Jeg øver mig bare.	11980971	Я просто практикуюсь.
11962833	Han og jeg har været venner, siden vi var børn.	11980973	Мы с ним с детства дружим.
11962477	Tom lånte mig en sav.	11980974	Том одолжил мне пилу.
11962161	Har du en vinduesplads?	11980975	У тебя место у окна?
11961582	Jeg nød hvert sekund.	11980976	Я наслаждалась каждой секундой.
11954343	I morgen fylder jeg 14 år.	11980977	Завтра мне исполнится 14 лет.
11952805	Tom reparerede min cykel.	11980978	Том починил мой велосипед.
11993475	Jeg bryder mig ikke om at tage metroen.	11995256	Я не люблю ездить в метро.
11991021	Hvis bare hun vidste, hvor smukt det kabylske sprog er!	11995257	Если бы она только знала, насколько красив кабильский язык!
11990488	Taxaen ankom i god tid.	11995258	Такси приехало вовремя.
12002450	Det blæste.	12008834	Дул ветер.
12002381	Yoghurten er over sidste salgsdato.	12008933	У йогурта истёк срок годности.
11995840	Vandhanen dryppede hele natten.	12008934	Кран всю ночь капал.
12031405	Tom havde en vindjakke på.	12032016	Том был в ветровке.
12025408	Hvorfor kigger alle på dig?	12032022	Почему на тебя все смотрят?
12026586	Trump og Biden er omtrent jævnaldrende.	12032028	Трамп и Байден примерно одного возраста.
12026741	Jeg vidste at Tom boede i Australien.	12032030	Я знал, что Том живёт в Австралии.
12026744	Mary er ikke mere så nysgerrig, som hun engang var.	12032039	Мэри уже не такая любопытная, какой была раньше.
12026762	Du er den eneste, der ikke har en paraply.	12032042	Ты единственная, у кого нет зонта.
12026762	Du er den eneste, der ikke har en paraply.	12032043	У тебя одного нет зонта.
12030389	Ét minut er tres sekunder.	12032051	В одной минуте шестьдесят секунд.
12019506	Han har armen i gips.	12032071	У него рука в гипсе.
12015718	Jeg har to storesøstre.	12032078	У меня есть две старшие сестры.
12015650	Tom var den sidste, der ankom.	12032088	Том был последним из прибывших.
12015637	Tom har købt legetøj til sine børn.	12032090	Том купил своим детям игрушек.
12014677	I forgårs faldt jeg af cyklen, fordi vejen var så glat.	12032111	Позавчера я упала с велосипеда, потому что дорога была очень скользкая.
12010977	Tom trak en kanin op af hatten.	12032122	Том вытащил из шляпы кролика.
12010763	Jeg er Marys søn.	12032133	Я сын Мэри.
11978635	Jeg tror at Tom er arbejdsløs.	12032136	По-моему, Том безработный.
11963221	Jeg er her sammen med min ven.	12032145	Я тут вместе с другом.
12042773	Jeg havde en forfærdelig drøm.	12046889	Мне приснился ужасный сон.
12042770	Det gør forfærdeligt ondt.	12046894	Это ужасно больно.
12041951	Hun begyndte at bede.	12046938	Она начала молиться.
12037006	Vi skyndte os for at nå den sidste bus.	12046977	Мы поспешили, чтобы успеть на последний автобус.
12037003	Vi skyndte os for ikke at misse den sidste bus.	12046981	Мы поспешили, чтобы не упустить последний автобус.
12058728	Det er stadig lyst.	12058828	Ещё светло.
12056012	Han er sygeplejerske, ikke læge.	12058831	Он медбрат, а не врач.
12054527	Gæt, hvad der er i denne kasse.	12058835	Угадай, что в этой коробке.
12054525	Der var stille i skoven.	12058837	В лесу было тихо.
3212450	Fyrretræsmøbler er ikke ret populære for tiden.	12074917	Мебель из сосновой древесины в настоящее время не очень популярна.
12073100	De ved at jeg er muslim.	12076069	Они знают, что я мусульманин.
12068087	Tom begyndte at græde da han faldt.	12076070	Том заплакал, когда упал.
12065666	Jeg elsker virkelig russisk.	12076088	Я очень люблю русский.
12065447	Tom er omkring tretten år gammel nu.	12076092	Тому сейчас около тринадцати лет.
12065462	Har Tom været soldat?	12076093	Том был солдатом?
12065460	Hvor mange vagter kan du se?	12076094	Сколько охранников ты видишь?
12065437	Tom har en lejlighed.	12076096	У Тома есть квартира.
12064142	De er ankommet før dig.	12076097	Они приехали до тебя.
12064141	Tom har fået job som tjener.	12076098	Том устроился работать официантом.
12064122	Du er ikke den første til at lave den fejl.	12076111	Ты не первый делаешь эту ошибку.
12063580	Hendes forældre kunne ikke lide mig.	12076119	Я не нравился её родителям.
11653701	Finland har brug for dig.	12088636	Ты нужен Финляндии.
7492970	Hun har kun brug for dine penge.	12088640	Ей нужны только твои деньги.
4748944	Det er så mørkt om vinteren i Skandinavien.	12099593	Зимой в Скандинавии так темно.
4748941	Der er noget helt særligt ved det finske sprog!	12099596	В финском языке есть что-то совершенно особенное!
4748937	Jeg skal virkelig på toilettet!	12099597	Мне очень нужно в туалет!
4748900	Jeg blev endelig færdig med arbejdet.	12099598	Я наконец завершил работу.
4748899	Prøv det i det mindste.	12099600	Хотя бы попробуй.
3688072	Lysene er ikke tændt.	12099602	Свет не включен.
4602888	Lyset er tændt i Toms værelse.	12099603	У Тома в комнате включен свет.
4748949	Vintermørket er en perfekt anledning til at tænde lys indenfor og drikke varm te!	12099606	Зимняя темнота — отличный повод для того, чтобы зажечь дома свечи и выпить горячего чаю.
4451780	Sidste vinter gav hans bedstefar ham en slæde.	12112317	Прошлой зимой дедушка подарил ему санки.
7585215	Kan du overhovedet lide mig?	12120010	Я тебе вообще нравлюсь?
4887687	Denne bog er god, men den dér er endnu bedre.	12120020	Эта книга хорошая, но та ещё лучше.
12120337	Soldater er også mennesker.	12121312	Солдаты тоже люди.
12118283	Jeg har lavet morgenmad til hende.	12121381	Я приготовила ей завтрак.
12117170	En mand ved navn Tom Jackson er forsvundet.	12121383	Пропал мужчина по имени Том Джексон.
12121471	Hvor har jeg lagt mine nøgler?	12121479	Куда я дел мои ключи?
7480565	Held hjælper kun nogen gange, arbejde altid.	12122460	Удача помогает лишь иногда, а работа — всегда.
12126937	Endnu har ingen klaget.	12130089	Пока никто не жаловался.
12127685	Syng med, hvis du kan teksten.	12132078	Подпевай, если знаешь слова.
12134468	Tom kiggede forbi i dag.	12134476	Том сегодня заходил.
12133997	Jeg har læst din bog om Boston.	12134538	Я прочитал твою книгу про Бостон.
8080950	Jeg tåler ikke lugten af cigaretrøg.	12134809	Я не переношу запах сигаретного дыма.
4895010	I midten af lejren stod et stort telt lavet af rød silke.	12134810	Посреди лагеря стояла большая палатка из красного шёлка.
10111758	Jeg hader at skulle sige det, men jeg tror hun har ret.	12134813	Мне не хочется это признавать, но по-моему, она права.
8140474	Stegt kylling er en af mine yndlingsretter.	12134815	Жареный цыплёнок — одно из моих любимых блюд.
5769969	I Brasilien begynder sommerferien i begyndelsen af december og ender i slutningen af februar.	12134816	В Бразилии летние каникулы начинаются в начале декабря и заканчиваются в конце февраля.
9378921	Tom er en af min søsters bedste venner.	12134821	Том — один из лучших друзей моей сестры.
7856770	Cigaretter er en af hovedårsagerne til hjertesygdomme.	12134822	Сигареты — одна из основных причин сердечных заболеваний.
7022570	Tom og Mary lejede et værelse i et af Bostons mest luksuriøse hoteller.	12134850	Том и Мэри сняли номер в одном из самых фешенебельных отелей Бостона.
11688876	Tom har skabt en fiktiv gren af de germanske sprog.	12134871	Том создал вымышленную ветвь германских языков.
3532945	I slutningen af oktober blev en græsk journalist, der i sit eget tidsskrift havde offentliggjort navnene på mere end to tusinde skatteunddragere, arresteret.	12135434	В конце октября греческий журналист, обнародовавший в собственном журнале имена более двух тысяч неплательщиков налогов, был арестован.
2700609	Først efter at han havde forladt min lejlighed, begyndte jeg at forstå betydningen af hans ord.	12135436	Лишь после того, как он покинул мою квартиру, до меня начал доходить смысл его слов.
5257450	Jeg tror det er alt jeg har at sige.	12135439	Думаю, это всё, что я хотел сказать.
4413227	Jeg tror, du er for fuld til at køre.	12135455	По-моему, ты слишком пьян, чтобы садиться за руль.
4380595	Tom pegede på den tomme plads ved siden af sig.	12136742	Том указал на пустое место рядом с собой.
10614875	Hvor mange gram vejer en teskefuld salt?	12138376	Сколько грамм весит чайная ложка соли?
12166480	Jeg så en slange i morges.	12167096	Я сегодня утром видел змею.
12240233	Tak for gaven. Det er lige det, jeg ønskede mig.	12240235	Спасибо за подарок. Это именно то, что я хотел.
12240344	Tak for gaven. Det er lige hvad jeg ønskede mig.	12240349	Спасибо за подарок. Это как раз то, чего я хотел.
12249441	Klokken er kun tre, og det er allerede blevet mørkt.	12250951	Время всего три часа, а уже стемнело.
12246241	Man kan ikke se noget som helst på grund af tågen.	12250953	Из-за тумана ничего не видно.
12240351	Åh, sikken overraskelse!	12250956	Ах, какой сюрприз!
12286701	Min oldefar havde ikke høje tanker om automobiler. Lige til det sidste kørte han i hestevogn.	12286730	Мой прадед был невысокого мнения об автомобилях. До самого конца он ездил на лошадиной упряжке.
12286064	Hvor meget betaler hun Dem?	12286736	Сколько она вам платит?
12286055	Hvor meget betaler han jer?	12286740	Сколько он вам платит?
12289033	Mellem Frankrig og Polen ligger Tyskland.	12289952	Между Францией и Польшей располагается Германия.
12288069	Denne sætning består af fireogfyrre bogstaver.	12289956	Это предложение состоит из сорока четырёх букв.
12287349	Jeg har hørt at det var Tom, der gjorde det.	12289959	Я слышал, что это сделал Том.
12287338	Finland ligger øst for Sverige.	12289961	Финляндия расположена к востоку от Швеции.
12286985	Du burde have taget toget.	12289964	Нужно было тебе на поезде поехать.
12349596	Disse sko er meget dyre.	12351679	Эти туфли очень дорогие.
12343892	Lad være med at gå barfodet rundt!	12351681	Прекрати расхаживать босиком!
12339240	Det er ulovligt at bruge en VPN i Kina, Rusland, Tyrkiet, Egypten og Nordkorea.	12351687	Пользоваться VPN запрещено законом в Китае, России, Турции, Египте и Северной Корее.
12338097	Det er lettere at føre krig end at slutte fred.	12351691	Легче вести войну, чем заключить мир.
12309139	Ved du slet ikke noget om fodbold?	12351693	Ты совсем ничего не знаешь про футбол?
12335873	Jeg kan bedst lide svinekød.	12351698	Больше всего я люблю свинину.
12334769	Jeg er ligeglad med, hvad han mener.	12351700	Мне всё равно, что он подумает.
12333978	Hun har besluttet sig for at sælge sit hus.	12351705	Она решила продать свой дом.
12332630	Jeg skriver udelukkende på mit modersmål.	12351707	Я пишу исключительно на своём родном языке.
12331481	Algier er mindre end Paris.	12351709	Алжир меньше Парижа.
12360752	Den 7. marts 2024 gik Sverige med i NATO.	12360763	7 марта 2024 года Швеция вступила в НАТО.
12360701	Den 7. marts 2024 blev Sverige medlem af NATO.	12360764	7 марта 2024 года Швеция стала членом НАТО.
12372642	Syldavien er den eneste retsstat i hele Mellemøsten.	12372648	Сильдавия — единственное правовое государство на всём Ближнем Востоке.
12367273	Vi er jødinder.	12372649	Мы еврейки.
12367272	Vi er jøder.	12372650	Мы евреи.
12366937	Han sagde at han var en halvgud.	12372651	Он сказал, что он полубог.
10254004	Han har ingen indvendinger.	12375747	У него нет возражений.
7229770	Politiet gennemsøger haver med hunde.	12375751	Полиция обыскивает сады с собаками.
4926018	Temperaturen ligger denne vinter over gennemsnittet.	12375752	Температура этой зимой выше средней.
6143368	Han fortryller mig med sine gennemtrængende øjne.	12375753	Он околдовывает меня своим пронзительным взором.
10723660	Det brasilianske gennemsnitsmenneske har en forfærdelig musiksmag.	12375754	У среднего бразильца ужасный музыкальный вкус.
7296454	Hvor er tryllestaven?	12375755	Где волшебная палочка?
4099297	Hvorfor blev de forskrækket?	12375756	Почему они испугались?
6943713	Tom kiggede i spejlet og så en gammel mand.	12375757	Том посмотрел в зеркало и увидел старика.
9637386	Tom lagde mere brænde på ilden.	12375759	Том подложил в огонь дров.
3584937	På første sal i lejligheden er der en pejsestue, en spisestue, et køkken og et badeværelse.	12375764	На первом этаже квартиры располагаются каминная комната, столовая, кухня и ванная.
10716521	I Danmark har mange mennesker potteplanter i vindueskarmen.	12375770	В Дании у многих на подоконниках стоят горшки с цветами.
10756595	De har reddet hendes liv.	12375771	Они спасли ей жизнь.
10740101	Han siger at han ikke er sulten endnu.	12375773	Он говорит, что ещё не голоден.
4928650	Har hun nogensinde snorket?	12375796	Она когда-нибудь храпела?
7749594	Jeg kan høre Tom snorke i værelset ved siden af.	12375797	Я слышу, как Том храпит в соседней комнате.
12248850	Hans mave knurrede af sult.	12375801	От голода у него урчало в животе.
8180255	Jeg har vundet en kæmpesum i lotteriet.	12375823	Я выиграл огромную сумму в лотерею.
481760	Hun er jævnaldrende med dig.	12375852	Она твоя ровесница.
10727592	Han kan forstå, men han kan ikke tale.	12376531	Он понимает, но говорить не может.
12391413	Tom har intet med det her at gøre.	12392214	Том не имеет к этому отношения.
12390211	I hvilket land betaler du skat?	12392217	В какой стране ты платишь налоги?
12389050	Tom er ikke den eneste berømthed her.	12392219	Том здесь не единственная знаменитость.
12395016	Storken begyndte at knebre.	12395027	Аист защёлкал клювом.
12395014	Storkene er allerede fløjet bort.	12395030	Аисты уже улетели.
12394997	Om foråret vendte storkene tilbage til landsbyen.	12395033	Весной аисты вернулись в деревню.
12392744	Jeg bor i den europæiske del af Istanbul.	12395035	Я живу в европейской части Стамбула.
12392741	Jeg bor i den asiatiske del af Istanbul.	12395036	Я живу в азиатской части Стамбула.
12392736	Han stiller mange spørgsmål.	12395038	Он задаёт много вопросов.
12392735	Hun stiller mange spørgsmål.	12395040	Она задаёт много вопросов.
12392727	Jeg burde ikke have blandet mig.	12395041	Мне не следовало вмешиваться.
12395419	Om morgenen skal jeg have to kopper kaffe for at blive vågen.	12395425	Утром мне нужны две чашки кофе, чтобы проснуться.
7837520	Du er stadig uerfaren.	12395709	Ты ещё неопытный.
12360523	Din bog er interessant.	12402421	Твоя книга интересная.
12402464	Hvad hedder næste stop?	12402471	Как называется следующая остановка?
12401729	Hvordan renser jeg et sår?	12403516	Как промыть рану?
12403712	Jeg er blot en løgner.	12403809	Я всего лишь лжец.
12412437	Hun sætter min tålmodighed på prøve.	12412504	Она испытывает моё терпение.
12423172	Hvem har givet dig lov til at sidde ved min computer?	12423933	Кто тебе разрешил сидеть за моим компьютером?
12421562	Tom har beskidt tøj på.	12423941	Том в грязной одежде.
12421562	Tom har beskidt tøj på.	12423942	На Томе грязная одежда.
12428049	Han har spist dem.	12428063	Он их съел.
12431596	Hvor er vores heste?	12431598	Где наши лошади?
2404942	Kaffe?	12433901	Кофе?
3629816	Magt korrumperer.	12433912	Власть развращает.
10547280	Det har jeg aldrig gjort.	12433916	Я этого никогда не делал.
8268203	En liter mælk, tak.	12433941	Литр молока, пожалуйста.
12481074	Roserne visner, men tornene bliver tilbage.	12481079	Розы увядают, а шипы остаются.
12643525	Over aftensmaden talte vi om dagens begivenheder.	12643715	За ужином мы разговаривали о событиях дня.
12755395	Jeg er viking.	12755426	Я викинг.
12996273	Jeg er kineser, og jeg elsker Kina.	12996275	Я китаец и люблю Китай.
12996273	Jeg er kineser, og jeg elsker Kina.	12996276	Я китаянка и люблю Китай.
13099792	Jødedommen er en monoteistisk religion.	13099800	Иудаизм — монотеистическая религия.
13101722	Tom har en svensk accent.	13101731	У Тома шведский акцент.
13291725	Jeg er aserbajdsjaner.	13291835	Я азербайджанка.
