331192	Πάμε σινεμά;	331194	Gehen wir ins Kino?
338345	Πολύ μου χρησίμεψε.	338347	Es hat mir sehr geholfen.
338350	Είχα ένα ατύχημα.	338351	Ich hatte eine Panne.
716058	Βοήθησα την μητέρα μου να πλύνει τα πιάτα.	1284759	Ich habe meiner Mutter geholfen, das Geschirr zu spülen.
715892	Ποιός στο είπε αυτό;	1284764	Wer hat dir das gesagt?
1185941	Ο Τομ δε θέλει να μιλάει για την ιδιωτική του ζωή.	1284769	Tom möchte nicht über sein Privatleben sprechen.
715927	Η γάτα είναι κάτω απ'το τραπέζι.	1284774	Die Katze ist unter dem Tisch.
716086	Λείπεις όλα αυτά τα χρόνια.	1284778	Du warst all die Jahre weg.
1073703	Αυτό το σπίτι δεν είναι πολύ μεγάλο.	1284808	Dieses Haus ist nicht sehr groß.
689381	Καλή χρονιά!	1284821	Guten Rutsch ins neue Jahr!
338368	Πού γεννήθηκε;	1284825	Wo ist er geboren?
939391	Ο Λεχ ενδιαφέρεται για την Ιστορία.	1284827	Lech interessiert sich für die Geschichte.
999630	Όχι, καθόλου.	1284829	Nein, überhaupt nicht.
999589	Ήμαστε φτωχοί, αλλά ευτυχισμένοι.	1284836	Wir sind arm, aber glücklich.
1123585	Πού είναι το αρτοποιείο;	1284840	Wo ist die Konditorei?
1005344	Αυτός έγραψε στους γονείς του.	1284857	Er hat seinen Eltern geschrieben.
1189855	Δύο τηγανιτά αβγά και έναν καφέ, παρακαλώ.	1285051	Zwei Spiegeleier und einen Kaffee, bitte.
1023590	Αυτό το μέταλλο λέγεται ψευδάργυρος.	1285054	Dieses Metall nennt sich Zink.
716045	Πήγαινε με στον αρχηγό σου.	1285115	Bring mich zu deinem Anführer!
699030	Θα σε συνοδευσω μέχρι το ἀεροδρόμιο.	1285131	Ich werde dich bis zum Flughafen begleiten.
1185928	Η Σούσαν είναι καλή μαγείρισσα.	1285143	Susanne ist eine gute Köchin.
1185951	Θέλω να πιω κάτι.	1285198	Ich möchte was trinken.
1129914	Η Μαρία έχει μακριά μαλλιά.	1285213	Maria hat langes Haar.
1129943	Δώσε τα χαιρετίσματά μου στους γονείς σου!	1285238	Grüß deine Eltern von mir!
999572	«Πόσο χρονών είσαι;» «Είμαι δεκαέξι χρονών.»	1285352	„Wie alt bist du?“ – „Ich bin sechzehn Jahre alt.“
999572	«Πόσο χρονών είσαι;» «Είμαι δεκαέξι χρονών.»	1285354	"Wie alt bist du?" - "Ich bin sechzehn."
1142309	Προσπάθησε να αγαπάς όλους.	1285376	Versuche, alle zu lieben.
1185960	Πιστεύεις την ιστορία του;	1285378	Glaubst du seine Geschichte?
1285394	Έχει πλάκα.	1285396	Das ist lustig.
1285394	Έχει πλάκα.	1285401	Das macht Spaß.
1285403	Πλάκα μου κάνεις;	1285420	Ist das ein Scherz?
1285403	Πλάκα μου κάνεις;	1285421	Willst du mich auf den Arm nehmen?
1285403	Πλάκα μου κάνεις;	1285422	Willst du mich verarschen?
1285403	Πλάκα μου κάνεις;	1285423	Ist das ein Witz?
1285403	Πλάκα μου κάνεις;	1285432	Das soll wohl ein Scherz sein!
1285444	Τσακωθήκαμε.	1285447	Wir haben uns gestritten.
1285444	Τσακωθήκαμε.	1285448	Wir haben uns gezankt.
1285456	Άσε τις μαλακίες!	1285461	Lass den Schwachsinn!
1285456	Άσε τις μαλακίες!	1285462	Lass den Scheiß!
1285456	Άσε τις μαλακίες!	1285463	Lass den Mist!
932785	Κάνει πολλή ζέστη, θα ανάψω το κλιματιστικό.	1285749	Es ist heiß hier, ich werde mal die Klimaanlage anmachen.
932813	Ο καλός ο καπετάνιος στην φουρτούνα φαίνεται.	1285754	Den guten Seemann erkennt man im Sturm.
715860	Ήταν εύκολο για μένα να λύσω το πρόβλημα.	1285766	Es war einfach für mich, das Problem zu lösen.
716037	Ανταλλάξαμε χαιρετισμούς.	1285772	Wir haben Grüße ausgetauscht.
716037	Ανταλλάξαμε χαιρετισμούς.	1285773	Wir tauschten Grüße aus.
715894	Ιταλός δεν είναι;	1285779	Ist er nicht Italiener?
1185931	Είμαι ήδη έτοιμος.	1285780	Ich bin schon fertig.
1127652	Είδαμε πολλά πλοία στο λιμάνι.	1285784	Wir haben viele Schiffe im Hafen gesehen.
1127652	Είδαμε πολλά πλοία στο λιμάνι.	1285785	Wir sahen viele Schiffe im Hafen.
1123584	Πού είναι ένα αρτοποιείο;	1285787	Wo gibt es hier eine Bäckerei?
999609	Καλά, να πω την αλήθεια, δεν μου αρέσει καθόλου.	1285964	Gut, um ehrlich zu sein: es gefällt mir überhaupt nicht.
698670	Γιατί ξύπνησες τόσο νωρίς;	1285967	Warum bist du so früh aufgestanden?
1068630	Αυτό είναι το ίδιο στυλό που έχασα χθες.	1285972	Das ist der gleiche Füller, den ich gestern verloren habe.
1123846	Αντίο.	1285973	Tschüß.
1123846	Αντίο.	1285974	Tschau.
999624	Ένα χρόνο αργότερα γεννήθηκε ο Παύλος.	1285991	Ein Jahr später kam Paul auf die Welt.
932798	Ο πρωθυπουργός της Ελλάδας ταξίδεψε στη Νέα Υόρκη.	1286003	Der griechische Premierminister ist nach New York gereist.
715882	Συγνώμη που δεν απάντησα στο γράμμα σου νωρίτερα.	1286007	Verzeihe mir, dass ich auf deinen Brief nicht schon früher geantwortet habe.
1148712	Ο Κεν φαίνεται ευτυχισμένος.	1286010	Ken scheint glücklich zu sein.
1148712	Ο Κεν φαίνεται ευτυχισμένος.	1286011	Ken sieht glücklich aus.
1023196	Πάω στην ύπαιθρο κάθε καλοκαίρι.	1286012	Ich fahre jeden Sommer aufs Land raus.
716059	Να είσαι καλός μαζί της, Μπίλ.	1286032	Sei gut zu ihr, Bill.
1037582	Ενα κόκκινο κρασί, παρακαλώ	1286037	Ein Glas Rotwein, bitte.
999626	Μιλάς Γιαπωνέζικα;	1286044	Sprichst du Japanisch?
1074213	Εκείνη η ταινία είναι για παιδιά.	1286046	Dieser Film ist für Kinder.
1191997	Είμαι παντρεμένος με μία Πολωνέζα.	1286047	Ich bin mit einer Polin verheiratet.
425920	Ξέρεις πού πήγε ο πατέρας σου;	1286158	Weißt du, wohin dein Vater gegangen ist?
1023169	Τρέχεις κάθε ημέρα;	1286167	Joggst du jeden Tag?
715908	Δύο καφέδες, παρακαλώ.	1286168	Zwei Kaffee, bitte.
936907	Κάθε Κυριακή τα καταστήματα παραμένουν κλειστά.	1286169	Sonntags bleiben die Geschäfte geschlossen.
716543	Πρέπει να το κάνεις αμέσως.	1286173	Du musst es sofort machen.
1286228	Μου κλέψανε το μηχανάκι.	1286231	Mir wurde das Moped geklaut.
1286239	Τα μάτια σου δεκατέσσερα!	1286242	Halte die Augen auf!
1286766	Πλησίασε, δε θα σε φάμε.	1286793	Komm doch näher, wir werden dich schon nicht auffressen.
1286790	Έφαγε την περιουσία του στα χαρτιά.	1286798	Er hat sein ganzes Vermögen im Kartenspiel verprasst.
1286803	'Εφαγα τα νιάτα μου στην ξενιτιά.	1286805	Ich habe meine Jugend im Exil vergeudet.
1286812	Τα δύο αδέλφια τρώγονται χωρίς λόγο.	1286813	Die zwei Geschwister zanken sich ohne Grund.
1286818	Εσύ δεν τρώγεσαι με τίποτα.	1286819	Du bist einfach unausstehlich.
1286818	Εσύ δεν τρώγεσαι με τίποτα.	1286821	Du bist einfach unerträglich.
1286826	Αυτό το κρέας είναι κακοψημένο και δεν τρώγεται.	1286829	Dieses Fleisch ist halb gar und einfach ungenießbar.
1286847	Αυτό το αυτοκίνητο τρώει πολλή βενζίνη.	1286849	Dieses Auto verbraucht viel Benzin.
1286847	Αυτό το αυτοκίνητο τρώει πολλή βενζίνη.	1286850	Dieses Auto verbraucht viel Sprit.
1286872	Έφαγε δέκα χρόνια.	1286874	Er hat zehn Jahre abgesessen.
1286872	Έφαγε δέκα χρόνια.	1286876	Er hat zehn Jahre hinter Gittern verbracht.
1286894	Αυτό το τεράστιο τραπέζι τρώει όλο το δωμάτιο.	1286897	Dieser riesige Tisch nimmt das ganze Zimmer ein.
1286901	Μου έφαγε τα αυτιά.	1286904	Er hat mir die Ohren abgeschwatzt.
1286901	Μου έφαγε τα αυτιά.	1286907	Sie hat mir die Ohren abgeschwatzt.
1286938	Πιστεύετε στο μάτι;	1286942	Glauben Sie an den bösen Blick?
1286901	Μου έφαγε τα αυτιά.	1286943	Er hat mich vollgelabert.
1286901	Μου έφαγε τα αυτιά.	1286944	Sie hat mich vollgelabert.
1286945	Τον κάλεσα να φάμε.	1286946	Ich habe ihn zum Essen eingeladen.
1286938	Πιστεύετε στο μάτι;	1286949	Glaubt ihr an den bösen Blick?
1286950	Τρώει σαν γουρούνι.	1286951	Er isst wie ein Schwein.
1286950	Τρώει σαν γουρούνι.	1286953	Sie isst wie ein Schwein.
1286990	Εκτός από την Μαρία ήταν όλοι παρόντες.	1286992	Bis auf Maria waren alle da.
1287009	Όλα πήγαν στραβά.	1287012	Alles ist schiefgelaufen.
1287009	Όλα πήγαν στραβά.	1287013	Alles ist schiefgegangen.
1287014	Η σκουριά τρώει το σίδερο.	1287016	Der Rost zersetzt das Eisen.
1287023	Έκανα τα στραβά μάτια.	1287024	Ich habe ein Auge zugedrückt.
1287045	Η χαρά ήταν ζωγραφισμένη στο πρόσωπό του.	1287048	Die Freude zeichnete sich in seinem Gesicht ab.
1287050	Αμάν τι έκανα!	1287051	Mein Gott, was habe ich getan!
1287050	Αμάν τι έκανα!	1287053	Du lieber Gott, was habe ich getan!
1287062	Αυτό βγάλ' το από το μυαλό σου.	1287064	Das kannst du dir aus dem Kopf schlagen.
1287068	Κάτι έπαθε το αυτοκίνητο και δεν παίρνει μπρος.	1287070	Irgendwas scheint mit dem Auto nicht in Ordnung zu sein. Es springt nicht an.
716541	Απαγορεύω το κάπνισμα στο δωμάτιό μου.	1287078	Ich verbiete es, in meinem Zimmer zu rauchen.
948546	Η Λιθουανία είναι μια σπουδαία χώρα.	1287082	Litauen ist ein tolles Land.
716060	Ακόμα δεν μπορούμε να το δούμε.	1287084	Wir können es noch nicht sehen.
716060	Ακόμα δεν μπορούμε να το δούμε.	1287085	Wir können es noch nicht absehen.
999563	Το μέγεθος δεν έχει σημασία.	1287086	Die Größe ist nicht so wichtig.
1289911	Δεν αμφέβαλα ποτέ γι' αυτό.	1289913	Daran habe ich nie gezweifelt.
1289919	Οι σκεπτικιστές αμφιβάλλουν για όλα.	1289922	Skeptiker zweifeln an allem.
1289932	Για σας τρέχει όλη μέρα ο πατέρας σας.	1289933	Für euch schuftet sich euer Vater den ganzen Tag ab.
1289936	Ο μισθός δεν του φτάνει να αντιμετωπίσει ούτε τα τρέχοντα έξοδα.	1289942	Sein Gehalt reicht noch nicht einmal, die laufenden Kosten zu bewältigen.
1289947	Έτρεξε στο σταθμό να μας υποδεχτεί.	1289948	Er rannte zum Bahnhof, um uns zu begrüßen.
1289957	Έλα να πιούμε ένα τσιγάρο.	1289962	Lass uns eine Zigarette rauchen.
1289963	Πάμε να πιούμε κάτι.	1289964	Lass uns was trinken gehen.
1289973	Θέλω να πιω κάτι δροσιστικό.	1289978	Ich möchte etwas Erfrischendes trinken.
1289984	Τον έδιωξαν από τη δουλειά του.	1289985	Man hat ihn gefeuert.
1289983	Δεν έχεις κανένα δικαίωμα να με διώξεις.	1289991	Du hast kein Recht, mich rauszuschmeißen.
1289984	Τον έδιωξαν από τη δουλειά του.	1289992	Sie haben ihn rausgeschmissen.
1290005	Άδικα περιμένουμε τόσες ώρες, δε θα ΄ρθει.	1290007	Wir warten hier umsonst so lange, er wird nicht kommen.
1290010	Τι περιμένεις; Δώσε μια απάντηση.	1290011	Auf was wartest du? Gib mir eine Antwort!
1290027	Μην τα τελειώσεις όλα τα λεφτά σου.	1290030	Gib nicht dein ganzes Geld aus.
1290035	Η ξηρά τελειώνει εκεί που αρχίζει η θάλασσα.	1290036	Das Ufer endet dort, wo das Meer beginnt.
1290043	Κατουρήθηκα από το φόβο μου.	1290045	Ich habe mir vor Angst fast in die Hose gemacht.
1290051	Κατουρήθηκα από τα γέλια.	1290054	Ich habe mir vor Lachen in die Hose gemacht.
1290067	Δε δουλεύει, είναι άνεργος.	1290071	Er arbeitet nicht, er ist arbeitslos.
1290075	Τι είναι αυτά που λες, μας δουλεύεις τώρα;	1290079	Was erzählst du denn da? Willst du uns auf den Arm nehmen?
1290084	Πέτυχε στις εξετάσεις.	1290086	Er hat die Prüfung bestanden.
1290084	Πέτυχε στις εξετάσεις.	1290087	Sie hat die Prüfung bestanden.
1290095	Μωρέ, συμπεριφορά να σου πετύχει!	1290097	Junge, so ein Zufall dich zu treffen!
1290102	Είναι αποφασισμένος να πετύχει στη ζωή του.	1290105	Er ist fest entschlossen, es zu etwas zu bringen.
1290106	Τον πέτυχα στο δρόμο ύστερα από χρόνια.	1290108	Nach Jahren habe ich ihn zufällig auf der Straße getroffen.
1290090	Πέτυχα μια καλή δουλειά.	1290117	Ich habe einen guten Job gefunden.
1289965	Άρχισε πάλι να πίνει.	1290122	Er hat wieder angefangen zu trinken.
1289965	Άρχισε πάλι να πίνει.	1290123	Sie hat wieder angefangen zu trinken.
1290155	Πες μας ένα τραγουδάκι.	1290157	Sing uns ein Liedchen.
1290147	Έλα το απόγευμα στο σπίτι, ας πούμε στις έξι.	1290160	Komm am Nachmittag zuhause vorbei, so um sechs.
1290169	Είναι καψούρης μαζί της.	1290171	Er ist total vernarrt in sie.
1290169	Είναι καψούρης μαζί της.	1290173	Er ist total verknallt in sie.
1290196	Δεν υποφέρω πια τη γκρίνια σου!	1290201	Ich halte dein Gejammer nicht mehr aus!
1290206	Δεν υποφέρω τα σχόλιά του.	1290211	Ich kann seine Kommentare nicht ertragen.
1290190	Δεν μπορούσα να τον βλέπω να υποφέρει.	1290215	Ich konnte ihn nicht leiden sehen.
1290217	Γιατί καίει το φως;	1290219	Warum brennt das Licht?
1290217	Γιατί καίει το φως;	1290220	Warum ist das Licht an?
1290534	Επαναλαμβάνεις διαρκώς τα ίδια.	1290538	Du wiederholst ständig dasselbe.
1290539	Σε ονειρεύτηκα χθες βράδυ.	1290540	Ich habe gestern Nacht von dir geträumt.
1290542	Ονειρεύεται έναν κόσμο χωρίς πολέμους.	1290544	Er träumt von einer Welt ohne Kriege.
1290551	Η φωτογραφία πέρασε από χέρι σε χέρι.	1290552	Das Foto wurde von Hand zu Hand gereicht.
1290553	Τον πέρασα για τον αδελφό σου.	1290554	Ich habe ihn für deinen Bruder gehalten.
1290555	Πέρασε χωρίς να μας χαιρετήσει.	1290557	Er ging vorbei, ohne uns zu grüßen.
1290563	Το χειρότερο πέρασε.	1290565	Das Schlimmste ist vorüber.
1290563	Το χειρότερο πέρασε.	1290566	Das Schlimmste ist vorbei.
1290571	Δε με θέλει πια.	1290573	Er liebt mich nicht mehr.
1290571	Δε με θέλει πια.	1290574	Sie liebt mich nicht mehr.
1290570	Τα μαλλιά σου θέλουν κόψιμο.	1290575	Deine Haare haben einen Schnitt nötig.
1290580	Τι ήθελα και του το είπα!	1290581	Warum habe ich es ihm nur gesagt!
1290584	Αυτό μας έλειπε τώρα!	1290586	Das hat uns gerade noch gefehlt!
1290589	Λίγο έλειψε να πέσω.	1290590	Ich wäre beinahe hingefallen.
1290591	Λείπει στο εξωτερικό.	1290592	Er ist im Ausland.
1290548	Το σπίτι πέρασε από πολλά χέρια.	1290597	Das Haus hat viele Eigentümer gehabt.
1290548	Το σπίτι πέρασε από πολλά χέρια.	1290599	Das Haus ist durch viele Hände gegangen.
1290600	Μοιάζουν σαν δύο σταγόνες νερό.	1290601	Sie gleichen sich wie ein Ei dem anderen.
1290605	Ο ακροβάτης παίζει με τη ζωή του.	1290606	Der Akrobat setzt sein Leben auf's Spiel.
1290607	Μου κόπηκε η όρεξη.	1290608	Mir ist der Appetit vergangen.
1290609	Μη μας κόβεις όταν μιλάμε.	1290611	Unterbrich uns nicht, wenn wir uns unterhalten.
1290612	Έκοψε το ποτό.	1290614	Er hat aufgehört zu trinken.
1290615	'Εκοψε το κάπνισμα.	1290617	Er hat das Rauchen aufgegeben.
1290620	Νομίζω πως κάτι μαγειρεύεται πίσω από την πλάτη μου.	1290621	Ich glaube, dass irgendetwas hinter meinem Rücken ausgeheckt wird.
1290851	Μήνες τώρα γυρεύει δουλειά.	1290854	Seit Monaten sucht er einen Job.
1290851	Μήνες τώρα γυρεύει δουλειά.	1290855	Seit Monaten sucht er eine Arbeit.
1290857	Μου γύρεψε να του δανείσω δέκα ευρώ.	1290859	Er bat mich, ihm zehn Euro zu leihen.
1290860	Η νεοελληνική δανείστηκε πολλές λέξεις από τη γαλλική γλώσσα.	1290861	Die neugriechische Sprache hat viele Lehnwörter aus dem Französischen.
1290863	Σ΄ έψαχνα όλη μέρα, αλλά δε σε βρήκα πουθενά.	1290864	Ich habe dich den ganzen Tag gesucht, aber dich nirgendwo gefunden.
1290866	Κάναμε δυο ώρες μέχρι την Αθήνα.	1290867	Bis Athen haben wir zwei Stunden gebraucht.
1290869	Δεν μπορεί να κάνει χωρίς τσιγάρο.	1290871	Er kann es ohne Zigaretten nicht aushalten.
1290869	Δεν μπορεί να κάνει χωρίς τσιγάρο.	1290872	Sie kann es ohne Zigaretten nicht aushalten.
1290874	Καλά έκανες και πήγες.	1290875	Es war gut, dass du hingegangen bist.
1290881	Είναι δασκάλα και όλη την ημέρα έχει να κάνει με παιδιά.	1290883	Sie ist Lehrerin und sie hat den ganzen Tag mit Kindern zu tun.
1290886	Κάνει δέκα ώρες για να ντυθεί.	1290888	Er braucht zehn Stunden, um sich anzuziehen.
1290886	Κάνει δέκα ώρες για να ντυθεί.	1290889	Sie braucht zehn Stunden, um sich anzuziehen.
1290892	Πέντε και τρία μας κάνουν οκτώ.	1290893	Fünf und drei machen acht.
1290896	Μόλις έκανε να μιλήσει, τον διέκοψαν.	1290897	Kaum wollte er anfangen zu reden, wurde er unterbrochen.
1290896	Μόλις έκανε να μιλήσει, τον διέκοψαν.	1290898	Kaum wollte sie anfangen zu reden, wurde sie unterbrochen.
1290916	Ο καφές είναι πολύ βαρύς για μένα.	1290917	Der Kaffee ist mir zu stark.
1291149	Τσαντίστηκε πάρα πολύ και δε μου ξαναμίλησε.	1291165	Er hat sich tierisch aufgeregt und seitdem nicht mehr mit mir gesprochen.
1291169	Είναι μαλωμένοι χρόνια τώρα.	1291171	Sie sind schon seit Jahren zerstritten.
1291176	Κόλλησε το μυαλό μου.	1291179	Ich habe eine Denkblockade. Ich komme einfach nicht weiter.
1291176	Κόλλησε το μυαλό μου.	1291181	Ich bin hängengeblieben.
1291184	Κόλλα το!	1291189	Gib mir fünf!
1291191	Μη φοβάσαι, αυτή η αρρώστια δεν κολλάει.	1291193	Mach dir keine Sorgen, diese Krankheit ist nicht ansteckend.
1291191	Μη φοβάσαι, αυτή η αρρώστια δεν κολλάει.	1291194	Hab keine Angst, diese Krankheit ist nicht ansteckend.
1291206	Σ' αυτό δε βγάζω άκρη εγώ.	1291208	Daraus werde ich nicht schlau.
1291217	Βρήκα την παρέα μου στο καφενείο.	1291218	Ich habe meine Freunde im Café gefunden.
1291217	Βρήκα την παρέα μου στο καφενείο.	1291219	Ich habe meine Clique im Café gefunden.
1291222	Θα σου κάνω παρέα.	1291224	Ich leiste dir Gesellschaft.
1291310	Δεν μπόρεσε να ξεπεράσει το θάνατο του άντρα της.	1291312	Sie konnte den Tod ihres Mannes nicht verkraften.
1291317	Θα μας φτάσει η βενζίνη;	1291319	Wird uns das Benzin hinreichen?
1293658	Είναι να τραβάς τα μαλλιά σου.	1293659	Es ist zum Haareraufen.
1293670	Πλήρωσα τα μαλλιά της κεφαλής μου.	1293671	Das hat mich ein Heidengeld gekostet.
1293678	Δεν ξέρεις τι τράβηξα!	1293679	Du weißt nicht, was ich alles durchgemacht habe!
1293681	Είναι τραβηγμένο από τα μαλλιά.	1293683	Das ist an den Haaren herbeigezogen.
1293686	Του τράβηξα ένα χαστούκι.	1293687	Ich habe ihm eine Ohrfeige verpasst.
1293736	Ο γιατρός τού τράβηξε το δόντι με την τανάλια.	1293737	Der Arzt hat mir den Zahn mit der Zange gezogen.
1293738	Με την τανάλια του έβγαλα τα λόγια.	1293739	Ich musste ihm alles aus der Nase ziehen.
1293840	Τα σεντόνια αλλάχτηκαν χτες.	1293843	Die Bettlaken wurden gestern gewechselt.
1293846	Έχει νεανική φωνή.	1293849	Er hat eine junge Stimme.
1293846	Έχει νεανική φωνή.	1293850	Sie hat eine junge Stimme.
1293861	Αυτή η λέξη γράφεται με κεφαλαίο.	1293862	Dieses Wort wird großgeschrieben.
1293874	Έπιασε την κιθάρα και άρχισε να παίζει.	1293919	Er nahm die Gitarre und fing an zu spielen.
1293872	Από τότε που έφυγε, μου έγραψε μόνο μια φορά.	1293924	Seitdem er weg ist, hat er mir nur einmal geschrieben.
1293950	Χάλασε το αυτοκίνητο και το πήγα στο συνεργείο να μου το φτιάξουν.	1293953	Das Auto ist kaputtgegangen und ich habe es zur Werkstatt gebracht, um es reparieren zu lassen.
1293960	Πάθαμε βλάβη.	1293961	Wir hatten eine Panne.
1293964	Βεβαιώσου ότι οι πόρτες είναι κλειδωμένες.	1293966	Überzeug dich davon, dass die Türen abgeschlossen sind.
1294639	Αργήσαμε, ώρα να φεύγουμε.	1294640	Wir sind spät dran, Zeit abzuhauen.
1294649	Αποφεύγει το αλκοόλ.	1294651	Er meidet den Alkohol.
1294665	Δεν έχουμε μοίρα στον ήλιο.	1294666	Wir haben keinen Platz an der Sonne.
1294669	Κανείς δεν ξέρει τι του έχει γράψει η μοίρα.	1294672	Niemand weiß, was in seinem Schicksal geschrieben steht.
1294642	Μου 'φυγε ο ύπνος.	1294682	Ich finde keinen Schlaf mehr.
1294653	Μπορεί να πάω, μπορεί και να μην πάω.	1294685	Vielleicht gehe ich hin, vielleicht auch nicht.
1294724	Τι έχω να κάνω εγώ με όλα αυτά;	1294725	Was habe ich denn damit zu tun?
1294758	Θα δεις ότι έχω δίκιο.	1294761	Du wirst schon sehen, dass ich Recht habe.
1294779	Μη στεναχωριέσαι, εγώ θα σε βοηθήσω.	1294781	Mach dir keine Sorgen, ich helfe dir.
1294845	Έμαθα να κοιμάμαι νωρίς.	1294848	Ich habe mich daran gewöhnt, früh schlafen zu gehen.
1294851	Έμαθα για το γάμο σου.	1294854	Ich habe von deiner Hochzeit erfahren.
1294856	Θα σου μάθω γερμανικά.	1294859	Ich werde dir Deutsch beibringen.
1294885	Δύο καρπούζια κάτω από μια μασχάλη δε χωράνε.	1294891	Man kann nicht auf zwei Hochzeiten tanzen.
1294885	Δύο καρπούζια κάτω από μια μασχάλη δε χωράνε.	1294929	Man kann nicht alles zugleich haben.
1294936	Δάσκαλε που δίδασκες και νόμο δεν εκράτεις.	1294938	Du predigst Wasser, aber trinkst Wein.
1294955	Είπε ο γάιδαρος τον πετεινό κεφάλα.	1294956	Ein Esel schimpft den anderen Langohr.
1294957	Στου κουφού την πόρτα όσο θέλεις βρόντα.	1294958	Bei tauben Ohren predigt man vergebens.
1295587	Ξεκίνησε να γράφει ένα μυθιστόρημα.	1295589	Er hat angefangen, einen Roman zu schreiben.
1295587	Ξεκίνησε να γράφει ένα μυθιστόρημα.	1295590	Sie hat angefangen, einen Roman zu schreiben.
1295600	Εδώ είσαι ακόμη; Νόμιζα πως είχες φύγει.	1295603	Du bist noch hier? Ich dachte, du wärst schon fort.
1295617	Η μνήμη μου με προδίδει συχνά.	1295621	Das Gedächtnis lässt mich oft im Stich.
1295634	Προσπάθησαν να τον δολοφονήσουν.	1295635	Sie versuchten, ihn umzubringen.
1296444	Αναζητάω λίγη ηρεμία.	1296445	Ich sehne mich nach ein wenig Ruhe.
1297293	Ίσως δεν είσαι κι ο πιο ομιλητικός τύπος. Αυτό, όμως, δεν σημαίνει ότι δεν έχεις πολλά να πεις.	1297297	Vielleicht bist du nicht der gesprächigste Typ. Das heißt aber nicht, dass du nicht viel zu sagen hast.
1297333	Από τη πρώτη στιγμή κατάλαβα ότι δεν ήταν και πολύ ομιλητικός άνθρωπος.	1297339	Ich habe sofort bemerkt, dass er nicht wirklich sehr gesprächig ist.
1297355	Ξέρετε γιατί ο Αϊνστάιν έβγαλε τη γλώσσα του;	1297356	Wisst ihr, warum Einstein seine Zunge herausgestreckt hat?
1297361	Με τρώει η γλώσσα μου να του το πω.	1297362	Ich würde es ihm am liebsten sagen.
1297364	Γλώσσα λανθάνουσα τ' αληθή λέγει.	1297365	Wer sich verspricht, sagt eigentlich die Wahrheit.
1297366	Κόβει και ράβει η γλώσσα του.	1297367	Er ist sehr redegewandt.
1297368	Πού πάω να μπλέξω;	1297370	Worauf lasse ich mich da eigentlich ein?
1297374	Πού να το φανταστώ;	1297375	Wie sollte ich das ahnen?
1297376	Δεν μπορείς να φανταστείς πόσο μου αρέσει!	1297377	Du kannst dir nicht vorstellen, wie sehr es mir gefällt!
1297410	Να σε βγάλω ως την πόρτα.	1297412	Ich bringe dich bis zur Tür.
1297465	Δείξτε μου την ταυτότητά σας.	1297466	Zeigen Sie mir Ihren Personalausweis.
1297471	Δείχνει δέκα χρόνια μικρότερος.	1297473	Er sieht zehn Jahre jünger aus.
1297476	Δείχνεις στενοχωρημένος, τι συμβαίνει;	1297477	Du siehst besorgt aus, was ist los?
1297481	Δείχνεις να μην κοιμήθηκες αρκετά.	1297482	Du siehst aus, als hättest du nicht genug geschlafen.
1297493	Μου έδειξε πολλά κόλπα με την τράπουλα.	1297496	Er hat mir viele Kartentricks beigebracht.
1297497	Δε δείχνει τα αισθήματά του.	1297499	Er zeigt seine Gefühle nicht.
1297507	Τους έδειξε το μεσαίο δάχτυλο.	1297509	Er hat ihnen den Mittelfinger gezeigt.
1297512	Την πένα την κρατάμε με δύο δάχτυλα, τον αντίχειρα και το δείκτη.	1297513	Den Füller halten wir mit zwei Fingern: dem Daumen und dem Zeigefinger.
1297678	Με πειράζει που δεν έρχεται ποτέ στην ώρα του.	1297679	Mich regt es auf, dass er nie pünktlich kommt.
1297682	Κάπνισε, δε με πειράζει.	1297683	Rauch ruhig, es macht mir nichts aus.
1297690	Με το παραμικρό πειράζεται.	1297691	Beim Allerkleinsten ist er schon beleidigt.
1297726	Πόσο καιρό θα καθίσεις στην Αθήνα;	1297729	Wie lange bleibst du in Athen?
1297762	Ο άνθρωπος ανήκει στα θηλαστικά.	1297763	Der Mensch gehört zu den Säugetieren.
1297769	Αυτά ανήκουν στο παρελθόν.	1297771	Das gehört der Vergangenheit an.
1297811	Εμείς δουλεύουμε κι αυτός κοιτάζει.	1297812	Wir arbeiten und er schaut zu.
1297814	Με κοίταξε από πάνω ως κάτω.	1297816	Er hat mich von oben bis unten angeschaut.
1297818	Ποιος θα κοιτάει το σπίτι όσο θα λείπεις;	1297819	Wer wird während deiner Abwesenheit nach dem Haus schauen?
1297818	Ποιος θα κοιτάει το σπίτι όσο θα λείπεις;	1297820	Wer wird nach dem Haus schauen, während du weg bist?
1297825	Κοίτα μη σε υποψιαστούνε.	1297826	Pass auf, dass sie dich nicht verdächtigen.
1297827	Μας έκανε ρεζίλι με τα καμώματά του.	1297828	Er hat uns mit seinem Getue lächerlich gemacht.
1297833	Θα ΄πρεπε να ντρέπεσαι που μου φέρθηκες έτσι!	1297835	Du solltest dich schämen, mich so zu behandeln!
1299486	Εξακολουθεί να έχει προβλήματα μαζί του.	1299487	Er hat weiterhin Probleme mit ihm.
1299486	Εξακολουθεί να έχει προβλήματα μαζί του.	1299488	Sie hat weiterhin Probleme mit ihm.
1299884	Με το ζόρι το κατάφερε.	1299888	Er hat es nur mit großer Mühe geschafft.
1299884	Με το ζόρι το κατάφερε.	1299890	Sie hat es nur mit großer Mühe geschafft.
1299882	Τράβηξε πολλά ζόρια στη ζωή του.	1299891	Er hat in seinem Leben viel durchmachen müssen.
1299906	Τον βασανίζουν οι τύψεις.	1299907	Ihn quälen Gewissensbisse.
1300818	Τα άσχημα νέα κυκλοφορούν γρήγορα.	1300819	Die schlechten Nachrichten verbreiten sich schnell.
1300842	Το δικαστήριο δεν είχε επαρκή στοιχεία για να τον καταδικάσει.	1300844	Das Gericht hatte nicht genügend Beweise, um ihn zu verurteilen.
1300847	Βάζω στοίχημα ότι δε λέει την αλήθεια.	1300848	Ich wette, er sagt nicht die Wahrheit.
1300853	Με το σεισμό γκρεμίστηκαν πολλά σπίτια.	1300854	Durch das Erdbeben sind viele Häuser eingestürzt.
1300855	Αποφάσισαν να γκρεμίσουν το παλιό τους σπίτι για να χτίσουν πολυκατοικία.	1300858	Sie haben beschlossen, ihr altes Haus abzureißen, um dort ein Mehrfamilienhaus zu errichten.
1300872	Θέλω να φαίνεται σαν διάρρηξη.	1300874	Ich möchte, dass es wie ein Einbruch aussieht.
1300908	Προσπάθησαν να τον ξεγελάσουν αλλά δεν την πάτησε.	1300909	Sie haben versucht, ihn hereinzulegen, aber er ist nicht darauf hereingefallen.
1301134	Εσύ δε χωνεύεσαι με τίποτα!	1301135	Du bist einfach unausstehlich!
1301733	Με τέτοιον καιρό τι να κάνουμε;	1301735	Was sollen wir bei so einem Wetter machen?
1302755	Αν με ξαναδείς, γράψε μου!	1302756	Mich siehst du nie wieder!
1302759	Άνοιξε η γη και τον κατάπιε.	1302760	Er ist wie vom Erdboden verschwunden.
1302763	Βγαίνει από τα ρούχα του με το παραμικρό.	1302765	Er fährt beim geringsten Anlass aus der Haut.
1302834	Μου κάνει το βίο αβίωτο.	1302835	Er macht mir das Leben zur Hölle.
1302852	Όποιος έχει φίλους δε χρειάζεται τα πλούτη.	1302853	Wer Freunde hat, braucht keine Reichtümer.
1302871	Περασμένα, ξεχασμένα.	1302875	Die Sache ist vergeben und vergessen.
1302871	Περασμένα, ξεχασμένα.	1302876	Schwamm drüber.
1302893	Χάσου από τα μάτια μου!	1302896	Geh mir aus den Augen!
1302903	Τον πέταξαν στους πέντε δρόμους.	1302904	Sie haben ihn auf die Straße gesetzt.
1302941	Καρφί δεν του καίγεται!	1302942	Das ist ihm völlig schnuppe!
1302945	Αλλού να τα πουλάς αυτά!	1302946	Das kannst du jemand anderem weismachen!
1302985	Θα σταματήσεις τις μαλακίες;	1302986	Hörst du jetzt endlich mit dem Mist auf?
1302983	Όλο μαλακίες κάνει.	1302988	Er macht nur Mist.
1303354	Το αεροπλάνο χάνει ύψος.	1303356	Das Flugzeug verliert an Höhe.
1303525	Παράτησε τη δουλειά του κι έφυγε.	1303528	Er hat seine Arbeit aufgegeben und ist abgehauen.
1303553	Το αυτοκίνητό μου είναι σαράβαλο.	1303554	Mein Auto ist eine Schrottkiste.
1303552	Αυτός ο υπολογιστής είναι σαράβαλο. Συνέχεια χαλάει.	1303558	Dieser Computer ist nicht zu gebrauchen. Andauernd geht er kaputt.
1303552	Αυτός ο υπολογιστής είναι σαράβαλο. Συνέχεια χαλάει.	1303560	Dieser Computer ist einfach Schrott. Andauernd geht er kaputt.
1303616	Σε αυτό το υποκατάστημα απασχολούνται 20 συνεργάτες.	1303617	In dieser Filiale sind 20 Mitarbeiter beschäftigt.
1303666	Γιατί μοιάζουν με φυλακές τα σχολεία μας;	1303667	Warum sehen unsere Schulen aus wie Gefängnisse?
1305441	Έχει να βρέξει δυο μήνες.	1305442	Seit zwei Monaten hat es nicht geregnet.
1306437	Ο γιατρός με γλίτωσε από βέβαιο θάνατο.	1306438	Der Arzt hat mich vor dem sicheren Tod gerettet.
1306443	Κράτα τις συμβουλές για τον εαυτό σου.	1306444	Deine Ratschläge kannst du dir sparen.
1306451	Η καταναλωτική κοινωνία συμβάλλει σε μια συνεχή αύξηση του όγκου των οικιακών αποβλήτων.	1306452	Unsere Konsumgesellschaft erzeugt immer größere Mengen von Hausmüll.
1306463	Επιτέλους, ξεκουμπίστηκαν!	1306464	Endlich sind sie abgehauen!
1306475	Όλοι είμαστε μετανάστες, αν όχι σε πρώτο πρόσωπο, οπωσδήποτε στη μορφή κάποιου συγγενή ή προγόνου.	1306476	Wir sind alle Immigranten, wenn nicht in eigener Person, so doch in der Person eines Angehörigen oder Vorfahren.
1306487	Τα δικαιώματα των γυναικών είναι ανθρώπινα δικαιώματα.	1306489	Frauenrechte sind Menschenrechte.
1307547	Πόσα ξοδεύετε το μήνα;	1307550	Wie viel geben Sie im Monat aus?
1307547	Πόσα ξοδεύετε το μήνα;	1307551	Wie viel gebt ihr im Monat aus?
1307891	Παραπονέθηκα στον καθηγητή για τη βαθμολογία μου.	1307892	Ich habe mich beim Lehrer über meine Benotung beschwert.
1307896	Όλα τα ήξερες και έκανες την πάπια.	1307897	Du wusstest über alles Bescheid und hast dich einfach dumm gestellt.
1307922	Μια κουβέντα είπα, μη με παρεξηγείς.	1307926	Ich habe nur eine Bemerkung gemacht, versteh mich nicht falsch.
1307923	Δεν έβγαλε κουβέντα.	1307930	Er hat nicht ein Wort gesagt.
1307936	Οι Αλγερινοί είναι φιλόξενος λαός.	1307937	Die Algerier sind ein gastfreundliches Volk.
1307932	Σ΄ όλο το ταξίδι δεν είπε κουβέντα.	1307938	Auf der ganzen Fahrt hat er nicht ein Wort gesagt.
1307960	Καταδικάστηκε σε ισόβια. Μέχρι σήμερα ισχυρίζεται πως είναι αθώος.	1307964	Er wurde zu lebenslänglich verurteilt. Bis heute behauptet er, unschuldig zu sein.
1308296	Δεν θα υπάρξει ειρήνη χωρίς δικαιοσύνη.	1308321	Ohne Gerechtigkeit kann es keinen Frieden geben.
1308364	Τα δικαιώματα δε χαρίζονται, κατακτώνται.	1308397	Rechte werden uns nicht geschenkt, sondern erkämpft.
1308794	Πνίγομαι στα χρέη.	1308796	Ich stecke bis über die Ohren in Schulden.
1308792	Πνίγεται σε μια κουταλιά νερό.	1308800	Er stolpert über jeden Strohhalm.
1308853	Η υπόθεση ξεκαθαρίστηκε.	1308856	Die Sache hat sich geklärt.
1073680	Τα λουλούδια μαράθηκαν χωρίς νερό.	1309230	Die Blumen sind ohne Wasser eingegangen.
425918	Είναι ολοκαίνουργιο.	1309767	Es ist nagelneu.
1309781	Σε τι χρησιμεύει αυτό;	1309782	Wozu dient das?
1309788	Οι συμβουλές σου μου χρησίμεψαν πολύ.	1309792	Deine Ratschläge waren mir sehr nützlich.
1310174	Τα έχει όλα ανακατεμένα στο μυαλό του.	1310176	Er ist völlig durcheinander.
1310178	Εσύ τι ανακατεύεσαι, σε ρώτησε κανένας;	1310187	Was mischst du dich eigentlich ein? Hat dich jemand gefragt?
1310287	Δε θέλω να ανακατευτώ καθόλου σ' αυτό.	1310288	Damit will ich überhaupt nichts zu tun haben.
1310425	Το ενοίκιο είναι 700 ευρώ χωρίς θέρμανση.	1310426	Die Miete beträgt 700 Euro kalt.
1310489	Μάζεψε τα πράγματά σου και εξαφανίσου!	1310490	Pack deinen Kram zusammen und verschwinde!
1310550	Τρεις παρά πήγε η ώρα.	1310552	Es ist schon fast drei.
1310558	Είναι τεσσερις παρά πέντε.	1310559	Es ist fünf Minuten vor vier.
1310558	Είναι τεσσερις παρά πέντε.	1310561	Es ist fünf vor vier.
1310564	Είναι τρεις παρά τέταρτο.	1310566	Es ist Viertel vor drei.
1310584	Πέφτει το ταβάνι να με πλακώσει.	1310588	Mir fällt die Decke auf den Kopf.
1310601	Αγαπάει βαθιά τους θετούς γονείς της.	1310602	Sie liebt ihre Adoptiveltern von ganzem Herzen.
1313831	Απαγορεύεται η είσοδος!	1313832	Zutritt verboten!
1314836	Πώς μπόρεσε να συμβεί αυτό;	1314838	Wie konnte das geschehen?
1315258	Θα το κάνω ύστερα.	1315260	Das mache ich nachher.
1315256	Ξαναβρεθήκαμε ύστερα από πολλά χρόνια.	1315263	Wir haben uns nach vielen Jahren wiedergetroffen.
1315253	Ξαναβρήκα τα κλειδιά που είχα χάσει.	1315269	Ich habe die Schlüssel wiedergefunden, die ich verloren hatte.
1315276	Πότε θα ξαναϊδωθούμε;	1315277	Wann sehen wir uns wieder?
1315300	Άντε γεια!	1315302	Tschüss dann!
1315331	Το πήρα για αστείο και δεν απάντησα.	1315332	Ich habe es für einen Scherz gehalten und nicht darauf geantwortet.
1315342	Πήρες μαζί σου την ταυτότητά σου;	1315343	Hast du deinen Ausweis dabei?
1315342	Πήρες μαζί σου την ταυτότητά σου;	1315344	Hast du deinen Ausweis mit?
1315489	Αυτός βολεύεται με ό,τι να 'ναι.	1315491	Er ist mit allem zufrieden.
1315503	Δεν έχει συμβεί ποτέ να αργήσει τόσο πολύ.	1315508	Er hat sich noch nie so verspätet.
1315500	Κάνει σαν να μη συνέβη τίποτε.	1315510	Er tut so, als wäre nichts passiert.
1315506	Συμβαίνει και στις καλύτερες οικογένειες.	1315511	Das passiert selbst in den besten Familien.
1315763	Ντυθήκαμε κυριλέ, αυτή με σικάτο φόρεμα εξόδου κι εγώ με γραβατούλα και κουστούμι.	1315764	Wir hatten uns ins Schale geschmissen, sie im eleganten Nachtkleid und ich in Krawatte und Anzug.
1317165	Εδώ και χρόνια την απατά ο άντρας της.	1317167	Ihr Mann betrügt sie schon seit Jahren.
1317170	Με απάτησες ποτέ;	1317171	Hast du mich jemals betrogen?
1317229	Φοβάμαι μήπως το παιδί μου πάρει ναρκωτικά.	1317231	Ich habe Angst, dass mein Kind vielleicht Drogen nimmt.
1319082	Τα ευκόλως εννοούμενα παραλείπονται.	1319083	Selbstverständliches braucht nicht erwähnt zu werden.
1319085	Την Τετάρτη μου κόψανε το ρεύμα.	1319086	Am Mittwoch haben sie mir den Strom gekappt.
1319179	Δε με κρατάει τίποτα πια εδώ.	1319181	Mich hält hier nichts mehr.
1319186	Μας προσπέρασαν δύο αυτοκίνητα.	1319187	Uns haben zwei Autos überholt.
1319206	Ένεψε με το κεφάλι.	1319207	Er hat mit dem Kopf genickt.
1322567	Κατακρίνει τους πάντες και τα πάντα.	1322568	Er hat an allem etwas zu kritisieren.
1322650	Παραδέξου ότι έκανες λάθος.	1322651	Gib doch zu, dass du einen Fehler gemacht hast!
1322650	Παραδέξου ότι έκανες λάθος.	1322656	Gib zu, dass du einen Fehler gemacht hast!
1323596	Λατρεύει τη γυναίκα του.	1323605	Er liebt seine Frau.
1323607	Λατρεύει τα παιδιά του.	1323608	Er liebt seine Kinder.
1323629	Λατρεύω τη γεύση των μανιταριών.	1323631	Ich liebe den Geschmack von Pilzen.
1324658	Αν οι εκλογές αλλάζαν κάτι, θα ήταν παράνομες.	1324659	Wenn Wahlen etwas ändern würden, wären sie verboten.
1333551	Αυτό μου κόβει την ανάσα.	1333552	Das verschlägt mir den Atem.
1334816	Πάλι μου λες ψέματα.	1334817	Du lügst mich schon wieder an.
1340957	Περαστικά!	1340958	Gute Besserung!
1340990	Όχι, αποκλείεται να το συζητάς.	1340993	Das kommt gar nicht in Frage.
1341041	Είναι Ιχθύς.	1341042	Sie ist Fisch.
1341041	Είναι Ιχθύς.	1341043	Er ist Fisch.
1341864	Είναι τζάμπα.	1341865	Das ist umsonst.
1342838	Δε θέλω να έχω παρτίδες μαζί του.	1342839	Ich will mit ihm nichts zu tun haben.
1342843	'Εμεινα κόκκαλο από έκπληξη.	1342845	Ich war ganz baff.
1342918	Έκλεισε τα 16.	1342919	Er ist 16 geworden.
1342918	Έκλεισε τα 16.	1342920	Er ist 16 Jahre alt geworden.
1342918	Έκλεισε τα 16.	1342921	Sie ist 16 geworden.
1342918	Έκλεισε τα 16.	1342922	Sie ist 16 Jahre alt geworden.
1342940	Πότε κουρεύτηκες;	1342941	Wann hast du dir die Haare schneiden lassen?
1350438	Έχω τύψεις που του αρνήθηκα τη βοήθειά μου.	1350441	Ich habe Gewissensbisse, weil ich ihm meine Hilfe verweigert habe.
1350435	Ομολόγησε το έγκλημα, επειδή τον βασάνιζαν οι τύψεις.	1350445	Er hat das Verbrechen zugegeben, weil ihn die Gewissensbisse quälten.
1364600	Λέει δύσκολα όχι.	1364603	Er kann schlecht nein sagen.
1364823	Τι το ιδιαίτερο να πω πάνω σ' αυτό;	1364825	Was soll ich groß dazu sagen?
1365795	Οι παραδόσεις παραμένουν ζωντανές.	1365796	Die Traditionen bleiben bestehen.
1369698	Εγώ τα λέω, εγώ τ' ακούω!	1369716	Da kann ich auch mit den Wänden reden!
1370311	Ενοχλώ;	1370315	Störe ich?
1370327	Τι σ' ενοχλεί σ' αυτόν;	1370329	Was stört dich an ihm?
1370376	Μούσκεμα τα έκανε στις εξετάσεις.	1370378	Er hat die Prüfung verhauen.
1370376	Μούσκεμα τα έκανε στις εξετάσεις.	1370380	Er hat die Klausur verhauen.
1371798	Χόρτασα πια να ακούω συνέχεια τα ίδια.	1371802	Ich hab's satt, ständig das Gleiche zu hören.
1371900	Είμαι κι εγώ άνεργος.	1371902	Ich bin auch arbeitslos.
1322365	Δεν αξίζει τον κόπο.	1371993	Es lohnt sich nicht.
1322419	Θα είμαι μαζί σας αμέσως.	1383016	Ich bin sofort bei Ihnen.
1321790	Ήμουν απογοητευμένη από τον γιο μου.	1383020	Ich war von meinem Sohn enttäuscht.
1321788	Ο γιος μου με απογοήτευσε.	1383021	Mein Sohn hat mich enttäuscht.
1314829	Ξέχνα το. Δεν αξίζει τον κόπο.	1383066	Vergiss es. Es ist nicht die Mühe wert.
1313879	Δεν κράτησε το λόγο του.	1383068	Er hat sein Wort nicht gehalten.
1383206	Μπορεί.	1383207	Kann sein.
1294724	Τι έχω να κάνω εγώ με όλα αυτά;	1383829	Was geht mich das alles an?
1297342	Δεν ήταν ανάγκη αυτό.	1383857	Das war doch nicht nötig.
1303580	Το αυτοκίνητο του μέλλοντος δεν χρειάζεται οδηγό.	1383864	Das Auto der Zukunft braucht keinen Fahrer.
1310476	Τότε κάν' το μόνος σου!	1383897	Dann mach es doch alleine!
1320862	Πες μου τι να κάνω.	1383917	Sag mir, was ich tun soll.
1384210	Είναι περασμένα μεσάνυχτα.	1384212	Es ist schon nach Mitternacht.
1384216	Κοιμάται ήδη.	1384220	Er schläft schon.
1384208	Έχει περασμένα τα 70.	1384236	Er ist schon über 70.
1302759	Άνοιξε η γη και τον κατάπιε.	1384331	Er ist wie vom Erdboden verschluckt.
1384322	Ανοίξτε τα βιβλία σας στη σελίδα εκατόν πενήντα.	1384338	Schlagt eure Bücher auf Seite hundertfünfzig auf.
1384314	Άνοιξε το παράθυρο να μπει καθαρός αέρας.	1384496	Mach das Fenster auf, damit frische Luft reinkommt.
1384316	Άνοιξα την πόρτα με αντικλείδι.	1384498	Ich habe die Tür mit einem Dietrich geöffnet.
1370893	Μην ανακατεύεσαι εκεί που δε σε σπέρνουν.	1384528	Misch dich nicht in Angelegenheiten, die dich nichts angehen.
1370893	Μην ανακατεύεσαι εκεί που δε σε σπέρνουν.	1384530	Misch dich nicht in Angelegenheiten ein, die dich nichts angehen.
1369280	Πότε φτάσατε;	1384552	Wann seid ihr angekommen?
1369280	Πότε φτάσατε;	1384553	Wann sind Sie angekommen?
1364607	Ανακατεύτηκε το στομάχι μου.	1384565	Mir ist schlecht geworden.
1342858	Με χαιρέτησε.	1384583	Er hat mich gegrüßt.
1341069	Με τρελαίνεις με αυτό που κάνεις.	1384595	Du machst mich noch ganz wahnsinnig.
1334580	Αυτή είναι η γυναίκα μου.	1384627	Das ist meine Frau.
1321703	Όλα θα πάνε καλά.	1384676	Alles wird gut.
1321468	Πες μου τι θέλεις.	1384692	Sag mir, was du möchtest.
1321406	Όλος ο κόσμος τον αγαπάει.	1384701	Alle lieben ihn.
1320855	Έχει γαλάζια μάτια.	1384708	Er hat blaue Augen.
1320844	Κάνει δίαιτα.	1384715	Er ist auf Diät.
1320841	Κάνε ό, τι νομίζεις.	1384716	Mach, was du für richtig hältst.
331190	Σας είπα ήδη ότι δεν είναι εδώ.	1385848	Ich habe euch doch schon gesagt, dass er nicht hier ist.
331190	Σας είπα ήδη ότι δεν είναι εδώ.	1385849	Ich habe euch doch schon gesagt, dass sie nicht hier ist.
331190	Σας είπα ήδη ότι δεν είναι εδώ.	1385851	Ich habe Ihnen doch schon gesagt, dass er nicht hier ist.
331190	Σας είπα ήδη ότι δεν είναι εδώ.	1385853	Ich habe Ihnen doch schon gesagt, dass sie nicht hier ist.
331190	Σας είπα ήδη ότι δεν είναι εδώ.	1385854	Ich habe euch doch schon gesagt, dass sie nicht hier sind.
331190	Σας είπα ήδη ότι δεν είναι εδώ.	1385856	Ich habe Ihnen doch schon gesagt, dass sie nicht hier sind.
338367	Έχεις λείψει τόσα χρόνια.	1385862	Du warst so viele Jahre fort.
338360	Θα το ξαναπροσπάθησω.	1385865	Ich werde es noch einmal versuchen.
338369	Πότε γεννήθηκε;	1385882	Wann ist er geboren?
338369	Πότε γεννήθηκε;	1385883	Wann ist sie geboren?
338369	Πότε γεννήθηκε;	1385884	Wann wurde er geboren?
716035	Παρακαλώ πες μου το όνομά σου.	1385923	Sag mir bitte, wie du heißt.
939751	Λέει ψέματα.	1385949	Sie lügt.
998987	Έχω κάτι για σένα.	1385971	Ich habe was für dich.
1386115	Πρωτεύουσα του Μαρόκου είναι το Ραμπάτ.	1386118	Die Hauptstadt Marokkos ist Rabat.
1386551	Με απήγαγαν εξωγήινοι.	1386553	Ich wurde von Außerirdischen gekidnappt.
1386551	Με απήγαγαν εξωγήινοι.	1386557	Ich bin von Außerirdischen gekidnappt worden.
1386661	Γεννήθηκα το 1982 στην Αθήνα, όπου και κατοικώ ακόμα.	1386663	Ich bin 1982 in Athen geboren, wo ich auch heute noch lebe.
1386685	Έδωσαν στο παιδί το όνομα του παππού.	1386686	Sie haben das Kind nach dem Großvater genannt.
1386685	Έδωσαν στο παιδί το όνομα του παππού.	1386693	Sie haben das Kind nach seinem Großvater genannt.
1386696	Πώς με βρήκες;	1386700	Wie hast du mich gefunden?
1386765	Δεν είναι κατάσταση αυτή!	1386767	Das ist doch kein Zustand!
1386787	Πάω να κοιμηθώ, γιατί άρχισα να νυστάζω.	1386793	Ich gehe schlafen, weil ich müde werde.
1386823	Γιατί μου το ΄κρυψες;	1386824	Warum hast du es mir denn nicht gesagt?
1386826	Ξημερώνει.	1386827	Es wird Tag.
1386826	Ξημερώνει.	1386828	Es wird hell.
1386847	Νυχτώνει.	1386848	Es wird dunkel.
1386847	Νυχτώνει.	1386850	Es wird Nacht.
1387075	Κλείστε την πόρτα, κάνει ρεύμα.	1387076	Tür zu, es zieht.
1387086	Γκολ!	1387087	Tor!
1387129	Τα βασικά συστατικά του ελληνικού φραπέ είναι στιγμιαίος καφές, ζάχαρη, νερό και παγάκια.	1387136	Der griechische Frappé ist aus Instantkaffee, Zucker, Wasser und Eiswürfel.
1387131	Τα συστατικά του καφέ φραπέ είναι στιγμιαίος καφές, νερό, ζάχαρη και προαιρετικά γάλα.	1387256	Der Café Frappé ist aus Instantkaffee, Wasser, Zucker und nach Geschmack Milch.
1387129	Τα βασικά συστατικά του ελληνικού φραπέ είναι στιγμιαίος καφές, ζάχαρη, νερό και παγάκια.	1387260	Der griechische Frappé besteht hauptsächlich aus Instantkaffee, Zucker, Wasser und Eiswürfeln.
1387265	Ο φραπές χαρακτηρίζεται "σκέτος", "μέτριος" ή "γλυκός" ως προς τις αναλογίες των συστατικών του.	1387278	Der Frappé wird je nach Zuckeranteil entweder „süß“, „mittelsüß“ oder „ohne Zucker“ serviert.
1387325	Φύγε απ' τη ζωή μου! Σε σιχαίνομαι.	1387326	Verschwinde aus meinem Leben! Ich verabscheue dich.
1387325	Φύγε απ' τη ζωή μου! Σε σιχαίνομαι.	1387328	Verschwinde aus meinem Leben! Du widerst mich an.
1387329	Προς το παρόν δουλεύω στην Αθήνα, αλλά του χρόνου θα πάω στο Βερολίνο.	1387330	Zurzeit arbeite ich in Athen, aber nächstes Jahr gehe ich nach Berlin.
1387329	Προς το παρόν δουλεύω στην Αθήνα, αλλά του χρόνου θα πάω στο Βερολίνο.	1387331	Im Moment arbeite ich in Athen, aber nächstes Jahr gehe ich nach Berlin.
1387403	Δε σηκώνει αστεία.	1387404	Sie verträgt keinen Spaß.
1387410	Δε σηκώνω αντιρρήσεις.	1387411	Ich dulde keine Einwände.
1387412	Σηκώθηκα στραβά σήμερα.	1387413	Ich bin heute mit dem linken Bein zuerst aufgestanden.
1387412	Σηκώθηκα στραβά σήμερα.	1387414	Ich bin heute mit dem linken Fuß zuerst aufgestanden.
1387447	Όντως, είχες δίκιο.	1387448	In der Tat, du hattest Recht.
1387447	Όντως, είχες δίκιο.	1387449	Du hattest tatsächlich Recht.
1389497	Μένουμε δέκα χιλιόμετρα από τη Θεσσαλονίκη.	1389501	Wir wohnen zehn Kilometer von Thessaloniki entfernt.
1389746	Χρειάζομαι έναν διερμηνέα.	1389747	Ich brauche einen Dolmetscher.
1389762	Ο ταξιτζής με εξαπάτησε.	1389765	Der Taxifahrer hat mich über's Ohr gehauen.
1390290	Το σπίτι είναι τριώροφο.	1390293	Das Haus hat drei Stockwerke.
1390290	Το σπίτι είναι τριώροφο.	1390307	Das Haus ist dreistöckig.
1390383	Προσοχή, σκαλοπάτι!	1390385	Vorsicht, Stufe!
1390389	Κάτι δεν πάει καλά με την μηχανή.	1390392	Irgendwas stimmt mit dem Motor nicht.
1390389	Κάτι δεν πάει καλά με την μηχανή.	1390404	Irgendwas ist mit dem Motor nicht in Ordnung.
1390389	Κάτι δεν πάει καλά με την μηχανή.	1390415	Irgendwas stimmt nicht mit dem Motor.
1390424	Πού είναι το πλησιέστερο συνεργείο;	1390425	Wo ist die nächste Werkstatt?
1390422	Πώς είπαμε την λένε;	1390428	Wie heißt sie doch gleich?
1390441	Ο ήλιος έδυσε.	1390447	Die Sonne ist untergegangen.
1390474	Ο σκύλος κουνάει την ουρά του.	1390475	Der Hund wedelt mit dem Schwanz.
1390495	Βαρέθηκα.	1390497	Ich bin es leid.
1390503	Άστο πάνω μου!	1390505	Lass das meine Sorge sein!
1390511	Θέλετε να καταθέσετε σαν μάρτυρας;	1390512	Wollen Sie als Zeuge aussagen?
1390513	Λάθος σύνδεση!	1390514	Falsch verbunden!
1390422	Πώς είπαμε την λένε;	1390563	Wie heißt sie noch gleich?
1390422	Πώς είπαμε την λένε;	1390565	Wie heißt sie nochmal?
1390569	Πώς είπαμε ότι σε λένε;	1390581	Wie heißt du noch gleich?
1390569	Πώς είπαμε ότι σε λένε;	1390644	Wie heißt du noch?
1389734	Για όνομα τού Θεού!	1390646	In Gottes Namen!
1390651	Άσε κάτι και για μένα.	1390652	Lass mir was übrig.
1390657	Πού θα βρώ ένα βουλκανιζατέρ;	1390658	Wo finde ich eine Reifenwerkstatt?
1390715	Κρίνετε μόνος σας!	1390716	Urteilen Sie selbst!
1390722	Πρέπει να εξοικονομήσουμε ρεύμα.	1390723	Wir müssen Strom sparen.
1390661	Σ' αυτό τον δρόμο υπάρχουν παρκόμετρα.	1390732	In dieser Straße stehen Parkuhren.
1390744	Απ' όσο ξέρω είναι άγαμος.	1390745	Soweit ich weiß, ist er ledig.
1390744	Απ' όσο ξέρω είναι άγαμος.	1390746	Soviel ich weiß, ist er ledig.
1390744	Απ' όσο ξέρω είναι άγαμος.	1390747	Soviel ich weiß, ist er nicht verheiratet.
1390744	Απ' όσο ξέρω είναι άγαμος.	1390748	Soweit ich weiß, ist er nicht verheiratet.
1390751	Δεν ξέρω από μουσική.	1390752	Ich kenne mich in Musik nicht aus.
1390751	Δεν ξέρω από μουσική.	1390753	Ich habe keine Ahnung von Musik.
1391461	Τι ώρα θα 'ρθεις να με πάρεις;	1391462	Um wie viel Uhr kommst du mich abholen?
1289046	Ευχαριστώ πολύ!	1391483	Danke vielmals!
1289046	Ευχαριστώ πολύ!	1391484	Danke schön.
1391493	Σήμερα είναι Τρίτη, 17 Δεκεμβρίου.	1391495	Wir haben Dienstag, den 17. Dezember.
1310516	Καλό ταξίδι.	1391496	Gute Fahrt.
1391500	Απαγορεύεται το κάπνισμα!	1391501	Rauchen verboten!
1391524	Είναι δυόμισι η ώρα.	1391525	Es ist halb drei.
1391533	Ελάτε ξανά σε δυό μέρες.	1391534	Kommen Sie in zwei Tagen wieder.
1391532	Ξύπνησα δεκάμισι το πρωί.	1391538	Ich bin um halb elf Uhr morgens aufgewacht.
1391506	Στο καλό!	1391540	Alles Gute!
1391544	Αυτό δεν αξίζει πολλά.	1391545	Das ist nicht viel wert.
1391597	Έχει ξανθιά μαλλιά.	1391600	Sie hat blondes Haar.
1391601	Η υπόθεση τελείωσε.	1391602	Die Sache hat sich erledigt.
1391601	Η υπόθεση τελείωσε.	1391603	Die Sache ist erledigt.
1391676	Πού μπορώ να βρώ ένα βενζινάδικο;	1391679	Wo kann ich eine Tankstelle finden?
1391661	Πρώτη φορά το ακούω αυτό.	1391681	Davon hatte ich keine Ahnung.
1391723	Αυτό το διαβατήριο έληξε.	1391728	Dieser Pass ist abgelaufen.
1391738	Το πάθημα να σου γίνει μάθημα.	1391742	Lass dir das eine Lehre sein.
1286220	Άντε γαμήσου!	1392031	Leck mich am Arsch!
1393399	Γιατί μας κουβάλησες εδώ;	1393401	Warum hast du uns hierher geschleppt?
1393666	Δεν πειράζει, δε φαίνεται.	1393667	Das macht nichts, man kann es nicht sehen.
1394040	Μα πού πας τέτοια ώρα;	1394041	Aber wo willst du um diese Uhrzeit noch hin?
1394045	Τον πιάσαμε στα πράσα.	1394046	Wir haben ihn auf frischer Tat ertappt.
1395427	Είναι ετοιμόλογος.	1395429	Er ist schlagfertig.
1395705	Δεν παίρνει μπρος το αμάξι.	1395707	Der Wagen springt nicht an.
1398331	Το παιδί ξάπλωσε ήδη.	1398332	Das Kind liegt schon im Bett.
1398633	Έχασα τον φορτιστή του κινητού μου.	1398635	Ich habe das Ladegerät von meinem Handy verloren.
1399279	Μας πούλησε φύκια για μεταξωτές κορδέλες.	1399280	Er hat uns an der Nase herumgeführt.
1399279	Μας πούλησε φύκια για μεταξωτές κορδέλες.	1399298	Sie hat uns an der Nase herumgeführt.
1399304	Το πούλησα για 600 ευρώ.	1399386	Ich habe es für 600 Euro verkauft.
1399878	Τι ώρα σε βολεύει;	1399879	Um wie viel Uhr passt es dir?
1399878	Τι ώρα σε βολεύει;	1399880	Um wie viel Uhr ist es dir recht?
1400274	Η καρδιά μου πάει να σπάσει.	1400275	Das Herz schlägt mir bis zum Halse.
1400289	Ματώνει η καρδιά μου.	1400290	Mir blutet das Herz.
1400317	Προχώρα!	1400318	Geh weiter!
1400497	Κοντεύω στα σαράντα και είμαι ακόμα ανύπαντρος.	1400499	Ich bin fast vierzig und immer noch nicht verheiratet.
1400506	Είμαι μια ανύπαντρη μητέρα τεσσάρων παιδιών.	1400510	Ich bin eine alleinerziehende Mutter von vier Kindern.
1400605	Είναι με το ένα πόδι στον τάφο.	1400620	Er steht mit einem Bein im Grab.
1400799	Μόλις τον είδε, του κόπηκαν τα πόδια.	1400801	Sobald er ihn sah, blieb ihm das Herz stehen.
1401316	Όλα πάνε ρολόι.	1401318	Es klappt alles wie am Schnürchen.
1401316	Όλα πάνε ρολόι.	1401319	Es läuft alles wie am Schnürchen.
1401316	Όλα πάνε ρολόι.	1401336	Alles klappt wie am Schnürchen.
1402364	Ο πρώην σου είναι ηλίθιος.	1402367	Dein Ex ist ein Schwachkopf.
1407430	Η νέα κυβέρνηση συγκροτήθηκε για να κάνει τη ζωή του λαού κόλαση.	1407436	Die neue Regierung wurde gebildet, um das Leben der Bürger zur Hölle zu machen.
1409174	Πες μου πού ήσουνα.	1409176	Sag mir, wo du gewesen bist.
1409269	Απ' έξω κούκλα κι από μέσα πανούκλα.	1409285	Honig im Munde, Galle im Schlunde.
1409526	Ζηλεύει παθολογικά τη γυναίκα του.	1409528	Er ist krankhaft eifersüchtig auf seine Frau.
1410620	Ο Τομ φταίει για όλα.	1410622	Tom ist an allem schuld.
1410992	Λέω να πάρω έναν υπνάκο.	1410994	Ich werde mal ein Nickerchen machen.
1411014	Παραμιλάει στον ύπνο του.	1411027	Er redet im Schlaf.
1412839	Πάσχω από συχνοουρία.	1412840	Ich habe eine schwache Blase.
1412894	Έβαψα τα μαλλιά μου κόκκινα.	1412897	Ich habe meine Haare rot gefärbt.
1413189	Μια βόλτα στον καθαρό αέρα θα σου κάνει καλό.	1413192	Ein Spaziergang an der frischen Luft wird dir gut tun.
1413403	Στα 15 του το 'σκασε από το σπίτι.	1413406	Mit 15 ist er von zu Hause ausgerissen.
1413481	Είσαι με τα καλά σου;	1413483	Tickst du noch ganz richtig?!
1413481	Είσαι με τα καλά σου;	1413484	Tickst du noch ganz sauber?!
1413525	Πάμε για ένα ποτό;	1413526	Gehen wir einen trinken?
1413403	Στα 15 του το 'σκασε από το σπίτι.	1413563	Mit 15 ist er von zu Hause abgehauen.
1414248	Νομίζω ότι μόλις άνοιξα το κουτί της Πανδώρας με αυτό που είπα.	1414432	Ich glaube, dass ich gerade mit dem, was ich gesagt habe, die Büchse der Pandora geöffnet habe.
1414576	Σήμερα είναι Παρασκευή, χτες ήταν Πέμπτη, αύριο θα είναι Σάββατο και μετά έρχεται η Κυριακή.	1414581	Heute ist Freitag, gestern war Donnerstag, morgen ist Samstag, und danach kommt der Sonntag.
1415325	Απ'όσο ξέρω, μένει εδώ.	1415327	Soweit ich weiß, wohnt er hier.
1415325	Απ'όσο ξέρω, μένει εδώ.	1415329	Sofern ich weiß, wohnt er hier.
1415411	Καλό δρόμο!	1415412	Kommt gut nach Hause!
1415411	Καλό δρόμο!	1415413	Kommen Sie gut nach Hause!
1415439	Πρέπει να βάλω βενζίνη.	1415441	Ich muss tanken.
1415444	Θέλω να μείνω λίγο μόνος μου.	1415446	Ich will ein bisschen alleine sein.
1415465	Ο παππούς μου είναι άρρωστος.	1415467	Mein Opa ist krank.
1415877	Βλέπει τηλεόραση ενώ σιδερώνει.	1415878	Er sieht fern, während er bügelt.
1415913	Κλείσε το παράθυρο πριν βγεις έξω.	1415915	Mach das Fenster zu, bevor du rausgehst.
1415913	Κλείσε το παράθυρο πριν βγεις έξω.	1415918	Schließ das Fenster, bevor du rausgehst.
1415955	Νώμιζα πως ήθελες να πάρεις τη γυναίκα σου.	1415956	Ich dachte, du wolltest deine Frau anrufen.
1415978	Αυτό το σπίτι είναι στοιχειωμένο.	1415979	In diesem Haus spukt es.
1416121	Γιατί γίνατε δασκάλα;	1416122	Warum sind Sie Lehrerin geworden?
1419553	Η πολλή δουλειά τρώει τον αφέντη.	1419554	Zu viel Arbeit macht krank.
1421261	Δεν μπορώ να σου υποσχεθώ τίποτα.	1421262	Ich kann dir nichts versprechen.
1421501	Αποφάσισε εσύ.	1421504	Entscheide du.
1421526	Έλα να μου κάνεις παρέα.	1421534	Komm und leiste mir etwas Gesellschaft.
1422862	Ο γιος μου είναι χήρος.	1422864	Mein Sohn ist verwitwet.
1427053	Να βάλεις τις λέξεις σε αλφαβητική σειρά.	1427056	Sortiere die Wörter in alphabetischer Reihenfolge.
1427059	Συμπλήρωσε τη φράση.	1427063	Ergänze den Satz.
1427081	Τα παραμύθια ξεκινούν συνήθως με τη φράση "μια φορά κι έναν καιρό..." και τελειώνουν με το "...κι έζησαν αυτοί καλά, κι εμείς καλύτερα".	1427087	Märchen fangen gewöhnlich mit dem Satz "es war einmal..." an und enden mit "...und wenn sie nicht gestorben sind, dann leben sie noch heute".
1428142	Ποιος το ζωγράφισε;	1428143	Wer hat das gemalt?
1428142	Ποιος το ζωγράφισε;	1428144	Wer hat das gezeichnet?
1515771	Χθες τον συνάντησα για πρώτη φορά.	1515779	Gestern traf ich ihn zum ersten Mal.
1187593	Έχεις κανένα βιβλίο γραμμένο στα Αγγλικά;	1794713	Haben Sie ein englischsprachiges Buch?
1804273	Πρώτα οι μετανάστες, ύστερα εσύ. Η αλληλεγγύη μας απάντηση στον κοινωνικό καννιβαλισμό.	1804280	Zuerst die Immigranten, dann du. Unsere Solidarität ist die Antwort auf den sozialen Kannibalismus.
1429957	"Πού είναι η αδελφή σου;" "Να την."	1809207	„Wo ist deine Schwester?“ „Da kommt sie.“
1428147	Η φτώχεια δεν είναι ντροπή.	1809211	Armut ist keine Schande.
1422858	Άστο.	1809242	Lass es!
1804888	Ενεπλάκην σε ατύχημα.	1811370	Ich war in einen Unfall verwickelt.
1804885	Όταν είναι μεθυσμένος χάνει τον έλεγχο του εαυτού του.	1811372	Wenn er betrunken ist, verliert er die Selbstkontrolle.
1804880	Αυτή έρχεται στο σχολείο με το δικό της αυτοκίνητο.	1811373	Sie kommt im eigenen Wagen zur Schule.
1804875	Αυτός αγαπάει πολύ τα ζώα.	1811374	Er liebt die Tiere sehr.
1804873	Η μικρή μου αδερφή μοιάζει πολύ στη μαμά.	1811377	Mein kleiner Bruder ähnelt meiner Mutter sehr.
1498204	Χθες έπιασα τρια ψάρια.	1811379	Gestern habe ich drei Fische gefangen.
1804870	Η λύπη της ήταν γραμμένη στο πρόσωπό της.	1811381	Ihr war die Traurigkeit ins Gesicht geschrieben.
1804862	Πόσα χρήματα θέλετε να κερδίσετε;	1811383	Wie viel Geld möchten Sie verdienen?
1804858	Μένει σε μια κωμόπολη δίπλα στην Οσάκα.	1811384	Er lebt in einer Kleinstadt nahe Osaka.
1804858	Μένει σε μια κωμόπολη δίπλα στην Οσάκα.	1811386	Er wohnt in einer kleinen Stadt in der Nähe von Osaka.
1802496	Μετά από σας.	1811387	Nach Ihnen!
1802495	Ευχαριστώ για το δώρο σας.	1811388	Danke für Ihr Geschenk!
1802494	Αυτή η κυρία είναι περισσότερο από 80 ετών.	1811389	Die Dame ist über achtzig Jahre alt.
1802493	Αυτός σέβεται τον πατέρα του.	1811391	Er respektiert seinen Vater.
1802493	Αυτός σέβεται τον πατέρα του.	1811392	Er hat Achtung vor seinem Vater.
1802489	Αυτός είναι έξυπνος, αλλά όχι σοφός.	1811395	Er ist intelligent, aber nicht weise.
1562547	Μακρυά τα χέρια σας!	1814449	Nehmen Sie Ihre Hände weg!
1562547	Μακρυά τα χέρια σας!	1814450	Hände weg!
1289929	Δεν προσέχεις τι σου λέω, αλλού τρέχει το μυαλό σου.	1833859	Du achtest nicht auf das, was ich dir sage. Du bist mit dem Kopf woanders.
1303714	Όπου κλείνει ένα σχολείο ανοίγει μια φυλακή.	1855477	Wo eine Schule schließt, entsteht ein Gefängnis neu.
1384295	Το πανεπιστήμιο είναι χάσιμο χρόνου.	1862251	Die Universität ist verlorene Zeit.
1384295	Το πανεπιστήμιο είναι χάσιμο χρόνου.	1862252	Das Studieren ist verlorene Zeit.
1499771	Δεν με καταλαβαίνουν όταν μιλάω Γερμανικά.	1862254	Sie verstehen mich nicht, wenn ich Deutsch spreche.
1870132	Δείτε! Μια γάτα στην κουζίνα.	1872286	Schauen Sie mal! Da ist eine Katze in der Küche.
1870339	Ήταν ένα ήσυχο χειμωνιάτικο απόγευμα.	1872310	Es war ein ruhiger Winterabend.
1409385	Κούκλα είσαι σήμερα!	1873972	Wie hübsch bist du heute!
1409482	Ο Πέτρος έφυγε χτες για Θεσσαλονίκη. Θα λείψει μια βδομάδα.	1873999	Peter ist gestern nach Thessaloniki abgefahren. Er wird eine Woche unterwegs sein.
1708637	Ο χρόνος πέρασε πολύ γρήγορα.	1882174	Die Zeit verging sehr schnell.
2000512	Μην πείτε ούτε λέξη γι΄αυτό σε κανέναν.	2001230	Sag keinem ein Wort davon!
2000515	Τι κάνετε την Κυριακή;	2001249	Was macht ihr am Sonntag?
2022570	Σου αρέσει η μουσική του Μότσαρτ;	2022780	Gefällt dir die Musik von Mozart?
2022559	Θα μας κάνεις παρέα;	2022786	Leistest du uns Gesellschaft?
2022553	Να θυμάσαι ημερομηνίες δεν είναι απλό.	2022791	Sich an Datumsangaben zu erinnern ist nicht einfach.
2022553	Να θυμάσαι ημερομηνίες δεν είναι απλό.	2022794	Es ist nicht einfach, sich an Datumsangaben zu erinnern.
2022549	Νοιαζόμαστε για τους άλλους.	2022803	Wir kümmern uns um die anderen.
2022541	Έπαιξα με τον πρωταθλητή.	2022809	Ich spielte mit dem Champion.
2022531	Θα πρέπει να το επαληθεύσουμε με αυτό το λεξικό.	2022820	Man muss es mit Hilfe dieses Lexikons überprüfen.
2022447	Αυτός είναι δημοσιογράφος.	2022821	Er ist Journalist.
2028829	Διαβάσατε τη σημερινή εφημερίδα;	2037522	Habt ihr die heutige Zeitung gelesen?
2028826	Αυτά τα ρολόγια δεν δουλεύουν.	2037524	Diese Uhren gehen nicht.
2028822	Κλείνοντας όλες τις πόρτες, πήγα για ύπνο.	2037527	Nachdem ich alle Türen verschlossen hatte, ging ich schlafen.
2028819	Αυτός μεταφράζει από τα γαλλικά στα γιαπωνέζικα.	2037528	Er übersetzt von Französisch auf Japanisch.
2028819	Αυτός μεταφράζει από τα γαλλικά στα γιαπωνέζικα.	2037530	Er übersetzt aus dem Französischen ins Japanische.
1413201	Δεν τα βγάζω πέρα με τρία παιδιά.	2050203	Ich komme nicht über die Runden mit drei Kindern.
1412776	Αμάν...δεν το πιστεύω.	2050211	Mein Gott... ich glaub' es nicht!
1407430	Η νέα κυβέρνηση συγκροτήθηκε για να κάνει τη ζωή του λαού κόλαση.	2050230	Die neue Regierung wurde gebildet, um den Bürgern das Leben zur Hölle zu machen.
1538395	Μη με ανησυχείς όταν μελετάω.	2054214	Störe mich nicht, wenn ich lerne!
1319440	Χτες είχα τα γεννέθλιά μου.	2138356	Gestern hatte ich Geburtstag.
2159914	Το τραπέζι είναι δίπλα στο ψυγείο.	2160244	Der Tisch steht neben dem Kühlschrank.
2159908	Το σπίτι μου είναι δίπλα στο μεγάλο δέντρο.	2160247	Mein Haus steht neben dem großen Baum.
2159906	Το κρεβάτι του είναι δίπλα στον τοίχο.	2160252	Sein Bett steht an der Wand.
2159898	Το αυτοκίνητο είναι μπροστά από το γκαράζ.	2160258	Das Auto steht vor der Garage.
2198079	Ο Τομ έχει καλή ακοή.	2198083	Tom hat ein gutes Gehör.
2198079	Ο Τομ έχει καλή ακοή.	2198086	Tom hört gut.
2363381	Η κυρία Μαρία μιλά καλά Γερμανικά, έτσι δεν είναι;	2363383	Frau Maria spricht gut Deutsch, nicht war?
2427414	Δεν είμαι καθολικός.	2427549	Ich bin kein Katholik.
2427415	Δεν είμαι καθολική.	2427550	Ich bin keine Katholikin.
2427416	Το μήλο είναι πάνω στο τραπέζι.	2427560	Der Apfel liegt auf dem Tisch.
2427403	Αυτό το μήλο είναι ξυνό.	2427972	Dieser Apfel ist sauer.
2427399	Πού είναι οι τουαλέτες, παρακαλώ;	2427973	Wo sind die Toiletten bitte?
2467868	Έχετε δύο λουλούδια.	2467898	Sie haben zwei Blumen.
2466535	Σε έψαχνα παντού.	2518589	Ich habe dich überall gesucht.
2466542	Το εστιατόριό μας είναι το καλύτερο.	2518592	Unser Lokal ist das beste.
2466566	Μπορείτε να επιδιορθώσετε μία τουαλέτα;	2518594	Können Sie eine Toilette reparieren?
2466573	Ανυπομονώ να τον δω.	2518595	Ich freue mich darauf, ihn zu sehen.
2466574	Δούλεψαν σαν μέλισσες.	2518596	Sie arbeiteten fleißig wie die Bienen.
2466579	Αυτό είναι ένα σπίτι και εκείνο είναι ένα τζαμί.	2518597	Das ist ein Haus und das dort ist eine Moschee.
2466608	Τα καινούρια σχέδια είναι πολύ καλύτερα από τα παλιά.	2518598	Die neuen Muster sind viel besser als die alten.
2844554	Που βρήκατε αυτό το κλειδί;	2997367	Wo haben Sie diesen Schlüssel gefunden?
2858184	Η βροχή πέφτει ήδη για μια σχεδόν ολόκληρη βδομάδα.	2997379	Es regnet jetzt schon fast seit einer ganzen Woche.
2426214	Μοιάζουν σα δυό σταγόνες νερό.	2997380	Sie ähneln sich wie ein Ei dem anderen.
2196239	Πολλοί άνθρωποι πεθαίνουν όχι από τις ασθένειές τους αλλά από τα φάρμακα.	2997381	Viele sterben nicht an ihren Krankheiten, sondern an den Medikamenten.
2907149	Αυτός δεν θα έρθει με τέτοια βροχή.	2997382	Bei so einem Regen wird er nicht kommen.
1501313	Αυτό μυρίζει σαν τυρί.	2997759	Das riecht wie Käse.
2936226	Αυτός κάνει πολλά για τους φτωχούς.	2997760	Er tut viel für Arme.
1662962	Τί κάνεις, μπαμπά;	2997763	Wie geht’s, Papa?
2918593	Τελικά βρήκα δουλειά.	2997774	Endlich habe ich Arbeit gefunden.
2366624	Αυτό το τσάι μου αρέσει.	3040180	Dieser Tee gefällt mir.
3231928	Ο Θωμάς είναι το μόνο άτομο που μπορεί να σε βοηθήσει τώρα.	3231937	Tom ist der Einzige, der dir jetzt noch helfen kann.
2670470	Η γυναίκα τρώει ψωμί.	3289150	Die Frau isst Brot.
2653838	Η πένα μου είναι στο χέρι μου.	3438483	Meine Füllfeder ist in meiner Hand.
1023180	Υπάρχει ένα μήλο πάνω στο τραπέζι.	3440652	Da ist ein Apfel auf dem Tisch.
2898755	Ξέρετε μήπως πού μπορεί να άφησα τα κλειδιά μου;	3445124	Wissen Sie vielleicht, wo ich meine Schlüssel gelassen haben könnte?
2634281	Η τσαγιέρα είναι κάτω από το τραπέζι.	3456184	Die Teekanne ist unter dem Tisch.
3228785	Το τρένο είναι αργά.	3458227	Der Zug hat Verspätung.
1497796	Το ίδιο αληθεύει για όλα τα ανθρώπινα όντα.	3676702	Das Gleiche trifft auf alle menschlichen Wesen zu.
1497792	Ποτέ μην κάνετε κάτι μόνον για να αποδείξετε, ότι μπορείτε.	3676704	Tut niemals etwas, nur um zu zeigen, dass ihr es könnt.
1497791	Ο πατέρας μαγειρεύει το γεύμα τώρα στην κουζίνα.	3676706	Der Vater kocht jetzt das Essen in der Küche.
1497789	Έφαγα τοστ για πρωϊνό.	3676708	Ich aß Toast zum Frühstück.
1497788	Όλο αυτό δεν έχει κανένα νόημα!	3676709	Das alles hat überhaupt keine sinnvolle Bedeutung.
1185958	Υπάρχει ένα μυστικό μονοπάτι στα αριστερά.	4268720	Links gibt es einen geheimen Weg.
2922148	Έχουμε μάθημα γυμναστικής.	4268756	Wir haben Turnunterricht.
4772780	Στην πισίνα!	4772881	Ins Schwimmbad!
4772776	Αποδέχομαι τους όρους σου.	4772906	Ich nehme deine Bedingungen an.
4756542	Μπορείς να θυμηθείς το όνομά της;	4772927	Kannst du dich an ihren Namen erinnern?
4756538	Συμφωνώ δυνατά μαζί σου.	4772934	Ich stimme sehr mit dir überein.
4756536	Είναι απαράδεκτο για μας.	4772940	Das ist für uns nicht annehmbar.
4756536	Είναι απαράδεκτο για μας.	4772942	Das ist für uns inakzeptabel.
4756530	Κόψε το κλάμα.	4772950	Hör auf zu weinen!
4756380	Δεν μπορώ να μοιράσω τη θλίψη μου με κανέναν.	4772959	Ich kann meinen Kummer mit niemandem teilen.
4756374	Εξαιτίας σου ταπεινώθηκα μπροστά σε όλους.	4772978	Wegen dir wurde ich vor allen gedemütigt.
2999464	Κοιτάξτε με στα μάτια!	4773766	Schau mir in die Augen!
2170440	Πιάσε το βάζο με τα δυο σου χέρια.	4773789	Halte die Vase mit deinen beiden Händen.
3085239	Η άνοιξη δεν έχει έρθει.	4773793	Der Frühling ist nicht gekommen.
4296977	μην πίνεις τόσο πολύ	4773800	Trink nicht so viel!
2415883	Δώστε μου το βιβλίο!	4773803	Gebt mir das Buch!
4468868	Έβρεξε πολύ στο Ρίο ντε Τζανέιρου.	4773807	Es regnete viel in Rio de Janeiro.
2848368	Οι άνθρωποι αλλάζουν.	4773813	Menschen ändern sich.
1287867	Πάντα λέει την αλήθεια.	4773912	Sie sagt immer die Wahrheit.
3207638	Εσείς είστε μια γυναίκα και εγώ είμαι ένας άντρας.	4774497	Sie sind eine Frau und ich bin ein Mann.
2993285	Όλες έχουν πεθάνει.	4774503	Alle sind gestorben.
4468850	Αυτό το ζώο είναι το δικό μου.	4774559	Dieses Tier ist meins.
3010508	Δεν αμφιβάλλω ότι αυτός θα έρθει.	4774563	Ich zweifle nicht daran, dass er kommt.
2948832	Γιατί θέλετε να μάθετε γαλλικά;	4774565	Warum möchten Sie Französisch lernen?
2429655	Θα μπορούσα να έχω μία πίτσα παρακαλώ;	4774570	Könnte ich eine Pizza haben, bitte?
3003657	Μπορώ να τους βοηθήσω.	4774763	Ich kann ihnen helfen.
1543846	Οι φίλοι μου δεν παίζουν τένις.	4774764	Meine Freunde spielen nicht Tennis.
3107455	Δεν έκλεισα την πόρτα.	4774779	Ich habe die Tür nicht geschlossen.
4357300	Είμαι ο αδερφός του Θωμά.	4774820	Ich bin der Bruder von Thomas.
2607389	Ας μιλήσουμε στα Γαλλικά!	4774822	Lass uns Französisch sprechen!
3437257	Η Άννα παίζει ωραία τένις.	4774838	Anna spielt gut Tennis.
2922022	Θα πάω στο Παρίσι όταν θα έχω αρκετά χρήματα.	4774840	Ich gehe nach Paris, wenn ich genügend Geld habe.
1390278	Δεν γεμίζει η μπαταρία.	4774841	Die Batterie lädt nicht.
3740761	Γιατί δεν κοιμάται;	4774842	Warum schläft er nicht?
3740761	Γιατί δεν κοιμάται;	4774843	Warum schläft sie nicht?
4595322	Δεν είναι εκεί.	4774846	Es ist nicht dort.
4595322	Δεν είναι εκεί.	4774847	Sie ist nicht dort.
4595322	Δεν είναι εκεί.	4774848	Er ist nicht dort.
4595322	Δεν είναι εκεί.	4774849	Sie sind nicht dort.
2950482	Με συγχωρείτε, που είναι το ταχυδρομείο;	4774850	Entschuldigen Sie, wo ist die Post?
2950482	Με συγχωρείτε, που είναι το ταχυδρομείο;	4774851	Verzeihung, wo ist die Post?
4709259	Έβαλα γκολ.	4774853	Ich habe ein Tor geschossen.
4750997	Πίνει μπύρα.	4774854	Er trinkt Bier.
4750997	Πίνει μπύρα.	4774855	Sie trinkt Bier.
3742952	Ο Θωμάς μας έχει κερδίσει λίγο χρόνο.	4774858	Thomas hat uns ein bisschen Zeit gewonnen.
3740756	Με καταλαβαίνεις τώρα;	4774863	Verstehst du mich jetzt?
3363687	Έχετε κάποιο άλλο σχέδιο;	4774870	Habt ihr einen anderen Plan?
3363687	Έχετε κάποιο άλλο σχέδιο;	4774871	Haben Sie einen anderen Plan?
3363686	Έχεις κάποιο άλλο σχέδιο;	4774873	Hast du einen anderen Plan?
2832644	Μην κάνεις το ίδιο λάθος ξανά.	4774874	Mach nicht denselben Fehler zweimal.
1590656	Μπορείς να φύγεις ή να μείνεις - ότι θέλεις.	4774875	Du kannst gehen oder bleiben, wie du willst.
3743331	Μπορείτε να μιλήσετε μια άλλη γλώσσα από τα αγγλικά;	4774876	Sprechen Sie eine andere Sprache ausser Englisch?
3740475	Το κορίτσι κι η οικογένεια της είναι πολύ συμπαθητικοί.	4774877	Das Mädchen und ihre Familie sind sehr sympathisch.
2814060	Είστε στο σωστό δρόμο.	4774891	Sie sind auf dem richtigen Weg.
2814060	Είστε στο σωστό δρόμο.	4774892	Ihr seid auf dem richtigen Weg.
3233570	Θα καλέσω την αστυνομία.	4774893	Ich werde die Polizei rufen.
3778155	Ο κόσμος δεν περιστρέφεται γύρω από σας.	4774904	Die Welt dreht sich nicht nur um euch.
3778155	Ο κόσμος δεν περιστρέφεται γύρω από σας.	4774905	Die Welt dreht sich nicht nur um Sie.
3038876	Αυτή αγόρασε μια ηλεκτρική σκούπα στο σουπερμάρκετ.	4774912	Sie hat einen Staubsauger im Supermarkt gekauft.
4353192	Ο Θωμάς ίσως να μπορεί να προτείνει ένα καλό ξενοδοχείο.	4774922	Thomas kann vielleicht ein gutes Hotel empfehlen.
2999419	Είμαι πολύ κουρασμένη από τη βαριά δουλειά.	4774928	Ich bin sehr müde von der schweren Arbeit.
3697470	Ο Τομ μισεί τους κανόνες.	4774931	Tom hasst die Regeln.
2816212	Στη φυλακή το φαγητό ήταν καλύτερο.	4774933	Das Essen im Gefängnis war besser.
2198151	Πόσο δύσκολο είναι να βρεις δουλειά;	4774935	Wie schwer ist es eine Arbeit zu finden?
1503127	Προφανώς το λεωφορείο αργεί.	4774936	Selbstverständlich verspätet sich der Bus.
4703641	Μην πίνεις με άδειο στομάχι.	4774938	Trink nicht mit leerem Magen.
2726295	Θέλω μια εξήγηση και τη θέλω τώρα.	4774944	Ich möchte eine Erklärung und ich möchte sie jetzt.
2901538	Ήξερα ότι αυτό δεν ήταν σωστό, αλλά το έκανα έτσι κι αλλιώς.	4774948	Ich wusste, dass es nicht richtig war, aber ich habe es trotzdem getan.
2820577	Αυτή είναι η οδοντόβουρτσά μου.	4774951	Das ist meine Zahnbürste.
3963715	Πρέπει να σπουδάσω.	4774952	Ich muss studieren.
3557231	Το τυρί και το βούτυρο φτιάχονται από γάλα.	4774954	Käse und Butter werden aus Milch gemacht.
1308772	Θέλω ένα βιβλίο.	4774958	Ich möchte ein Buch.
1499743	Πόσα παιδιά έχετε;	4774961	Wie viele Kinder habt ihr?
2868859	Έκανε λάθη.	4774965	Er hat Fehler gemacht.
2868881	Σε πιστεύει.	4774966	Er glaubt dir.
2868883	Σας πιστεύει.	4774967	Er glaubt euch.
2868883	Σας πιστεύει.	4774969	Er glaubt Ihnen.
3099441	Είστε τεμπέλης.	4774970	Ihr seid faul.
3099441	Είστε τεμπέλης.	4774971	Sie sind faul.
3450476	Σας έφερα λίγο νερό.	4774973	Ich habe Ihnen ein wenig Wasser gebracht.
3450476	Σας έφερα λίγο νερό.	4774975	Ich habe euch ein wenig Wasser gebracht.
3742557	Το σπίτι που γεννήθηκε ο Ατατούρκ βρίσκεται στη Θεσσαλονίκη.	4774990	Das Haus, in dem Atatürk geboren wurde, befindet sich in Thessaloniki.
2367508	Σας περιμένω ήδη δύο ώρες.	4774993	Ich warte schon zwei Stunden auf euch.
2850156	Καθίστε.	4775061	Setzen Sie sich.
2850156	Καθίστε.	4775065	Setzt euch.
3558224	Μου αρέσει το αυτοκίνητό σου.	4775066	Mir gefällt dein Auto.
4709258	Έπιασα ένα ψάρι!	4775080	Ich habe einen Fisch gefangen!
3228136	Θέλω να αγοράσω ένα βιβλίο.	4775083	Ich möchte ein Buch kaufen.
2466259	Περιμένετε εκεί.	4775084	Wartet dort.
2466259	Περιμένετε εκεί.	4775086	Warten Sie dort.
3350216	Είμαι εδώ για να ακούσω.	4775100	Ich bin hier, um zuzuhören.
4384883	Δεν με νοιάζει τι είπε ο Θωμάς.	4775102	Es ist mir egal, was Thomas gesagt hat.
2404290	Το σπίτι μου δεν είναι μακρυά από το σχολείο.	4775105	Mein Haus ist nicht weit von der Schule entfernt.
1068674	Το αγόρι πηδάει.	4775106	Der Junge hüpft.
1319480	Θυμάμαι τα λόγια του.	4775114	Ich erinnere mich an seine Worte.
1515703	Ο Μάρκος είναι γεωλόγος.	4775117	Markos ist ein Geologe.
2814012	Λατρεύω τη γαλλική γλώσσα.	4775127	Ich vergöttere die französische Sprache.
2350861	Αυτό είναι φτιαγμένο από ξύλο ή από μέταλλο;	4775130	Ist das aus Holz oder Metall?
4653348	Θα μπορούσες να το εξηγήσεις πιο απλα;	4775131	Kannst du das einfacher erklären?
3741867	Έχω ένα διαμέρισμα στο Μπόστον.	4775148	Ich habe eine Wohnung in Boston.
2551972	Δεν κλέβω.	4775152	Ich stehle nicht.
3742570	Η Θεσσαλονίκη είναι η δεύτερη πολυπληθέστερη πόλη της Ελλάδας.	4775158	Thessaloniki ist die zweitgrösste Stadt Griechenlands.
3742570	Η Θεσσαλονίκη είναι η δεύτερη πολυπληθέστερη πόλη της Ελλάδας.	4775161	Thessaloniki ist die Stadt mit der zweitgrössten Bevölkerung in Griechenland.
1663224	Μπορείτε να μου δώσετε έναν χάρτη του μετρό σας παρακαλώ;	4775173	Können Sie mir eine Karte der Metro geben, bitte?
1565097	Μου αρέσει η ζωή.	4775177	Mir gefällt das Leben.
4513675	Αγόρασα αυτά τα φάρμακα για τον πατέρα μου.	4775179	Ich habe diese Medikamente für meinen Vater gekauft.
1287143	Ήρθα.	4776668	Ich bin gekommen.
3437507	Κοίταξε!	4776677	Schau!
1518212	Μαθαίνω αγγλικά.	4776681	Ich lerne Englisch.
1518871	Ξεχάστε το.	4776682	Vergessen Sie es.
1518871	Ξεχάστε το.	4776683	Vergesst es.
4223751	Ο Τομ θέλει να παίξει μπιλιάρδο.	4776684	Tom möchte Billard spielen.
3004781	Αυτό το βιβλίο ανήκει στον Τόνι.	4776685	Dieses Buch gehört Toni.
3480276	Δε θέλω να πάω στην τράπεζα.	4776686	Ich möchte nicht zur Bank gehen.
1603358	Μην ανησυχείς.	4776687	Sorge dich nicht.
2630900	Είμαι στην Παπούα Νέα Γουινέα.	4776688	Ich bin in Papua Neu Guinea.
3063003	Τα αγγλικά σου βελτιώνονται.	4776689	Dein Englisch verbessert sich.
1988275	Πείτε μου, παρακαλώ, τι πρέπει να κάνω.	4776690	Sagt mir bitte, was ich tun soll.
4706936	Είναι ο Τομ ελεύθερος;	4776692	Ist Tom alleinstehend?
1287799	Ποια είναι εκείνη η κοπέλα;	4776693	Wer ist dieses Mädchen dort?
3740750	Δε θα έπρεπε να είσαι στη δουλειά τώρα;	4776694	Solltest du jetzt nicht auf der Arbeit sein?
2009690	Γιατί φοβάσαι;	4776700	Warum fürchtest du dich?
2161431	Ένα λεπτό.	4776701	Eine Minute.
2209171	Εσείς αποφασίσατε;	4776703	Habt ihr entschieden?
2209171	Εσείς αποφασίσατε;	4776704	Haben Sie entschieden?
2632986	Έτρωγα κάτι.	4776705	Ich habe etwas gegessen.
2632993	Έφαγες τίποτα;	4776706	Hast du nichts gegessen?
2657770	Θα έρθω.	4776707	Ich werde kommen.
2667564	Μαθαίνω Αραβικά.	4776709	Ich lerne Arabisch.
2670438	Την αγαπάς;	4776710	Liebst du sie?
2699979	Αυτό θέλετε;	4776711	Wollt ihr das?
2699979	Αυτό θέλετε;	4776712	Wollen Sie das?
2700009	Καταλαβαίνω Τουρκικά.	4776713	Ich verstehe Türkisch.
2701767	Καλησπέρα σας, κύριε.	4776715	Guten Abend, der Herr.
2778883	Μη καθυστερείτε.	4776716	Verspätet euch nicht.
2778883	Μη καθυστερείτε.	4776717	Verspäten Sie sich nicht.
2781301	Είμαστε δάσκαλοι.	4776718	Wir sind Lehrer.
2781303	Είμαστε δασκάλες.	4776719	Wir sind Lehrerinnen.
2786531	Είμαι ομοφυλόφιλος.	4776721	Ich bin homosexuell.
2807774	Είμαι γκέι.	4776722	Ich bin gay.
2814000	Ήπιαμε κρασί.	4776723	Wir haben Wein getrunken.
1730905	Αρκεί.	4776725	Es genügt.
1730905	Αρκεί.	4776726	Es reicht.
2411220	Σαχμάτ.	4776727	Schachmatt.
1503833	Θέλω να γίνω μάγος.	4776728	Ich möchte Zauberer werden.
1515746	Σήμερα το πρωί κρυώνω.	4776729	Heute Morgen friere ich.
1499776	Η Μεγκ μιλάει πολύ.	4776731	Meg redet viel.
1503217	Ήρθε το λεωφορείο μας.	4776732	Unser Bus ist gekommen.
1503265	Ήταν ήδη πολύ αργά.	4776733	Es war schon sehr spät.
1402590	Τα πόδια του μυρίζουν.	4776742	Seine Füsse riechen.
1287169	Θα φτιάξω έναν καφέ.	4776755	Ich werde einen Kaffee machen.
1287935	Γεια σου, τι κάνεις;	4776756	Hallo, wie geht's dir?
1288882	Αυτή είναι μια φράση.	4776759	Das ist ein Satz.
1289869	Είναι σχεδόν τρεις η ώρα.	4776768	Es ist fast drei Uhr.
1743432	Τι διαβάζετε;	4776907	Was lesen Sie?
2428042	Θέλω λεπτομέρειες.	4776911	Ich möchte Einzelheiten.
2428054	Το καταλαβαίνω.	4776912	Ich verstehe es.
3742581	Μου αρέσει το πράσινο τσάι.	4777027	Ich mag grünen Tee.
3747323	Είναι ένας αυθεντικός Ισπανός.	4777030	Er ist ein authentischer Spanier.
2157677	Το μωρό κοιμάται. Μην κάνετε θόρυβο.	4777038	Das Baby schläft. Macht keinen Lärm.
1503674	Εγώ δεν παίζω πολύ καλό τέννις.	4777039	Ich spiele nicht sehr gut Tennis.
2156721	Αυτός δεν έχει χρήματα για καινούργιο αυτοκίνητο.	4803166	Er hat kein Geld für ein neues Auto.
4832694	Ο Θωμάς περπάτησε πίσω στο σπίτι.	4834524	Tom ist ins Haus zurückgekommen.
1499711	Προτιμάω τα Αγγλικά.	5171859	Ich bevorzuge Englisch.
1498300	Η Πανεπιστημιακή βιβλιοθήκη είναι ανοιχτή τώρα;	5244341	Ist die Universitätsbibliothek jetzt geöffnet?
2412273	Ο λαός είμαστε εμείς.	5327700	Das Volk, das sind wir.
5358351	Μάλλον δεν είναι ενδιαφέρον.	5358696	Vielleicht ist es nicht interessant.
5358343	Αυτό είναι ένα ενδιαφέρον θέμα.	5358700	Das ist ein interessantes Thema.
5358347	Η κατάσταση έχει βελτιωθεί.	5358702	Die Situation hat sich verbessert.
5358344	Οι θέσεις ήταν αναπαυτικές.	5358705	Die Sitze waren bequem.
5358323	Αυτή δε σέβεται κανέναν.	5358708	Sie respektiert niemanden.
5358106	Ήμουν εκεί χθες.	5358723	Ich war gestern dort.
5358090	Τι έγραψε ο Τομ;	5358730	Was hat Tom geschrieben?
5357820	Η Μαίρη έλυσε το μυστήριο.	5358739	Maria löste das Rätsel.
5410195	Ονειρεύεται ο Τομ;	5410203	Träumt Tom?
5410195	Ονειρεύεται ο Τομ;	5410204	Ist Tom am Träumen?
2466821	Φοράει ένα λευκό βαμβακερό πουκάμισο.	5430344	Sie trägt ein weißes Baumwollhemd.
3747744	Αν θέλεις.	5449118	Wenn du willst.
5447999	Ποτέ δε χιονίζει εδώ.	5449212	Hier schneit es nie.
3623304	Ο αδερφός μου είναι τώρα στην Αυστρία.	5482944	Mein Bruder ist jetzt in Österreich.
5488434	Πού θέλετε να φάτε;	5491344	Wo wollen Sie essen?
5488434	Πού θέλετε να φάτε;	5491345	Wo wollt ihr essen?
5488431	Πού θέλετε να πάτε;	5491346	Wohin wollen Sie gehen?
5488431	Πού θέλετε να πάτε;	5491349	Wohin wollt ihr gehen?
5515311	Θα κάνει ζέστη σήμερα.	5515331	Heute wird es heiß.
3858369	Προσπάθησε να γράψει ένα διήγημα.	5583801	Sie versuchte, eine Kurzgeschichte zu schreiben.
1315364	Έγραψε λάθος το όνομά μου.	5589041	Sie hat meinen Namen falsch geschrieben.
1187593	Έχεις κανένα βιβλίο γραμμένο στα Αγγλικά;	5624568	Hast du ein englischsprachiges Buch?
2403863	Η παιδεία είναι ο καλύτερος φίλος της ανάπτυξης τών ανθρώπων.	5708748	Die Bildung ist der beste Freund der Entwicklung des Menschen.
4828418	Δεν έχω φωτογραφία της.	5708752	Ich habe kein Foto von ihr.
4828419	Την είδα να το παίρνει.	5708754	Ich habe gesehen, wie sie es genommen hat.
2390152	Μπορώ να το επαναλαμβάνω ξανά και ξανά.	5708760	Ich kann es immer wieder wiederholen.
3558220	Ο φίλος μου μου έστειλε ένα γράμμα στο οποίο με ρωτούσε αν είμαι καλά.	5708763	Mein Freund schickte mir einen Brief, in dem er mich fragte, ob es mir gut geht.
2739592	Το όνομά μου είναι Ριχάρδος.	5769622	Ich heiße Ricardo.
4659993	Μην παίζετε πόκερ με τον Τομ.	6041533	Pokere nicht mit Tom!
5597721	Δεν έχεις τίποτα.	6042328	Du hast nichts.
2209163	Αυτή τον παντρεύτηκε πέρυσι.	6140567	Sie heiratete ihn im letzten Jahr.
5565551	Πες της.	6707658	Sag es ihr.
5574761	Δεν τα θυμάσαι;	6710631	Erinnerst du dich nicht an sie?
3228893	Το μπουκάλι είναι άδειο.	7281300	Die Flasche ist leer.
3652178	Το βιβλίο που διάβασα χθες ήταν πολύ ενδιαφέρον.	7281301	Das Buch, welches ich gestern las, war sehr interessant.
3695949	Ήσουν μεθυσμένος;	7281302	Warst du betrunken?
5612143	Ποιος είναι ο πλουσιότερος άνθρωπος στην Αυστραλία;	7281304	Wer ist der reichste Mensch in Australien?
5593133	Ήμουν ξυπόλυτος.	7281306	Ich war barfuss.
5433519	Κοιτάξτε τι μπορώ να κάνω.	7281307	Schaut, was ich machen kann.
5466238	Δε με εμπιστεύεσαι· έτσι δεν είναι;	7480287	Du vertraust mir nicht, nicht wahr?
5611224	Πόσους πελάτες έχεις;	7480290	Wie viele Kunden hast du?
5125925	Είσαι σίγουρη ότι θες να πας με τον Τομ;	7480299	Bist du sicher, dass du mit Tom gehen willst?
5363320	Τώρα πρέπει να ντυθώ.	7480302	Ich muss mich jetzt anziehen.
4405009	Ο Θωμάς δε γνώριζε τη Μαίρη.	7480305	Tom kannte Mary nicht.
1287933	Θα παντρευτούν σ' ένα μήνα.	7480307	Sie heiraten in einem Monat.
5426936	Μετρητά ή πιστωτική κάρτα;	7480308	Bar oder mit Karte?
6159195	Δεν έχει έρθει ακόμη ο Θωμάς;	7480310	Ist Tom noch nicht gekommen?
5143300	Προφανώς έχει γίνει κάποια παρεξήγηση.	7480311	Offenbar ist ein Missverständnis aufgetreten.
2684020	Φάε τα λαχανικά σου.	7480313	Iss dein Gemüse.
5485901	Χρειάζονται εθελοντές.	7480314	Freiwillige werden gebraucht.
5444016	Χαμογελάς;	7480315	Lächelst du?
1286957	Ο λύκος κι αν εγέρασε κι άλλαξε το μαλλί του, μήτε τη γνώμη άλλαξε μήτε την κεφαλή του.	7908525	Der Wolf verliert die Haare, aber nicht den Sinn.
1129936	Οι γιατροί έχουν ένα δύσκολο πρόβλημα.	8377224	Die Ärzte haben ein schwieriges Problem.
2721884	Ζω στο Περού.	8377225	Ich lebe in Peru.
2902029	Θέλω να πάω στην Ιαπωνία.	8377226	Ich möchte nach Spanien gehen.
3365182	Την αγαπάς ακόμη, έτσι δεν είναι;	8377228	Du liebst sie noch, oder?
7782835	Θα πάω σπίτι νωρίς σήμερα.	8377233	Ich werde heute früh nach Hause gehen.
5458413	Μη σταματάτε!	8377234	Hört nicht auf!
5422584	Ελπίζω να πάει καλά.	8377236	Ich hoffe, dass es gut geht.
3043793	Αυτός απάντησε σύντομα.	8377237	Er antwortete bald.
3695685	Βουρτσίζω τα δόντια μου μετά το πρωϊνό.	8377239	Ich putze meine Zähne nach dem Frühstück.
5565282	Ο Τομ πουλάει αμάξια στη Βοστώνη.	8377240	Tom verkauft Autos in Boston.
5600657	Θέλετε να γίνετε διάσημες;	8377242	Wollt ihr berühmt werden?
5523564	Μαθαίνετε Κινέζικα;	8377245	Lernt ihr Chinesisch?
5544705	Ήθελες να σκοτώσεις τον Τομ;	8377247	Wolltest du Tom töten?
5357061	Σου αρέσουν τα ζώα;	8377250	Magst du Tiere?
5574260	Έχω άλλα σχέδια γι' αυτόν.	8443023	Ich habe andere Pläne für ihn.
5575012	Ο Τομ μας πυροβόλησε.	8443030	Tom schoss auf uns.
5496560	Νόμιζα ότι μιλούσαμε για τον Τομ.	8443032	Ich dachte, dass wir über Tom gesprochen hätten.
5600832	Θα με επισκεφθείς;	8443034	Wirst du mich besuchen?
5488510	Δε μ' αρέσει το χοιρινό.	8443041	Ich mag kein Schweinefleisch.
5624339	Ο Τομ ήταν παντρεμένος με μια Καναδή.	8443043	Tom war mit einer Kanadierin verheiratet.
5592456	Δεν είσαι ο εαυτός σου.	8443046	Du bist nicht du selbst.
6159204	Το ιρίδιο είναι ένα από τα σπανιότερα ατομικά στοιχεία.	8443051	Iridium ist eines der selteneren Elemente.
5611232	Πόσους μαθητές έχεις;	8443053	Wie viele Schüler hast du?
2778885	Εδώ σπάνια έχουμε χιόνι.	8443060	Schnee haben wir hier selten.
7792020	Το διάβασμα είναι δουλειά του μαθητή.	8443061	Lernen ist die Arbeit des Schülers.
5538256	Νομίζω πως πεινάς.	8443064	Ich glaube, dass du Hunger hast.
5624384	Οι πιο πολλές απ' τις επιβάτισσες ήταν Καναδέζες.	8443066	Die meisten Besucher war Kanadier.
8443010	Με κοίταξε περιφρονητικά.	8443078	Er schaute mich verächtlich an.
8443010	Με κοίταξε περιφρονητικά.	8443080	Sie schaute mich verächtlich an.
3094733	Το αεροπλάνο πετάει αρκετά χαμηλά.	8443101	Das Flugzeug fliegt ziemlich niedrig.
5604817	Μπορείτε να απαντήσετε;	8443103	Könnt ihr anworten?
3961039	Θα μείνουμε εδώ μέχρι τον επόμενο διαγωνισμό.	8443108	Wir bleiben hier bis zum nächsten Wettbewerb.
2655000	Χρειάζομαι να μάθω πολλές ξένες γλώσσες.	8443115	Ich muss viele Fremdsprachen lernen.
5577694	Τι συνέβη τον Οκτώβριο;	8443127	Was passiert im Oktober?
6743250	Θα έπρεπε να πω την αλήθεια στον Τομ.	8443129	Tom hätte die Wahrheit gesagt werden müssen.
5573941	Μιλήστε του.	8443131	Sprecht mit ihm.
7800430	Σίγουρα κάποιος την αγαπάει.	8443132	Jemand liebt sie sicher.
5488501	Θέλω μια κουβέρτα.	8443133	Ich möchte eine Decke.
5482571	Αυτή τη στιγμή δεν πεινάω πολύ.	8443184	Im Moment habe ich keinen großen Hunger.
5568207	Πέστε της.	8443185	Sagt es ihr.
4381962	Ο Θωμάς είναι πολύ υπομονετικός.	8443186	Thomas ist sehr geduldig.
5565657	Πες του να μας βοηθήσει.	8443188	Sag ihm, dass er uns helfen soll.
5431882	Η φίλη μου είν' ένας υπέροχος άνθρωπος.	8443190	Meine Freundin ist ein fantastischer Mensch.
5636574	Νιώθω πολύ ασφαλής εδώ.	8443191	Ich fühle mich hier sehr sicher.
5565392	Είστε εξυπνότερος απ' αυτή.	8443192	Ihr seid klüger als sie.
5565359	Τομ, έλα γρήγορα εδώ!	8443193	Tom, komm schnell her!
5568445	Είστε δυνατότερη απ' αυτούς.	8443324	Ihr seid stärker als die.
5613332	Δεν είναι φτηνό.	8443326	Es ist nicht günstig.
5613291	Δε θα σε σκοτώσω.	8443327	Ich werde dich nicht töten.
6997431	Σ' ευχαριστώ πάρα πάρα πολύ για το υπέροχο δώρο που έστειλες!	8443328	Ich danke dir vielmals für das fantastische Geschenk, das du mir geschickt hast.
4653327	Ήμουν τόσο θυμωμένη.	8443330	Ich war so wütend.
7768067	Τότε ο δρόμος ήταν άδειος.	8449168	Dann war die Straße leer.
5565403	Είμαι εξυπνότερος απ' αυτή.	8449169	Ich bin klüger als sie.
2842736	Κλείστε παρακαλώ το παράθυρο.	8449170	Bitte schließen Sie das Fenster.
5463916	Είμαστε σίγουροι ότι θέλουμε να προσλάβουμε τον Τομ;	8449172	Sind wir uns sicher, dass wir Tom einstellen wollen?
5419167	Μπορείτε να το περιγράψετε;	8449174	Können Sie mir das beschreiben?
3146823	Ο Τομ δεν ενδιαφέρεται για τις επιστήμες.	8449176	Tom interessiert sich nicht für Wissenschaften.
5522192	Άκουσες τι είπε;	8449190	Hast du gehört, was er sagte?
3231003	Έχω ακόμη τρεις ώρες πριν από την αναχώρηση του αεροπλάνου μου.	8449195	Es sind noch drei Stunden bis zum Abflug meines Flugzeuges.
5525172	Εδώ και πόσον καιρό είστε δάσκαλος;	8449198	Wie lange sind Sie schon Lehrer?
5565407	Είσαι εξυπνότερος απ' αυτόν.	8449447	Du bist klüger als er.
5613396	Δεν είσαι ευπρόσδεκτος.	8449451	Du bist nicht willkommen.
5573860	Γιατί δεν τους λες;	8449495	Warum sagst du es ihnen nicht?
2830693	Αυτό το διαμέρισμα είναι πολύ ακριβό.	8449496	Diese Wohnung ist sehr teuer.
3553052	Αυτό είναι το ποδήλατο του Μάικ.	8449498	Das ist das Fahrrad von Mike.
5405265	Πόσον καιρό ζήσατε εκεί;	8449499	Wie lange habt ihr dort gelebt?
5573617	Πείτε της ότι είμαι απασχολημένος.	8449500	Sagt ihr, dass ich beschäftigt bin.
5517160	Συγκεντρώσου.	8449509	Konzentriere dich.
5549389	Ο Τομ μας επισκέπτεται δυο φορές το χρόνο.	8449510	Tom besucht uns zwei Mal im Jahr.
5450328	Ο Τομ μας βοήθησε να σπρώξουμε τ' αμάξι.	8449511	Tom half uns das Auto zu schieben.
4265901	Το βιβλίο που αγόρασα είναι πάνω στο τραπέζι	8449512	Das Buch, das ich kaufte, liegt auf dem Tisch.
5364947	Την επόμενη φορά που θα ΄μαι στη Βοστώνη, θα προσπαθήσω να σε επισκεφτώ.	8450195	Das nächste Mal, wenn ich in Boston bin, werde ich dich besuchen.
5430617	Δε θα είμαι εδώ.	8450197	Ich werde nicht hier sein.
8450208	Θα σκάψω ένα μεγάλο τούνελ.	8450210	Ich werde einen großen Tunnel graben.
5634171	Τη Δευτέρα πρέπει να φύγω.	8450212	Am Montag muss ich gehen.
5522165	Ο Τομ ισχυρίζεται ότι δεν το 'κανε αυτό.	8450214	Tom behauptet, dass er es nicht getan hätte.
1315203	Από ποιον πλανήτη είσαι;	8450217	Von welchem Planeten bist du?
5541110	Θα δεις τον Τομ τον άλλο μήνα;	8450219	Wirst du Tom nächsten Monat sehen?
8450231	Θα είστε επιτέλους ελεύθεροι.	8450232	Ihr werdet endlich frei sein.
8450309	Θα είστε μάρτυρες για μένα.	8450310	Ihr werdet meine Zeugen sein.
1662995	Για ποιό λόγο;	8450329	Aus welchem Grund?
5395279	Τώρα γνωρίζω την αλήθεια.	8450331	Jetzt kenne ich die Wahrheit.
5470695	Σε χρειάζονται.	8450332	Sie brauchen dich.
4593577	Πες μας γιατί τη σκότωσες.	8450333	Sag uns, weshalb du sie getötet hast.
5358340	Ποιο είναι το αγαπημένο σου μέρος στη Βοστώνη;	8450334	Was ist dein Lieblingsort in Boston.
5572999	Πέστε της ότι είμαι αθώος.	8450337	Sagt ihr, dass ich unschuldig bin.
5512443	Δεν είναι ποτέ χαρούμενες.	8450338	Sie sind nie fröhlich.
3004889	Αυτός πέθανε σε αυτοκινιτιστικό ατύχημα.	8450340	Er starb bei einem Autounfall.
7780366	Διάβασα αυτό το βιβλίο την προηγούμενη βδομάδα.	8450342	Dieses Buch las ich letzte Woche.
5613343	Είστε άστεγοι;	8450466	Seid ihr obdachlos?
3743790	Και ποιο είναι το πρόβλημά σας;	8450468	Und was ist Ihr Problem?
3743790	Και ποιο είναι το πρόβλημά σας;	8450469	Und was ist euer Problem?
3963761	Ένα μαχαίρι λείπει.	8450471	Ein Messer fehlt.
5520209	Και οι δύο θέλουν το ίδιο πράγμα.	8450473	Beide wollen dasselbe Ding.
8450477	Ο Θεός μας αγαπά και μας προστατεύει.	8450478	Gott liebt und beschützt uns.
4651558	Προσπάθησε να κρύψει τον ενθουσιασμό της.	8450545	Sie versuchte ihre Aufregung zu verbergen.
5586790	Ο Τομ μένει στην οδό Παρκ.	8450546	Tom wohnt in der Parkstraße.
7792031	Νιώθω νεότερος ξανά.	8450549	Ich fühle mich wieder jünger.
5483304	Ο Τομ έγινε τραγουδιστής.	8450550	Tom wurde Sänger.
5576685	Κολυμπάς συχνά;	8450552	Schwimmst du oft?
8450741	Γιατί κρύβεσαι;	8450743	Warum versteckst du dich?
2365106	Έχω ανάγκη από καλές συμβουλές.	8453262	Ich brauche gute Ratschläge.
5602383	Μπορείτε να καθίσετε, αν θέλετε.	8453263	Sie können sich setzen, wenn Sie wollen.
5487772	Θέλησαν να κλέψουν τ' αυτοκίνητο.	8453313	Sie wollten das Auto klauen.
3158771	Η Μαίρη δεν τραγουδάει πολύ καλά.	8453314	Mary singt nicht sehr gut.
5409990	Μ' αρέσει το μέλι.	8453316	Ich mag Honig.
5573016	Πέστε του ότι είμαι στο γραφείο.	8453318	Sagt ihm, dass ich im Büro bin.
2925325	Αυτή μαθαίνει να οδηγεί αυτοκίνητο.	8453330	Sie lernt das Autofahren.
5534692	Ο Τομ πρέπει να βρει δουλειά.	8453333	Tom muss Arbeit finden.
3743198	Εκεί δεν μπορείτε να πάτε.	8453336	Dort könnt ihr nicht hingehen.
5565628	Πείτε της ότι είμαστε απασχολημένοι.	8453338	Sagt ihr, dass wir beschäftigt sind.
2156472	Μη κολυμπάτε στο ποτάμι.	8453340	Schwimmt nicht im Fluss.
5612725	Θα 'ναι εύκολος.	8453341	Es wird einfach sein.
2863236	Του το είπα.	8453371	Ich sagte es ihm.
7789520	Πότε αγόρασε αυτή την ομπρέλα ο Τομ;	8453372	Wann kaufte Tom diesen Regenschirm?
5422587	Δεν περίμενα κανέναν.	8453373	Ich erwartete niemand.
5544607	Δεν μπορώ να το επιτρέψω αυτό.	8453379	Ich kann das nicht erlauben.
5602459	Ο Τομ έτρεξε γρηγορότερα απ' όλους.	8453381	Tom rannte von allen am schnellsten.
5454566	Ο Τομ αναγνώρισε τη φωνή της Μαίρης.	8455569	Tom erkannte die Stimme von Mary.
2882957	Είμαι χαρούμενη, που είσαι εδώ μαζί μου.	8455570	Ich bin glücklich, dass du hier bei mir bist.
5413421	Χρειάζομαι ένα όπλο.	8455571	Ich brauche eine Waffe.
4513663	Το όνομα μου είναι πολύ σπάνιο στη χώρα μου.	8455572	Mein Name ist selten in meinem Land.
6218010	Ελπίζω να σε ξαναδώ σύντομα!	8455573	Ich hoffe, dass ich dich bald wieder sehe!
5517586	Σε είδα στ' όνειρό μου.	8455574	Ich sah dich in meinem Traum.
2157234	Για μένα αυτό είναι κάπως παράξενο.	8455575	Für mich ist das irgendwie seltsam.
5613416	Είστε προετοιμασμένες;	8455576	Seid ihr vorbereitet?
4381955	Τι άλλο είπες στο Θωμά;	8455578	Was hast du noch zu Thomas gesagt?
5429303	Μαλώνουμε κάθε μέρα.	8455579	Wir streiten jeden Tag.
5607632	Ο Τομ αποφάσισε να μην πάει στη Βοστώνη.	8455581	Tom entschied sich dafür, nicht nach Boston zu gehen.
5576700	Ο Τομ και η Μαίρη ήταν γείτονες.	8455582	Tom und Mary waren Nachbarn.
3740755	Θέλεις να πας στο σπίτι τώρα;	8455583	Willst du jetzt nach Hause gehen?
2834407	Ποιοί είναι οι πιο ενδιαφέροντες φίλοι σου;	8455585	Welche sind deine interessantesten Freunde?
5537055	Ήμαστε και οι δυο κουρασμένοι.	8455594	Wir beide sind müde.
1708079	Ο Τομ χρειάζεται λίγη ξεκούραση.	8455595	Tom muss sich ein wenig ausruhen.
5568421	Πείτε τους.	8455596	Sagt es ihnen.
5410050	Το αυτοκίνητό σου είναι έτοιμο.	8455598	Dein Auto ist bereit.
3367784	Λένε ότι αυτή γεννήθηκε στη Γερμανία.	8455600	Sie sagen, dass sie in Deutschland geboren sei.
5422706	Είναι το καλύτερο.	8455601	Es ist das Beste.
4750540	Κανείς δεν ξέρει αν την αγαπάει ή όχι.	8455613	Keiner weiß, ob er sie liebt oder nicht.
5563388	Ο Τομ μου έδωσε αυτή τη γραβάτα.	8455615	Tom gab mir diese Krawatte.
5443058	Ο Τομ πούλησε στη Μαίρη τ' αμάξι του.	8455616	Tom verkaufte Mary sein Auto.
5514248	Μια γυναίκα με ρώτησε αν ήξερα να της πω πού βρίσκεται ένας δρόμος.	8455618	Eine Frau fragte mich, ob ich wüsste, wo sich eine Straße befindet.
2363992	Σας αρέσουν τα γλυκά; Ναι μου αρέσουν.	8455621	Mögt ihr Süßigkeiten? Ja, die mögen wir.
3747722	Ταξιδεύω συχνά.	8455624	Ich reise häufig.
5483309	Δε σ' εμπιστεύονται.	8455625	Sie vertrauen dir nicht.
5516427	Σου ζήτησα να με περιμένεις.	8455627	Ich bat dich darum, auf mich zu warten.
5530402	Δε θέλουμε τον Τομ στην ομάδα μας.	8455628	Wir möchten Tom nicht in unserer Mannschaft.
7809293	Έχεις τρία αμάξια, έτσι;	8455629	Du hast also drei Autos?
5514820	Γνωρίζουμε ποιο είν' το πρόβλημα.	8455630	Wir wissen, um welches Problem es sich handelt.
5613275	Θα 'στε ελεύθερη.	8457278	Ihr werdet frei sein.
5464553	Θέλουμε να το ξεχάσουν.	8457279	Wir wollen es vergessen.
1499727	Αυτή η ηλικιωμένη γυναίκα είναι γιατρός.	8457281	Diese ältere Frau ist Ärztin.
7810546	Μου πήρε ολόκληρη μέρα να βάψω τον πίνακα.	8457283	Ich brauchte den ganzen Tag, um das Gemälde zu malen.
3542129	Αυτός θέλει τα χρήματα.	8457284	Er will das Geld.
7790836	Δε μπορώ να ξεχάσω τη μέρα που γνώρισα τον Τομ.	8458233	Ich kann den Tag nicht vergessen, an dem ich Tom kennenlernte.
3741018	Μην περιμένετε απ' όλους να συμφωνήσουν μαζί σας.	8458235	Erwartet nicht von allen, dass sie mit euch einverstanden sind.
5574859	Ο Τομ μας εμπιστεύτηκε.	8458236	Tom vertraute uns.
8458655	Δεν θα τον ξεφορτωθούμε ποτέ.	8458656	Wir werden ihn niemals loswerden.
5634649	Σου αρέσει το καλοκαίρι;	8507926	Magst du den Sommer?
5612674	Θα σε βρούμε.	8507929	Wir werden dich finden.
5429388	Σας έχω πει πόσο όμορφη είστε;	8507930	Habe ich Ihnen schon gesagt, wie schön Sie sind?
9061730	Μα κανείς δεν γνωρίζει τι πραγματικά σκαρώνει.	9061736	Aber niemand erkennt, was er wirklich ausheckt.
9061745	Να τον συλλάβουν.	9061748	Sie sollen ihn festnehmen.
9061753	Σε πέρασα για μπάτσο.	9061755	Ich hielt dich für einen Bullen.
1334807	Αν υποπτεύεσαι κάποιον, πέσ' το ξεκάθαρα.	9095151	Falls du jemanden verdächtigst, spuck’s aus.
5527112	Μπορείς να μας πεις τι συνέβη;	9167135	Kannst du uns sagen, was passiert ist?
9141495	Για δες ποιος κοιτάει!	9559726	Guck mal, wer da schaut!
4750596	Παίζουν ποδόσφαιρο.	9809942	Sie spielen Fußball.
5591723	Έβαψε ροζ τον τοίχο.	9809945	Er malte die Wand pink an.
5591723	Έβαψε ροζ τον τοίχο.	9809946	Sie malte die Wand pink an.
7776093	Εγώ πληρώνω για το δείπνο σήμερα.	9809949	Heute geht das Abendessen auf mich.
9444748	Να σας χαιρόμαστε!	9837891	Lasst euch feiern!
9946638	Καλέ τι μας λες;	10024993	Komm, erzähl keine Geschichten!
7792018	Είπα ότι απλά έκανα πλάκα.	10123674	Ich sagte, dass das nur ein Witz war.
5573576	Πείτε του πως είναι σημαντικό.	10123706	Sagen Sie ihm, wie wichtig es ist.
9941286	Τα παιδιά κοιμούνται ακόμη, γι' αυτό μην κάνεις φασαρία.	10160022	Die Kinder schlafen noch, deshalb mach keinen Krach.
3209844	Μετακίνησε μια καρέκλα.	11128706	Sie rückte einen Stuhl vor.
10068651	Κάθε παραμονή Χριστουγέννων πηγαίνουμε στην εκκλησία.	11145391	An Heiligabend gehen wir in die Kirche.
5574344	Θα τον δούμε αργότερα.	11172215	Wir werden ihn später sehen.
10163376	Πώς μπορούν να μας βοηθούν τα συμφραζόμενα να κατανοούμε τη σημασία;	11185944	Wie kann uns der Kontext helfen, die Bedeutung zu verstehen?
3742658	Το κυριλλικό αλφάβητο δημιουργήθηκε με βάση το ελληνικό αλφάβητο.	11344126	Das kyrillische Alphabet wurde auf der Grundlage des griechischen Alphabets erstellt.
3742669	Η ψηφοφορία είναι ένα πατριωτικό καθήκον.	11350729	Wählen ist eine patriotische Pflicht.
3742794	Η στρατιωτική θητεία είναι επίσης ένα πατριωτικό καθήκον.	11350888	Militärdienst ist auch eine patriotische Pflicht.
3742863	Χθες τελείωσε η πρώτη περίοδος.	11354033	Die erste Periode endete gestern.
3742989	Δεν ήθελα να κλείσω την πόρτα.	11401717	Ich wollte die Tür nicht schließen.
11469310	Τέτοιες λέξεις λένε μόνο οι τρελοί.	11507665	Solche Worte sagen nur Verrückte.
11539063	Σε γνωρίζω από την κόψη του σπαθιού την τρομερή.	11539082	Ich erkenne dich an der schrecklichen Schneide deines Schwertes.
9271304	Πασπαλίζεται η επιφάνεια με λίγη ρίγανη.	11591055	Die Oberfläche wird mit ein wenig Oregano bestreut.
9586973	Η επιφάνειά του μπορεί να είναι λεία ή αδρή.	11591056	Die Oberfläche davon kann glatt oder rau sein.
7790834	Η επιφάνεια ενός μπαλονιού δεν είναι ένας ευκλείδειος χώρος και έτσι δεν ακολουθεί τους κανόνες της ευκλείδειας γεωμετρίας.	11591058	Die Oberfläche einer Kugel ist kein Euklidischer Raum und folgt deshalb nicht den Regeln der Euklidischen Geometrie.
2428074	Έχετε διάρροια πόσες φορές τη μέρα;	11604094	Wie oft am Tag haben Sie Durchfall?
1663027	Μη χάσεις το λεωφορείο.	11604649	Verpass nicht den Bus!
10320276	Υπάρχει ένα μεγάλο πλοίο στη θάλασσα.	11608747	Es gibt ein großes Schiff auf dem Meer.
4706953	Από απόσταση το πλοίο μοιάζει με νησί.	11608749	Aus der Entfernung sieht das Schiff wie eine Insel aus.
5386606	Ο Τομ είναι έτοιμος να συγχωρήσει τη Μαίρη.	11617193	Tom ist bereit, Mary zu vergeben.
7271769	Φυσικά και μπορείτε.	11618538	Natürlich dürfen Sie.
7271769	Φυσικά και μπορείτε.	11618539	Natürlich dürft ihr.
9992009	Οι αντιδράσεις αυτές είναι κυρίως πυρετός και ρίγη.	11643442	Diese Reaktionen sind hauptsächlich Fieber und Schüttelfrost.
2842564	Αυτός ο καφές έχει πικρή γεύση.	11643912	Dieser Kaffee hat einen bitteren Geschmack.
2925455	Το τσίλι μου έκαψε τη γλώσσα.	11643956	Der Chili hat mir die Zunge verbrannt.
1299441	Ώρα να σηκωθείς.	11646440	Zeit zum Aufstehen!
1543838	Ο σύζυγός της έχει φοβερό βήχα.	11654544	Ihr Mann hat einen schrecklichen Husten.
9226340	Δε χρειάζεται να εκνευρίζεστε.	11654615	Sie müssen sich nicht aufregen.
9189974	Η πόρτα είναι ορθάνοιχτη για όλους.	11654735	Die Tür ist für alle weit offen.
9441092	Δεν ασχολούμαι με ηλίθιους.	11662918	Ich beschäftige mich nicht mit Idioten.
2364836	Μια λάμπα κρέμεται πάνω από το τραπέζι.	11663083	Eine Lampe hängt über dem Tisch.
1547584	Η χώρα είναι αντιμέτωπη με μια οικονομική κρίση.	11676831	Das Land war mit einer ökonomischen Krise konfrontiert.
7819800	Αντιμετωπίζουμε μία δύσκολη κατάσταση.	11676851	Wir stehen einer schwierigen Situation gegenüber.
1561028	Αυτό τρώει συχνά εκεί.	11682327	Er isst dort oft.
3142398	Ο λαγός έκλεψε καρότα απ΄τον κήπο.	11682377	Der Hase stahl Möhren aus dem Garten.
7766288	Μόνοι οι συνειδητοί μαθητές ήρθαν στη διάλεξη.	11683846	Nur die gewissenhaften Schüler kamen zur Vorlesung.
9872006	Η ανυπακοή του ήταν μια συνειδητή πράξη.	11683847	Sein Ungehorsam war eine bewusste Handlung.
5376738	Οι κρόκοι είναι κίτρινοι.	11684099	Krokusse sind gelb.
6685111	Πρέπει να γυμνάζομαι περισσότερο.	11718352	Ich muss mehr trainieren.
1603314	Ο Ερμάνο διηγήθηκε μια διασκεδαστική ιστορία.	11718383	Ermano erzählte eine unterhaltsame Geschichte.
11220670	Από τις δέκα χιλιάδες αγγλικές φράσεις που πρόσθεσε ο Τομ στο σώμα της Τάτοεμπα, επτακόσιες μεταφράζονται στα νέα ελληνικά.	11741685	Von den zehntausend englischen Sätzen, die Tom dem Tatoeba-Corpus hinzugefügt hat, sind siebenhundert ins Neugriechische übersetzt.
4286487	δειξε μου τα χαρτιά σου	11755224	Zeig mir deine Papiere!
9941323	Λυπάμαι, αλλά πρέπει να φύγω.	11777158	Tut mir leid, aber ich muss gehen.
7267037	Ήρθες στο κατάλληλο μέρος.	11778652	Du bist zum richtigen Ort gekommen.
2551967	Μια φοράδα είναι ένα θηλυκό άλογο.	11784278	Eine Stute ist ein weibliches Pferd.
11469344	Πού αγόρασε αυτό το σαπούνι;	11809863	Wo hat er diese Seife gekauft?
4155214	Τι είδους βιβλίου σου χρειάζεται;	11817735	Was für ein Buch brauchst du?
11177230	Προσφέρουν καφέ.	11822125	Sie bieten Kaffee an.
9226355	Και όμως είναι αλήθεια.	11865901	Und doch ist es wahr.
9841496	Η μαίρη δεν είχε χρήματα, λοιπόν δεν μπορούσε να πάει με μένα.	11865926	Mary hatte kein Geld, daher konnte sie nicht mit mir kommen.
9211804	Τι να κάνω δηλαδή;	11865930	Was soll ich also tun?
7854118	Παρόλο που απολογήθηκε, είμαι ακόμα έξαλλος.	11870240	Obwohl er sich entschuldigt hat, bin ich noch wütend.
9938734	Η μόνη μου επιθυμία είναι να γίνω πατέρας.	11900347	Mein einziger Wunsch ist, Vater zu werden.
4375278	Είναι τρία χρόνια από τότε που πέθανε ο πατέρας μου.	11900365	Es ist drei Jahre her, dass mein Vater starb.
11130112	Ο πατέρας μου και ο θείος μου είναι αδέρφια.	11900379	Mein Vater und mein Onkel sind Geschwister.
3422640	Τα αγγούρια συγγενεύουν με τα καρπούζια.	11908613	Gurken sind mit den Wassermelonen verwandt.
3002447	Ο εγγονός μου κλαίει πολύ δυνατά.	11908768	Mein Enkel weint sehr laut.
9234334	Βελτιώνεται μέρα με τη μέρα.	11922543	Es wird Tag für Tag besser.
3051642	Έμεινα σπίτι λόγω βροχής.	11928305	Ich bin wegen Regens zu Hause.
11383296	Τα σύννεφα φέρνουν βροχή.	11928306	Wolken bringen Regen.
9296873	Αυτή η βροχή θα φέρει χαλάζι.	11928310	Dieser Regen wird Hagel mit sich bringen.
11565822	Το αεροπλάνο δεν μπορεί να φύγει χωρίς αντίθετο άνεμο.	11928316	Das Flugzeug kann ohne Gegenwind nicht losfliegen.
2936156	Οι μετεωρολόγοι είπαν ότι πλησιάζει καταιγίδα.	11928325	Die Meteorologen haben gesagt, dass ein Gewitter heranzieht.
9927073	Έχει πολλά μπαχαρικά στην κουζίνα του.	11930213	Er hat viele Gewürze in seiner Küche.
10257039	Ο Τομ φοράει ένα περίεργο καπέλο σήμερα	11938608	Tom hat heute einen merkwürdigen Hut auf.
5346435	Τι ώρα γύρισες;	11940459	Wieviel Uhr kommst du zurück?
1321653	Τώρα εξαρτάται από σένα.	11947804	Jetzt liegt es an dir.
9938733	Το μόνο του όνειρο είναι να δει τον γιο του να σπουδάζει γιατρός.	11948142	Sein einziger Traum ist es, seinen Sohn Medizin studieren zu sehen.
3003690	ΤΝ σημαίνει Τεχνητή Νοημοσύνη.	11971691	KI steht für künstliche Intelligenz.
5522453	Πουλάνε λουλούδια σ' αυτό το μαγαζί;	11978739	Werden in diesem Laden Blumen verkauft?
2869484	Αυτές οι προτάσεις είναι παράξενες.	11980979	Diese Sätze sind merkwürdig.
9850521	Το παράθυρό μου ήταν ανοιχτό.	11982830	Mein Fenster war offen.
9089047	Ο Θωμάς έφαγε τρία αυγά.	11982831	Thomas hat drei Eier gegessen.
5554044	Είμαι μεταφράστρια. Μεταφράζω βιβλία.	11983223	Ich bin Übersetzerin. Ich übersetze Bücher.
6685099	Μην μεταφράζεις την πρόταση αυτολεξεί.	11983229	Übersetze den Satz nicht wörtlich!
7970908	Κάθε πρωί πίνω καφέ με γάλα.	11983241	Jeden Morgen trinke ich Kaffee mit Milch.
2830816	Δανεισέ μου το λεξικό σου, παρακαλώ.	11983366	Leih mir dein Wörterbuch, bitte.
9946535	Ο τόπος αυτός είναι άγονος.	11989154	Dieser Ort ist unfruchtbar.
10576223	Κυρίες και κύριοι...	11989155	Meine Damen und Herren…
10651243	Ο Τομ δεν πήγε εκεί.	11996649	Tom ist nicht dorthin gegangen.
1308003	Το χαρτί, μια κινεζική εφεύρεση με ηλικία περί τα δύο χιλιάδες χρόνια, άφησε ανεξίτηλα ίχνη σε όλους τους πολιτισμούς.	12014427	Papier, eine etwa zweitausend Jahre alte chinesische Erfindung, hat in allen Kulturen unauslöschliche Spuren hinterlassen.
1611543	Η απάντησή σας είναι σωστή.	12034434	Eure Antwort ist richtig.
1611543	Η απάντησή σας είναι σωστή.	12034435	Ihre Antwort ist richtig.
9444995	Δεν φημίζεται για την συναισθηματική της νοημοσύνη.	12100705	Sie ist nicht für ihre emotionale Intelligenz berühmt.
2993310	Είναι πράγματι εκπληκτικό!	12109236	Das ist wirklich toll!
5585828	Πού κρύβεσαι;	12115186	wo versteckst du dich?
4310522	Εχει ένα φοβερό ταλέντο στην μουσική!	12148519	Er hat ein gewaltiges Talent für Musik!
9230203	Έσωσα τον σύντροφό μου αντί για το παιδί μου στον σεισμό.	12168134	Ich habe bei dem Erdboben meinen Partner und nicht mein Kind gerettet.
7970760	Η διδασκαλία είναι η καλύτερη μορφή της μάθησης.	12209612	Lehren ist die beste Art zu lernen.
7970767	Παραιτήθηκε απ' όλα τα δικαιώματά του.	12209856	Er verzichtete auf alle seine Rechte.
8359709	Δεν κοιμάμαι εξαιτίας σου.	12211408	Ich schlafe nicht deinetwegen.
8534623	Θέλω ένα καλύτερο αυτού.	12211481	Ich möchte ein besseres als dieses.
3228796	Οι γείτονες είναι φιλικοί.	12214417	Die Nachbarn sind freundlich.
12211249	Τι σου έρχεται στο μυαλό;	12217325	Was kommt dir in den Sinn?
5405267	Δε μιλάει· ουρλιάζει!	12259047	Er spricht nicht, er schreit!
2864460	Λαχταρώ την άνοιξη.	12308496	Ich sehne mich nach dem Frühling.
7765178	Επιθυμώ πολλά πράγματα.	12336194	Ich will viele Sachen.
5488369	Μου αρέσει να λύνω μυστήρια.	12347397	Ich löse gerne Rätsel.
2936215	Ο καιρός χθες ήταν ιδανικός.	12349878	Das Wetter gestern war ideal.
3059792	Αυτός έχει γνώση και εμπειρία συνάμα.	12350968	Er hat Wissen und zugleich auch Erfahrung.
5410021	Δεν υπήρχε χρόνος.	12392984	Es war keine Zeit.
9234123	Όλα τα άλλα ήταν άψογα σε όλα τα επίπεδα.	12493058	Alles andere war auf allen Ebenen tadellos.
9445134	Η κλήση σας προωθείται.	12498549	Ihr Anruf wird weitergeleitet.
5516657	Ο Τομ ήταν εντυπωσιακός.	12659797	Tom war beeindruckend.
6686927	Το βιογραφικό σου είναι πολύ εντυπωσιακό.	12659800	Dein Lebenslauf ist sehr eindrucksvoll.
6686928	Το βιογραφικό σας είναι πολύ εντυπωσιακό.	12659801	Ihr Lebenslauf ist sehr beeindruckend.
5626486	Νομίζω πως αυτό είναι το πιο εντυπωσιακό κτίριο στην οδό Παρκ.	12659807	Ich glaube, dass das das eindrucksvollste Gebäude der Parkstraße ist.
1503238	Μη μιλάτε άσχημα για τους άλλους.	12678533	Sprecht nicht schlecht über die anderen!
9889320	Πλήρωσα τέσσερα ευρώ διόδια για να περάσω από τη γέφυρα.	12696334	Ich habe vier Euro Maut für die Überquerung der Brücke bezahlt.
7347802	Το κάπνισμα βλάπτει την υγεία σας.	12698990	Rauchen schadet deiner Gesundheit
2363950	Σεβόμαστε τον κανονισμό.	12703417	Wir respektieren die Regeln
9181400	Πλησιάζουμε στην ώρα της κάλπης.	12703951	Wir nähern uns dem Zeitpunkt der Wahl.
9258462	Επιλέξαμε πλακάκια με λεία επιφάνεια για την κουζίνα.	12714513	Wir haben Kacheln mit glatter Oberfläche für die Küche ausgewählt.
3228826	Ο καναπές είναι άβολος.	12715906	Das Sofa ist unbequem.
9982464	Αγοράσαμε μια τουαλέτα αντίκα σε ένα υπαίθριο παζάρι.	12716137	Wir haben eine antike Toilettenschüssel auf einem Flohmarkt gekauft.
12718362	Μόλις έφτασε εδώ το αεροπλάνο μας.	12726748	Unser Flugzeug ist gerade gelandet.
10682225	Η μητέρα μου μού αγόρασε ένα καρβέλι ψωμί.	12727108	Meine Mutter kaufte mir einen Laib Brot.
2898671	Παρακαλώ, επικοινωνήστε μαζί μας.	12727123	Bitte setzen Sie sich mit uns in Verbindung!
1515762	Δεν χρειάζεται να επικοινωνείς μαζί του.	12727124	Du brauchst keinen Kontakt mit ihm aufzunehmen.
9870272	Της έγραψα ένα σημείωμα ότι θα λείπω.	12728566	Ich schrieb ihr eine Notiz, dass ich weg sein würde.
3473799	Ο Θωμάς άφησε ένα σημείωμα πάνω στο τραπέζι της κουζίνας.	12728569	Thomas hinterließ eine Notiz auf dem Küchentisch.
9197585	Τα βιογραφικά σημειώματα είναι ένα απλός τρόπος να εξιστορήσουμε την επαγγελματική μας κατάρτιση.	12728574	Der Lebenslauf ist ein einfacher Weg, die Berufsausbildung chronologisch darzustellen.
3105023	Είστε νέοι. Εγώ, αντίθετα, είμαι ηλικιωμένος.	12734392	Ihr seid jung. Ich dagegen bin alt.
12369451	Ο κόσμος κορόιδευε τα ρούχα μου.	12735500	Hör auf, dich über meine Kleider lustig zu machen!
1307893	Ποιόν νομίζεις ότι κοροϊδεύεις; Πάψε να κοροϊδεύεις τον εαυτό σου.	12735501	Wen glaubst du, reinlegen zu können? Hör auf, dich selber zu verarschen!
3437491	Πέθαναν λιγότεροι από πενήντα επιβάτες.	12748888	Weniger als fünfzig Passagiere kamen ums Leben.
9110207	Δεν χρειάζεται ο επιβάτης να αλλάξει τρένο.	12748889	Der Reisende muss nicht umsteigen.
9992042	Είναι χαριτωμένη σαν πασχαλίτσα.	12768974	Sie ist süß wie ein Marienkäfer.
5525900	Δεν είναι προαιρετικό.	12787995	Es ist nicht optional.
9449050	Η συνταγή αναφέρει μοσχοκάρυδο αλλά είναι προαιρετικό.	12787999	Das Rezept erwähnt Muskatnuss, aber das ist optional.
3750397	Το διάβασμα αναπτύσσει το μυαλό.	12823368	Lesen entwickelt den Geist.
7792008	Έχεις αρχίσει να αναπτύσσεις φαλάκρα.	12823373	Du hast begonnen, eine Glatze zu entwickeln.
1550886	Δεν ξέρω αν η σύγχρονη τεχνολογία αυξάνει την ανεργία ή αν τη μειώνει.	12856927	Ich weiß nicht, ob die moderne Technik die Arbeitslosigkeit erhöht oder ob sie sie verringert.
9615330	Έχει μάτια και στην πλάτη.	12856945	Sie hat überall Augen.
11172857	Το ύψος, το πλάτος και το μήκος είναι διαστάσεις.	12856948	Höhe, Breite und Länge sind Dimensionen.
12200812	Ποτέ δεν τρώω έντομα.	12865059	Ich esse niemals Insekten.
10071273	Η Μαρία έχει πτυχίο πληροφορικής.	12868455	Maria hat ein Diplom in Informatik.
9141344	Νιώθω λες και το κάνω πρώτη φορά.	12871569	Ich fühle mich, als ob ich das zum ersten Mal machen würde.
7762656	Είπε ότι σκοπεύει να νικήσει.	12879282	Sie sagte, dass sie vorhatte zu gewinnen.
3175206	Πριν λαλήσει ο πετεινός, θα με αρνηθείς τρεις φορές.	12879412	Bevor der Hahn kräht, wirst du mich dreimal verleugnen.
9114974	Να κάνουμε τους οπαδούς περήφανους για εμάς!	12881208	Machen wir die Fans stolz auf uns!
2404293	Το νερό σε στερεά μορφή ονομάζεται πάγος.	12882501	Wasser im festen Aggregatzustand heißt Eis.
7590698	Ο Θωμάς κρεμάει τα ρούχα του και έπειτα τα κατατάσσει με βάση το χρώμα.	12882586	Thomas hängt seine Kleider auf und sortiert sie dann nach Farben.
7809321	Απαιτώ αποζημίωση!	12885642	Ich verlange Entschädigung!
4706930	Απαιτούμε πράξεις, όχι λόγια.	12885645	Wir verlangen Taten, nicht Worte.
9941364	Ήρθα πρόσωπο με πρόσωπο με τον πρώην άντρα μου.	12977939	Ich stand plötzlich meinem Ex-Mann gegenüber.
13355043	Τα αστεία δεν της αρέσουν.	13358994	Sie mag keine Witze.
