9842	On ne parle pas anglais ici.	375835	Engels wordt hier niet gesproken.
371762	Donne-moi la clé de ce château !	375963	Geef me de sleutel van dit kasteel!
134051	Elle est très mignonne.	376005	Zij is zeer mooi.
13718	Bonne question.	377856	Goeie vraag.
128224	Réponds à la question.	377885	Beantwoord de vraag.
139432	Quelle surprise !	377886	Wat een verrassing!
182756	J'ai une question.	377887	Ik heb een vraag.
338174	Demain, c'est Noël.	377935	Morgen is het Kerstmis.
7709	J'avais un grand appétit.	377965	Ik had erge trek.
181709	Il habite à la campagne.	378732	Hij woont op het platteland.
335734	Tu nous manques beaucoup à tous.	379015	We missen je allemaal heel erg.
180280	Jusqu'à maintenant, je n'ai jamais vu de vraie vache.	379019	Tot nu toe heb ik nog nooit een echte koe gezien.
373687	Heureux ceux qui ont la mémoire courte.	379230	Zalig de korten van geheugen.
7135	Il regardait l'image.	381167	Hij keek naar de afbeelding.
381816	Je suis un homme comblé !	381957	Ik ben een gelukkig mens!
381847	Il ne manquait plus que ça !	381959	Ook dat nog!
382402	Ce mec est complètement zinzin !	382406	Die vent is helemaal gestoord!
382402	Ce mec est complètement zinzin !	382518	Die kerel is knettergek!
382402	Ce mec est complètement zinzin !	382519	Die gozer is compleet geschift!
382402	Ce mec est complètement zinzin !	382520	Die vent is helemaal kierewiet!
382402	Ce mec est complètement zinzin !	382521	Die kerel is compleet getikt!
382402	Ce mec est complètement zinzin !	382522	Er zit een schroefje los bij die vent!
132714	Son seul but dans la vie est de gagner de l'argent.	384474	Zijn enige doel in het leven is geld verdienen.
380619	Ils mangent des graines de tournesol en jouant aux cartes.	385608	Ze eten zonnebloempitten onder het kaarten.
378892	Sur les dictionnaires il n'y a que de la poussière, en tout cas sur les miens.	385609	Op de woordenboeken ligt niets dan stof, op de mijne tenminste.
7109	J'ai trouvé la boîte vide.	385625	Ik heb de lege doos gevonden.
7109	J'ai trouvé la boîte vide.	385626	Ik heb de doos leeg gevonden.
371771	Il a acheté une digitale.	385660	Hij heeft een vingerhoedskruid gekocht.
379599	La bonne garde le lit.	386212	Het dienstmeisje bewaakt het bed.
337868	J'ai vu un article sur le blog de Tatoeba qui parlait d'une nouvelle version pour bientôt, l'avez-vous lu ?	387080	Ik zag een artikel op de Tatoebablog over een nieuwe versie die binnenkort uitkomt, hebben jullie het gelezen?
388019	Bonjour, je ne suis pas là pour l'instant, laissez-moi un message ou rappelez plus tard. Merci.	388040	Hallo, ik ben er even niet. Laat een boodschap achter of bel later terug. Bedankt.
391072	Les singes s'épucent.	391174	De apen vlooien elkaar.
395521	Tu as de drôles d'idées sur moi.	395523	Je hebt rare ideeën over mij.
399329	Comment on vit dans un pays où il n'y a pas la liberté de la presse ?	399333	Hoe kan je leven in een land waar geen persvrijheid is?
399351	Il faut beaucoup d'imagination pour trouver de nouvelles phrases à mettre ici.	399363	Er is een hoop fantasie nodig om nieuwe zinnen te vinden om hier toe te voegen.
399339	Tu devrais tourner sept fois ta langue dans ta bouche avant de parler, cela t'éviterait beaucoup de soucis et de malentendus.	399367	Je zou je tong zeven keer in je mond moeten ronddraaien voordat je spreekt, dat zou je een boel zorgen en misverstanden schelen.
399336	Beaucoup de gens ne savent pas que les antibiotiques sont inefficaces contre les maladies virales.	399368	Veel mensen weten niet dat antibiotica niet effectief zijn tegen virusziekten.
399341	Le clonage humain pose de sérieux problèmes d'éthique.	399369	Het klonen van mensen stelt ons voor serieuze ethische problemen.
399322	Je suis allé donner mon sang aujourd'hui.	399370	Ik ben vandaag bloed wezen geven.
399324	Les personnes de groupe sanguin O et de rhésus négatif sont donneurs universels, tout le monde peut recevoir de leur sang.	399371	Mensen met bloedgroep 0 die resusnegatief zijn, zijn universele donoren; iedereen kan hun bloed krijgen.
339708	Il pleut sans arrêt.	399373	Het regent zonder ophouden.
399249	Je me demande quel sera le premier pays à censurer Tatoeba ?	399375	Ik vraag me af wat het eerste land zal zijn dat Tatoeba zal censureren.
10422	Parles-tu japonais ?	399600	Spreek je Japans?
389561	Tout le monde sait qu'il l'aime et qu'elle l'aime aussi.	401076	Iedereen weet dat hij van haar houdt en zij ook van hem.
383324	Peux-tu m'apprendre à voler ?	403749	Kun je me leren stelen?
383324	Peux-tu m'apprendre à voler ?	403750	Kun je me leren vliegen?
379596	Le professeur d'arts plastiques peint la nuit.	403751	De leraar beeldende kunst schildert de nacht.
379596	Le professeur d'arts plastiques peint la nuit.	403752	De leraar beeldende kunst schildert 's nachts.
405412	Quand on part à l'étranger, c'est utile d'apprendre au moins quelques formules de politesse dans la langue locale.	405413	Wanneer je naar het buitenland gaat, is het nuttig om ten minste een paar beleefdheidsformules te leren in de plaatselijke taal.
408606	Pourquoi es-tu sous le bureau ?	408610	Waarom zit je onder het bureau?
411138	Dis-moi ce que tu manges, je te dirai ce que tu es.	411176	Zeg mij wat je eet, en ik zeg je wat je bent.
334567	Je comprends ce que tu ressens.	413294	Ik begrijp hoe je je voelt.
406105	On pourrait nourrir un village en Afrique pour le prix d'un abonnement à un iPhone.	413312	Men zou een dorp in Afrika kunnen voeden van het geld dat een iPhone-abonnement kost.
6953	J'ai oublié mon parapluie dans un bus.	413313	Ik heb mijn paraplu in een bus laten liggen.
7037	Je viens juste de finir de déjeuner.	413331	Ik heb zojuist geluncht.
120060	Ils ont tenté d'assassiner le président.	413367	Ze hebben getracht de president te vermoorden.
11375	Pouvez-vous envoyer cette lettre au Japon ?	413373	Kan u deze brief naar Japan versturen?
412878	Jamais la nature ne nous trompe ; c’est toujours nous qui nous trompons.	413378	De natuur bedriegt ons nooit; het zijn altijd wij die onszelf bedriegen.
132434	Il a admis avoir eu tort.	413381	Hij heeft toegegeven ongelijk gehad te hebben.
12611	Donnez-moi trois morceaux de craies.	413385	Geef mij drie krijtjes.
7208	Je sais skier.	413488	Ik kan skiën.
129961	Peux-tu entendre cette chanson ?	413491	Kun je dit liedje horen?
413475	Elle se maria sans que ses parents n'en aient connaissance.	413551	Ze trouwde zonder dat haar ouders ervan wisten.
14614	Il a fait exprès de casser la fenêtre.	413582	Hij heeft expres het raam gebroken.
394411	Est-ce que je peux te préparer un quelque chose de chaud à boire ?	413584	Zal ik iets warms te drinken voor je maken?
11984	Ne le penses-tu pas ?	413585	Denk je niet?
10347	Avez-vous terminé le travail ?	413605	Heeft u het werk af?
135800	Nous avons attendu depuis ce matin, mais il n'est pas venu finalement.	413613	We hebben sinds de ochtend zitten wachten, maar uiteindelijk is hij niet gekomen.
4121	Jusqu'à ce que vous fassiez la paix avec qui vous êtes, vous ne serez jamais satisfait de ce que vous avez.	413619	Totdat jullie vrede sluiten met wie jullie zijn, zullen jullie niet tevreden zijn met wat jullie hebben.
10962	Les grenouilles ont peur des serpents.	413640	Kikkers zijn bang voor slangen.
414147	Le prénom est un marqueur social dont le choix n'est pas sans conséquences.	414151	De voornaam is een sociaal markeerpunt waarvan de keus niet zonder consequenties is.
414312	Dorenda me fait chanter ; si je lui raconte mon secret, elle n'ira pas me dénoncer à la police.	414313	Dorenda chanteert me; als ik haar mijn geheim vertel, gaat ze me niet aangeven bij de politie.
9700	N'as-tu rien à faire ?	416691	Heb je niks te doen?
417150	Mon père m'a encouragé à apprendre le piano.	417152	Mijn vader heeft me aangemoedigd piano te leren spelen.
417153	Ils ont abattu tous les arbres morts.	417154	Ze hebben alle dode bomen geveld.
337054	Il est l'heure d'aller au lit. Éteins la radio.	418859	Het is tijd om naar bed te gaan. Zet de radio af.
11315	Seulement seize pour cent des professeurs de cette école sont des femmes.	419356	Slechts zestien procent van de leraren van deze school is vrouwelijk.
133711	Dis-lui bonjour s'il te plait.	421542	Doe haar de groeten van mij.
354183	C'est bien si tu sais chanter.	421693	Het zou goed zijn als je kon zingen.
236684	S'il y a une bonne façon de savoir si une femme a un petit ami ou non, dis-le-moi s'il te plaît.	422376	Vertel het me alsjeblieft als het mogelijk is om aan een meisje te zien of ze een vriendje heeft of niet.
332410	Nancy a l'air fatiguée.	422406	Nancy ziet er vermoeid uit.
14646	Le bon citoyen obéit à la loi.	423299	Een goede burger is gehoorzaam aan de wet.
421484	Aux États-Unis, la consommation de produits de restauration rapide a triplé entre 1977 et 1995.	423355	In de Verenigde Staten is de consumptie van fast-food verdriedubbeld tussen 1977 en 1995.
391882	Curiosité n'est que vanité. Le plus souvent, on ne veut savoir que pour en parler.	423434	Nieuwsgierigheid is niets anders dan ijdelheid. Vaker wel dan niet wil men kennis bezitten om erover op te scheppen.
334659	Je veux que tu m'attendes jusqu'à ce que je sorte du travail à 7 heures.	423550	Ik wil dat je op me wacht totdat ik klaar ben met mijn werk om zeven uur.
376104	Ce matin, à la gare, une affiche avec de gros caractères lui avait frappé les yeux.	423554	Vanochtend bij het station werd haar aandacht getrokken door een affiche met dikgedrukte letters.
7994	Nous sommes tous les deux de Tampa.	423606	Wij komen beiden uit Tampa.
392065	Manger entre les repas est une mauvaise habitude.	424517	Tussen de maaltijden door eten is een slechte gewoonte.
392065	Manger entre les repas est une mauvaise habitude.	424518	Snacken is een slechte gewoonte.
424802	Où se trouve la gare Hakata ?	424927	Waar ligt het Hakata station?
425558	La jeune femme colla une baffe à l'homme qui lui avait pincé les fesses.	425564	De jongedame gaf de man die haar in haar billen geknepen had een klap.
130643	Il doit avoir plus de 60 ans.	425966	Hij is zeker ouder dan zestig.
437114	L'union fait la force.	437118	Eendracht maakt macht.
437511	Dieu soit avec nous.	437512	God zij met ons.
437513	Je maintiendrai.	437514	Ik zal handhaven.
444642	Cette chaise est très confortable.	444648	Deze stoel is heel comfortabel.
8076	Dois-je faire un discours ?	445504	Moet ik een toespraak houden?
13204	Bill a beaucoup d'idées originales.	445511	Bill heeft veel originele ideeën.
181976	Sa beauté ne fait aucun doute.	445541	Er is geen twijfel over haar schoonheid.
135108	Occupée comme elle l'était, elle est venue me voir.	445568	Bezig als ze was, kwam ze me opzoeken.
335135	Je suis Chinois.	446600	Ik ben Chinees.
374607	La radio ne marche pas.	446660	De radio werkt niet.
433437	Mon père a un restaurant.	446771	Mijn vader heeft een restaurant.
356378	Il mange beaucoup.	450119	Hij eet veel.
427064	Betty a tué sa mère.	450476	Betty vermoordde haar moeder.
449851	Peut-être était-il souffrant.	450579	Misschien was hij ziek.
332496	Mon père est occupé.	451230	Mijn vader is bezig.
453748	Si vous ne visualisez pas correctement ce courriel, cliquez ici.	459008	Als je deze mail niet kan lezen, klik dan hier.
459010	Vous désirez plus d'informations sur nos activités ? Abonnez-vous dès maintenant à notre lettre d'information.	459011	Wens je meer info over onze activiteiten? Abonneer je hier op de nieuwsbrief.
474984	La seule différence entre un fou et moi, c'est que je ne suis pas fou.	474987	Het enige verschil tussen mijzelf en een krankzinnige is dat ik niet krankzinnig ben.
476908	L'envoi mentionné ci-dessus a été dûment remis.	476911	Die hierboven vermelde zending werd behoorlijk afgeleverd.
477809	En espéranto l’accent tonique se place toujours sur l’avant-dernière syllabe.	477815	In het Esperanto valt het woordaccent altijd op de voorlaatste lettergreep.
473048	L'espéranto est une langue vivante qui convient très bien à la communication internationale.	496389	Esperanto is een levende taal, die zeer geschikt is voor internationale communicatie.
519942	Prolétaires de tous les pays, unissez-vous !	519966	Proletariërs aller landen, verenigt u!
525362	Rappelle-moi d'envoyer le rapport demain s'il te plait.	526260	Herinner mij het rapport morgen op te sturen alstublieft.
119976	Il ne pouvait pas dormir à cause de la chaleur.	526457	Hij kon niet slapen vanwege de warmte.
452038	La cravate n'est pas assortie à mon costume.	526614	De das past niet bij mijn pak.
380138	Il manque une page.	526785	Er ontbreekt een pagina.
13917	« Son histoire est-elle vraie ? » « J'ai bien peur que non. »	526979	"Is zijn verhaal waar?" "Ik vrees van niet."
522156	Utiliser l'espéranto pour communiquer internationalement, c'est une solution pour préserver la diversité linguistique.	527976	Esperanto gebruiken om internationaal te communiceren is een oplossing om de taaldiversiteit te bewaren.
354166	Il s'entend bien avec ses employés.	565273	Hij kan goed overweg met zijn personeel.
10562	L'Amérique a du pétrole en abondance.	578509	Amerika heeft petroleum in overvloed.
537658	J'aime beaucoup ce chanteur.	583818	Ik hou van deze zanger.
129663	Ne parlez pas si vite, s'il vous plaît.	583819	Praat niet zo snel, alstublieft.
133168	Il travaille pour elle.	583820	Hij werkt voor haar.
450046	Il laissait tout au hasard.	583821	Hij liet alles aan het toeval over.
332647	Les enfants se lavaient les jambes.	583822	De kinderen wassen hun benen.
11781	George est pauvre mais toujours content.	583830	George is arm maar altijd blij.
586386	Sauve un être humain. Mange un cannibale.	630915	Red een mens. Eet een kannibaal op.
13435	Au revoir !	631025	Tot kijk.
9978	Je peux venir à 11 heures.	651092	Ik kan om 11 uur komen.
459484	Je t'ai cherché.	651093	Ik was je aan het zoeken.
454027	Est-ce que madame Smith est professeur d'anglais ?	660309	Is mevrouw Smith lerares Engels?
543966	L'espéranto est la langue du vingt-et-unième siècle.	669049	Het Esperanto is de taal van de eenentwintigste eeuw.
538445	Le français est souvent bien embarrassé devant la densité d'expression que l'emploi des affixes permet à l'espéranto, mais il s'en tire en jouant sur le choix des lexèmes.	669053	Het Frans zit dikwijls erg verveeld met de uitdrukkingsdichtheid die het gebruik van voor- en achtervoegsels in het Esperanto mogelijk maakt, maar het trekt zijn plan door te spelen op de keuze van de lexemen.
377958	Il reste encore beaucoup à faire.	675889	Er blijft nog veel te doen.
130750	Il est toujours ponctuel.	686189	Hij is altijd op tijd.
427232	Tu aurais vraiment dû me dire ça plus tôt.	701016	Dit had je me echt eerder moeten zeggen.
427866	Pourquoi ne venez-vous pas danser avec moi ?	701019	Waarom komt u niet met me dansen?
551969	« Chéri, viens te coucher. » « Non, pas tout de suite. Je dois encore traduire quelques phrases sur Tatoeba. »	701082	"Liefste, kom naar bed." "Neen, nu nog niet. Ik moet nog enkele zinnen vertalen in Tatoeba."
4252	J'ai un chat dans la gorge.	704955	Ik heb een krop in de keel.
459633	Tu as vu le prix de ce téléphone ! Il coûte la peau des fesses !	704957	Heb je de prijs van deze telefoon gezien? Hij kost stukken van mensen!
338381	Il pleut des cordes ce soir.	704985	Het regent pijpestelen vanavond.
331644	Ça n'a ni queue ni tête.	705037	Daar is kop noch staart aan te krijgen.
690202	C'est ainsi que Pandark se perdit dans sa chambre et on ne le revit plus jamais. Certains disent qu'il est mort de faim, d'autres qu'il erre encore à la recherche de ses CDs.	705166	En zo raakte Pandark verloren in zijn kamer en zag men hem nooit meer terug. Sommigen zeiden dat hij van honger omkwam, anderen zeiden dat hij nog steeds ronddwaalt op zoek naar zijn cd's.
133663	C'est dommage qu'elle soit malade.	705801	Jammer dat ze ziek is.
181829	Quel dommage que vous ne puissiez pas venir !	705803	Wat jammer dat jullie niet kunnen komen!
133663	C'est dommage qu'elle soit malade.	705805	Spijtig dat ze ziek is.
8383	Je n'ai pas envie de bière ce soir.	708454	Ik heb geen zin om vanavond bier te drinken.
628979	Il s'est toujours montré prêt à discuter et très tolérant.	710157	Hij was altijd bereid voor een gesprek en zeer verdraagzaam.
712254	Le monde est plein d'idiots.	712263	De wereld loopt vol met idioten.
479786	Il me manque.	716539	Ik mis hem.
180993	Il me manque, tout simplement.	716544	Ik mis hem simpelweg.
487819	Il me manque plus que jamais.	716545	Ik mis hem meer dan ooit.
718597	Elle a pris le problème à bras le corps.	719638	Ze heeft het probleem onder handen genomen.
718582	Autant chercher une aiguille dans une botte de foin.	719639	Je kunt evengoed een naald in een hooiberg zoeken.
718493	Tu n'arrives pas à fermer cette valise parce que tu as mis trop de choses dedans.	719641	Het lukt je niet deze valies te sluiten omdat je er te veel hebt ingestopt.
717443	Cherche et tu trouveras.	719643	Zoek en gij zult vinden.
717062	Comment es-tu entré en possession d'autant d'argent ?	719858	Hoe ben je in het bezit geraakt van zoveel geld?
717061	Tu n'es pas obligé de parler aussi fort.	719860	Je moet zo hard niet roepen.
716947	Sa théorie repose sur de nombreux faits.	719867	Zijn theorie berust op tal van feiten.
716812	Nous avons suffisamment de pain sur la planche au bureau.	719875	We hebben genoeg werk te doen op kantoor.
715578	Les superstitions proviennent de l'incapacité des hommes à reconnaître que des coïncidences sont simplement des coïncidences.	719899	Bijgeloof komt voort uit het onvermogen van de mens om te erkennen dat toevalligheden simpelweg toevalligheden zijn.
715431	Tout le monde peut résoudre un tel problème.	719903	Iedereen kan dergelijk probleem oplossen.
715301	N'oublie pas d'envoyer cette lettre.	719905	Vergeet deze brief niet te versturen.
714863	Le plaisir est toujours dans le passé ou dans le futur, mais jamais dans le présent.	719907	Plezier bevindt zich altijd in het verleden of in de toekomst maar nooit in het heden.
7963	Pour ma part, je n'ai rien à dire à ce sujet.	722849	Wat mij betreft, heb ik niets te zeggen over dat onderwerp.
134237	Elle a éclaté en sanglots.	722997	Ze barstte in tranen uit.
3995	Tu me fais chier !	723183	Je hangt mijn voeten uit!
726998	Vous n'êtes pas le propriétaire de ces données de sauvegarde. Vous ne pourrez pas sauvegarder votre progression. Les trophées vont être désactivés.	727005	Je bent geen eigenaar van dit opslagbestand. Je kunt je voortgang niet opslaan. Trofeeën zijn niet beschikbaar.
731673	Je ne pense pas qu'il existe une culture où le viol n'est pas considéré comme un crime très grave.	731688	Ik denk niet dat er een cultuur bestaat waar verkrachting niet als een zware misdaad wordt beschouwd.
722149	Les grands esprits se rencontrent.	735140	Grote geesten denken gelijk.
130233	Sa mémoire me surprend.	736292	Zijn geheugen verrast me.
734503	Je ne savais pas qu'il avait autant bu.	737163	Ik wist niet dat hij zoveel gedronken had.
482825	J'aimerais bien tuer le temps avec toi, contre moi.	766072	Ik zou graag de tijd doden met jou aan mijn zijde.
771111	Je n'ai pas l'intention de préparer à diner pour vingt personnes.	771565	Ik ben niet van plan om voor twintig man te koken.
770945	J'ai attendu jusqu'à la dernière minute.	771579	Ik heb tot de laatste minuut gewacht.
770877	Jurez-vous de dire la vérité, toute la vérité, rien que la vérité ?	771611	Zweert u de waarheid te zeggen, de hele waarheid, niets dan de waarheid?
769455	Dieu que c'est délicieux !	771633	Mijn God wat is het heerlijk!
769303	Il n'y a aucune chance.	771641	Er bestaat geen enkele kans.
767493	Il n'y a aucun intérêt à feindre la maladie.	771661	Er is geen baat bij om een ziekte te veinzen.
767487	Une petite sieste de quelques heures te fera du bien.	771672	Een dutje van een paar uurtjes zal je goed doen.
777533	Oublie le passé. Comparé à hier, je préfère aujourd'hui. C'est pourquoi j'essaie de profiter de l'instant, c'est tout.	777629	Vergeet het verleden. Vergeleken met gisteren, verkies ik vandaag. 't Is daarom dat ik probeer te genieten van het moment, dat is alles.
6389	J'ai menti contre mon gré.	777630	Ik heb gelogen tegen mijn wil in.
6385	Je n'ai aucun regret de ce que j'ai fait.	777631	Ik heb geen spijt van wat ik gedaan heb.
532359	Va voir ailleurs si j'y suis !	778671	Ga elders kijken of ik er ben!
778980	Ce site a l'air pas mal.	778990	Deze website ziet er niet slecht uit.
333970	J'espère que tout ira bien à la fin.	779235	Ik hoop dat alles uiteindelijk goed zal aflopen.
364383	J'ai peur des bêtes sauvages.	780189	Ik ben bang van wilde dieren.
781582	Où est la vodka ?	781583	Waar is de wodka?
6667	J'étais en vacances à l'étranger.	788404	Ik was op vakantie in het buitenland.
788834	Il me fait pitié.	788845	Ik heb met hem te doen.
683263	À qui est-ce le tour ?	789767	Wie is de volgende?
414133	Partir, c'est mourir un peu, mais mourir, c'est partir beaucoup.	793168	Weggaan is een beetje doodgaan, maar doodgaan is meer dan weggaan.
10698	Je suis toujours prêt à mourir.	793180	Ik ben altijd klaar om te sterven.
426609	Mieux vaut mourir debout que vivre à genoux.	793183	Liever sterven al rechtstaande dan geknield te leven.
4115	La mort n'est qu'un horizon ; et un horizon n'est rien si ce n'est la limite de notre vision.	793184	De dood is enkel een horizon; en een horizon is niets dan alleen maar de limiet van ons zicht.
129271	La naissance est, d'une certaine manière, le début de la mort.	793185	De geboorte is, in zekere zin, het begin van de dood.
411137	Heureux chocolat, qui après avoir couru le monde, à travers le sourire des femmes, trouve la mort dans un baiser savoureux et fondant de leur bouche.	793195	Gelukkige chocolade die, na de wereld te hebben doorkruist doorheen de glimlach van de vrouwen, de dood vond in een heerlijke en smeltende kus van hun mond.
433727	Bonjour à tous.	811707	Een goede dag allemaal.
366857	Il est nécessaire que tu ailles voir un docteur.	812329	Je moet nodig naar de dokter.
823145	Cet article est bon marché.	825329	Dit artikel is goedkoop.
827300	Je te hais.	827306	Ik haat je.
829073	C'est une histoire de fous.	829074	Dat is een ongeloofwaardig verhaal.
829075	À tout à l'heure !	829076	Tot straks!
11736	Bonne journée. À bientôt.	829081	Goede dag. Tot ziens.
452031	À la fête, tous étaient bien habillés.	829082	Op het feest was iedereen goed gekleed.
389556	Ce n'est pas une mauvaise idée.	829083	Dat is geen gek idee.
829084	Quel drôle de type !	829085	Wat een gekke vent!
829098	Il y a de quoi devenir fou.	829099	Het is om gek van te worden.
829100	Tu es fou !	829107	Ben je gek!
829198	C'est clair comme de l'eau de roche.	829199	Dat is zo klaar als een klontje.
829194	Cela saute aux yeux.	829224	Dat springt in het oog.
449850	Il ne me reste que les yeux pour pleurer.	829236	Ik heb alles verloren.
829261	Ouvrez bien les yeux !	829263	Houdt uw ogen goed open!
129403	J'ai rêvé que j'étais un oiseau.	836851	Ik droomde dat ik een vogel was.
795422	J'ai renversé mon café sur le tapis.	846431	Ik morste mijn koffie op het tapijt.
545134	Je peux comprendre ce qu'elle dit.	846456	Ik begrijp wat ze zegt.
449510	Nous vivons dans la seconde moitié du vingtième siècle.	846465	We leven in de tweede helft van de twintigste eeuw.
337958	Qui s'occupera du chien pendant notre absence ?	846495	Wie zal er voor de hond zorgen terwijl we weg zijn?
3643	Tu es mon type.	846523	Jij bent mijn type.
130450	Je ne peux pas me rappeler son nom.	846582	Ik kan me zijn naam niet herinneren.
465311	Nous allons avoir une réunion ici demain.	846606	We gaan morgen hier vergaderen.
6809	J'ai eu de la chance.	846608	Ik had geluk.
131013	Il nia l'accusation.	846625	Hij ontkende de beschuldiging.
130617	Il est le père de trois enfants.	846644	Hij is de vader van drie kinderen.
454034	Elle est active.	846664	Ze is actief.
772430	N'importe qui peut faire cela.	846671	Iedereen kan dat doen.
134410	Elle portait des anneaux à ses oreilles.	846683	Ze draagt ringen aan haar oren.
823114	Quoi qu'il dise, ne lui fais pas confiance.	846715	Wat hij ook zegt, geloof hem niet.
492721	Un chat dort sur une chaise.	846755	Een kat slaapt op een stoel.
560652	Essayez de nouveau.	846759	Probeer opnieuw.
333986	Je suis allé pêcher dans la rivière hier.	846761	Ik ben gisteren in de rivier gaan vissen.
487092	C'est un journal gratuit.	846762	De krant is gratis.
134727	Un cri brisa le silence.	846807	Een schreeuw doorbrak de stilte.
645780	Notre monde devient de plus en plus petit.	846813	Onze wereld wordt steeds kleiner en kleiner.
563752	Lequel d'entre vous vint ici en premier ?	846815	Wie van jullie was hier het eerst?
437652	J'en ai plein la tête.	846817	Mijn hoofd zit vol.
182447	Les femmes sont devant la bibliothèque.	847683	De vrouwen staan voor de bibliotheek.
332342	Hiromi porte une nouvelle robe.	847785	Hiromi draagt een nieuwe jurk.
15189	Je pense que je vais aller skier.	847787	Ik denk dat ik ga skiën.
133102	Il n'aime pas les chats.	847830	Hij heeft niet graag katten.
5997	Vous n'avez pas besoin de venir demain.	847845	U moet niet komen morgen.
5997	Vous n'avez pas besoin de venir demain.	847846	Jullie moeten niet komen morgen.
131404	C'est un démocrate convaincu.	847850	Hij is een overtuigd democraat.
363205	De nombreuses personnes furent tuées par l'explosion.	847857	Vele mensen werden gedood door de explosie.
537942	C’est le livre de Tony.	847881	Dit boek is van Tony.
7826	Mon anglais est tout sauf bon.	847882	Mijn Engels is allesbehalve goed.
430120	Êtes-vous déjà allé en France ?	847900	Bent u ooit al in Frankrijk geweest?
430120	Êtes-vous déjà allé en France ?	847901	Zijn jullie ooit al in Frankrijk geweest?
762051	La mer est loin d'être calme.	847911	De zee is ver van rustig.
457160	La fête fut un succès complet.	847951	Het feest was een groot succes.
133248	Il ne peut pas venir, il est malade.	848017	Hij kan niet komen, hij is ziek.
799917	Installe Linux !	848028	Installeer Linux!
4185	Le problème s'est résolu tout seul.	848039	Het probleem heeft zichzelf opgelost.
522405	Qu'est-ce que vous aimez le plus : la musique ou l'anglais ?	848050	Waar houd je het meeste van: muziek of Engels?
390142	Je n'ai rien mangé depuis trois jours.	848086	Ik heb in drie dagen niks meer gegeten.
331103	Est-ce que c'est votre verre ou celui de votre sœur ?	848096	Is dit jouw glas of dat van je zus?
386842	Le drapeau français est bleu, blanc et rouge.	848135	De Franse vlag is blauw, wit en rood.
456877	Je lui disais bonne nuit.	848471	Ik zei hem goedenacht.
558668	Allez-vous juste rester planté là toute la journée ?	848477	Ga je daar de hele dag blijven staan?
390367	J'ai visité le Canada il y a longtemps.	848511	Ik heb Canada lang geleden bezocht.
848803	Je ne prends jamais l'avion, et toi ?	848814	Ik neem nooit het vliegtuig, en jij?
549736	Si je trouve ton passeport, je t'appellerai.	848917	Als ik je paspoort vind, zal ik je roepen.
794287	Mon mot préféré en allemand est le mot pour «gant».	848927	Mijn favoriet woord in het Duits is het woord voor 'handschoen'.
427683	J'habite en ville.	848985	Ik woon in de stad.
832766	Un robot peut travailler plus qu'un homme.	850549	Een robot kan meer werken dan een man.
591155	Toi, viens ici.	850559	Jij, kom hier.
405644	J'ai besoin d'un médecin !	850658	Ik heb een dokter nodig.
457996	Cette voiture est facile à manipuler.	850660	Deze auto is gemakkelijk om te besturen.
12248	Je n'ai pas le temps de lire ce livre.	850700	Ik heb geen tijd om dit boek te lezen.
840993	Cela peut devenir un gros problème.	850710	Dat kan een groot probleem worden.
463605	Est-il Américain ?	850726	Is hij Amerikaans?
590814	La femme se lave le visage.	850731	De vrouw wast haar gezicht.
7736	Ma montre est plus précise que la tienne.	850736	Mijn horloge is preciezer dan het jouwe.
686244	La chambre est-elle assez grande ?	850751	Is de kamer groot genoeg?
614769	Un lion est un animal.	850756	Een leeuw is een dier.
521832	Ce sont mes livres, ceux-là sont les siens.	850768	Dit zijn mijn boeken, die zijn van hem.
15482	Il est arrivé samedi à Kyoto.	850778	Hij is zaterdag aangekomen in Kyoto.
544718	Avec mes respectueux hommages, je vous prie de bien vouloir agréer, Madame la Ministre, l'expression de ma très haute considération.	852922	Hoogachtend.
340677	Il y avait du tonnerre et des éclairs la nuit dernière.	857823	Er was donder en bliksem vorige nacht.
341333	Voyager dans l'espace n'est plus un rêve.	857863	Door de ruimte reizen is niet langer een droom.
131659	Il est deux fois plus lourd que sa femme.	857877	Hij is twee keer zo zwaar als zijn vrouw.
686361	Ferme la porte après toi.	857890	Sluit de deur achter je.
474036	Nous avons besoin d'un contrat.	857896	We hebben een contract nodig.
428869	Cette montre est d'une grande valeur.	857938	Dit horloge is van grote waarde.
8735	On dit que le Japon est le pays le plus riche du monde.	857979	Men zegt dat Japan het rijkste land ter wereld is.
678769	Le temps était horrible.	858015	Het was verschrikkelijk weer.
451861	Je déteste les femmes qui sont sûres d'elles.	858043	Ik heb een hekel aan vrouwen die zelfzeker zijn.
127787	J'ai eu une discussion sympa avec elle.	858078	Ik heb een leuk gesprek gehad met haar.
13836	Un aigle vole dans le ciel.	858086	Een adelaar vliegt door de lucht.
133858	Des deux filles, elle est la plus jeune.	858116	Van de twee meisjes is zij de jongste.
12390	Ce n'est qu'une plaisanterie.	858160	Het is maar een grap.
499784	S'il te plaît, donne-moi une tasse de lait.	858165	Geef me een tas melk, als je wilt.
14077	L'avez-vous fait vous-même ?	858172	Heeft u het zelf gemaakt?
332881	Quel est le numéro de ma chambre ?	858189	Wat is mijn kamernummer?
12005	Et comme beaucoup de petites villes en Angleterre, elle a une assez longue histoire.	858192	En net als vele kleine steden in Engeland, heeft het nogal een lange geschiedenis.
480621	Tu l'as rencontrée ?	858222	Heb je hem ontmoet?
480621	Tu l'as rencontrée ?	858223	Heb je haar ontmoet?
541191	Étudiez-vous chaque jour ?	859813	Studeert u elke dag?
541191	Étudiez-vous chaque jour ?	859815	Studeren jullie elke dag?
39728	Nous avons vu un bateau blanc au loin.	861691	We hebben een wit schip in de verte gezien.
749116	« Avez-vous un stylo ? » « Oui. »	861766	"Heeft u een pen?" "Ja."
129064	Il se suicidera s'il ne peut pas voir son fils.	861789	Hij zal zelfmoord plegen als hij zijn zoon niet mag zien.
15551	Elle a un grand nez.	861823	Ze heeft een grote neus.
868744	Les païens ont divinisé la vie et les chrétiens ont divinisé la mort.	868749	De heidenen hebben van het leven een god gemaakt, de christenen van de dood.
4110	Si seulement on arrêtait d'essayer d'être heureux on pourrait passer un très bon moment.	873219	Als we maar eens ophielden met het proberen om gelukkig te zijn dan zouden we een zeer goed moment kunnen doorbrengen.
4117	La seule manière sur Terre de multiplier le bonheur est de le diviser.	873225	De enige manier om op aarde het geluk te vermenigvuldigen is het te verdelen.
4126	Seuls ceux qui se risqueront à aller trop loin sauront jusqu'où on peut aller.	873230	Enkel diegenen die het risico nemen om te ver te gaan, weten tot hoever ze mogen gaan.
4126	Seuls ceux qui se risqueront à aller trop loin sauront jusqu'où on peut aller.	873234	Enkel diegenen die het wagen om te ver te gaan, zullen weten tot hoever ze mogen gaan.
4131	Le monde est un livre, et ceux qui ne voyagent pas ne lisent qu'une seule page.	873237	De wereld is een boek, zij die niet reizen lezen enkel de eerste bladzijde.
4134	La meilleure façon de prédire l'avenir est de l'inventer.	873248	De beste wijze om de toekomst te voorspellen is ze uit te vinden.
4195	On ne peut pas accomplir l'impossible sans tenter l'absurde.	873252	Het onmogelijke kan men niet verwezenlijken zonder het absurde uit te proberen.
4363	Lorsque nous cherchons à découvrir le meilleur des autres, nous faisons ressortir quelque part le meilleur de nous-mêmes.	873260	Wanneer we het beste trachten te ontdekken in de anderen, halen we in zekere zin het beste van onszelf naar boven.
820382	La douleur a en majeure partie disparu.	879967	De pijn is voor het grootste deel verdwenen.
551487	Viens t'asseoir avec nous.	879972	Kom bij ons zitten.
14468	Il devrait bientôt guérir de sa maladie.	879980	Hij zal snel weer herstellen van zijn ziekte.
880001	Vivre sans eau est impossible.	880028	Leven zonder water is onmogelijk.
880000	En général, je tiens un journal quand je voyage.	880029	Ik neem meestal een tijdschrift mee als ik op reis ga.
880751	Il y a une bouteille dans le réfrigérateur.	880761	Er ligt een fles in de koelkast.
880751	Il y a une bouteille dans le réfrigérateur.	880762	Er staat een fles in de koelkast.
880765	Il y en a une bouteille dans le réfrigérateur.	880771	Er staat een fles van in de koelkast.
880765	Il y en a une bouteille dans le réfrigérateur.	880772	Er ligt een fles van in de koelkast.
880778	J'en ai entendu parler.	880779	Ik heb ervan gehoord.
880780	J'en viens juste.	880781	Ik kom er net van.
880782	Il en a parlé toute la soirée.	880785	Hij heeft er de hele avond over gepraat.
880787	J'écris bien avec.	880789	Ik kan goed ermee schrijven.
880792	Beaucoup a été dit.	880794	Veel werd gezegd.
880796	Beaucoup en a été dit.	880798	Er werd veel over gezegd.
880801	Fais-m'en dix exemplaires.	880802	Maak er mij maar tien bij.
880803	Apportes-en quelques-unes.	880804	Breng er maar een paar mee.
880812	Un chien aboie dans le voisinage.	880813	Er blaft een hond in de buurt.
880814	Nous avons dû en virer cinq.	880816	Wij moesten er vijf ontslaan.
880818	J'en ai vidé deux.	880819	Ik heb er twee leeggedronken.
880820	Prépares-en quelques-uns.	880822	Maak er maar enkele klaar.
937480	Ils mangent de la viande une fois par semaine.	937485	Ze eten een keer per week vlees.
937807	Pourriez-vous me commander un taxi ?	937809	Kunt U een taxi voor mij bestellen?
808068	Le nourrisson dort.	981682	De zuigeling slaapt.
801680	Laisse-moi l'écrire afin que je ne l'oublie pas.	988726	Laat mij dat opschrijven zodat ik het niet vergeet.
992129	J'étais assis à son côté.	992147	Ik zat naast hem.
896777	Ils regardent une pièce de théâtre.	997020	Ze kijken naar een toneelstuk.
896855	Du lait ? Du sucre ?	997027	Melk? Suiker?
373632	Ce fromage est fait avec du lait de chèvre.	999623	Deze kaas is gemaakt van geitenmelk.
511275	En Suisse, on peut acheter des capotes à un distributeur automatique.	1032947	In Zwitserland kan men condooms kopen uit een automaat.
589615	Tu peux utiliser mon dictionnaire.	1033102	Je mag mijn woordenboek gebruiken.
1002964	Il peut lire.	1033159	Hij kan lezen.
608204	Tu ne peux pas perdre.	1033229	Je kan niet verliezen.
460306	L'anglais n'est pas ma langue autochtone.	1033230	Het Engels is niet mijn moedertaal.
127576	Je ne suis qu'un client.	1033274	Ik ben maar een klant.
1057169	Le mot français "amour" vient de l'occitan par les Troubadours, sinon ce serait "ameur".	1057205	Het Franse woord "amour" komt via de Troubadours van het Occitaans, anders was het "ameur".
1056940	Entre ciel et terre.	1057210	Tussen hemel en aarde.
1056889	Nous vivons dans une société démocratique.	1057211	Wij leven in een democratische samenleving.
1056682	Tom a l'air très content.	1057212	Tom ziet er erg gelukkig uit.
802826	Le médicament a un effet immédiat.	1075175	Het medicament heeft een onmiddellijk effect.
1084705	Tom est musulman.	1084707	Tom is moslim.
181995	Chacun de ses enfants a sa propre chambre.	1090943	Elk van zijn kinderen heeft een eigen kamer.
948444	Elle a la tête tout à fait ailleurs.	1101838	Ze is er met het hoofd niet bij.
606842	Demain je viendrai à Téhéran.	1106079	Morgen ga ik naar Teheran.
435777	« Avez-vous un stylo ? » « J'en ai un. »	1111130	"Heeft u een pen?" - "Ik heb er een."
1116557	Je vous adore tous les deux.	1125444	Ik hou van jullie beiden.
128261	Je veux une voiture mais je n'ai pas d'argent pour l'acheter.	1128585	Ik wil een auto kopen maar ik heb er geen geld voor.
1008655	Excusez-moi, j'ai une question.	1129227	Neem me niet kwalijk, ik heb een vraag.
820410	Elle l'a fait toute seule.	1180710	Zij heeft het helemaal alleen gedaan.
1182793	Comme si je comptais pour du beurre !	1185642	Alsof ik voor spek en bonen meetelde!
14986	Est-ce que vous avez des chambres de libre ?	1188459	Heeft u nog kamers vrij?
1080903	Ce truc est vraiment bidulique !	1238177	Dat ding hangt met haken en ogen aan elkaar!
1302710	Ses fables ont fait de Hans Christian Andersen, le plus connu de tous les Danois du monde.	1304805	Zijn fabels hebben van Hans Christian Andersen de bekendste Deen ter wereld gemaakt.
1331059	J'aime les chevaux.	1331066	Ik hou van paarden.
1335125	En automne, le bétail quitte les pâturages et rentre à l'étable.	1335126	In de herfst keert het vee van de weiden terug naar de stal.
1340101	L'assurance ne m'a toujours pas dédommagé.	1340105	De verzekering heeft mij nog steeds niet schadeloosgesteld.
1340150	Le service est lent car ils manquent de personnel.	1340152	De bediening is traag, want er is te weinig personeel.
1361184	Am, stram, gram, pic et pic et colégram, bour et bour et ratatam, am, stram, gram.	1365271	Iene miene mutte, tien pond grutte, tien pond kaas, wie is de baas?
1361188	Pote pote les carottes, à la place des tomates, boule de canon tu fiches le camp !	1365281	Onder de piano lag een ei, in dat ei daar zat een brief, waarop te lezen stond wie is uw lief?
1364457	En den tic, sipita lastic, sipita laboumlala, en den tic.	1365283	Onder de piano ligt een flesje bier; al wie er van drinkt, stinkt!
1361184	Am, stram, gram, pic et pic et colégram, bour et bour et ratatam, am, stram, gram.	1365286	Op de brug zit een mug met haar muil wijd open; zeven ezels, achttien kwezels zijn erin gekropen.
1070334	Je veux devenir médecin.	1372109	Ik wil dokter worden.
134365	Elle me donna une poupée.	1372130	Ze gaf me een pop.
1140273	Elle a quelque chose à te dire.	1372159	Ze heeft je iets te zeggen.
1124170	Comment gagnes-tu ton argent ?	1383635	Hoe verdien jij je geld?
403208	Non, ce n'est pas la gare.	1383647	Nee, dat is niet het station.
1445910	Essaie de la trouver.	1445913	Probeer haar te vinden.
1156072	As-tu une grande famille?	1472402	Heb je een grote familie?
562640	Ne soyez pas découragée si vous échouez.	1496009	Wees niet ontmoedigd als het je niet lukt.
443177	Les baleines se nourrissent de petits poissons.	1496013	Walvissen voeden zich met kleine visjes.
1189662	Laisse mes affaires tranquilles.	1496017	Laat mijn spullen met rust.
134379	Les souvenirs que j'ai d'elle commencent à s'estomper.	1496027	Mijn herinneringen van haar beginnen te verflauwen.
6827	Venez avec moi, je vous prie.	1496038	Volgt u mij maar, als het u belieft.
899437	Il se défit de sa veste.	1496046	Hij legde zijn mantel af.
647204	Je suis en train de voir que ça va être impossible.	1497219	Ik begin te beseffen dat het onmogelijk is.
816207	Dis-moi pourquoi il était absent.	1497222	Vertel mij waarom hij afwezig was.
1254263	Le simple fait de voir un chien lui fait peur.	1497324	Als hij maar een hond ziet, wordt hij bang.
390260	Si je devais aller à l'étranger, je choisirais la France.	1499510	Als ik naar het buitenland zou moeten gaan, dan zou ik Frankrijk kiezen.
1511413	J'écris des lettres que je n'envoie jamais.	1511421	Ik schrijf brieven die ik nooit verzend.
134429	Elle croit en sa beauté.	1526352	Zij is overtuigd van haar schoonheid.
827097	Écoutez !	1529367	Luister!
632470	Je n'ai pas envie de lui dire la vérité.	1532279	Ik heb geen zin om hem de waarheid te zeggen.
794538	Ce fleuve est le plus large d'Europe.	1532671	Deze rivier is de breedste van Europa.
1543930	J'apprécie.	1543931	Ik stel het op prijs.
337800	Voyagez-vous beaucoup ?	1557009	Reist u veel?
129508	Peux-tu éteindre la lumière ?	1622935	Kan je het licht uitdoen?
824094	Elle parle assez vite.	1622936	Ze spreekt eerder snel.
1283202	Il but toute une bouteille de lait.	1622937	Hij dronk een hele fles melk.
1170188	En un sens, ce qu'il dit est vrai.	1622938	In zekere zin is dat wat hij zegt waar.
181372	Pour une fois j'ai raison.	1622939	Voor een keer heb ik gelijk.
389623	Il a continué à marcher sous la pluie.	1622940	Hij bleef verder wandelen in de regen.
517011	Tu sais danser, n'est-ce pas ?	1622941	Je kan dansen, nietwaar?
409122	C'est moins cher d'y aller en bus.	1660941	Het is goedkoper als je er met de bus naartoe gaat.
180641	Pour plus de détails, contactez Gisèle.	1678263	Voor verdere details, contacteer Gisèle.
971206	Elle se fait du souci pour votre sécurité.	1678264	Ze maakt zich zorgen om uw veiligheid.
477387	Ne me quittez pas !	1678272	Verlaat me niet!
466115	Comme la vie est étrange !	1678300	Wat is het leven raar!
898634	Je te vois demain à la bibliothèque.	1678313	Ik zie je morgen in de bibliotheek.
335349	Je veux parler à M. Sato s'il vous plaît.	1678337	Ik wil met de heer Sato spreken alstublieft.
336730	Je vais discuter avec Marty et voir ce qu'il en pense.	1678341	Ik ga discussiëren met Marty en zien wat hij ervan denkt.
839878	J'adore les lapins... avec des frites et un bon verre de vin.	1678360	Ik ben gek op konijnen... met frieten en een goed glas wijn.
822636	Choisissez une robe qui vous plaît.	1694307	Kies een jurk die je bevalt.
822636	Choisissez une robe qui vous plaît.	1694310	Kies een jurk die jullie bevalt.
1097548	J'ai besoin de quelqu'un avec qui parler.	1694321	Ik heb nood aan iemand om met te praten.
1421103	Vas-tu tous les jours à pied à l'école ?	1694326	Ga jij elke dag te voet naar school?
822433	Tokyo est à 5 miles d'ici.	1694327	Tokio is vijf mijl van hier.
1082647	Bonne nuit tout le monde !	1694329	Slaapwel iedereen!
1494929	Qu'est-ce qui se passe ici, Nom de Dieu ?	1694331	Wat gebeurt er hier in godsnaam?
1242835	Où as-tu vu ces femmes ?	1694333	Waar heb je die vrouwen gezien?
890357	Sa femme est ma professeure d'italien.	1694339	Zijn vrouw is mijn leerkracht Italiaans.
685562	Elle me demanda combien de langues je parlais.	1694342	Ze vroeg me hoeveel talen ik sprak.
1181878	Nous avons attendu mais il n'est pas arrivé.	1694350	We hebben gewacht, maar hij is niet gekomen.
1642757	Il a tendance à se mettre en colère.	1694352	Hij heeft de neiging kwaad te worden.
1008701	Si tu vis dans la peur, tu ne vis qu’à moitié.	1694355	Als je leeft in angst, leef je maar voor de helft.
961450	Une infirmière s'habille en blanc.	1694356	Een verpleegster kleedt zich in het wit.
936319	Vous devriez dire la vérité.	1694361	Je moet de waarheid zeggen.
460175	Le sport est bon pour ta santé.	1694363	Sport is goed voor de gezondheid.
130686	Il était trop en colère pour parler.	1694369	Hij was te kwaad om te spreken.
1729043	Ce n'est pas un signe de bonne santé d'être bien adapté à une société profondément malade.	1729047	Het is geen teken van goede gezondheid goed aangepast te zijn een een grondig zieke maatschappij.
1014586	Je ne suis pas téméraire.	1819587	Ik ben niet roekeloos.
1819709	Il a quelque chose d'un artiste.	1820156	Hij heeft iets van een artiest.
1819707	Dois-je partir sur-le-champ ?	1820157	Moet ik op staande voet vertrekken?
1819698	Je l'aime en dépit de tous ses défauts.	1820160	Ik hou van hem ondanks zijn gebreken.
1819626	Il est étrange d'y voir quelque chose d'étrange.	1820163	Het is vreemd er iets vreemds in te zien.
1356311	J'espère contacter d'autres espérantistes par la radio car je suis radioamateur. Mon indicatif est F5NQW.	1827105	Ik hoop in contact te komen met andere Esperantisten via de radio, want ik ben radio-amateur. Mijn roepnummer is F5NQW.
1723313	Il continua à chanter.	1849958	Hij ging door met zingen.
1742502	Elle écrit de temps en temps un mail histoire de dire qu'elle travaille.	1866403	Ze schrijft af en toe een mail, kwestie van te tonen dat ze werkt.
486117	La fête s'est terminée à neuf heures.	1866474	Het feest eindigde om negen uur.
355143	Mon père est hospitalisé depuis deux mois.	1866476	Sinds twee maanden ligt mijn vader in het ziekenhuis.
355146	N'hésitez pas à poser des questions si vous ne comprenez pas.	1866477	Aarzel niet vragen te stellen indien je iets niet begrijpt.
355151	J'ai l'impression que quelque chose cloche.	1866479	Ik heb de indruk dat iets niet klopt.
355153	Comment oses-tu dire une chose pareille ?	1866480	Hoe durf je zoiets zeggen?
355157	Attendons ici jusqu'à ce qu'elle revienne.	1866487	Laten wij hier wachten tot ze terugkomt.
355159	Il n'y a pas beaucoup de meubles dans ma chambre.	1866489	Er staan niet veel meubels in mijn kamer.
355160	Je ne regarde pas la télévision.	1866493	Ik kijk niet naar de televisie.
355163	Tom se lève à 6h tous les matins.	1866500	Tom staat iedere morgen om zes uur op.
1348273	Tout s'est arrangé ?	1866506	Is alles geregeld?
1348284	Elle n'est pas assez bonne pour lui.	1866508	Zij is niet goed genoeg voor hem.
1348285	Elle l'a épousé pour son argent.	1866511	Zij is met hem getrouwd voor zijn geld.
1348292	Elle joue très bien du piano.	1866515	Zij speelt zeer goed piano.
960983	Cette réunion a été reportée à vendredi prochain.	1866519	Deze vergadering is verschoven naar vrijdag aanstaande.
960988	De toute façon, ça ne me plait pas.	1866525	Hoe dan ook, dit bevalt me niet.
1517526	Ce n'est pas croyable !	1866531	Dit is niet te geloven.
470691	Finalement j'ai eu une idée géniale.	1942126	Uiteindelijk had ik een geniaal idee.
392330	Il y a peu de lait dans le verre.	1942132	Er is weinig melk in het glas.
450558	Elle me souffla qu'elle avait faim.	1942136	Ze fluisterde me toe dat ze honger had.
15633	Je pense qu'elle est honnête.	1942141	Ik denk dat ze eerlijk is.
1018844	Agnès regardait les barques brunes.	1942153	Agnès keek naar de bruine boten.
9258	Dépêchons-nous ! Nous allons être en retard.	1942157	Haast je wat! We zullen te laat zijn.
2009728	Une chose que vous devriez savoir, à mon sujet, est que je suis vraiment un garçon de la campagne, au fond du cœur.	2009741	Iets dat u zou moeten weten, is, dat wat mij betreft, ik diep in mijn hart een echte plattelandsjongen ben.
2009725	Harry a à peine 40 ans.	2009742	Harry is amper veertig jaar.
2009567	Je sais que tu caches quelque chose.	2009746	Ik weet dat je iets verbergt.
2009568	Je sais que vous cachez quelque chose.	2009748	Ik weet dat u iets verbergt.
2009566	Vous cachez quelque chose.	2009750	U verbergt iets.
2009564	Tu caches quelque chose.	2009751	Jij verbergt iets.
2009562	Pourquoi quiconque cacherait une telle chose à l'intérieur de cette grotte ?	2009753	Waarom zou wie dan ook zoiets verbergen binnenin deze grot?
2009556	Le meilleur endroit pour cacher quelque chose est sous le nez de tout le monde.	2009754	De beste plaats om iets te verbergen is vlak onder de neus van iedereen.
2009551	Qu'est-ce qui te fait penser que je cache quelque chose ?	2009755	Wat brengt je bij de gedachte dat ik iets verberg?
2009550	On m'a laissé derrière.	2009756	Men heeft me achtergelaten.
2009474	Parler ne coûte rien.	2009757	Praten kost niets.
2009334	Je vais essayer de faire court.	2009758	Ik zal proberen om het kort te houden.
1709147	Où est tout le monde ?	2009759	Waar is iedereen?
2062324	Un frère, c'est comme une épaule.	2062326	Een broer is als een schouder.
2175485	Les journaux d'aujourd'hui ont relaté une réunion d'espérantistes.	2175744	De dagbladen van vandaag hebben verslag uitgebracht over een bijeenkomst van Esperantisten.
2187065	Je suis très fier de mon fils.	2187075	Ik ben zeer trots op mijn zoon.
2187080	C'est difficile à croire.	2187089	Het is moeilijk te geloven.
132903	Il est né à Osaka.	2244239	Hij is geboren in Osaka.
2284638	Elle est beaucoup plus jeune que Tom.	2284657	Ze is veel jonger dan Tom.
2313835	Elle commence son travail à sept heures.	2313840	Ze begint om zeven uur met werken.
119833	Il va pleuvoir cet après-midi.	2332566	Het zal regenen vanmiddag.
135019	Ne lis pas en marchant.	2332912	Niet lezen tijdens het lopen.
1936265	Mon amie m'a aidée.	2350374	Mijn vriend heeft me geholpen.
1793539	Elle est vraiment rapide.	2350377	Ze is echt snel.
2356786	Elle est plutôt nerveuse.	2356789	Ze is eerder nerveus.
1277274	Mes nouvelles chaussures sont en cuir.	2358237	Mijn nieuwe schoenen zijn gemaakt van leer.
1011094	Une année compte quatre saisons.	2377177	Een jaar telt vier seizoenen.
1011094	Une année compte quatre saisons.	2377178	Een jaar heeft vier seizoenen.
2348062	Personne ne sait vraiment ce qui s’est passé durant cette nuit hivernale.	2377188	Niemand weet precies wat er op die winternacht is gebeurd.
463742	La porte était fermée.	2377197	De deur was gesloten.
1483099	Tom est un homme riche.	2453644	Tom is een rijke man.
833207	En art comme en amour, l'instinct suffit.	2461784	Voor kunst en voor liefde volstaat intuïtie.
1638980	Elle n'a pas écouté.	2801184	Zij heeft niet geluisterd.
972067	Les tragiques attentats du World Trade Center restent dans nos mémoires.	2801193	De tragische aanslagen tegen het World Trade Center blijven in ons geheugen.
479861	Tirer à quelqu'un les marrons du feu.	2999277	Voor iemand de kastanjes uit het vuur halen.
479920	Il fait un froid de canard.	2999278	Het is steenkoud.
534252	On dirait qu'il lui manque une case.	2999281	Men zou zeggen dat hem een vijs ontbreekt.
534252	On dirait qu'il lui manque une case.	2999282	Je zou denken dat hij ze niet alle vijf heeft.
1275627	Pour ça, tu peux toujours attendre !	2999285	Wat dat betreft, je kan er altijd van dromen!
567058	Arrêtez de tourner autour du pot.	2999286	Hou op met rond de pot te draaien.
590344	Je suis un peu court ce mois-ci.	2999292	Ik heb een paar duiten op zak deze maand.
590888	Je suis tombé sur un vieil ami à moi dans le train.	2999293	Ik ben een oude vriend tegen het lijf gelopen in de trein.
1395002	Nous l'avons pris en flagrant délit.	2999296	We hebben hem op heterdaad betrapt.
3000441	Ils se disputent assez souvent.	3000500	Ze maken nogal vaak ruzie.
3000441	Ils se disputent assez souvent.	3000504	Ze vliegen mekaar nogal vaak in de haren.
3000430	Je promets que je ne le ferai plus.	3000512	Ik beloof dat ik het niet meer zal doen.
3000421	Tu ne te rends pas compte de la chance que tu as.	3000516	Je beseft niet hoeveel geluk je hebt.
3000410	Méfie-toi des apparences.	3000524	Behoed je voor de schijn.
3000376	T’es pas cap.	3000539	Je bent niet bekwaam.
3000567	Tu aimes les jeux de société ?	3000584	Hou je van gezelschapsspelen?
3009462	Je pense savoir qui l'a fait.	3009705	Ik denk te weten wie het gedaan heeft.
846913	Voilà un agent de police.	3016406	Ziedaar een politieagent.
3071033	Celui qui se perd dans sa passion perd moins que celui qui perd sa passion.	3071044	Wie zichzelf verliest in passie, verliest minder dan wie de passie verliest.
7787	Mon grand frère aime la musique.	3114022	Mijn broer houdt van muziek.
7788	Mon frère a été blessé durant l'accident de voiture.	3114025	Mijn broer werd gewond tijdens het auto-ongeval.
7796	Ne vous adossez pas à mon bureau.	3114037	Steun niet op mijn bureau.
7798	Mes étudiants sont en petit nombre, pas plus de cinq en tout.	3114042	Ik heb maar weinig studenten, niet meer dan vijf in totaal.
7801	Ma famille va en Italie tous les ans.	3114051	Mijn familie gaat ieder jaar naar Italië.
7802	Je pense que je pourrais le faire pendant mon temps libre.	3114053	Ik denk dat ik dat in mijn vrije tijd kan doen.
7803	Ma valise est cassée.	3114054	Mijn koffer is stuk.
7805	Ma famille a vécu ici pendant vingt ans.	3114055	Mijn familie heeft hier twintig jaar geleefd.
7806	Ma maison est en bois.	3114057	Mijn huis is van hout.
7807	Viens à la maison.	3114059	Kom naar huis.
7809	Ma maison est juste de l'autre côté de la rue.	3114060	Mijn huis is precies aan de andere kant van de straat.
7810	Ma maison est face au sud.	3114061	Mijn huis ligt op het zuiden.
7811	Ma maison est vieille et laide.	3114064	Mijn huis is oud en lelijk.
7815	Ma maison est loin d'ici.	3114067	Mijn huis is ver van hier.
7817	Ma maison est à 10 minutes à pied de la gare.	3114068	Mijn huis ligt op tien minuten te voet van het station.
7819	Ma maison est couverte par l'assurance.	3114074	Mijn huis is verzekerd.
7820	Ma maison est complètement assurée.	3114078	Mijn huis is volledig verzekerd.
7823	Les pompiers ont éteint le feu.	3114086	De brandweerlieden hebben het vuur gedoofd.
7824	Je t'assure de mon soutien.	3114087	Ik beloof je mijn steun.
7832	Le nom de mon robot est Multi.	3114094	De naam van mijn robot is Multi.
7835	Ma barbe pousse rapidement.	3114097	Mijn baard groeit snel.
7836	Mon stylo est vieux. J'en veux un nouveau.	3114101	Mijn balpen is oud. Ik wil er een nieuwe.
7841	Mon poste de télévision a presque 15 ans, mais l'image est encore bonne.	3114108	Mijn tv is bijna vijftien jaar oud maar het beeld is nog goed.
7842	Ne retardez pas votre départ à cause de moi.	3114111	Vertrek niet te laat wegens mij.
7848	Mon appareil photo est étanche.	3114118	Mijn camera is waterdicht.
7861	Mon grand-père est menuisier.	3114164	Mijn grootvader is schrijnwerker.
7869	Je resterai ici si vous le voulez vraiment.	3114168	Ik blijf hier als je dat echt wenst.
7870	Mon appartement est à moins de cinq minutes de la gare, à pied.	3114171	Mijn flat ligt op minder dan vijf minuten gaans van het station.
7871	S'il vous plaît, suivez mon conseil.	3114172	Volg mijn raad op, alstublieft.
7875	Donne-m'en quelques-uns.	3114180	Geef me er een paar.
7876	Pouvez-vous me consacrer un peu de temps ?	3114183	Heb je even tijd voor mij?
7893	J'ai un cousin avocat.	3114199	Ik heb een neef die advocaat is.
7938	J'ai quelques amis aux États-Unis.	3114255	Ik heb een paar vrienden in de VS.
7940	J'ai trois cousins.	3114260	Ik heb drie neven.
7945	Suis-moi et je te montrerai le chemin.	3114265	Volg me en ik zal je de weg wijzen.
7966	Pour ma part, je n'ai pas d'objection.	3114287	Geen bezwaar wat mij betreft.
7983	Après mûre réflexion nous avons accepté son offre.	3114309	Na rijp beraad hebben we haar voorstel aanvaard.
7983	Après mûre réflexion nous avons accepté son offre.	3114311	Na rijp beraad hebben we zijn voorstel aanvaard.
8026	Cherche dans les pages jaunes.	3114592	Kijk in de Gouden Gids.
8037	Je suis loin d'être triste.	3114596	Ik ben helemaal niet treurig.
8351	J'habite à des kilomètres de la gare la plus proche.	3118395	Ik woon kilometers van het dichtstbijzijnde station.
8352	Pourriez-vous me dire comment me rendre à la gare la plus proche ?	3118396	Kunt u me zeggen hoe ik bij het dichtste station kom?
8356	Même les étudiants les plus intelligents peuvent faire des erreurs stupides.	3118399	Zelfs de intelligentste studenten kunnen domme fouten maken.
8357	Attachez votre ceinture.	3118401	Maak uw gordel vast.
8359	Tous les sièges sont réservés.	3118937	Alle zitplaatsen zijn gereserveerd.
8373	Je vais les voir ce soir.	3118945	Ik zie ze vanavond.
8392	Avez-vous une chambre libre pour la nuit ?	3119720	Hebt u een kamer vrij voor vannacht?
8400	Est-ce que tu peux m'appeler ce soir s'il te plaît ?	3119726	Kan je me vanavond bellen, alsjeblief?
8406	Il semblerait que les bikinis soient à la mode cette année.	3119734	Blijkbaar zijn bikini's in dit jaar.
8416	J'ai accompli tout ce que j'espérais faire aujourd'hui.	3119773	Ik heb alles gedaan wat ik vandaag van plan was.
8418	J'ai un programme complet aujourd'hui.	3120199	Ik heb een vol programma vandaag.
8425	Te sens-tu mieux aujourd'hui ?	3120206	Voel je je beter vandaag?
8426	Aujourd'hui, j'ai un léger mal de tête.	3120207	Ik heb lichte hoofdpijn vandaag.
8434	Tu t'es bien tenu aujourd'hui ?	3120215	Heb je je vandaag goed gedragen?
8435	Je ne ferai pas d'heures supplémentaires aujourd'hui.	3120217	Vandaag doe ik geen overuren.
8436	Quelle belle journée, n'est-ce pas ?	3120221	Wat een mooie dag, niet?
8438	Aujourd'hui je me sens mieux, mais je ne suis pas assez bien pour travailler.	3120222	Vandaag voel ik me beter, maar niet goed genoeg om te werken.
8440	Je pense qu'il va pleuvoir aujourd'hui.	3120225	Ik denk dat het vandaag gaat regenen.
8441	Du nouveau aujourd'hui ?	3120226	Iets nieuws vandaag?
8442	Qu'est ce qu'il fait beau aujourd'hui !	3120228	Wat een lekker weertje vandaag!
8443	Il fait trop froid aujourd'hui pour un pique-nique.	3120230	Vandaag is het te koud om te piknikken.
8444	Avec la chaleur qu'il fait aujourd'hui, je n'ai pas envie d'étudier.	3120234	Bij deze hitte van vandaag heb ik geen zin om te studeren.
8445	J'étais très fatigué aujourd'hui.	3120235	Ik was heel moe vandaag.
8447	Je me sens un peu faible aujourd'hui.	3120239	Ik voel me een beetje zwak vandaag.
8452	Je n'ai rien à faire aujourd'hui.	3120253	Ik heb vandaag niets te doen.
8453	Je me sens beaucoup mieux aujourd'hui.	3120254	Vandaag voel ik me veel beter.
8454	J’ai eu une journée plutôt chargée aujourd'hui.	3120255	Ik had een vrij zware dag vandaag.
8456	C'est mieux pour vous de ne pas voir mon grand-père.	3120258	Het is beter voor jou dat je mijn grootvader niet ontmoet.
8458	John est en service aujourd'hui.	3120259	Jan heeft dienst vandaag.
8459	Y a-t-il des lettres pour moi dans le courrier d'aujourd'hui ?	3120261	Zijn er vandaag brieven voor mij in de post?
8460	Il n'est pas lui-même aujourd'hui.	3120262	Hij is zichzelf niet vandaag.
8463	D'après le journal, il y a eu un grand tremblement de terre au Chili hier.	3120263	Volgens de krant was er gisteren een grote aardbeving in Chili.
8464	J'ai déjà lu le journal d'aujourd'hui.	3120264	Ik heb de krant van vandaag al gelezen.
8465	Il se peut qu'il pleuve cet après-midi.	3120267	Misschien gaat het vanmiddag regenen.
8466	Il me demanda de revenir ici cet après-midi.	3120270	Hij vroeg me vanmiddag hier weer te komen.
8467	Je l'ai lu dans l'édition d'aujourd'hui.	3120272	Ik las het in de uitgave van vandaag.
8468	Êtes-vous libre cet après-midi ?	3120305	Ben je vanmiddag vrij?
8469	J'ai beaucoup de choses à faire cet après-midi.	3120308	Ik heb vanmiddag veel te doen.
8470	Il fera beau cet après-midi.	3120310	Het weer zal vanmiddag mooi zijn.
8472	Je ne pense pas que j'arriverai à terminer tout ce travail cet après-midi.	3120313	Ik geloof niet dat ik al dat werk vanmiddag zal klaar krijgen.
8475	Vas-tu faire tes devoirs cet après-midi ?	3120318	Ga je vanmiddag je huiswerk maken?
8476	Venez chez moi cet après-midi.	3120320	Kom naar me thuis vanmiddag.
8477	De nos jours, peu de gens peuvent se permettre d'employer une bonne.	3120321	Tegenwoordig kunnen weinig mensen het zich veroorloven een werkster in dienst te nemen.
8479	Cette salade a un goût de citron.	3120323	Deze salade smaakt naar citroen.
8480	J'ai beaucoup de missions aujourd'hui.	3120326	Ik heb veel opdrachten vandaag.
8483	Et si on jouait au tennis samedi prochain ?	3120329	Wat denk je van een partijtje tennis nu zaterdag?
8484	Je pourrai faire du cheval, dimanche prochain ?	3120330	Kan ik nu zondag gaan paardrijden?
8485	Votre nouveau travail vous plaît-il ?	3120335	Ben je tevreden met je nieuwe werk?
8486	As-tu nourri le chien ce matin ?	3120336	Heb je de hond eten gegeven vanmorgen?
8493	Ce matin j'ai beaucoup de courrier.	3121385	Ik had veel post vanmorgen.
8495	Un M.Brown est venu ce matin.	3121387	Een zekere mijnheer Brown is vanmorgen gekomen.
8499	Il faisait moins dix ce matin.	3121389	Het was minus tien vanmorgen.
8509	Avez-vous arrêté la cigarette une fois pour toutes ?	3121400	Ben je eens en voor altijd met roken gestopt?
8517	Le dernier examen a été très difficile.	3122897	Het laatste examen was heel moeilijk.
3123710	L'éducation est un miroir de l'idéologie d'une nation.	3123884	Het onderwijs is een spiegel van de ideologie van een natie.
1493058	Au Togo, on parle quarante-deux langues différentes.	3123981	In Togo worden tweeënveertig verschillende talen gesproken.
8575	Connaissez-vous M. Takahashi ?	3124112	Kent u de heer Takahashi?
8576	Je suis hypertendu.	3124114	Ik heb een hoge bloeddruk.
8577	À mesure qu'on monte en altitude, l'atmosphère s'appauvrit.	3124117	Hoe hoger je gaat, des te dunner wordt de lucht.
8579	Des repas onéreux ne compensent en rien le manque de sommeil.	3124119	Dure maaltijden compenseren het gebrek aan slaap niet.
8586	Tu y vas ou tu restes ?	3124128	Ga je of blijf je?
8591	N'y va pas si tu n'en as pas envie.	3124129	Ga er niet naartoe als je geen zin hebt.
8595	Je m'en souviendrai.	3124130	Ik zal het onthouden.
8596	Il faudra que j'y réfléchisse.	3124132	Ik moet erover nadenken.
8597	Donne-moi une tasse de thé s'il te plaît.	3124133	Mag ik een kop thee van je?
8598	Que pensez-vous d'une tasse de thé ?	3124134	Wat denk je van een kop thee?
8600	Une pièce est tombée de sa poche.	3124135	Er viel een muntstuk uit zijn zak.
8601	Pourrais-je avoir une tasse de thé ?	3124136	Mag ik een kopje thee van u?
8602	Vous prendrez bien une tasse de thé ?	3124137	Had je graag een kop thee?
8604	Ce qui fait le bonheur des uns fait le malheur des autres.	3124138	De een zijn dood is de ander zijn brood.
8607	Hiromi va à l'école cinq jours par semaine.	3124139	Hiromi gaat vijf dagen per week naar school.
8609	Nous avons protesté en vain.	3124140	We hebben vergeefs geprotesteerd.
8611	Heureusement elle n'est pas morte.	3124141	Gelukkig is ze niet gestorven.
8614	Elle n'était pas sérieusement blessée.	3124143	Ze was niet erg gewond.
8615	Heureusement, personne ne fut blessé.	3124144	Gelukkig werd er niemand gewond.
8616	Heureusement il faisait beau.	3124145	Gelukkig was het weer mooi.
8621	Il a évité d'être blessé, heureusement.	3124146	Gelukkig ontsnapte hij aan de verwondingen.
8626	La superficie de l'usine est de mille mètres carrés.	3124148	De oppervlakte van de fabriek is duizend vierkante meter.
8632	J'ai ouvert la boîte par curiosité.	3124149	Ik heb de doos uit nieuwsgierigheid geopend.
8633	Donne-le à qui tu veux.	3124150	Geef het aan wie je wilt.
8634	Prends autant de pêches que tu veux.	3124151	Neem zo veel perziken als je wilt.
8650	Regarde le koala là-bas.	3124153	Kijk eens naar die koalabeer daar.
8651	Voici mon numéro de compte.	3124154	Hier is mijn rekeningnummer.
8654	J'aimerais ouvrir un compte.	3124157	Ik zou graag een rekening openen.
8660	Ne jurez pas en public.	3124158	Vloek niet in het openbaar.
8663	Va au parc.	3124159	Ga naar het park.
8667	S'il vous plaît abstenez-vous de fumer dans les endroits publics.	3124161	Gelieve in het openbaar niet te roken.
8669	Ajoutez la saveur du citron au thé.	3124164	Voeg wat citroensmaak aan de thee toe.
8675	Il y a eu un accident de la route ici.	3124165	Er was hier een verkeersongeval.
8677	J'ai été impliqué dans un accident de la circulation.	3124166	Ik was in een verkeersongeval verwikkeld.
8678	Corrigez les erreurs s'il y en a.	3124167	Als je fouten ziet, verbeter ze dan.
8684	Puis-je t'aider ?	3124181	Kan ik je helpen?
8690	Recontacte-moi plus tard, s'il te plaît.	3124212	Contacteer me later alsjeblieft.
8692	Je l'ai appelé ce matin.	3124213	Ik heb hem vanmorgen gebeld.
8696	Il a plu tout au long de l'après-midi.	3124220	Het regende de hele middag.
8698	S'il vous plait venez à mon bureau dans l'après-midi.	3124222	Kom vanmiddag naar mijn kantoor alstublieft.
8702	Les Grands Lacs fournissent de l'eau potable.	3124224	De Grote Meren leveren drinkwater.
8703	Prenez l'ascenseur jusqu'au cinquième étage.	3124225	Neem de lift tot op de vijfde verdieping.
8705	Un tigre est un prédateur.	3124226	De tijger is een roofdier.
8707	C'est difficile de respirer.	3124228	Ik kan moeilijk ademen.
8708	Ouvrez la porte et laissez rentrer le chien.	3124231	Doe de deur open en laat de hond binnen.
8715	La liberté de parole est limitée dans certains pays.	3124235	De vrijheid van meningsuiting wordt in sommige landen beperkt.
8722	Ne me le dis pas.	3124239	Zwijg erover.
8727	Je sais ce que tu veux dire.	3124241	Ik weet wat je wilt zeggen.
8729	Ses revenus sont à présent le double de ce qu'ils étaient il y a dix ans.	3124249	Hij verdient nu het dubbele van wat hij voor tien jaar verdiende.
8730	Tout ce qu'ils veulent maintenant, c'est un toit au-dessus de leur tête.	3124253	Het enige wat ze nu willen is een dak boven hun hoofd.
8734	C'est tout ce que je peux dire pour le moment.	3124256	Dat is alles wat ik nu kan zeggen.
8746	Je cherche ma clé.	3124351	Ik ben mijn sleutel aan het zoeken.
8752	Un homme sage ne dirait pas une telle chose.	3124352	Een wijs man zegt zo iets niet.
8753	Kenji est un joueur de tennis.	3124354	Kenji is een tennisspeler.
8756	Un homme étrange l'a menacée d'un couteau.	3124357	Een vreemde man heeft haar met een mes bedreigd.
8758	Un étranger entra dans l'immeuble.	3124359	Een vreemdeling betrad het gebouw.
8760	Regarde ! L'avion est en train de décoller.	3124360	Kijk! Het vliegtuig is aan het opstijgen.
8764	Regarde ! Deux garçons se battent.	3124362	Kijk! Twee jongens zijn aan het vechten.
8766	Laisse-moi voir ça.	3124363	Laat me dat eens zien.
8769	Un chien est un animal intelligent.	3124365	Een hond is een intelligent dier.
8770	Vous ne pouvez pas empêcher votre chien d'entrer dans mon jardin ?	3124367	Kan u niet vermijden dat uw hond in mijn tuin komt?
8776	Un chien court plus vite qu'un homme.	3124373	Een hond loopt sneller dan een mens.
8777	Un chien aboiera sur les étrangers.	3124375	Een hond blaft naar onbekenden.
8779	Je ne savais pas que les chiens nageaient bien.	3124377	Ik wist niet dat honden goed konden zwemmen.
8780	Les chiens peuvent nager.	3124378	Honden kunnen zwemmen.
8781	Ne lance pas de caillou au chien.	3124379	Gooi geen stenen naar de hond.
8782	J'aimerais avoir un chat plutôt qu'un chien.	3124380	Ik zou liever een kat hebben dan een hond.
8783	Chiens interdits.	3124381	Honden verboden.
8786	Dites-lui de ne pas trop s'approcher du chien.	3124387	Zeg hem niet te dicht bij de hond te komen.
8787	Un chien l'a mordue à la jambe.	3124389	Een hond heeft in haar been gebeten.
8796	Se battre ne résoudra rien.	3124391	Vechten lost niets op.
8798	Kenzi parle bien l'anglais.	3124392	Kenzi spreekt goed Engels.
8802	Kenji a décidé de devenir cuisinier.	3124527	Kenji besloot kok te worden.
8805	Rien n'est meilleur que ne l'est la santé.	3124529	Niets is beter dan gezondheid.
8806	C'est une bénédiction que d'être en bonne santé.	3124530	Het is een zegen in goede gezondheid te verkeren.
8808	La santé, c'est tout.	3124537	Gezondheid is alles.
8813	La santé est au-dessus de la richesse.	3124541	Gezondheid gaat boven rijkdom.
8814	Du point de vue de la santé, Tokyo n'est pas tellement un bon endroit pour vivre.	3124543	Wat gezondheid betreft is Tokio geen goede plaats om te wonen.
8818	Est-ce que Ken a quitté le Japon pour de bon ?	3124545	Heeft Ken voorgoed Japan verlaten?
8819	Ken n'étudie pas seulement l'anglais, mais aussi le français.	3124547	Ken studeert niet alleen Engels, maar ook Frans.
8820	Le chien de Ken est très gros.	3124548	De hond van Ken is heel dik.
8826	J'ai toujours le cafard les lundis.	3124563	's Maandags ben ik altijd depri.
8827	Lundi vient après dimanche.	3124566	Maandag volgt op zondag.
8828	Au moyen de paiements mensuels, les gens peuvent acheter plus que dans le passé.	3124569	Door maandelijkse afbetalingen kunnen mensen meer kopen dan vroeger.
8829	J'ai si peu d'argent à la fin du mois.	3124572	Op het einde van de maand heb ik zo weinig geld over.
8830	Une éclipse de lune est un phénomène rare.	3124575	Een maansverduistering is een zeldzaam fenomeen.
8831	Mon cycle menstruel est d'environ quatre semaines.	3124577	Mijn menstruatiecyclus duurt ongeveer vier weken.
8833	Un voyage jusqu'à la lune n'est plus un rêve.	3124583	Een reis naar de maan is geen droom meer.
8834	Le sang est plus épais que l'eau.	3124587	Bloed is dikker dan water.
8835	J'avais du sang dans mes urines.	3124591	Ik had bloed in mijn urine.
8837	Je me sens mal quand je vois du sang.	3124615	Wanneer ik bloed zie, voel ik me slecht.
8838	Le sang coule dans les veines.	3124618	Bloed vloeit in de aderen.
8846	Beaucoup de groupes ethniques donnent de l'argent comme cadeau de mariage.	3124627	Vele etnische groepen geven geld als huwelijkscadeau.
8847	D'accord, allez-y.	3124628	OK. Doe maar.
8849	Ne vous inquiétez pas des résultats.	3124641	Wees niet ongerust over de resultaten.
8850	Très bien. Je vais le prendre.	3124696	Heel goed. Ik neem het.
8852	Je vous laisserai la décision.	3124698	Ik laat de beslissing aan u over.
8853	Dès que le résultat a été rendu public, je te l'ai donné.	3124700	Onmiddellijk toen het resultaat publiek werd, heb ik het jou gegeven.
8854	Avant de vous décider réfléchissez aux avantages et aux inconvénients.	3124701	Denk aan de voordelen en de nadelen vooraleer te beslissen.
8855	Maintenant que vous avez pris votre décision vous devez agir.	3124702	Nu dat je beslist hebt, moet je ook handelen.
8856	Ne dites jamais de mensonges.	3124703	Vertel nooit leugens.
8858	Faites-le-moi savoir dès que c'est décidé.	3124704	Laat het me weten zodra het beslist is.
8862	La baleine est un mammifère.	3124724	De walvis is een zoogdier.
8863	Un flot de gens sortit du théâtre.	3124729	Er kwamen heel wat mensen uit het theater.
8864	Un artiste doit avoir le sens des couleurs.	3124730	Een artiest moet zin voor kleuren hebben.
8865	L'art n'est pas un luxe, mais une nécessité.	3124732	Kunst is geen luxe, maar een noodzaak.
8866	Ne te précipite pas pour répondre.	3124735	Antwoord niet te vlug.
8868	Un léger rhume m'a empêché d'aller à Ibusuki avec ma famille.	3124737	Door een lichte verkoudheid kon ik niet met mijn gezin naar Ibusuki.
8872	Comment puis-je me rendre au commissariat ?	3124746	Hoe geraak ik aan het commissariaat?
8873	Il y a une garde vingt-quatre heures sur vingt-quatre au palais impérial de Tokyo.	3124750	Vierentwintig uur op vierentwintig staat er een wacht aan het keizerlijk paleis in Tokio.
8874	Une des fonctions importantes d'un policier est d'attraper les voleurs.	3124753	Een van de belangrijkste taken van de politie is het vatten van dieven.
8739	Je vais bien, et toi ?	3125181	Het gaat goed met me. En met jou?
8740	Je vais bien, merci. Et vous ?	3125184	Het gaat goed met me, dank u. En met u?
2113220	« Où habitiez-vous ? » « J'habitais à Amsterdam. »	3126790	"Waar woonde u?" "Ik woonde in Amsterdam."
8876	C'est Mike qui téléphona à la police.	3127352	Het was Mike die de politie belde.
8882	J'ai abandonné mes plans.	3127359	Ik heb mijn plannen opgegeven.
8892	Keiko est en tête de sa classe.	3127363	Keiko zit aan de kop van haar klas.
8904	Un détective arriva sur la scène du crime.	3127371	Een detective kwam aan op plaats delict.
8908	La foule se rassembla bientôt autour du camion de pompier.	3127375	Weldra verzamelde zich een groepje rond de brandweerauto.
8910	Depuis combien de temps sortez-vous ensemble ?	3127376	Hoelang bent u al samen?
8912	J'ai peur que vous ne deviez y aller en personne.	3127377	Ik vrees dat u zelf zult moeten gaan.
8915	J'ai un travail pour toi.	3127378	Ik heb een werkje voor jou.
8916	Je vais te rendre heureux.	3127379	Ik zal je gelukkig maken.
8918	Peut-on justifier l'usage de la violence ?	3127380	Kan men geweld goedpraten?
8920	Crois-tu réellement aux fantômes ?	3127381	Geloof je echt in spoken?
8921	Devez-vous y aller tous les jours ?	3127382	Moet je er iedere dag naartoe?
8923	Crois-tu aux fantômes ?	3127383	Geloof je in spoken?
8924	Vérifiez !	3127384	Controleer dat!
8925	Je ne peux te voir sans penser à ta mère.	3127385	Als ik je zie, denk ik altijd aan je moeder.
8926	Avez-vous déjà voyagé en avion ?	3127387	Hebt u al in een vliegtuig gevlogen?
8928	Es-tu plus jeune que lui ?	3127388	Ben je jonger dan hij?
8930	Je pense que tu devrais t'excuser auprès d'elle.	3127389	Ik denk dat je je bij haar moet verontschuldigen.
8935	Peux-tu nager aussi rapidement que lui ?	3127391	Kan je even vlug zwemmen als hij?
8943	Sais-tu comment cuire de la viande ?	3127394	Weet je hoe men vlees bereidt?
8944	Avez-vous réellement vu l'accident ?	3127395	Hebt u het ongeval echt gezien?
8945	Crois-tu que la guerre va commencer ?	3127396	Denk je dat de oorlog zal uitbreken?
8952	Es-tu pour ou contre mon projet ?	3127398	Ben je voor of tegen mijn project?
8953	Avez-vous tout lu ?	3127399	Hebt u alles gelezen?
8956	As-tu déjà vu un OVNI ?	3127401	Heb je al een ufo gezien?
8957	As-tu déjà résolu tous les problèmes ?	3127402	Heb je al alle problemen opgelost?
8959	As-tu fini de lire ce livre maintenant ?	3127403	Heb je dat boek nu uit?
8961	Il est grand temps que tu te fasses couper les cheveux.	3127404	Het is hoog tijd dat je naar de kapper gaat.
8963	Qu'est-ce que tu es grand !	3127405	Wat ben je groot!
8964	Avez-vous un stylo ?	3127487	Hebt u een pen?
8965	Combien de temps resterez-vous ici ?	3127491	Hoelang blijft u hier?
8966	Tu veux quelque chose ?	3127494	Wens je iets?
8967	C'est grossier de votre part !	3127498	Wat onbeschoft van u!
8968	Comment te rends-tu à l'école ?	3127501	Hoe geraak jij op school?
8969	Savez-vous taper à la machine ?	3127505	Kunt u machineschrijven?
8969	Savez-vous taper à la machine ?	3127506	Kunt u typen?
8970	Tout ce que tu as à faire c'est de nous rejoindre.	3127511	Al wat je moet doen is bij ons komen.
8974	Avez-vous enregistré ce concert ?	3127524	Hebt u dat concert opgenomen?
8975	As-tu déjà vu ce poisson ?	3127531	Heb je die vis al gezien?
8977	As-tu coupé le papier ?	3127535	Heb je het papier gesneden?
8978	Comment expliquez-vous ce fait ?	3127537	Hoe verklaart u dit feit?
8979	Tout ce que tu as à faire est de la rencontrer là-bas.	3127538	Al wat je moet doen, is haar daar te ontmoeten.
8980	Comment t'es-tu procuré cet argent ?	3127542	Hoe ben je aan dat geld geraakt?
8981	Peux-tu lire ce caractère chinois ?	3127543	Kan je dat Chinese ideogram lezen?
8982	Tout ce que vous avez à faire c'est de signer ce papier.	3127546	Al wat u moet doen, is dat blad ondertekenen.
8985	N'êtes-vous pas heureux ?	3127552	Bent u niet gelukkig?
8987	Vous avez juste à signer ici.	3127553	U moet alleen hier even ondertekenen.
8988	J'aurais aimé que tu me dises la vérité à ce moment-là.	3127559	Ik had graag gehad, dat je me toen de waarheid had verteld.
8989	Es-tu déjà allé en Amérique ?	3127562	Was je ooit al in Amerika?
8991	Je ne vois aucune analogie entre ton problème et le mien.	3127571	Ik zie geen enkel verband tussen jouw probleem en het mijne.
8992	S'il vous plaît, continuez votre histoire.	3127572	Gaat u verder met uw verhaal.
8994	Pouvez-vous le faire en une journée ?	3127574	Kunt u het doen in één dag?
8997	Compare tes réponses avec celles du professeur.	3127599	Vergelijk jouw antwoorden met die van de professor.
8998	Vérifiez votre réponse avec la sienne.	3127604	Vergelijk uw antwoord met het zijne.
8999	Compare ta réponse avec celle de Tom.	3127605	Vergelijk jouw antwoord met dat van Tom.
9001	Je suis heureux d'apprendre votre succès.	3127683	Ik ben blij over je succes te horen.
9002	J'étais content d'apprendre ta réussite.	3127696	Ik was blij je succes te vernemen.
9003	Je t'entends mais je ne peux pas te voir.	3127698	Ik hoor je maar ik kan je niet zien.
9006	Je ne peux pas être d'accord avec votre proposition.	3127702	Ik kan niet akkoord gaan met uw voorstel.
9008	J'ai reçu votre lettre hier.	3127706	Ik heb gisteren uw brief gekregen.
9009	Votre cuisine va me manquer.	3127709	Ik zal uw kookkunst missen.
9010	Il est à la hauteur de la tâche.	3127715	Hij is tegen de taak opgewassen.
9013	Laisse-moi faire un tour dans ta nouvelle Toyota.	3127781	Laat me een ritje maken met je nieuwe Toyota.
9014	J'ai laissé ton parapluie dans le bus.	3127797	Ik heb je paraplu in de bus gelaten.
9016	Exprime ton idée clairement.	3127805	Druk je gedachten klaar uit.
9017	Mangez-vous du riz dans votre pays ?	3127811	Eten jullie rijst in je land?
8972	Et vous ?	3127826	En u?
9026	Combien de pièces y a-t-il dans votre maison ?	3130369	Hoeveel kamers zijn er in je huis?
9027	Sans votre imperméable, j'aurais été trempé jusqu'aux os.	3130370	Zonder uw regenjas was ik doorweekt.
9115	Cela en valait bien la peine.	3130408	Dat was de moeite waard.
9129	Je souhaite être riche.	3130416	Ik zou graag rijk zijn.
9209	Kyoto vaut la peine d'être visitée.	3131126	Kioto is een bezoek waard.
9253	Appelez une ambulance.	3131174	Bel een ziekenwagen.
9273	Dépêche-toi, ou tu vas être en retard pour l'école.	3144144	Haast je, of je bent te laat op school.
9274	Dépêche-toi, ou tu seras en retard.	3144145	Haast je of je bent te laat.
9275	Sois rapide ou tu manqueras le train.	3144146	Vlug of je mist de trein.
9277	Dépêche-toi, ou tu seras en retard pour l'école.	3144150	Vlug, of je bent te laat voor school.
9278	Plus vite, sinon tu seras en retard.	3144153	Vlugger, anders ben je te laat.
9279	Je me précipitai hors de la maison.	3144154	Ik spoedde me het huis uit.
9282	Est-ce que vous êtes pressé ?	3144155	Bent u gehaast?
9283	Dépêchez-vous. Le train part dans quelques minutes. Nous ne voulons pas le rater.	3144157	Haast u. De trein vertrekt over enkele minuten. We willen hem niet missen.
9289	Je veux rencontrer Kumiko.	3144160	Ik wil Kumiko ontmoeten.
9290	Vas-tu quelquefois en vacances à l'étranger ?	3144162	Ga je soms naar het buitenland op vakantie?
9303	Attention aux imitations.	3144175	Pas op voor vervalsingen.
9308	Je t'aimerai toujours quoi qu'il arrive.	3145399	Ik zal altijd van je houden, wat er ook gebeurt.
9312	Puis-je déposer les objets de valeur ici ?	3145401	Kan ik de waardevolle voorwerpen hier laten?
9316	Voici notre réponse à votre fax daté du 1er avril.	3145408	Hier ons antwoord op uw faxbericht van 1 april.
9327	Je vais bien maintenant.	3145411	Ik voel me nu goed.
9330	C'était une journée agréable, mais il y avait peu de monde dans le parc.	3145631	Het was een aangename dag, maar er waren weinig mensen in het park.
9340	Les machines usent beaucoup d'électricité.	3145633	Machines verbruiken veel stroom.
9345	Les instincts de base ne disparaissent pas.	3145634	Basisinstincten verdwijnen niet.
9346	Je vous en donnerai autant que vous en voulez.	3145635	Ik geef u er zoveel van als u wenst.
9348	Je serai ravi de l'aider.	3145636	Ik zal haar met plezier helpen.
9349	Je serai heureux de répondre à votre question.	3145672	Ik zal uw vraag graag beantwoorden.
9352	Je serai très heureux d'accepter ton invitation.	3145673	Ik zal jouw uitnodiging graag aannemen.
9356	Ne cours pas de risques.	3145678	Loop geen risico's.
9357	Je suis heureux que cette affaire se soit réglée à l'amiable.	3145683	Ik ben blij dat deze zaak op een vriendschappelijke manier is opgelost.
9361	La nourriture coréenne est généralement très épicée.	3145689	Koreaans eten is meestal erg gekruid.
9368	Assurez-vous que vous arrivez à 7 heures exactement.	3145697	Kom zeker precies om zeven uur aan.
9372	La nourriture en conserve ne l'intéresse pas.	3145703	Hij houdt niet van blikjes.
9372	La nourriture en conserve ne l'intéresse pas.	3145704	Zij houdt niet van blikjes.
9374	Il quitta son équipe car il ne s'entendait pas avec l'entraîneur.	3145710	Hij verliet zijn ploeg omdat hij niet met de trainer overweg kon.
1892980	Je ne les photographie pas.	3146903	Ik maak geen foto van hen.
1915678	Je ne vous photographie pas.	3146905	Ik maak geen foto van u.
335758	Laisse-moi porter ta valise.	3153324	Laat me je koffer dragen.
587006	Ils vivent dans une maison.	3153386	Zij wonen in een huis.
3088840	L'orgasme est parfois surnommé "la petite mort".	3153405	Een orgasme wordt soms "de kleine dood" genoemd.
549522	Les U.S.A sont un grand pays.	3154134	De VS is een groot land.
1908700	Vous n'avez aucune preuve.	3159444	Je hebt geen enkel bewijs.
563342	Je vous donnerai cet argent.	3159932	Ik zal je dat geld geven.
9730	J'ai un bon revers.	3159974	Ik heb een sterke backhand.
1099903	Ça n'avait pas grand-chose d'un séisme.	3162616	Dat was niet echt een aardbeving.
971406	Il se décida rapidement.	3162618	Hij trof vlug een beslissing.
2498363	Pouvez-vous nous en parler ?	3162650	Kunt u er ons over vertellen?
392066	Il n'est pas bon de manger entre les repas.	3164897	Het is niet goed tussen de maaltijden te eten.
395587	D'accord.	3166298	Akkoord.
425483	Tu peux entrer.	3166422	Je kunt binnenkomen.
999999	Il se moque toujours des autres.	3166732	Hij spot altijd met de anderen.
9378	Je ne sais pas comment vous remercier.	3166763	Ik weet niet hoe ik jullie kan danken.
9380	Une totale liberté de culte est garantie à tous.	3166771	Een totale vrijheid van godsdienst is voor iedereen verzekerd.
9383	Je ressens le froid.	3166794	Ik voel de koude.
9385	Il faisait froid, et en plus, il y avait du vent.	3166802	Het was koud, en bovendien was er wind.
9391	Ne marchez pas sur les éclats de verre.	3166807	Stap niet op de glasscherven.
9393	J'espère que tu as fait bon voyage.	3166810	Ik hoop dat je een goede reis had.
9399	Les étudiants sont exposés à l'influence de leurs professeurs.	3166918	De studenten staan onder invloed van hun professoren.
9403	Les étudiants devraient essayer de ne pas être en retard.	3166919	De studenten zouden moeten proberen niet te laat te komen.
9406	Les étudiants devraient utiliser les livres de la bibliothèque.	3166921	De studenten zouden moeten gebruikmaken van de boeken van de bibliotheek.
9407	Tous les étudiants se levèrent ensemble.	3166922	Alle studenten stonden gelijk recht.
9408	Tous les étudiants protestèrent contre la guerre.	3166923	Alle studenten protesteerden tegen de oorlog.
9409	Tous les étudiants ont un libre accès à la bibliothèque.	3166924	Alle studenten hebben vrije toegang tot de bibliotheek.
9411	Étant seulement étudiant, je ne peux pas me permettre de me marier.	3166926	Omdat ik maar een student ben, kan ik me het niet veroorloven te huwen.
9412	À peu près tous les étudiants aiment l'anglais.	3166929	Bijna alle studenten houden van het Engels.
9413	Les étudiants sont impatients que les vacances d'été arrivent.	3166931	De studenten wachten met ongeduld op de zomervakantie.
9414	Un étudiant veut te voir.	3166932	Een student wil je zien.
9415	Les étudiants trouvent souvent très difficile de comprendre une conférence en langue étrangère.	3166936	Studenten vinden het dikwijls heel moeilijk om een voordracht in een vreemde taal te begrijpen.
9416	Je préfère les vacances d'été à l'école.	3166938	Ik hou meer van zomervakantie dan van school.
9417	N'oublie pas de poster cette lettre sur le chemin de l'école.	3166939	Vergeet niet deze brief op weg naar school op de bus te doen.
9418	J'ai rencontré Tom en allant à l'école.	3166940	Ik kwam Tom tegen toen ik naar school ging.
9419	Notre école a été réduite en cendres.	3166945	Onze school werd tot as gereduceerd.
9420	L'école commence le 10 avril.	3166947	De school begint op tien april.
1080001	Il passa la nuit au cachot.	3167114	Hij bracht de nacht in de gevangenis door.
131344	Il est capable d'enseigner le français.	3167311	Hij kan Frans onderwijzen.
131345	Il peut bien parler français.	3167312	Hij kan goed Frans praten.
131346	Il ne sait pas lire le français et encore moins l'écrire.	3167314	Hij kan geen Frans lezen en nog minder het schrijven.
131347	Il traduit du français vers le japonais.	3167316	Hij vertaalt uit het Frans in het Japans.
131348	Il apprendra le français.	3167319	Hij gaat Frans leren.
131349	Il parle français.	3167320	Hij spreekt Frans.
131350	Il ne peut pas parler le français sans faire quelques fautes.	3167325	Hij kan geen Frans spreken zonder een paar fouten te maken.
131352	Il était allongé sur le dos sur le lit.	3167328	Hij lag uitgestrekt op zijn rug op het bed.
131353	Il est gentil avec nos animaux.	3167329	Hij is vriendelijk met onze dieren.
131357	Il est mort au combat pendant la guerre du Vietnam.	3167334	Hij is gevallen tijdens de Viëtnam-oorlog.
131358	Il a peur des serpents.	3167336	Hij heeft angst voor slangen.
131359	Il était transporté à l'hôpital par hélicoptère.	3167340	Hij werd per helikopter naar het ziekenhuis getransporteerd.
131365	Il tapa dans le ballon.	3167342	Hij schopte tegen de bal.
587081	Le mariage est la cause principale de tous les divorces.	3167385	Het huwelijk is de belangrijkste oorzaak van alle echtscheidingen.
587084	La gravité est la seule chose qui me retient ici.	3167388	De aantrekkingskracht van de aarde is het enige wat me hier houdt.
3714	Elle ne veut pas en parler.	3167539	Zij wil niet daarover praten.
3717	Si tu n'as rien à faire, regarde le plafond de ta chambre.	3167544	Als je niets te doen hebt, kijk dan naar het plafond in je kamer.
3718	Ça veut rien dire !	3167552	Dat wil niets zeggen!
3719	Sois patient s'il te plaît, ça prend du temps.	3167561	Wees geduldig alsjeblief, dat heeft tijd nodig.
3721	C’est une histoire tellement triste.	3167563	Het is een heel treurig verhaal.
3722	S'il n'y a pas de solution, alors il n'y a pas de problème.	3167565	Als er geen oplossing is, dan is er ook geen probleem.
3723	Mon petit frère regarde la télé.	3167566	Mijn broertje kijkt tv.
9423	L'école commence à huit heures et dix minutes.	3167572	De school begint om tien over acht.
9425	L'école va bientôt s'arrêter à cause des vacances d'été.	3167581	De school sluit weldra wegens de zomervakantie.
9426	L'école débute le 8 avril.	3167582	De school begint op acht april.
9428	L'uniforme scolaire est juste démodé.	3167583	Schooluniformen zijn eigenlijk uit de mode.
9429	Ne soyez pas en retard à l'école.	3167584	Wees niet te laat op school.
9431	Il est l'heure d'aller à l'école.	3167586	Het is tijd om naar school te gaan.
9432	Ne sois pas en retard pour l'école.	3167600	Kom niet te laat voor de school.
9433	Je suis très content que l'école soit finie.	3167601	Ik ben heel tevreden dat de school gedaan is.
9437	Un sucre, s'il vous plaît.	3167604	Een klontje suiker, alstublieft.
9438	Pourrions-nous avoir une table dans le coin ?	3167606	Kunnen we een tafeltje in de hoek hebben?
9439	C'est vrai qu'elle est jolie, mais elle est égoïste.	3167610	Het is waar de ze leuk is, maar ze is egoïstisch.
9440	Je suis sûr que je l'ai rencontré quelque part, mais je ne me rappelle plus qui il est.	3167611	Ik ben er zeker van dat ik hem ooit ergens heb ontmoet, maar ik herinner me niet wie het is.
9442	Je suis certain qu'il a tort.	3167615	Ik ben zeker dat hij ongelijk heeft.
9445	Les centrales nucléaires sont dangereuses, sans parler des armes nucléaires.	3167618	Kerncentrales zijn gevaarlijk, om nog maar te zwijgen over kernwapens.
9446	Les armes nucléaires sont une menace pour toute l'humanité.	3167621	Kernwapens zijn een bedreiging voor de hele mensheid.
9447	Une guerre nucléaire provoquerait la destruction de l'humanité.	3167623	Een kernoorlog zou de vernietiging van de mensheid betekenen.
9448	Chaque pièce est équipée d'un grand bureau.	3167625	Iedere kamer is met een groot bureau uitgerust.
9449	En général, les Japonais travaillent dur.	3169415	In het algemeen werken Japanners hard.
9450	Chaque génération aura à redécouvrir pour elle-même les vérités du passé.	3169416	Iedere generatie moet voor zich de waarheden van het verleden opnieuw ontdekken.
9451	Retournez à vos places.	3169417	Ga terug naar uw plaatsen.
9452	En général, les femmes sont meilleures linguistes que les hommes.	3169418	In het algemeen zijn vrouwen betere taalkundigen dan mannen.
9453	En général, je préfère la comédie à la tragédie.	3169421	In het algemeen hou ik meer van komedies dan van tragedies.
9454	De façon générale, le climat du Japon est plutôt doux.	3169422	Over het algemeen is het klimaat van Japan zacht.
9455	D'une façon générale, le climat est doux ici.	3169423	Over het algemeen in het klimaat hier zacht.
9456	En général, les élites sont insensibles à la critique.	3169425	Over het algemeen is de elite ongevoelig voor kritiek.
9457	Couvrez votre bouche quand vous toussez, éternuez, ou bâillez.	3169429	Hou uw hand voor uw mond wanneer u hoest, niest of geeuwt.
9458	En règle générale, il arrive au bureau vers neuf heures trente du matin.	3169432	In het algemeen komt hij op kantoor aan rond halftien 's morgens.
9459	Vérifiez bien que toutes les portes sont fermées à clef avant que vous ne partiez.	3169433	Controleer goed of alle deuren op slot zijn vooraleer u vertrekt.
9460	N'oublie pas de cirer tes chaussures avant de sortir !	3169434	Vergeet niet je schoenen te poetsen vooraleer je buiten gaat!
9461	Ne riez pas des erreurs que font les étrangers en japonais.	3169435	Lach niet met de fouten die vreemdelingen in het Japans maken.
9462	Il viendra avec sa femme, comme c'est souvent le cas avec les étrangers.	3169439	Hij komt met zijn echtgenote, wat dikwijls het geval is bij buitenlanders.
9463	Un groupe d'étrangers est arrivé à Edo, Tokyo en d'autres termes.	3169440	Een groep buitenlanders is in Edo, dus in Tokio, aangekomen.
9466	Le japonais est difficile à maîtriser par les étrangers.	3169446	Japans is moeilijk onder de knie te krijgen voor buitenlanders.
9468	Avez-vous déjà été à l'étranger ?	3169505	Was u al in het buitenland?
9469	Il n'est en aucune manière aisé de maîtriser une langue étrangère.	3169508	Het is helemaal niet gemakkelijk een vreemde taal onder de knie te krijgen.
9470	Vous intéressez-vous aux langues étrangères ?	3169511	Interesseert u zich voor vreemde talen?
9471	Il faut des années afin de maîtriser une langue étrangère.	3169514	Je hebt jaren nodig om een vreemde taal onder de knie te krijgen.
9472	Avez-vous une bière étrangère ?	3169519	Hebt u een buitenlands bier?
9473	Un groupe d'étudiants étrangers ont visité le lycée d'Akira.	3169524	Een groep buitenlandse studenten heeft het lyceum van Akira bezocht.
9474	Je n'ai pu me faire comprendre en pays étranger.	3169526	Ik ben er niet in geslaagd me verstaanbaar te maken in het buitenland.
9476	La diplomatie consiste à faire et à dire les pires choses, de la plus belle façon.	3169533	Diplomatie bestaat erin de ergste dingen te zeggen en te doen op de mooiste manier.
9477	Ne jugez pas un homme à son apparence.	3169536	Beoordeel een mens niet naar zijn uiterlijk.
9478	Cire tes chaussures avant de sortir.	3169538	Poets je schoenen vooraleer weg te gaan.
9479	Sors.	3169540	Buiten!
9480	Pourrait-on avoir une table à l'extérieur ?	3169543	Zouden we een tafel buiten kunnen hebben?
9482	Pourriez-vous le laisser sortir ?	3169549	Zou u hem buiten kunnen laten?
9484	Je n'aime pas les coquillages.	3169553	Ik hou niet van schelpdieren.
9485	Je suis tombé dans les escaliers et j'ai pris un grand coup dans le dos.	3169557	Ik viel van de trap en ik heb nu veel pijn in mijn rug.
9488	Tout le monde dit que c'est un homme bon.	3169560	Iedereen zegt dat het een goed mens is.
9489	Tout le monde a l'air d'être attentif à ce qu'il dit.	3169562	Iedereen lijkt erop te letten wat hij zegt.
9490	Je n'oublierai jamais que j'ai passé un bon moment avec vous.	3169564	Ik zal nooit vergeten dat ik met u een heerlijk moment heb doorgebracht.
9492	Tout le monde est arrivé à l'heure en classe.	3169568	Iedereen kwam op tijd in de klas.
9493	Mesdames et Messieurs, par ici s'il vous plaît.	3169569	Dames en heren, hierlangs alstublieft.
9495	J'ai cassé ton cendrier.	3169572	Ik heb je asbak gebroken.
9496	Tout le monde a adopté une attitude hostile envers les immigrés clandestins.	3169573	Iedereen heeft nu een vijandige houding tegen clandestiene inwijkelingen.
9502	Certaines personnes préfèrent la mer, d'autres préfèrent la montagne.	3169598	Sommigen houden het meest van de zee, anderen van de bergen.
9503	Je n'ai rien de particulier à dire.	3169600	Ik heb niets bijzonders te vertellen.
9505	J'aime parler du bon vieux temps.	3169604	Ik praat graag over de goede oude tijd.
9506	Un comptable enregistre toutes les rentrées et toutes les dépenses de l'entreprise chaque semaine.	3169607	Een boekhouder noteert iedere week de inkomsten en de uitgaven van het bedrijf.
9507	Certaines personnes ne recherchent que le plaisir.	3169609	Sommige mensen zoeken alleen maar plezier.
9508	Toutes les réponses doivent être écrites en suivant les instructions.	3169612	Alle antwoorden moeten worden opgeschreven volgens de instructies.
9510	Est-ce que la réunion peut finir dans les deux heures ?	3169614	Kan de bijeenkomst binnen twee uur eindigen?
9514	Je suis heureux de vous voir.	3169619	Ik ben blij u te zien.
9515	Demande-lui s'il va venir à la réunion.	3169626	Vraag hem of hij naar de vergadering komt.
9516	Pressons pour être à l'heure à la réunion.	3169627	Laten we ons spoeden om op tijd in de vergadering te zijn.
9518	À chaque fois que je vais le voir, il est dans son lit.	3169628	Altijd wanneer ik hem bezoek, is hij in bed.
9519	Notre dette totale s'élève à dix mille dollars.	3169631	Onze totale schuld bedraagt tienduizend dollar.
9521	Faisons-nous un vol sans escale jusqu'aux USA ?	3169635	Maken we een vlucht zonder tussenlandingen naar de VS?
9523	Il est mort pour que nous vivions.	3169636	Hij is gestorven zodat wij konden leven.
9524	Tous nos efforts se sont soldés par des échecs.	3169640	Al onze inspanningen draaiden op niets uit.
9525	Notre succès dépend de si vous nous aidez ou non.	3169642	Ons succes hangt ervan af of u ons helpt of niet.
9526	Tous nos efforts ont été vains.	3169644	Al onze inspanningen waren zinloos.
9528	Notre dette est supérieure à ce que nous pouvons payer.	3169646	Onze schuld is groter dan dat wat we kunnen betalen.
9529	Après notre première attaque, l'ennemi fuit.	3169648	Na onze eerste aanval vluchtte de vijand.
9530	Nos plans prennent forme.	3169651	Onze plannen nemen vorm aan.
9532	De notre point de vue, sa proposition est acceptable.	3169653	Uit ons standpunt is zijn voorstel aanvaardbaar.
9535	Le climat de notre pays est tempéré.	3169655	Het klimaat van ons land is gematigd.
9536	Comparée à notre maison, la sienne est un palace.	3169658	Vergeleken met ons huis is het zijne een paleis.
9536	Comparée à notre maison, la sienne est un palace.	3169659	Vergeleken met ons huis is het hare een paleis.
9537	Notre école nous défend d'aller au cinéma seuls.	3169663	Onze school verbiedt ons alleen naar de bioscoop te gaan.
9538	Notre équipe a deux points d'avance.	3169667	Onze ploeg heeft twee punten voorsprong.
9542	Pouvez-vous expliquer pourquoi notre équipe a perdu ?	3169669	Kunt u ons verklaren waarom onze ploeg verloren heeft?
9545	Un moustique vient de me piquer.	3169684	Ik ben net door een mug gestoken.
9546	Une nuée de moustiques le suivait.	3169687	Een zwerm muggen volgde hem.
9550	Laissez-moi vous aider avec vos bagages.	3169689	Laat me u even helpen met uw bagage.
9551	Il est allergique au pollen.	3169690	Hij is allergisch voor pollen.
9552	Tout à coup la mariée éclata de rire.	3169691	Plotseling barstte de bruid in lachen uit.
9557	Une foule importante s'est rassemblée sur le lieu de l'incendie.	3169697	Een grote menigte kwam bijeen op de plaats van de brand.
9558	On disait que le feu avait été provoqué par un fumeur négligent.	3169699	Men beweerde dat het vuur veroorzaakt was door een onoplettende roker.
9559	J'ai perdu ma chaussure dans l'incendie.	3169700	Ik heb in de brand mijn schoen verloren.
9560	Soyez vigilant quant au risque d'incendie.	3169701	Wees op de hoede voor brand.
9561	Le feu brûle.	3169702	Het vuur brandt.
9564	Le chant est son point fort.	3169706	Zingen is zijn sterkste punt.
9564	Le chant est son point fort.	3169707	Zingen is haar sterkste punt.
9566	Selon les scientifiques, l'atmosphère se réchauffe d'année en année.	3169714	Volgens de wetenschapslui warmt de atmosfeer jaar na jaar op.
9571	La science ne résout pas tous les problèmes.	3169720	Wetenschap lost niet alle problemen op.
9574	Toute ma famille se porte bien.	3169721	Mijn hele familie maakt het goed.
9575	Toute la famille sortit de la voiture.	3169722	De hele familie kwam uit de auto.
9577	Je me fais construire une nouvelle maison.	3169723	Ik laat me een nieuw huis bouwen.
647531	Il a tort d'insister.	3172722	Hij doet er verkeerd aan van aan te dringen.
3172831	Je souhaiterais que tu fermes la porte quand tu sors.	3172836	Ik zou graag hebben dat je de deur sluit wanneer je buiten gaat.
3172812	Je souhaiterais que tu fasses comme on te dit.	3172900	Ik zou graag hebben dat je doet wat men je zegt.
9598	N'oubliez pas d'éteindre le gaz avant de quitter la maison.	3173003	Vergeet niet het gas uit te doen vooraleer het huis te verlaten.
9599	Dès que j'ai quitté la maison, il a commencé à pleuvoir des cordes.	3173036	Onmiddellijk toen ik het huis verliet, begon het pijpenstelen te regenen.
9602	Devons-nous retirer nos chaussures avant d'entrer dans la maison ?	3173042	Moeten we onze schoenen uittrekken vooraleer het huis binnen te gaan?
9605	Il a passé ses vacances à décorer sa maison.	3173043	Hij heeft zijn vakantie besteed aan het inrichten van zijn huis.
9606	Laissez-moi vous faire visiter notre maison.	3173044	Laat me u ons huis tonen.
9607	Tout était silencieux dans la maison.	3173045	Alles was stil in het huis.
9608	Plusieurs voitures sont garées devant chez moi.	3173046	Er staat een aantal auto's voor mijn deur.
9609	J'étais à peine arrivé à la maison que le téléphone sonnait.	3173047	Ik was nog maar net thuis en toen ging de telefoon.
9610	Je vous appellerai dès mon retour à la maison.	3173052	Ik zal je bellen zodra ik thuis ben.
9612	Il est loin de chez lui.	3173053	Hij is ver van huis weg.
9613	Je te conseille de rentrer à la maison.	3173054	Ik raad je aan naar huis te gaan.
9614	J'ai dépensé beaucoup d'argent pour ma maison.	3173055	Ik heb voor mijn huis veel geld uitgegeven.
9615	J'ai oublié ma carte de crédit à la maison.	3173056	Ik heb mijn kredietkaart thuis vergeten.
9618	Les produits d'été sont maintenant en vente.	3173061	De zomerartikelen zijn nu te koop.
9620	Les étés j'allais d'habitude à Miami.	3173063	Tijdens de zomer ging ik meestal naar Miami.
9621	Aimez-vous l'été ?	3173064	Hou je van de zomer?
9625	J'habite à Kakogawa.	3173087	Ik woon in Kakogawa.
9627	Des centaines de bœufs se sont dirigés vers le lac.	3173091	Honderden stieren zijn naar het meer gegaan.
9629	Pendant des années le tableau fut considéré comme un Rembrandt authentique.	3173094	Jarenlang werd het schilderij voor een echte Rembrandt aangezien.
9630	Je me demande si elle me reconnaîtra après toutes ces années.	3173095	Ik vraag me af of zij me zal herkennen na al die jaren.
9631	Combien de temps avez-vous étudié l'anglais ?	3173096	Hoelang leert u al Engels?
9631	Combien de temps avez-vous étudié l'anglais ?	3173097	Hoelang leer je al Engels?
9633	Pour l'avoir entendu tant de fois, je peux maintenant réciter le poème par cœur.	3173100	Omdat ik het zo dikwijls gehoord heb, kan ik het gedicht nu uit het hoofd opzeggen.
9634	Vous restez pour combien de temps ?	3173101	Hoelang blijft u?
9635	Pouvez-vous marcher durant des jours dans la nature sans voir personne ?	3173103	Kunt u dagen lang in de natuur lopen zonder iemand te zien?
9636	Combien de personnes étaient-elles présentes à la réunion ?	3173105	Hoeveel mensen waren er in de vergadering aanwezig?
9638	Combien de personnes ?	3173132	Hoeveel mensen?
9640	Je suis fatigué d'avoir travaillé pendant des heures.	3173136	Ik ben moe van dat urenlang werken.
9641	Pouvez-vous me dire à quelle heure le train part, s'il vous plaît ?	3173138	Kunt u me zeggen wanneer de trein vertrekt, alstublieft?
9644	Vers quelle heure ?	3173140	Hoe laat ongeveer?
9646	Tout le monde était anxieux de savoir ce qui s'était passé.	3173144	Iedereen was benieuwd om te weten wat er gebeurd was.
9647	Rien ne pourrait l'empêcher de se marier avec lui.	3173146	Niets kan haar nog tegenhouden om met hem te trouwen.
9648	Rien ne s'est passé.	3173148	Niets gebeurd.
9649	Après avoir échoué plusieurs fois, il essaya une nouvelle fois.	3173150	Na verschillende keren gefaald te hebben, probeerde hij het nog eens.
9652	Le problème, ce n'est pas ce que tu portes, mais comment tu le portes.	3173152	Het is niet belangrijk wat je draagt, maar hoe je het draagt.
9653	Combien de fois dois-tu aller voir le dentiste ?	3173154	Hoe dikwijls moet je naar de tandarts?
9654	Je ne sais que faire.	3173155	Ik weet niet wat ik moet doen.
9656	S'il vous plaît téléphonez-moi quand vous aurez décidé ce que vous voulez faire.	3173167	Belt u me alstublieft op wanneer u besloten heeft wat u gaat doen.
9657	Et surtout, ne mens pas.	3173168	En lieg vooral niet.
9658	Surtout, soyez patient.	3173169	Wees vooral geduldig.
9659	Le devoir avant tout.	3173171	Plicht gaat voor alles.
9660	Par-dessus tout, fais attention à tes repas.	3173177	Let vooral op je maaltijden.
9662	Comme il n'avait rien à faire, il alla au centre-ville.	3173180	Omdat hij niets te doen had, ging hij naar het stadscentrum.
9664	Qu'elle chante bien !	3173181	Wat zingt ze mooi!
9665	Je ne sais pas comment répondre à cette question.	3173183	Ik weet niet hoe ik die vraag moet beantwoorden.
9666	N'ayez aucune hésitation à dire la vérité.	3173185	Aarzel niet de waarheid te zeggen.
9668	Comme cet avion est rapide !	3173191	Wat is dat vliegtuig vlug!
9670	J'ai réussi à trouver son bureau.	3173196	Ik ben erin geslaagd zijn kantoor te vinden.
9671	J'ai tout essayé pour le maintenir en vie.	3173197	Ik heb alles geprobeerd om hem in leven te houden.
9672	Je me suis débrouillé pour me faire comprendre en anglais.	3173198	Ik ben erin geslaagd om me verstaanbaar te maken in het Engels.
9676	Je vous demande pardon ?	3173202	Wat zegt u?
9678	Je n'ai pas entendu ce que vous avez dit.	3173206	Ik heb niet gehoord wat u gezegd hebt.
9680	As-tu des projets ?	3173207	Heb je enige plannen?
9681	Fais-tu quelque chose de spécial ?	3173208	Doe je iets speciaals?
9683	Apporte-moi quelque chose à manger.	3173210	Breng me iets te eten.
9684	Je veux quelque chose pour écrire.	3173213	Ik wil iets om te schrijven.
9686	Donnez-moi quelque chose à faire.	3173214	Geef me iets om te doen.
9687	Avez-vous des questions ?	3173215	Hebt u vragen?
9688	Je serai là pour toi, quoi qu'il arrive.	3173216	Wat er ook gebeurt, ik ben voor jou daar.
9689	Demande-lui si tu as le moindre doute.	3173217	Vraag het hem bij de minste twijfel.
9692	S'il avait su ce qui était sur le point de se passer, il aurait modifié son plan.	3173222	Als hij geweten had wat er ging gebeuren, dan had hij zijn plan veranderd.
9693	Pouvez-vous jouer d'un instrument de musique ?	3173223	Kunt u een instrument bespelen?
9695	Nul ne peut prévoir ce qui va arriver.	3173231	Niemand kan voorzien wat er gaat gebeuren.
9697	Donne-moi à boire.	3173232	Geef me iets te drinken.
9699	Je dois faire quelque chose.	3173238	Ik moet iets doen.
541799	As-tu un GSM ?	3175057	Heb je een mobieltje?
541800	Avez-vous un GSM ?	3175058	Hebt u een mobieltje?
9701	Je te donnerai un cadeau.	3175061	Ik zal je een geschenk geven.
9701	Je te donnerai un cadeau.	3175062	Ik zal je een cadeau geven.
9708	J'espère que je peux te donner quelque chose.	3175065	Ik hoop dat ik je iets kan geven.
9711	J'ai un peu de diarrhée.	3175066	Ik heb een beetje diarree.
9713	On n'entendait pas un son dans la salle de concert.	3175068	Je kon een speld horen vallen in de concertzaal.
9714	La musique rend notre vie heureuse.	3175081	Muziek maakt ons leven gelukkig.
9715	Aimez-vous écouter la musique ou chanter des chansons ?	3175082	Hou je meer van muziek beluisteren dan van liedjes te zingen?
9716	Notre professeur de musique me conseilla de visiter Vienne.	3175083	Onze muziekleraar raadde me aan Wenen te bezoeken.
9717	La musique est un langage universel.	3175084	Muziek is een universele taal.
9718	La musique est universelle.	3175085	Muziek is universeel.
9719	Ne faites pas de bruit. J'étudie.	3175086	Maak geen geluid. Ik ben aan het studeren.
9726	J'ai pleuré toute la nuit.	3175091	Ik heb de hele nacht geweend.
9728	Sois mon bras droit.	3175092	Wees mijn rechterhand.
9729	Je suis un garçon timide.	3175093	Ik ben een schuchtere jongen.
9732	C'est toi que j'aimerai toujours.	3175095	Van jou zal ik altijd houden.
9732	C'est toi que j'aimerai toujours.	3175096	Jou zal ik altijd liefhebben.
9734	Combien d'heures faut-il pour aller à Okinawa en avion ?	3175098	Hoeveel uur heb je nodig om naar Okinawa te vliegen?
9735	Il fait battre le cœur des jeunes filles.	3175099	Hij doet het hart van de meisjes sneller slaan.
9736	Longue vie au roi !	3175100	Lang leve de koning!
9737	Le roi n'a pas invité que nous, mais aussi plusieurs autres personnes.	3175101	De koning heeft niet alleen ons uitgenodigd maar ook vele andere mensen.
9738	Il pleut beaucoup à Okinawa.	3175102	Het regent veel in Okinawa.
9741	J'ai été giflé sur les deux joues.	3175103	Ik kreeg slaag op beide wangen.
9742	Enlevez son nom de la liste des candidats.	3175104	Verwijder zijn naam van de lijst met kandidaten.
9743	Veuillez appuyer sur le bouton.	3175105	Drukt u op de knop, alstublieft.
9743	Veuillez appuyer sur le bouton.	3175106	Druk op de knop, alstublieft.
9744	Les monnaies européennes se sont affaiblies face au dollar.	3175108	De Europese munten werden zwakker tegenover de dollar.
9746	Madame, puis-je prendre vos mensurations ?	3175110	Mag ik uw maten nemen, mevrouw?
9750	Passe-moi le sel, s'il te plaît.	3175115	Geef me even het zout door, alsjeblief.
9751	Passez-moi le sel, s'il vous plaît.	3175117	Geeft u me het zout door, alstublieft.
9751	Passez-moi le sel, s'il vous plaît.	3175118	Geef me het zout door, alstublieft.
9753	Pouvez-vous me passer le sel, s'il vous plaît ?	3175121	Kunt u me het zout aangeven, alstublieft?
9754	Passez-moi le sel et le poivre, je vous prie.	3175122	Geef me het zout en de peper, alsjeblieft.
9755	J'ai acheté une douzaine de crayons aujourd'hui.	3175124	Ik heb vandaag een dozijn potloden gekocht.
9755	J'ai acheté une douzaine de crayons aujourd'hui.	3175125	Ik heb vandaag een twaalftal potloden gekocht.
9756	Les crayons se vendent par douzaines.	3175127	De potloden worden per dozijn verkocht.
9756	Les crayons se vendent par douzaines.	3175129	De potloden worden per twaalf verkocht.
9757	N'hésite pas à me poser des questions.	3175131	Aarzel niet me vragen te stellen.
9758	S'il vous plait, donnez-moi un stylo et du papier.	3175133	Geeft u me een pen en een paar bladen papier, alstublieft.
9758	S'il vous plait, donnez-moi un stylo et du papier.	3175136	Geef me een pen en een paar bladen papier, alstublieft.
9760	N'hésite pas à demander des conseils.	3175139	Aarzel niet advies te vragen.
9761	J'ai peur que ma perception de la profondeur soit très mauvaise.	3175141	Ik vrees dat mijn dieptezicht heel slecht is.
9762	Ne tourne pas autour du pot.	3175143	Draai niet rond de pot.
9763	Les choses au loin semblent floues.	3175147	De dingen in de verte lijken onscherp.
9764	J'ai vu le rivage au loin.	3175148	Ik zag in de verte land.
9767	Peux-tu voir loin ?	3175151	Kan je ver kijken?
9768	Je l'ai entendu gronder au loin.	3175158	Ik hoorde het in de verte donderen.
9769	Je pouvais voir la tour de Tokyo au loin.	3175160	Ik kon de toren van Tokio in de verte zien.
9770	On pouvait voir le Mont Fuji au loin.	3175163	Men kon de berg Fuji in de verte zien.
9771	Vu de loin, le rocher ressemblait à un visage humain.	3175170	Van ver gezien leek die rots op een menselijk gezicht.
9773	C'est un héros inconnu.	3175172	Het is een onbekende held.
9774	Les singes pullulent dans cette forêt.	3175173	Het krioelt van apen in dit woud.
9775	Fumer est une mauvaise habitude.	3175174	Roken is een slechte gewoonte.
9779	Puis-je changer des yens contre des dollars ici ?	3175223	Kan ik hier Japanse yen in dollar omwisselen?
9781	Après le concert la foule se dirigea vers la porte la plus proche.	3175229	Na het concert trok de menigte naar de dichtstbijzijnde deur.
9783	C'est trop loin pour aller à pied à la gare, aussi prenons l'autobus.	3175230	Het is te ver om te voet naar het station te gaan. Laten we de bus nemen.
9784	J'ai pris un taxi devant la gare.	3175231	Ik heb voor het station een taxi genomen.
9785	Pourrais-tu me déposer à la gare ?	3175233	Kan je me aan het station afzetten?
9786	J'ai réussi à attraper le train de 8h en courant tout au long du chemin jusqu'à la gare.	3175236	Ik ben erin geslaagd de trein van acht uur te halen door de hele weg tot het station te rennen.
9787	Montrez-moi le chemin vers la station s'il vous plait.	3175237	Toon me de weg naar het station, alstublieft.
9788	Pouvez-vous m'indiquer le chemin jusqu'à la gare ?	3175295	Kunt u me de weg naar het station wijzen?
9790	Comment puis-je me rendre à la gare ?	3175296	Hoe kom ik aan het station?
9792	Pouvez-vous m'indiquer comment me rendre à la gare ?	3175298	Kunt u me wijzen hoe ik me naar het station moet begeven?
9796	À son arrivée à la gare, il appela un taxi.	3175301	Toen hij aan het station aankwam, belde hij een taxi.
9797	À mon arrivée à la gare, je t'appellerai.	3175303	Ik zal je bellen zodra ik aan het station ben.
9799	Arrivée à la gare, elle appela son frère.	3175306	Toen ze aan het station kwam, belde ze haar broer.
2080808	Je pensais que vous étiez blessé.	3175385	Ik dacht dat u gewond was.
2080812	J'ai pensé que vous plaisantiez.	3175390	Ik dacht dat u een grapje maakte.
2080815	J'ai pensé que tu plaisantais.	3175391	Ik dacht dat je een grapje maakte.
1243691	Ne le laissez pas le faire par lui-même.	3175407	Laat hem dat niet zelf doen.
13301	Ben a appris à faire du feu sans allumettes.	3175408	Ben heeft geleerd hoe hij vuur kan maken zonder lucifers.
13302	Ben se mit les mains dans les poches.	3175412	Ben stak zijn handen in zijn broekzakken.
13303	Un dénommé Henri veut vous voir.	3175415	Een zekere Henri wil u zien.
13305	N'oublie pas de donner un pourboire au porteur pour avoir porté tes bagages.	3175445	Vergeet niet de drager een fooi te geven omdat hij je koffers heeft gedragen.
13306	Paula doit aider son père dans la cuisine.	3175456	Paula moet haar vader in de keuken helpen.
13309	Paul est, de loin, le plus charmant garçon de l'école.	3175465	Paul is veruit de meest charmante jongen in de school.
13310	Paul a gagné beaucoup d'argent l'année dernière.	3175468	Paul heeft vorig jaar veel geld verdiend.
9807	Les Anglais parlent rarement aux étrangers dans le train.	3193951	Engelsen spreken heel zelden onbekenden aan in de trein.
9808	Les Anglais sont, pour la plupart, conservateurs.	3193953	Engelsen zijn over het algemeen conservatief.
9813	N'ayez pas peur de faire des fautes quand vous parlez anglais.	3193960	Heb geen angst fouten te maken wanneer u Engels spreekt.
9817	Elle parle mieux anglais que n'importe lequel de ses camarades de classe.	3193966	Ze spreekt beter Engels dan al haar klasgenoten.
9828	L'anglais est parlé dans de nombreux pays.	3193982	Engels wordt in vele landen gesproken.
9830	L'anglais est étudié partout dans le monde.	3193983	Engels wordt overal ter wereld geleerd.
9834	L'anglais n'est pas facile pour nous.	3193985	Engels is voor ons niet gemakkelijk.
9843	L'anglais est enseigné dans la plupart des pays.	3193988	Engels wordt in de meeste landen onderwezen.
9856	Je voudrais aller nager.	3193997	Ik zou graag gaan zwemmen.
9860	Tu n'aurais pas envie d'aller au cinéma ?	3194001	Je hebt toevallig geen lust om naar de bioscoop te gaan?
9874	As-tu le permis ?	3194010	Heb je een rijbewijs?
9884	Beaucoup de vérités se disent en plaisantant.	3194019	Al lachend zegt men de waarheid.
9888	Allez-vous à l'école en bus quand il pleut ?	3194023	Gaat u naar school met de bus wanneer het regent?
9891	J'ai envie de chanter sous la pluie.	3194026	Ik heb zin om in de regen te zingen.
9892	Je suis resté à la maison à cause de la pluie.	3194028	Wegens de regen ben ik thuis gebleven.
9899	Nos rues s'inondent quand il pleut.	3194031	Onze straten overstromen wanneer het regent.
9902	Prends ton parapluie avec toi au cas où il pleuvrait.	3194050	Neem je paraplu mee voor wanneer het zou regenen.
9935	« Je t'aime », murmura-t-elle en fermant les yeux.	3195434	"Ik hou van je", fluisterde ze terwijl ze haar ogen sloot.
9936	« Le prince des ténèbres » désigne « Satan ».	3195436	"De prins van de duisternis" wijst op Satan.
9939	"De quoi le professeur a-t-il parlé ?" demanda l'étudiant.	3195444	"Waarover sprak de professor?" vroeg de student.
9940	"Votre montre donne-t-elle l'heure exacte ?" "Non, elle avance de 10 minutes par jour".	3195632	"Geeft uw horloge de juiste tijd aan?" "Neen, ze loopt iedere dag tien minuten voor".
9942	« Pas de bonnes nouvelles dans le journal d'aujourd'hui ? » « Non, rien de particulier. »	3195637	„Geen goed nieuws in de krant van vandaag?” „Neen, niets bijzonders.”
9943	« As-tu travaillé hier ? » « Je souhaitais que hier fût un jour férié. »	3195642	"Heb je gisteren gewerkt?" "Ik wou dat het gisteren een vrije dag was geweest."
9944	« C'est à lui que je dois ma popularité », dit-elle.	3195643	"Aan hem dank ik mijn beroemdheid", zei ze.
9945	Il dit que son père était architecte et qu'il veut l'être aussi.	3195649	Hij zei dat zijn vader architect was en dat hij het ook wil worden.
9947	« Merci de votre aide. » « Je vous en prie. »	3195652	"Dank u wel voor de hulp." "Graag gedaan."
9948	Elle cria « À l'aide ! À l'aide ! »	3195653	"Hulp, hulp!" riep ze.
9951	« Cela vous dérange-t-il si j'utilise votre téléphone ? » « Non, je vous en prie. »	3195655	"Stoort het u als ik uw telefoon gebruik?" "Neen, doet u maar."
9962	« Reviens ! » cria-t-il.	3195658	"Kom terug!" riep hij.
9964	100 cents font un dollar.	3195664	Honderd cent is gelijk aan een dollar.
9966	J'aimerais de la monnaie pour $10.	3195670	Ik zou graag tien dollar in munten wisselen.
9999	Puis-je vous poser une question ?	3195720	Mag ik u een vraag stellen?
10005	Un oiseau vola dans l'arbre.	3195721	Er vloog een vogel in de boom.
10009	J'ai peur qu'il ne soit pas là avant 13 heures.	3195722	Ik vrees dat hij er niet voor één uur zal zijn.
10011	Je le finirai dans une heure.	3195966	Ik maak het in een uurtje af.
10014	Tu prends un bain combien de fois par semaine ?	3195971	Hoeveel keer per week neem je een bad?
2028295	Je lui ai donné le micro.	3195993	Ik heb hem de microfoon gegeven.
10017	Un homme laid frappa à ma porte.	3196005	Een lelijke man klopte bij me aan.
10023	Un camion roulait à toute vitesse sur la route.	3196022	Een vrachtwagen raasde met volle snelheid op de weg.
10024	Je dois en acheter un.	3196030	Ik moet er een kopen.
10034	Je veillerai à ce que vous ayez une augmentation après la première année.	3196053	Ik zal erop letten dat u een salarisverhoging krijgt na het eerste jaar.
10035	Laisse-moi te payer une boisson.	3196064	Laat me een drankje voor je betalen.
10036	Un chat apparut de derrière le rideau.	3196069	Een kat kwam vanachter het gordijn tevoorschijn.
10037	Une feuille morte tomba au sol.	3196076	Een dood blad viel op de grond.
10050	Je serai de retour dans deux heures.	3196110	Ik ben binnen twee uur terug.
10052	Jean est le plus grand des deux.	3196114	Jean is de grootste van beiden.
10055	J'ai deux chiens. L'un est blanc, l'autre est noir.	3196119	Ik heb twee honden. De ene is wit, de andere zwart.
10056	Une foule de plus de trois mille personnes.	3196121	Een massa van meer dan drieduizend mensen.
10058	J'aimerais confirmer ma réservation pour le 30.	3196126	Ik wil graag mijn reservatie voor de dertigste bevestigen.
2447203	Je ne te crois simplement pas.	3197738	Ik geloof je gewoon niet.
341871	Tous les étudiants passent un test de conduite.	3197939	Alle studenten nemen deel aan een rijexamen.
1930393	Je ne leur loue pas mes garages.	3200868	Ik verhuur mijn garages niet aan hen.
133805	Ses cheveux sont longs et magnifiques.	3201079	Zijn haar is lang en prachtig.
133805	Ses cheveux sont longs et magnifiques.	3201080	Haar haar is lang en prachtig.
2563858	Elles jouaient bien.	3201420	Ze speelden goed.
2137679	Je pensais avoir entendu votre voix.	3202504	Ik dacht uw stem gehoord te hebben.
3206941	Vous avez un stylo ?	3206944	Hebt u een balpen?
935325	Vous étudiez quelque langue étrangère ?	3206956	Studeer je een vreemde taal?
2564293	Vous preniez Tom pour un idiot.	3207637	U nam Tom voor een idioot.
128196	Regarde-toi dans le miroir.	3209451	Bekijk je in de spiegel.
1104342	Il a un bon alibi.	3209452	Hij heeft een goed alibi.
11974	Voilà pourquoi il était en retard à l'école.	3209477	Dat is de reden waarom hij te laat op school was.
790169	Fais semblant d'être moi.	3209592	Doe alsof je mij bent.
1903097	Elle s'est fait tester pour le VIH.	3209611	Ze heeft zich op hiv laten testen.
458223	C'est mon oncle.	3209621	Het is mijn oom.
10060	J'ai reçu le modèle 345 dans de bonnes conditions.	3211608	Ik heb model driehonderd vijfenveertig in goede staat ontvangen.
10061	3 multiplié par 5 égal 15.	3211614	Drie maal vijf is vijftien.
10070	Il me bat, 3 à 0.	3211622	Hij verslaat me met drie tegen nul.
127720	J'ai accepté son invitation.	3213515	Ik heb haar uitnodiging aanvaard.
127720	J'ai accepté son invitation.	3213516	Ik heb zijn uitnodiging aanvaard.
334291	Elle dit qu'elle était heureuse.	3216860	Ze zei dat ze gelukkig was.
1158509	N'ouvrez pas la bouche !	3216951	Open uw mond niet!
1158508	N'ouvre pas la bouche !	3216954	Open je mond niet!
1089176	Même Rome ne s'est pas construite en un jour.	3217295	Zelfs Rome is niet in een dag gebouwd.
975161	Tournez là-devant à droite.	3217594	Sla ginds rechts af.
1090970	Ne te laisse pas prendre par ses mots suaves.	3217631	Laat je niet vangen door zijn zoete woorden.
1090970	Ne te laisse pas prendre par ses mots suaves.	3217632	Laat je niet vangen door haar zoete woorden.
832190	Je souhaiterais être jeune.	3219467	Ik zou graag jong zijn.
2840044	Je veux maîtriser le suédois.	3219482	Ik wil graag Zweeds beheersen.
2826438	Viens à l'intérieur.	3220040	Kom binnen.
995916	Ils doivent sans doute être Étasuniens.	3220236	Dat moeten beslist VS-burgers zijn.
11648	Je ne crois pas que le Père Noël soit imaginaire.	3220466	Ik geloof niet dat de Kerstman verzonnen is.
3220921	Marie empoisonne la vie de Tom.	3220928	Marie vergiftigt het leven van Tom.
3220178	Est-ce votre premier congrès ?	3221004	Is dat uw eerste congres?
1992405	M'avez-vous trompée ?	3225668	Hebt u me bedrogen?
1992403	M'as-tu trompé ?	3225671	Heb je me bedrogen?
1612700	Mon frère ne pratique aucun sport.	3225976	Mijn broer doet niet aan sport.
3227511	De plus, je ne sais pas danser.	3227520	Bovendien kan ik niet dansen.
2403175	Tu ne saigneras pas à mort.	3227748	Je zult niet doodbloeden.
135983	Il arrive souvent en retard.	3229536	Hij komt dikwijls te laat.
2288747	Vous n'êtes pas obligée de présenter des excuses.	3229575	U hoeft zich niet te verontschuldigen.
957532	Ma sœur va se marier.	3230693	Mijn zus gaat trouwen.
373896	Il a retiré son chapeau.	3230704	Hij zette zijn hoed af.
2014129	Ravie de te connaître, Ken.	3230910	Blij je te leren kennen, Ken.
1050522	Il a pu déduire l'équipement de son bureau de ses impôts.	3231074	Hij kon de inrichting van kantoor van zijn belastingen aftrekken.
2288758	Vous n'êtes pas forcé de répondre.	3231462	U hoeft niet te antwoorden.
3232286	Non, je ne regrette rien.	3232290	Neen, ik heb nergens spijt van.
7496	J’ai arrêté de fumer il y a deux ans.	3232309	Voor twee jaar ben ik gestopt met roken.
2164270	Le sauna fait du bien.	3235304	Sauna doet goed.
1670142	La loi est la loi.	3236122	Wet is wet.
1966317	Pourrais-tu être silencieux ?	3237472	Zou je stil kunnen zijn?
1224746	Peux-tu la fermer, je te prie ?	3237508	Kan je alsjeblief je mond houden?
11020	Hier, j'ai rencontré tes parents.	3237709	Gisteren heb ik je ouders ontmoet.
3138544	Pourquoi aimes-tu tant Boston ?	3237753	Waarom hou je zo van Boston?
2696966	Vous buvez du thé.	3238507	U drinkt thee.
604016	Je mange avec mon frangin.	3240716	Ik eet met broerlief.
8540	Pourrais-je regarder la télévision maintenant ?	3242049	Mag ik nu tv-kijken?
1085924	Il parlait avec une pipe à la bouche.	3244721	Hij praatte met een pijp in zijn mond.
549470	Montre-moi la poupée que tu as achetée hier.	3244725	Toon me de pop die je gisteren kocht.
1337191	Prenons une photo ici.	3245511	Laat ons hier een foto maken.
2015774	Je veux que tu sois à nouveau mon amie.	3245519	Ik wil dat je weer mijn vriendin wordt.
133326	Va-t-il à l'école à pied ou bien en vélo ?	3245718	Gaat hij te voet naar school of met de fiets?
12503	On prend un taxi ?	3245721	Nemen we een taxi?
1260611	Quel était ton lieu de résidence ?	3246759	Wat was je woonplaats?
2405382	J'obéis aux instructions.	3246798	Ik volg de instructies op.
3247210	Washington était l'homme le plus célèbre des États-Unis d'Amérique.	3247219	Washington was de populairste man van de Verenigde Staten van Amerika.
14762	J'ai perdu mon chemin dans la forêt.	3249200	Ik ben in het woud mijn weg kwijtgeraakt.
1071819	Connais-tu cette chanson ?	3250015	Ken je dat lied?
2288839	Vous faisiez semblant, n'est-ce pas ?	3251139	U hebt maar gedaan alsof, niet?
497358	Je savais que l'on pouvait te faire confiance.	3252653	Ik wist dat ik je kon vertrouwen.
2132211	Écris ton nom, s'il te plaît.	3253556	Wil je je naam opschrijven?
847915	Je suis aussi fatigué aujourd'hui.	3254642	Ik ben vandaag ook moe.
1727059	Il est bien au chaud.	3254969	Hij heeft zijn schaapjes op het droge.
955771	Il l'a écrit pour ne pas l'oublier.	3255336	Hij heeft het opgeschreven om het niet te vergeten.
14842	Je n'aime pas ce genre de romans.	3255337	Ik hou niet van dat soort romans.
1960360	Les figues de son jardin sont délicieuses.	3257637	De vijgen van zijn tuin smaken heerlijk.
1960360	Les figues de son jardin sont délicieuses.	3257640	De vijgen van haar tuin smaken heerlijk.
1141454	Je m'y habitue.	3258031	Ik word eraan gewoon.
7892	Donnez-moi quelque chose à boire.	3258076	Geeft u me iets te drinken.
451526	Tes règles sont-elles normales ?	3258259	Zijn je regels normaal?
451526	Tes règles sont-elles normales ?	3258261	Zijn je maandstonden normaal?
2734889	Sa mère t'appelle.	3261443	Zijn moeder roept je.
2734889	Sa mère t'appelle.	3261444	Haar moeder roept je.
1198776	Que penses-tu de ma tourte ?	3261626	Wat vind je van mijn taart?
481418	Sais-tu de quelle taille est la tour de télévision ?	3268860	Weet je hoe hoog de televisietoren is?
119996	Pourriez-vous me montrer cette cravate ?	3268985	Zou u me die das kunnen tonen?
3269297	Quelle page ?	3269373	Welke bladzijde?
789728	Ne fais aucun bruit !	3269779	Maak geen geluid!
2841594	Aimez-vous la cuisine chinoise ?	3269809	Hou je van de Chinese keuken?
2841594	Aimez-vous la cuisine chinoise ?	3269810	Houdt u van de Chinese keuken?
901777	Eh, où vas-tu ?	3270148	Hé, waar ga je heen?
1638906	Poussez !	3270152	Duwen!
955139	As-tu un tatouage ?	3270166	Heb je een tatoeage?
955172	Avez-vous un tatouage ?	3270168	Hebt u een tatoeage?
1776139	Elle travaille dans une officine de tatouage.	3270169	Ze werkt in een tatoeage-studio.
1776140	Il travaille dans une officine de tatouage.	3270171	Hij werkt in een tatoeage-studio.
1336974	Donnez-moi un tuyau.	3270198	Geef me een tip.
1903840	Le symbole chimique H désigne l'hydrogène.	3270199	Het scheikundige symbool H duidt op waterstof.
2568814	Je ne parlais qu'en allemand.	3274131	Ik sprak alleen maar Duits.
2307183	Veux-tu encore boire un peu de café ?	3274135	Wil je nog een beetje koffie drinken?
2925780	Il déshabillait Tom.	3274154	Hij kleedde Tom uit.
1188223	Nous fûmes émerveillés par l'éloquence du petit garçon.	3274159	We stonden versteld van de welbespraaktheid van de kleine jongen.
3274183	Je serai joignable par téléphone.	3274194	Ik zal telefonisch bereikbaar zijn.
2911244	Tu as été adoptée.	3275519	Je bent geadopteerd.
378589	Ne te moque pas des étrangers.	3278844	Spot niet met vreemdelingen.
2859944	Tom a besoin d'une transfusion sanguine.	3282955	Tom heeft een bloedtransfusie nodig.
950704	Je suis dans la merde.	3288702	Ik zit in de puree.
397305	Il prit son crayon et se mit à écrire.	3297286	Hij nam zijn potlood en begon te schrijven.
428864	Éteins la télévision.	3303698	Zet de tv af.
3307636	L'Espéranto, langue officielle de l'Union européenne, maintenant !	3307669	Esperanto, officiële taal van de Europese Unie, nu!
2281963	Il parle un français approximatif.	3320559	Hij spreekt gebroken Frans.
945075	Tu te trompes, ma femme s'appelle Fernanda.	3323897	Je vergist je, mijn vrouw heet Fernanda.
722697	Un homme à la mer !	3323899	Man overboord!
1673304	Ça ne te coûtera pas un kopeck.	3324185	Dat zal je geen cent kosten.
1100339	Il est presque minuit ici.	3325673	Hier is het bijna middernacht.
888899	Marie ferma la porte doucement.	3336591	Marie deed zachtjes de deur toe.
955249	Il a tenté le destin et a réussi.	3343347	Hij heeft het lot getart en is geslaagd.
553640	Ça fait trois euros.	3344995	Dat is dan samen drie euro.
6988	Je suis tout seul.	3346836	Ik ben helemaal alleen.
3252404	Je suis jalouse.	3346852	Ik ben jaloers.
3346821	Il est eurosceptique.	3346885	Hij is eurosceptisch.
3346774	Les rêves deviennent parfois réalité.	3346894	Dromen worden soms waarheid.
3346795	Je flippais grave.	3346906	Ik draaide erg door.
1852565	Si vous ne voulez pas être pour lui, au moins ne soyez pas contre.	3353021	Als u niet voor hem wil zijn, wees dan op zijn minst niet tegen hem.
595271	Elle prend souvent son petit-déjeuner là.	3358449	Zij ontbijt daar vaak.
557414	Eh-ho ! M'entendez-vous ?	3359249	Woehoe! Hoort u me?
1039230	La réunion aura lieu demain.	3371350	De vergadering zal morgen plaatshebben.
1039230	La réunion aura lieu demain.	3371352	De vergadering zal morgen plaatsvinden.
2432961	Je pense que nous devrions demander de l'aide.	3371410	Ik denk dat we hulp moeten halen.
1546490	Tu ne devrais pas le mépriser.	3373455	Je moet hem niet verachten.
554705	Une banane est jaune.	3375540	Een banaan is geel.
475732	Il a la balle.	3376023	Hij heeft de bal.
3375627	Ma sœur ne travaille pas à Paris.	3377412	Mijn zus werkt niet in Parijs.
3415702	Fumer nuit gravement à votre santé et à celle de votre entourage.	3415704	Roken brengt u en anderen rondom u ernstige schade toe.
1653293	Vous n'êtes plus mon amie.	3434667	U bent mijn vriendin niet meer.
1653292	Vous n'êtes plus mon ami.	3434669	U bent mijn vriend niet meer.
2026647	Aimeriez-vous venir déjeuner ?	3447464	Wilt u langskomen voor de lunch?
2061816	Êtes-vous toujours mariées ?	3452456	Bent u nog altijd gehuwd?
1399263	Il y'a vingt-sept élèves dans ma classe.	3452745	Er zitten zevenentwintig leerlingen in mijn klas.
2257648	Tu étais enceinte.	3461211	Je was zwanger.
2584721	Comment dois-je vous l'expliquer ?	3511420	Hoe moet ik je dat uitleggen?
1977205	Montrez-moi le chemin jusqu'à l'arrêt de bus.	3521463	Toon me de weg naar de bushalte.
708333	Pourquoi les gens se suicident-ils ?	3534670	Waarom plegen mensen zelfmoord?
3559780	Voici une recette classique pour la crème brûlée.	3560054	Hier is een klassiek recept voor crème brûlée.
3559395	Je reviendrai. Je le promets.	3560055	Ik kom terug. Ik beloof het.
3559390	Pourquoi Dieu a-t-il créé l'univers ?	3560056	Waarom heeft God het universum geschapen?
3559340	L'amour est une ressource inépuisable.	3560059	Liefde is een oneindige hulpbron.
3559285	Vous êtes faible.	3560061	U bent zwak.
3559285	Vous êtes faible.	3560062	Jullie zijn zwak.
3558527	Tom a répondu immédiatement.	3560068	Tom heeft meteen geantwoord.
3558518	Je ne suis pas en bonne santé.	3560070	Ik ben ongezond.
3558518	Je ne suis pas en bonne santé.	3560072	Ik ben niet gezond.
3558486	Tom est modeste.	3560073	Tom is bescheiden.
3558484	Tu es modeste.	3560074	Je bent bescheiden.
3558484	Tu es modeste.	3560075	Jij bent bescheiden.
3558462	Tom imite la professeure.	3560076	Tom imiteert de lerares.
3558276	On ne peut pas toujours tout avoir dans la vie.	3560078	Men kan niet altijd alles in het leven hebben.
3557977	Ole Einar Bjørndalen a gagné 13 médailles olympiques.	3560081	Ole Einar Bjørndalen heeft 13 olympische medailles gewonnen.
3557966	Tom n'a rien vu.	3560082	Tom heeft niets gezien.
3557961	Tom n'a encore jamais vu Marie.	3560083	Tom heeft Maria nog niet gezien.
3557965	Je veux aller dans la piscine.	3560084	Ik wil in het zwembad gaan.
3557951	Que croyez-vous qu'ils veuillent ?	3560086	Wat denk je, dat zij willen?
3557931	Trois de mes enfants sont morts.	3560087	Drie van mijn kinderen zijn overleden.
3557926	Je l'ai vue à la fête.	3560088	Ik heb haar op het feestje gezien.
3557880	Il faut aider ses amis.	3560089	Men moet zijn vrienden helpen.
3557875	La mère de Tom lui achète encore ses vêtements.	3560090	Toms moeder koopt nog zijn kleren.
3557676	Je hais les chiens.	3560091	Ik haat honden.
3557547	Il méprise tout le monde.	3560094	Hij veracht allemaal.
3557513	J'étais à la bibliothèque.	3560095	Ik was in de bibliotheek.
3557259	Je n'existe pas pour toi.	3560096	Ik besta niet voor jou.
3557155	Je pense que Tom a complètement raison.	3560097	Ik geloof dat Tom helemaal gelijk heeft.
3556755	Je vis au Qatar.	3560098	Ik woon in Qatar.
3556672	C'est le chat de Tom.	3560100	Dat is Toms kat.
3556658	Ça marche.	3560101	Het werkt.
3556603	Vous êtes en retard de dix minutes.	3560103	U bent tien minuten te laat.
3556070	Vous voyez, dans ce monde il n'y a que des traîtres et des hypocrites.	3560107	U ziet, in deze wereld zijn er enkel verraders en hypocrieten.
3556044	Que puis-je faire sans mes amis ?	3560108	Wat kan ik zonder mijn vrienden doen?
3555825	Je n'ai pas dormi de toute la nuit.	3560112	Ik heb de hele nacht niet geslapen.
3555329	Ils font l'amour régulièrement.	3560116	Zij bedrijven regelmatig liefde.
3555319	Je n'ai plus de freins !	3560118	Ik heb geen remmen meer!
3554861	On va chanter.	3560120	Wij zullen zingen.
3554861	On va chanter.	3560121	Men zal zingen.
3554703	Sale cochon !	3560122	Vies varken!
3553410	Je ne suis pas pessimiste.	3560123	Ik ben geen pessimist.
3553410	Je ne suis pas pessimiste.	3560125	Ik ben niet pessimistisch.
3552302	Jason a les yeux bruns.	3560127	Jason heeft bruine ogen.
3550355	Il faut que j'aille à l'école.	3560131	Ik moet naar school gaan.
3550111	Elle a un fils.	3560132	Zij heeft een zoon.
3549840	Ils vont rester avec moi.	3560133	Zij willen bij mij blijven.
3549471	Toi et moi sommes amis.	3560135	Jij en ik zijn vrienden.
3549391	C'est une question fascinante.	3560136	Dat is een fascinerende vraag.
3549379	Pourquoi l'as-tu frappé avec une chaise ?	3560138	Waarom heb je hem met een stoel geslagen?
3548600	L'argent est le nouveau dieu.	3560139	Het geld is de nieuwe god.
3547061	Je ne sais pas qui le sait.	3560141	Ik weet niet, wie het weet.
3546246	J’ai bu une tasse de café au café.	3560143	Ik heb in het café een kopje koffie gedronken.
3545889	C'était tout à fait inutile.	3560147	Dat was absoluut onnodig.
3545741	Ne pleure pas ! Si tu pleures, je vais finir par pleurer moi aussi.	3560153	Huil niet! Als jij huilt, dan begin ik ook te huilen.
3545362	Elle écrivit à une amie.	3560155	Zij schreef aan een vriendin.
3545280	Je crois bien !	3560157	Ik geloof het wel!
3545047	Elle voulait que je mente.	3560159	Zij wilde, dat ik loog.
3544994	C'est tellement ironique !	3560164	Dat is dus ironisch!
3544981	Il a de la classe.	3560166	Hij heeft stijl.
3544945	As-tu un problème auditif ?	3560169	Heb je gehoorschade?
3544944	Avez-vous un problème auditif ?	3560170	Hebt u gehoorschade?
3544944	Avez-vous un problème auditif ?	3560171	Hebben jullie gehoorschade?
3544915	Puis-je vous montrer quelque chose ?	3560173	Mag ik je iets tonen?
3544907	Je jure que rien n'est arrivé.	3560174	Ik zweer dat niets is gebeurd.
3544690	Entre Samanda et Patricia, mon cœur balance.	3560178	Ik hou van Samanda evenals Patricia.
3544672	Tom sait jouer au poker.	3560179	Tom kan poker spelen.
3543798	Es-tu oublieux ?	3560181	Ben je vergeetachtig?
3543797	Êtes-vous oublieux ?	3560182	Bent u vergeetachtig?
3543797	Êtes-vous oublieux ?	3560183	Zijn jullie vergeetachtig?
3543170	Mère et père reviennent à la maison.	3560185	Moeder en vader komen naar huis terug.
3360044	Qu'est-ce que vous voulez faire, est-ce que vous voulez aller à la maison ?	3581885	Wat willen jullie doen, willen jullie naar huis gaan?
1084118	Au revoir, Sayoko !	3584133	Tot ziens, Sayoko!
1055041	Regarde-t-il la télévision chaque jour ?	3584157	Kijkt hij iedere dag tv?
495463	Nous l'avons rencontré par hasard au parc.	3599454	We hebben hem toevallig in het park ontmoet.
4255	Faites comme chez vous.	3600339	Doe maar alsof je thuis bent.
2284750	Nous aimons Bob plus que Tom.	3601657	Wij houden meer van Bob dan van Tom.
2071380	Elles n'ont pas raison.	3610301	Ze hebben geen gelijk.
2804497	Qui te déteste ?	3614418	Wie haat je?
3617339	Cette belle maison est trop chère pour qu'on l'achète.	3617446	Dit mooi huis is zo duur dat wij kunnen het niet kopen.
1098602	J'ai entendu frapper à la porte.	3624500	Ik hoorde iemand op de deur kloppen.
14602	Faisons une pause à l'ombre.	3626764	Laat ons even in de schaduw uitrusten.
802824	J'ai peur de la mort.	3626968	Ik heb angst voor de dood.
1157770	Puis-je te voir à dix heures demain ?	3627096	Kan ik je morgen om tien uur zien?
3641422	Lamberto est le nom d'une grande chaîne hôtelière.	3641550	Lamberto is de naam van een grote hotelketen.
431317	Il finira en prison.	3645322	Die zal in de gevangenis eindigen.
3652419	Sous les orangers, ils dorment.	3652504	Ze slapen onder de sinaasappelbomen.
785628	J'aimerais aller en France un jour.	3657441	Ooit zou ik graag naar Frankrijk gaan.
3660050	J'ai la chair de poule quand je vois un film d'horreur.	3660068	Ik krijg kippenvel van horrorfilms te bekijken.
2041410	Avez-vous besoin de la clé ?	3661941	Hebt u de sleutel nodig?
3663661	Peut-être qu'elle viendra demain.	3663665	Misschien komt ze morgen.
3684123	Tu ne dois pas le faire maintenant.	3684341	Dat moet je nu niet doen.
1499583	Berlin est situé au bord de la rivière Spree.	3689739	Berlijn ligt aan de oevers van de Spree.
3689816	Je sais que j'ai tort.	3689824	Ik weet dat ik ongelijk heb.
3122733	Elle a vingt enfants.	3691241	Ze heeft twintig kinderen.
3691335	Combien de personnes sont ici actuellement ?	3691345	Hoeveel mensen zijn er hier op het ogenblik?
3692624	Thomas portait un nœud papillon rose à petites fleurs bleues.	3695539	Tom droeg een rooskleurig vlinderdasje met blauwe bloempjes.
3697632	Es-tu sûr que c'était lui ?	3697674	Ben je zeker dat hij het was?
3693044	Il y a du nouveau ?	3706467	Is er iets nieuws?
994662	Il me semble que nous sommes parvenus à un accord.	3742960	Ik heb de indruk dat we een akkoord hebben bereikt.
3334860	Les forces d'occupation ont démoli plusieurs maisons dans ce quartier.	3763059	De bezettingstroepen hebben in deze wijk heel wat huizen afgebroken.
2831160	Le père n'est jamais présent.	3763792	De vader is nooit aanwezig.
2906329	Ils ont amené des parapluies.	3772370	Ze hebben paraplu's meegebracht.
15070	Meg a trouvé un trèfle à quatre feuilles.	3772598	Meg heeft een klavertjevier gevonden.
2900678	Tu veux que je te fasse un dessin?	3772606	Zal ik er een tekeningetje bij maken?
3660808	Votre fille est-elle aveugle ?	3796489	Is uw dochter blind?
15490	Il nia l'avoir rencontrée.	3849966	Hij ontkende haar ontmoet te hebben.
15490	Il nia l'avoir rencontrée.	3849967	Hij ontkende dat hij haar ontmoet had.
3851671	Tu vas la fermer avec tes remarques arrogantes ?	3851676	Ga je nu je mond houden met je arrogante opmerkingen?
3851920	Puisque je suis libre de dire ce que je veux, je te dirai que tu es un tas de merde qui ne sait que faire des commentaires arrogants.	3852638	Omdat ik vrij ben te zeggen wat ik wil, zeg ik je dat je een hoop stront bent die alleen maar arrogant commentaar kan geven.
3851538	Ils ne s'intéressent pas à la politique.	3853473	Zij interesseren zich niet voor politiek.
879914	On n'apprend pas de nouveaux tours à un vieux chien.	3870881	Je moet een oude hond geen kunstjes leren.
879914	On n'apprend pas de nouveaux tours à un vieux chien.	3870884	Je moet een oude aap geen smoelen leren trekken.
3873582	Le devoir m'appelle.	3873677	De plicht roept me.
2402547	Je lui ai dit que je lui casserais la gueule et je l'ai fait.	3963030	Ik heb hem gezegd dat ik zijn gezicht zou vertimmeren, en ik heb het gedaan.
3249772	Tom aime jouer au billard.	3986450	Tom houdt van biljart spelen.
3987695	Nous ne devons rien laisser au hasard.	3988835	We mogen niets aan het toeval overlaten.
3987629	Je veux des réponses à mes questions.	3988837	Ik wil antwoorden op mijn vragen.
3987354	Ça n'a pas fonctionné.	3988849	Het heeft niet gewerkt.
3987314	Un jour sans toi, c'est comme un été sans soleil.	3988852	Een dag zonder jou is als een zomer zonder zon.
3984920	Je voudrais qu'on soit amis de nouveau.	3988856	Ik wou dat we weer vrienden waren.
3984912	Je m'ennuie tellement.	3988857	Ik verveel me zo.
3984843	Je suis devant la porte, mais y a personne.	3988859	Ik sta voor de deur maar er is niemand.
1914051	Le cheval est noir.	3990438	Het paard is zwart.
640048	La tasse est pleine.	3991062	Het kopje is vol.
548953	Tu n'as pas d'alibi pour le jour du meurtre.	4001921	Je hebt geen alibi voor de dag van de moord.
3642210	Il est parti en vélo.	4002211	Hij is met de fiets vertrokken.
2269783	Je ne connais pas l'anglais.	4002248	Ik ken geen Engels.
1041505	Est-ce que vous pouvez venir souper aujourd'hui ?	4002256	Kunt u vanavond komen dineren?
3926750	Nous finirons par faire de toi un matelot.	4006465	We maken nog een matroos van je.
4030182	N'oublie pas de parler avec lui demain.	4030192	Vergeet niet morgen met hem te spreken.
658168	Elle est aussi jolie que sa sœur.	4046547	Zij is zo schattig als haar zuster.
1185988	Les systèmes politiques se transforment, mais les gens restent toujours les mêmes.	4070725	De politieke systemen veranderen, maar de mensen blijven altijd hetzelfde.
2346800	Je vais partir demain.	4072535	Ik vertrek morgen.
2071533	Y a-t-il eu beaucoup de dégâts ?	4072634	Was er veel schade?
3923222	Jean ne peut pas m'aider.	4086724	Jan kan me niet helpen.
427137	La grippe le cloue au lit.	4092950	De griep heeft hem aan het bed genageld.
2127773	J'ai la maffia aux trousses.	4121930	De maffia zit me op de hielen.
1924402	N'êtes-vous pas d'accord ?	4121938	Bent u het niet eens?
949287	Le pont fut construit en deux ans.	4129081	De brug werd in twee jaar gebouwd.
2131169	Comment est le voisinage ? Calme ? Bruyant la nuit ?	4145713	Hoe is de buurt? Rustig? Lawaaierig 's nachts?
1340718	Je ne veux pas vous parler.	4146841	Ik wil niet met u praten.
3473317	Tom n'aurait jamais fait ça.	4169158	Tom zou dat nooit gedaan hebben.
2533261	Vous barriez le chemin.	4170773	U hebt de weg versperd.
2533254	Tu barrais le chemin.	4170774	Jij hebt de weg versperd.
2092668	Demandez à n'importe qui.	4170781	Vraagt u het eender wie.
2092669	Demande à n'importe qui.	4170783	Vraag het eender wie.
1892328	Tu aurais dû me dire la vérité.	4177824	Je had me de waarheid moeten zeggen.
3227399	Je veux faire l'amour avec lui.	4224456	Ik wil met hem de liefde bedrijven.
1121012	Je veux lui faire l'amour.	4224468	Ik wil seks met haar hebben.
4223328	Il ne veut pas faire le moindre effort.	4225117	Hij wil helemaal geen moeite doen.
2037261	Si tu as une idée, lève la main.	4230418	Als je een idee hebt, steek je hand dan op.
2037261	Si tu as une idée, lève la main.	4230419	Steek je hand op als je een idee hebt.
13773	Les pommiers ont de magnifiques fleurs.	4230574	De appelbomen hebben prachtige bloemen.
461222	Nous estimons le dommage à mille dollars.	4241491	We schatten de schade op duizend dollar.
1842641	Arrives-tu à nous entendre ?	4241583	Kan je ons horen?
446518	Liz est morte depuis huit ans.	4269794	Liz is al acht jaar overleden.
2015810	Je veux vous poser des questions.	4287299	Ik wil u een paar vragen stellen.
1330283	Ils adoptèrent l'orphelin.	4287301	Zij adopteerden de wees.
3357068	Tu dois t'en débarrasser.	4295138	Je moet ervan afgeraken.
1793175	Prends place !	4296158	Ga zitten!
1811456	La cérémonie d'ouverture a eu lieu hier.	4296962	De openingsceremonie had gisteren plaats.
1811456	La cérémonie d'ouverture a eu lieu hier.	4296963	De openingsceremonie vond gisteren plaats.
450591	Il n'y a pas de Belge, il n'y a que des Wallons et des Flamands.	4298547	Er zijn geen Belgen. Er zijn enkel Walen en Vlamingen.
2445923	Il se prépare.	4299704	Hij maakt zich klaar.
2445387	Elle se prépare.	4299707	Zij maakt zich klaar.
2093278	Personne n'a commandé de pizza ici.	4326359	Hier heeft niemand een pizza besteld.
2920094	Je suis resté à la maison.	4332583	Ik ben thuis gebleven.
757058	L'enquêteur n'avait à rien à se mettre sous la dent.	4346928	De inspecteur had nog niets om op voort te bouwen.
2670180	Sa mère est en train d'écrire une lettre.	4351773	Haar moeder is een brief aan het schrijven.
2428996	Vous avez une fracture, c'est-à-dire une rupture de l'os.	4351917	U hebt een fractuur, dus een breuk van het bot.
1734476	Napoléon fut exilé à l'île d'Elbe en 1814.	4357636	Napoleon werd in 1814 naar het eiland Elba verbannen.
3642156	Je suis flic.	4366588	Ik ben een flik.
2076724	Tom perdra du temps.	4366805	Tom zal tijd verliezen.
2527446	Je me souviens de ça.	4367477	Ik herinner me dat.
4271244	Je suis Julius.	4369477	Ik ben Julius.
4426350	Dis l'alphabet à l'envers, je te prie !	4426484	Zeg alstublieft het alfabet achterstevoren.
4426350	Dis l'alphabet à l'envers, je te prie !	4426485	Zeg alstublieft het alfabet achterstevoren op.
3684123	Tu ne dois pas le faire maintenant.	4451902	Dat moet je niet nu doen.
2371590	Il dormait.	4452413	Hij sliep.
451598	Les troupes ennemies initièrent une attaque.	4454602	De vijandelijke troepen startten een aanval.
181749	Elle fit la vaisselle de sa propre initiative.	4454604	Ze deed de afwas uit zichzelf.
456894	Le projet est une initiative de la commune.	4454606	Het project is een initiatief van de gemeenschap.
1232811	Je ne peux pas prendre une autre initiative.	4454607	Ik kan geen ander initiatief nemen.
3117587	Loiseau est le seul qui prend l'initiative.	4454608	Loiseau is de enige die het initiatief neemt.
3028587	Ils en ont besoin.	4454615	Ze hebben het nodig.
3466483	Nous avons tous les deux le même problème.	4454616	We hebben allebei hetzelfde probleem.
7300	Je veux faire quelques courses dans le coin.	4454617	Ik wil wat winkelen in de buurt.
1776232	Réfléchis-y, je te prie.	4454618	Denk er nog eens over na, alstublieft.
1469827	Je cherche quelqu'un qui puisse me remplacer à la fête.	4454619	Ik zoek iemand die me kan vervangen op het feest.
920404	Le bonheur ne consiste pas seulement à posséder de nombreux biens.	4454620	Gelukkig zijn is meer dan het hebben van vele bezittingen.
1925356	Je n'ai jamais vu quelqu'un comme toi.	4454624	Ik heb nog nooit iemand als jij gezien.
1347235	Elle a attrapé un rhume la nuit dernière.	4454626	Ze heeft verleden nacht een verkoudheid opgelopen.
13038	Sortez vos cahiers et vos stylos.	4454627	Neem jullie schriften en jullie pennen.
2077141	Tom n'a pas été déçu.	4454629	Tom is niet teleurgesteld geweest.
1364601	Pourrais-tu me ramener chez moi, s'il te plait ?	4454630	Kan je me terug naar huis brengen, alsjeblieft?
1364639	Mon nouveau travail me plaît.	4454637	Ik hou van mijn nieuwe job.
1016973	Je n'aime pas ton prénom.	4454639	Ik vind je voornaam niet leuk.
532534	Une guérison était quasiment impossible.	4454642	Genezing was nagenoeg onmogelijk.
130698	Il a réussi malgré toutes les difficultés.	4454644	Hij speelde het klaar ondanks alle problemen.
129653	Nara est une vieille ville qui mérite d'être visitée au moins une fois dans sa vie.	4454647	Nara is een oude stad die het waard is om minstens één keer in het leven te bezoeken.
380456	Dépêchez-vous pour le dîner.	4454648	Haast u voor het diner.
133497	Il part pour Paris le mois prochain.	4454649	Hij vertrekt volgende maand naar Parijs.
1998642	Tu es tellement difficile !	4454650	Je bent echt moeilijk!
1350586	J'ai grandi en mangeant de la nourriture japonaise.	4454651	Ik ben opgegroeid met de Japanse keuken.
1072169	Il attrapa un garçon en train de lui voler sa montre.	4454652	Hij betrapte een jongen die zijn horloge aan het stelen was.
2936357	Elles étaient fatiguées.	4454653	Ze waren moe.
135419	Quelques étudiants la regardèrent avec des larmes dans les yeux.	4454654	Sommige studenten bekeken haar met tranen in hun ogen.
1536625	La vieille femme est médecin.	4454658	De oude vrouw is dokter.
624695	À quelle heure ça ferme ?	4454659	Om welk uur sluit het?
451387	À quelle distance te trouves-tu ?	4454660	Hoe ver weg ben je?
2031145	Donnez-moi le micro !	4454662	Geef mij de microfoon!
1313657	C'est un auteur.	4454663	Hij is een auteur.
15263	Manger des pommes de terre provoque des flatulences.	4454664	Aardappels eten veroorzaakt winderigheid.
10221	Je connais ce garçon dont tu ne sais rien.	4454665	Ik ken deze jongen waarvan jij niets weet.
4427758	Les phoques sont, sur terre, maladroits et lourdauds, mais très gracieux dans l'eau.	4454666	Zeehonden zijn onhandig en lomp op het land, maar heel sierlijk in het water.
2913608	Elle arrangeait les fleurs.	4454667	Ze schikte de bloemen.
1510340	La femme est contente de jouer au tennis.	4454668	De vrouw is blij om tennis te spelen.
1828895	Tom ouvrit une fenêtre.	4454669	Tom opende een raam.
1462751	Comme il se sentait malade, il est resté chez lui plutôt que d'aller à l'école.	4454670	Omdat hij zich ziek voelde, is hij thuis gebleven in plaats van naar school te gaan.
1169999	Quelle est la plus belle chose au monde ?	4454671	Wat is het mooiste ding ter wereld?
135992	J'avais beaucoup de choses à dire sur le sujet.	4454672	Ik had heel wat te vertellen over het onderwerp.
14379	Je me suis levé vers six heures.	4454673	Ik ben rond zes uur opgestaan.
2284176	Tu n'as pas le droit.	4454674	Je hebt het recht niet.
1013018	Tu devrais t'excuser.	4454678	Je zou je moeten verontschuldigen.
468809	Étudiez-vous l'anglais ?	4454679	Studeert u Engels?
3485996	Ce livre est un chef-d'œuvre et une analyse exhaustive des problèmes les plus importants de la vie.	4454680	Dit boek is een meesterwerk en een grondige analyse van de belangrijkste problemen in het leven.
2485922	Parles-tu français ?	4454681	Praat je Frans?
4454487	Excusez-moi, est-ce que je pourrais avoir une cuillère ?	4454698	Excuseer, kan ik een lepel krijgen?
4454480	Est-ce que tu joues d'un autre instrument que le piano?	4454699	Speel je nog een ander instrument dan piano?
4454471	L'adresse e-mail n'est pas enregistrée, ou le mot de passe est incorrect.	4454700	Dit e-mailadres is niet geregistreerd, of het wachtwoord is foutief.
1122595	Le climat de Kôchi est plus chaud que celui de Kyôto.	4454703	Het klimaat van Kochi is warmer dan dat van Kyoto.
3852915	Il est un peu trop tard pour ça, non ?	4454704	Het is een beetje te laat daarvoor, nee?
549766	Cela ne fait aucune différence.	4454705	Dat maakt geen enkel verschil.
428136	Venez à moi quand vous voudrez.	4454706	Kom bij me wanneer je wil.
4076178	Tu vas habiter en ville.	4454707	Jij gaat in de stad wonen.
3599259	C'est une idée dingue.	4454708	Het is een gek idee.
2201972	J’étais grand de taille.	4454709	Ik had een grote maat.
1718129	La grand-mère de Tom semble être en bonne santé.	4454710	De grootmoeder van Tom lijkt gezond te zijn.
1996519	Puis-je voir ça ?	4454711	Kan ik dat zien?
602925	Tu devrais travailler dur.	4454712	Je zou hard moeten werken.
131938	Ce n'est pas un inconnu pour moi.	4454713	Hij is geen vreemde voor mij.
831977	Jack est un lève-tôt.	4454714	Jack is een vroege vogel.
1185578	Il n'a pas pu appliquer son plan.	4454715	Hij heeft zijn plan niet kunnen uitvoeren.
968528	Ils sont de grands amis.	4454716	Ze zijn dikke vrienden.
839767	J'étais esseulé, comme je n'avais personne avec qui jouer.	4454717	Ik was eenzaam aangezien ik niemand had om mee te spelen.
3454651	On est tous dans le même bateau.	4454718	We zitten allemaal in hetzelfde schuitje.
2896558	Ils ont trouvé ta casquette.	4454719	Ze hebben je pet gevonden.
1838533	D'accord, tant qu'il ne se met pas à souffler.	4454720	Akkoord, zolang het niet begint te waaien.
1241851	Vous avez le droit de dire tout ce que vous pensez... si vous pensez comme moi.	4454721	U heeft het recht om alles te zeggen wat u denkt ... zolang u denkt als ik.
1234392	Je ne peux pas courir aussi vite.	4454722	Zo snel kan ik niet lopen.
500787	Il y a d'innombrables étoiles dans la galaxie.	4454723	Er zijn ontelbaar veel sterren in de ruimte.
451368	Le bonnet est trop petit pour moi.	4454724	De muts is te klein voor me.
9250	Ça ne sert à rien de pleurer.	4454725	Wenen dient tot niets.
4209121	Les hommes parlent des femmes tout le temps.	4454726	Mannen praten de hele tijd over vrouwen.
3217853	Vous ne devriez pas parler des gens dans leur dos.	4454728	Je zou niet achter mensen hun rug moeten praten.
367798	La police saisit le voleur par le cou.	4454730	De politie vatte de dief bij de kraag.
1587788	Il a tellement maigri qu'on ne le reconnait plus.	4454733	Hij is zo vermagerd dat hij niet meer te herkennen is.
528608	Appelez la police en cas d'urgence.	4454735	Bel de politie in geval van nood.
3586711	Toutes les chambres sont prises.	4454736	Alle kamers zijn bezet.
2343652	Il sait de quoi il parle.	4454737	Hij weet waarover hij praat.
2144391	Elles vous veulent mortes.	4454740	Ze willen jullie dood.
1662449	Il comprend les risques.	4454743	Hij begrijpt de risico's.
949774	Tes idées sont un peu dépassées.	4454745	Je ideeën zijn een beetje achterhaald.
441550	La couleur du tapis va bien avec le mur.	4454746	De kleur van het tapijt past goed bij de muur.
6071	Si vous voulez bien me suivre...	4454748	Als u me wil volgen...
839782	Le scooter ne démarre pas.	4454751	De scooter start niet.
570277	Avez-vous déjà séjourné dans un pays étranger ?	4454755	Heeft u al in het buitenland verbleven?
7346	Je ne vais pas gaspiller mon argent.	4454761	Ik ga mijn geld niet verkwisten.
3596725	Ça paraît amusant à faire.	4454762	Dat lijkt leuk om te doen.
3557874	Personne ne saura où tu as acheté tes vêtements.	4454764	Niemand zal weten waar je je kleren hebt gekocht.
2942771	Nous agissons non seulement dans notre propre intérêt, mais également dans l’intérêt de chacun.	4454768	Wij handelen niet enkel uit ons eigen belang, maar ook dat van ieder.
1335641	Je prends mon travail au sérieux.	4454769	Ik neem mijn werk serieus.
1049090	C'est une réalité.	4454771	Het is een realiteit.
1104292	Je crois que j'ai oublié la clé.	4455552	Ik denk dat ik de sleutel vergeten heb.
7848	Mon appareil photo est étanche.	4455581	Mijn fototoestel is waterdicht.
1538837	L’avenir de l’homme, c'est la femme.	4456231	De toekomst van de man, is de vrouw.
2226768	Tu es plein de talent.	4456232	Je hebt veel talent.
1132166	Il est un fait que fumer abîme la santé.	4456233	Het is een feit dat roken de gezondheid schaadt.
134060	Elle a tellement envie d'y aller.	4456234	Ze heeft heel veel zin om te gaan.
2296946	Elles ont décroché.	4456236	Ze hebben afgehaakt.
1793936	Il y a quelque chose que je dois savoir.	4456237	Er is iets dat ik moet weten.
1135380	Papa, je ne peux plus marcher. Porte-moi.	4456238	Papa, ik kan niet meer lopen. Draag me.
846919	Celui qui a beaucoup veut encore plus avoir.	4456240	Wie veel heeft, wil nog meer hebben.
1555063	De nombreux amies de mon enfance sont également venues.	4456244	Ook veel vrienden uit mijn jeugd zijn gekomen.
2913783	Elles ont arrêté les criminels.	4456245	Ze hebben de criminelen gearresteerd.
11359	Ne le dis pas à papa.	4456246	Vertel het niet tegen papa.
2286489	Ken a remercié Tom pour le cadeau.	4456247	Ken bedankte Tom voor het cadeau.
2076209	Nous avons fait la sourde oreille.	4456248	We waren Oost-Indisch-doof.
709423	Elle a dit qu'elle avait eu un accident de voiture à 16 ans.	4456250	Ze heeft verteld dat ze een auto-ongeluk had toen ze 16 was.
338669	On n'est jamais trop prudent au volant d'une voiture.	4456251	Men is nooit te voorzichtig met het besturen van een auto.
4076000	Il va trouver quelque chose.	4456252	Hij gaat iets vinden.
2902169	Vous avez été d'accord.	4456253	U was akkoord.
2860130	Écoute ton cœur.	4456254	Luister naar je hart.
3521178	Il a fait tomber les anchois.	4456257	Hij liet de ansjovissen vallen.
2288864	Tu avais faim, n'est-ce pas ?	4456258	Je had honger, is het niet?
1804872	La culture biologique est une méthode de culture des plantes (céréales, légumes, fruits, etc.) sans utiliser de produits chimiques.	4456259	De biologische teelt is een teelt methode van planten (granen, groenten, fruit, etc) zonder gebruik te maken van chemische producten.
1108869	J'en ai plus qu'assez de lire.	4456261	Ik heb genoeg van lezen.
1329097	Elle a lu la lettre, encore et encore.	4456262	Ze heeft de brief gelezen, opnieuw en opnieuw.
1318124	C'est encore loin ?	4456263	Is het nog ver?
500903	Je t'en prie, ne meurs pas !	4456264	Ik smeek het je, sterf niet!
2037134	Je veux que tu me dises tout ce que tu sais à ce propos.	4456265	Ik wil dat je me alles zegt wat je weet daarover.
1588534	La semaine prochaine, je vais probablement lire un livre et regarder la télévision.	4456267	Volgende week ga ik waarschijnlijk een boek lezen en televisie kijken.
3621996	Au début, j'ai préféré l'écouter en silence.	4456269	In het begin verkoos ik zwijgend te luisteren naar hem.
2468029	Je sais que je devrais être en train de dormir, à l'heure qu'il est.	4456271	Ik weet dat ik op dit uur zou moeten slapen.
3259036	La salle de bains est en haut.	4457077	De badkamer is boven.
3009464	Reconnaissez-vous l'homme sur ce cliché ?	4457079	Herkent u de man op deze foto?
4187165	Marie n'a pas tort.	4457080	Marie heeft geen ongelijk.
2446374	Nous écrirons une lettre.	4457084	We zullen een brief schrijven.
4080958	Te tripotes-tu le nez ?	4457087	Peuter je aan je neus?
911194	Éteins et on y va.	4457088	Doe de lichten uit en we gaan.
1183594	On voit la paille dans l'œil du voisin et on ne voit pas la poutre dans le sien.	4469267	Men ziet wel de splinter in het oog van een ander, maar niet de balk in zijn eigen oog.
4435889	Dieu, donne-nous la paix !	4469507	God, geef ons de vrede!
781138	Tu as rendez-vous ?	4531881	Heb je een afspraak?
3307496	Quelle est ta couleur préférée, le bleu ou le vert ?	4534481	Wat is jouw lievelingskleur, blauw of groen?
2046062	Je pense que c'est une bonne idée.	4534930	Ik denk dat dat een goed idee is.
1367907	Jetterez-vous un œil sur ce rapport ?	4534957	Werpt u even een blik op dit rapport?
1293406	Je lui ai écrit une lettre quotidienne.	4541339	Ik schreef hem elke dag een brief.
789329	La messe est dite.	4548235	De zaak is beslecht.
1464656	Je suis là, veux-tu clavarder ?	4567186	Ik ben er. Wil je chatten?
4565961	Abolissons le foot!	4567320	Laten we het voetbal afschaffen!
582787	Bonsoir, ça va ?	4572048	Goedenavond, alles OK?
4575664	Cela vous arrivera aussi.	4577451	Het zal u ook overkomen.
4575660	Je ne peux pas travailler comme ça.	4577452	Zo kan ik niet werken.
4575659	Nous ne pouvons pas vivre ainsi.	4577453	Zo kunnen we niet leven.
1337188	Ça va se rafraîchir ce soir.	4577454	Vanavond wordt het frisser.
1337181	Ça ne prend guère de temps.	4577455	Dat neemt nauwelijks tijd in beslag.
4572040	Industrialisation rime souvent avec pollution.	4577768	Industrialisering gaat vaak gepaard met vervuiling.
4572024	Les diététiciens sont experts du secteur alimentaire.	4577772	Diëtisten zijn experten van de voedingssector.
4572012	Les ordinateurs ont considérablement transformé le paysage industriel.	4577780	Computers hebben het industriële landschap aanzienlijk veranderd.
4572008	La révolution industrielle a commencé en Angleterre.	4577783	De industriële revolutie begon in Engeland.
4567354	Veux-tu venir, avec moi, jusqu'à la gare ?	4577788	Wil je met mij tot aan het station lopen?
4567330	Ça ne fait que descendre, à partir d'ici.	4577789	Vanaf hier gaat het enkel bergaf.
4567281	Il n'y a rien qui cloche dans son physique.	4577792	Er is niets mis met haar conditie.
4563833	Je grisonne.	4577797	Ik word grijs.
4563103	Combien y en avait-il ?	4577813	Hoeveel waren er?
4563098	Pourquoi êtes-vous à bout de souffle ?	4577815	Waarom bent u buiten adem?
4563080	C'était l'une de ces choses.	4577817	Dat was zo een van die dingen.
4563078	Est-ce là l'une de vos créations ?	4577819	Is dat daar een van uw creaties?
4562010	As-tu peur d'être blessé ?	4577821	Ben je bang om gewond te raken?
4561985	Beaucoup de gens commettent cette erreur.	4577822	Vele mensen maken deze fout.
4561933	Notre temps est presque écoulé.	4577824	Onze tijd zit er bijna op.
4561927	Toutes mes affaires ont disparu.	4577825	Al mijn spullen zijn verdwenen.
4561910	Rien de ceci n'est de ta faute.	4577826	Niets van al dit is jouw fout.
4561891	Tous portaient du noir.	4577827	Ze droegen allen zwart.
4561888	En as-tu compris quoi que ce soit ?	4577829	Heb je er wat dan ook van begrepen?
4561877	Nous avons discuté de nombre de possibilités.	4577831	We hebben tal van mogelijkheden besproken.
4561802	J'en suis presque sûre.	4577836	Ik ben er bijna zeker van.
4561767	J'en suis réellement fière.	4577839	Ik ben er echt fier op.
4561760	J'en prendrai soin.	4577840	Ik zal er zorg voor dragen.
582787	Bonsoir, ça va ?	4582203	Goedenavond, alles goed?
4601015	T'es un policier ?	4601049	Ben je een politieagent?
4616928	Nous avons quitté nos époux.	4616943	We hebben onze man verlaten.
4616928	Nous avons quitté nos époux.	4616946	We hebben onze echtgenoot verlaten.
4617025	Qu'ont-ils dit ?	4620082	Wat hebben ze gezegd?
4614576	Êtes-vous fâchées contre Tom ?	4620121	Zijn jullie kwaad op Tom?
4639156	Ils peuvent le faire.	4640212	Zij kunnen het doen.
4639154	Sais-tu si Tom a déjà mangé ?	4640213	Weet jij of Tom al gegeten heeft?
4639148	Quel âge aviez-vous quand vous avez quitté l'Australie ?	4640214	Hoe oud was u toen u Australië verliet?
4638122	Cela cessera-t-il un jour ?	4640217	Houdt dat ooit op een dag op?
4638117	Qui peut le savoir ?	4640218	Wie kan het weten?
4638111	Elle observait la manière dont volent les papillons.	4640220	Ze observeerde de manier waarop vlinders vliegen.
4638107	Vous non plus ne pourriez répondre !	4640221	U zou ook niet kunnen antwoorden!
4638102	Même toi, tu ne pourrais pas répondre !	4640222	Zelfs jij zou niet kunnen antwoorden!
4638095	Tom est allergique au pollen.	4640223	Tom is allergisch voor stuifmeel.
4638053	Dans cinq minutes, j'ai fini.	4640225	Over vijf minuten ben ik klaar.
4638051	J'aurai fini dans cinq minutes.	4640227	Ik zal klaar zijn over vijf minuten.
4638045	Si je t'ai bien compris, tu veux rompre avec moi !	4640229	Als ik het goed begrepen heb wil je het uitmaken met me!
4638043	Je trouve très difficile l'apprentissage d'autres langues.	4640232	Ik vind het leren van andere talen erg moeilijk.
4638040	Je trouve qu'il est très difficile d'apprendre d'autres langues.	4640233	Ik vind dat het heel moeilijk is om andere talen te leren.
4638021	Les capacités de Tom en français s'améliorent.	4640235	Tom wordt steeds beter in Frans.
4638015	Sans eau, aucune vie n'est possible.	4640236	Zonder water is geen enkel leven mogelijk.
4638001	Tu n'es jamais d'accord avec moi.	4640237	Je bent het nooit eens met mij.
4637999	Vous êtes toujours en désaccord avec moi.	4640238	U bent het altijd oneens met mij.
4637925	Ce mot, je ne le supporte pas !	4640239	Dat woord, dat verdraag ik niet!
4637921	La jeune fille quitta la maison sans dire un mot.	4640240	Het jonge meisje verliet het huis zonder ook maar iets te zeggen.
4637914	Voilà la personne dont je parlais l'autre jour.	4640241	Daar is de persoon over wie ik het laatst had.
4637907	Nous sommes encore bien vivants.	4640242	We zijn nog steeds gewoon in leven.
4637905	Peut-on vivre sans amour?	4640243	Kan men leven zonder liefde?
4637900	Rien ne t'en empêche.	4640244	Niets weerhoudt je ervan.
4637897	Cela vaut la peine d'essayer.	4640247	Het is de moeite waard om het te proberen.
4637894	Ce n'est pas gagné.	4640248	Het is niet gewonnen.
4637725	Il aurait dû être comédien.	4640252	Hij had cabaretier moeten zijn.
4640358	Je ne vois nulle issue !	4640460	Ik zie geen enkele uitweg!
4638085	Tom souffre du rhume des foins.	4640464	Tom heeft last van hooikoorts.
4638077	Nous apprenions l'anglais.	4640466	We leerden Engels.
4638068	J'étais en train d'écrire une lettre.	4640469	Ik was een brief aan het schrijven.
4638066	Ensuite, je regarderai un film avec mes amis.	4640471	Vervolgens zal ik een film kijken met mijn vrienden.
4638057	Je l'ai rencontré dans un bar.	4640476	Ik heb hem ontmoet in een bar.
4637722	C'est lugubre !	4640478	Het is eng!
4637721	Ça donne une impression macabre.	4640480	Dat wekt een macabere indruk.
4637718	J'aime manger du riz aux haricots.	4640482	Ik houd ervan om rijst met bonen te eten.
4637716	J'aime manger du pain avec du fromage et de la tomate.	4640484	Ik houd ervan om brood met kaas en tomaat te eten.
4637708	Ce n'est que dans les contes que les grenouilles deviennent des princes.	4640488	Het gebeurt slechts in sprookjes dat kikkers prinsen worden.
4636810	Que celui qui n'a pas de péché jette la première pierre.	4640490	Moge hij die geen zonden begaan heeft de eerste steen werpen.
4636807	La tempête devient un ouragan lorsque la vitesse du vent dépasse les 119 kilomètres à l'heure.	4640494	De storm wordt een orkaan wanneer de windsnelheden een snelheid bereiken van 119 kilometer per uur.
4636798	On peut te mettre en prison pour ça.	4640497	Men kan je daar in de gevangenis voor gooien.
4636223	Tu es impatiente.	4640500	Je bent ongeduldig.
4636184	Vas-tu te promener ?	4640503	Ga je een wandeling maken?
4636179	Veux-tu de la salade ?	4640504	Wil je salade?
4636169	Vous êtes marrante.	4640506	U bent grappig.
4636167	Vous êtes marrantes.	4640508	Jullie zijn grappig.
4636177	Tu es répugnante.	4640511	Je bent afstotelijk.
4643052	Quoi qu'il puisse arriver, tu ne dois pas oublier de sourire.	4643122	Wat er ook moge gebeuren, je moet niet vergeten te glimlachen.
4643016	Qui a besoin d'amis ! Ils vous trahirons de toute façon.	4643126	Wie heeft nou vrienden nodig! Ze zullen je sowieso verraden.
4643004	Quoi qu'il arrive, n'oublie pas de sourire.	4643130	Wat er ook gebeurt, vergeet niet te glimlachen.
4641373	Dis-lui que tu l'aimes avant qu'il ne soit trop tard !	4643136	Zeg hem dat je van hem houdt voordat het te laat is!
4644372	Des gens sont en train de jouer à proximité de la plage.	4644438	Mensen zijn aan het spelen in de buurt van het strand.
4644361	L'honneur que vous me faites dépasse ce que je mérite.	4644440	De eer die u me aandoet is meer dan ik verdien.
4644340	Il ne faut pas traduire les phrases littéralement.	4644442	Men moet de zinnen niet letterlijk vertalen.
4644230	Es-tu végétarienne ou végane ?	4644443	Ben je vegetariër of veganist?
4644049	Nous en avons discuté la semaine passée.	4644448	We hebben er afgelopen week over gesproken.
4644042	Mon chat est blanc.	4644449	Mijn kater is wit.
4644034	« Êtes-vous fatigué ? » « Pas vraiment ! »	4644451	"Bent u moe?" "Niet echt!"
4644007	En novembre, on récolte les olives sur les arbres pour produire de l'huile.	4644455	In november oogst men de olijven van de bomen om er olie van te maken.
4643991	Elle a déjà dit qu'elle ne tiendrait pas compte de mes conseils.	4644456	Ze heeft al gezegd dat ze geen rekening zou houden met mijn advies.
4643937	Je crains qu'elle ne soit malade.	4644457	Ik vrees dat ze ziek is.
4643921	Dans mon jeune âge, j'écoutais la musique des Beatles.	4644458	In mijn jeugd luisterde ik naar de muziek van de Beatles.
4643909	Manon n'est pas comme les autres filles.	4644459	Manon is niet zoals de andere meisjes.
127796	Je lui ai montré ma chambre.	4652665	Ik heb hem mijn kamer getoond.
2257819	Je faisais faillite.	4653325	Ik ben failliet.
1156780	Moi non plus !	4654591	Ik ook niet!
1075375	Je suis né au milieu de la mer.	4654852	Ik ben in het midden van de zee geboren.
530684	Ce ticket est valable trois jours.	4654853	Dit kaartje is geldig voor drie dagen.
2490628	Je ne suis vraiment pas très bon en français.	4654854	Ik ben niet echt goed in Frans.
696718	Qu'est-ce que tu vas faire avec cette caméra ?	4654856	Wat ga je doen met deze camera?
3494214	Tom a une moustache.	4654857	Tom heeft een snor.
2419231	Mazette ! C'était rapide !	4654858	Zo! Dat was snel!
575038	Peux-tu me passer le sel quand tu as fini ?	4654859	Zou je me het zout kunnen geven wanneer je klaar bent?
1737738	Je suis coincée dans un embouteillage.	4654861	Ik zit vast in de file.
1398798	Il décida de ne pas attendre plus longtemps.	4654862	Hij besloot niet langer te wachten.
3587740	Je me sens impuissante.	4656364	Ik voel me machteloos.
2061290	Vous ne pouvez pas enterrer la vérité.	4656373	Je kunt de waarheid niet verbergen.
3667870	Fermez toutes les fenêtres !	4656421	Doe alle ramen dicht!
1979174	On dirait de la neige.	4656427	Het lijkt op sneeuw.
4658152	Je déteste Halloween.	4658165	Ik haat Halloween.
859190	Je me rends d'habitude à pied à l'école.	4660565	Gewoonlijk ga ik lopend naar school.
1410180	Il arriva à temps.	4660588	Hij kwam op tijd aan.
4661255	Aux 3012 cheminots morts pour la patrie.	4661261	Aan de 3012 spoorwegmannen gevallen voor het vaderland.
1921019	Elle a décidé de ne pas partir.	4668461	Ze heeft besloten om niet te gaan.
4670951	Mon sac est très lourd.	4671038	Mijn tas is heel zwaar.
4670754	Où étiez-vous cette semaine ?	4671039	Waar was u deze week?
4670751	Où étais-tu cette semaine ?	4671041	Waar was je deze week?
4670339	Est-ce que tu joues encore de la guitare ?	4671044	Speel je nog steeds gitaar?
4670378	Nous savons tous que les personnes aux cheveux roux et aux yeux bleus sont sensibles au soleil, et que leur peau brûle plus facilement que les peaux foncées.	4671046	We weten allen dat mensen met rood haar en blauwe ogen gevoelig zijn voor de zon, en dat hun huid sneller verbrandt dan die van donkerdere mensen.
4670184	Le bruit m'a réveillé.	4671048	Het geluid heeft me wakker gemaakt.
4670107	La gare était déserte.	4671049	Het station was verlaten.
4670098	Le chien leur appartient.	4671051	De hond behoort hun toe.
4670092	Le chien du voisin est dangereux.	4671053	De hond van de buurman is gevaarlijk.
4670091	L'homme parla à voix basse.	4671054	De man praatte zachtjes.
4670083	Le bureau est poussiéreux.	4671056	Het bureau is stoffig.
4670029	As-tu déjeuné ?	4671057	Heb je ontbeten?
7570	Je doute de la véracité de ce rapport.	4671773	Ik twijfel over de waarachtigheid van dit rapport.
2291662	J'admets que c'est étrange.	4671788	Ik geef toe dat het vreemd is.
1992313	Veux-tu que j'appelle la police ?	4671796	Wil je dat ik de politie bel?
1149220	Très bien, Monsieur, et vous ?	4671805	Heel goed, meneer, en u?
7678	D'après ce que je sais, ce livre n'a jamais été traduit en japonais.	4671806	Naar mijn weten is dit boek nooit in het Japans vertaald.
1117703	Ce sont les meubles qu'on leur a donnés.	4671808	Het zijn de meubels die men hun heeft gegeven.
2902159	Tom a été d'accord.	4672577	Tom ging akkoord.
4675157	L'amour est la chose la plus incroyable que je n'ai jamais vue.	4675168	Liefde is het meest onwaarschijnlijke dat ik ooit heb gezien.
1987196	Son espèce est recouverte d'une peau bleutée ou verte.	4677054	Zijn soort is bedekt met een blauwachtige of groene huid.
3560517	Comment ça se fait que tu parles si bien français ?	4682710	Hoe komt het dat je zo goed Frans spreekt?
791232	J'ai demandé à Tom de jouer de la guitare.	4682755	Ik heb Tom gevraagd om gitaar te spelen.
929530	On ne peut faire confiance aux politiciens.	4687335	Men kan politici niet vertrouwen.
337844	Est-ce trop loin pour marcher ?	4690875	Is het te ver om te lopen?
2231530	J’ai caché mon argent.	4690881	Ik heb mijn geld verstopt.
430961	C'est elle qui est allée à Hokkaido hier.	4694359	Zij was het die gisteren naar Hokkaido is geweest.
2326838	Nous ne pouvons pas compter sur l'aide de Tom.	4694493	We kunnen niet rekenen op Toms hulp.
1410489	Vous vous sentirez mieux.	4694773	U zult zich beter voelen.
4079696	Ils vont cuisiner pour vous.	4695708	Ze gaan voor u koken.
2317221	Nous avons essayé de rester calme.	4695732	We hebben geprobeerd rustig te blijven.
3469064	Ne pas exposer à une température supérieure à cinquante degrés centigrades.	4712186	Niet blootstellen aan een temperatuur boven de vijftig graden Celsius.
128211	Tu es venu pour assister à la cérémonie ?	4720215	Ben je gekomen om de ceremonie bij te wonen?
4737913	À ce soir !	4738084	Tot vanavond!
4737493	Votre rapport est assez bon, pour ne pas dire parfait.	4738085	Uw verslag is vrij goed, om niet te zeggen uitstekend.
2194376	Ils ont campé sur la plage.	4750075	Ze kampeerden op het strand.
373926	S’il avait fait un peu plus chaud, nous aurions pu prendre un thé au jardin.	4754395	Als het wat warmer geweest was, dan hadden we in de tuin thee kunnen drinken.
341825	Je finirai ce travail dans une semaine, c'est-à-dire le 5 mai.	4757454	Ik zal dat werk over een week klaar hebben, dus op 5 mei.
1039255	Il m'a montré sa photo.	4761360	Hij toonde me haar foto.
1039255	Il m'a montré sa photo.	4761363	Hij toonde me zijn foto.
4757820	Vous avez besoin d'une ambulance.	4764972	U hebt een ziekenwagen nodig.
2104351	Elles achetaient du pain.	4783898	Zij hebben brood gekocht.
4767931	Avez-vous aimé aller à des expositions en Roumanie ?	4799168	Vond je het leuk om naar tentoonstellingen te gaan in Roemenië?
4767623	Le ping-pong est aussi appelé tennis de table.	4857194	Het pingpong wordt ook tafeltennis genoemd.
4875462	Le poissonnier garantit l'origine et la fraîcheur de ses produits.	4875467	De visboer garandeert de oorsprong en de versheid van zijn producten.
4875593	Si vous avez l'intention de rester en contact, demandez-lui ses coordonnées.	4875600	Als u van plan bent om in contact te blijven, vraag haar contactgegevens.
749930	Votre plaque d'immatriculation est illisible.	4950595	Je kenteken is onleesbaar.
1846551	Les combustibles fossiles sont la principale cause du réchauffement planétaire.	4952715	Fossiele brandstoffen zijn de belangrijkste oorzaak van de globale opwarming.
4973745	C'est moi qu'elle a frappée, pas lui.	4976190	Ze heeft mij geslagen, niet hem.
4967862	Nous n'avons pas d'autres options.	4976193	We hebben geen andere opties.
4967343	Tu as décidé d'arrêter de fumer.	4976195	Je hebt besloten om te stoppen met roken.
4965990	Avec grand plaisir !	4976196	Met groot genoegen!
4965987	Je suis en train de parler.	4976198	Ik ben aan het praten.
4965982	N'hésite pas !	4976200	Aarzel niet!
4965981	Personne ne répond.	4976201	Niemand antwoordt.
4965979	Posez une question !	4976202	Stel een vraag!
4965977	Faites-lui comprendre !	4976206	Zorg dat hij het begrijpt!
4965974	Parlez en espéranto !	4976208	Spreek Esperanto!
4079696	Ils vont cuisiner pour vous.	4991212	Ze gaan voor jullie koken.
2156324	Veux-tu vraiment gagner ?	4995056	Wil je echt winnen?
4786280	Tu commences sérieusement à me taper sur les nerfs.	4996686	Je begint me echt op de zenuwen te werken.
4218156	Dès que j'aurai terminé de rédiger le rapport, je vous l'enverrai.	4998106	Zodra ik klaar ben met het schrijven van het rapport, zal ik het naar je toesturen.
4511971	Elle doit beaucoup d'argent.	5001745	Zij is veel geld schuldig.
5005128	Tom a convaincu Mary que ce n'était pas de sa faute.	5005227	Tom overtuigde Mary ervan dat het niet zijn fout was.
5004233	Je ne vous laisserai plus me donner des ordres.	5005242	Ik zal u mij niet langer orders laten geven.
5004231	C'est encore moi le patron, ici.	5005249	Ik ben nog steeds de baas hier.
5004106	Pourquoi aller vivre en France si vous pouvez bien vivre en Algérie ?	5005251	Waarom zou je in Frankrijk wonen als je net zo goed in Algerije kunt wonen?
5004098	Pourquoi abandonner un bon travail et une belle maison pour aller vivre en France ?	5005252	Waarom zou je een goede baan en een mooi huis achterlaten om in Frankrijk te gaan wonen?
5004097	Que vas-tu faire en France ?	5005253	Wat ga je in Frankrijk doen?
5004093	Si tu vas vivre dans un autre pays, il faudra que tu respectes les gens de ce pays.	5005254	Als je in een ander land gaat wonen, zal je de mensen van dat land moeten respecteren.
5002612	Tout le monde veut s'enrichir, à tout prix, peu importe le prix.	5005256	Iedereen wil rijker worden, tot elke prijs, ongeacht de prijs.
5002599	Honteuse de sa faiblesse, elle cacha son visage dans un mouchoir qu’elle inonda de ses larmes.	5005266	Beschaamd om haar zwakte verborg ze haar gezicht in een zakdoek die ze doorweekte met haar tranen.
5002598	Elle remercia ses deux amis, et revint chez elle encore plus indécise qu’elle ne l’était avant de les avoir consultés.	5005272	Ze bedankte haar twee vrienden, en kwam toen nog radelozer thuis dan dat ze was voor hen geraadpleegd te hebben.
5002508	L’être qui ne fait que sentir, ne pense pas encore, et l’être qui pense sent toujours.	5005278	Het wezen dat slechts voelt, denkt nog niet, en het wezen dat denkt, voelt altijd.
5002503	Il s'agit d'un type de roche sédimentaire.	5005279	Het gaat om een type sedimentgesteente.
5002497	On fait plus pour ceux qu'on craint que pour ceux qu'on aime.	5005280	Men doet meer voor degenen die men vreest dan voor hen van wie men houdt.
5002479	Toutes les vérités ne sont pas bonnes à dire ; tous les mensonges sont bons à entendre.	5005283	Niet alle waarheden zijn fijn om te zeggen; alle leugens zijn fijn om te horen.
5002443	Je n'ai rien à faire, et c'est cela qui prend tout mon temps.	5005288	Ik heb niets te doen, en dat neemt al mijn tijd in beslag.
5002442	Je travaille autant que je peux, mais jamais autant que je voudrais.	5005289	Ik werk zoveel als ik kan, maar nooit zoveel als ik zou willen.
5002435	Si l'homme avait des yeux tout autour de la tête, « devant » et « derrière » n'existeraient pas pour lui.	5005299	Als de mens rondom het hele hoofd ogen had, zouden "voor" en "achter" niet voor hem bestaan.
5002366	L'imagination est amie de l'avenir.	5005304	De verbeeldingskracht is bevriend met de toekomst.
5002250	Qui dépense trop n’est jamais riche.	5005309	Wie te veel uitgeeft, is nooit rijk.
5001819	Il doit y avoir une meilleure façon de faire cela.	5005310	Er moet een betere manier zijn om dat te doen.
5001818	C'est le moment idéal pour en acheter.	5005313	Het is het ideale moment om er wat van te kopen.
5001815	Elle est occupée à taper des rapports.	5005314	Ze is bezig verslagen te typen.
5001812	Le crayon avec lequel j'écris appartient à Tom.	5005318	Het potlood waarmee ik schrijf behoort aan Tom toe.
5001372	Ma langue natale est le klingoranto, un mélange de klingon et d'esperanto.	5005319	Mijn eerste taal is Klingoranto, een mix tussen Klingon en Esperanto.
5013890	Nous voulons vivre ici.	5014055	We willen hier wonen.
5013887	Nous parlons tout le temps.	5014056	We praten de hele tijd.
5013856	Ça fait mal.	5014063	Dat doet pijn.
5013846	Tom ne doit pas être bien loin.	5014069	Tom kan niet heel ver zijn.
5013843	Les abeilles disparaissent.	5014071	De bijen verdwijnen.
5013833	Tom a été tué par Mary.	5014075	Tom is vermoord door Mary.
5013830	Tom a été tué à Boston.	5014077	Tom is vermoord in Boston.
5013847	Tom ne sait pas faire du vélo.	5014078	Tom kan niet fietsen.
5013877	Nous devons ralentir.	5014081	We moeten langzamer gaan.
5013875	Il nous reste trois jours.	5014084	We hebben nog drie dagen.
5018885	Voilà ce qui s’appelle un jeune homme bien élevé.	5019515	En dat noem je nou een goed opgevoede jongeman.
5018883	Ceux qui sont riches veulent le devenir encore plus.	5019519	Zij die rijk zijn willen het nog alleen maar meer worden.
5017580	J'ai demandé à Tom.	5019521	Ik heb het aan Tom gevraagd.
5017570	Dis la vérité.	5019522	Spreek de waarheid.
5017574	Tom est claustrophobe.	5019523	Tom is claustrofobisch.
5017567	Tom est aveugle.	5019525	Tom is blind.
5015724	Tu parles de lui beaucoup trop.	5019529	Je praat te veel over hem.
5015707	Tom économise de l'argent pour un voyage en Australie.	5019531	Tom spaart geld voor een reis naar Australië.
5015600	Nos enfants ont besoin de nouveaux vêtements.	5019535	Onze kinderen hebben nieuwe kleding nodig.
5015597	Ils sont conscients de leurs erreurs.	5019536	Ze zijn zich bewust van hun fouten.
5015593	Le travail est fait.	5019537	Het werk is gedaan.
5015563	Au banquet de la vie, l'amitié est le pain et l'amour est le vin.	5019539	Op het banket des levens, is vriendschap het brood en liefde de wijn.
5015537	Tom va mieux aujourd'hui.	5019540	Het gaat beter met Tom vandaag.
5014455	Ne rien jeter par la fenêtre.	5019545	Gooi niets uit het raam.
5014423	J'ouvre la fenêtre pour profiter de l'air frais.	5019557	Ik open het raam om baat te hebben bij de frisse lucht.
5014410	La santé commence par un bon sommeil.	5019559	Gezondheid begint bij een goede nachtrust.
5014388	Toutes les femmes sont belles.	5019564	Alle vrouwen zijn mooi.
5014384	Personne n'aime Maria - sauf Tom.	5019568	Niemand houdt van Maria -behalve Tom.
5014194	La grandeur d’une nation et ses progrès moraux peuvent être jugés par la manière dont ses animaux sont traités.	5019579	De grootsheid van een natie en haar morele vooruitgang kunnen worden bepaald door de manier waarop ze dieren behandelt.
5013827	Tom a essayé de sauver Mary.	5019582	Tom heeft geprobeerd om Mary te redden.
5014140	La règle d'or de la conduite est la tolérance mutuelle, car nous ne penserons jamais tous de la même façon, nous ne verrons qu'une partie de la vérité et sous des angles différents.	5019593	De gouden regel van de sociale omgang is wederzijdse tolerantie, want we zullen nooit allen op dezelfde manier denken, we zullen slechts een deel van de waarheid zien en vanuit verschillende perspectieven.
5013793	J'ai toujours voulu écrire un livre pour enfants.	5019596	Ik heb altijd een kinderboek willen schrijven.
5013792	Je veux un lit près de la fenêtre.	5019600	Ik wil een bed dicht bij het raam.
5013789	Ce n'est pas un sport facile.	5019601	Het is geen makkelijke sport.
5013784	Tom a gagné le prix Nobel.	5019604	Tom heeft de Nobelprijs gewonnen.
5013779	J'ai commencé à travailler il y a environ 4 semaines.	5019608	Ik ben ongeveer vier weken geleden begonnen met werken.
5013261	Même aujourd'hui je t'aime tant.	5019613	Zelfs vandaag houd ik nog zo veel van je.
5010620	Je ne chante pas vraiment.	5019618	Ik zing niet echt.
5010552	Mon chat a passé toute la nuit dehors.	5019620	Mijn kat is de hele nacht buiten gebleven.
5007795	Contactez-moi si vous avez des questions.	5019623	Neem contact met me op indien u vragen heeft.
5007787	Vous avez déjà pris le petit déjeuner ?	5019625	Heeft u reeds ontbeten?
5007752	Nous n'avons vraiment pas le temps.	5019626	We hebben er niet echt tijd voor.
5007733	Je lis l'étiquette.	5019628	Ik lees het etiket.
5007728	Quel est le nom du restaurant ?	5019629	Wat is de naam van het restaurant?
5009522	Je ne retomberai jamais amoureux.	5019632	Ik word nooit opnieuw verliefd.
5007724	On dirait que Tom pleure.	5019636	Het lijkt erop dat Tom huilt.
5007162	Quelle est la qualité de l'eau que boivent les enfants palestiniens ?	5019641	Wat is de kwaliteit van het water dat de Palestijnse kinderen drinken?
5007161	Les Palestiniens des territoires occupés boivent-ils une eau de bonne qualité ?	5019644	Drinken de Palestijnen in de bezette gebieden water van goede kwaliteit?
5007160	Quelle est la qualité de l'eau que boivent les Palestiniens dans les territoires occupés ?	5019648	Wat is de kwaliteit van het water dat de Palestijnen drinken in de bezette gebieden?
5002539	Mais, ma mère, tous les peintres sont obligés d’avoir des modèles.	5019650	Maar moeder, alle schilders hebben modellen nodig.
5002538	Comment, mon enfant, ton mari s’enferme avec des femmes nues, et tu as la simplicité de croire qu’il les dessine ?	5019652	Hoe is het mogelijk, mijn kind, dat je man zich begeeft onder naakte vrouwen en dat je naïef genoeg bent om te geloven dat hij ze tekent?
5002538	Comment, mon enfant, ton mari s’enferme avec des femmes nues, et tu as la simplicité de croire qu’il les dessine ?	5019655	Hoe is het mogelijk, mijn kind, dat je man zich begeeft onder naakte vrouwen en dat jij naïef genoeg bent om te geloven dat hij ze tekent?
4862644	Je ne suis pas sûre de comprendre.	5019662	Ik weet niet zeker of ik het begrijp.
4862638	Je n'ai pas soif, pour le moment.	5019664	Ik heb op het moment geen dorst.
4862636	Je ne me fais pas de souci à votre sujet.	5019665	Ik maak me wat u betreft geen zorgen.
4862630	Vous n'êtes pas encore adolescent.	5019668	U bent nog geen adolescent.
4862633	Tu n'es pas encore adolescente.	5019671	Je bent nog geen adolescent.
4862635	Je ne me fais pas de souci à ton sujet.	5019673	Ik maak me wat jou betreft geen zorgen.
4862618	Vous n'êtes pas fatiguées, si ?	5019676	Jullie zijn niet moe, of wel?
4862615	Vous n'êtes pas fatigué, si ?	5019677	U bent niet moe, of wel?
4862603	Je ne le fais plus.	5019679	Ik doe het niet meer.
4862597	Je ne suis pas sûr de ce qui s'est passé.	5019681	Ik weet niet zeker wat er gebeurd is.
4862594	Je ne vais pas prendre le moindre risque.	5019682	Ik ga geen enkel risico nemen.
4862588	Je ne parle pas de ça.	5019683	Daar praat ik niet over.
4862586	Il ne faut pas nous déranger.	5019684	Men moet ons niet storen.
4862584	Je ne suis pas encore si désespérée.	5019685	Ik ben nog niet zo wanhopig.
4862580	Nous n'allons pas le jeter.	5019687	We gaan het niet gooien.
4862580	Nous n'allons pas le jeter.	5019689	We gaan hem niet gooien.
4862568	Rien ne me soucie.	5019690	Niets maakt me bezorgd.
4862561	Il a l'air d'avoir un peu de fièvre.	5019691	Hij ziet eruit alsof hij een beetje koorts heeft.
4862550	Mon dieu, mais qu'est-ce que c'est que ça ?	5019692	Mijn god, wat is dat?
4862227	Je ne suis pas à l'aise de faire ça.	5019698	Ik voel me er niet gemakkelijk bij om dat te doen.
4862223	Je n'y suis pas vraiment si intéressée.	5019700	Ik ben er niet echt zo geïnteresseerd in.
4862216	Je ne suis pas sûre que quoi que ce soit ait eu lieu.	5019708	Ik ben er niet zeker van dat er iets, wat het ook zij, gebeurd is.
4862207	Nous ne faisons rien de mal.	5019710	We doen geen kwaad.
4862200	Je ne ressens pas particulièrement la faim.	5019713	Ik voel me niet bepaald hongerig.
4862202	Je ne m'attends pas à un traitement de faveur.	5019715	Ik verwacht geen speciale behandeling.
5024118	Nous n'avons pas besoin de rester ici.	5025450	We hoeven hier niet te blijven.
5023825	La haine, c'est l'hiver du cœur.	5025451	Haat is de winter van het hart.
5022461	Mon ami vit au milieu de nulle part.	5025453	Mijn vriend woont in de middle of nowhere.
5022461	Mon ami vit au milieu de nulle part.	5025454	Mijn vriend woont in een gat.
5022096	Ta femme te manque ?	5025455	Mis je je vrouw?
5022009	Marie a laissé tomber Thomas.	5025457	Marie heeft Thomas laten vallen.
5021899	Je ne suis pas une fille facile.	5025459	Ik ben geen gemakkelijk meisje.
5021922	Non, je ne peux pas. Je suis prise tout le week-end.	5025460	Nee, ik kan niet. Ik ben het hele weekend bezet.
5020677	Quand je contribue à Tatoeba, j'écoute de la musique de jazz.	5025461	Wanneer ik bijdraag aan Tatoeba, luister ik naar jazzmuziek.
5020004	Un mari, quelque bon qu'il soit, atteint difficilement à la perfection.	5025463	Een echtgenoot, ongeacht hoe goed hij is, bereikt moeilijk perfectie.
5019969	On trouve toujours ce qu'on ne cherche pas.	5025465	Men vindt altijd waar men niet naar zoekt.
5019903	Avez-vous déjà nagé nu ?	5025468	Heb je ooit eens naakt gezwommen?
5019897	Vous ne savez pas encore ce que c'est que d'aimer.	5025469	U weet nog steeds niet wat liefhebben is.
5019816	Si je ne lui dis pas que je l'aime, je suis un imbécile !	5025472	Als ik hem niet zeg dat ik van hem houd, ben ik een dwaas!
5019815	Il vous aime à la folie.	5025473	Hij houdt zielsveel van u.
5019771	L'opinion des Parisiens m'est tout à fait indifférente.	5025476	Ik ben compleet onverschillig voor de mening van Parijzenaren.
5019721	Quand une Anglaise n'est pas très belle, elle est horriblement laide.	5025477	Wanneer een Engelse niet heel mooi is, is ze verschrikkelijk lelijk.
5019645	On peut y aller ?	5025478	Kunnen we gaan?
5019624	Il y a tellement de brouillard que je ne peux rien voir.	5025479	Er is zo veel mist dat ik niets kan zien.
5019622	Je t'appellerai quand j'aurai le temps.	5025480	Ik zal je roepen wanneer ik tijd heb.
5019621	Il a le potentiel pour devenir un champion du monde.	5025481	Hij heeft het potentieel om een wereldkampioen te worden.
5019576	Ses larmes se séchèrent tout à coup.	5025491	Zijn tranen droogden plotseling op.
5019574	N'ai-je pas été une épouse vertueuse et sage ?	5025492	Ben ik geen deugdelijke en wijze echtgenote geweest?
5019527	Louis XV n'aurait-il pas donné tout son royaume pour pouvoir se relever de son cercueil et avoir trois jours de jeunesse et de vie ?	5025493	Zou Lodewijk XV niet heel zijn koninkrijk hebben opgegeven om op te staan uit zijn doodskist en drie dagen van jeugd en het leven te hebben?
5019520	Ce soir, elle n'avait rien à manger, et ses enfants n'avaient plus la force de crier, ils se taisaient quand je suis arrivé.	5025494	Ze had vanavond niets te eten, en haar kinderen hadden niet langer de kracht om te huilen, ze zwegen toen ik aankwam.
5019518	Il y a trois jours, elle a vendu ses cheveux, les plus beaux que j'aie jamais vus.	5025499	Drie dagen geleden heeft ze haar haar verkocht, het mooiste dat ik ooit heb gezien.
5019513	Ce garçon est joueur, et je ne sais ce qu'il aime le mieux des femmes ou du vin.	5025501	Deze jongen is een speler, en ik weet niet waar hij meer van houdt; vrouwen of wijn.
5015527	Ma maison est sur le côté ouest de la rue.	5025502	Mijn huis staat aan de westelijke kant van de weg.
5014538	Elle n'a jamais vu la mer.	5025504	Ze heeft nog nooit de zee gezien.
5014531	Tom est déjà là, mais Maria pas encore.	5025505	Tom is er al, maar Maria nog niet.
5014523	Elle n'est pas aussi bonne qu'elle en a l'air.	5025507	Ze is niet zo goed als ze eruitziet.
5014511	Tu n'as pas très bonne mine. Tu es malade ?	5025509	Je ziet er niet zo goed uit. Ben je ziek?
5014505	Vous n'avez pas très bonne mine. Vous êtes malade ?	5025511	U ziet er niet zo goed uit. Bent u ziek?
5013822	C'est un gros projet.	5025512	Het is een groot plan.
5013820	C'est un bon système.	5025513	Het is een goed systeem.
5013818	C'est un gros problème.	5025514	Het is een groot probleem.
5007172	Les habitants de Gaza consomment de l'eau polluée.	5025517	De inwoners van Gaza drinken vervuild water.
5002511	L’homme qui parle est l’homme qui pense tout haut.	5025519	De man die praat is de man die hardop denkt.
5002447	On passe la moitié de sa vie à retenir sans comprendre, et l'autre moitié à comprendre sans retenir.	5025526	Men besteedt de helft van het leven aan onthouden zonder te begrijpen, en de andere helft aan begrijpen zonder te onthouden.
4998821	Je crois que cette photo a été prise en mai.	5025528	Ik denk dat deze foto in mei genomen is.
4998355	Ma chambre doit être en désordre.	5025530	Mijn kamer moet rommelig zijn.
4998351	Qu'est-ce que c'est que ce fouillis?	5025532	Wat is deze warboel?
4998343	Je n'ai jamais eu de mal à m'endormir.	5025533	Ik heb nooit moeite gehad om in slaap te vallen.
4998290	Des crimes de guerre ont été commis à Gaza.	5025534	Er zijn oorlogsmisdaden begaan in Gaza.
4997088	Tout le monde a résisté.	5025537	Iedereen heeft zich verzet.
4997087	Baisse la musique !	5025538	Zet de muziek zachter!
4997085	Essayez de vous calmer !	5025540	Probeer uzelf te kalmeren!
4997083	Essaie de te calmer !	5025541	Probeer jezelf te kalmeren!
4997078	À bas le roi !	5025543	Neer met de koning!
4997050	Un jour, il entreprit une longue promenade autour de la ville.	5025545	Op een dag ondernam hij een lange wandeling om het dorp heen.
4997048	Je ne parviens pas à me concentrer. Cela te dérangerait-il d'éteindre la télé ?	5025547	Het lukt me niet om me te concentreren. Zou je het erg vinden om de tv uit de zetten?
4997044	Et puis j'ai éteint la télé et je suis allée dormir.	5025548	En toen zette ik de tv uit en ging slapen.
4997046	Peut-être devrais-tu éteindre la télévision et faire quelque chose d'autre.	5025550	Misschien moet je de tv uitzetten en iets anders gaan doen.
4997038	Elle se délectait d'attraper des mouches et de leur arracher les ailes.	5025552	Ze genoot ervan om vliegen te vangen en hun vleugels af te rukken.
4997028	J'aimerais descendre au prochain arrêt.	5025553	Ik zou willen uitstappen bij de volgende halte.
4997027	Les voleurs ont effectué un audacieux cambriolage en plein jour.	5025554	De dieven hebben een stoutmoedige diefstal gepleegd bij daglicht.
4997024	Une solution à ce problème est encore à distance.	5025555	Een oplossing voor dit probleem is nog ver weg.
4997022	J'ai su instantanément que quelque chose clochait.	5025557	Ik wist meteen dat er iets niet klopte.
4997021	Ils nous ont vues alors qu'ils étaient en train de descendre du train.	5025558	Ze zagen ons terwijl ze bezig waren uit de trein te stappen.
4997020	Elles nous ont vus alors qu'elles étaient en train de descendre du train.	5025559	Ze zagen ons terwijl ze bezig waren uit de trein te stappen
4997015	Ne descendez pas pendant que le véhicule est en marche !	5025561	Stap niet uit terwijl het voertuig nog beweegt!
4997013	Le garçon est tombé du vélo et s'est fait une fracture du crâne.	5025564	De jongen is van zijn fiets gevallen en heeft een schedelfractuur opgelopen.
4997010	Cette région a été rayée de la carte après un ouragan.	5025570	Deze regio is van de kaart geveegd na een orkaan.
4996996	Bien que très occupée elle vint me faire ses adieux.	5025573	Ook al had ze het druk, ze kwam me vaarwel zeggen.
4996994	Veuillez ne pas me distraire de mon travail !	5025575	Gelieve me niet af te leiden van mijn werk!
4996992	Reprenons là où nous en étions !	5025576	Laten we verdergaan waar we gebleven waren!
4996990	Il la remercia très poliment et partit en vitesse.	5025579	Hij bedankte haar zeer beleefd en ging snel weg.
4996988	Sois chou et éteins la lumière !	5025580	Wees een schat en doe het licht uit!
4996987	Je ne veux pas la mettre en colère.	5025581	Ik wil haar niet boos maken.
4996986	L'un des joueurs a ôté sa chemise.	5025585	Een van de spelers heeft zijn shirt uitgetrokken.
4996986	L'un des joueurs a ôté sa chemise.	5025586	Een van de spelers heeft haar shirt uitgetrokken.
4996344	Marcher une heure par jour dans la forêt, loin des bruits de la ville, me permettait de me maintenir en forme.	5025588	Een uur per dag in het bos lopen, ver van de stadsgeluiden, hielp me in vorm te blijven.
4996286	Tous les régimes racistes se ressemblent, qu'ils soient nazis ou "bénis" par Dieu.	5025595	Alle racistische regimes lijken op elkaar, of ze nou nazi zijn of "gezegend" door God.
5021927	Elle est plutôt mignonne.	5025598	Ze is nogal schattig.
5013801	Nous voulons vraiment gagner.	5025600	We willen echt winnen.
5013798	Nous n'en sommes pas fiers.	5025601	We zijn er niet trots op.
5011219	Le bouddhisme est-il une religion ou une philosophie ?	5025602	Is het boeddhisme een religie of een filosofie?
5011075	Est-ce que c'est une bonne chose ou une mauvaise chose ?	5025604	Is het een goed iets of een slecht iets?
5001822	Est-ce que ça en valait la peine?	5025605	Was het er de moeite voor waard?
4997006	Quiconque quitte le bureau en dernier devrait éteindre la lumière.	5025607	Wie als laatste het bureau verlaat moet de lichten uitdoen.
4997005	Je crains que vous ne soyez descendus au mauvais endroit.	5025608	Ik ben bang dat jullie op de verkeerde plaats zijn uitgestapt.
4997004	Je crains que vous ne soyez descendue au mauvais endroit.	5025609	Ik ben bang dat u op de verkeerde plaats bent uitgestapt.
4997002	Vous arrive-t-il parfois de vous mettre en colère sans raison ?	5025612	Gebeurt het u soms dat u boos wordt zonder reden?
4996989	Les autochtones furent déportés de leur terre.	5025613	De oorspronkelijke bewoners werden weggevoerd uit hun land.
4996984	Je ne parviens pas à éloigner les yeux de lui.	5025614	Het lukt me niet om mijn ogen van hem af te houden.
4996177	Ne remettez pas ces affaires à plus tard !	5025616	Stel deze dingen niet tot later uit!
4996171	Vos calculs sont faux.	5025619	Uw berekeningen zijn fout.
4996169	Tout le monde aime bien glander.	5025621	Iedereen houdt van luieren.
4996165	Ne la touchez pas !	5025624	Raak haar niet aan!
4996151	Il a annulé le voyage.	5025626	Hij heeft de reis gecanceld.
4996150	Il annula le voyage.	5025627	Hij cancelde de reis.
4995235	Nous ne nous voyons que lors des week-ends.	5025630	We zien elkaar slechts tijdens de weekenden.
4995234	Il est soit fou, soit drogué.	5025632	Hij is óf gestoord, óf onder invloed.
4995233	Nous sommes allés faire une longue promenade ensemble.	5025634	We hebben samen een lange wandeling gemaakt.
4995227	Ne buvez pas l'estomac vide !	5025636	Drink niet op een lege maag!
4995227	Ne buvez pas l'estomac vide !	5025637	Drinkt niet op een lege maag!
4995224	Elle plaça ses mains sur ses épaules.	5025639	Ze legde haar handen op zijn schouders.
4995224	Elle plaça ses mains sur ses épaules.	5025640	Ze legde haar handen op haar schouders.
4995191	Comprenez-vous ce qui est en train d'arriver ?	5025642	Begrijpt u wat er aan het gebeuren is?
4995189	Comprenez-vous ce qui est en train de se passer ?	5025645	Begrijpt u wat er aan de hand is?
4995188	Comprends-tu ce qui est en train de se produire ?	5025647	Begrijp je wat er aan het gebeuren is?
4995187	Comprends-tu ce qui est en train de se passer ?	5025648	Begrijp je wat er aan de hand is?
4995185	Comprends-tu ce qui se produit ?	5025651	Begrijp je wat er gebeurt?
914867	Elle vit seule.	5025979	Ze woont alleen.
5025669	Peux-tu prouver que ce que tu as dit est vrai ?	5027397	Kun je bewijzen dat wat je hebt gezegd waar is?
5017551	Personne ne comprend.	5027398	Niemand begrijpt het.
5013816	Ils pensent que c'est un jouet.	5027399	Ze denken dat het speelgoed is.
5015720	Je suis originaire de Saitama.	5027400	Ik kom oorspronkelijk uit Saitama.
5011443	La nature est le seul livre qui nous offre, sur chaque page, un grand contenu.	5027403	De natuur is het enige boek dat ons op iedere pagina inhoud geeft.
5004237	Je ne vais pas te laisser me commander.	5027404	Ik ga me niet door jou laten vertellen wat ik moet doen.
822919	Elle nous donna un présent.	5027413	Zij gaf ons een geschenk.
822920	Ils sont toujours à court d'argent.	5027414	Zij komen altijd geld te kort.
834112	La fréquence des tremblements de terre récemment nous rend nerveux.	5027428	De recente frequentie van aardbevingen maakt ons zenuwachtig.
5027811	Une noix de coco, ce n'est pas une noix.	5027812	Een kokosnoot is geen noot.
5029596	Bonne nuit, Tatoeba ! À demain !	5029996	Goedenacht, Tatoeba! Tot morgen!
5029588	Qui est ton frère ?	5029997	Wie is je broer?
5029586	J'ai un rendez-vous à 8 heures.	5029998	Ik heb een afspraak om 8 uur.
5029578	Qu'est-ce que je ferais sans toi ?	5030002	Wat zou ik aanmoeten zonder jou?
5029352	Est-il tabou de parler du droit au retour des Palestiniens en Palestine ?	5030004	Is het taboe om te praten over het recht op terugkeer van de Palestijnen naar Palestina?
5029351	Et les Palestiniens n'ont-ils pas un droit de retour en Palestine ?	5030005	En hebben de Palestijnen geen recht op terugkeer naar Palestina?
5029349	Pourquoi personne ne parle du droit de retour des Palestiniens en Palestine ?	5030006	Waarom praat niemand over het recht op terugkeer van de Palestijnen naar Palestina?
5029335	Les Palestiniens ne renonceront jamais au droit de retour vers la terre de leurs ancêtres qui est la Palestine.	5030012	De Palestijnen zullen nooit hun recht opgeven op terugkeer naar het land van hun voorvaderen, Palestina.
5029331	Même s'il y avait 30 millions de Palestiniens, il devraient tous avoir un droit de retour en Palestine.	5030015	Zelfs als er 30 miljoen Palestijnen waren, zouden allen een recht op terugkeer naar Palestina moeten hebben.
5029312	Ce système raciste et colonialiste doit absolument cesser.	5030016	Dit racistische en kolonialistische systeem moet absoluut ophouden.
5029297	Les habitants de Gaza ne boivent pas de l'eau propre.	5030018	De inwoners van Gaza drinken geen schoon water.
5028347	Ce piano est faux.	5030019	Deze piano is vals.
5027877	On n’est plus des enfants.	5030020	We zijn geen kinderen meer.
5032602	Tous ses efforts d'apprendre le klingon n'ont abouti à rien.	5032923	Al zijn inspanningen om Klingon te leren zijn op niets uitgelopen.
5030760	Tom a toujours été un cochon.	5032924	Tom is altijd een zwijn geweest.
5030491	Et que dira ta mère?	5032927	En wat zal je moeder zeggen?
5044305	Je ne voulais pas le faire.	5045572	Ik wilde het niet doen.
5044274	Les étoiles sont belles.	5045575	Sterren zijn mooi.
5043056	C'est du bon vin.	5045579	Het is goede wijn.
5043045	La frontière est fermée.	5045582	De grens is gesloten.
5043034	Il a volé l'argent.	5045583	Hij heeft het geld gestolen.
5043037	Cela te plaît ou non ?	5045584	Bevalt dat je of niet?
5043033	Il a volé de l'argent.	5045586	Hij heeft geld gestolen.
5042987	Qu'espères-tu trouver ici ?	5045588	Wat hoop je hier te vinden?
5042983	Qu'espérez-vous trouver ici ?	5045589	Wat hoopt u hier te vinden?
5042980	J'aurai besoin de plus de temps.	5045591	Ik zal meer tijd nodig hebben.
5042978	La Terre tourne autour d'un axe imaginaire.	5045592	De aarde draait om een denkbeeldige as.
5042977	Il a osé ne pas obéir à mon ordre.	5045595	Hij heeft het gewaagd om mijn bevel niet te gehoorzamen.
5042973	Il mange une poire.	5045597	Hij eet een peer.
5042970	Elle mange une poire.	5045598	Ze eet een peer.
5041391	Quel genre d'hôtel vous plairait ?	5045603	Wat voor soort hotel zou u bevallen?
5041118	Il mange l'animal.	5045605	Hij eet het dier.
5038540	Ce n'était probablement pas vrai.	5045606	Het was waarschijnlijk niet waar.
5038539	Tom veut me rencontrer.	5045608	Tom wil me ontmoeten.
5036832	Ma grand-mère a un jumeau.	5045609	Mijn oma heeft een tweelingbroer.
5036326	Ce n'est pas aussi simple que ça en a l'air.	5045610	Dit is niet zo simpel als het eruitziet.
5035787	Je suis désolé, mais je ne veux pas être empereur.	5045611	Het spijt me, maar ik wil geen keizer zijn.
5034339	Ce jeu est sorti hier.	5045612	Dit spel is gister uitgekomen.
5034334	Je préférais être à Boston.	5045614	Ik zou liever in Boston willen zijn.
5034331	Tom s'est tiré dans le pied pendant qu'il nettoyait son arme à feux.	5045617	Tom heeft zich in zijn voet geschoten terwijl hij zijn vuurwapen schoonmaakte.
5030462	Tu ne m'as pas dit que Tom parlait français.	5045621	Je had me niet verteld dat Tom Frans sprak.
5030448	La lecture de ce livre nécessite soit une excellente vue soit une paire de lunettes performante.	5045629	Het lezen van dit boek vereist óf een uitstekend zicht óf een sterke bril.
5029329	Les Palestiniens ont tous le droit de retour en Palestine.	5045632	Alle Palestijnen hebben het recht op terugkeer naar Palestina.
5029327	La terre des Palestiniens n'est ni en Afrique du Nord, ni dans les pays du Golfe, mais en Palestine.	5045634	Het land van de Palestijnen ligt noch in Noord-Afrika, noch in de golflanden, maar in Palestina.
2288778	Je suis d'accord avec ce que vous avez dit.	5045933	Ik ben het eens met wat u heeft gezegd.
5046579	Ne laisse pas des gens étroits d'esprit te convaincre que tes rêves sont trop grands.	5046926	Laat bekrompen mensen je er niet van overtuigen dat je dromen te groot zijn.
5043031	La poire sent bon.	5046929	De peer ruikt goed.
5043026	Vous ne m'avez pas dit que Tom parlait français.	5046934	U heeft me niet verteld dat Tom Frans sprak.
5041042	Thomas mange des huîtres.	5046941	Thomas eet oesters.
5041039	Ils mangent du pain.	5046944	Zij eten brood.
5041032	Ils mangent leurs pommes.	5046945	Ze eten hun appels.
5041004	Thomas mange volontiers des huîtres crues.	5046946	Thomas eet graag rauwe oesters.
5040985	Maintenant il déjeune.	5046947	Hij is nu aan het ontbijten.
5040976	Maintenant je mange du riz.	5046948	Ik eet nu rijst.
5040419	Dans cette rue, il y a peu de circulation.	5046949	In deze straat is er weinig verkeer.
5036963	Je viens de passer deux agréables journées à la campagne.	5046950	Ik heb zojuist twee aangename dagen doorgebracht op het platteland.
5029320	Et les Palestiniens ont-ils le droit d'exister ?	5046953	En de Palestijnen, hebben zij het recht om te bestaan?
5029318	Les Palestiniens ont le droit d'exister sur leur propre terre.	5046954	De Palestijnen hebben het recht om te bestaan in hun eigen land.
5029317	Ceci est, avant tout, le pays des Palestiniens et de tous les gens qui voudraient vivre en paix avec eux.	5046957	Dit is, boven alles, het land van de Palestijnen en alle mensen die met hen in vrede willen leven.
5029316	Aucun argument religieux, historique, politique, moral, juridique ou sécuritaire ne pourrait justifier les conditions d'humiliation extrême et de punition collective auxquelles sont soumis les Palestiniens dans leur propre pays.	5046960	Geen enkel religieus, historisch, politiek, moreel, juridisch of veiligheidsargument zou de omstandigheden van extreme vernedering en collectieve afstraffing kunnen rechtvaardigen die de Palestijnen ondergaan in hun eigen land.
5027815	Pourquoi es-tu en colère contre moi ?	5046961	Waarom ben je boos op me?
5027445	La vie appartient aux vivants, et celui qui vit doit se préparer aux changements.	5046962	Het leven behoort toe aan de levenden, en degene die leeft moet zich voorbereiden op veranderingen.
5027215	Je trouve ce site génial et c’est merveilleux de pouvoir aider les amis du monde entier !	5046964	Ik vind deze site geweldig en het is fantastisch om vrienden over de hele wereld te kunnen helpen!
5026833	Il laissa éclater sa colère.	5046966	Hij barstte in woede uit.
653275	Elle paraît triste.	5046970	Ze ziet er triest uit.
914623	Ça me paraît bizarre.	5046972	Dat lijkt me bizar.
4996150	Il annula le voyage.	5050826	Hij zegde de reis af.
5086550	Permettez-moi d'insister, il faut que je lui parle.	5086586	Sorry maar ik moet aandringen, ik moet hem spreken.
2745567	Comme il est déjà vieux, il doit vraisemblablement avoir du mal à effectuer cette tâche.	5091008	Daar hij al oud is, gaat hij allicht moeite hebben om die taak tot een goed einde te brengen.
5091107	Comment arrêter d'en vouloir à son ex ?	5091117	Hoe stoppen het zijn ex kwalijk te nemen?
5091152	L'arbitre a appliqué le règlement et je ne peux qu'en vouloir à moi-même.	5091166	De scheidsrechter heeft het reglement toegepast en ik kan het enkel mezelf kwalijk nemen.
5092866	J'allais être seule, ça allait être dur et j'allais avoir le moral à zéro.	5092870	Ik ging alleen zijn, het ging hard zijn en ik ging in de put zitten.
5095759	Je suis profondément bouleversé. Je ne sais plus ce qui m'arrive.	5095817	Ik ben volledig van streek. Ik weet niet meer wat me overkomt.
5125904	Marie a avoué qu'elle était une pute.	5139336	Maria heeft toegegeven dat ze een hoer was.
1965102	Je ne vous invite pas.	5142846	Ik nodig u niet uit.
3945480	Enlève ton t-shirt et allonge-toi.	5147871	Doe je T-shirt uit en ga liggen.
407527	Je ne souffre pas de démence - j'en profite !	5207421	Ik lijd niet onder dementie, ik geniet ervan!
5247252	J'ai mangé votre citron.	5247261	Ik heb uw citroen opgegeten.
1069406	Voulez-vous un nettoyage à sec ou un nettoyage normal ?	5249068	Wenst u dat het gestoomd wordt of normaal gewassen?
1529001	Si tu me paies une glace, je te donnerai un baiser.	5253263	Als je mij een ijsje betaalt, dan geef ik je een zoen.
4170785	Je suis Azeri.	5282628	Ik ben Azerbeidzjaan.
2101906	Personne n'y est admis.	5286028	Niemand mag daar binnen.
4058216	Comment se présente la situation sur le marché aux poissons ?	5297403	Hoe is de toestand op de vismarkt?
5306749	Cette conversation n'a jamais eu lieu.	5306758	Dit gesprek heeft nooit plaatsgehad.
4687119	Je ne suis pas manipulable.	5311849	Mij kun je niet manipuleren.
4687119	Je ne suis pas manipulable.	5311850	Ik ben niet beïnvloedbaar.
3672072	L'entreprise ABC est à nouveau dans le rouge.	5322027	De firma ABC staat weer in het rood.
3672072	L'entreprise ABC est à nouveau dans le rouge.	5322029	De firma ABC zit weer in de rode cijfers.
5331579	Il est impossible de faire cela.	5331582	Het is onmogelijk om dat te doen.
5331565	Je savais quelque chose que Tom ignorait.	5331594	Ik wist iets wat Tom niet wist.
5331568	Tom et moi étudions le français ensemble.	5331598	Tom en ik leren samen Frans.
5331538	Ça va bientôt être le matin.	5331601	Het wordt binnenkort ochtend.
5331531	Ne joue pas avec moi, Tom.	5331604	Speel niet met me, Tom.
5331528	Tom vient de rentrer à Boston aujourd'hui.	5331606	Tom is vandaag juist weer aangekomen in Boston.
5331526	Je ne comprends pas ce qui arrive.	5331607	Ik begrijp niet wat er gebeurt.
5331524	Je ne comprends ce qui est en train de se passer.	5331610	Ik begrijp niet wat er aan het gebeuren is.
5331533	J'ai reçu du shampoing dans les yeux et ça fait mal.	5331614	Ik heb shampoo in mijn ogen gekregen en dat doet pijn.
5331540	Aimeriez-vous parler de ce qui vient de se produire ?	5331617	Zou u willen praten over hetgeen er zojuist gebeurd is?
5331521	Je viens juste de parler avec votre professeur de français et il dit que vous vous en sortez bien dans sa classe.	5331620	Ik heb zojuist gepraat met je docent Frans en hij zegt dat je je goed weet te redden in zijn klas.
5329791	Je ne peux pas m'y rendre, car je suis malade.	5331633	Ik kan er niet heen gaan want ik ben ziek.
5329790	Je ne peux pas y aller, car je suis malade.	5331635	Ik kan er niet naartoe want ik ben ziek.
5329788	Dan ne voulait pas retourner à l'orphelinat.	5331637	Dan wilde niet terug naar het weeshuis.
5329783	Elle aime beaucoup aller au ciné.	5331640	Ze vindt naar de bioscoop gaan erg leuk.
5329429	Je sais que finalement vous trouverez le bonheur.	5331647	Ik weet dat je uiteindelijk gelukkig zult worden.
5338681	D'habitude je me réveille tôt.	5339714	Ik word gewoonlijk vroeg wakker.
5338674	D'habitude je me lève tard.	5339716	Ik kom gewoonlijk laat uit bed.
5337586	Tom ne me connaît pas.	5339717	Tom kent me niet.
5337572	Ne me connaît-il pas ?	5339718	Kent hij me niet?
5337406	Les chaussures de Tom sont trop petites pour lui.	5339722	Toms schoenen zijn te klein voor hem.
5337395	J'espère ne pas m'être ridiculisé.	5339723	Ik hoop dat ik niet belachelijk gemaakt word.
5336961	Tom a dû ravaler sa fierté et admettre qu'il avait besoin d'aide.	5339727	Tom moest zijn trots inslikken en toegeven dat hij hulp nodig had.
5336119	Est-ce que tu cours chaque jour ?	5339728	Ren je iedere dag?
5336117	Aimes-tu courir ?	5339730	Houd je van rennen?
5336116	Hannibal aux portes !	5339732	Hannibal voor de poorten!
5335992	Qui protèges-tu?	5339740	Wie bescherm je?
445405	Pouvons-nous utiliser le laboratoire de langues ?	5392886	Mogen wij het talenpracticum gebruiken?
353224	Elle a préparé une soupe de légumes hier soir.	5398762	Ze heeft gisteravond groentesoep gemaakt.
2021857	Fais gaffe ! Voilà les flics !	5426770	Pas op! Daar zijn de flikken!
1351809	Que veux-tu pour le petit-déjeuner ?	5458405	Wat wil je voor het ontbijt?
5458732	Tom vend des ordinateurs.	5458767	Tom verkoopt computers.
5458734	Tom aime voyager.	5458768	Tom houdt van reizen.
5458647	Tom a pris cette photo.	5458770	Tom heeft deze foto genomen.
5458649	La femme est enceinte.	5458771	De vrouw is zwanger.
5458650	Nous devons le faire aujourd'hui.	5458772	We moeten het vandaag doen.
5458438	Nous aimons chanter sous la pluie.	5458779	We houden ervan in de regen te zingen.
5458436	Nous aimons chanter quand il pleut.	5458782	We houden ervan te zingen wanneer het regent.
5458251	Étudiez-vous encore le français ?	5458793	Studeert u nog Frans?
5458250	Étudies-tu toujours le français ?	5458798	Studeer jij nog altijd Frans?
5458236	Nous sommes obéissantes.	5458808	Wij zijn gehoorzaam.
5458217	Tom est le père biologique de Mary.	5458814	Tom is de biologische vader van Mary.
5458159	Voulez-vous que j'attende ?	5458825	Wilt u dat ik wacht?
5458158	Veux-tu que j'attende ?	5458826	Wil je dat ik wacht?
5458154	J'ai peur de ne pas être d'accord avec toi.	5458827	Ik vrees dat ik het niet eens ben met je.
5458132	Tom ne voulait rien faire.	5458835	Tom wou niets doen.
5458129	Tom s'est fait quelque chose à manger.	5458838	Tom heeft zich iets te eten gemaakt.
5458118	J'aurais dû savoir que c'était toi.	5458842	Ik had moeten weten dat jij het was.
5456269	Tu dois lire entre les lignes.	5458845	Je moet tussen de lijnen lezen.
5456144	Je veux améliorer mes connaissances des langues.	5458846	Ik wil mijn talenkennis verbeteren.
5456142	Je ne m'aime pas.	5458847	Ik hou niet van mezelf.
5455606	La maison est grande.	5458848	Het huis is groot.
5455604	Ma promesse de venir lundi prochain tient toujours.	5458851	Mijn belofte om volgende week maandag te komen staat nog steeds.
5455600	Au Japon, il fait très chaud en été.	5458855	In Japan is het in de zomer erg warm.
5455592	Je crois qu'elle n'a reçu aucune réponse.	5458857	Ik geloof dat ze geen enkel antwoord ontvangen heeft.
5454600	Donne-moi ce couteau.	5458863	Geef me dat mes.
5454573	Mon frère a reçu plus de cadeaux de Noël que moi.	5458864	Mijn broer heeft meer kerstcadeau's gekregen dan ik.
5454048	Comme d'habitude, il s'est levé tôt et a couru.	5458869	Zoals gewoonlijk is hij vroeg opgestaan en gaan joggen.
5453516	Pourriez-vous conduire plus lentement ?	5458871	Zou u trager kunnen rijden?
5453515	Pourrais-tu conduire plus lentement ?	5458872	Zou je trager kunnen rijden?
5453247	J'ai vu Tom assis au troisième rang.	5458875	Ik heb Tom zien zitten op de derde rij.
5453233	Pourriez-vous nous aider après l'école ?	5458878	Zou u ons kunnen helpen na school?
5453233	Pourriez-vous nous aider après l'école ?	5458881	Zouden jullie ons kunnen helpen na school?
5453207	Ils m'ont envoyé pour te tuer.	5458882	Ze hebben me gestuurd om je te doden.
5452602	Quand allez-vous venir ?	5458883	Wanneer gaat u komen?
5452601	Quand vas-tu venir ?	5458884	Wanneer ga je komen?
5452604	Tom n'aime pas être critiqué.	5458887	Tom houdt er niet van bekritiseerd te worden.
5452605	Tom est arrivé à pied.	5458890	Tom is te voet aangekomen.
5452589	Je vais me marier en octobre.	5458896	Ik ga trouwen in oktober.
5452587	Vous aviez besoin de moi.	5458898	U had mij nodig.
5452585	Tu avais besoin de moi.	5458901	Jij had mij nodig.
5452584	Tom a beaucoup de problèmes.	5458903	Tom heeft veel problemen.
5452582	J'espère que Tom ne sortira jamais de prison.	5458909	Ik hoop dat Tom nooit vrij komt.
5452579	Je ne sais pas grand-chose sur l'Australie.	5458914	Ik weet niet veel over Australië.
5452576	Nous sommes arrivés trop loin pour abandonner maintenant.	5458917	We zijn te ver gekomen om nu nog op te geven.
5452575	J'aime tout chez Tom.	5458921	Ik hou van alles aan Tom.
5452560	Tom dit qu'il sera un peu en retard.	5458923	Tom zegt dat hij wat te laat zal zijn.
5452559	Pouvez-vous vous faire comprendre en français ?	5458925	Kan u zich verstaanbaar maken in het Frans?
5452557	Peux-tu te faire comprendre en français ?	5458926	Kan jij je verstaanbaar maken in het Frans?
5452554	Avez-vous déjà lu un livre en français ?	5458929	Heeft u al eens een boek in het Frans gelezen?
5452553	Je ne suis vraiment pas intéressée par l'histoire.	5458932	Ik ben niet echt geïnteresseerd in geschiedenis.
5452551	Je sais où elles seront cet après-midi.	5458934	Ik weet waar ze deze namiddag zullen zijn.
5452530	Je dois rêver.	5458940	Ik droom vast.
5452526	Ça ne dérangera pas Tom.	5458941	Dat zal Tom niet storen.
5452525	Je ne suis même pas sûre de vouloir voir ce film.	5458945	Ik weet zelfs niet zeker of ik die film wel wil zien.
5452507	Tom n'est pas au courant.	5458948	Tom is niet op de hoogte.
5452503	C'est exactement ce qu'il me fallait.	5458950	Dat is net wat ik nodig had.
5452499	Tom n'est pas docteur.	5458952	Tom is geen dokter.
5452497	Tom a montré quelque chose à Mary.	5458954	Tom heeft iets aan Mary getoond.
5452496	Tom montra quelque chose à Mary.	5458955	Tom toonde iets aan Mary.
5452497	Tom a montré quelque chose à Mary.	5458956	Tom heeft iets aan Mary laten zien.
5452496	Tom montra quelque chose à Mary.	5458957	Tom zal iets aan Mary laten zien.
5452495	Pouvez-vous voir Tom ?	5458958	Kan u Tom zien?
5452472	Tom ne m'aide pas.	5458959	Tom helpt me niet.
5452471	Je suis venu ici de mon plein gré.	5458960	Ik ben hier uit vrije wil gekomen.
5452467	Le mois dernier, il a fait peindre sa maison en blanc.	5458962	Afgelopen maand heeft hij zijn huis wit laten schilderen.
5452455	Personne n'est immortel.	5458966	Niemand is onsterfelijk.
5452444	Elles commencèrent à danser.	5458967	Ze begonnen te dansen.
5452341	Je dois trouver la clé.	5458969	Ik moet de sleutel vinden.
5452338	Je vais à l'hôpital.	5458970	Ik ga naar het ziekenhuis.
5452296	La porte était difficile à ouvrir.	5458971	De deur ging moeilijk open.
5452289	Certaines personnes sourdes décident de ne pas utiliser la langue des signes.	5458975	Sommige dove mensen kiezen ervoor om geen gebarentaal te gebruiken.
5451928	Les jardins sont souvent très jolis au printemps et nous y allons souvent.	5458976	De tuinen zijn vaak erg mooi in de lente en we gaan er vaak heen.
5451924	Les parents de Tom vivent en Amérique du Sud.	5458978	De ouders van Tom wonen in Zuid-Amerika.
5451834	La découverte d'une exoplanète potentiellement habitable est toujours excitante.	5458980	De ontdekking van een potentieel bewoonbare exoplaneet is altijd spannend.
5450992	Nous n'avons même pas commencé.	5458997	We zijn nog niet eens begonnen.
5450992	Nous n'avons même pas commencé.	5458998	We zijn zelfs nog niet begonnen.
5450997	Tom est un escroc.	5458999	Tom is een oplichter.
5450999	Qui sait quand est l'anniversaire de Tom ?	5459000	Wie weet wanneer Toms verjaardag is?
5451001	Je n'ai plus peur des araignées.	5459001	Ik ben niet langer bang voor spinnen.
5451001	Je n'ai plus peur des araignées.	5459002	Ik ben niet meer bang voor spinnen.
5450383	Elle a un air sympa.	5459010	Ze ziet er leuk uit.
5450415	Elle avait des cheveux noirs de jais.	5459011	Ze had gitzwart haar.
5449653	Tom m'a forcé à y aller.	5459013	Tom heeft me gedwongen ernaartoe te gaan.
5449642	Je voulais te dire la vérité.	5459014	Ik wou je de waarheid vertellen.
5449636	Tom se lève à 6H30.	5459018	Tom staat op om 6.30 uur.
5449634	Nous ne sommes pas tes parents.	5459019	We zijn jouw ouders niet.
5449625	Je ne pense pas que ça va te plaire.	5459023	Ik denk niet dat het je zal bevallen.
5449470	La neige est blanche, la suie est noire.	5459036	Sneeuw is wit, roet is zwart.
5449248	Il vit que ses efforts avaient été vains.	5459043	Hij zag dat zijn inspanningen vergeefs waren.
5449238	J'ai trouvé ça drôle.	5459044	Ik vond dat grappig.
5449106	Toute sa famille va bien.	5459065	Heel zijn familie stelt het goed.
5449033	J'ai perdu mon chemin dans les bois.	5459068	Ik ben verdwaald in het bos.
5449026	Vous ne m'avez jamais dit cela.	5459081	Dat heeft u me nooit verteld.
5449026	Vous ne m'avez jamais dit cela.	5459084	Dat hebben jullie me nooit verteld.
5449025	Tu ne m'as jamais dit cela.	5459086	Dat heb je me nooit verteld.
5448399	Quels insectes as-tu mangé ?	5459087	Welke insecten heb je gegeten?
5447059	Je veux apprendre une nouvelle langue.	5459088	Ik wil een nieuwe taal leren.
5444881	Les corps des reptiles sont couverts d'écailles.	5459115	Het lichaam van reptielen is bedekt met schubben.
5444280	J'ai cogité toute la nuit.	5459125	Ik heb heel de nacht liggen nadenken.
5443271	Tom joue du piano.	5459129	Tom speelt piano.
5443270	As-tu dit que Tom est ton ami ?	5459131	Heb jij gezegd dat Tom je vriend is?
5443267	Pourquoi n'es-tu pas marié ?	5459132	Waarom ben je niet getrouwd?
5443257	Arnold Schwarzenegger est-il encore capable de parler allemand ?	5459137	Kan Arnold Schwarzenegger nog steeds Duits praten?
5443252	La route semblait ne pas finir.	5459141	De weg leek eindeloos.
5443244	Est-ce que vous avez fermé la porte ?	5459142	Heeft u de deur gesloten?
5442258	Avais-tu besoin de moi ?	5459143	Had jij me nodig?
5442259	Aviez-vous besoin de moi ?	5459144	Had u mij nodig?
5442395	Puis-je voir le menu et la carte des vins ?	5459146	Zou ik de menu- en wijnkaart mogen zien?
5442410	Nous sommes les nouveaux propriétaires.	5459148	Wij zijn de nieuwe eigenaars.
5442443	Il est en train de regarder la photo de son ami.	5459149	Hij is de foto van zijn vriend aan het bekijken.
5442241	Vous êtes vraiment égoïste.	5459156	U bent werkelijk egoïstisch.
5442236	Tu es vraiment égoïste.	5459159	Je bent echt egoïstisch.
5442223	Ne mens pas sur ton âge.	5459161	Lieg niet over je leeftijd.
5442214	J'étais vraiment triste.	5459163	Ik was echt verdrietig.
5441941	Il a perdu ses lunettes de soleil.	5459172	Hij heeft zijn zonnebril kwijtgespeeld.
5441622	Je n'aime pas parler de Tom.	5459175	Ik hou er niet van over Tom te praten.
5441581	Quelle est la meilleure solution ?	5459179	Wat is de beste oplossing?
5441551	Nous devons trouver une solution.	5459180	We moeten een oplossing vinden.
5441387	Tom est sorti de la baignoire et s'est séché.	5459185	Tom is uit bad gekomen en heeft zich afgedroogd.
5441385	Tom sortit de la baignoire et se sécha.	5459186	Tom kwam uit bad en droogde zich af.
5441384	Tom aime encore son travail.	5459187	Tom houdt nog steeds van zijn werk.
5441383	Tom ne changera jamais.	5459188	Tom zal nooit veranderen.
5441380	Pensez-vous que Tom soit malade ?	5459190	Denkt u dat Tom ziek is?
5441379	Penses-tu que Tom soit malade ?	5459191	Denk jij dat Tom ziek is?
5441374	J'aimerais que Tom soit heureux.	5459192	Ik zou willen dat Tom gelukkig is.
5441373	Tom a flirté avec la serveuse.	5459193	Tom heeft geflirt met de serveester.
5441367	Vous êtes vraiment fous.	5459194	Jullie zijn echt gek.
5441362	Peux-tu prouver que Tom ne l'a pas fait ?	5459196	Kan je bewijzen dat Tom het niet gedaan heeft?
5441361	Tom est-il en train de nettoyer sa chambre ?	5459197	Is Tom zijn kamer aan het schoonmaken?
5441359	Tom a appris le langage des signes.	5459199	Tom heeft gebarentaal geleerd.
5441355	J'ai décidé d'y aller en train.	5459208	Ik besloten er met de trein naartoe te gaan.
5441353	Tom n'aime pas prêter ses livres à Mary.	5459210	Tom leent zijn boeken niet graag uit aan Mary.
5441352	Nous pouvons peut-être corriger ceci.	5459211	We kunnen dit misschien verbeteren.
5441340	Cela ne m'appartient pas.	5459213	Dat is niet van mij.
5441339	Tom doit être conscient que Mary est la petite amie de John.	5459214	Tom moet zich ervan bewust zijn dat Mary het vriendinnetje is van John.
5441337	Rien ne nous distraira.	5459216	Niets zal afleiden.
5441335	Tom ne m'avait jamais frappé avant.	5459217	Tom heeft me nooit eerder geslagen.
5441334	Tom vit actuellement avec son oncle.	5459219	Tom woont momenteel met zijn nonkel.
5441327	Je suis sûr que Tom sera bientôt à la maison.	5459229	Ik ben er zeker van dat Tom weldra thuis zal zijn.
5441325	Tom est un an plus vieux que Mary.	5459233	Tom is een jaar ouder dan Mary.
5441320	Devrions-nous être inquiètes ?	5459234	Moeten wij ons zorgen maken?
5441308	Nous ne pouvons pas tuer Tom.	5459237	We kunnen Tom niet doden.
5441309	Je peux t'enseigner comment chanter.	5459241	Ik kan je leren zingen.
5441310	Sais-tu comment ceci s'appelle ?	5459244	Weet jij hoe dit genoemd wordt?
5441311	Savez-vous comment ceci s'appelle ?	5459246	Weet u hoe dit genoemd wordt?
5441313	J'ai toujours aimé ce nom.	5459247	Ik heb altijd van die naam gehouden.
5441274	Tom est fort, n'est-ce pas ?	5459249	Tom is sterk, nietwaar?
5441270	Nous respectons beaucoup Tom.	5459255	Wij respecteren Tom erg.
5441268	Tom a probablement pensé que je ne l'aimais pas.	5459256	Tom dacht allicht dat ik niet van hem hield.
5441267	Cela semble très mauvais.	5459257	Dat lijkt erg slecht.
5441279	Tu ferais mieux d'aller voir ton médecin de famille tout de suite.	5459260	Je kunt beter onmiddellijk naar je huisarts gaan.
5441266	Tom est environ de ma taille.	5459262	Tom is ongeveer even groot als ik.
5441261	Nous sommes allés à Boston en bus.	5459263	We zijn met de bus naar Boston gegaan.
5441255	Je ne pense pas que tu crois vraiment cela.	5459265	Ik denk niet dat je dat echt gelooft.
5441254	J'ai envisagé de changer de travail, mais au final j'ai décidé de ne pas le faire.	5459267	Ik heb overwogen van werk te veranderen, maar ik heb uiteindelijk besloten het niet te doen.
5441251	Tom est généralement très silencieux, n'est-ce pas ?	5459268	Tom is over het algemeen heel stil, nietwaar?
5441247	Tom me remerciera pour ça un de ces jours.	5459271	Een dezer dagen zal Tom me ervoor bedanken.
5439594	Tiens, quelle coïncidence incroyable ! Tom a les mêmes empreintes digitales que moi.	5459280	Tiens, wat een ongelooflijk toeval! Tom heeft dezelfde vingerafdrukken als ik.
5439513	C'est tout ce dont j'avais besoin d'entendre.	5459281	Dat was al wat ik wou horen.
5439407	Qui oserait faire une telle chose?	5459283	Wie zou zoiets durven doen?
5438744	Ce manteau n'a pas de poches.	5459284	Deze jas heeft geen zakken.
5437981	Ce n'était qu'une simple coïncidence.	5459285	Het was niet meer dan een toeval.
5438514	Aux échecs, ce sont les blancs qui commencent.	5459289	Bij schaken zijn het de witte die beginnen.
5458787	Je suis sûr que ça va te plaire.	5460009	Ik ben er zeker van dat het je zal bevallen.
5458788	Je me demande ce que Tom pense vraiment.	5460011	Ik vraag me af wat Tom echt denkt.
5459655	Quand allons-nous manger ?	5460013	Wanneer gaan we eten?
5437473	Viens ici que je te frappe.	5460021	Kom hier dat ik je sla.
5437452	Fermez vos livres.	5460034	Sluit jullie boeken.
5437445	La méthode que nous proposons a deux avantages importants.	5460099	De methode die wij voorstellen, heeft twee belangrijke voordelen.
5437423	Sois logique pour une fois !	5460110	Wees voor een keer logisch.
5437422	Personnellement, je ne pense pas que cela soit un problème.	5460115	Persoonlijk denk ik niet dat dat een probleem is.
5437417	Vous n'avez rien à faire ici.	5460116	Jullie hebben hier niets te zoeken.
5437415	La solution la plus simple est souvent la meilleure.	5460117	De meest eenvoudige oplossing is vaak de beste.
5437377	Il s'habille toujours tout en noir.	5460139	Hij kleedt zich altijd in het zwart.
5437316	Cet été a été très long et très chaud.	5460143	Deze zomer was er een heel lange en heel warme.
5437305	J'ai dormi dix heures mais je suis toujours fatigué.	5460144	Ik heb tien uur geslapen, maar ik ben nog steeds moe.
5437280	C'est bien beau tout ça, mais vous oubliez quelque chose.	5460149	Dat is allemaal goed en wel, maar u vergeet iets.
5437274	Je n'ai rien compris à ta présentation.	5460151	Ik heb niets begrepen van jouw presentatie.
5437271	Tom a de nouvelles chaussures.	5460152	Tom heeft nieuwe schoenen.
5437260	Monsieur Machin m'a téléphoné.	5460155	Meneer Machin heeft me opgebeld.
5437252	Nos mules sont lentes.	5460157	Onze muilezels zijn traag.
5437049	Maintenant j'ai faim.	5460159	Ik heb honger nu.
5436094	Le samedi est son jour de liberté.	5460161	Zaterdag is zijn vrije dag.
5436083	Je sais que c'est horrible.	5460164	Ik weet dat het verschrikkelijk is.
5435744	Je sais ce que tu penses maintenant.	5460165	Ik weet wat je nu aan het denken bent.
5435659	Le monde est grand.	5460166	De wereld is groot.
5435684	Dis-le en russe !	5460169	Zeg het in het Russisch!
5435685	Dis-le en hongrois !	5460171	Zeg het in het Hongaars!
5435689	Dis-le en grec !	5460173	Zeg het in het Grieks!
5434761	Tom fit une liste des chansons qu'il n'aimait pas.	5460177	Tom maakte een lijst van liedjes die hem niet bevielen.
5434759	Tom a fait une liste des chansons qu'il n'aimait pas.	5460178	Tom heeft een lijst gemaakt van liedjes die hem niet bevallen.
5434746	La femme de Tom lui manque.	5460181	Tom mist zijn vrouw.
5434287	J'ai oublié d'acheter un gâteau d'anniversaire.	5460182	Ik ben vergeten een verjaardagstaart te kopen.
5434272	Nous allons au cinéma chaque jeudi.	5460183	Wij gaan elke donderdag naar de bioscoop.
5434202	Tom est un peu en colère envers Mary.	5460188	Tom is een beetje boos op Mary.
5434200	Tom a trois vaches.	5460189	Tom heeft drie koeien.
5431972	Nous ajoutons de nouvelles phrases à Tatoeba.	5460193	Wij voegen nieuwe zinnen toe aan Tatoeba.
5431538	J'ai parlé avec Tom aujourd'hui.	5460194	Ik heb vandaag met Tom gesproken.
5430984	Il va quitter Chicago demain.	5460196	Hij verlaat Chicago morgen.
5430917	Ma femme est enceinte.	5460197	Mijn vrouw is zwanger.
5430920	Qu'est-ce que ceci fait ici ?	5460199	Wat doet dit hier?
5430909	Vous êtes la plus belle fille du monde.	5460202	Jij bent het mooiste meisje ter wereld.
5430898	Tom montra sa collection de timbres à Mary.	5460205	Tom toonde zijn postzegelverzameling aan Mary.
5430852	Pourquoi Tom et Mary se disputent-ils si souvent ?	5460208	Waarom ruziën Tom en Mary vaak?
5430848	Vous êtes une femme très séduisante.	5460210	U bent een zeer verleidelijke vrouw.
5430845	Tu es une femme très attirante.	5460212	Jij bent een zeer aantrekkelijke vrouw.
5430792	Je ne joue pas au tennis après l'école.	5460214	Ik speel na school geen tennis.
5430725	Tom était motivé.	5460215	Tom was gemotiveerd.
5430717	Tom est mon seul véritable ami.	5460216	Tom is mijn enige echte vriend.
5430714	Je suis désolée de t'avoir rendue si malheureuse.	5460218	Het spijt me dat ik je zo ongelukkig gemaakt heb.
5430682	Je veux être avec vous.	5460224	Ik wil bij u zijn.
5430681	Je veux être avec toi.	5460225	Ik wil bij je zijn.
5430681	Je veux être avec toi.	5460226	Ik wil bij jou zijn.
5430674	Tom est un prénom courant.	5460228	Tom is een veelvoorkomende naam.
5430673	Avez-vous écouté de la musique la nuit dernière ?	5460229	Heeft u afgelopen nacht muziek beluisterd?
5430672	As-tu écouté de la musique la nuit dernière ?	5460230	Heb jij afgelopen nacht muziek beluisterd?
5430645	Il me faut seulement un peu plus de temps.	5460231	Ik heb enkel wat meer tijd nodig.
5429491	Maintenant j'ai soif.	5460237	Ik heb nu dorst.
5429029	Il ressemble comme deux gouttes d’eau à son père.	5460240	Hij lijkt als twee druppels water op zijn vader.
5428908	Habille-toi chaudement !	5460241	Kleed je warm aan.
5427737	J'aime le pain.	5460242	Ik hou van brood.
5427736	Bravo, Tom.	5460244	Bravo, Tom.
5427736	Bravo, Tom.	5460245	Goed zo, Tom.
5427735	Bien joué, Tom.	5460246	Goed gedaan, Tom.
5427734	Ce ne sont pas mes amis.	5460247	Het zijn mijn vrienden niet.
5427733	Tom ne me connait même pas.	5460248	Tom kent me niet eens.
5427732	J'ai vu Tom hier et il semblait triste.	5460250	Ik heb Tom gisteren gezien en hij leek droevig.
5427705	J'aime aider mes amis.	5460252	Ik hou ervan mijn vrienden te helpen.
5427701	Tom était comme un frère.	5460256	Tom was als een broer.
5427700	Tom est trop vieux pour moi.	5460257	Tom is te oud voor me.
5427697	Ça ressemble à un OVNI.	5460259	Het lijkt op een ufo.
5427576	As-tu dessiné ça ?	5460260	Heb jij dat getekend?
5427567	Si vous voulez, nous pouvons y aller.	5460262	Als u wilt, kunnen we erheen gaan.
5427559	Je ne sais pas si c'est important ou pas.	5460266	Ik weet niet of het belangrijk is of niet.
5427557	Personne ne peut payer ça.	5460267	Niemand kan zoiets betalen.
5427159	Tom travaille tout le temps.	5460268	Tom werkt de hele tijd.
5427157	Tom travaille toujours.	5460269	Tom werkt altijd.
5427156	Tom dit qu'il voulait parler.	5460270	Tom zegt dat hij wou praten.
5427154	Tom a dit qu'il voulait parler.	5460271	Tom heeft gezegd dat hij wou praten.
5427153	Tom et moi t'aiderons.	5460272	Tom en ik zullen je helpen.
5423899	Nous sommes toutes à la pension.	5460275	Wij zijn allen met pensioen.
5423895	Nous sommes toutes retraitées.	5460277	Wij zijn allen gepensioneerd.
5423878	La chevalerie n'est pas morte.	5460279	De ridderlijkheid is niet dood.
5423876	Ce n'était vraiment pas beau à voir.	5460280	Het was echt niet mooi om zien.
5423874	C'était très laid.	5460281	Het was heel lelijk.
5423859	Je suis encore sceptique.	5460282	Ik ben nog steeds sceptisch.
5423846	Comment sera-ce ?	5460283	Hoe zal het zijn?
5423776	Ce n'est pas compliqué.	5460284	Het is niet ingewikkeld.
5423772	Les jeux olympiques sont organisés tous les quatre ans.	5460285	De Olympische Spelen worden om de vier jaar georganiseerd.
5421447	Parlez-vous grec ?	5460286	Spreekt u Grieks?
5421438	Parles-tu grec ?	5460287	Spreek jij Grieks?
5421369	Ils sont en vie.	5460288	Ze zijn in leven.
5421187	Parlez-vous hongrois ?	5460289	Spreekt u Hongaars?
5420206	Quelque chose m'échappe.	5460290	Iets ontgaat me.
5420098	Dites-moi quoi écrire et je l'écrirai pour vous.	5460292	Zeg me wat ik moet schrijven en ik zal het schrijven voor u.
5420096	Dis-moi quoi écrire et je l'écrirai pour toi.	5460294	Zeg me wat ik moet schrijven en ik zal het schrijven voor je.
5420093	J'étudie toujours le français.	5460297	Ik leer nog steeds Frans.
5419999	Préchauffe le four à 130 degrés.	5460302	Verwarm de oven voor op 130 graden.
5419986	Pensez-vous vraiment que ce soit impossible ?	5460310	Denkt u werkelijk dat het onmogelijk is?
5419984	Penses-tu vraiment que c'est impossible ?	5460311	Denk je echt dat het onmogelijk is?
5419980	La malédiction a été brisée.	5460314	De vloek is verbroken.
5419978	Personne ne va vous blâmer.	5460317	Niemand zal het u kwalijk nemen.
5419977	Personne ne va te blâmer.	5460319	Niemand zal het je kwalijk nemen.
5419928	Où Tom est-il allé hier ?	5460322	Waar is Tom gisteren heengegaan?
5419920	L'hôtel est-il loin d'ici ?	5460325	Is het hotel ver van hier?
5419919	Est-ce que vous aimez le saumon ?	5460327	Houdt u van zalm?
5419917	Est-ce que tu aimes le saumon ?	5460329	Hou je van zalm?
5419897	Tom a dit qu'il allait être en retard.	5460333	Tom zei dat hij te laat ging komen.
5419893	Tom a un chien.	5460334	Tom heeft een hond.
5419883	Je ne parle pas rapidement.	5460336	Ik praat niet snel.
5419880	Tom a assez d'argent.	5460339	Tom heeft genoeg geld.
5419844	L’œil humain est comme une caméra.	5460342	Het menselijke oog is als een camera.
5419818	Je ne vais pas manger ceci.	5460346	Ik ga dit niet eten.
5419796	Le temps était ensoleillé hier.	5460350	Het weer was gisteren zonnig.
5419025	Tom a pris une autre gorgée.	5460353	Tom heeft nog een slok genomen.
5419024	Tom prit une autre gorgée.	5460354	Tom nam nog een slok.
5419023	Je ne t'ai jamais vue si heureuse.	5460355	Ik heb je nog nooit zo gelukkig gezien.
5419006	J'ai quelques amies ici.	5460363	Ik heb enkele vriendinnen hier.
5419005	J'ai quelques amis ici.	5460364	Ik heb enkele vrienden hier.
5418981	Quel âge avez-vous maintenant ?	5460368	Hoe oud bent u momenteel?
5418980	Quel âge as-tu maintenant ?	5460369	Hoe oud ben je momenteel?
5418978	Tom a essayé de cacher la vérité.	5460370	Tom heeft geprobeerd de waarheid te verbergen.
5418977	Tom essaya de cacher la vérité.	5460371	Tom probeerde de waarheid te verbergen.
5418962	J'ai enseigné le français à Tom pendant trois ans.	5460372	Ik heb Tom gedurende drie maanden Franse les gegeven.
5418956	Il n'y a personne d'autre ici.	5460373	Er is niemand anders hier.
5418957	Tom n'a pas pu trouver de travail.	5460374	Tom heeft geen werk kunnen vinden.
5418950	Je sais ce que ça fait d'être pauvre.	5460375	Ik weet wat arm zijn met je doet.
5418949	Je sais ce que c'est d'être pauvre.	5460376	Ik weet hoe het is arm te zijn.
5418946	Tom promit de ne jamais refaire cela.	5460377	Tom beloofde het nooit meer opnieuw te doen.
5418944	Nous sommes le problème.	5460381	Wij zijn het probleem.
5418943	Tom a senti quelqu'un toucher son bras.	5460382	Tom heeft iemand zijn arm voelen aanraken.
5418942	Tom sentit quelqu'un toucher son bras.	5460383	Tom voelde iemand zijn arm aanraken.
5418925	Est-ce ce que tu as dit ?	5460387	Is dat wat jij gezegd hebt?
5418915	On a trouvé quelque chose.	5460388	We hebben iets gevonden.
5418915	On a trouvé quelque chose.	5460390	Men heeft iets gevonden.
5418912	J'espère que Tom sera très heureux.	5460393	Ik hoop dat Tom heel gelukkig zal zijn.
5417817	Vous avez mon soutien.	5460395	U heeft mijn steun.
5417812	Les abeilles aident les plantes à répandre le pollen.	5460396	Bijen helpen planten hun stuifmeel te verspreiden.
5418872	Je dois aller parler à Tom.	5460398	Ik moet met Tom gaan praten.
5418870	Tom a arrêté de fumer.	5460399	Tom is gestopt met roken.
5417829	La simplicité est une vertu.	5460403	Eenvoud is een deugd.
5418854	J'étudie le français car j'en ai besoin pour mon travail.	5460404	Ik leer Frans, omdat ik het nodig heb voor mijn werk.
5418890	Mon nom est sur la porte.	5460408	Mijn naam staat op de deur.
5418889	N'aimez-vous pas nager ?	5460409	Houdt u niet van zwemmen?
5418888	N'aimes-tu pas nager ?	5460410	Houd je niet van zwemmen?
5416495	Tu veux de l'eau ?	5460411	Wil je water?
5416494	Vous voulez de l'eau ?	5460412	Wilt u water?
5416422	Tom a montré à Mary la photo.	5460419	Tom heeft Mary de foto getoond.
5416252	L'odeur est insupportable.	5460426	De geur is onverdraaglijk.
5416226	J'ai une femme et deux enfants à nourrir.	5460433	Ik heb een vrouw en twee kinderen te voeden.
5415086	Il faut que nous fassions mieux que cela.	5460436	We moeten beter doen dan dat.
5414556	Je vois le jardin de ton père.	5460437	Ik zie de tuin van je vader.
5414554	J'ai appris beaucoup de lui sur l'astronomie.	5460440	Ik heb van hem veel over astronomie geleerd.
5414549	Tom voulait habiter à Boston.	5460441	Tom wou in Boston wonen.
5414547	Tom croit-il aux miracles ?	5460442	Gelooft Tom in mirakels?
5414546	C'est de la neige de l'année dernière.	5460445	Het is sneeuw van vorig jaar.
5412675	J'ai toujours la mienne.	5460448	Ik heb nog altijd de mijne.
5412667	Tom boit de la bière tous les jours.	5460454	Tom drinkt alle dagen bier.
5412524	Avez-vous parlé de moi ?	5460458	Heeft u over mij gesproken?
5412523	As-tu parlé de moi ?	5460459	Heb je over mij gesproken?
5412422	Vous voulez que je demande à Tom ?	5460464	Wilt u dat ik het aan Tom vraag?
5412421	Tu veux que je demande à Tom ?	5460465	Wil je dat ik het aan Tom vraag?
5412419	On dirait que nous sommes tous ici.	5460469	Het ziet ernaar uit dat we allen hier zijn.
5412417	On dirait que nous sommes tous là.	5460470	Het ziet ernaar uit dat we er allen zijn.
5412411	Elle se lève à sept heures du matin.	5460471	Ze staat om zeven uur 's ochtends op.
5412403	Elle a cette grande chambre entièrement pour elle.	5460476	Ze heeft deze grote kamer helemaal voor haarzelf.
5412401	Vous n'êtes pas les seuls avec ce problème.	5460483	Jullie zijn niet de enigen met dat probleem.
5412390	Vous n'êtes pas la seule avec ce problème.	5460486	U bent niet de enige met dat probleem.
5412372	Ils ne vont pas nous aider.	5460500	Ze gaan ons niet helpen.
5412370	Ils ne nous aideront pas.	5460502	Ze zullen ons niet helpen.
5412361	Je ne parlais pas de Tom.	5460504	Ik had het niet over Tom.
5412361	Je ne parlais pas de Tom.	5460506	Ik sprak niet over Tom.
5412051	Tom a convaincu Mary de le faire.	5460510	Tom heeft Mary overtuigd het te doen.
5411971	Pourrais-je vous parler en tête à tête ?	5460513	Zou ik u onder vier ogen kunnen spreken?
5411919	Tom a gagné le premier prix.	5460515	Tom heeft de eerste prijs gewonnen.
5411918	Je peux ouvrir les yeux maintenant ?	5460519	Mag ik mijn ogen nu opendoen?
5411916	Tom n'est pas étudiant.	5460521	Tom is geen student.
5411896	Si seulement je pouvais être comme lui.	5460523	Kon ik maar zoals hij zijn.
5411668	Je ne suis pas sûr que ça va aider.	5460526	Ik ben niet zeker of dat zal helpen.
5411528	Il n'y a pas de courage sans peur.	5460533	Zonder angst geen moed.
5411517	Un homme n'est pas vieux tant qu'il peut travailler.	5460537	Een man is niet oud zolang hij kan werken.
5411422	Tom a dit que ça ne le dérangerait pas de dormir par terre.	5460539	Tom heeft gezegd dat het hem niet zou storen op de grond te slapen.
5411374	Je sais que c'était toi.	5460541	Ik weet dat jij het was.
5411372	Ne me laisse pas seule ici.	5460543	Laat me hier niet alleen.
5411358	Dis-nous la vérité maintenant.	5460544	Vertel ons nu de waarheid.
5411298	Tom est toujours ouvert aux nouvelles idées.	5460548	Tom staat altijd open voor nieuwe ideeën.
5411294	Vous ne semblez pas réaliser à quel point ceci est sérieux.	5460553	U lijkt zich niet te realiseren hoezeer dit serieus is.
5411293	Tu ne sembles pas réaliser à quel point ceci est sérieux.	5460555	Je lijkt je niet te realiseren hoezeer dit serieus is.
5411292	Tom voulait devenir un avocat.	5460557	Tom wou advocaat worden.
5411212	Comment as-tu su que c'était moi ?	5460560	Hoe wist je dat ik het was?
5411207	On veut que tu chantes cette chanson.	5460561	We willen dat je dit liedje zingt.
5411204	Nous voulons que vous chantiez cette chanson.	5460562	We willen dat u dit liedje zingt.
5411199	Je n'ai pas renouvelé mon abonnement.	5460567	Ik heb mijn abonnement niet verlengd.
5411193	Tom parlait à Mary.	5460569	Tom sprak tegen Mary.
5411192	Il y a toujours de l'espoir.	5460570	Er is altijd hoop.
5411190	Tu ne peux rien acheter d'intéressant dans ce magasin.	5460573	Je kan in deze winkel niets interessants kopen.
5411187	Nous sommes allés skier au Canada.	5460576	We zijn gaan skiën in Canada.
5411179	Tom ne sait toujours pas ce qu'il s'est passé.	5460577	Tom weet nog altijd niet wat er gebeurd is.
5411239	Ne sais-tu pas qui c'est ?	5460578	Weet je niet wie het is?
5411238	Écoute, je suis très occupé.	5460580	Luister, ik heb het erg druk.
5411237	Pouvez-vous écrire cela, s'il te plaît ?	5460581	Zou u dat kunnen schrijven, alsjeblieft?
5411236	Peux-tu écrire cela, s'il te plaît ?	5460582	Zou je dat kunnen schrijven, alsjeblieft?
5411230	Tom acheta une maison à Boston.	5460584	Tom kocht een huis in Boston.
5411228	Tom a acheté une maison à Boston.	5460585	Tom heeft een huis in Boston gekocht.
5411221	Tom avait des problèmes financiers.	5460586	Tom had financiële problemen.
5411213	Comment avez-vous su que c'était moi ?	5460587	Hoe wist u dat ik het was?
5411146	Un peu de repos nous ferait beaucoup de bien.	5460589	Wat rust zou ons erg goed doen.
5411136	J'ai été très seule ces deux dernières semaines.	5460591	Ik ben erg alleen geweest de afgelopen twee weken.
5411121	J'essaye de ne pas pleurer.	5460593	Ik probeer niet te wenen.
5411120	Tom est encore très malheureux.	5460596	Tom is nog steeds heel ongelukkig.
5411112	C'est si joli.	5460602	Het is zo mooi.
5411110	Tom a passé trente jours en prison.	5460605	Tom heeft dertig dagen in de gevangenis doorgebracht.
5411108	Êtes-vous en train de dire que je n'ai pas d'humour ?	5460608	Zegt u nu dat ik geen humor heb?
5411105	Es-tu en train de dire que j'ai aucun sens de l'humour ?	5460609	Zeg je nu dat ik geen enkel gevoel voor humor heb?
5411096	Tom transpire.	5460610	Tom zweet.
5411089	Voulez-vous regarder un film ?	5460611	Wilt u een film kijken?
5411087	Veux-tu regarder un film ?	5460612	Wil je een film kijken?
5411086	Tom est nerveux, n'est-ce pas ?	5460613	Tom is zenuwachtig, nietwaar?
5411082	La police veut vous questionner.	5460615	De politie wilt u ondervragen.
5411080	La police veut te poser des questions.	5460616	De politie wilt je vragen stellen.
5403661	Le nom de Tom était sur la boîte.	5460631	De naam van Tom stond op de doos.
5403658	Tom adore jouer du piano.	5460633	Tom houdt van piano spelen.
5403636	Tom n'est pas fort.	5460634	Tom is niet sterk.
5403623	Tom parle trop rapidement.	5460637	Tom praat te snel.
5403614	Tom a abandonné sa famille.	5460638	Tom heeft zijn familie in de steek gelaten.
5403613	Tom abandonna sa famille.	5460639	Tom liet zijn familie in de steek.
5403612	Tu peux t'asseoir.	5460642	Je kan gaan zitten.
5403611	Vous pouvez vous asseoir.	5460643	U kan gaan zitten.
5403611	Vous pouvez vous asseoir.	5460644	Jullie kunnen gaan zitten.
5403608	Est-ce pour cela que vous êtes fâchées ?	5460645	Is het daarvoor dat jullie kwaad zijn?
5403606	Est-ce pour cela que vous êtes fâchée ?	5460648	Is het daarvoor dat u kwaad bent?
5403605	Est-ce pour cela que tu es fâchée ?	5460649	Is het daarvoor dat je kwaad bent?
5403602	Pouvez-vous emmener Tom à l'aéroport ?	5460653	Kunt u Tom naar de luchthaven kunnen brengen?
5403600	Peux-tu emmener Tom à l'aéroport ?	5460654	Kan jij Tom naar de luchthaven brengen?
5403595	Cela vous dérange-t-il ?	5460656	Zou dat u storen?
5403595	Cela vous dérange-t-il ?	5460657	Zou dat jullie storen?
5403592	Est-ce que ça vous dérange ?	5460660	Stoort dat u?
5403592	Est-ce que ça vous dérange ?	5460662	Stoort dat jullie?
5403591	Est-ce que ça te dérange ?	5460663	Stoort dat je?
5403535	Nous n'avons pas de jardin.	5460666	Wij hebben geen tuin.
5403531	La réalité a un problème, elle est toujours honnête.	5460668	De waarheid heeft een probleem, ze is altijd eerlijk.
5403526	J'ai des choses à dire.	5460669	Ik heb dingen te zeggen.
5403522	Tom est irresponsable.	5460670	Tom is onverantwoordelijk.
5403521	Quelle idée bizarre !	5460671	Wat een bizar idee!
5403520	Je suis content de ne pas avoir votre travail.	5460672	Ik ben blij dat ik uw werk niet heb.
5403519	Je suis content de ne pas avoir ton travail.	5460673	Ik ben blij dat ik jouw werk niet heb.
5403498	J'ai entendu dire que tu ne mangeais pas de viande.	5460674	Ik heb horen zeggen dat je geen vlees at.
5403499	J'ai entendu dire que vous ne mangiez pas de viande.	5460675	Ik heb horen zeggen dat u geen vlees at.
5403492	Cela ne dérangerait pas Tom de manger de la viande et des patates tous les jours de la semaine.	5460678	Het zou Tom niet storen elke dag van de week vlees en aardappelen te eten.
5403491	Tom n'aime pas que Mary vive là-bas toute seule.	5460679	Tom houdt er niet van dat Mary daar op haar eentje woont.
5403488	Nous avons besoin d'aide ici.	5460680	We hebben hulp nodig hier.
5403487	Vous avez fait ceci.	5460681	Dit heeft u gedaan.
5403486	Tu as fait ceci.	5460682	Dit heb jij gedaan.
5403485	Tom est le jumeau de John.	5460683	Tom is de tweelingsbroer van John.
5403484	J'aime cette chambre.	5460684	Ik hou van deze kamer.
5403387	Je suis une personne travailleuse.	5460685	Ik ben geen hardwerkend persoon.
5403385	Je suis quelqu'un de stable.	5460686	Ik ben een stabiel iemand.
5403382	Je suis très conservateur.	5460687	Ik ben zeer conservatief.
5403381	Je suis très triste ce soir.	5460688	Ik ben zeer droevig vanavond.
5403380	Je suis très réservé.	5460689	Ik ben erg gereserveerd.
5403378	Je vise haut.	5460690	Ik heb grote ambities.
5403377	Je suis très ambitieux.	5460691	Ik ben zeer ambitieus.
5403375	J'ai beaucoup d'ambition.	5460692	Ik heb veel ambitie.
5403343	Que dirais-tu d'un bon massage ?	5460693	Wat zou je zeggen van een goede massage?
5403338	Je me sens plus libre que jamais.	5460694	Ik voel me vrijer dan ooit.
5403323	Ce peintre est un génie.	5460695	Die schilder is een genie.
5403321	Laissez-moi voir ma fille.	5460696	Laat me naar mijn meisje kijken.
5403317	La fête ne fait que commencer !	5460697	Het feest is nog maar net begonnen.
5402524	Tu as probablement soif.	5460699	Je hebt allicht dorst.
5402525	Vous avez probablement soif.	5460700	U heeft allicht dorst.
5402523	Tom a pris un des sandwichs.	5460701	Tom heeft een van de sandwiches genomen.
5402521	Tom prit un des sandwiches.	5460702	Tom nam een van de sandwiches.
5402501	Ces fleurs sont belles.	5460703	Die bloemen zijn mooi.
5402500	Clairement, ce n'était pas le cas.	5460704	Klaarblijkelijk was dat niet het geval.
5402499	Êtes-vous nées là-bas ?	5460705	Zijn jullie daar geboren?
5402497	Êtes-vous née là-bas ?	5460706	Bent u daar geboren?
5402495	Es-tu née là-bas ?	5460708	Ben je daar geboren?
5402487	Qu'est-ce qu'il y a dans le sac ?	5460711	Wat zit er in de zak?
5402434	Tom semble être sympathique.	5460713	Tom lijkt sympathiek te zijn.
5402407	Tom avait le sourire aux lèvres.	5460715	Tom had een glimlach op zijn gezicht.
5402396	C'est la seule que j'ai.	5460716	Het is de enige die ik heb.
5402396	C'est la seule que j'ai.	5460718	Het is het enige dat ik heb.
5402389	J'espère que la situation s'améliorera.	5460720	Ik hoop dat de situatie zich zal verbeteren.
5402388	J'espère que les choses iront mieux.	5460721	Ik hoop dat de dingen beter zullen gaan.
5402380	Tom fait cela bien mieux que moi.	5460722	Tom doet dat beter dan ik.
5402215	Arrêtez d'être si naïfs.	5460723	Stop ermee zo naïef te zijn.
5402363	Je n'ai pas envie de jouer au golf.	5460727	Ik heb geen zin om te golfen.
5402361	Je ne veux pas jouer au golf.	5460728	Ik wil niet golfen.
5402354	Je suis prête pour demain.	5460729	Ik ben klaar voor morgen.
5402350	J'aurais dû vous le dire.	5460731	Ik had het u moeten vertellen.
5402349	J'aurais dû te le dire.	5460732	Ik had het je moeten vertellen.
5402347	Tom est en fait très bon en français.	5460733	Tom is feitelijk erg goed in Frans.
5402335	Tom a trouvé le problème.	5460734	Tom heeft het probleem gevonden.
5402334	Tom trouva le problème.	5460735	Tom vond het probleem.
5402331	Ma couleur préférée est le bleu.	5460736	Mijn lievelingskleur is blauw.
5402327	Tom ne peut pas t'aider maintenant.	5460737	Tom kan je nu niet helpen.
5402326	Tom ne peut pas vous aider maintenant.	5460739	Tom kan u nu niet helpen.
5402325	Tom n'aime pas vraiment les chiens.	5460740	Tom houdt niet echt van honden.
5402321	Tom a vu une souris.	5460741	Tom heeft een muis gezien.
5402147	Ce livre était neuf.	5460743	Dit boek was nieuw.
5402144	On se verra demain.	5460744	We zien elkaar morgen.
5402016	Les nombres impairs ne sont pas divisibles par 2.	5460745	Oneven getallen zijn niet deelbaar door twee.
5402000	Le jardinier devrait tondre la pelouse.	5460747	De tuinier moest het gras maaien.
5401984	Je ne veux pas être riche.	5460748	Ik wil niet rijk zijn.
5401789	Tom est votre oncle.	5460749	Tom is uw nonkel.
5401788	Tom est ton oncle.	5460750	Tom is je nonkel.
5401600	Est-ce que vous aimez votre mère ?	5460755	Houdt u van uw moeder?
5401596	C'était ton erreur.	5460759	Het was jouw fout.
5401254	Tom parle plusieures langues.	5460760	Tom spreekt meerdere talen.
5401252	Tom est le plus jeune fils de Mary.	5460761	Tom is de jongste zoon van Mary.
5401241	Je ne porte pas de montre mais j'avais l'habitude d'en porter une quand j'étais plus jeune.	5460762	Ik draag geen horloge, maar ik had de gewoonte er een te dragen toen ik jonger was.
5400284	Je suis désolée. J'ai oublié.	5460765	Het spijt me. Ik ben het vergeten.
5400280	Quelle était votre question ?	5460767	Wat was uw vraag?
5400279	Quelle était ta question ?	5460768	Wat was je vraag?
5400277	Vous n'avez pas l'air Japonaises.	5460769	Jullie zien er niet Japans uit.
5400274	Vous n'avez pas l'air Japonaise.	5460771	U ziet er niet Japans uit.
5400261	Tu n'as pas l'air Japonais.	5460773	Je ziet er niet Japans uit.
5399747	Tom ne put arrêter de rire.	5460776	Tom kon niet stoppen met lachen.
5399746	Tom n'a pas pu arrêter de rire.	5460778	Tom heeft niet kunnen stoppen met lachen.
5399743	Était-ce une explosion ?	5460783	Was dat een explosie?
5399738	Rien n'était drôle.	5460784	Niets was grappig.
5399732	Je veux juste ce qui est le meilleur pour toi.	5460785	Ik wil enkel maar het beste voor je.
5399725	Tom lit à sa fille.	5460788	Tom leest voor aan zijn dochter.
5399246	La tension est palpable entre eux.	5460798	De spanning tussen hen is te snijden.
5399242	J'ai un petit creux.	5460801	Ik heb een klein hongertje.
5399537	Je veux que vous alliez à Boston.	5460804	Ik wil dat u naar Boston gaat.
5399535	Je veux que tu ailles à Boston.	5460805	Ik wil dat je naar Boston gaat.
5399532	Comment as-tu réussi à t'échapper ?	5460806	Hoe ben je erin geslaagd te ontsnappen?
5399527	Tom ne flirtait pas.	5460807	Tom flirtte niet.
5399523	Je me sentais nostalgique.	5460808	Ik voelde me nostalgisch.
5399510	Combien de temps Tom a-t-il étudié le français ?	5460810	Hoelang heeft Tom Frans geleerd?
5399507	Tom est meilleur que moi en math.	5460812	Tom is beter dan ik in wiskunde.
5399506	Tom n'est pas vraiment malade. Il prétend seulement l'être.	5460813	Tom is niet echt ziek. Hij doet alsof.
5399367	Tu veux des cotons-tiges ?	5460816	Wil je oorstokjes?
5397760	Cela m'a beaucoup aidé !	5460821	Dat heeft me veel geholpen!
5397743	Je ne crois pas que ça soit la vérité.	5460822	Ik geloof niet dat dat de waarheid is.
5397738	Je suis un géant !	5460825	Ik ben een reus!
5397731	Ils l'ont tous félicitée.	5460828	Ze hebben hem allen gefeliciteerd.
5397728	Ce n'est pas ce dont Tom a besoin maintenant.	5460829	Dat is niet wat Tom op dit moment nodig heeft.
5398815	De quoi avez-vous besoin exactement ?	5460838	Wat heeft u net nodig?
5398812	De quoi as-tu besoin exactement ?	5460839	Wat heb je net nodig?
5397882	Je suis un escargot et les escargots ne se dépêchent jamais.	5460842	Ik ben een slak en slakken haasten zich nooit.
5396554	Tom vous aime !	5460843	Tom houdt van u!
5396552	Tom t'aime vraiment !	5460844	Tom houdt echt van je!
5396536	Tom avait l'air déçu.	5460845	Tom zag er ontgoocheld uit.
5396537	Tom ne sait pas si Marie est morte ou vivante.	5460846	Tom weet niet of Marie dood of levend is.
5396539	Tom semblait déçu.	5460848	Tom leek ontgoocheld.
5396541	Tom ne comprend manifestement pas très bien le français.	5460852	Tom verstaat klaarblijkelijk niet zo goed Frans.
5396542	Je dois venir le lundi.	5460853	Ik moet maandag komen.
5396544	Je suis jamais venu ici auparavant.	5460857	Ik ben hier nog nooit eerder gekomen.
5396473	Tu as un nom si beau.	5460865	Je hebt zo'n mooie naam.
5396472	Vous avez un si beau nom.	5460871	U heeft zo'n mooie naam.
5396470	Elles ont changé les règles.	5460874	Ze hebben de regels veranderd.
5396460	Je ne sais pas si vous êtes heureuse ou non.	5460878	Ik weet niet of u gelukkig bent of niet.
5396458	Je ne sais pas si tu es heureux ou non.	5460879	Ik weet niet of je gelukkig bent of niet.
5396456	Tom porte les chaussures de John.	5460881	Tom draagt de schoenen van John.
5396450	Je ne veux vraiment pas décevoir Tom.	5460887	Ik wil Tom echt niet teleurstellen.
5396432	Tom n'était pas mon mari à cette époque.	5460891	Tom was toentertijd niet mijn man.
5396407	Je ne voulais pas être vu.	5460893	Ik wou niet gezien worden.
5396405	Je ne leur reproche pas ceci.	5460895	Ik neem hen dit niet kwalijk.
5396400	Vous n'êtes pas comme les autres.	5460900	U bent niet zoals de anderen.
5396399	Tu n'es pas comme les autres.	5460902	Je bent niet zoals de anderen.
5396396	Ce n'est pas ce que Tom a voulu dire.	5460903	Dat is niet wat Tom wou zeggen.
5396393	Tom et Mary n'ont pas peur.	5460909	Tom en Mary zijn niet bang.
5396392	Tom a fait une liste des lieux qu'il souhaite visiter.	5460919	Tom heeft een lijst gemaakt van plekken die hij graag zou bezoeken.
5396389	Je voulais juste m'excuser.	5460921	Ik wou gewoon mijn excuses aanbieden.
5395862	Ce parfum sent bon.	5460923	Dit parfum ruikt lekker.
5395861	C'est presque trop facile.	5460927	Het is bijna te eenvoudig.
5395847	Je ne peux pas demander à Tom de faire ça.	5460929	Ik kan Tom niet vragen dat te doen.
5395839	C'est une excellent choix.	5460933	Het is een uitstekende keuze.
5395724	Je connais une meilleure façon de faire ça.	5460935	Ik ken een betere manier om dat te doen.
5395721	Je connais une meilleure façon de le faire.	5460939	Ik ken een betere manier om het te doen.
5395720	Tom ne va pas attendre.	5460940	Tom gaat niet wachten.
5395718	Tom savait où aller.	5460941	Tom wist waarnaartoe te gaan.
5395714	Tom a commandé un verre.	5460942	Tom heeft een glaasje besteld.
5395713	Tom a commandé une boisson.	5460943	Tom heeft een drankje besteld.
5395707	Tom regarde trop la télé.	5460944	Tom kijkt te veel tv.
5395706	Tom regarde trop la télévision.	5460945	Tom kijkt te veel televisie.
5395705	Tout le monde sait ce qui est arrivé ensuite.	5460948	Iedereen weet wat er vervolgens gebeurd is.
5395703	Je travaillai ce matin.	5460952	Ik werkte die ochtend.
5395702	J'ai travaillé ce matin.	5460953	Ik heb die ochtend gewerkt.
5395688	Tom et moi sommes restés en contact.	5460954	Tom en ik zijn in contact gebleven.
5395683	Tom est un homme de 33 ans.	5460956	Tom is een man van 33 jaar.
5394651	Je dois expliquer ça à Tom.	5460960	Ik moet dat uitleggen aan Tom.
5394132	Tom voulait danser avec Mary.	5460962	Tom wou dansen met Mary.
5394129	Tom voulait danser avec Marie.	5460963	Tom wou dansen met Marie.
5394128	Tom a un job compliqué.	5460964	Tom heeft een ingewikkelde job.
5394121	Je veux découvrir ce que Tom a fait hier.	5460971	Ik wil te weten komen wat Tom gisteren gedaan heeft.
5394119	Tom ne pouvait pas être plus heureux.	5460973	Tom zou niet nog gelukkiger kunnen zijn.
5394116	Je ne resterai pas ici seul.	5460975	Ik blijf hier niet alleen.
5394115	Je ne resterai pas ici tout seul.	5460977	Ik blijf hier niet helemaal alleen.
5394113	Peut-être que ce n'était pas si évident.	5460978	Misschien was het niet zo evident.
5394110	Tom regarde.	5460979	Tom kijkt.
5393889	Savez-vous où il a acheté son appareil photo ?	5460982	Weet u waar hij zijn fototoestel gekocht heeft?
5393888	Je suis content que tu m'aies invité.	5460983	Ik ben blij dat je me uitgenodigd hebt.
5393843	Elle est malheureuse depuis que son chat est mort.	5460986	Ze is ongelukkig sinds haar kat gestorven is.
5393828	Il n'a pas étudié dimanche soir.	5460990	Ze heeft zondagavond niet gestudeerd.
5393768	La maison de Tom est très grande.	5460991	Het huis van Tom is heel groot.
5393746	Tom est cruel.	5460994	Tom is wreed.
5393745	Tom ne nous dira pas ce qu'il sait.	5460996	Tom zal ons niet vertellen wat hij weet.
5393687	Ferme les yeux à nouveau.	5460999	Doe je ogen weer toe.
5393686	Fermez les yeux à nouveau.	5461000	Doe uw ogen weer toe.
5393687	Ferme les yeux à nouveau.	5461001	Sluit je ogen weer.
5393686	Fermez les yeux à nouveau.	5461002	Sluit uw ogen weer.
5393679	Tom s'est calmé.	5461003	Tom is gekalmeerd.
5393676	Tom vient ici presque quotidiennement.	5461005	Tom komt hier bijna dagelijks.
5393674	Tom vient ici presque tous les jours.	5461006	Tom komt hier bijna alle dagen.
5393671	Tom avait l'air jeune.	5461007	Tom zag er jong uit.
5393669	Dites à Tom qu'il lui faut porter une cravate demain.	5461008	Zeg tegen Tom dat hij morgen een das moet dragen.
5393658	Tom est mort en essayant de sauver un enfant d'un bâtiment en feu.	5461012	Tom is gestorven toen hij probeerde een kind uit een brandend gebouw te redden.
5393653	J'ai joué au tennis avec Tom.	5461014	Ik heb tennis gespeeld met Tom.
5393652	J'ai dit à Tom de ne pas utiliser ceux-là.	5461016	Ik heb Tom gezegd niet die daar te gebruiken.
5393650	J'ai conseillé à Tom de ne pas faire cela.	5461020	Ik heb Tom aangeraden dat niet te doen.
5393645	Tom est en prison pour un crime qu'il n'a pas commis.	5461023	Tom zit in de gevangenis voor een misdaad die hij niet gepleegd heeft.
5393643	Je n'ai même pas eu de carte postale.	5461025	Ik had niet eens een kaartje ontvangen.
5393634	Tom n'a pas pu persuader Mary de rester.	5461026	Tom is er niet in geslaagd Mary ervan te overtuigen te blijven.
5393623	Tom n'est pas stupide.	5461029	Tom is niet dom.
5393621	Il est important de comprendre que chaque pays a sa propre culture.	5461044	Het is belangrijk te begrijpen dat elk land zijn eigen cultuur heeft.
5393609	Tom a toujours des sentiments pour vous.	5461046	Tom heeft nog steeds gevoelens voor u.
5393608	Tom a toujours des sentiments pour toi.	5461047	Tom heeft nog steeds gevoelens voor jou.
5393606	Rendez-moi mon chapeau.	5461049	Geef me mijn hoed terug.
5393602	N'est-ce pas sympa ?	5461052	Is dat niet tof?
5393601	N'est-ce pas gentil ?	5461053	Is dat niet lief?
5393600	Dites à tout le monde que je suis désolé, s'il vous plaît.	5461054	Zeg iedereen dat het me spijt, alsjeblieft.
5393332	Les maths sont pour moi une matière facile.	5461061	Wiskunde is voor mij een makkelijk vak.
5393329	Cette chambre a l'air d'une porcherie.	5461063	Deze kamer lijkt wel een varkensstal.
5393329	Cette chambre a l'air d'une porcherie.	5461064	Die kamer lijkt wel een varkensstal.
5393323	Son langage ne me plaît pas.	5461067	Zijn taalgebruik bevalt me niet.
5393321	Hélas, la réponse n'est pas simple.	5461068	Helaas is het antwoord niet eenvoudig.
5393317	Elles étudient l'après-midi.	5461069	Ze studeren in de namiddag.
5393499	Tom a des problèmes de vue.	5461070	Tom heeft problemen met het zicht.
5393494	Tom et Marie ont ri.	5461071	Tom en Marie hebben gelachen.
5393371	Aujourd'hui, j'ai rédigé ma dix-millième phrase en français.	5461077	Vandaag heb ik mijn tienduizendste Franse zin geschreven.
5393365	Il est trop vieux pour diriger lui-même ses affaires.	5461079	Hij is te oud om zelf zijn zaken te regelen.
5393357	Le château d'Antoine compte vingt chambres à coucher.	5461088	Het kasteel van Antoine telt twintig slaapkamers.
5393348	Tous les patients sont finalement décédés.	5461089	Alle patiënten zijn uiteindelijk overleden.
5393526	Je me sentais confiant.	5461090	Ik voelde me zelfzeker.
5393522	Vous avez dit à Tom de ne pas venir, n'est-ce pas ?	5461091	U heeft Tom gezegd niet te komen, nietwaar?
5393520	Tu as dit à Tom de ne pas venir, n'est-ce pas ?	5461093	Jij hebt Tom gezegd niet te komen, nietwaar?
5393517	J'ai vu Tom il y a trois heures.	5461094	Ik heb Tom drie uur geleden gezien.
5393514	Tom compte sur Mary.	5461095	Tom rekent op Mary.
5393311	Je considère ceci comme une bonne option.	5461100	Ik zie dit als een goede optie.
5393310	Je pense que ceci est une bonne option.	5461101	Ik denk dat dit een goede optie is.
5393262	Pensez-vous que Tom nous a vus ?	5461105	Denkt u dat Tom ons gezien heeft?
5393262	Pensez-vous que Tom nous a vus ?	5461107	Denken jullie dat Tom ons gezien heeft?
5393259	Penses-tu que Tom nous a vus ?	5461109	Denk jij dat Tom ons gezien heeft?
5393230	Je pensais que tu étais un Canadien.	5461111	Ik dacht dat je een Canadees was.
5393199	Je peux vous apprendre à faire ça.	5461112	Ik kan u aanleren hoe dat te doen.
5393198	Je peux t'apprendre à faire ça.	5461113	Ik kan je aanleren hoe dat te doen.
5392689	J'achète des fruits et du chocolat.	5461114	Ik koop fruit en chocolade.
5392679	Tom est l'ami de mon fils.	5461115	Tom is de vriend van mijn zoon.
5392678	Je ne comprends pas ce qu'il m'arrive.	5461116	Ik begrijp niet wat me overkomt.
5392677	Cela vous semble-t-il juste ?	5461117	Lijkt dat u rechtvaardig?
5392676	Cela te semble-t-il juste ?	5461118	Lijkt dat je rechtvaardig?
5392674	Tom s'est pris une autre bière.	5461119	Tom nam nog een biertje.
5392670	J'ai demandé à Tom s'il connaissait Mary.	5461123	Ik heb aan Tom gevraagd of hij Mary kent.
5392668	J'ai encore besoin de quelques jours.	5461124	Ik heb nog enkele dagen de tijd nodig.
5392667	Il me faut quelques jours de plus.	5461126	Ik heb nog een paar dagen extra nodig.
5392666	Je pense que j'ai été suivi par quelqu'un.	5461127	Ik denk dat ik gevolgd werd door iemand.
5392663	Étais-tu sincère ?	5461128	Was je oprecht?
5392658	Ne gaspillez pas mon temps en posant des questions stupides.	5461130	Verspil mijn tijd niet met het stellen van domme vragen.
5392655	Tom a disparu sans laisser de traces.	5461131	Tom is spoorloos verdwenen.
5392654	Tom disparut sans laisser de traces.	5461133	Tom verdween spoorloos.
5392653	Tom a dit que Mary viendrait.	5461134	Tom heeft gezegd dat Mary zou komen.
5392641	Aujourd'hui était un jour terrible.	5461135	Vandaag was een verschrikkelijke dag.
5392640	Je ne sais même pas si je veux continuer à faire ceci.	5461137	Ik weet zelfs niet of ik dit verder wil doen.
5392509	S'il vous plaît, ne le dites à personne d'autre.	5461140	Zeg het alsjeblieft tegen niemand anders.
5392183	Si tu dois aller, alors, va.	5461147	Als je door moet, ga dan.
5392159	Vous êtes Tom, pas vrai ?	5461149	U bent Tom, nietwaar?
5392154	Tu es Tom, n'est-ce pas ?	5461150	Jij bent Tom, nietwaar?
5392123	Fabien, tu viendras avec nous samedi après-midi à la piscine ?	5461158	Fabien, kom je zaterdagnamiddag met ons mee naar het zwembad?
5391960	Elle se brûla avec le fer à repasser.	5461162	Ze verbrandde zich aan het strijkijzer.
5391955	Cette usine fabrique des jouets.	5461163	Die fabriek produceert speelgoed.
5391955	Cette usine fabrique des jouets.	5461164	Deze fabriek produceert speelgoed.
5391954	Ils ont décidé de fermer cette usine.	5461166	Ze hebben besloten die fabriek te sluiten.
5391954	Ils ont décidé de fermer cette usine.	5461167	Ze hebben besloten deze fabriek te sluiten.
5391950	Ton amitié est très importante pour moi.	5461169	Jouw vriendschap is heel belangrijk voor me.
5391575	Tom veut me persuader que la Terre est plate, mais je ne puis le croire.	5461172	Tom wil me ervan overtuigen dat de Aarde plat is, maar ik kan hem niet geloven.
5391569	C'est uniquement par curiosité que j'ai acheté ces biographies.	5461178	Het is louter uit nieuwsgierigheid dat ik deze biografieën gekocht heb.
5391459	Tom pensait souvent à Mary.	5461179	Tom dacht vaak aan Mary.
5391569	C'est uniquement par curiosité que j'ai acheté ces biographies.	5461181	Het is louter uit nieuwsgierigheid dat ik die biografieën gekocht heb.
5391456	Tom a souvent pensé à Mary.	5461182	Tom heeft vaak aan Mary gedacht.
5391455	Tout le monde semble passer du bon temps.	5461183	Iedereen lijkt zich te vermaken.
5391448	Pensez-vous vraiment que Tom est heureux ?	5461185	Denkt u echt dat Tom gelukkig is?
5391448	Pensez-vous vraiment que Tom est heureux ?	5461186	Denken jullie echt dat Tom gelukkig is?
5391447	Penses-tu vraiment que Tom est heureux ?	5461187	Denk je echt dat Tom gelukkig is?
5391442	Quels crimes avez-vous commis ?	5461188	Welke misdaden heeft u begaan?
5391442	Quels crimes avez-vous commis ?	5461189	Welke misdaden hebben jullie begaan?
5391439	Quels crimes as-tu commis ?	5461190	Welke misdaden heb jij begaan?
5391437	J'habitais près d'un parc.	5461191	Ik woonde nabij een park.
5391426	Je sais où elles emmènent Tom.	5461193	Ik weet waar ze Tom naartoe brengen.
5391419	Reste hors de ma chambre.	5461195	Blijf uit mijn kamer.
5391415	Mon téléphone ne fonctionne pas.	5461197	Mijn telefoon doet het niet.
5391408	Tom a ignoré le conseil de Mary.	5461198	Tom heeft niet naar de raad van Mary geluisterd.
5391405	Tom ignora le conseil de Mary.	5461199	Tom luisterde niet naar de raad van Mary.
5391236	J'aimerais étudier le français.	5461201	Ik zou graag Frans studeren.
5391234	Tom tripla son investissement en six mois.	5461202	Tom verdriedubbelde zijn investering in zes maanden.
5391233	Tom a triplé son investissement en six mois.	5461203	Tom heeft zijn investering verdriedubbeld in zes maanden.
5391224	Est-ce si urgent ?	5461204	Is het zo dringend?
5391222	Nous ne savons même pas si c'est vrai.	5461205	We weten niet eens of het waar is.
5391221	On ne sait même pas si c'est vrai.	5461207	Men weet niet eens of het waar is.
5391213	C'était une bonne réponse.	5461208	Het was een goed antwoord.
5391212	Tom a dit à Mary qu'il était occupé.	5461209	Tom heeft Mary gezegd dat hij bezig was.
5391211	Qu'y a-t-il de plus à savoir ?	5461211	Wat meer valt er te weten?
5391207	Tom a acheté une voiture d'occasion.	5461212	Tom heeft een tweedehandswagen gekocht.
5391191	Je ne savais même pas que Tom avait une copine.	5461213	Ik wist niet eens dat Tom een vriendin had.
5391190	Je ne savais même pas que Tom avait une petite amie.	5461214	Ik wist niet eens dat Tom een vriendinnetje had.
5391182	C'est l'une de nos spécialités.	5461215	Het is een van onze specialiteiten.
5391175	Je me demande ce qui les fait rire.	5461216	Ik vraag me af wat hen doet lachen.
5391162	Nous ne sommes pas encore libres.	5461217	We zijn nog niet vrij.
5391160	Je veux juste dire quelque chose à Tom.	5461218	Ik wil gewoon wat zeggen tegen Tom.
5391154	Êtes-vous en difficulté ?	5461219	Bent u in de moeilijkheden?
5391143	Elles veulent ceci.	5461220	Ze willen dit.
5391136	Ils ont l'air de bien s'amuser.	5461222	Ze lijken zich goed te amuseren.
5391135	On dirait qu'ils s'amusent bien.	5461223	Het lijkt erop dat ze zich goed amuseren.
5391128	Tom marche rapidement.	5461224	Tom wandelt snel.
5391068	Combien de personnes vivent en Australie ?	5461225	Hoeveel mensen wonen er in Australië?
5391062	La tasse a une fêlure.	5461226	De tas heeft een barst.
5391055	Il n'est pas trop tard pour vous.	5461227	Het is niet te laat voor u.
5391055	Il n'est pas trop tard pour vous.	5461228	Het is niet te laat voor jullie.
5391054	Il n'est pas trop tard pour toi.	5461229	Het is niet te laat voor jou.
5391046	Je peux te donner quelque chose pour ta douleur.	5461231	Ik kan je iets geven tegen de pijn.
5391014	Vous avez grandi, Tom.	5461232	U bent gegroeid, Tom.
5390943	Tu sous-estimes ton importance.	5461233	Je onderschat je belang.
5390941	J'ai essayé de parler à Tom, mais il m'a ignoré.	5461234	Ik heb geprobeerd met Tom te praten, maar hij negeerde me.
5461878	L'espéranto n'a pas d'exceptions.	5462302	Esperanto heeft geen uitzonderingen.
5461754	Taro est resté à Tokyo pendant trois jours.	5462304	Taro is gedurende drie dagen in Tokyo gebleven.
5461681	Tom est le tout nouveau membre de notre équipe.	5462308	Tom is het allernieuwste lid van onze ploeg.
5461679	Ce n'est pas mon parapluie. Il appartient à quelqu'un d'autre.	5462310	Het is niet mijn paraplu. Hij is van iemand anders.
5461670	Veux-tu vraiment faire ça ?	5462311	Wil je dat echt doen?
5461668	Veux-tu vraiment faire ceci ?	5462312	Wil je dit echt doen?
5461665	Je parle français avec Tom et Mary.	5462313	Ik spreek Frans met Tom en Mary.
5461663	Personne ne peut vous aider, Tom.	5462316	Niemand kan u helpen, Tom.
5461662	Personne ne peut t'aider, Tom.	5462317	Niemand kan je helpen, Tom.
5461641	Croyez ce que vous voulez.	5462324	Geloof wat u wil.
5461640	Crois ce que tu veux.	5462325	Geloof wat je wil.
5461638	J'ai acheté un hot dog à Tom.	5462326	Ik heb een hot dog van Tom gekocht.
5461633	Tom est vraiment ambitieux.	5462331	Tom is echt ambitieus.
5461631	Tom est très ambitieux.	5462332	Tom is heel ambitieus.
5461629	Tom ne peut même pas encore écrire son propre nom.	5462339	Tom kan nog niet eens zijn eigen naam schrijven.
5461623	Elles avaient l'air soulagées.	5462340	Ze zagen er opgelucht uit.
5461621	Ils semblaient soulagés.	5462341	Ze leken opgelucht.
5461614	Je viens d'être puni.	5462343	Ik ben zonet gestraft.
5461609	Je suis libre tous les jours sauf lundi.	5462344	Ik ben alle dagen vrij, behalve op maandag.
5461604	Je veux un martini.	5462348	Ik wil een martini.
5461602	Tom a été le seul à rire.	5462349	Tom was de enige die lachte.
5461596	Je veux apprendre à faire du snowboard.	5462351	Ik wil leren snowboarden.
5461554	Combien d'enfants y a-t-il ?	5462352	Hoeveel kinderen zijn er?
5461552	Je sais à quel point Tom est important pour vous.	5462353	Ik weet hoezeer Tom belangrijk is voor jullie.
5461552	Je sais à quel point Tom est important pour vous.	5462356	Ik weet hoezeer Tom belangrijk is voor u.
5461551	Je sais à quel point Tom est important pour toi.	5462357	Ik weet hoezeer Tom belangrijk is voor je.
5461543	Ma femme était furieuse.	5462358	Mijn vrouw was razend.
5461533	Je ne le dirai pas à Tom.	5462360	Ik zal het niet tegen Tom zeggen.
5461526	Cherche les nouveaux mots dans ton dictionnaire.	5462361	Zoek de nieuwe woorden op in je woordenboek.
5461525	Cherchez les nouveaux mots dans votre dictionnaire.	5462363	Zoek de nieuwe woorden op in uw woordenboek.
5461519	La police est à la recherche du voleur.	5462366	De politie is op zoek naar de dief.
5461517	Oublions ce qu'il s'est passé la nuit dernière.	5462367	Laten we vergeten wat er afgelopen nacht gebeurd is.
5461513	Elle n'était pas si grande.	5462368	Ze was niet zo groot.
5461512	Il n'était pas si grand.	5462370	Hij was niet zo groot.
5461508	Tom n'a pas à venir demain.	5462372	Tom hoeft morgen niet te komen.
5461500	Est-ce que ça te convient ?	5462374	Komt dat uit voor jou?
5461500	Est-ce que ça te convient ?	5462375	Vind je dat goed?
5461463	Ne découragez pas Tom !	5462376	Ontmoedig Tom niet!
5461462	Vous êtes une femme admirable.	5462377	U bent een bewonderenswaardige vrouw.
5389770	Je dois parler avec toi.	5462378	Ik moet met jou praten.
5389749	Je ne suis pas Italien.	5462379	Ik ben niet Italiaans.
5389741	Quelle fleur est bleue ?	5462380	Welke bloem is blauw?
5389690	Ce sont nos enfants.	5462383	Het zijn onze kinderen.
5389679	Ne touchez pas le poêle.	5462384	Raak de kachel niet aan.
5389666	J'attendrai patiemment.	5462386	Ik zal geduldig wachten.
5389614	Est-ce une louve ?	5462387	Is het een wolvin?
5389613	Est-ce un loup ?	5462388	Is het een wolf?
5389593	Tom a dit que nous te trouverions ici.	5462391	Tom zei dat we je hier zouden vinden.
5389592	Tom a dit que nous vous trouverions ici.	5462394	Tom zei dat we jullie hier zouden vinden.
5389584	Je dois admettre que je suis intéressée.	5462397	Ik moet toegeven dat ik geïnteresseerd ben.
5389581	J'ai cherché mes clés toute la journée.	5462399	Ik heb de hele dag mijn sleutels lopen te zoeken.
5389578	Tom n'est plus un garçon.	5462401	Tom is geen jongen meer.
5389571	Tom adore être dehors.	5462402	Tom houdt van buiten zijn.
5389566	Je voulais juste te poser quelques questions.	5462405	Ik wou je gewoon enkele vragen stellen.
5389565	Je voulais seulement vous poser quelques questions.	5462406	Ik wou jullie gewoon enkele vragen stellen.
5389565	Je voulais seulement vous poser quelques questions.	5462407	Ik wou u gewoon enkele vragen stellen.
5389564	Est-ce que vous savez pourquoi ?	5462408	Weten jullie waarom?
5389563	Est-ce que tu sais pourquoi ?	5462409	Weet jij waarom?
5389564	Est-ce que vous savez pourquoi ?	5462410	Weet u waarom?
5389515	Tom commençait à se sentir fatigué.	5462415	Tom begon zich moe te voelen.
5389514	Tom a assisté à l'enterrement de Mary.	5462416	Tom heeft de begrafenis van Mary bijgewoond.
5389513	Tom était présent à l'enterrement de Mary.	5462417	Tom was aanwezig op de begrafenis van Mary.
5389511	Regardez-vous attentivement ?	5462418	Kijkt u aandachtig?
5389510	Regardes-tu attentivement ?	5462419	Kijk je aandachtig?
5389511	Regardez-vous attentivement ?	5462420	Kijken jullie aandachtig?
5389504	Tom ment constamment.	5462421	Tom liegt constant.
5389505	Tom est toujours en train de mentir.	5462422	Tom is altijd aan het liegen.
5389505	Tom est toujours en train de mentir.	5462423	Tom is nog steeds aan het liegen.
5389494	Ce serait ironique, n'est-ce pas ?	5462425	Dat zou ironisch zijn, nietwaar?
5387554	Les enfants font des trucs stupides.	5462427	Kinderen doen domme dingen.
5387527	Qui l'aide ?	5462429	Wie helpt hem?
5387518	Tom et Mary sont encore jeunes.	5462430	Tom en Mary zijn nog jong.
5387516	Tom et Mary sont toujours jeunes.	5462431	Tom en Mary zijn nog steeds jong.
5387515	Tom et Marie sont encore jeunes.	5462432	Tom en Marie zijn nog steeds jong.
5387511	Je pense que je me suis cassé le bras.	5462433	Ik denk dat ik mijn arm gebroken heb.
5387507	Le plus long mot de la langue française est "anticonstitutionnellement".	5462435	Het langste woord in de Franse taal is "anticonstitutionnellement".
5387050	Strictement parlant, la tomate est un fruit.	5462437	Strikt genomen zijn tomaten fruit.
5386986	Ouvre la fenêtre !	5462438	Open het raam!
5386987	Tom lave ses cheveux quasiment chaque jour.	5462440	Tom wast zijn haar vrijwel dagelijks.
3414100	C'est du chantage.	5462613	Het is chantage.
3414089	Les autres étudiants ont ri.	5462618	De andere studenten hebben gelachen.
3414093	Je n'arrivais pas à me faire comprendre en français.	5462619	Ik kon mezelf niet verstaanbaar maken in het Frans.
3414088	Tous les étudiants rirent.	5462620	Alle studenten lachten.
3414086	Tous les étudiants ont ri.	5462621	Alle studenten hebben gelachen.
3414068	Comment synthétise-t-on l'aspirine ?	5462622	Hoe synthetiseert men aspirine?
3414023	Elle l'a vu sourire.	5462623	Ze heeft hem zien glimlachen.
3414023	Elle l'a vu sourire.	5462624	Ze heeft haar zien glimlachen.
3412756	Internet a tout changé.	5462626	Internet heeft alles veranderd.
3412753	Comment s'est déroulé votre examen ?	5462627	Hoe is uw examen verlopen?
3412751	Comment s'est déroulé ton examen ?	5462628	Hoe is je examen verlopen?
3412717	Les rumeurs étaient vraies.	5462630	De geruchten waren waar.
3412714	Les rumeurs étaient fausses.	5462631	De geruchten waren fout.
3412235	C'était un peu macabre.	5462636	Het was een beetje macaber.
3412233	C'était un peu lugubre.	5462638	Het was een beetje luguber.
3412224	Êtes-vous ici avec quelqu'un ?	5462642	Bent u hier met iemand?
3412223	Es-tu ici avec quelqu'un ?	5462644	Ben je hier met iemand?
3412217	Tout cela n'est pas nécessaire.	5462646	Dat is allemaal niet nodig.
3412199	Je vous ai déjà sauvé la vie deux fois.	5462651	Ik heb uw leven al tweemaal gered.
3412198	Je t'ai déjà sauvé la vie deux fois.	5462653	Ik heb jouw leven al tweemaal gered.
2532030	Je peux parler le chinois, mais pas le lire.	5462669	Ik kan Chinees praten, maar niet schrijven.
2532024	Le finnois est la langue de ma femme.	5462671	Fins is de taal van mijn vrouw.
2532021	Ne joue pas avec le feu !	5462673	Speel niet met vuur!
2532018	Pleures-tu souvent ?	5462679	Ween jij vaak?
2532000	Parfait ! Tout le monde est là.	5462683	Perfect! Iedereen is er.
2531975	Elle était brave, même si elle n'était encore qu'une enfant.	5462686	Ze was dapper, ook al was ze nog maar een kind.
1180689	Il épluche les pommes de terre et elle les coupe en morceaux.	5462701	Hij schilt de aardappels en zij snijdt ze in stukken.
1180694	Des fautes comme celles-ci, tu en commets souvent.	5462706	Fouten als deze maak jij vaak.
1180663	J'ai envie d'acheter un nouveau canapé.	5462711	Ik heb zin om een nieuwe zetel te kopen.
1180653	Tu as acheté des bougies.	5462712	Jij hebt kaarsen gekocht.
1180616	Laissez-moi mourir.	5462713	Laat me sterven.
1180611	Vous pouvez le voir à l'œil nu.	5462715	U kan het zien met het blote oog.
1180611	Vous pouvez le voir à l'œil nu.	5462717	Jullie kunnen het zien met het blote oog.
1180609	Dites-moi quel film vous avez vu.	5462719	Vertel me welke film u gezien heeft.
1180606	C'est mon ami. Le connaissez-vous ?	5462720	Dit is mijn vriend. Kennen jullie hem?
1180609	Dites-moi quel film vous avez vu.	5462722	Vertel me welke film jullie gezien hebben.
1180606	C'est mon ami. Le connaissez-vous ?	5462723	Dit is mijn vriend. Kent u hem?
1180596	Que font ces gens ?	5462725	Wat doen die mensen?
1180589	Tom est déjà là, mais Bill n'est pas encore arrivé.	5462726	Tom is er al, maar Bill is nog niet aangekomen.
1180574	Ma meilleure amie est à Rome en ce moment.	5462727	Mijn beste vriendin is op dit moment in Rome.
1180572	Mon meilleur ami est à Rome en ce moment.	5462729	Mijn beste vriend is op dit moment in Rome.
1180564	Il mit son repas dans un sac en papier.	5462730	Hij stak zijn maaltijd in een papieren zak.
1180562	Voulez-vous un sac en plastique ou en papier ?	5462732	Wilt u een plastieken of papieren zak?
1180562	Voulez-vous un sac en plastique ou en papier ?	5462733	Willen jullie een plastieken of papieren zak?
1180549	Ironique, n'est-ce pas ?	5462734	Ironisch, toch?
1180510	S'il vous plait, ne faites pas attention à moi.	5462736	Let maar niet op mij, alsjeblieft.
1180409	Ce n'était qu'un rêve ?	5462739	Was het slechts een droom?
1180401	Essaie de te comporter comme quelqu'un de ton âge.	5462741	Probeer je naar je leeftijd te gedragen.
1180393	Je ne suis qu'un messager.	5462744	Ik ben slechts boodschapper.
1180348	Lequel est le plus lourd des deux ?	5462747	Welk van de twee is het zwaarst?
1180345	C'est le moins cher des deux.	5462748	Het is de goedkoopste van de twee.
1180348	Lequel est le plus lourd des deux ?	5462749	Welke van de twee is het zwaarst?
1180345	C'est le moins cher des deux.	5462750	Het is het goedkoopste van de twee.
1180344	Quel est le plus cher des deux ?	5462751	Welke van de twee is het duurst?
1180344	Quel est le plus cher des deux ?	5462752	Welk van de twee is het duurst?
1180333	C'est une situation difficile.	5462753	Het is een moeilijke situatie.
1180271	Je te le dis seulement si tu le gardes pour toi.	5462757	Ik zeg je het enkel als je het voor jezelf houdt.
1180245	Soudain, il me vint une bonne idée.	5462760	Plotseling kreeg ik een goed idee.
1180236	Je pense que je vais acheter cette cravate.	5462761	Ik denk dat ik deze das ga kopen.
1180235	Il était content de sa nouvelle voiture.	5462763	Hij was tevreden met zijn nieuwe auto.
1180234	Les feuilles du bouleau ont déjà jauni.	5462765	De bladeren van de berk zijn al vergeeld.
1180228	J'ai dépensé dix dollars pour un livre.	5462767	Ik heb tien dollar uitgegeven aan een boek.
1180217	Je n'ai rien de plus à dire sur lui.	5462772	Ik heb verder niets meer over hem te vertellen.
1180208	Il l'a vu aussi.	5462775	Hij heeft hem ook gezien.
1180208	Il l'a vu aussi.	5462776	Hij heeft het ook gezien.
1180208	Il l'a vu aussi.	5462777	Hij heeft haar ook gezien.
1180206	Aucun autre élève dans la classe n'est aussi brillant que lui.	5462779	Geen enkele andere leerling in de klas is zo briljant als hij.
5472014	Tom souhaitait laisser sa bicyclette dans mon garage.	5472025	Tom wou zijn fiets in mijn garage laten.
5471127	J'ai étudié à Boston de 2003 à 2007.	5472026	Ik heb gestudeerd in Boston van 2003 tot 2007.
5470654	Tom n'est plus mon copain.	5472027	Tom is mijn vriend niet meer.
5469107	Je vois le livre de votre père.	5472094	Ik zie het boek van uw vader.
5469106	Je vois le livre de ton père.	5472095	Ik zie het boek van jouw vader.
5469103	Pourquoi Tom n'aime-t-il pas Boston ?	5472096	Waarom houdt Tom niet van Boston?
5468831	Ils ne sauront jamais.	5472100	Ze zullen het nooit weten.
5468825	Tu parles vraiment bien français.	5472101	Je spreekt echt goed Frans.
5468034	Pas facile de faire ça bien.	5472103	Het is niet eenvoudig dat goed te doen.
5467637	Épargne-moi les détails.	5472104	Bespaar me de details.
5466668	Je n'arrive pas à croire que Tom est encore célibataire.	5472108	Ik kan maar niet geloven dat Tom nog vrijgezel is.
5466615	Tom n'est pas là-bas.	5472112	Tom is daar niet.
5466611	Il a bien écouté, mais n'a rien pu entendre.	5472133	Hij heeft goed geluisterd, maar heeft niets kunnen horen.
5466556	Tu es irresponsable.	5472138	Jij bent onverantwoordelijk.
5466005	Est-ce que quelqu'un ici a un décapsuleur ?	5472143	Heeft iemand hier een flesopener?
5466000	C'est le même vin.	5472144	Het is dezelfde wijn.
5465999	Tous les jours, Tom doit parler français au travail.	5472146	Elke dag moet Tom op zijn werk Frans praten.
5465995	Donne ce livre à Tom.	5472147	Geef dit boek aan Tom.
5465995	Donne ce livre à Tom.	5472148	Geef dat boek aan Tom.
5465991	Tout le monde ici me connaît.	5472149	Iedereen hier kent me.
5465983	Je me suis levé très tôt ce matin.	5472150	Ik ben die ochtend vroeg opgestaan.
5465983	Je me suis levé très tôt ce matin.	5472153	Ik ben deze morgen vroeg opgestaan.
5465983	Je me suis levé très tôt ce matin.	5472155	Ik ben vanmorgen vroeg opgestaan.
5464564	Il maîtrise deux langues étrangères en plus de l'anglais.	5472158	Hij beheerst twee vreemde talen bovenop het Engels.
5464435	C'est un boulot de rêve.	5472160	Het is een droomjob.
5463729	J'ai acheté un gaufrier pour faire des gaufres avec mes amis.	5472164	Ik heb een wafelijzer gekocht om met mijn vrienden wafels te bakken.
5463720	Tom aime vraiment son pays.	5472165	Tom houdt echt van zijn land.
5463564	Je resterai ici jusqu'à ce qu'il arrive.	5472168	Ik blijf hier totdat hij aankomt.
5463218	Je sais que je vais regretter ça.	5472174	Ik weet dat ik er spijt van ga hebben.
5463219	Quelqu'un a attaqué Tom.	5472176	Iemand heeft Tom aangevallen.
5463220	Quelqu'un attaqua Tom.	5472179	Iemand viel Tom aan.
5463221	Le nez de Tom était rouge.	5472181	De neus van Tom was rood.
5463223	Ils n'ont pas demandé ça.	5472182	Dat hebben ze niet gevraagd.
5461653	Tom ne saura jamais que c'est toi qui me l'as dit.	5472187	Tom zal nooit weten dat jij het was die me het vertelde.
5461654	Tom ne saura jamais que c'est vous qui me l'avez dit.	5472189	Tom zal nooit weten dat u het was die me het vertelde.
5461656	Tom t'a-t-il dit où il allait ?	5472191	Heeft Tom jou verteld waar hij heen ging?
5461658	Tom vous a-t-il dit où il allait ?	5472192	Heeft Tom u verteld waar hij heen ging?
5461666	Les prix vont certainement augmenter.	5472193	De prijzen zullen zeker stijgen.
5461672	Voulez-vous vraiment faire ceci ?	5472195	Wilt u dit werkelijk doen?
5381905	Il sait chanter en japonais.	5472767	Hij kan zingen in het Japans.
5381957	Si Tom mangeait plus de légumes, il serait probablement en meilleure santé.	5472768	Als Tom meer groenten zou eten, zou hij allicht gezonder zijn.
5381900	C'était une année extraordinaire.	5472770	Het was een buitengewoon jaar.
5381856	Nous vous remercions pour votre coopération.	5472775	Wij danken u voor uw medewerking.
5381856	Nous vous remercions pour votre coopération.	5472776	Wij danken jullie voor jullie medewerking.
5381857	Nous te remercions pour ta coopération.	5472777	Wij danken je voor je medewerking.
5381859	Est-ce que tes enfants te manquent ?	5472778	Mis je je kinderen?
5381853	Est-ce que Tom veut quelque chose ?	5472780	Wil Tom iets?
5381850	Je suis presque aussi grand que Tom.	5472782	Ik ben bijna zo groot als Tom.
5381847	Laissez-moi vous poser une question stupide.	5472783	Laat me u een domme vraag stellen.
5381847	Laissez-moi vous poser une question stupide.	5472784	Laat me jullie een domme vraag stellen.
5381812	Vous êtes tellement impatientes.	5472792	Jullie zijn zo ongeduldig.
5381807	Vous êtes tellement impatiente.	5472794	U bent zo ongeduldig.
5381795	Tu es tellement impatiente.	5472796	Je bent zo ongeduldig.
5381772	Ne sois pas si méprisante et hautaine, Marie.	5472798	Wees niet zo minachtend en hooghartig, Marie.
5381745	Ne sois pas si dramatique, Tom.	5472799	Wees niet zo dramatisch, Tom.
5381727	Ne sois pas si impulsif la prochaine fois. D'accord?	5472802	Wees de volgende keer niet zo impulsief. Oké?
5381725	Ne sois pas si têtue, Marie.	5472804	Wees niet zo koppig, Marie.
5381724	Ne sois pas si sentimental, Tom.	5472805	Wees niet zo sentimenteel, Tom.
5381722	Ne sois pas si fier d'être diplômé.	5472807	Wees niet zo trots gediplomeerd te zijn.
5381702	Ne sois pas si négatif tout le temps.	5472809	Wees niet de hele tijd zo negatief.
5381691	Ne sois pas si naïf, Tom.	5472810	Wees niet zo naïef, Tom.
5381690	Ne sois pas si dur envers toi-même.	5472812	Wees niet zo hard voor jezelf.
5381245	Quel est le nom de ton chien ?	5472815	Wat is de naam van jouw hond?
5381244	Je ne suis toujours pas habitué à me lever si tôt.	5472816	Ik ben het nog steeds niet gewoon zo vroeg op te staan.
5381243	Je vous verrai plus tard, d'accord ?	5472817	Ik zie u later, oké?
5381243	Je vous verrai plus tard, d'accord ?	5472819	Ik zie jullie later, oké?
5381242	Je te verrai plus tard, d'accord ?	5472820	Ik zie je later, oké?
5381224	Je suis celui qui a tué Tom.	5472829	Ik ben diegene die Tom vermoord heeft.
5381218	Où est la brosse à dents?	5472831	Waar is de tandenborstel?
5381212	Vous êtes un enfant bizarre.	5472834	U bent een vreemd kind.
5381207	Tom vit maintenant près de Boston.	5472836	Tom woont nu dicht bij Boston.
5381202	Appelle-moi si tu as besoin d'aide.	5472840	Roep me als je hulp nodig hebt.
5381203	Appelez-moi si vous avez besoin d'aide.	5472842	Roep me als u hulp nodig heeft.
5381203	Appelez-moi si vous avez besoin d'aide.	5472843	Roep me als jullie hulp nodig hebben.
5381099	Le panier était vide.	5472850	De mand is leeg.
5381098	C'était très bizarre.	5472851	Het was heel bizar.
5381090	Tom reste.	5472852	Tom blijft.
5380886	Cette phrase se termine par un point d'exclamation !	5472853	Deze zin eindigt met een uitroepteken!
5380768	Son père est mort quand elle avait trois ans.	5472854	Haar vader is gestorven toen zij drie jaar was.
5380756	Les professeurs et les enfants me détestent, et je les déteste aussi. Pourquoi dois-je aller à l'école ?	5472855	De leerkrachten en de kinderen haten mij, en ik haat hen ook. Waarom moet ik naar school gaan?
5380746	Un diabétique a trop de sucre dans son sang et dans son urine.	5472857	Een diabeticus heeft te veel suiker in zijn bloed en in zijn urine.
5380740	Je viens d'une petite ville en Australie.	5472858	Ik kom uit een kleine stad in Australië.
5380728	La police interroge les témoins.	5472859	De politie ondervraagt de getuigen.
5380570	Mon opinion n'a pas vraiment d'importance.	5472860	Mijn mening is niet echt van belang.
5380622	J'ai rencontré par hasard un vieil ami à la gare de Tokyo.	5472861	Ik ben per toeval een oude vriend in het station van Tokio tegengekomen.
5380531	Tom a appelé pour dire qu'il serait en retard.	5472862	Tom heeft gebeld om te zeggen dat hij te laat zal zijn.
5380527	Tom s'est marié à une femme beaucoup plus jeune.	5472865	Tom is getrouwd met een veel jongere vrouw.
5381156	Pourquoi penses-tu que je suis ici ?	5472867	Waarom denk je dat ik hier ben?
5381158	Penses-tu que tu as fait le mauvais choix ?	5472868	Denk je dat je de foute keuze gemaakt hebt?
5381160	Pensez-vous avoir fait le mauvais choix ?	5472869	Denkt u de foute keuze gemaakt te hebben?
5381161	Ne confonds pas les deux.	5472870	Haal de twee niet door elkaar.
5381165	Comment va ta femme, Tom ?	5472872	Hoe gaat het met je vrouw, Tom?
5381166	Comment va votre femme, Tom ?	5472873	Hoe gaat het met uw vrouw, Tom?
3077707	Il ne fait pas la distinction entre le bien et le mal.	5472875	Hij maakt geen onderscheid tussen goed en kwaad.
7458	J'aimerais que tu me postes cette lettre.	5472908	Ik zou graag hebben dat je die brief voor mij post.
7458	J'aimerais que tu me postes cette lettre.	5472909	Ik zou graag hebben dat je die brief voor mij op de bus doet.
3659656	J'ai allumé les phares.	5472957	Ik heb de koplampen aangestoken.
5461638	J'ai acheté un hot dog à Tom.	5476228	Ik heb een hot dog voor Tom gekocht.
5441334	Tom vit actuellement avec son oncle.	5478430	Tom woont momenteel met zijn oom samen.
5461638	J'ai acheté un hot dog à Tom.	5483878	Ik heb een hot dog bij Tom gekocht.
5487289	Il y a une réponse à tout.	5487722	Op alles is een antwoord.
5487288	Nous allons manger maintenant.	5487725	Wij gaan nu eten.
5487286	Nous allons manger tout de suite.	5487728	Wij gaan meteen eten.
5487284	Tom doit être fatigué.	5487731	Tom moet moe zijn.
5487284	Tom doit être fatigué.	5487733	Tom zal wel moe zijn.
5487282	Mon pied me fait vraiment mal.	5487739	Ik heb echt pijn aan mijn voet.
5487280	Peut-être était-ce juste un cauchemar.	5487742	Het was misschien alleen maar een nachtmerrie.
5487264	Est-ce que Tom est capable de manger ?	5487749	Is Tom in staat om te eten?
5487263	Est-ce que vous avez un proverbe similaire en français ?	5487754	Heeft u een gelijksoortig spreekwoord in het Frans?
5487261	Est-ce que tu as un proverbe similaire en français ?	5487758	Heb jij een gelijksoortig spreekwoord in het Frans?
5488835	Il a une mauvaise écriture.	5489352	Hij heeft een slecht handschrift.
5488834	Judy parlera du Japon demain.	5489353	Judy zal morgen over Japan spreken.
5488833	La police ne te trouvera pas là-bas.	5489356	De politie zal je daar niet vinden.
5488710	Je ressens le besoin de faire quelque chose de différent aujourd'hui.	5489360	Ik voel de behoefte vandaag iets anders te doen.
5490117	Tom n'est jamais allé au cirque.	5490243	Tom is nog nooit naar het circus gegaan.
5490116	Je pense qu'on est voisins.	5490244	Ik denk dat wij buren zijn.
5490114	J'ai un client qui attend dans la salle d'attente.	5490245	Ik heb een klant die in de wachtkamer wacht.
5490111	Je suis heureuse pour vous deux.	5490247	Ik ben blij voor jullie twee.
5493228	Je ne suis pas habituée à cette chaleur.	5493230	Ik ben niet gewend aan deze hitte.
5493224	Le concert est fini.	5493234	Het concert is afgelopen.
5493223	Qu'appréciez-vous faire pendant votre temps libre ?	5493235	Wat doet u graag in uw vrije tijd?
5493221	Qu'aimes-tu faire pendant ton temps libre ?	5493236	Wat doe jij graag in je vrije tijd?
5493219	Nous devons donner une chance à Tom.	5493238	Wij moeten Tom een kans geven.
5493218	Il se pourrait que Tom n'ait pas de permis de conduire.	5493241	Het zou kunnen dat Tom geen rijbewijs heeft.
5493217	Nous devons toujours être prêtes.	5493245	Wij moeten altijd klaar zijn.
5493215	Vous pouvez toujours envoyer un message à Tom.	5493248	U kunt Tom altijd een bericht sturen.
2894010	Elle a mémorisé 2000 mots anglais.	5505557	Zij heeft tweeduizend Engelse woorden uit het hoofd geleerd.
2894018	Vous avez mémorisé 2000 mots anglais.	5505572	U heeft tweeduizend Engelse woorden uit het hoofd geleerd.
5504985	Nous n'avons pas à parler de ceci maintenant.	5506132	Wij hoeven hier nu niet over te spreken.
5504985	Nous n'avons pas à parler de ceci maintenant.	5506133	Wij moeten het hier nu niet over hebben.
5504948	Est-ce ta petite amie ?	5506139	Is zij jouw vriendinnetje?
5504950	Est-ce ta petite copine ?	5506140	Is dit jouw vriendinnetje?
5504944	Tom m'a donné trente dollars.	5506144	Tom heeft mij dertig dollar gegeven.
5504837	Il s'est rétabli.	5506151	Hij heeft zich hersteld.
5504756	Qu'est-ce qu'une langue ? C'est un dialecte avec une armée et une marine.	5506154	Wat is een taal? Het is een dialect met een leger en een marine.
5504738	Un journal intime est une excellente façon de garder une trace des évènements de ton passé et de penser à ton futur.	5506159	Een dagboek is een uitstekende manier om een spoor te bewaren van de gebeurtenissen van je verleden en te denken aan je toekomst.
5504734	Est-ce que tu tiens un journal intime ?	5506161	Houd jij een dagboek bij?
5504119	Il a été vu en train de traverser la route.	5506164	Hij is gezien bij het oversteken van de weg.
5517930	Quasiment fou de terreur, je me suis précipité hors de la cabane.	5518171	Bijna gek van angst rende ik de hut uit.
5517926	Elles ne peuvent pas vous arrêter.	5518175	Zij kunnen u niet aanhouden.
5517926	Elles ne peuvent pas vous arrêter.	5518176	Zij kunnen u niet tegenhouden.
5517926	Elles ne peuvent pas vous arrêter.	5518178	Zij kunnen jullie niet aanhouden.
5517926	Elles ne peuvent pas vous arrêter.	5518179	Zij kunnen jullie niet tegenhouden.
5517921	Quelle sorte de signification la mort a-t-elle, et quelle sorte de passage est-elle ?	5518183	Wat voor betekenis heeft de dood, en wat voor overgang is het?
5517920	Tom ne m'a pas reconnu.	5518184	Tom heeft mij niet herkend.
5517918	Conduis-toi selon ton âge.	5518185	Gedraag je naar je leeftijd.
5595129	Bon, je suis prête.	5596484	Nou, ik ben klaar.
5794235	Es-tu encore sous la douche ?	5795086	Sta je nog onder de douche?
5794236	Êtes-vous encore sous la douche ?	5795094	Staan jullie nog onder de douche?
5794236	Êtes-vous encore sous la douche ?	5795098	Zijn jullie nog aan het douchen?
5794214	Tom dit qu'il avait besoin de faire une sieste.	5795102	Tom zegt dat hij nood had aan een dutje.
1011296	Ma fille a des contractions.	5807510	Mijn dochter heeft weeën.
5802592	Arrête d'être aussi politiquement correct.	5810642	Stop ermee zo politiek correct te zijn.
5847526	Tom n'est pas la seule personne célèbre ici.	5848048	Tom is niet de enige beroemdheid hier.
5019622	Je t'appellerai quand j'aurai le temps.	5974440	Ik bel je op wanneer ik tijd heb.
5019622	Je t'appellerai quand j'aurai le temps.	5974441	Ik telefoneer je wanneer ik tijd heb.
1038930	Deux cafés, s'il vous plait.	6003115	Twee koffie, graag.
6038749	Comment s'appelle ce légume ?	6038980	Wat is de naam van deze groente?
6038738	Nous vivons en France.	6038986	Wij wonen in Frankrijk.
6038711	Remplis ta promesse.	6038994	Vervul je belofte.
6038724	Je n'aime pas les tatouages.	6039002	Ik hou niet van tatoeages.
6038694	Je traduis, donc j'existe.	6039004	Ik vertaal, dus ik besta.
6037052	Je n'aime pas le bruit ! Mes oreilles sont sensibles.	6039010	Ik hou niet van lawaai. Mijn oren zijn gevoelig.
6037403	C'est un livre intéressant, non ?	6039012	Dit is een interessant boek, toch?
6037377	Je t'aime. Je te rappelle plus tard.	6039015	Ik hou van jou. Ik bel je later.
6037207	Je lis le journal pendant que je mange.	6039024	Ik lees de krant, terwijl ik eet.
6037182	Permets-moi de rester.	6039025	Laat me blijven.
6037183	Comment s'appelle cet arbre ?	6039030	Hoe heet deze boom?
6037116	Votre ville est belle.	6039039	Uw stad is prachtig.
6037128	Je n'ai plus de parents.	6039041	Ik heb geen ouders meer.
6040589	Quel temps fait-il chez toi ?	6041541	Hoe is het weer bij jou?
6040580	As-tu encore mal aux dents ?	6041548	Heb je nog tandpijn?
451861	Je déteste les femmes qui sont sûres d'elles.	6043723	Ik heb een hekel aan vrouwen die zelfverzekerd zijn.
6061172	Les Français accomplissent leur devoir électoral.	6061271	De Fransen vervullen hun electorale plicht.
6061173	Le droit de vote est-il un devoir ?	6061272	Is het recht om te stemmen een plicht?
6061117	Les escargots sont hermaphrodites.	6061273	Slakken zijn hermafrodiet.
6061108	Mon chat miaule tout le temps.	6061274	Mijn kat miauwt de hele tijd.
6061093	Qu'est-ce qu'une onomatopée ?	6061275	Wat is onomatopee?
6061093	Qu'est-ce qu'une onomatopée ?	6061277	Wat is klanknabootsing?
6061077	Le hibou bouboule.	6061279	De uil roept.
6061001	Marche comme si tu embrassais la Terre de tes pieds.	6061281	Loop alsof je de aarde met je voeten kust.
6060992	Pourquoi les bourdons bourdonnent-ils ?	6061282	Waarom zoemen de hommels?
6060735	Ce n'est pas un idiot, mais c'est un ivrogne.	6061283	Dit is geen idioot, maar een dronkaard.
6060723	Les plantes ont besoin d'eau et de lumière solaire.	6061284	Planten hebben water en zonlicht nodig.
6060726	Je suis rentré à temps à la maison.	6061285	Ik keerde op tijd terug naar huis.
6060720	Tous les bébés pleurent.	6061287	Alle baby's huilen.
6060698	Est-ce bien raisonnable ?	6061288	Is dit redelijk?
6060660	La poule a mangé un ver de terre.	6061289	De kip at een regenworm.
6060658	Les poules sont dans le poulailler.	6061290	De kippen zijn in het kippenhok.
6060652	La poule a picoré du blé.	6061292	De kip heeft tarwe gepikt.
6060624	Je vais traire les vaches.	6061293	Ik zal de koeien gaan melken.
6060620	Ce chat n'est pas à vendre.	6061294	Deze kat is niet te koop.
6060614	Ce chien n'est pas à vendre.	6061295	Deze hond is niet te koop.
6060599	Pourquoi veux-tu vendre ces meubles ?	6061297	Waarom wil je deze meubels verkopen?
6060596	Ces meubles ne sont pas à vendre.	6061299	Deze meubels zijn niet te koop.
6060414	Faire du bon travail, c'est toujours difficile.	6061313	Goed werk doen, is altijd moeilijk.
6060081	Y a-t-il une salle de bain dans la chambre ?	6061317	Is er een bad in de kamer?
6060183	Le sentier de la vertu est très étroit, et le chemin du vice est large et spacieux.	6061331	Het pad van de deugd is erg smal, en de weg van de ondeugd breed en ruim.
6060132	Sa voiture roule vraiment bien, même si c'est une voiture ancienne.	6061332	Zijn auto rijdt heel goed, alhoewel het al een oude auto is.
6060119	Je sais que le sentier de la vertu est très étroit, et que le chemin du vice est large et spacieux.	6061349	Ik weet dat het pad van de deugd erg smal is, en de weg van de ondeugd breed en ruim.
6067745	Je devrais manger quelque chose avant d'écrire.	6068002	Ik zou iets moeten eten voor het schrijven.
6026364	Marie est au parc sans son mari.	6068004	Marie is zonder haar man in het park.
6026371	Qui connais-tu dans cette ville ?	6068008	Ken je iemand in deze stad?
6026373	Qu'est-ce que tu étudies ?	6068009	Wat studeer je?
6026357	Il achète des fleurs pour son amie.	6068011	Hij koopt bloemen voor zijn vriendin.
6026353	Nous sommes assis autour de la table.	6068012	Wij zitten om de tafel.
6026361	Les soldats se battent contre l'ennemie.	6068013	De soldaten vechten tegen de vijand.
6026313	Cette semaine nous avons eu un grand malheur.	6068023	Deze week hebben we een groot ongeluk gehad.
6028261	Je voudrais réserver une table pour demain soir.	6068029	Ik wil graag een tafel reserveren voor morgenavond.
6026334	La mélisse est l'une des plus anciennes plantes médicinales connues. Depuis plus de deux mille ans, la mélisse de citron est très appréciée en médecine.	6068043	Citroenmelisse is een van de oudste bekende geneeskrachtige kruiden. Al meer dan tweeduizend jaar is de Citroenmelisse hoog gewaardeerd in de geneeskunde.
6026392	Je parle avec mon enfant.	6068045	Ik praat met mijn kind.
6070417	On n'est jamais si heureux qu'on croit.	6070736	Men is nooit zo gelukkig, als gedacht.
6070355	J'ai tellement envie de t'embrasser.	6070747	Ik wil je zo graag kussen.
6070325	Je te laisse deviner.	6070763	Ik laat je gissen.
6069363	Nous devons renforcer le toit.	6070826	We moeten het dak versterken.
6069357	J'ai fait chauffer les pâtes trop longtemps.	6070838	Ik heb de pasta te lang laten koken.
6069358	Je ne peux pas vous dire qui est sur la liste. Mon patron m'a dit de ne pas le dire.	6070848	Ik kan je niet vertellen wie er op de lijst staat. Van mijn baas mag ik er niet over praten.
6069361	Quand as-tu pris cette photo ?	6070859	Wanneer heb je deze foto gemaakt?
6069362	Quand avez-vous pris cette photo ?	6070866	Wanneer heeft u deze foto gemaakt?
6069350	Les tribunaux en décideront.	6070887	De rechtbanken beslissen dit.
6069354	Cette décision ne rendra personne heureux.	6070901	Deze beslissing zal niemand gelukkig maken.
6069353	De délicieux rafraîchissements ont été servis.	6070907	Heerlijke hapjes waren geserveerd.
6069355	Peux-tu battre ça ?	6070927	Kun je dit verslaan?
6069343	Étais-je supposé simplement l'ignorer ?	6070940	Had ik dit gewoon moeten negeren?
6069344	Je ne sais pas si je peux faire ce travail.	6070948	Ik weet niet of ik dit werk kan doen.
6069345	Je connaissais déjà la vérité.	6070951	Ik wist de waarheid al.
6069345	Je connaissais déjà la vérité.	6070953	Ik kende de waarheid al.
6069346	Nous avons beaucoup de choses importantes à faire.	6070957	We hebben veel belangrijke dingen te doen.
6069349	J'ai porté une chemise blanche.	6070960	Ik droeg een wit overhemd.
6069332	Avez-vous appris à parler français lorsque vous étiez enfants ?	6070970	Hebben jullie Frans leren praten, toen jullie kinderen waren?
6069337	Nous étions seulement amis.	6070985	We waren gewoon vrienden.
6069338	Vous semblez en savoir beaucoup à mon sujet.	6070986	Het lijkt dat u veel over mij weet.
1127417	Il y a un petit chien marron sous cette table.	6073042	Onder die tafel zit een kleine bruine hond.
435608	Donnez-moi la liberté ou donnez-moi la mort.	6077501	Geef me de vrijheid of geef me de dood.
435615	Vous ne le regretterez pas !	6077504	U zult er geen spijt van krijgen!
435616	J'ai été plus d'une fois intoxiqué, mes passions ont toujours été près de l'extravagance : je n'ai pas honte de l'avouer ; car j'ai appris, par ma propre expérience, que tous les grands hommes, qui ont accompli de grandes et étonnantes actions, ont été dénoncés par le monde comme intoxiqués ou malades.	6077583	Ik was meer dan één keer dronken en mijn passies waren nooit ver weg van extravagantie: Ik schaam me niet om dit toe te geven; want ik heb uit eigen ervaring geleerd, dat alle buitengewone mannen die grote en uitzonderlijke dingen hebben bereikt, door de wereld als gek of dronkaard bestempeld werden.
1788183	Au Sud se trouvent trop d'adversaires.	6080400	In het zuiden zijn te veel tegenstanders.
1870391	Natalia est la chouchoute de la professeure, mais elle ne l'avouera jamais.	6089226	Natalia is de lieveling van de leraar, maar dat zal ze nooit toegeven.
3019247	Il faut absolument que je rende visite à ma mère cette fin de semaine.	6089239	Het is absoluut noodzakelijk dat ik dit weekend mijn moeder opzoek.
690799	Ce ne sera pas facile de trouver quelqu'un capable de prendre sa place.	6089393	Het is niet gemakkelijk om iemand te vinden, die zijn plaats kan innemen.
817474	Est-il enseignant ?	6089468	Is hij leraar?
2211505	Pourquoi ne me parlez-vous pas, maintenant ?	6089480	Waarom spreekt u nu niet met mij?
3668564	Il n'y avait aucun chat.	6089499	Er was geen kat.
2933608	Il sait ce qu'il fait.	6089536	Hij weet wat hij doet.
763916	Un étudiant affirme que la purge n'est pas encore terminée en Chine et que la terreur y règne.	6091065	Een student zegt dat de zuivering in China nog niet voorbij is en dat het schrikbewind overheerst.
459937	Je le persuadai qu'il avait tort.	6091131	Ik overtuigde hem dat hij schuldig was.
2101480	Personne ne veut me parler.	6091389	Niemand wil met mij praten.
6093392	Aujourd'hui je suis d'un autre avis.	6093411	Vandaag heb ik een andere mening.
6100730	Nous sommes des insoumis.	6100752	Wij zijn uitdagend.
583996	La moitié des melons a été mangée.	6105343	De helft van de meloenen is opgegeten.
12589	Dan aime réaliser des modèles réduits de voitures.	6106665	Dan maakt graag modelauto's.
1212409	Que devrai-je faire ensuite ?	6106685	Wat zal ik daarna doen?
6106517	Il faudrait que tu lises plus.	6109092	Je zou meer moeten lezen.
6107850	Je voudrais m'être lié d'amitié avec eux.	6109093	Ik wil graag met hen bevriend zijn.
6107851	Non, je n'ai pas faim.	6109097	Nee, ik heb geen honger.
6107873	Tom et Marie cueillaient quelques fleurs sauvages le long de la rivière.	6109102	Tom en Mary plukten enkele wilde bloemen langs de rivier.
6107893	Le génocide est un crime contre l'humanité.	6109103	Genocide is een misdaad tegen de mensheid.
6107895	Non, je n'ai pas soif.	6109107	Nee, ik heb geen dorst.
6107900	Les Égyptiens ont construit ce temple en l'honneur du pharaon Ramsès II.	6109108	De Egyptenaren bouwden deze tempel ter ere van de Farao Ramses II.
6107942	L'équipe de Paris Saint Germain a encore gagné la coupe de France de football.	6109109	Het team van Paris Saint Germain won opnieuw de Coupe de France Football.
6107994	Il y avait une couleuvre à collier dans mon bassin.	6109110	Er was een ringslang in mijn vijver.
6108867	Tom n'est pas disponible.	6109112	Tom is niet beschikbaar.
6106513	Tom a une maladie de peau.	6109113	Tom heeft een huidziekte.
6106510	L'entreprise a un slogan accrocheur.	6109114	Het bedrijf heeft een pakkende slogan.
6106482	J'avais un chien qui s'appelait Tom.	6109118	Ik had een hond met de naam Tom.
6106478	Si je te donnais trois cents dollars, à quoi les dépenserais-tu ?	6109122	Als ik je driehonderd dollar zou geven, waaraan zou je het besteden?
6106415	L'amitié véritable n'existe pas.	6109127	Echte vriendschap bestaat niet.
6106410	La femme de Thomas attend des jumeaux.	6109129	De vrouw van Thomas verwacht een tweeling.
6106402	J'ai appris à parler le français un peu mieux.	6109131	Ik heb geleerd een beetje beter Frans te spreken.
6106370	Buvons un peu de café.	6109132	Laat ons wat koffie drinken.
6106363	Est-ce que vous avez trouvé votre livre ?	6109134	Heeft u uw boek gevonden?
6106313	Je trouve son langage vulgaire.	6109137	Ik vind zijn taalgebruik vulgair.
3095626	Je veux que tu saches la vérité.	6111376	Ik wil dat je de waarheid weet.
4868345	Tout ce que Jacques fait, c'est de dormir.	6111384	Alles wat Jacques doet is slapen.
6111652	Leur incapacité à satisfaire la volonté du peuple a entraîné leur défaite aux élections.	6111690	Hun onvermogen om de wensen van de bevolking te bevredigen, leidde tot hun verkiezingsnederlaag.
6114778	Je ne peux parler qu'anglais.	6114855	Ik kan alleen Engels praten.
5237110	J'apprécie de manger du poisson.	6116646	Ik eet graag vis.
3692422	Elle a suspendu le cadeau au sapin de Noël.	6116714	Ze hing het cadeau aan de kerstboom.
6116661	Le grand poisson mange le petit.	6117083	De grote vis eet de kleine.
1307976	Les populations de la Chine et de l'Inde font paraître les autres états comme des nains.	6119397	De populaties van China en India laten de andere naties als dwergen verschijnen.
1186265	Il a perdu une montre que je lui avais achetée la semaine d'avant.	6119438	Hij verloor het horloge, dat ik hem een week eerder had gekocht.
4535415	Elle n'a pas de compte Facebook.	6119736	Ze heeft geen Facebook-account.
2231049	Tu baillais.	6119822	Je gaapte.
1931350	Ah ! comme les hommes sont polis et galants lorsqu'ils veulent obtenir quelque chose d'une pauvre femme !	6119842	Ah! Hoe beleefd en galant mannen zijn als ze iets van een arme vrouw willen hebben.
333363	Combien de temps comptes-tu rester ?	6121980	Hoelang denk je te blijven?
3262181	Elle m'a présentée à son père.	6122215	Ze stelde me voor aan haar vader.
3260434	Si vous volez avec Air France, vous mangerez bien.	6122222	Als u met Air France vliegt, zult u goed eten.
2027398	Les frites ne sont pas bonnes pour vous.	6141151	Friet is niet goed voor u.
2027397	Les frites ne sont pas bonnes pour toi.	6141152	Friet is niet goed voor jou.
768906	La professeur va commencer à apprendre l'anglais cette année.	6146202	De professor begint dit jaar Engels te leren.
478792	Une des lampes ne marche pas. Penses-tu pouvoir venir regarder ?	6166498	Een van de lampen werkt niet. Denk je dat je eens kan komen kijken?
6294830	Je suis le dernier à l'avoir vu.	6294832	Ik ben de laatste die hem heeft gezien.
6293494	Il va venir cet après-midi.	6294835	Hij zal deze namiddag komen.
6291808	Je crois que tu la connais.	6294838	Ik denk dat je haar kent.
6313790	Je trouve ce tableau génial.	6313964	Ik vind dat schilderij geweldig.
2314036	Un bon écolier ne manque pas l'école sans motif.	6322398	Een goede leerling is in de klas niet afwezig zonder motief.
6359583	Les poules font-elles pipi ?	6359591	Doen kippen een plasje?
4613999	Avez-vous signé ?	6359597	Hebt u ondertekend?
5894748	Je vous suggère d'engager un avocat.	6371093	Ik stel je voor een advocaat te nemen.
5555051	Je veux que tu dises que tu ne retournes pas à Boston.	6398367	Ik wil dat je zegt dat je niet naar Boston teruggaat.
367910	Merci de séparer la pizza en trois parts.	6403474	Wil je zo vriendelijk zijn de pizza in drie stukken te verdelen?
4616999	Qu'ai-je dit ?	6403489	Wat heb ik gezegd?
747374	J'ai été violée !	6449274	Ik werd verkracht!
747342	Elle a les seins en forme de poire.	6449276	Ze heeft peervormige borsten.
702788	Je ne veux pas le blesser dans ses sentiments.	6450175	Ik wil haar niet kwetsen.
6465639	Tom a refusé.	6479084	Tom heeft geweigerd.
6465615	Qui l'a dessiné ?	6479085	Wie heeft het getekend?
6465616	Qui a commandé de la pizza ?	6479086	Wie heeft pizza besteld?
6465618	Suivez Tom.	6479087	Volg Tom.
6465648	C'est au huitième étage.	6479088	Het is op de achtste verdieping.
6465630	J'ai vu Tom ce soir.	6479089	Ik heb vanavond Tom gezien.
6465633	Je veux te montrer quelque chose dans mon bureau.	6479090	Ik wil je iets laten zien in mijn bureau.
6465731	Tom n'est pas digne de confiance.	6479091	Tom is niet betrouwbaar.
6465927	J'avais besoin de plus d'argent.	6479092	Ik had meer geld nodig.
6466344	Tom savait que Marie était fatiguée.	6479093	Tom wist dat Marie moe was.
6466406	Je suis désolé, Tom est déjà parti.	6479094	Het spijt me, Tom is al vertrokken.
6479775	Nous ne méritons pas tout ceci.	6479876	Wij verdienen dit allemaal niet.
6479776	Mars est une planète.	6479884	Mars is een planeet.
6479773	Beaucoup de nos clients sont en Australie.	6479890	Veel van onze klanten zijn in Australië.
6479761	Je porte souvent un chapeau.	6479895	Ik draag vaak een hoed.
6479100	C'était une bonne idée.	6479919	Het was een goed idee.
6478957	Sami se sentit vraiment seul.	6479922	Sami voelde zich werkelijk eenzaam.
6478938	Sami travaille le jour.	6479928	Sami werkt overdag.
6478939	Sami croyait en Dieu.	6479929	Sami geloofde in God.
6478935	Sami a acheté une bouteille de vin.	6479931	Sami heeft een fles wijn gekocht.
6478400	Sami n'a rien reçu.	6479938	Sami heeft niets gekregen.
6478409	Tom n'a pas trouvé ce qu'il cherchait.	6479944	Tom heeft niet gevonden wat hij zocht.
6477753	Que se passe-t-il là-bas ?	6479951	Wat is er aan de hand daar?
6475637	Je veux la remercier.	6479966	Ik wil haar bedanken.
6475532	Je joue au foot.	6479970	Ik speel voetbal.
6475531	Je me suis levé à onze heures.	6479974	Ik ben om elf uur opgestaan.
6475294	Quelle est votre émission de télé préférée ?	6479990	Wat is uw favoriete tv-programma?
6474218	Ce n'est plus à vendre.	6479997	Het is niet meer te koop.
6474215	Comment appelleriez-vous cela ?	6480004	Hoe zou u dat noemen?
6474216	Comment appellerais-tu ça ?	6480007	Hoe zou je dat noemen?
6474200	C'était notre but.	6480014	Het was ons doel.
6474182	Peux-tu me le promettre ?	6480015	Kan je me het beloven?
6474185	Nous étions amoureux.	6480016	We waren verliefd.
6474173	C'est exactement ce que je voulais voir.	6480018	Het is juist wat ik wilde zien.
6474168	Nous avons acheté une maison.	6480021	We hebben een huis gekocht.
6474169	Les oiseaux avaient faim.	6480022	De vogels hadden honger.
6474162	Dois-tu faire ça à chaque fois ?	6480026	Moet je dat elke keer doen?
6481820	N'as-tu pas mieux à faire ?	6481822	Heb je niets beters te doen?
6467784	Ceci est le nouveau modèle.	6482997	Dit is het nieuwe model.
6467836	Je n'ai pas pu réparer ce réfrigérateur.	6483003	Ik heb de koelkast niet kunnen herstellen.
6467783	Il n'a pas pu venir parce qu'il était malade.	6483004	Hij heeft niet kunnen komen want hij was ziek.
6467793	Un étranger m'a appris l'anglais.	6483006	Een buitenlander heeft me Engels geleerd.
6467801	Tom est mouillé.	6483007	Tom is nat.
6467828	Je veux coucher avec elle.	6483009	Ik wil met haar slapen.
6467832	Tom est retourné en Australie.	6483010	Tom is naar Australië teruggekeerd.
6467818	Quand peux-tu venir à la maison ?	6483012	Wanneer kun je naar huis komen?
6467825	Quand il s'agit de mémoriser des mots en anglais, il n'y a personne qui le surpasse.	6483028	Als het gaat om woorden onthouden in het Engels, is er niemand die hem overtreft.
6467744	J'ai du pain sur la planche.	6483030	Ik heb werk aan de winkel.
6467703	Ils sont en train de dîner.	6483032	Zij zijn aan het eten.
6467785	C'est le nouveau modèle.	6483033	Het is het nieuwe model.
6467779	Tom n'a peur de personne.	6483035	Tom is bang voor niemand.
6467777	Louis Armstrong était un musicien américain.	6483037	Louis Armstrong was een Amerikaanse muzikant.
6467781	Un jour, nous comprendrons.	6483039	Ooit, zullen we begrijpen.
6467769	Ils le considèrent comme un employé hautement qualifié.	6483041	Ze beschouwen hem als een hooggekwalificeerde medewerker.
6467786	À quelle distance sommes-nous ?	6483044	Hoe ver zijn we nu?
6467748	Je suis un robot et je ne peux pas comprendre le discours figuré.	6483051	Ik ben een robot en ik kan de stijlfiguur niet begrijpen.
6468581	Tom parle très bien français.	6483053	Tom spreekt zeer goed Frans.
6468579	Pourquoi es-tu en train de dormir ?	6483054	Waarom ben je aan het slapen?
6468578	Pourquoi dormez-vous ?	6483055	Waarom slaapt u?
6468588	Vas-y maintenant.	6483056	Ga nu.
6468694	Je suis nerveux.	6483057	Ik ben zenuwachtig.
6468697	Continuez à écouter.	6483058	Blijf luisteren.
6468617	Aimes-tu le café ?	6483060	Hou je van koffie?
6468752	La porte est ouverte.	6483063	De deur is open.
6487229	Quels types d'armes possédaient-ils ?	6523194	Wat voor soort wapens bezaten zij?
6487223	Tom sait qu'il peut gagner.	6523195	Tom weet dat hij kan winnen.
6487208	Je ne veux pas quitter Boston.	6523196	Ik wil Boston niet verlaten.
6487210	Je lui ai dit que je n'étais pas occupé.	6523197	Ik heb hem gezegd dat ik niet bezig was.
6487205	Tom dit qu'il n'a pas le choix.	6523198	Tom zegt dat hij geen keuze heeft.
6487203	L'avion a atterri sans problème.	6523199	Het vliegtuig is veilig geland.
6487143	Tom ne le fera pas cette semaine.	6523200	Tom zal het niet deze week doen.
6487105	J'essaie de ne pas trop penser à Tom.	6523201	Ik probeer niet te veel aan Tom te denken.
6487202	L'avion a atterri sans encombre.	6523202	Het vliegtuig is zonder probleem geland.
6487108	Je crois que Tom est allé au supermarché hier, mais je n'en suis pas sûr.	6523203	Ik denk dat Tom gisteren naar de supermarkt is geweest, maar ik weet het niet zeker.
6487106	J'essaye de ne pas trop penser à Tom.	6523204	Ik denk liever niet al te veel aan Tom.
6487093	Tom t'a-t-il déjà dit comment il avait perdu sa jambe ?	6523205	Heeft Tom je al verteld hoe hij zijn been had verloren?
6487095	Tom vous a-t-il déjà dit comment il avait perdu sa jambe ?	6523206	Heeft Tom u al verteld hoe hij zijn been had verloren?
6487069	À quelle heure es-tu rentrée ?	6523207	Hoe laat ben je thuisgeraakt?
6487071	À quelle heure êtes-vous rentrée ?	6523208	Hoe laat bent u thuisgeraakt?
6487037	Tom t'a fait rire, n'est-ce pas ?	6523209	Tom heeft je aan het lachen gebracht, nietwaar?
6487021	Sami déteste la cigarette.	6523210	Sami heeft een hekel aan sigaretten.
6487022	Layla aime tout ce qui est romantique.	6523211	Layla houdt van romantische dingen.
6487024	Sami aime la musique country.	6523212	Sami houdt van countrymuziek.
6487014	Un fonds a été créé pour préserver la vie marine.	6523213	Een fonds is opgericht voor de bescherming van het zeeleven.
6487011	Kubilai Khan est le petit-fils de Gengis Khan.	6523214	Koeblai Khan is de kleinzoon van Dzjengis Khan.
6487010	« Et la fille ? » « Elle va devoir retourner à l'orphelinat. »	6523215	"En het meisje?" "Zij zal terug naar het weeshuis moeten keren."
6487007	Je veux savoir combien de temps a passé Tom à faire ça.	6523217	Ik wil weten hoelang Tom daarmee bezig is geweest.
6486822	Cette question a souvent été posée.	6523219	Deze vraag werd vaak gesteld.
6486823	Sami est entrée dans la maison.	6523220	Sami is het huis binnengegaan.
6486824	Je ne suis pas encore sûr, mais il se peut que je le fasse.	6523221	Ik ben nog niet zeker, maar wellicht zal ik het doen.
6486992	J'ai quitté la fête trop tôt.	6523222	Ik heb het feestje te vroeg verlaten.
6486987	Je suis heureux là-bas.	6523223	Daar ben ik gelukkig.
6487425	Sami a été délivré de sa dépendance.	6523224	Sami is van zijn verslaving verlost geraakt.
6487429	Sami savait que c'était drôle.	6523225	Sami wist dat het grappig was.
6537856	Je lui ai demandé s'il la connaissait bien.	6538331	Ik heb hem gevraagd of hij haar goed kende.
6537857	Elle aimait tout chez lui.	6538338	Zij vond alles aantrekkelijk aan hem.
6537843	Tom souffra amèrement.	6538348	Tom leed bitter.
6537850	Tom plongea sous la glace.	6538352	Tom dook onder het ijs.
6537853	J'ai demandé à Tom s'il la connaissait bien.	6538353	Ik heb aan Tom gevraagd of hij haar goed kende.
6537833	Mary a un beau corps.	6538356	Mary heeft een mooi lichaam.
6537835	Tom a un beau corps.	6538358	Tom heeft een mooi lichaam.
6537825	Nous t'invitons.	6538382	We nodigen je uit.
6537841	Tom a un corps fantastique.	6538383	Tom heeft een prachtig lichaam.
6537839	Mary a un corps fantastique.	6538384	Mary heeft een prachtig lichaam.
6537838	Mary est une blogueuse de mode.	6538385	Mary is een modeblogger.
6537799	L'opération devait rester secrète.	6538386	De operatie moest geheim blijven.
6537797	Le navire apparut à l'horizon.	6538387	Het schip kwam in zicht.
6538480	Vous aimez Moscou ?	6538886	Vindt u Moskou leuk?
6538483	Est-ce que tu aimes Moscou ?	6538887	Vind je Moskou leuk?
6537089	Je joue de la trompette.	6538888	Ik speel trompet.
6537080	Pourquoi personne ne t'aide ?	6538889	Waarom helpt niemand je?
6537071	J'aimerais acheter une cuillère en bois.	6538890	Ik zou graag een houten lepel willen kopen.
6537019	La CIA vous surveille.	6538891	De CIA houdt u in de gaten.
6537020	Il résolut tous les problèmes.	6538892	Hij loste al zijn problemen op.
6537026	Tom ne sait pas quand Marie viendra.	6538893	Tom weet niet wanneer Marie zal komen.
6537018	La CIA te surveille.	6538895	De CIA houdt je in de gaten.
6474422	Tom lui promet monts et merveilles et Marie sourit.	6540613	Tom belooft haar gouden bergen en Marie glimlacht.
6476754	J'ai préparé deux traductions du texte.	6540617	Ik heb twee vertalingen van de tekst voorbereid.
6478421	Cette nuit la terre a tremblé.	6540626	Die nacht heeft de aarde gebeefd.
6478419	Les singes se nourrissent d'insectes, de fruits et de racines.	6540628	De apen voeden zich met insecten, fruit en wortelen.
6477823	Attention, le petit oiseau va sortir !	6540634	Let op, lach naar het vogeltje!
6477824	Ton petit oiseau va s'envoler.	6540638	Jouw vogeltje gaat vliegen.
5256591	Quel genre d'examen passes-tu ?	6540639	Wat voor examen leg je af?
6480032	Ce fut l'épreuve la plus difficile à vivre.	6540643	Dit was de moeilijkste beproeving die ik ooit heb ondergaan.
6480012	Comment puis-je me débarrasser de mon complexe d'infériorité ?	6540644	Hoe kom ik van mijn minderwaardigheidscomplex af?
6480028	Être exclus par les autres élèves est difficile à vivre.	6540648	De uitsluiting door de andere leerlingen is een moeilijke belevenis.
6480000	Il n'existe aucun traitement au complexe d'infériorité.	6542454	Er bestaat geen behandeling voor het minderwaardigheidscomplex.
6480005	La théorie du complexe d'infériorité a été initialement proposée au début du vingtième siècle.	6542461	De theorie van het minderwaardigheidscomplex werd aanvankelijk beschreven aan het begin van de twintigste eeuw.
6483407	Ils s’assirent en demi-cercle autour du feu.	6542501	Zij zaten in een halve cirkel rond het vuur.
6483380	Thomas a planté son piolet dans la glace.	6542504	Thomas heeft zijn bijl in het ijs gestoken.
6485198	Personne n’est irremplaçable.	6542514	Niemand is onvervangbaar.
6485254	« Mes amis, compagnons de route de vieilles mésaventures, vous qui avez subi les épreuves les plus sévères, vous verrez que le ciel mettra fin aussi à celles-ci. »	6542517	"Mijn vrienden, reisgenoten die het een en ander hebben meegemaakt, jullie die door het vuur zijn gegaan, jullie zullen zien dat de hemel daar ook een einde aan zal maken."
6480030	La décision du directeur a été difficile à vivre pour le personnel.	6542558	De beslissing van de directeur was moeilijk om mee te leven voor het personeel.
6486212	C’est Noël avant l’heure !	6549615	Kerstmis valt vroeg dit jaar!
6533801	Va te changer tout de suite.	6549794	Ga je meteen omkleden.
6534512	J'ai senti que quelque chose clochait.	6549871	Ik heb gevoeld dat er iets niet klopte.
6534517	C'est quoi ce bordel ?	6549875	Wat is dit verdomme?
6534519	Ne te gêne surtout pas.	6549878	Ga je gang.
6534405	Je ne vois pas ce que tu insinues.	6549901	Ik zie niet wat je bedoelt.
6534406	Ils n'y sont pas allés de main morte.	6549909	Ze hebben zich niet ingehouden.
6534398	On ne peut pas rester sans rien faire.	6549915	We kunnen niet zomaar niets doen.
6549917	Oui, en cela, vous avez raison.	6553322	Ja, daar hebt u gelijk in.
6549907	Il est resté alité.	6553329	Hij is in bed blijven liggen.
6549777	Je lui ai dit : je parie que tu l'aimes. Il m'a répondu : bonne pioche !	6553344	Ik zei hem: "Ik durf wedden dat je van haar houdt." Hij antwoordde: "Dat klopt!"
6549759	Avant de partir à l'armée, il est allé chez le coiffeur, qui a tout ratiboisé.	6553352	Voordat hij in dienst ging, is hij bij de kapper langsgeweest, die alles heeft afgeknipt.
6549723	Au final, on a eu du bol. Tout s’est bien goupillé !	6554497	Uiteindelijk hebben we geluk gehad. Alles is goed verlopen!
6549723	Au final, on a eu du bol. Tout s’est bien goupillé !	6554517	Uiteindelijk hebben we gezwijnd. Alles is op zijn pootjes terechtgekomen!
6549712	J'ai trop faim, je n'ai rien mangé depuis hier midi. Je crève la dalle.	6554523	Ik heb zo'n honger, ik heb niets meer gegeten sinds gisterenmiddag. Ik sterf van de honger.
6549725	Allez, file-moi ton zéro six. Je te parlerai du bord de mer et des étoiles.	6554534	Komaan, geef me je nummer. Ik zal met je praten over de zee en de sterren.
6549730	C'est fini les messes basses ? Qu'est-ce qu'ils goupillent encore ces deux-là ?	6554542	Is het nu gedaan met al dat gefluister? Wat zijn die twee nog aan het uitspoken?
6549611	Ce mec-là, il a de la bouteille, il a beaucoup roulé sa bosse. Il a voyagé dans les îles et parcouru toutes les mers du globe.	6555341	Die kerel daar is doorgewinterd, hij heeft de wereld gezien. Hij heeft over de eilanden rondgereisd en alle wereldzeeën bevaren.
6549693	Une cagouille est une espèce d'escargot. Son nom latin est Helix aspersa aspersa.	6555349	Cagouille is een Franse volkstaalnaam voor een segrijnslak. Zijn Latijnse benaming is Helix aspersa aspersa.
6549699	Les Arabes disent souvent « avoir le sheitan » pour dire être ensorcelé ou possédé. Le « sheitan », en arabe, c'est le diable, ou un démon.	6555369	De Arabieren zeggen vaak "de Sjejtan in zich hebben" om te zeggen dat iemand behekst of bezeten is. In het Arabisch, de "Sjejtan" is de duivel of een demon.
6549716	Et c'est reparti comme en quarante ! Ils ne vont jamais s'arrêter, ces deux-là ? À force de rompre et de se rabibocher, on ne sait plus où on en est.	6555403	En ze zijn terug op dreef! Zal het ooit ophouden met die twee? Ze zijn telkens aan het uit- en goedmaken dat we niet meer zo goed weten waar we aan toe zijn.
598296	Les cerises sont rouges.	6555495	De kersen zijn rood.
6558269	Ça dit moitié de ce que ça pense, et ça écrit trois quarts mal.	6558711	Het spreekt voor de helft zijn gedachten uit en het schrijft voor driekwart slecht.
6556192	Tu ne vas tout de même pas tout plaquer maintenant ?	6558724	Je gaat toch niet nu alles laten liggen?
6556190	Des fois, j'ai envie de tout plaquer.	6558727	Soms heb ik zin om alles te dumpen.
6556191	Huit ans d'études pour ensuite tout plaquer et aller élever des chèvres dans la montagne.	6558789	Acht jaar studeren om vervolgens alles te laten liggen en geiten te houden in de bergen.
6556188	Quand on vit à l'étranger, on vit parfois des moments difficiles.	6558792	Wanneer je in het buitenland woont, heb je het soms moeilijk.
6556189	Ces deux derniers mois ont été une période difficile à vivre.	6558794	Deze laatste twee maanden zijn bijzonder zwaar geweest.
3345745	Voulez-vous encore du jus de pomme ?	6563875	Wilt u nog een beetje appelsap?
4064429	À qui appartient ce manuel scolaire ?	6568067	Van wie is dit schoolboek?
10049	Je suis libre tout l'après-midi du 27 février.	6568728	Op 27 februari ben ik de hele namiddag vrij.
6573104	Tom et Marie travaillent tous les deux à temps plein.	6573107	Tom en Maria werken beiden voltijds.
834190	N'attendez pas une seconde de plus.	6573411	Wacht geen seconde meer.
834190	N'attendez pas une seconde de plus.	6573414	Wacht geen seconde langer.
996084	La culture, c'est comme un parachute : si tu n'en as pas, tu t'écrases.	6574804	Cultuur is net zoals een parachute: als je dat niet hebt, stort je neer.
6199684	Ce ne sera pas aussi amusant que tu le penses.	6575229	Het zal niet zo leuk zijn als je denkt.
6583239	Meilleurs vœux à Tom et Marie pour l'année 2018.	6583242	De beste wensen aan Tom en Maria voor het jaar 2018!
1697037	Tom est torse nu.	6590910	Tom heeft geen hemd aan.
2048727	Vous n'oubliez jamais d'envoyer un cadeau d'anniversaire à votre mère.	6595710	Jullie vergeten nooit een verjaardagscadeau te sturen naar jullie moeder.
2048727	Vous n'oubliez jamais d'envoyer un cadeau d'anniversaire à votre mère.	6595711	U vergeet nooit een verjaardagsgeschenk te sturen naar uw moeder.
3925736	Dan pense que cette cravate appartient à l'amant de sa femme.	6597963	Dan denkt dat deze das van de minnaar van zijn vrouw is.
180626	Elle a essayé de joindre les deux bouts.	6600239	Ze probeerde de eindjes aan elkaar te knopen.
1967708	Je ne vous trouve pas.	6603674	Ik kan u niet vinden.
1967708	Je ne vous trouve pas.	6603675	Ik kan jullie niet vinden.
1964839	Je ne vous évite pas.	6606657	Ik vermijd u niet.
2371282	Nous demandions l'heure.	6610415	Wij vroegen om de tijd.
2371282	Nous demandions l'heure.	6610416	Wij vroegen hoe laat het was.
2001085	Tes parents t'adorent.	6631558	Je ouders zijn dol op jou.
2001085	Tes parents t'adorent.	6631559	Je ouders houden van jou.
2076064	Tu feras une sieste.	6631631	Je gaat een dutje doen.
2076064	Tu feras une sieste.	6631633	Je gaat even liggen.
2076064	Tu feras une sieste.	6631636	Je zult een hazenslaap maken.
1184670	Pour ma part, je suis d'accord avec le plan.	6637367	Wat mij betreft, ben ik het eens met het plan.
1184670	Pour ma part, je suis d'accord avec le plan.	6637368	Ik stem persoonlijk met het plan in.
6668672	Ce n'était pas si difficile, n'est-ce pas ?	6668682	Dat was niet zo moeilijk, toch?
474958	Vous avez un pouls régulier.	6671848	U hebt een regelmatige pols.
6672713	Neymar est brésilien.	6673593	Neymar is Braziliaans.
5452570	Avez-vous un problème ?	6676641	Hebt u een probleem?
1391078	Le fusible a fondu.	6680277	De smeltzekering is doorgeslagen.
3631639	Aimez-vous les anchois ?	6686436	Houdt u van ansjovis?
6686964	Tu lâchais un pet.	6688141	Je hebt een wind gelaten.
1513470	Tom a pris le train de huit heures.	6699349	Tom heeft de trein van acht uur genomen.
1513470	Tom a pris le train de huit heures.	6699352	Tom nam de trein van acht uur.
1389456	Sans ses lentilles de contact, elle voit tout flou.	6700734	Zonder haar contactlenzen, ziet zij wazig.
2906366	Vous avez appris.	6700751	U hebt geleerd.
2927972	Combien de temps as-tu dormi hier ?	6700820	Hoelang heb je gisterenavond geslapen?
5364368	Arrêtez, s'il vous plaît.	6701366	Stop, alstublieft.
3286175	Honnêtement, ce boulot n’est vraiment pas bien payé.	6703238	Eerlijk gezegd, het is echt geen goedbetaalde baan.
1189525	Mon jeu préféré est le football.	6703251	Mijn lievelingsspel is voetbal.
6705562	J'ai trois sœurs plus jeunes.	6706572	Ik heb drie jongere zussen.
4548271	Le Congo est un pays du tiers monde.	6706811	Congo is een derdewereldland.
2388817	Elles approchaient.	6708507	Ze naderden.
2388817	Elles approchaient.	6708510	Zij kwamen dichterbij.
2373343	Je suis désolée, je ne parle pas le français.	6718292	Het spijt me, ik spreek geen Frans.
1066795	Nous avons 20% de parts de marché.	6718343	We hebben een marktaandeel van 20%.
6210386	Traduisez ceci pour moi, s'il vous plaît.	6790846	Vertaalt u dat voor me, alstublieft.
5240743	Tu es loin ?	6795747	Ben je ver weg?
5240750	Vous êtes loin ?	6795748	Bent u ver weg?
5240750	Vous êtes loin ?	6795749	Zijn jullie ver weg?
6798900	Ils vous construiront une maison.	6800155	Ze zullen een huis voor je bouwen.
2036300	Combien en veux-tu ?	6800157	Hoeveel wil je er?
2036301	Combien en voulez-vous ?	6800158	Hoeveel wilt u er?
6798854	Nous nous lavons avec du savon.	6800159	We wassen ons met zeep.
2885701	Je chercherai l'expression dans un dictionnaire.	6803506	Ik zal de uitdrukking in een woordenboek opzoeken.
6817338	Où est ton passeport ?	6817344	Waar is je reispas?
1176164	Je m'en doutais !	6822432	Dacht ik het niet!
1314035	Tu as l'air si pâle !	6826016	Je ziet er zo bleek uit.
6780175	Puis-je avoir un mouchoir ?	6826139	Mag ik een zakdoekje?
6780145	Que désirez-vous ? Peut-être puis-je vous aider ?	6826142	Wat wenst u? Misschien kan ik u helpen?
6779716	Tom aime aussi jouer de la flûte.	6826143	Tom speelt ook graag de fluit.
6779712	Tom joue du tambour.	6826144	Tom speelt de trommel.
6779708	Tom s'est essayé à la guitare.	6826145	Tom probeerde de gitaar te bespelen.
6779691	Tom joue de la guitare.	6826146	Tom speelt gitaar.
6779151	Tom est un peu vieux, mais pas trop moche.	6826153	Tom is een beetje oud, maar niet te lelijk.
6779147	Où est le calendrier ?	6826154	Waar is de kalender?
6779088	Où est la pioche ?	6826156	Waar is de pikhouweel?
6779054	Où est le sécateur ?	6826157	Waar is de snoeischaar?
6780508	Tom n'était pas un bon témoin.	6826158	Tom was geen goede getuige.
6780504	Le chien a pourchassé le lapin.	6826159	De hond achtervolgde het konijn.
6780416	Marie était vêtue d'une longue robe noire.	6826160	Maria droeg een lange zwarte jurk.
6780264	Avez-vous pensé à revoir la première leçon ?	6826161	Hebben jullie erover nagedacht de eerste les te herzien?
6780416	Marie était vêtue d'une longue robe noire.	6826162	Maria droeg een lang zwart kleed.
6780250	Qui vous a recommandé ce médecin ?	6826163	Wie heeft u deze dokter aanbevolen?
6780239	C'est tout à fait pareil.	6826164	Dat is exact hetzelfde.
6780239	C'est tout à fait pareil.	6826166	Dat maakt geen verschil uit.
6780220	Pouvez-vous me conseiller ?	6826167	Mag ik u om advies vragen?
6780220	Pouvez-vous me conseiller ?	6826168	Kunt u mij adviseren?
6780215	À quelle couleur avez-vous pensé ?	6826169	Aan welke kleur dacht u?
6780215	À quelle couleur avez-vous pensé ?	6826170	Aan welke kleur hebt u gedacht?
6780190	Où est mon mouchoir ?	6826171	Waar is mijn zakdoek?
6780187	J'ai perdu mon mouchoir.	6826172	Ik heb mijn zakdoek verloren.
6783237	Je te recommande la lecture de ce livre.	6826177	Ik raad je aan dit boek te lezen.
6783253	Je te recommande cette crème au chocolat.	6826178	Ik raad je deze chocoladepudding aan.
6783224	Je te recommande ce plat.	6826179	Ik raad je dit gerecht aan.
6783094	Hier, j'ai perdu mon portefeuille.	6826180	Gisteren verloor ik mijn portemonnee.
6783094	Hier, j'ai perdu mon portefeuille.	6826181	Gisteren heb ik mijn portemonnee verloren.
6783079	Je suis sûr que nous allons gagner.	6826182	Ik weet zeker dat we zullen winnen.
6783079	Je suis sûr que nous allons gagner.	6826183	Ik ben zeker dat we gaan winnen.
6783064	Avec qui donc as-tu parié ?	6826187	Met wie heb je gewed?
6780225	Quelle lessive pouvez-vous me recommander ?	6826188	Welk wasmiddel kunt u mij aanbevelen?
6782062	Lève-toi et Dieu peut t'aider !	6826189	Sta op en God kan je helpen!
6782064	Plus la vérité est vérité, plus elle a besoin de nuances.	6826191	Hoe meer de waarheid waar is, hoe meer nuances het nodig heeft.
6787500	Quand Tom était jeune, il était ordonné et propre.	6826193	Toen Tom jong was, was hij ordelijk en welgemanierd.
6787480	Ma grand-mère avait toujours été une femme rangée et propre.	6826194	Mijn grootmoeder was altijd een keurige en schone vrouw geweest.
6783476	Tom voudrait un petit mouchoir blanc.	6826195	Tom zou graag een kleine witte zakdoek willen.
6783466	Je peux vraiment te recommander ce restaurant.	6826196	Ik kan je dit restaurant sterk aanbevelen.
6783430	Avez-vous pensé à votre brosse à dents ?	6826197	Hebt u nagedacht over uw tandenborstel?
6783430	Avez-vous pensé à votre brosse à dents ?	6826198	Hebben jullie nagedacht over jullie tandenborstel?
6783390	Tom et Marie se déguisaient en écureuils.	6826199	Tom en Maria vermomden zich als eekhoorns.
6783390	Tom et Marie se déguisaient en écureuils.	6826201	Tom en Maria verkleedden zich als eekhoorns.
6783337	Cherchez-vous quelque chose de défini ? Puis-je vous aider ?	6826202	Zoekt u iets in het bijzonder? Kan ik u helpen?
6783337	Cherchez-vous quelque chose de défini ? Puis-je vous aider ?	6826203	Zoeken jullie iets specifieks? Kan ik jullie helpen?
6783302	J'aimerais bien un gros morceau de gâteau et une tasse de café.	6826204	Ik zou graag een groot stuk taart en een kop koffie willen.
6792319	C'est bien, que vous soyez venu !	6826205	Zo fijn dat jullie hier zijn!
6792319	C'est bien, que vous soyez venu !	6826206	Fijn dat u bent gekomen!
6792319	C'est bien, que vous soyez venu !	6826207	Het is geweldig dat u gekomen bent!
6792147	Cette nuit c'était la pleine lune ; Tom ne pouvait pas dormir.	6826208	Deze nacht was het volle maan; Tom kon niet slapen.
6792130	Il y a quelque chose de louche !	6826210	Daar is iets aan de hand!
6792130	Il y a quelque chose de louche !	6826211	Er is iets aan de hand!
6792130	Il y a quelque chose de louche !	6826212	Er klopt iets niet!
6792125	Nous avons rencontré beaucoup d'amis.	6826213	We hebben veel vrienden ontmoet.
6792125	Nous avons rencontré beaucoup d'amis.	6826214	We zijn veel vrienden tegengekomen.
6794113	Marie ne peut presque pas parler ; elle est enrouée.	6826215	Maria kan nauwelijks spreken; ze is verkouden.
6794113	Marie ne peut presque pas parler ; elle est enrouée.	6826216	Maria kan bijna niet spreken; ze is hees.
6794096	Donne-moi mes lunettes, s'il te plaît, pour que je te voie mieux.	6826217	Geef me alsjeblieft mijn bril, zodat ik je beter kan zien.
6793703	Je suis un peu enroué.	6826218	Ik ben een beetje hees.
6793703	Je suis un peu enroué.	6826219	Ik ben een beetje schor.
6793693	J'ai une grippe et mal à la gorge.	6826220	Ik heb griep en keelpijn.
6793671	Il y a beaucoup de nouvelles rues à Paris.	6826221	Er zijn veel nieuwe straten in Parijs.
6793626	Avez-vous ramassé des baies, quand vous étiez jeune ?	6826222	Hebt u bessen geplukt toen u jong was?
6792333	Je vous attends depuis si longtemps.	6826223	Ik heb zo lang op u gewacht.
6792333	Je vous attends depuis si longtemps.	6826224	Ik wacht al een eeuwigheid op u
6794372	« Tom est une mauvaise personne. » « À quel égard ? »	6826225	"Tom is een schurk." - "In welk opzicht?"
6794372	« Tom est une mauvaise personne. » « À quel égard ? »	6826226	"Tom is een slechte mens." - "In welk opzicht?"
6794151	Je ne te comprends pas. J'ai mal aux oreilles.	6826227	Ik versta je niet. Mijn oren doen pijn.
6794144	Marie a de beaux yeux, grands et bleus.	6826228	Maria heeft prachtige, grote blauwe ogen.
6794529	Pourquoi riez-vous ?	6826230	Waarom lacht u?
6794418	De quoi riez-vous ?	6826232	Wat valt er te lachen?
6794418	De quoi riez-vous ?	6826233	Waar lachen jullie om?
6794418	De quoi riez-vous ?	6826234	Wat is er zo grappig?
6794418	De quoi riez-vous ?	6826235	Waar lacht u over?
6794397	Quand Mozart est-il mort ? Le savez-vous ?	6826236	Wanneer stierf Mozart? Weet u dat?
6794397	Quand Mozart est-il mort ? Le savez-vous ?	6826238	Wanneer is Mozart gestorven? Weten jullie het?
6794391	Tom s'assied au premier rang pour mieux voir.	6826239	Tom zit op de eerste rij om beter te zien.
6794381	Tom gagne l'argent, cependant il est géré par sa femme Marie.	6826240	Tom verdient het geld, maar het wordt beheerd door zijn vrouw Maria.
6794375	L'argent est géré par Marie. Tom reçoit seulement de l'argent de poche hebdomadaire.	6826241	Het geld wordt beheerd door Marie. Tom krijgt slechts wekelijks zakgeld.
6783430	Avez-vous pensé à votre brosse à dents ?	6826245	Hebben jullie aan jullie tandenborstel gedacht?
6795819	C'est un vrai chef-d'œuvre.	6826248	Het is een echt meesterwerk.
6795813	Le film est fantastique.	6826249	De film is fantastisch.
6795813	Le film est fantastique.	6826250	De film is geweldig.
6795809	N'allez pas avec des souliers dans cette mosquée.	6826251	Ga niet met schoenen in deze moskee.
6795807	Où avez-vous commandé ce tableau ?	6826267	Waar hebt u dit schilderij besteld?
6795799	Avez-vous jamais vu un ange ?	6826270	Hebt u ooit een engel gezien?
6795799	Avez-vous jamais vu un ange ?	6826271	Hebt u al eens een engel gezien?
6797165	Je suis allé partout.	6826284	Ik ben overal geweest.
6797166	Marie est toujours de mauvaise humeur.	6826297	Maria is altijd humeurig.
6797166	Marie est toujours de mauvaise humeur.	6826301	Maria is altijd slechtgestemd.
6797166	Marie est toujours de mauvaise humeur.	6826308	Maria is altijd in een slechte bui.
6797166	Marie est toujours de mauvaise humeur.	6826309	Maria heeft altijd een slecht humeur.
6796990	Ne m’interromps pas s'il te plait.	6826314	Onderbreek me alsjeblieft niet.
6796087	Marie et moi avons été beaucoup éprouvés ensemble.	6826317	Maria en ik hebben samen veel beproefd.
6796089	Tom écrit des nouvelles.	6826320	Tom schrijft nieuwsberichten.
6796089	Tom écrit des nouvelles.	6826322	Tom schrijft kortverhalen.
6796075	Je resterai chez toi, jusqu'à ce que Tom vienne.	6826324	Ik blijf bij je thuis totdat Tom aankomt.
6796062	Où sont les fraises ?	6826325	Waar zijn de aardbeien?
6796051	Où sont les pommes de terre ?	6826326	Waar zijn de aardappelen?
6796044	Où est la confiture ?	6826327	Waar is de confituur?
6796036	Où est le fromage ?	6826328	Waar is de kaas?
6798425	De quoi as-tu ri ?	6826330	Waar heb je om gelachen?
6798387	Tom a perdu son portefeuille.	6826335	Tom is zijn portemonnee kwijt.
6798387	Tom a perdu son portefeuille.	6826336	Tom heeft zijn portemonnee verloren.
6798361	Où est mon porte-documents ?	6826337	Waar is mijn koffer?
6798361	Où est mon porte-documents ?	6826339	Waar is mijn tas?
6797181	Pourquoi venez-vous si tard ?	6826340	Waarom komt u zo laat?
6797181	Pourquoi venez-vous si tard ?	6826341	Waarom komen jullie zo laat?
6797179	Tom ne peut plus s'arrêter de rire.	6826342	Tom kan niet meer stoppen met lachen.
6797179	Tom ne peut plus s'arrêter de rire.	6826343	Tom kan niet ophouden te lachen.
6797175	« À quoi pensez-vous ? » « À l'heure du déjeuner. »	6826344	"Waaraan denkt u?" - "Aan de lunchtijd."
6797175	« À quoi pensez-vous ? » « À l'heure du déjeuner. »	6826345	"Waar denken jullie aan?" - "Aan de lunchtijd."
6797172	Vous ne vous moquez pas de moi ?	6826347	U lacht me niet uit?
6797172	Vous ne vous moquez pas de moi ?	6826349	Jullie maken me toch niet belachelijk?
6797172	Vous ne vous moquez pas de moi ?	6826352	U houdt me toch niet voor de gek?
6797171	Vous le pensez sérieusement ?	6826358	Meent u dat echt?
6797171	Vous le pensez sérieusement ?	6826359	Denken jullie dat echt?
6797168	Mais souriez donc un peu !	6826363	Lach toch een beetje!
6797168	Mais souriez donc un peu !	6826364	Glimlach toch een beetje!
6800635	Chacune de mes sœurs a une bicyclette.	6826371	Mijn zussen hebben elk een fiets.
6800627	Chacun de mes frères a une grosse voiture.	6826372	Mijn broers hebben elk een grote auto.
6800623	Le jour de son examen, Tom avait très mal à l'estomac.	6826374	Op de dag van zijn examen barstte Tom van de maagpijn.
6800623	Le jour de son examen, Tom avait très mal à l'estomac.	6826376	Op de dag van zijn examen had Tom heel veel last van zijn maag.
6800623	Le jour de son examen, Tom avait très mal à l'estomac.	6826377	Op de dag van zijn examen had Tom heel veel buikpijn.
6800615	Faites-moi un chèque de mille euros, s'il vous plaît !	6826381	Schrijf een cheque uit van duizend euro, alstublieft!
6799492	Marie commanda une tasse de chocolat chaud.	6826382	Marie bestelde een kop warme chocolademelk.
6799486	Prenez la porte !	6826383	Daar is de deur!
6799486	Prenez la porte !	6826386	Ga de deur uit!
6799457	Avec qui avez-vous parlé à l'instant ?	6826388	Met wie hebt u net gesproken?
6799457	Avec qui avez-vous parlé à l'instant ?	6826390	Met wie waren jullie net aan het praten?
6798470	Le train part dans deux minutes. Il est grand temps de monter.	6826393	De trein vertrekt over twee minuten. Het is hoog tijd om in te stappen.
6798463	Tu te moques de moi ou tu le penses sérieusement ?	6826394	Hou je me voor de gek of denk je dat echt?
6798463	Tu te moques de moi ou tu le penses sérieusement ?	6826395	Hou je me voor de gek of meen je dat?
6798434	Souriez un peu, s'il vous plaît !	6826396	Lach een beetje, alstublieft!
6798434	Souriez un peu, s'il vous plaît !	6826397	Glimlach een beetje, alstublieft!
6804997	Les gars, il faut que je vous dise quelque chose.	6826399	Jongens, ik moet jullie iets vertellen.
6804995	Les amis, j'ai quelque chose à vous dire.	6826403	Jongens, ik moet jullie wat vertellen.
6804337	Tom travaille de 9h à 17h.	6826405	Tom werkt van 9u tot 17u.
6796989	N'interromps pas Tom.	6826406	Onderbreek Tom niet.
6803494	Quand vous aurez plus de temps, venez me voir.	6826410	Als u meer tijd hebt, kom bij me langs.
6803494	Quand vous aurez plus de temps, venez me voir.	6826411	Als jullie meer tijd hebben, kom me dan eens opzoeken.
6803555	Vous êtes-vous promenés dimanche ?	6826412	Bent u zondag gaan wandelen?
6803555	Vous êtes-vous promenés dimanche ?	6826413	Hebben jullie zondag een wandeling gedaan?
6803537	Vous ne nous avez pas encore raconté ce qui vous est arrivé hier.	6826414	U hebt ons nog niet verteld wat u gisteren hebt meegemaakt.
6803537	Vous ne nous avez pas encore raconté ce qui vous est arrivé hier.	6826415	Jullie hebben ons nog niet verteld wat er gisteren met jullie is gebeurd.
6807213	Sami a au moins soixante ans de plus que Layla.	6826417	Sami is minstens zestig jaar ouder dan Layla.
6807165	Tu devrais demander à Tom ce qu'il s'est passé.	6826418	Je zou Tom moeten vragen wat er gebeurd is.
6807167	Vous devriez demander à Tom ce qu'il s'est passé.	6826420	U zou Tom moeten vragen wat er gebeurd is.
6807167	Vous devriez demander à Tom ce qu'il s'est passé.	6826421	Jullie zouden Tom moeten vragen wat er gebeurd is.
6806830	Sami a bien une femme.	6826423	Sami heeft inderdaad een vrouw.
6806402	Il faut que nous nous dépêchions sinon les magasins seront fermés.	6826424	We moeten opschieten, anders zullen de winkels sluiten.
6806402	Il faut que nous nous dépêchions sinon les magasins seront fermés.	6826426	We moeten ons haasten, anders gaan de winkels sluiten.
6806383	Toutes les personnes étaient déjà à l'église.	6826427	Alle mensen waren al in de kerk.
6806383	Toutes les personnes étaient déjà à l'église.	6826428	Alle mensen waren al bij de kerk.
6807961	Sami vit Layla.	6826429	Sami zag Layla.
6807963	Sami a vu Layla.	6826430	Sami heeft Layla gezien.
6807965	Sami ne m'a rien dit.	6826431	Sami heeft me niets verteld.
6807965	Sami ne m'a rien dit.	6826432	Sami heeft me niets gezegd.
6807716	Je l'ai déjà dit à Tom.	6826434	Ik heb het Tom al verteld.
6807716	Je l'ai déjà dit à Tom.	6826435	Dat heb ik Tom al gezegd.
6807694	Sami ne savait pas où était Layla.	6826436	Sami wist niet waar Layla was.
6807696	Sami sait où je suis.	6826437	Sami weet waar ik ben.
6807690	Sami avait besoin de lunettes.	6826438	Sami had een bril nodig.
6807686	Construis une phrase avec chacun de ces mots.	6826439	Maak een zin met elk van deze woorden.
6807681	Tom a dit que Mary n'était pas canadienne.	6826441	Tom zei dat Maria niet Canadees was.
6809312	Il y a des gens qui on beaucoup d'esprit et il y en a d'autres qui en ont aucun.	6826442	Er zijn mensen die veel verstand hebben en er zijn anderen die er geen hebben.
6808232	J'ai les mains gelées.	6826444	Mijn handen zijn ijskoud.
6808232	J'ai les mains gelées.	6826445	Mijn handen zijn bevroren.
6808098	Aimez-vous aller au cinéma ou préférez-vous regarder la télévision à la maison ?	6826446	Gaat u graag naar de bioscoop of kijkt u liever tv thuis?
6808095	Le travail c'est la santé et rien faire c'est la conserver.	6826451	Werken maakt gezond en niets doen bewaart de gezondheid.
6808085	Je me repose.	6826452	Ik ben even aan het rusten.
6808085	Je me repose.	6826453	Ik rust gewoon even.
6808077	Aimez-vous vous reposer ?	6826455	Gaat u graag liggen?
6808077	Aimez-vous vous reposer ?	6826456	Rust u graag uit?
6808077	Aimez-vous vous reposer ?	6826459	Houdt u van rusten?
6808060	Pouvez-vous vivre sans travailler ?	6826460	Kunt u leven zonder te werken?
6807994	Aimez-vous faire la grasse matinée ?	6826466	Slaapt u graag uit?
6807994	Aimez-vous faire la grasse matinée ?	6826470	Houdt u van uitslapen?
6807987	Sami a répondu.	6826471	Sami heeft geantwoord.
6807970	Sami n'a jamais reparlé à Layla.	6826482	Sami heeft Layla nooit meer gesproken.
6807970	Sami n'a jamais reparlé à Layla.	6826486	Sami heeft nooit meer met Layla gepraat.
3980	J’ai créé un raccourci sur le bureau.	6827727	Ik heb een snelkoppeling op het bureaublad gezet.
5576651	Devrais-je appeler une ambulance ?	6838036	Zal ik een ziekenwagen bellen?
6843587	Tom m'a félicité.	6846977	Tom heeft me gefeliciteerd.
2520707	Combien de temps va-t-il rester ici ?	6857142	Hoelang gaat hij hier blijven?
2520708	Combien de temps va-t-elle rester ici ?	6857144	Hoelang gaat zij hier blijven?
486832	Les Grecs aussi mangent souvent du poisson.	6857666	Ook de Grieken eten dikwijls vis.
6865974	Il est obligatoire de mettre sa ceinture de sécurité.	6866492	Het is verplicht je veiligheidsgordel te dragen.
8940	Peux-tu monter un cheval ?	6882860	Kun jij paardrijden?
10423	Pouvez-vous monter à cheval ?	6882861	Kunt u paardrijden?
6885581	« Je dois te porter pour traverser ? » « Ce serait très gentil de ta part ! »	6886126	„Zal ik je naar de overkant dragen?” - „Dat zou heel vriendelijk zijn van jou!”
6880205	Qu'est-ce qui vous inspire le plus ?	6887249	Wat inspireert u meest?
2286520	Tu as été mis à la porte.	6903816	Je bent aan de deur gezet.
5489574	Arrête d'essayer.	6903865	Hou op met proberen.
6603646	Comment était votre séjour en Australie ?	6904436	Hoe was jouw verblijf in Australië?
6603646	Comment était votre séjour en Australie ?	6904438	Hoe was uw verblijf in Australië?
6800627	Chacun de mes frères a une grosse voiture.	6916758	Al mijn broers hebben een grote auto.
6916895	Avec son maigre revenu, elle a du mal à joindre les deux bouts.	6923541	Met haar klein inkomen kan ze de eindjes nauwelijks aan elkaar knopen.
6929943	Prenez votre temps. Nous attendrons.	6934446	Neem uw tijd. Wij wachten.
6926732	Pourquoi êtes-vous si intéressés ?	6945042	Waarom bent u zo geïnteresseerd?
6926733	Tu as choisi le meilleur.	6945045	Jij koos de beste.
6926735	Pourquoi est-ce que tout le monde pense cela ?	6945054	Waarom denkt iedereen daar zo over?
6926737	Je lis souvent au lit.	6945057	Ik lees vaak in bed.
6926738	Que penses-tu de mon plan ?	6945058	Wat vind je van mijn plan?
6926739	Que pensez-vous de mon plan ?	6945061	Wat vindt u van mijn plan?
6926721	Quand allons-nous atterrir ?	6945062	Wanneer landen we?
6926722	Personne ne trouve ceci intéressant.	6945063	Niemand vindt dit interessant.
6926723	Pourquoi es-tu si intéressé ?	6945064	Waarom ben je zo geïnteresseerd?
6926754	C'est plutôt logique.	6945066	Het is nogal logisch.
6926740	Y a-t-il quelque chose que tu veux nous dire ?	6945067	Is er iets dat je ons wilt vertellen?
6926741	Y a-t-il quelque chose que vous souhaitez nous dire ?	6945069	Is er iets dat u ons wenst te vertellen?
6926742	Il n'y a aucune raison de ne pas faire cela.	6945075	Er is geen enkele reden om dat niet te doen.
6926743	Je ne devrais pas manger de nourriture contenant du sucre.	6945095	Ik zou geen voedsel moeten eten dat suiker bevat.
6926744	Ma lettre a-t-elle été envoyée ?	6945096	Is mijn brief verzonden?
6926745	J'aimerais un café.	6945100	Ik wil graag een kopje koffie.
6926746	Voici la traduction.	6945101	Hier is de vertaling.
6926731	Vous avez choisi la meilleure.	6945105	U heeft de beste gekozen.
6926759	Qu'est-ce qui n'allait pas avec l'ancien ?	6945117	Wat was er aan de hand met het oude?
6926760	Qu'est-ce qui n'allait pas avec l'ancienne ?	6945119	Wat was er aan de hand met de oude?
6926761	Je ne pense pas être le problème.	6945125	Ik denk niet dat het probleem bij mij ligt.
6926747	J'ai été malchanceux.	6945133	Ik heb pech gehad.
6926749	J'étais malchanceux.	6945135	Ik had pech.
6926751	Ne regrettes-tu pas d'avoir fait ce tatouage ?	6945138	Heb je geen spijt van deze tatoeage die je hebt gezet?
6926752	Ne regrettez-vous pas d'avoir fait ce tatouage ?	6945139	Hebt u geen spijt van deze tatoeage die u hebt gezet?
6926753	C'est tout à fait logique.	6945140	Het is heel logisch.
549063	Je vais te l'expliquer.	6945149	Dat zal ik je uitleggen.
872560	Il a délibérément menti.	6945152	Hij heeft opzettelijk gelogen.
3271576	Qu'est-ce que tu deviens ?	6945158	Hoe gaat 't na al die tijd met je?
1187297	Conte-moi ton histoire. Je suis tout ouïe.	6945168	Vertel me jouw verhaal. Ik ben een en al oor.
912127	Il lit un livre dans sa chambre.	6945170	Hij leest een boek in zijn kamer.
464001	Mon frère est ingénieur.	6945171	Mijn broer is ingenieur.
1818723	Que crois-tu qu'il se soit passé ici ?	6945176	Wat denk je dat er hier gebeurd is?
3293343	Il s'est mis à faire froid. Fais attention à ne pas prendre froid.	6945179	Het begon koud te worden. Pas op dat je geen kou vat.
131915	Il a beaucoup de connaissance en économie.	6945182	Hij heeft veel economische kennis.
5854297	J'ai envie de tout plaquer, de partir à la campagne faire pousser mes légumes, de vivre sans argent.	6945196	Ik heb zin om alles op te geven, naar het platteland gaan om mijn groenten te kweken, zonder geld te leven.
5664456	Mes enfants aiment l'école.	6945201	Mijn kinderen vinden de school leuk.
5667766	Allez-y, je vous écoute.	6945203	Ga je gang, ik luister.
5804805	Il n'y avait pas de papier toilette.	6945204	Er was geen wc-papier.
140111	Tom et moi n'avons rien en commun.	6945206	Tom en ik hebben niets met elkaar gemeen.
12433	Je ne pouvais en prendre moins.	6945245	Ik kon daar niet minder van nemen.
138686	Mettez votre CV dans l'enveloppe et adressez-le au service du personnel.	6945247	Zet uw cv in de envelop en stuur het naar de personeelsdienst.
390676	Pour une raison quelconque, le message texte s'est corrompu. Je l'ai donc restauré avant de le lire.	6945349	Om een of andere reden is het tekstbericht beschadigd geraakt. Dus heb ik het hersteld voordat ik het heb gelezen.
2760959	Tu crois pas que t’en fais un peu trop, là ?	6945350	Denk je niet dat je een beetje te ver gaat?
962808	J'ai toujours eu beaucoup de mépris pour ceux qui obtiennent un poste via un piston, quand bien même leur incompétence est flagrante.	6945362	Ik heb altijd veel minachting gehad voor degenen die een functie krijgen via vriendjespolitiek, zelfs als hun onbevoegdheid overduidelijk is.
6821425	Celui-là m'enrichit qui me fait voir tout autrement ce que je vois tous les jours.	6945363	Dat wat me een gloednieuwe kijk geeft op wat ik elke dag zie, verrijkt me.
1633839	Nous cédons à tous ses caprices.	6945373	Wij buigen voor al zijn wensen.
939990	Une révolution a éclaté dans ce pays.	6945375	In dit land brak een revolutie uit.
2049312	Elle a besoin d'argent.	6945376	Zij heeft geld nodig.
2931311	Vous criiez.	6945377	Jullie gilden.
3745312	Il y eut le bruit d'un claquement de tonnerre à mes oreilles.	6945384	In mijn oren weerklonk het geluid van een donderslag.
1840238	Vous n'avez pas besoin de dire quoi que ce soit.	6945387	U hoeft niets te zeggen.
1850719	Quels sont les aliments qu'on mange habituellement avec du vin rouge ?	6945400	Welk voedsel eet men meestal met rode wijn?
2910038	On utilise le verbe « faire » à toutes les sauces en français.	6945414	In het Frans gebruikt men het werkwoord "faire" voor vanalles en nog wat.
5524357	Comment allons-nous trouver Tom ?	6945420	Hoe gaan we Tom vinden?
350884	Les feuilles de l'arbre ont jauni.	6945438	De bladeren van de boom zijn vergeeld.
1803039	Si j'oublie, merci de me le rappeler.	6945444	Als ik het vergeet, gelieve me eraan te herinneren.
4835842	Tu pourrais accomplir beaucoup si tu y consacrais l'esprit.	6945447	Je zou veel kunnen verwezenlijken als je je volledige aandacht erop richtte.
4923888	Le mur fait trois mètres de long.	6945448	De muur is drie meter lang.
5125948	Il semble que la saison de la floraison des cerisiers soit terminée. Les pétales tombent.	6945455	Het lijkt erop dat het kersenbloesemseizoen voorbij is. De bloemblaadjes vallen.
330198	Nous livrons votre commande gratuitement dans un rayon de 30 kilomètres.	6945458	Wij bezorgen uw bestelling binnen een straal van 30 kilometer gratis.
1838920	J'ai été choqué de voir ça.	6945463	Ik schrok toen ik het zag.
1976269	Il est paré à un tremblement de terre.	6945468	Hij is voorbereid op een aardbeving.
1922714	Tu m'as trahi.	6945469	Je hebt me verraden.
2212868	Je vis ce que tu avais fait.	6945470	Ik zag wat je had gedaan.
3644733	Nous avons un oranger.	6945471	We hebben een sinaasappelboom.
5304078	Personne ne fait attention à Tom.	6945472	Niemand let op Tom.
5576566	Tu as dit que tu détestais Tom.	6945473	Je zei dat je Tom haatte.
1561280	Tu n'as qu'à t'en prendre à la responsable !	6945481	Je hoeft maar achter de aanvoerster aan te gaan!
1931618	« Est-ce que je peux donc y aller ? » « Cours. »	6945487	"Ben ik dus vrij om te gaan?" "Loop."
2035500	Elles arrivaient à 2h30 et Marie arrivait un peu plus tard.	6945491	Zij kwamen aan om 2u30 en Maria kwam iets later aan.
2103712	Tu n'aiguiseras pas les couteaux.	6945492	Je zult de messen niet slijpen.
2533939	Que pourrait désirer de plus une fille ?	6945500	Wat zou een meisje zich nog meer kunnen wensen?
4096834	Vous avez notre permission pour inclure notre logiciel à condition de nous fournir une copie du produit final.	6945506	U hebt onze toestemming om onze software toe te voegen, op voorwaarde dat u ons een kopie van het eindproduct bezorgt.
6940698	Nous avons des marguerites, blanches et jaunes, mais seulement en bouquets.	6952067	We hebben wit-gele margrieten maar enkel in tuilen.
6942009	Ne donnez plus rien à cet homme !	6952072	Geef die man niets meer!
6951202	Tom est un malade imaginaire.	6955833	Tom is een denkbeeldige patiënt.
5249345	Qu'est-ce que vous mangez ?	6965657	Wat eet u?
6965846	À présent, je sais tout.	6965853	Nu weet ik alles.
6960021	Les plantes que nous utilisons pour notre production, la communauté des médecins la connaît et l'utilise déjà depuis des centaines d'années.	6985733	De planten die we gebruiken voor onze productie zijn gekend binnen de artsengemeenschap die ze nu al honderden jaren gebruikt.
6960024	Les hommes d'aujourd'hui pensent que le travail doit être fait de telle sorte qu'il donne le plus de revenus possibles. C'est une croyance fausse. Vous devez mettre en place un travail de telle manière qu'il rende les hommes heureux.	6985740	De mensen van tegenwoordig denken dat het werk zodanig moet zijn dat het voor een zo groot mogelijke inkomensstroom zorgt. Dit is een misvatting. U moet een baan op zo'n manier inrichten dat mensen daar gelukkiger van worden.
6960059	Le doute n'est pas agréable, mais la certitude est un état ridicule.	6985744	Twijfel is niet prettig, maar zekerheid is belachelijk.
1078234	On a retrouvé le squelette d'un animal préhistorique.	6985750	We hebben de botten van een prehistorisch dier gevonden.
1078236	C'est le boulanger qui vend le pain.	6985754	De bakker is degene die het brood verkoopt.
139616	J'en ai assez de ce que l'on nous sert à la cantine.	6985792	Ik heb er genoeg van wat ons in de refter gediend wordt.
1083025	Viens me voir au bureau, comme ça je t'expliquerai.	6985804	Kom bij mijn kantoor langs, zo zal ik het je uitleggen.
1081802	Il a reproché à ses enfants leurs dépenses intempestives.	6985824	Hij verweet zijn kinderen hun ongepaste uitgaven.
1081661	Est-ce qu'il est capable d'assumer cette responsabilité ?	6985833	Is hij in staat om deze verantwoordelijkheid te dragen?
817273	Les mots peuvent être transparents ou opaques.	7016045	Woorden kunnen doorzichtig of ondoorzichtig zijn.
817272	Le même mot peut représenter différentes réalités.	7016068	Een woord kan op zichzelf verschillende werkelijkheden beschrijven.
791764	S'il vous plait, confirmez à nouveau la réservation avant le 10 mars.	7016071	Gelieve de boeking opnieuw voor 10 maart te bevestigen.
766494	Il s'est assis sur la rive du ruisseau.	7016091	Hij is aan de beekoever komen zitten.
754176	Il me faut trois heures pour le rédiger.	7016150	Ik heb drie uur nodig om het op te stellen.
723297	Avez-vous déjà visité une prison italienne ou étrangère de l'intérieur ?	7016158	Bent u ooit in een Italiaanse of buitenlandse gevangenis binnengeweest?
7036833	L'usine accueille tous les jours trois camions chargés de fèves de cacao, soit l'équivalent de soixante-douze tonnes de fèves !	7037405	De fabriek ontvangt elke dag drie vrachtwagens met cacaobonen, dat komt overeen met tweeënzeventig ton bonen!
3117549	Boule de Suif est une femme facile.	7076806	Boule de Suif is een losbandige vrouw.
2808138	Le trait d'union est obligatoire à la forme affirmative de l'impératif.	7076817	Het koppelteken is verplicht bij de bevestigende vorm van de gebiedende wijs.
2846381	Nous n'avons présentement aucune certitude.	7084486	We hebben momenteel geen zekerheid.
1083735	Tom ne peut dire avec certitude où habite Marie.	7084487	Tom kan niet met zekerheid zeggen waar Maria woont.
1091101	Parmi les certitudes, la plus certaine est le doute.	7084490	Onder alle zekerheden is twijfel de meest zekere.
1099459	Quelle certitude avez-vous qu'il soit un criminel ?	7084492	Hoe zeker bent u dat hij een crimineel is?
1099460	Quelle certitude as-tu qu'il soit un criminel ?	7084493	Hoe zeker ben je dat hij een crimineel is?
2326167	Je ne peux dire avec certitude où habite Marie.	7084494	Ik kan niet met zekerheid zeggen waar Maria woont.
2326169	Tu ne peux dire avec certitude où habite Marie.	7084496	Je kunt niet met zekerheid zeggen waar Maria woont.
2326178	Il ne peut dire avec certitude où habite Marie.	7084497	Hij kan niet met zekerheid zeggen waar Maria woont.
2326180	Elle ne peut dire avec certitude où habite Marie.	7084498	Zij kan niet met zekerheid zeggen waar Maria woont.
2326183	Jane ne peut dire avec certitude où habite Marie.	7084500	Jane kan niet met zekerheid zeggen waar Maria woont.
2326185	Nous ne pouvons dire avec certitude où habite Marie.	7084501	Wij kunnen niet met zekerheid zeggen waar Maria woont.
2326188	Vous ne pouvez dire avec certitude où habite Marie.	7084506	Jullie kunnen niet met zekerheid zeggen waar Maria woont.
2326191	Ils ne peuvent dire avec certitude où habite Marie.	7084507	Zij kunnen niet met zekerheid zeggen waar Maria woont.
3085743	Le présent est la seule réalité et la seule certitude.	7084509	Het heden is de enige werkelijkheid en de enige zekerheid.
3744145	Je ne sais pas avec certitude quand il va revenir.	7084510	Ik weet niet zeker wanneer hij terugkomt.
5685871	Tom ne peut pas dire avec certitude quand Mary arrivera.	7084511	Tom kan niet met zekerheid zeggen wanneer Maria zal aankomen.
2837841	Condamnés à la mort, condamnés à la vie, voilà deux certitudes.	7084545	Ter dood veroordeeld, tot het leven veroordeeld, hier zijn nu twee zekerheden.
1471080	À l'heure actuelle, on ne peut pas l'affirmer avec certitude.	7084578	Op dit moment kunnen we het niet met zekerheid beweren.
1645947	La mort est une certitude pour tout le monde, nous mourrons tous.	7084582	De dood is een zekerheid voor iedereen, we zullen allemaal sterven.
1035611	Prenez une décision et prenez-la avec la certitude que vous avez raison.	7084591	Neem een beslissing en neem ze met de zekerheid dat u gelijk hebt.
2762911	Cela signifie vivre sans savoir avec certitude ce pour quoi l'on vit.	7084597	Het betekent leven zonder zeker te weten waar we voor leven.
3436869	Dans ces circonstances, j’ai la certitude que les soldats sauront accomplir leur devoir.	7084614	In deze omstandigheden ben ik er zeker van dat de soldaten hun plicht zullen weten te vervullen.
892707	Aucun bonheur n'est possible dans l'ignorance, la certitude seule fait la vie calme.	7084629	Geen geluk is mogelijk in onwetendheid, zekerheid alleen maakt het leven rustig.
1157290	C'est, avec certitude.	7084633	Dat is zeker.
5418959	Nous ne savons pas avec certitude.	7084635	Dat weten we niet zeker.
1806506	La foi est une certitude sans preuves.	7084636	Geloof is een zekerheid zonder bewijs.
3215988	As-tu la certitude de vouloir ceci ?	7084654	Ben je zeker dat je dat wil?
390145	Je ne sais avec certitude quand il arrivera.	7084655	Ik weet niet zeker wanneer hij zal aankomen.
5123323	Une seule certitude suffit à celui qui cherche.	7084658	Een zekerheid is genoeg voor degene die zoekt.
408864	Je ne sais pas avec certitude quand il viendra.	7084660	Ik weet niet zeker wanneer hij zal komen.
3326375	Maintenant je suis captif. Mon corps est aux fers dans un cachot, mon esprit est en prison dans une idée. Une horrible, une sanglante, une implacable idée ! Je n’ai plus qu’une pensée, qu’une conviction, qu’une certitude : condamné à mort !	7086412	Nu ben ik gevangen. Mijn lichaam is in de boeien geslagen in een kerker, mijn geest zit opgesloten in een idee. Een vreselijk, een bloederig, een onverbiddelijk idee! Ik heb maar één gedachte, één overtuiging, één zekerheid: ter dood veroordeeld!
3077677	Je ne sais pas avec certitude quelles armes on a utilisées pour la Troisième Guerre mondiale, mais au cours de la Quatrième Guerre mondiale, on se battra avec des bâtons et des pierres.	7086478	Ik weet niet met welke wapens de Derde Wereldoorlog zal worden uitgevochten, maar de Vierde Wereldoorlog zal met stokken en stenen worden beslecht.
879353	Ce n'est point par la rigueur des supplices qu'on prévient le plus sûrement les crimes, c'est par la certitude de la punition.	7086576	Het is niet door de wreedheid van de martelingen dat we de misdaden het zekerst voorkomen, maar door de stelligheid van de straf.
6835147	C'est la certitude qu'ils tiennent de la vérité qui rend les hommes cruels.	7086594	Het is de zekerheid, die ze uit de waarheid halen, die de mensen wreed maakt.
6307216	Pour croire avec certitude, il faut commencer par douter.	7086601	Om met zekerheid te geloven, moet men beginnen te twijfelen.
2287305	Je ne sais pas avec certitude si cette expérience a été un succès ou un échec.	7086609	Ik weet niet zeker of deze proef een succes of een mislukking was.
839942	Il eût préféré le bonheur de lui plaire à la certitude de l’épouser sans en être aimé.	7086801	Hij had liever de vreugde haar te behagen dan de zekerheid met haar te trouwen zonder bemind te zijn.
3470834	L'acuité intellectuelle, qui est le propre de l'exilé, suscite invariablement la méfiance des sédentaires, qui refusent de se dessaisir de leurs certitudes immédiates.	7086880	De intellectuele scherpte, die eigen is aan de balling, wekt onvermijdelijk wantrouwen op bij de sedentaire mensen die weigeren zich te ontdoen van hun onmiddellijke zekerheden.
7047552	Vous êtes assez agrégé en certitude dans votre expression, mais j'aimerais savoir si vous maintenez cette position par rapport aux assertions avancées.	7089828	Uw verwoording lijkt enigszins gebouwd te zijn op een aggregaat van zelfverzekerdheid, maar ik zou willen weten of u tegenover de aangekaarte stelling aan dit standpunt blijft volhouden.
4588298	Tu parles beaucoup.	7115568	Je praat veel.
4588301	Tom parle beaucoup.	7115570	Tom praat veel.
4588307	Marie parle beaucoup.	7115571	Maria praat veel.
4588310	Nous parlons beaucoup.	7115573	We praten veel.
4588319	Ils parlent beaucoup.	7115574	Ze praten veel.
695737	Il faut beaucoup étudier.	7115576	Je moet veel studeren.
1517075	Tu devras apprendre beaucoup.	7115580	Je zult veel moeten leren.
1704566	Ma concierge parle beaucoup.	7115581	Mijn conciërge praat veel.
3991620	Dan aime beaucoup Tatoeba.	7115584	Dan houdt veel van Tatoeba.
4904523	Nous nous aimons beaucoup.	7115585	We houden heel veel van elkaar.
5972131	Beaucoup de chères salutations !	7115588	Veel lieve groeten!
7024638	Nous apprenons beaucoup ensemble.	7115589	We leren veel samen.
789727	On a beaucoup bu hier.	7115590	We hebben gisteren veel gedronken.
789727	On a beaucoup bu hier.	7115594	Er werd veel gedronken gisteren.
804011	Il a beaucoup d'autorité.	7115595	Hij heeft veel gezag.
812256	J'ai beaucoup de talent.	7115597	Ik heb veel talent.
844278	Tes chaussures me plaisent beaucoup.	7115599	Ik vind je schoenen erg leuk.
1091905	Lucia apprend beaucoup en lisant.	7115601	Lucia leert veel door te lezen.
1301681	Je m'en réjouis beaucoup.	7115605	Ik ben er erg blij mee.
1364554	Il m'a beaucoup aidée !	7115606	Hij heeft me veel geholpen!
1389884	Merci beaucoup pour vos efforts.	7115607	Hartelijk dank voor uw inspanningen.
1486588	Le chat est beaucoup mieux !	7115608	De kat is veel beter!
1517072	Il te faudra beaucoup apprendre.	7115609	Je moet veel leren.
1523337	Ils roulaient beaucoup trop vite.	7115611	Ze reden veel te snel.
1540341	Donnez-moi beaucoup d'eau.	7115612	Geef me veel water.
1634041	Je voyage beaucoup en été.	7115613	Ik reis veel in de zomer.
1811378	Il aime beaucoup les animaux.	7115615	Hij houdt veel van dieren.
1950395	Écoute beaucoup et parle peu.	7115616	Luister veel en spreek weinig.
2366611	J’aime beaucoup ce pays.	7115617	Ik hou veel van dit land.
2475999	Tu me manques vraiment beaucoup.	7115619	Ik mis je erg veel.
2759977	Tu prends beaucoup de risques.	7115620	Je neemt veel risico's.
2809235	Bois-tu beaucoup de lait ?	7115621	Drink je veel melk?
2825459	Je lis beaucoup de romans.	7115622	Ik lees veel romans.
3288872	Ceci est beaucoup plus facile.	7115625	Dit is veel makkelijker.
3468941	Tom aimerait beaucoup te revoir.	7115626	Tom zou je graag terug willen zien.
3774607	J'aime beaucoup le turc.	7115629	Ik hou veel van Turks.
3991631	Dan a beaucoup de fans.	7115630	Dan heeft veel fans.
4249295	Marika aimait beaucoup la neige.	7115632	Marika hield heel veel van de sneeuw.
4511967	Tu dois beaucoup d'argent.	7115634	Je bent veel geld verschuldigd.
4511969	Il doit beaucoup d'argent.	7115636	Hij is veel geld verschuldigd.
4511971	Elle doit beaucoup d'argent.	7115637	Zij is veel geld verschuldigd.
4511977	Vous devez beaucoup d'argent.	7115639	U bent veel geld verschuldigd.
4511977	Vous devez beaucoup d'argent.	7115641	Jullie zijn veel geld verschuldigd.
5245587	En hiver il neige beaucoup.	7115642	In de winter sneeuwt het veel.
5245600	En hiver il neigeait beaucoup.	7115643	In de winter sneeuwde het veel.
5247424	Je mangerai beaucoup de pommes.	7115645	Ik zal veel appels eten.
5307140	Elle admire beaucoup son père.	7115646	Ze bewondert haar vader heel erg.
5329745	Il avait beaucoup d'expériences.	7115647	Hij had veel ervaring.
5416254	Marie aime beaucoup le rose.	7115648	Maria houdt veel van rozen.
5539187	J'aime beaucoup cela, Tom.	7115650	Dat vind ik echt leuk, Tom.
5844715	Vous aimez beaucoup la danse ?	7115651	Houdt u veel van dansen?
5909046	Elle aime beaucoup les chiens.	7115652	Ze houdt veel van honden.
5988792	Nous l'avons beaucoup apprécié.	7115654	We hebben het erg gewaardeerd.
5992013	Cette idée lui plaît beaucoup.	7115657	Dit idee bevalt hem veel.
5995145	Ton travail m'intéresse beaucoup.	7115658	Je werk interesseert me veel.
1710283	Ça semblait facile.	7118852	Het leek makkelijk.
1710284	Ça semble facile.	7118857	Het lijkt makkelijk.
2352325	Il semble facile.	7118861	Het lijkt eenvoudig.
4214699	Il rougissait facilement.	7118863	Hij bloosde gemakkelijk.
4767890	C'était facile.	7118865	Het was makkelijk.
5508622	Il mentait facilement.	7118873	Hij loog gemakkelijk.
6032282	Je pleure facilement.	7118874	Ik huil gemakkelijk.
10997	Le verre casse facilement.	7118875	Het glas breekt gemakkelijk.
11862	Il se fâche facilement.	7118876	Hij wordt gemakkelijk boos.
134016	Elle le fit facilement.	7118878	Ze deed het gemakkelijk.
461502	Les bois brûlent facilement.	7118879	De bossen branden gemakkelijk.
579779	Le livre est facile.	7118880	Het boek is makkelijk.
602092	Les optimistes changent facilement.	7118881	Optimisten veranderen gemakkelijk.
1018691	Il s'excite facilement.	7118882	Hij raakt snel opgewonden.
1091143	C'est très facile !	7118883	Het is heel gemakkelijk!
1222287	Tu es facilement distrait.	7118884	Je raakt snel afgeleid.
1385393	Nager, c'est facile.	7118888	Zwemmen is gemakkelijk.
3645539	Bois-le !	7118889	Drink het op!
3645590	Bois-tu ?	7118890	Drink je?
4578509	Bois suffisamment !	7118891	Drink genoeg!
5078544	Bois ça !	7118892	Drink dat op!
13492	Bois ton lait.	7118894	Drink je melk op.
1485992	Le bois flotte.	7118898	Het hout drijft.
1847532	Que bois-tu ?	7118899	Wat drink je?
2334698	Je bois trop.	7118900	Ik drink te veel.
2334701	Tu bois trop.	7118902	Je drinkt te veel.
3609344	Voici, bois ceci !	7118904	Hier, drink dit op!
3645723	Je bois trop !	7118906	Ik drink te veel!
5998316	Bois du lait !	7118907	Drink melk!
906474	Le bois sec brûle bien.	7118909	Droog hout brandt goed.
970588	Bois pas trop, ok ?	7118910	Niet te veel hout, oké?
1142037	Bois-tu du vin ?	7118911	Drink je wijn?
1975122	Je ne bois rien.	7118912	Ik drink niets.
1998733	Ne bois pas ça !	7118913	Drink dat niet!
3645570	Bois ce jus !	7118919	Drink dit sap!
3226879	Mon frère boit du jus.	7118920	Mijn broer drinkt sap.
4322694	Y a plus de jus.	7118923	Er is geen sap meer.
4322694	Y a plus de jus.	7118925	Er is geen stroom meer.
5681990	Je vais préparer un jus.	7118930	Ik ga een sap bereiden.
1124942	La glace a dilué le jus.	7118938	Het ijs heeft het sap verdund.
3083920	Je bois un jus de fruit.	7118952	Ik drink een fruitsap.
3083923	Je bois du jus de fruits.	7118953	Ik drink fruitsap.
3486661	Tu bois du jus de pomme.	7118955	Je drinkt appelsap.
5258083	Elle boit du jus de pomme.	7118956	Ze drinkt appelsap.
1441128	Nous sommes frères.	7118958	Wij zijn broers.
3882294	Sont-ils frères ?	7118961	Zijn ze broers?
5284810	Le frère écrit.	7118963	De broer schrijft.
6683731	Êtes-vous frères ?	7118987	Zijn jullie broers?
129452	Mon frère dort toujours.	7118988	Mijn broer slaapt nog steeds.
181202	Ces frères se détestent.	7118989	Deze broers haten elkaar.
367980	Mon frère fume énormément.	7118991	Mijn broer rookt heel veel.
538582	As-tu des frères ?	7118993	Heb je broers?
936539	Mon frère est ambidextre.	7118999	Mijn broer is ambidexter.
936539	Mon frère est ambidextre.	7119001	Mijn broer is tweehandig.
6938473	Je suis un terreplatiste.	7216317	Ik ben een aanhanger van de platte-aarde-theorie.
7296783	Tom n'est pas plus fort que moi.	7296859	Tom is niet sterker dan ik.
7296780	Parfois, les gens sourient quand ils ne se sentent pas bien.	7296876	Soms glimlachen de mensen als ze zich niet goed voelen.
7296770	Il est plus paresseux que jamais.	7296879	Hij is luier dan ooit.
7296746	C'est le meilleur cheval de l'écurie.	7296885	Het is het beste paard van de stal.
7296741	Tu es très attentif.	7296887	Je bent zeer oplettend.
7296735	As-tu une photo ?	7296889	Heb je een foto?
7296729	Voyons si Tom en sait plus que nous.	7296891	Laten we kijken of Tom meer weet dan wij.
7296511	Les jeunes d'aujourd'hui n'écoutent pas les adultes.	7296905	De jeugd van vandaag luistert niet naar de volwassenen.
7296499	Je ne sais pas écrire.	7296908	Ik kan niet schrijven.
7296489	Le soldat refusa le combat.	7296911	De soldaat weigerde het gevecht.
7296489	Le soldat refusa le combat.	7296915	De soldaat weigerde de strijd.
7296511	Les jeunes d'aujourd'hui n'écoutent pas les adultes.	7296921	De jongeren van vandaag luisteren niet naar de volwassenen.
7296729	Voyons si Tom en sait plus que nous.	7298086	Laten we kijken of Tom er meer van afweet dan wij.
7296741	Tu es très attentif.	7298121	Je bent zeer nauwlettend.
2218599	Es-tu en train de la draguer ?	7304340	Ben je met haar aan het flirten?
1075934	Tout le monde est d'accord.	7312806	Iedereen gaat akkoord.
3072199	Saperlipopette !	7335740	Potverdorie!
3072199	Saperlipopette !	7335745	Goeie grutten!
3072199	Saperlipopette !	7335759	Hemeltjelief!
2785988	Bâtard !	7335770	Bastaard!
2785988	Bâtard !	7335771	Eikel!
2505094	Crade !	7335779	Goor!
2505094	Crade !	7335795	Smerig!
2504967	Menteur !	7335805	Leugenaar!
2464939	Approchez.	7335809	Kom hier.
2464939	Approchez.	7335811	Kom.
2505093	Dégoûtant !	7335812	Vies!
2464939	Approchez.	7335814	Kom dichterbij.
2271418	Banco !	7335910	Oké, we doen het!
2271418	Banco !	7335913	Oké, het is een deal!
2271418	Banco !	7335919	Oké, goed dan!
2271418	Banco !	7335927	Bingo!
2271418	Banco !	7335937	Ik doe mee!
2251420	Objection !	7335954	Protest!
2251420	Objection !	7335958	Bezwaar!
2222359	Sympa !	7335982	Leuk!
2222359	Sympa !	7335983	Fijn!
2222359	Sympa !	7335984	Tof!
3391238	Coupez !	7335989	Cut!
3385382	Chut !	7335992	Sst!
3240286	Parbleu !	7336002	Hemeltje!
3240286	Parbleu !	7336004	Hemel!
3240286	Parbleu !	7336007	Tjonge!
3240286	Parbleu !	7336011	Jeetje!
3240286	Parbleu !	7336013	Bij Jupiter!
3072199	Saperlipopette !	7336026	Tjonge-jonge!
3240286	Parbleu !	7336033	Drommels!
3760067	Aïe !	7336061	Oei!
3970489	Abrégeons !	7336069	Laten we de zaak afronden!
3970489	Abrégeons !	7336070	Laten we er niet omheen draaien!
3970489	Abrégeons !	7336072	Geen gelul!
3983985	Menteuse !	7336079	Leugenaarster!
3983985	Menteuse !	7336081	Liegbeest!
3996619	Prêt ?	7336084	Klaar?
4103036	Paire.	7336105	Paar.
4103112	Brelan.	7336143	Trips.
4103112	Brelan.	7336144	Set.
4103121	Carré.	7336161	Carré.
4103121	Carré.	7336162	Quads.
4323449	Rentre !	7336212	Ga naar huis!
4323449	Rentre !	7336218	Kom naar binnen!
4358428	Vendu !	7336227	Verkocht!
4358428	Vendu !	7336228	Verrader!
4409431	Impec !	7336240	Prima!
4409431	Impec !	7336246	Puik werk!
4462985	Walou !	7336271	Noppes!
4462985	Walou !	7336273	Niets!
4462985	Walou !	7336275	Niks!
4625958	Devine !	7336311	Raad eens!
4625958	Devine !	7336315	Drie keer raden!
4627786	Condoléances !	7336325	Mijn deelneming!
4627786	Condoléances !	7336328	Gecondoleerd!
4627786	Condoléances !	7336335	Mijn oprechte deelneming!
751028	Pelez et hachez finement le raifort.	7339523	Schil de mierikswortel en hak hem fijn.
7411808	Je ne lis pas.	7411824	Ik lees niet.
1567423	Je n'ai reconnu aucun d'entre eux.	7416345	Ik heb geen van hen herkend.
1567423	Je n'ai reconnu aucun d'entre eux.	7416353	Ik heb geen van deze mensen herkend.
1567407	Je suis fatigué d'écrire.	7416358	Ik ben het schrijven moe.
1567407	Je suis fatigué d'écrire.	7416359	Ik ben het zat om te schrijven.
1567407	Je suis fatigué d'écrire.	7416361	Ik heb geen zin meer om te schrijven.
1567407	Je suis fatigué d'écrire.	7416368	Ik ben moe van het schrijven.
1567398	Peux-tu m'ouvrir la porte ?	7416372	Kan je de deur voor mij openen?
1567398	Peux-tu m'ouvrir la porte ?	7416375	Kan je de deur voor mij opendoen?
1567398	Peux-tu m'ouvrir la porte ?	7416376	Kun je voor mij de deur opendoen?
1567398	Peux-tu m'ouvrir la porte ?	7416378	Kan je me naar buiten laten?
1567398	Peux-tu m'ouvrir la porte ?	7416381	Kun je me binnenlaten?
1568484	Je ne connais pas le chemin jusqu'à ta maison.	7416522	Ik weet de weg naar je huis niet.
1568492	Je passe une seule fois par un chemin, je m'en souviens.	7416602	Ik hoef maar een keer langs een pad te gaan om me daaraan te herinneren.
1568492	Je passe une seule fois par un chemin, je m'en souviens.	7416617	Als ik een keer langs een weg ga, onthou ik het.
1568495	Je ne peux pas me souvenir de tous leurs noms.	7416649	Ik kan me niet al hun namen herinneren.
1568499	J'attends qu'il me rende la monnaie.	7416720	Ik wacht op het wisselgeld.
1568499	J'attends qu'il me rende la monnaie.	7416725	Ik wacht tot hij mij het wisselgeld teruggeeft.
1568502	Je ne peux pas la laisser dans le magasin toute seule.	7416736	Ik kan haar niet alleen in de winkel laten.
1568502	Je ne peux pas la laisser dans le magasin toute seule.	7416738	Ik kan haar niet alleen in de winkel achterlaten.
1592	Ne tenez aucun compte de ce qu'il dit.	7459704	Let niet op wat hij zegt.
1592	Ne tenez aucun compte de ce qu'il dit.	7459709	Hou geen rekening met wat hij zegt.
1278	Je ne supporte pas ce type.	7459710	Ik kan deze gast niet uitstaan.
1278	Je ne supporte pas ce type.	7459716	Ik kan deze vent niet uitstaan.
1114	Lorsqu'il a demandé qui avait cassé la fenêtre, tous les garçons ont pris un air innocent.	7459762	Op de vraag wie het raam had gebroken, zagen alle jongens er onschuldig uit.
1114	Lorsqu'il a demandé qui avait cassé la fenêtre, tous les garçons ont pris un air innocent.	7459772	Toen hij vroeg wie het raam had gebroken, hulden de jongens zich onschuld.
3317	« Pierre qui roule n'amasse pas mousse » est un proverbe.	7459794	"Een rollende steen vergaart geen mos" is een spreekwoord.
3566	Tout univers suffisamment simple pour être compris est trop simple pour produire un esprit capable de le comprendre.	7459811	Elk universum dat eenvoudig genoeg is om begrepen te worden, is te eenvoudig om een geest te produceren die in staat is om het te begrijpen.
3564	La question clé n'est pas qu'est-ce que je peux gagner mais qu'est-ce que j'ai à perdre.	7459822	De kernvraag is niet wat kan ik winnen, maar wat moet ik verliezen.
3564	La question clé n'est pas qu'est-ce que je peux gagner mais qu'est-ce que j'ai à perdre.	7459876	De hamvraag is niet wat kan verdienen, maar wat ik te verliezen heb.
3561	La plupart des avancées scientifiques ne sont rien d'autre que la découverte d'une évidence.	7459895	De meeste wetenschappelijke ontwikkelingen zijn niets meer dan de ontdekking van een evidentie.
3557	Les ordinateurs rendent les gens stupides.	7459896	Computers maken mensen dom.
3561	La plupart des avancées scientifiques ne sont rien d'autre que la découverte d'une évidence.	7459902	De wetenschappelijke vooruitgang is voor het merendeel niets meer dan ontdekking van iets vanzelfsprekends.
3559	Quand vous essayez de prouver quelque chose, ça aide de savoir que c'est vrai.	7459906	Wanneer je iets probeert te bewijzen, helpt het om te weten dat het waar is.
3556	Que croyez-vous être vrai bien que vous ne puissiez le prouver ?	7459909	Wat denkt u dat waar is, hoewel u het niet kunt bewijzen?
3556	Que croyez-vous être vrai bien que vous ne puissiez le prouver ?	7459912	Wat denkt u dat echt is, hoewel u het niet kunt bewijzen?
3556	Que croyez-vous être vrai bien que vous ne puissiez le prouver ?	7459914	Wat denken jullie echt te zijn, hoewel jullie het niet kunnen bewijzen?
3556	Que croyez-vous être vrai bien que vous ne puissiez le prouver ?	7459916	Wat geloven jullie waar te zijn, hoewel jullie het niet kunnen bewijzen?
3554	Le gouvernement français a lancé un jeu en ligne qui défie les contribuables d'équilibrer le budget national.	7459917	De Franse overheid heeft een online spel gelanceerd dat belastingbetalers uitdaagt de nationale begroting in evenwicht te brengen.
3553	Les bicyclettes sont un outil pour la préservation de l'environnement urbain.	7459918	Fietsen zijn een hulpmiddel voor het behoud van het stedelijke milieu.
3553	Les bicyclettes sont un outil pour la préservation de l'environnement urbain.	7459919	Fietsen zijn een hulpmiddel om het stedelijke milieu te beschermen.
3550	Ceux qui seront sélectionnés devront faire face à de considérables tests médicaux et psychologiques.	7459981	Degenen die uitgekozen worden, zullen grondige medische en psychologische testen moeten ondergaan.
3547	Quand le corps est touché, des récepteurs dans la peau envoient des messages au cerveau causant la libération de produits chimiques tels que l'endorphine.	7459999	Wanneer het lichaam geraakt wordt, sturen receptoren in de huid signalen naar de hersenen waardoor chemicaliën zoals endorfine vrijkomen.
3546	C'est une pagaille totale, et ça me tape sur les nerfs.	7460001	Het is een totale puinhoop en het werkt op mijn zenuwen.
3546	C'est une pagaille totale, et ça me tape sur les nerfs.	7460010	Het is een complete janboel en het werkt me op de zenuwen.
3533	Je dois vous avouer que je ronfle...	7460014	Ik moet u bekennen dat ik snurk ...
3533	Je dois vous avouer que je ronfle...	7460017	Ik moet jullie toegeven dat ik snurk...
3523	Comment en es-tu venu à cette idée folle ?	7460021	Hoe ben je op dit gekke idee gekomen?
3522	J'essayais de tuer le temps.	7460129	Ik probeerde de tijd te doden.
3521	Ce n'est pas mon type.	7460145	Dit is niet mijn type.
3521	Ce n'est pas mon type.	7460147	Het is niet mijn type.
3519	Et si tu faisais un discours et que personne ne venait ?	7460179	Wat als je een toespraak hield en er kwam niemand?
3517	Regarde-moi quand je te parle !	7460183	Kijk me aan wanneer ik tegen je praat!
3517	Regarde-moi quand je te parle !	7460191	Kijk mij aan als ik tegen je spreek!
3470	Ce ne sont pas mes affaires !	7460193	Het zijn mijn zaken niet!
3470	Ce ne sont pas mes affaires !	7460194	Het gaat mij niet aan!
3465	On se voit demain ?	7460200	Ik zie je morgen?
3465	On se voit demain ?	7460202	Spreken we morgen af?
3465	On se voit demain ?	7460206	Zie ik jullie morgen?
3465	On se voit demain ?	7460207	Zie ik u morgen?
3465	On se voit demain ?	7460210	Zien we elkaar morgen?
3478	J’aimerais rester pour une nuit.	7460215	Ik zou graag voor een nacht willen blijven.
3479	Pourriez-vous composer le numéro pour moi ? Le téléphone est placé trop haut.	7460236	Zou u het nummer voor mij kunnen draaien? De telefoon is te hoog geplaatst.
3479	Pourriez-vous composer le numéro pour moi ? Le téléphone est placé trop haut.	7460239	Zou u het nummer voor mij kunnen vormen? De telefoon staat te hoog.
3491	« Passez-moi le sel s'il vous plaît. » « Tenez. »	7460250	"Geef me alstublieft het zout." "Hier."
3498	J'ai vraiment besoin de frapper quelqu'un.	7460252	Ik moet echt iemand slaan.
3500	Ça fait si longtemps depuis la dernière fois que je suis allée à Disneyland avec ma famille.	7460271	Het is zo lang geleden sinds ik voor de laatste keer met mijn gezin naar Disneyland ben geweest.
3501	Mes parents n'arrêtent pas de se disputer sur des choses stupides. C'est tellement énervant !	7460281	Mijn ouders blijven steeds ruzie maken over domme dingen. Het is zo vervelend!
3501	Mes parents n'arrêtent pas de se disputer sur des choses stupides. C'est tellement énervant !	7460317	Mijn ouders houden niet op met bekvechten over stomme dingen. Het is zo irritant!
3502	Si tu ne veux pas mettre de crème solaire c'est ton problème, mais ne viens pas te plaindre quand t'auras des coups de soleil.	7460344	Als je geen zonnebrandcrème wilt opdoen, is dat jouw probleem, maar kom niet klagen als je zonnebrand krijgt.
3502	Si tu ne veux pas mettre de crème solaire c'est ton problème, mais ne viens pas te plaindre quand t'auras des coups de soleil.	7460589	Of je zonnebrandcrème op wilt smeren of niet, dat is je eigen zaak, maar kom niet klagen als je zonnebrand krijgt.
3503	Mes amis disent toujours que je suis trop calme, mais ma famille dit toujours que je suis trop agaçante.	7460591	Mijn vrienden zeggen altijd dat ik te rustig ben, maar mijn familie zegt altijd dat ik te vervelend ben.
3504	Je déteste ces araignées, elles sont toujours là pour me ficher la trouille quand j'fais le ménage.	7460616	Ik haat deze spinnen, ze zijn er altijd om me bang te maken als ik aan het schoonmaken ben.
6597412	Tom a mangé une glace à la Chantilly.	7461828	Tom heeft een ijsje met slagroom gegeten.
3585	La voiture s'écrasa contre le mur.	7462575	De auto crashte tegen de muur.
3585	La voiture s'écrasa contre le mur.	7462595	De auto reed tegen de muur.
3576	J'ai tellement de travail que je reste une heure de plus.	7462601	Ik heb zoveel werk dat ik een uur langer blijf.
3576	J'ai tellement de travail que je reste une heure de plus.	7462607	Ik heb zoveel werk dat ik nog een uur blijf.
3574	Est-ce que tu as des copains en Antigua ?	7462609	Heb je vrienden in Antigua?
3571	Le train venant de Genève va entrer en gare.	7462625	De trein vanuit Genève zal het station binnenkomen.
3571	Le train venant de Genève va entrer en gare.	7462639	De trein vanuit Genève zal het station binnenrijden.
3570	La passion crée de la souffrance.	7462645	Passie creëert lijden.
3570	La passion crée de la souffrance.	7462647	Hartstocht veroorzaakt ellende.
3570	La passion crée de la souffrance.	7462650	Liefde schept pijn.
3569	Qu'est-ce que cela signifie d'avoir un esprit éduqué au XXIe siècle ?	7462656	Wat betekent het om een geleerde geest te hebben in de 21ste eeuw?
3568	Malgré l'importance du sommeil, son intérêt est un mystère.	7462666	Ondanks het belang is het nut van de slaap een mysterie.
3588	Dans un dictionnaire comme celui-ci il devrait y avoir au moins deux phrases avec « réfrigérateur ».	7462702	In een dergelijk woordenboek zouden er ten minste twee zinnen met "koelkast" moeten zijn.
3587	Ça ne sert à rien de me dire « Salut, comment ça va ? » si tu n'as rien d'autre à dire.	7462722	Het heeft geen zin om me te zeggen: "Hallo, hoe gaat het?" als je niets anders te zeggen hebt.
3648	Souris maintenant, pleure plus tard !	7462730	Glimlach nu, huil later!
3647	J'accepte, mais à une condition.	7462734	Ik accepteer, maar op één voorwaarde.
3647	J'accepte, mais à une condition.	7462738	Ik doe het, maar op één voorwaarde.
3647	J'accepte, mais à une condition.	7462741	Ik ga akkoord, maar op één voorwaarde.
3642	Tu m'as fait perdre la tête.	7462747	Ik heb mijn verstand door jou verloren.
3642	Tu m'as fait perdre la tête.	7462757	Je hebt me gek gemaakt.
3642	Tu m'as fait perdre la tête.	7462762	Je hebt me in vuur en vlam gezet.
3637	Quand on ne peut pas faire ce que l’on veut, on fait ce que l’on peut.	7462765	Als we niet kunnen doen wat we willen, doen we wat we kunnen.
3632	Une tenue de soirée est souhaitée.	7462779	Een avondjurk is gewenst.
3632	Une tenue de soirée est souhaitée.	7462785	Een avondkleding is gewenst.
3628	Je suis fou de joie.	7462786	Ik ben dolblij.
3628	Je suis fou de joie.	7462789	Ik ben in een jubelstemming.
3625	Affronte la vie en souriant !	7462793	Bekijk het leven met een glimlach!
3625	Affronte la vie en souriant !	7462798	Ga de uitdagingen van het leven aan met een glimlach!
3599	« As-tu fini ? » « Au contraire, je n'ai même pas encore commencé. »	7462805	"Ben je klaar?" "Integendeel, ik ben nog niet eens begonnen."
3608	On appelle « être objectif » le fait de ne pas divulguer le côté duquel on est.	7462845	Onder "objectief zijn" wordt verstaan dat men niet onthult aan welke kant men staat.
3613	Une vérité mathématique n'est ni simple ni compliquée, elle est.	7462865	Een wiskundige waarheid is eenvoudig noch ingewikkeld, die is gewoon.
3615	Les mathématiques sont comme la logique de la physique.	7462871	Wiskunde is net zoals de logica van de natuurkunde.
3610	Un mathématicien est un homme qui ne comprend pas seulement une pensée qui lui est exposée, mais qui voit aussi sur quelle erreur de raisonnement elle est fondée.	7462888	Een wiskundige is een man die niet alleen een gedachte begrijpt die aan hem voorgelegd wordt, maar die ook ziet op welke redeneringsfout ze gebaseerd is.
3626	La plupart des écoles ont été conçues non pas pour transformer la société, mais pour la reproduire.	7462889	De meeste scholen zijn niet ontworpen om de samenleving te veranderen, maar om ze te herhalen.
3654	Je n'en peux plus ! Ça fait trois jours que je n'ai pas dormi !	7462894	Ik kan niet meer! Ik heb al drie dagen niet meer geslapen!
3654	Je n'en peux plus ! Ça fait trois jours que je n'ai pas dormi !	7462896	Ik hou het niet langer! Nu heb ik al drie dagen niet geslapen!
3652	Il y a des jours où j'ai l'impression que mon cerveau veut m'abandonner.	7462958	Er zijn dagen dat ik het gevoel heb dat mijn brein me in de steek wil laten.
3652	Il y a des jours où j'ai l'impression que mon cerveau veut m'abandonner.	7462961	Op sommige dagen heb ik het gevoel dat mijn hersenen me in de steek willen laten.
3651	Ne me gâche pas mon plaisir après tout le mal que je me suis donné.	7462966	Verpest mijn pret niet na alle moeite die ik gedaan heb.
3651	Ne me gâche pas mon plaisir après tout le mal que je me suis donné.	7462970	Bederf mijn pret niet nadat ik zo hard mijn best heb gedaan.
3658	Si tu ne peux pas avoir d'enfants, tu peux toujours en adopter.	7463358	Als je geen kinderen kunt krijgen, kun je ze nog steeds adopteren.
3657	Pourquoi se marier avec une femme quand on aime les hommes ?	7463361	Waarom zou men met een vrouw trouwen als men van mannen houdt?
3662	C'est dommage qu'on ne puisse pas acheter des miracles comme on achète des pommes de terre.	7463364	Het is jammer dat we geen wonderen kunnen kopen, net zoals we aardappelen kopen.
3671	Je suis à l'hôpital. J'ai été frappé par la foudre.	7463365	Ik lig in het ziekenhuis. Ik werd door de bliksem getroffen.
3670	Ne désespère pas, tout n'est pas encore perdu.	7463366	Wanhoop niet, alles is nog niet verloren.
3670	Ne désespère pas, tout n'est pas encore perdu.	7463367	Geef de moed niet op, er is nog hoop.
3691	La liberté consiste à pouvoir faire tout ce qui ne nuit pas à autrui.	7463411	Vrijheid bestaat erin alles te mogen doen wat niet hinderlijk is voor anderen.
3692	Le plus lent à promettre est toujours le plus fidèle à tenir.	7463486	Zij die er het langst over doen om te beloven zijn degenen die zich het meest aan de belofte houden.
3686	J'avais prévu d'aller à la plage aujourd'hui, mais il a commencé à pleuvoir.	7463490	Ik was vandaag van plan naar het strand te gaan, maar het begon te regenen.
3678	Ne restez pas au lit, à moins que vous ne puissiez gagner de l'argent au lit.	7463496	Blijf niet in bed tenzij u geld in bed kunt verdienen.
3676	On ne se marie pas avec quelqu'un avec qui on peut vivre - on se marie avec la personne sans qui on ne peut pas vivre.	7463501	Men trouwt niet met iemand met wie men kan leven - men trouwt met iemand zonder wie men niet kan leven.
3669	Un emploi du temps, c'est une carte d'identité du temps, seulement, si on n'a pas d'emploi du temps, le temps n'est pas là.	7463510	Een agenda is een identiteitskaart van de tijd, maar als er geen agenda is, kan er geen tijd zijn.
3667	Si on lève un sourcil, ça peut signifier « J'ai envie d'avoir des relations sexuelles avec toi » mais aussi « Je trouve que ce que tu viens de dire est complètement idiot. »	7463561	Als men een wenkbrauw optrekt, kan dit betekenen "ik wil seks met je hebben," maar ook "dat wat je net zei, vind ik volstrekt onnozel."
3649	À six ans il avait appris à se servir d’une machine à écrire et dit au maître qu’il n’avait pas besoin d’apprendre à écrire à la main !	7463580	Toen hij zes was, leerde hij een schrijfmachine gebruiken en zei hij tegen de meester dat hij niet met de hand hoefde te leren schrijven!
3592	Je ne veux pas demander ta main !	7463902	Ik wil je niet ten huwelijk vragen!
3592	Je ne veux pas demander ta main !	7463903	Ik wil niet om je hand vragen!
2077426	Descends !	7481000	Kom naar beneden!
2077423	Avancez !	7481001	Kom naar voren!
1992293	Sacrilège !	7481005	Heiligschennis!
1960212	Accouche !	7481009	Zeg het nou!
1852215	Continuons !	7481011	Laten we verder gaan!
1839123	Zou !	7481022	Uit de weg!
1839123	Zou !	7481028	Hup!
1826392	Vérifie !	7481030	Controleer het!
1507843	Chapeau !	7481034	Chapeau!
1414458	Idem.	7481042	Idem.
1393612	Crève !	7481043	Sterf!
1387297	But !	7481045	Goal!
1387297	But !	7481046	Doel!
1257197	Exact !	7481048	Het klopt!
1225609	Foncez !	7481049	Plankgas!
1225609	Foncez !	7481050	Zet 'm op!
1215651	Assassin !	7481051	Moordenaar!
1203487	Champagne !	7481052	Champagne!
1181612	Oublie !	7481054	Vergeet het!
1181612	Oublie !	7481055	Vergeet 't maar!
1158423	Immédiatement !	7481057	Onmiddellijk!
1158423	Immédiatement !	7481058	Nu meteen!
1158393	Capitule !	7481060	Geef je over!
1158394	Capitulez !	7481061	Geef u over!
1158331	Commencez !	7481063	Begin!
1158319	Poursuivez !	7481065	Gaat u verder!
1158312	Miracle !	7481074	't Is een mirakel!
1157697	Achevez !	7481079	Maak het af!
1157687	Parlez !	7481080	Spreek!
460975	Souriez !	7481084	Glimlachen!
460975	Souriez !	7481085	Lachen!
474062	Branleur.	7481086	Zak.
540871	Abandonne !	7481088	Geef het op!
700245	Disparaissez.	7481090	Ga uit mijn zicht.
845462	Seigneur !	7481091	Mijn god!
845462	Seigneur !	7481092	Lieve hemel!
484552	Maison !	7481466	Thuis!
484574	Chat !	7481468	Kat!
590075	Là ?	7481469	Daar?
711684	Commentez.	7481470	Geef commentaar.
844282	Chanmé !	7481491	Heftig!
844295	Poucave !	7481501	Klikspaan!
844295	Poucave !	7481502	Verklikker!
848812	Tapis.	7481507	All-in.
2201797	J'obéissais.	7481511	Ik gehoorzaamde.
2201791	Je dirigeais.	7481512	Ik had de leiding.
2201788	Je régnais.	7481513	Ik heerste.
2201785	Je rajeunissais.	7481519	Ik zag er steeds jonger uit.
2201782	Je gouvernais.	7481523	Ik regeerde.
2201779	Je brûlais.	7481525	Ik brandde.
2201775	Je brodais.	7481531	Ik borduurde.
2201772	Je tissais.	7481532	Ik weefde.
2201768	Je pleurnichais.	7481536	Ik zeurde.
2201761	Je grossissais.	7481537	Ik werd dikker.
2201756	Je dépensais.	7481540	Ik gaf uit.
2201753	Je pâlissais.	7481542	Ik werd dunner.
2201747	Je noircissais.	7481544	Ik werd zwart.
2201740	Je rougissais.	7481548	Ik bloosde.
2201736	J'avançais.	7481552	Ik maakte vorderingen.
2201733	Je reculais.	7481553	Ik reed achteruit.
2201728	Je traversais.	7481554	Ik stak over.
2201704	Je coulais.	7481555	Ik zonk.
2201694	Je votais.	7481556	Ik stemde.
2201692	Je baillais.	7481558	Ik geeuwde.
2201690	Je pétais.	7481562	Ik liet een scheet.
2201220	Je jeûnais.	7481564	Ik vastte.
2201204	Je bavais.	7481566	Ik kwijlde.
2201196	Je sortais.	7481567	Ik ging uit.
2201156	Je pardonnais.	7481569	Ik vergaf.
2201149	Je guérissais.	7481570	Ik genas.
2201145	Je regrettais.	7481583	Ik had er spijt van.
2201139	Je souffrais.	7481584	Ik leed.
2201136	Je changeais.	7481585	Ik veranderde.
2201122	Je tambourinais.	7481587	Ik trommelde.
2201115	Je criais.	7481589	Ik schreeuwde.
2201050	Je comprenais.	7481590	Ik begreep.
2201046	Je moissonnais.	7481595	Ik oogstte.
2201044	Je labourais.	7481597	Ik ploegde.
2201030	Je venais.	7481598	Ik kwam.
2201042	Je peignais.	7481603	Ik kamde.
2201010	Petit emmerdeur !	7481606	Lastpak!
2201005	Je sifflais.	7481640	Ik floot.
2201000	Je soupirais.	7481641	Ik zuchtte.
2200989	Je sanglotais.	7481645	Ik huilde.
2200989	Je sanglotais.	7481648	Ik snikte.
2200987	Je chuchotais.	7481650	Ik fluisterde.
2200982	J'accouchais.	7481655	Ik beviel.
2200979	Je gémissais.	7481658	Ik kreunde.
2200946	Je cousais.	7481660	Ik naaide.
2200936	Je puais.	7481661	Ik stonk.
2200934	J'éructais.	7481665	Ik boerde.
2200924	Je gesticulais.	7481680	Ik friemelde.
2200924	Je gesticulais.	7481682	Ik gesticuleerde.
2200911	Je saignais.	7481683	Ik bloedde.
2200909	Je boitais.	7481685	Ik liep mank.
2200907	Je bougeais.	7481686	Ik bewoog.
2200905	Je haletais.	7481692	Ik hijgde.
2200903	J'agonisais.	7481694	Ik crepeerde.
2200903	J'agonisais.	7481699	Ik had veel pijn.
2200901	J'aboyais.	7481702	Ik blafte.
2200898	Je volais.	7481708	Ik stal.
2200891	Je mendiais.	7481712	Ik bedelde.
2200881	Je vieillissais.	7481716	Ik werd ouder.
2200878	Je grandissais.	7481718	Ik groeide.
2200878	Je grandissais.	7481719	Ik groeide op.
2200878	Je grandissais.	7481721	Ik werd volwassen.
2200876	Je maigrissais.	7481727	Ik viel af.
2200876	Je maigrissais.	7481731	Ik slankte af.
2200864	Je délirais.	7481734	Ik ijlde.
2200820	Je tremblais.	7481738	Ik beefde.
2200816	Je bégayais.	7481739	Ik stotterde.
2200804	Je tombais.	7481740	Ik viel.
2200799	Je trébuchais.	7481743	Ik struikelde.
2200572	Je souriais.	7481744	Ik glimlachte.
2200560	Je ronflais.	7481748	Ik snurkte.
2200531	Je discutais.	7481751	Ik babbelde.
2200513	Je plaisantais.	7481754	Ik maakte een grapje.
2200411	Je respirais.	7481755	Ik ademde.
2200378	Je glissais.	7481757	Ik gleed.
2200370	Je suais.	7481760	Ik zweette.
2200363	Je savais.	7481761	Ik wist het.
2200328	Je sautais.	7481762	Ik sprong.
2200320	J'allaitais.	7481766	Ik gaf borstvoeding.
2200293	Je chassais.	7481774	Ik jaagde.
2200283	J'économisais.	7481775	Ik spaarde.
2200260	Je gagnais.	7481776	Ik won.
2200240	J'enseignais.	7481777	Ik gaf les.
2200221	Je regardais.	7481778	Ik keek.
2200207	Je voyageais.	7481780	Ik reisde.
2200190	Je mentais.	7481782	Ik loog.
2200177	J'urinais.	7481788	Ik plaste.
2200156	J'apprenais.	7481790	Ik leerde.
2200137	Je réfléchissais.	7481791	Ik dacht na.
2200124	Je skiais.	7481794	Ik skiede.
2200112	Je dînais.	7481796	Ik dineerde.
2200095	Je courais.	7481797	Ik liep.
2200080	Je pariais.	7481804	Ik wedde.
2200068	J'appelais.	7481805	Ik belde.
2200063	Je traduisais.	7481807	Ik vertaalde.
2200059	Je mourais.	7481811	Ik stierf.
2200053	Je parlais.	7481813	Ik sprak.
2200048	Je nageais.	7481817	Ik zwom.
2200038	Je priais.	7481818	Ik bad.
2200031	Je lisais.	7481820	Ik las.
2200028	Je mâchais.	7481827	Ik kauwde.
7481837	Ton père est mort, maintenant.	7481841	Je vader is nu dood.
2201009	Petite emmerdeuse !	7481842	Rotwijfje!
2201009	Petite emmerdeuse !	7481846	Nijdig kreng!
2201010	Petit emmerdeur !	7481848	Nijdige klier!
2201010	Petit emmerdeur !	7481849	Rotjong!
2201009	Petite emmerdeuse !	7481851	Rotmeid!
7492439	Il neige à flocons !	7497373	Het sneeuwt grote vlokken!
4627738	Toujours.	7524172	Altijd.
4578475	Pour !	7524181	Voor!
4409411	Saute !	7524192	Spring!
3645549	Buvons !	7524202	Laten we drinken!
2077427	Descendez !	7524207	Stap uit!
1157683	Attendez !	7524208	Wacht!
1157673	Lentement !	7524210	Langzaam!
1157345	Évidemment !	7524217	Uiteraard!
1140608	Divorçons.	7524219	Laten we scheiden.
1119537	Dormons.	7524221	Laten we slapen.
1116828	Renonce !	7524224	Geef op!
1115886	Soupons !	7524228	Laten we dineren!
949848	Enchanté !	7524263	Aangenaam!
879074	Hum.	7524276	Hmm.
879141	Impeccable !	7524283	Pico bello!
879143	Nickel !	7524284	't Is piekfijn in orde.
879146	Taratata !	7524305	Retteketet!
879146	Taratata !	7524308	Flauwekul!
879146	Taratata !	7524311	Larie zeg ik u!
884884	Morbleu !	7524321	Verdomd!
884884	Morbleu !	7524331	Nondeju!
936451	Hum...	7524335	Hmm...
884884	Morbleu !	7524358	Godverju!
900277	Copieur !	7524364	Na-aper!
943694	Youpi !	7524369	Joepie!
943694	Youpi !	7524370	Jippie!
1111571	Monte.	7524380	Ga naar boven.
1112431	Dégagez !	7524391	Lazer op!
1116970	Pareillement.	7524398	Hetzelfde.
1116970	Pareillement.	7524402	Voor u ook.
1116970	Pareillement.	7524407	Voor u hetzelfde.
1157249	Touché !	7524415	Jij bent 'm.
1157249	Touché !	7524418	Dat was raak!
2347761	Elle sanglotait.	7524433	Ze snikte.
2324143	Tu gouvernais.	7524434	Jij regeerde.
2324131	Tu glissais.	7524436	Je gleed.
2324131	Tu glissais.	7524437	Je gleed uit.
2324114	Tu gémissais.	7524438	Je kreunde.
2321823	Du tout.	7524439	Helemaal niet.
2318619	Ça craint.	7524440	Dit zuigt.
2297897	Tu gagnais.	7524441	Je won.
2297897	Tu gagnais.	7524442	Je was aan het winnen.
2297884	Tu fumais.	7524443	Je rookte.
2297848	Tu flottais.	7524444	Je zweefde.
2297834	Tu filais.	7524445	Je was aan het rennen.
2297803	Tu fermais.	7524446	Je sloot.
2297684	Tu étouffais.	7524447	Je stikte.
2297679	Tu éternuais.	7524448	Je niesde.
2293615	Il marchera.	7524449	Het zal werken.
2293615	Il marchera.	7524450	Hij zal stappen.
2292513	Je décrochai.	7524451	Ik pakte het op.
2292509	Je répondis.	7524452	Ik antwoordde.
2285504	J'essayai.	7524453	Ik probeerde.
2285484	Je conduis.	7524455	Ik rijd.
2285476	Je réfléchis.	7524456	Ik denk na.
2285410	Ça marchera.	7524457	Het lukt wel.
2285404	Ça surviendra.	7524458	Het zal gebeuren.
2284611	Salut, Marie.	7524459	Hoi, Maria.
2260764	Tu dansais.	7524461	Je danste.
2257710	Tu entendais.	7524463	Je hoorde.
2257470	Tu écrivais.	7524465	Je schreef.
2257361	Tu écoutais.	7524467	Je luisterde.
2251392	Sans moi.	7524468	Zonder mij.
2244015	Mangez-moi.	7524469	Eet me.
2244015	Mangez-moi.	7524470	Vreet me op.
2234615	Tu économisais.	7524471	Je spaarde.
2234547	Tu dînais.	7524472	Je dineerde.
2234501	Tu dessinais.	7524473	Je tekende.
2234454	Tu dérangeais.	7524474	Je stoorde.
2234446	Tu dépensais.	7524475	Je gaf uit.
2234415	Tu déménageais.	7524476	Je verhuisde.
2234406	Tu démarrais.	7524477	Je startte.
2234406	Tu démarrais.	7524478	Je begon.
2234279	Tu décollais.	7524479	Je was vertrokken.
2234279	Tu décollais.	7524480	Je steeg op.
2232406	Tu criais.	7524481	Je schreeuwde.
2232308	Tu cousais.	7524482	Je was aan het naaien.
2232308	Tu cousais.	7524483	Je naaide.
2232256	Tu cotisais.	7524484	Je droeg bij.
2232195	Tu freinais.	7524487	Je remde.
2232189	Tu continuais.	7524488	Je ging door.
2232069	Tu conduisais.	7524489	Je reed.
2232003	Tu comptais.	7524490	Je telde.
2231991	Tu comprenais.	7524491	Je begreep.
2231757	Tu chuchotais.	7524492	Je fluisterde.
2231641	Tu chassais.	7524493	Je jaagde.
2231641	Tu chassais.	7524494	Je joeg.
2231615	Tu chantais.	7524495	Je zong.
2231508	Tu buvais.	7524496	Je dronk.
2231472	Tu brûlais.	7524497	Je brandde.
2231472	Tu brûlais.	7524498	Je was aan het branden.
2231448	Tu brodais.	7524499	Je borduurde.
2231415	Tu bougeais.	7524502	Je bewoog.
2231254	Tu bégayais.	7524503	Je stotterde.
2230906	Tu atterrissais.	7524504	Je was aan het landen.
2230906	Tu atterrissais.	7524505	Je landde.
2230893	Tu attendais.	7524506	Je zat te wachten.
2230893	Tu attendais.	7524507	Je wachtte.
2230893	Tu attendais.	7524508	Je was aan het wachten.
2226547	Vêts-toi !	7524509	Kleed je aan!
2226544	Habillez-vous !	7524512	Aankleden!
2222381	Tu applaudissais.	7524513	Je applaudisseerde.
2222361	Vraiment sympa !	7524514	Echt heel leuk!
2222361	Vraiment sympa !	7524515	Echt mooi!
2219692	Tu accélérais.	7524516	Je versnelde.
2219637	Tu aboyais.	7524517	Je blafte.
2219303	Bonsoir Mesdames !	7524518	Goedenavond dames!
2384991	Tom apprenait.	7530230	Tom was aan het leren.
2384991	Tom apprenait.	7530231	Tom leerde.
2109598	Regarde attentivement !	7530232	Let goed op!
2109598	Regarde attentivement !	7530233	Kijk goed!
2109630	Nous coulons.	7530234	We zijn aan het zinken.
2109630	Nous coulons.	7530235	We zinken.
2109651	Nous perdons.	7530236	We verliezen.
2109651	Nous perdons.	7530237	We zijn aan het verliezen.
2109655	Nous plaisantons.	7530238	We maken een grapje.
2128603	Il flotte.	7530239	Het drijft.
2146368	Ils rirent.	7530240	Ze lachten.
2146370	Ils riaient.	7530241	Ze waren aan het lachen.
2146373	Ils votèrent.	7530242	Zij stemden.
2146374	Ils votaient.	7530243	Zij waren aan het stemmen.
2146376	Ils sauront.	7530244	Ze zullen het weten.
2153272	Je ris.	7530245	Ik lach.
2165877	Elle grandit.	7530246	Ze groeide op.
2165877	Elle grandit.	7530247	Ze groeit op.
2168628	Quelle injure !	7530248	Wat een belediging!
2173381	Des questions ?	7530249	Zijn er vragen?
2173381	Des questions ?	7530250	Vragen?
2173388	Tente-le !	7530251	Probeer het!
2180544	Moi aussi !	7530252	Ik ook!
2186378	Bonsoir monsieur !	7530253	Goedenavond meneer!
2190188	Ça convient.	7530254	Het is oké.
2190188	Ça convient.	7530255	Dat is prima.
2192924	Il comprendra.	7530256	Hij zal het begrijpen.
2192924	Il comprendra.	7530257	Hij zal begrijpen.
2192926	Elle comprendra.	7530258	Zij zal begrijpen.
2192926	Elle comprendra.	7530259	Zij zal het begrijpen.
2193206	Rassure-toi !	7530260	Maak je geen zorgen!
2193206	Rassure-toi !	7530261	Wees gerust!
2196372	Quel raté !	7530262	Wat een mislukking!
2199989	Je dansais.	7530263	Ik was aan het dansen.
2199989	Je dansais.	7530264	Ik danste.
2199992	Je buvais.	7530265	Ik dronk.
2199992	Je buvais.	7530266	Ik was aan het drinken.
2199999	Je travaillais.	7530267	Ik werkte.
2200007	Je rêvais.	7530268	Ik droomde.
2199999	Je travaillais.	7530269	Ik was aan het werken.
2200007	Je rêvais.	7530270	Ik was aan het dromen.
2200012	J'écrivais.	7530271	Ik schreef.
2200012	J'écrivais.	7530272	Ik was aan het schrijven.
2201801	Je refroidissais.	7530273	Ik was aan het afkoelen.
2201801	Je refroidissais.	7530274	Ik koelde af.
2201805	J’atterrissais.	7530275	Ik landde.
2201805	J’atterrissais.	7530276	Ik was aan het landen.
2201816	Je démarrais.	7530278	Ik begon.
2201816	Je démarrais.	7530279	Ik startte op.
2201821	Je décollais.	7530280	Ik vertrok.
2201821	Je décollais.	7530281	Ik steeg op.
2201842	J'errais.	7530282	Ik dwaalde.
2201842	J'errais.	7530283	Ik was aan het dwalen.
2201845	J'accélérais.	7530284	Ik versnelde.
2201845	J'accélérais.	7530285	Ik was aan het versnellen.
2201848	Je freinais.	7530286	Ik remde.
2201848	Je freinais.	7530287	Ik was aan het remmen.
2201853	Je ralentissais.	7530288	Ik vertraagde.
2201853	Je ralentissais.	7530289	Ik was aan het vertragen.
2201853	Je ralentissais.	7530290	Ik ging langzamer.
2201856	Je fermais.	7530291	Ik sloot.
2201856	Je fermais.	7530292	Ik was aan het sluiten.
2201863	J'ouvrais.	7530293	Ik opende.
2201863	J'ouvrais.	7530294	Ik maakte open.
2201872	Je rigolais.	7530295	Ik was aan het lachen.
2201863	J'ouvrais.	7530296	Ik was aan het openen.
2201863	J'ouvrais.	7530297	Ik was open aan het maken.
2201876	Je suffoquais.	7530298	Ik was aan het stikken.
2201876	Je suffoquais.	7530299	Ik stikte.
2201879	Je raccrochais.	7530300	Ik hing op.
2201946	Je grimaçais.	7530302	Ik grijnsde.
2202009	Je dessinais.	7530303	Ik tekende.
2202009	Je dessinais.	7530304	Ik was aan het tekenen.
2202011	Je gribouillais.	7530305	Ik kladderde.
2202011	Je gribouillais.	7530306	Ik was aan het kladderen.
2202031	Je continuais.	7530307	Ik ging verder.
2202031	Je continuais.	7530308	Ik ging door.
2204710	Je déménageais.	7530309	Ik verhuisde.
2204710	Je déménageais.	7530310	Ik was aan het verhuizen.
2204713	Je dérangeais.	7530312	Ik stoorde.
2205060	Je photographiais.	7530313	Ik fotografeerde.
2205060	Je photographiais.	7530314	Ik was aan het fotograferen.
2205060	Je photographiais.	7530315	Ik nam foto's.
2205060	Je photographiais.	7530316	Ik was foto's aan het nemen.
2206183	Tu gagnes.	7530317	Jij wint.
2206183	Tu gagnes.	7530318	Jij bent aan het winnen.
2206184	Vous gagnez.	7530319	U wint.
2206184	Vous gagnez.	7530320	U bent aan het winnen.
2206200	Je gagne.	7530321	Ik win.
2206200	Je gagne.	7530322	Ik ben aan het winnen.
2206215	Je filais.	7530323	Ik was aan het rennen.
2206215	Je filais.	7530324	Ik rende.
2206220	Je flottais.	7530325	Ik zweefde.
2206245	Je profitais.	7530326	Ik profiteerde.
2206245	Je profitais.	7530327	Ik was aan het profiteren.
2206250	Je trichais.	7530328	Ik was vals aan het spelen.
2206250	Je trichais.	7530329	Ik speelde vals.
2206263	Je voyais.	7530330	Ik zag.
2206327	Je fuyais.	7530331	Ik rende weg.
2206327	Je fuyais.	7530332	Ik vluchtte.
2206351	Je plongeais.	7530333	Ik dook.
2211650	J’éternuais.	7530335	Ik niesde.
2211650	J’éternuais.	7530336	Ik was aan het niezen.
2212940	J'intervenais.	7530337	Ik kwam tussenbeide.
2212940	J'intervenais.	7530338	Ik greep in.
2212940	J'intervenais.	7530339	Ik intervenieerde.
2382022	Il amerrissait.	7530755	Hij landde in zee.
2382022	Il amerrissait.	7530757	Hij landde op het water.
2382027	Elle amerrissait.	7530758	Zij landde in zee.
2382027	Elle amerrissait.	7530759	Zij landde op het water.
2382025	Tom amerrissait.	7530760	Tom landde op het water.
2382025	Tom amerrissait.	7530761	Tom landde in zee.
2382029	Marie amerrissait.	7530762	Maria landde in zee.
2382029	Marie amerrissait.	7530763	Maria landde op het water.
2382032	Nous amerrissions.	7530764	Wij landden op het water.
2382032	Nous amerrissions.	7530765	Zij landden in zee.
2382034	Vous amerrissiez.	7530766	Jullie landden in zee.
2382034	Vous amerrissiez.	7530767	Jullie landden op het water.
2382037	Ils amerrissaient.	7530768	Zij landden op het water.
10512	Il est docteur et professeur d'université.	7533059	Hij is doctor en universiteitsprofessor.
2464925	Couvrez-le.	7549917	Bedek hem.
2464925	Couvrez-le.	7549918	Dek hem.
2109522	Nous attendîmes.	7549923	We wachtten.
2109531	Nous discutâmes.	7549924	We spraken.
2109531	Nous discutâmes.	7549925	We praatten.
2109565	Nous promîmes.	7549927	We beloofden.
2109541	Nous survécûmes.	7549928	We overleefden.
2136720	Quelles fadaises !	7549929	Wat een onzin!
2192945	Il manquera.	7549930	Hij zal gemist worden.
2196379	Quel nullard !	7549932	Wat een nietsnut!
2201799	Je bricolais.	7549933	Ik sleutelde.
2201982	Je perdais.	7549937	Ik was aan het verliezen.
2201982	Je perdais.	7549938	Ik verloor.
2206168	Elle manquera.	7549940	Zij zal gemist worden.
2206207	Qui regarde ?	7549941	Wie kijkt er?
2206207	Qui regarde ?	7549942	Wie zit er te kijken?
2206210	Nous marcherons.	7549943	We zullen wandelen.
2206210	Nous marcherons.	7549944	We zullen stappen.
2219489	Je grignotais.	7549945	Ik knabbelde.
2231439	Tu bricolais.	7549947	Je sleutelde.
2232270	Tu coulais.	7549948	Je zonk.
2232270	Tu coulais.	7549949	Je was aan het zinken.
2257704	Tu enseignais.	7549950	Je leerde.
2257704	Tu enseignais.	7549951	Je onderwees.
2285503	Je manifesterai.	7549952	Ik zal manifesteren.
2285503	Je manifesterai.	7549953	Ik zal betogen.
2287899	Chic endroit !	7549956	Chique plek!
2351920	Reviens ici.	7549957	Kom hier terug.
2352338	Appelle-nous.	7549958	Bel ons.
2352338	Appelle-nous.	7549959	Bel ons op.
2352344	Écoute ça.	7549960	Luister naar dit.
2352363	Répète-le.	7549961	Herhaal het.
2352494	Tom attend.	7549962	Tom wacht.
2352494	Tom attend.	7549963	Tom zit te wachten.
2352494	Tom attend.	7549964	Tom is aan het wachten.
2367245	Il aboyait.	7549965	Hij blafte.
2367334	Tom aboyait.	7549966	Tom blafte.
2367336	Elle aboyait.	7549967	Zij blafte.
2367338	Marie aboyait.	7549968	Maria blafte.
2367340	Nous aboyions.	7549969	We waren aan het blaffen.
2367340	Nous aboyions.	7549970	We blaften.
2367338	Marie aboyait.	7549971	Maria was aan het blaffen.
2367336	Elle aboyait.	7549972	Zij was aan het blaffen.
2367334	Tom aboyait.	7549973	Tom was aan het blaffen.
2367245	Il aboyait.	7549974	Hij was aan het blaffen.
2367342	Vous aboyiez.	7549975	U blafte.
2367342	Vous aboyiez.	7549976	Jullie blaften.
2367342	Vous aboyiez.	7549977	U was aan het blaffen.
2367342	Vous aboyiez.	7549978	Jullie waren aan het blaffen.
2367345	Ils aboyaient.	7549979	Zij blaften.
2367345	Ils aboyaient.	7549980	Zij waren aan het blaffen.
2367440	Il accélérait.	7549981	Hij versnelde.
2367443	Elle accélérait.	7549982	Zij versnelde.
2367454	Marie accélérait.	7549984	Maria versnelde.
2367459	Nous accélérions.	7549985	Wij versnelden.
2367463	Vous accélériez.	7549986	Jullie versnelden.
2367470	Ils accéléraient.	7549987	Zij versnelden.
2367704	Pigez-vous ?	7549988	Snappen jullie?
2368679	Boycottez Facebook.	7549989	Boycot Facebook.
1943681	Signe ici !	7549993	Teken hier!
1958147	Envoyez-la !	7549996	Stuur het door!
1958181	Envoyez-le !	7549997	Stuur hem door!
1958147	Envoyez-la !	7549998	Stuur haar door!
1964301	Oh putain !	7550000	Kut!
1964418	Ils nagèrent.	7550001	Ze zwommen.
1970797	Papa péta.	7550002	Papa liet een scheet.
1973010	Montre-moi !	7550003	Laat me zien!
1973010	Montre-moi !	7550004	Laat zien!
1973400	Suis-nous !	7550006	Volg ons!
1973415	Touche ça !	7550008	Raak dat aan!
1973429	Laisse tomber !	7550009	Laat maar!
1974688	Soyez discrets.	7550010	Wees discreet.
1976419	Que boire ?	7550012	Wat te drinken?
1996177	Laisse-nous !	7550014	Laat ons!
1996196	Regardez-nous !	7550016	Kijk naar ons!
1996196	Regardez-nous !	7550017	Kijk ons aan!
1996203	Regardez-moi !	7550018	Kijk naar me!
1996203	Regardez-moi !	7550019	Kijk me aan!
1996509	Pleures-tu ?	7550020	Huil je?
1996509	Pleures-tu ?	7550021	Ben je aan het huilen?
1996510	Pleurez-vous ?	7550026	Bent u aan het huilen?
1996510	Pleurez-vous ?	7550029	Huilt u?
1996539	Promets-tu ?	7550031	Beloof je het?
1996541	Promettez-vous ?	7550034	Belooft u het?
1998681	Rougis-tu ?	7550044	Bloos je?
1998683	Rougissez-vous ?	7550046	Bloost u?
1998811	Je revérifierai.	7550051	Ik zal het dubbelchecken.
1998952	Regardez ça !	7550054	Kijk dat eens!
1999495	Bonjour, docteur !	7550055	Hallo, dokter!
1999495	Bonjour, docteur !	7550056	Goedemorgen, dokter!
2025654	Ils survivront.	7550057	Ze zullen overleven.
2025654	Ils survivront.	7550058	Ze overleven wel.
2025661	Elle survivra.	7550062	Ze zal overleven.
2025661	Elle survivra.	7550064	Ze overleeft wel.
2025662	Il survivra.	7550066	Hij zal overleven.
2025662	Il survivra.	7550068	Hij overleeft wel.
2025663	Je survivrai.	7550069	Ik overleef wel.
2025663	Je survivrai.	7550070	Ik zal overleven.
2043985	Elle simule.	7550072	Ze simuleert.
2050440	Quelle folie !	7550073	Wat een waanzin!
2051766	Je meurs.	7550075	Ik ga dood.
2051766	Je meurs.	7550076	Ik sterf.
2051766	Je meurs.	7550079	Ik ben aan het sterven.
2058352	Sortons manger !	7550081	Laten we gaan eten!
2061659	Ils approchent.	7550087	Ze naderen.
2077411	Sois gentil !	7550090	Wees aardig!
2077436	Emploie ceci !	7550092	Gebruik dit!
2080750	Riche idée !	7550095	Goed idee!
2109490	Nous reconstruirons.	7550098	We zullen herbouwen.
2109491	Nous partagerons.	7550100	We zullen delen.
2109493	Nous survivrons.	7550103	We zullen overleven.
2109493	Nous survivrons.	7550104	We overleven wel.
2109498	Nous attendrons.	7550107	We zullen wachten.
2109498	Nous attendrons.	7550109	We wachten wel.
2109502	Nous gagnerons.	7550113	We zullen winnen.
2109502	Nous gagnerons.	7550114	We winnen wel.
2109507	Nous gérerons.	7550118	We zullen beheren.
2109512	Nous danserons.	7550121	We zullen dansen.
2109515	Nous gagnâmes.	7550125	We wonnen.
2532819	Ils baillaient.	7575138	Ze gaapten.
2384985	Il apprenait.	7575139	Hij was aan het leren.
2384985	Il apprenait.	7575140	Hij leerde.
2384989	Elle apprenait.	7575141	Ze was aan het leren.
2384989	Elle apprenait.	7575142	Ze leerde.
2384994	Marie apprenait.	7575143	Maria leerde.
2384994	Marie apprenait.	7575144	Maria was aan het leren.
2384996	Nous apprenions.	7575145	We leerden.
2384996	Nous apprenions.	7575146	We waren aan het leren.
2384998	Vous appreniez.	7575147	Jullie leerden.
2384998	Vous appreniez.	7575148	Jullie waren aan het leren.
2385003	Ils apprenaient.	7575149	Ze leerden.
2385003	Ils apprenaient.	7575150	Ze waren aan het leren.
2386788	Elle mentait.	7575151	Ze loog.
2386790	Marie mentait.	7575152	Maria loog.
2386792	Nous mentions.	7575154	We logen.
2387189	Il attendait.	7575155	Hij zat te wachten.
2387189	Il attendait.	7575157	Hij wachtte.
2387189	Il attendait.	7575158	Hij was aan het wachten.
2387193	Elle attendait.	7575160	Zij zat te wachten.
2387193	Elle attendait.	7575162	Zij wachtte.
2387193	Elle attendait.	7575163	Zij was aan het wachten.
2387316	Marie attendait.	7575165	Maria was aan het wachten.
2387316	Marie attendait.	7575167	Maria wachtte.
2387316	Marie attendait.	7575168	Maria zat te wachten.
2387318	Nous attendions.	7575169	We waren aan het wachten.
2387320	Vous attendiez.	7575171	Jullie wachtten.
2387320	Vous attendiez.	7575172	Jullie waren aan het wachten.
2387323	Ils attendaient.	7575173	Ze waren aan het wachten.
2387346	Il atterrissait.	7575175	Hij was aan het landen.
2387346	Il atterrissait.	7575176	Hij landde.
2387348	Elle atterrissait.	7575177	Zij landde.
2387348	Elle atterrissait.	7575178	Zij was aan het landen.
2387350	Tom atterrissait.	7575179	Tom was aan het landen.
2387350	Tom atterrissait.	7575180	Tom landde.
2387352	Marie atterrissait.	7575181	Maria landde.
2387352	Marie atterrissait.	7575183	Maria was aan het landen.
2387354	Nous atterrissions.	7575186	We waren aan het landen.
2387354	Nous atterrissions.	7575187	We landden.
2387356	Vous atterrissiez.	7575188	Jullie landden.
2387356	Vous atterrissiez.	7575190	Jullie waren aan het landen.
2387359	Ils atterrissaient.	7575191	Ze waren aan het landen.
2387359	Ils atterrissaient.	7575192	Ze landden.
2388709	Tu volais.	7575193	Je was aan het vliegen.
2388709	Tu volais.	7575195	Je vloog.
2388709	Tu volais.	7575196	Je was aan het stelen.
2388709	Tu volais.	7575197	Je stal.
2388714	Il volait.	7575199	Hij was aan het stelen.
2388714	Il volait.	7575201	Hij was aan het vliegen.
2388714	Il volait.	7575202	Hij vloog.
2388714	Il volait.	7575204	Hij stal.
2388718	Tom volait.	7575205	Tom stal.
2388723	Elle volait.	7575206	Ze stal.
2388729	Marie volait.	7575207	Maria stal.
2388718	Tom volait.	7575209	Tom vloog.
2388723	Elle volait.	7575210	Ze vloog.
2388729	Marie volait.	7575212	Maria vloog.
2388718	Tom volait.	7575213	Tom was aan het vliegen.
2388723	Elle volait.	7575215	Ze was aan het vliegen.
2388729	Marie volait.	7575216	Maria was aan het vliegen.
2388718	Tom volait.	7575218	Tom was aan het stelen.
2388723	Elle volait.	7575220	Ze was aan het stelen.
2388729	Marie volait.	7575221	Maria was aan het stelen.
2388733	Nous volions.	7575224	Wij vlogen.
2388733	Nous volions.	7575225	Wij stalen.
2388736	Vous voliez.	7575227	Jullie vlogen.
2388746	Ils volaient.	7575229	Zij vlogen.
2388736	Vous voliez.	7575230	Jullie stalen.
2388746	Ils volaient.	7575231	Zij stalen.
2388796	J'approchais.	7575235	Ik kwam dichterbij.
2388798	Tu approchais.	7575236	Jij kwam dichterbij.
2388802	Il approchait.	7575237	Hij kwam dichterbij.
2388804	Tom approchait.	7575239	Tom kwam dichterbij.
2388806	Elle approchait.	7575240	Zij kwam dichterbij.
2388808	Marie approchait.	7575241	Maria kwam dichterbij.
2388810	Nous approchions.	7575243	Wij kwamen dichterbij.
2388812	Vous approchiez.	7575244	Jullie kwamen dichterbij.
2397213	Ça compte.	7575247	Het telt.
2402443	Tu dramatises.	7575248	Je overdrijft.
2402444	Vous dramatisez.	7575249	U overdrijft.
2405381	Éteignez tout.	7575250	Schakel alles uit.
2428269	Quel chahut !	7575251	Wat een herrie!
2445338	J’enseigne.	7575254	Ik geef les.
2445338	J’enseigne.	7575255	Ik onderwijs.
2446126	Tu enseignes.	7575256	Je geeft les.
2446130	Il enseigne.	7575258	Hij geeft les.
2446130	Il enseigne.	7575260	Hij doceert.
2446141	Elle enseigne.	7575261	Ze geeft les.
2446144	Marie enseigne.	7575262	Maria geeft les.
2446147	Nous enseignons.	7575263	Wij geven les.
2446149	Vous enseignez.	7575264	Jullie geven les.
2446152	Ils enseignent.	7575266	Zij geven les.
2448736	Alors ça ...	7575267	Nou dat...
2459925	Nous achetons.	7575268	We kopen.
2459980	Tom vient.	7575269	Tom komt.
2459997	Tom vérifiera.	7575270	Tom zal het controleren.
2460004	Tu triches.	7575271	Je speelt vals.
2460096	Tom fredonne.	7575273	Tom neuriet.
2460097	Tu fredonnes.	7575276	Jij neuriet.
2460099	Vous fredonnez.	7575278	Jullie neuriën.
2460100	Je fredonne.	7575280	Ik neurie.
2460101	Qui fredonne ?	7575282	Wie neuriet?
2460114	Tom ira.	7575284	Tom zal gaan.
2460115	Qui ira ?	7575285	Wie zal gaan?
2460118	Nous irons.	7575286	We zullen gaan.
2464959	Remplace-moi.	7575287	Neem mijn plek.
2514738	Va chier !	7575288	Kus m'n kloten!
2531803	Tom jeûne.	7575289	Tom vast.
2532810	Il baillait.	7575290	Hij geeuwde.
2532811	Tom baillait.	7575291	Tom geeuwde.
2532814	Elle baillait.	7575292	Zij geeuwde.
2532815	Marie baillait.	7575293	Maria geeuwde.
2532817	Nous baillions.	7575294	Wij geeuwden.
7582813	J'ai le roi de pique.	7584751	Ik heb schoppen heer.
7646072	Un écran de fumée séparait les CRS des gilets jaunes.	7648958	Een rookgordijn scheidde de Republikeinse Veiligheidstroepen van de gele hesjes.
7668513	Il faudra que je lui en parle.	7669352	Ik moet het er met haar over hebben.
7668513	Il faudra que je lui en parle.	7669353	Ik moet het er met hem over hebben.
2918737	Marie ouvrait.	7680580	Maria opende.
2918735	Elle ouvrait.	7680581	Zij opende.
2918731	Il ouvrait.	7680582	Hij opende.
2918728	Tu ouvrais.	7680583	Jij opende.
2902994	Il chassait.	7680585	Hij was aan het jagen.
2902994	Il chassait.	7680586	Hij jaagde.
2902994	Il chassait.	7680587	Hij joeg.
2902864	Elles chantaient.	7680588	Ze zongen.
2902857	Vous chantiez.	7680589	Jullie zongen.
2902855	Nous chantions.	7680590	We zongen.
2902853	Marie chantait.	7680591	Maria zong.
2902851	Elle chantait.	7680592	Zij zong.
2902848	Tom chantait.	7680593	Tom zong.
2886669	Regarde-nous.	7680594	Kijk ons aan.
2879118	Pose-le !	7680595	Leg het neer!
2879117	Laisse-le !	7680596	Laat het!
2879117	Laisse-le !	7680597	Laat hem gaan!
2879117	Laisse-le !	7680599	Laat hem met rust!
2879117	Laisse-le !	7680600	Blijf van hem af!
2859955	En garde !	7680603	En garde!
2840033	Viens voir !	7680607	Kom eens kijken!
2840033	Viens voir !	7680608	Kom kijken!
2847476	Ça pèle.	7680610	Het vriest hier.
2837188	Passe-le !	7680611	Geef het door!
2837180	Félicitez-moi !	7680612	Feliciteer me!
2836804	Écoute-le !	7680613	Luister naar hem!
2832476	Quelle cloche !	7680614	Wat een idioot!
2825710	D'accord ?	7680615	Oké?
2825710	D'accord ?	7680617	Akkoord?
2825403	Bats Tom !	7680620	Versla Tom!
2825403	Bats Tom !	7680622	Sla Tom!
2825098	Je dîne.	7680623	Ik ben aan het dineren.
2825098	Je dîne.	7680625	Ik ga uit eten.
2818744	Bon Dieu !	7680627	In hemelsnaam!
2817349	Bonjour mademoiselle !	7680629	Goedemorgen juffrouw!
2817349	Bonjour mademoiselle !	7680630	Goedemorgen mevrouw!
2817349	Bonjour mademoiselle !	7680633	Hallo jongedame!
2814947	Je déjeune.	7680634	Ik ben aan het ontbijten.
2814402	Qui achète ?	7680636	Wie koopt er?
2814402	Qui achète ?	7680637	Wie koopt?
2813174	Quel panard !	7680639	Heerlijk!
2808142	Parles-en !	7680640	Praat erover!
2808142	Parles-en !	7680643	Vertel erover!
2808139	Manges-en !	7680646	Neem er een hapje van!
2793931	Quel festin!	7680647	Wat een festijn!
2793931	Quel festin!	7680648	Wat een maaltijd!
2791250	Cela suffirait.	7680650	Dat zou genoeg zijn.
2779870	Parlons-en.	7680653	Laten we erover praten.
2779870	Parlons-en.	7680654	Laten we praten.
2758436	Travailles-tu ?	7680655	Werk je?
2753137	J'écouterai.	7680656	Ik zal luisteren.
2745560	Dansons, chéri !	7680658	Laten we dansen, lieverd!
2745560	Dansons, chéri !	7680659	Laten we dansen, schat!
2706100	Contrôlons-la.	7680664	Laten we het controleren.
2706100	Contrôlons-la.	7680665	Laten we haar controleren.
2681843	Et voilà !	7680666	En voilà!
2681843	Et voilà !	7680667	Daar staat het!
2681843	Et voilà !	7680668	En klaar is kees!
2665280	À vendre.	7680669	Te koop.
2639162	Noblesse oblige.	7680670	Noblesse oblige.
2576555	Il tergiverse.	7680672	Hij treuzelt.
2572824	Contrôlons-le.	7680678	Laten we hem controleren.
2565230	Elles exagéraient.	7680679	Ze overdreven.
2565224	Vous exagériez.	7680680	Jullie overdreven.
2565222	Nous exagérions.	7680681	We overdreven.
2565219	Marie exagérait.	7680682	Maria overdreef.
2565214	Elle exagérait.	7680683	Zij overdreef.
2565210	Il exagérait.	7680685	Hij overdreef.
2564884	Elles mouraient.	7680686	Ze stierven.
2564882	Vous mouriez.	7680687	Jullie stierven.
2564879	Nous mourions.	7680688	We stierven.
2564876	Tom mourait.	7680690	Tom stierf.
2564873	Il mourait.	7680691	Hij stierf.
2564872	Tu mourais.	7680692	Jij stierf.
2564868	Vous nagiez.	7680693	Jullie zwommen.
2564867	Nous nagions.	7680694	We zwommen.
2564864	Elle nageait.	7680696	Zij zwom.
2564862	Il nageait.	7680697	Hij zwom.
2564861	Tu nageais.	7680699	Jij zwom.
2564851	Elles noircissaient.	7680700	Ze werden zwart.
2564849	Vous noircissiez.	7680701	Jullie werden zwart.
2564848	Nous noircissions.	7680702	We werden zwart.
2564847	Marie noircissait.	7680703	Maria werd zwart.
2564846	Elle noircissait.	7680704	Zij werd zwart.
2564845	Tom noircissait.	7680705	Tom werd zwart.
2564844	Il noircissait.	7680706	Hij werd zwart.
2564843	Tu noircissais.	7680707	Jij werd zwart.
2564803	Ils nasillaient.	7680720	Zij snaterden.
2564802	Vous nasilliez.	7680721	Jullie snaterden.
2564801	Nous nasillions.	7680722	Wij snaterden.
2564799	Marie nasillait.	7680724	Maria snaterde.
2564798	Elle nasillait.	7680725	Zij snaterde.
2564797	Tom nasillait.	7680727	Tom snaterde.
2564796	Il nasillait.	7680728	Hij snaterde.
2564794	Tu nasillais.	7680730	Jij snaterde.
2564793	Je nasillais.	7680731	Ik snaterde.
2564107	Vous lisiez.	7680738	Jullie lazen.
2564104	Nous lisions.	7680739	Wij lazen.
2564102	Marie lisait.	7680742	Maria las.
2564100	Elle lisait.	7680743	Zij las.
2564097	Tom lisait.	7680744	Tom las.
2564096	Il lisait.	7680746	Hij las.
2564093	Tu lisais.	7680748	Jij las.
2563997	Elles jeûnaient.	7680750	Zij vastten.
2563994	Vous jeûniez.	7680751	Jullie vastten.
2563991	Marie jeûnait.	7680752	Maria vastte.
2563989	Elle jeûnait.	7680762	Zij vastte.
5564542	Tom n'avait pas l'intention de blesser Marie.	7709065	Tom wou Maria niet kwetsen.
5411075	Un mot de passe est requis.	7726535	Een wachtwoord is vereist.
7727843	Tu nous as vus hier.	7727845	Jij hebt ons gisteren gezien.
7727848	Vous nous avez vus hier.	7730119	Jullie hebben ons gisteren gezien.
7745670	Je n'ai pas peur des araignées.	7745677	Ik heb geen angst voor spinnen.
7745675	Je sais que c'est toi qui l'as fait.	7745682	Ik weet dat jij het bent die het gedaan heeft.
1011761	Cette affaire était un clou dans mon cercueil.	7751138	Dat was een nagel aan mijn doodskist.
468825	Vous avez de la chance. L'avion est à l'heure.	7752498	U heeft geluk. Het vliegtuig is op tijd.
429770	Bien qu'elle se dépêcha, la vieille dame manqua le dernier train.	7757095	Hoewel ze zich spoedde miste de oude dame de laatste trein.
2422297	Il doit avoir dans les 40 ans.	7769442	Hij moet ergens in de veertig zijn.
1335662	Ne choisis qu'une personne, je te prie.	7773152	Kies niet meer dan één persoon a.u.b.
2126521	Il allume des bougies dans sa chambre.	7781791	Hij steekt kaarsen aan in zijn kamer.
3325392	Je sais que vous êtes amoureuse de moi !	7781792	Ik weet dat u verliefd op mij bent!
6833691	Croyez-vous vraiment que Tom soit le seul ici qui sache parler français ?	7781793	Denkt u echt dat Tom de enige hier is die Frans kan spreken?
7014635	Marie était totalement surprise.	7781795	Marie was volslagen verrast.
356614	Ces compliments me donnent envie de détaler.	7781796	Deze complimenten geven me zin om weg te rennen.
1842752	Comment votre compagne se porte-t-elle ?	7781798	Hoe gaat het met uw partner?
2182305	Vous n'êtes pas obligé de sortir aujourd'hui.	7781799	U hoeft vandaag niet uit te gaan.
2316236	Doivent-ils rester à la maison aujourd'hui ?	7781801	Moeten ze vandaag thuis blijven?
2392147	J'en doute vraiment.	7781802	Ik betwijfel het echt.
2392147	J'en doute vraiment.	7781803	Ik twijfel er echt aan.
5691772	Je pensais que Tom demanderait cela.	7781804	Ik dacht dat Tom dat zou vragen.
5983956	Elle fait du bruit.	7781805	Ze maakt lawaai.
897135	Nous écrivons Çorum "Ĉorum" en espéranto.	7781807	In het Esperanto schrijven we Çorum "Ĉorum".
1293472	Elle et moi disposons à peu près du même nombre de timbres.	7781808	Zij en ik hebben ongeveer hetzelfde aantal stempels.
1293472	Elle et moi disposons à peu près du même nombre de timbres.	7781809	Zij en ik beschikken over ongeveer hetzelfde aantal stempels.
1359267	Je me rends à un concert la semaine prochaine.	7781810	Ik ga volgende week naar een concert.
1359267	Je me rends à un concert la semaine prochaine.	7781811	Ik ga volgende week een concert bijwonen.
1985003	Il enseignait sa langue maternelle.	7781812	Hij leerde zijn moedertaal.
1985003	Il enseignait sa langue maternelle.	7781813	Hij onderwees zijn moedertaal.
1060837	Elle tira avantage de mon ignorance.	7781814	Ze profiteerde van mijn onwetendheid.
1060837	Elle tira avantage de mon ignorance.	7781815	Ze misbruikte mijn onwetendheid.
1724281	Je te prie de ne pas tenter cela chez toi.	7781816	Probeer dit alsjeblieft niet thuis.
1724281	Je te prie de ne pas tenter cela chez toi.	7781817	Gelieve dit niet thuis te proberen.
2851122	Ta belle voix était très agréable à mes oreilles.	7781820	Je mooie stem klonk me heel prettig in de oren.
5324633	Tom est déjà rentré à la maison.	7781821	Tom is al thuisgekomen.
5324633	Tom est déjà rentré à la maison.	7781822	Tom is al thuis.
131242	Il est très intelligent, ainsi que son frère.	7781823	Hij is heel slim, net als zijn broer.
131242	Il est très intelligent, ainsi que son frère.	7781824	Hij is ontzettend slim, net als zijn broer.
1306483	Je veux davantage de ça.	7781826	Ik wil meer van dat.
1306483	Je veux davantage de ça.	7781828	Ik wil nog meer van dat soort dingen.
2925607	Ils se déshabillaient.	7781829	Ze waren zich aan het uitkleden.
2925607	Ils se déshabillaient.	7781831	Ze kleedden zich uit.
4720169	Le voilà qui arrive !	7781832	Daar komt hij!
5167504	Je partage tes sentiments.	7781833	Ik deel je gevoelens.
5309914	Elles regarderont ma belle poule.	7781836	Ze zullen naar mijn mooie kip kijken.
2430044	Je n'avais pas idée que tu te trouverais ici.	7781837	Ik had geen idee dat je hier zou zijn.
3354938	Il n'a pas arrêté de neiger.	7781838	Het is niet gestopt met sneeuwen.
3354938	Il n'a pas arrêté de neiger.	7781839	Het is nog steeds aan het sneeuwen.
5600048	Pourrais-je vous voir ce soir ?	7781840	Zou ik u vanavond kunnen zien?
5764435	Connais-tu bien Tom ?	7781842	Hoe goed ken je Tom?
2590573	Je vous entends très bien.	7781844	Ik kan u heel goed horen.
2590573	Je vous entends très bien.	7781845	Ik hoor u heel goed.
3000152	L'état de santé de mon fils est mauvais.	7781846	De gezondheidstoestand van mijn zoon is slecht.
3570784	Le couvercle se visse sur le bocal.	7781847	Het deksel wordt op de pot geschroefd.
4551085	C'est l'un d'eux.	7781850	Het is er een van.
4551085	C'est l'un d'eux.	7781851	Hij is er een van.
4551085	C'est l'un d'eux.	7781855	Hij is een van hen.
1023127	Son désir de devenir médecin l'aiguillonnait.	7781857	Zijn verlangen om dokter te worden, moedigde hem aan.
1438160	S'il faisait humide, la fête champêtre n'aurait pas lieu.	7781862	Als het vochtig was, zou het boerenfeest niet plaatsvinden.
2031165	Elle a une assuétude.	7781867	Ze is verslaafd.
2031165	Elle a une assuétude.	7781870	Ze heeft een verslaving.
6558686	Tu as toujours la tête dans tes bouquins.	7781873	Je zit altijd met je neus in je boeken.
129728	Le Japon est entouré par la mer.	7781874	Japan is omringd door de zee.
1144076	Il continua l'énumération.	7781875	Hij zette de opsomming voort.
3293257	Merci de m'avoir prévenu.	7781878	Bedankt dat je het me laat weten.
3293257	Merci de m'avoir prévenu.	7781879	Bedankt voor het laten weten.
3293257	Merci de m'avoir prévenu.	7781881	Dank voor de waarschuwing.
3293257	Merci de m'avoir prévenu.	7781882	Fijn dat je me op tijd waarschuwt.
3293257	Merci de m'avoir prévenu.	7781883	Fijn dat u me op tijd waarschuwt.
1353108	Pourrais-tu le contacter ?	7781884	Zou je contact met hem kunnen opnemen?
1353108	Pourrais-tu le contacter ?	7781885	Zou je hem kunnen contacteren?
2075691	Tom n'a pas saigné du nez.	7781886	Tom had geen neusbloeding.
2075691	Tom n'a pas saigné du nez.	7781887	Tom had geen bloedneus.
2396810	À l'évidence, vous vous êtes porté volontaire.	7781891	Het spreekt voor zich dat u zich vrijwillig heeft aangemeld.
2396810	À l'évidence, vous vous êtes porté volontaire.	7781892	Het is duidelijk dat u zich als vrijwilliger heeft aangemeld.
5092260	Tom veut passer du temps avec Marie.	7781893	Tom wil tijd doorbrengen met Maria.
6573270	Je vous dois combien ?	7781894	Hoeveel ben ik u verschuldigd?
6573270	Je vous dois combien ?	7781895	Wat krijgt u van mij?
6573270	Je vous dois combien ?	7781896	Wat moet ik u?
339629	Personne ne semble avoir prêté attention à ce qu'il a dit.	7781897	Niemand lijkt aandacht te hebben besteed aan wat hij zei.
2035659	Ce dictionnaire-ci vous aidera beaucoup.	7781899	Dit woordenboek zal u veel helpen.
2035659	Ce dictionnaire-ci vous aidera beaucoup.	7781901	Dit woordenboek zal u enorm helpen.
2447183	Je ne peux simplement pas vous aider à l'instant.	7781902	Ik kan u op dit moment gewoon niet helpen.
7448859	La situation est hors de contrôle.	7781903	De situatie loopt uit de hand.
888950	Nous pouvons voir une église là-bas.	7781904	We kunnen daar een kerk zien.
888950	Nous pouvons voir une église là-bas.	7781905	Daar kunnen we een kerk zien.
5822362	Tom s'est-il suicidé ?	7781906	Heeft Tom zelfmoord gepleegd?
2731384	Es-tu inscrit ?	7781907	Ben je ingeschreven?
1536445	Si j'avais voulu votre opinion, je vous l'aurais demandée.	7781908	Als ik uw mening had gewild, zou ik u ernaar gevraagd hebben.
2300514	Où est le bus ?	7781909	Waar is de bus?
2300514	Où est le bus ?	7781910	Waar zit de bus?
337996	Je viens d'avoir une bonne idée.	7786195	Ik kreeg net een goede ingeving.
6602	Je l'ai aperçue au milieu de la foule.	7793194	Ik zag haar midden in de menigte.
6602	Je l'ai aperçue au milieu de la foule.	7793195	Ik zag haar te midden van de menigte.
11731	Jim vient à la fête lui aussi.	7793196	Jim komt ook naar het feest.
128128	Je lui ai demandé s'il voulait une montre.	7793197	Ik vroeg hem of hij een horloge wilde.
128128	Je lui ai demandé s'il voulait une montre.	7793198	Ik heb hem gevraagd of hij een horloge wilde.
131329	Son sang bout.	7793199	Zijn bloed kookt.
131900	Il court aussi vite que toi.	7793200	Hij loopt net zo snel als jij.
135987	« Si, j'y étais », répondit cet étudiant.	7793201	"Ja, ik was er," antwoordde de student.
329753	Les tentatives ont été la plupart du temps des échecs.	7793202	Meestal waren de pogingen vruchteloos.
329753	Les tentatives ont été la plupart du temps des échecs.	7793203	De pogingen waren voor het grootste deel op mislukkingen uitgelopen.
417399	Il a la liberté de faire ce qu'il croit correct de faire.	7793204	Hij heeft de vrijheid om te doen wat hij correct acht.
417399	Il a la liberté de faire ce qu'il croit correct de faire.	7793205	Hij is vrij om te doen wat hij meent dat goed is.
450669	Qu'as-tu donc fait ?	7793206	Wat heb je dus gedaan?
450669	Qu'as-tu donc fait ?	7793207	Wat heb je vervolgens gedaan?
489468	N'enfreins pas les règles.	7793208	Breek de regels niet.
489468	N'enfreins pas les règles.	7793209	Overtreed de regels niet.
548848	Une compagnie d'oiseaux tourbillonnaient dans le ciel bleu.	7793210	Een gezelschap vogels wervelde in de blauwe hemel.
645658	Sadako leur a souri.	7793212	Sadako glimlachte hen toe.
645658	Sadako leur a souri.	7793213	Sadako glimlachte naar hen.
801683	Les gens avec des handicaps physiques détestent qu'on les prenne en pitié.	7793214	Mensen met een lichamelijke beperking hebben een hekel aan medelijden.
801683	Les gens avec des handicaps physiques détestent qu'on les prenne en pitié.	7793215	Mensen met fysieke beperkingen hebben er een hekel aan dat men medelijden met ze heeft.
817899	Le panneau de commandes de l'instrument a une disposition très ergonomique.	7793216	Het bedieningspaneel van het instrument heeft een zeer ergonomische indeling.
817899	Le panneau de commandes de l'instrument a une disposition très ergonomique.	7793218	Het controlepaneel van het instrument heeft een zeer ergonomische opstelling.
842226	Vous ne serez jamais seule.	7793219	U zult nooit alleen zijn.
844991	Dégagez, les gamins !	7793222	Wegwezen, jongens!
844991	Dégagez, les gamins !	7793223	Wegwezen, jongens en meisjes!
844991	Dégagez, les gamins !	7793224	Maak de weg vrij, kinderen!
914705	Peut-il y avoir un ordinateur si intelligent qu'il puisse être capable de raconter une blague ?	7793232	Kan er een computer bestaan die zo slim is dat hij een grapje kan vertellen?
929645	Elle me reproche que notre vie conjugale n'aille pas au mieux.	7793236	Ze verwijt me dat het niet goed gaat met ons huwelijksleven.
929645	Elle me reproche que notre vie conjugale n'aille pas au mieux.	7793238	Ze verwijt me dat het niet goed gesteld is met ons huwelijksleven.
929645	Elle me reproche que notre vie conjugale n'aille pas au mieux.	7793239	Ze verwijt me dat ons huwelijksleven niet goed verloopt.
949888	John, je te jure qu'à partir de maintenant j'arrête la cigarette.	7793242	John, ik zweer je dat ik vanaf nu zal stoppen met roken.
1010005	Je vais à la piscine.	7793243	Ik ga naar het zwembad.
980723	Je n'aurais jamais pensé trouver un hôtel aussi sympa dans un lieu comme celui-ci.	7793246	Ik had nooit gedacht dat ik zo'n leuk hotel zou vinden op een plek als deze.
980723	Je n'aurais jamais pensé trouver un hôtel aussi sympa dans un lieu comme celui-ci.	7793247	Ik had nooit gedacht dat ik zo'n leuk hotel gevonden zou hebben in zo'n locatie.
1102586	Le Brésil compte presque 200 millions d'habitants.	7793248	Brazilië heeft bijna 200 miljoen inwoners.
1102586	Le Brésil compte presque 200 millions d'habitants.	7793249	Brazilië telt bijna 200 miljoen inwoners.
1104072	Tu es sûre qu'ils sont efficaces, ceux-là?	7793250	Weet je zeker dat deze efficiënt zijn?
1104072	Tu es sûre qu'ils sont efficaces, ceux-là?	7793251	Ben je er zeker van dat deze doeltreffend zijn?
1135361	Mon père me demanda qui était venu lui rendre visite hier.	7793252	Mijn vader vroeg me wie er gisteren op bezoek was gekomen.
1135361	Mon père me demanda qui était venu lui rendre visite hier.	7793253	Mijn vader vroeg me wie hem gisteren was komen bezoeken.
1139132	Nous nous reposâmes sur quelques pierres.	7793255	We rustten op een paar rotsen.
7094489	Que du bla bla.	7802421	Alleen maar blabla.
7094489	Que du bla bla.	7802422	Alleen maar geleuter.
394524	La chaleur du soleil durcit l'argile.	7821942	De warmte van de zon maakt de klei hard.
7098043	Il habite en Angleterre.	7824206	Hij woont in Engeland.
15623	Elle est fière de son fils.	7826236	Ze is trots op haar zoon.
932276	La profession de ses rêves est astronaute.	7838994	Zijn droomjob is astronaut.
335803	Je me suis perdu lorsque je t'ai rendu visite pour la première fois.	7839665	Ik ben verloren gelopen toen ik je voor het eerst bezocht.
6539	Je suis en train de jouer du piano.	7864949	Ik ben piano aan het spelen.
6170471	Je ne bois jamais chez moi.	7888297	Thuis drink ik nooit.
857018	Ne freine pas d'un coup.	7912928	Rem niet plotseling
2113090	Tom allumait des bougies dans sa chambre.	7933995	Tom stak kaarsen aan in zijn kamer.
694418	Le roi était célèbre pour son splendide palais.	7933998	De koning was beroemd om zijn prachtige paleis.
5403678	Nous déménagerions dans une maison plus grande si nous avions plus d'argent.	7933999	We zouden naar een groter huis verhuizen als we meer geld hadden.
945116	Mieux vaut quelqu'un qui agit que cent qui parlent.	7934006	Beter een iemand die handelt dan honderd lui die praten.
452772	Quand arrive le printemps, tout le monde se lève tôt.	7934007	In het voorjaar staat iedereen vroeg op.
5822293	Tom est un assistant dentaire expérimenté.	7934008	Tom is een ervaren tandartsassistent.
6534890	La jeune femme se moqua de lui.	7934010	De jonge vrouw lachte hem uit.
2458074	Le malade n'avait plus que la peau sur les os.	7934018	De patiënt was broodmager.
2458074	Le malade n'avait plus que la peau sur les os.	7934027	De zieke was een en al botten waarover huid gespannen was.
1967491	Tous deux ne devaient jamais plus se rencontrer.	7934029	Ze zouden elkaar nooit meer ontmoeten.
1967491	Tous deux ne devaient jamais plus se rencontrer.	7934036	Ze zouden elkaar nooit meer kunnen treffen.
14023	Une série d'explosions mis le laboratoire en ruine.	7934039	Een reeks explosies heeft het laboratorium verwoest.
1486052	Vous êtes une femme d'une grande patience.	7934041	U bent een zeer geduldige vrouw.
7335	Je me suis fait voler mon caméscope.	7934043	Mijn camcorder is gestolen.
874622	Comment pouvez-vous en être tellement sûr ?	7934044	Hoe weet u dat zo zeker?
874622	Comment pouvez-vous en être tellement sûr ?	7934047	Hoe kunt u daar zo zeker van zijn?
2893750	Les manifestations, provoquant des bagarres, ont été interdites.	7934053	De betogingen, die aanleiding gaven tot knokpartijen, werden verboden.
1225349	Un nombre considérable d'Américains aiment les sushis.	7934057	Een aanzienlijk aantal Amerikanen houdt van sushi.
4859752	Je suis étonnée qu'on ne vous ait pas invité.	7934104	Het verbaast me dat u niet uitgenodigd bent.
6032050	Aujourd'hui les français ont voté.	7934107	Vandaag hebben de Fransen gestemd.
1465001	L'attitude vis à vis de la nature et des animaux détermine le type de religion primitive des hommes, et, au-delà, le caractère des sociétés qui en ont été héritées : l'animisme traduit le sentiment de faire intégralement partie de la nature, le totémisme, celui d'être en rapport avec elle, le chamanisme est, quant à lui, la tentative de la contrôler.	7934211	De houding ten opzichte van de natuur en de dieren bepaalt de aard van de primitieve religie van de mensen, en daarbovenop het karakter van de samenlevingen die overgeërfd zijn: het animisme weerspiegelt het gevoel van innige betrokkenheid bij de natuur, het totemisme, het gevoel van verwevenheid met haar, en het sjamanisme is wat het betreft de poging om deze te beheersen.
931727	Un étudiant américain masculin sur cinq a déclaré boire plus de 10 verres d'alcool lors d'une journée.	7934222	Een op de vijf Amerikaanse mannelijke studenten gaf aan meer dan 10 glazen alcohol per dag te drinken.
1441152	Le résultat dépend entièrement de tes propres efforts.	7934223	Het resultaat hangt volledig af van je eigen inspanningen.
6814583	Prends ta voiture car le car de ce matin aura un quart d'heure de retard !	7934225	Ga met de auto want de bus van vanochtend zal een kwartier te laat zijn!
3596909	J'ai beaucoup à faire aujourd'hui alors, si ça ne te dérange pas, j'aimerais avoir cette discussion une autre fois.	7934229	Ik heb het vandaag druk, dus als je het niet erg vindt, zou ik dit gesprek graag een andere keer willen voeren.
5305289	Mes grands-parents sont nés en Palestine et sont enterrés à Naplouse.	7934238	Mijn grootouders zijn geboren in Palestina en liggen begraven in Nablus.
1106178	Avant que je ne sois assez vieux pour boire de l'alcool, je trouvais les fêtes familiales insupportables.	7934242	Voordat ik oud genoeg was om alcohol te drinken, vond ik familiefeesten ondraaglijk.
5519006	Comme nous étions trop en retard, nous n'eûmes pas droit à notre dîner.	7934243	Omdat we te laat waren, mochten we niet meer eten.
5519006	Comme nous étions trop en retard, nous n'eûmes pas droit à notre dîner.	7934247	Aangezien we te laat waren, hadden we geen recht op een avondmaal.
1086472	De nombreux sites web à destination de la jeunesse impressionnent davantage par leur aspect, que par leur contenu.	7934539	Veel jeugdgerichte websites imponeren meer door hun presentatie dan door hun inhoud.
1086472	De nombreux sites web à destination de la jeunesse impressionnent davantage par leur aspect, que par leur contenu.	7934558	Veel op jongeren gerichte websites blinken meer uit door hun look dan door hun inhoud.
5996741	Corrige ton fils, il te donnera du repos. Et fera les délices de ta vie.	7934603	Corrigeer je zoon, hij zal je rust gunnen en zal je in staat stellen om de geneugten van het leven te genieten.
6892970	Tom et Marie sont réputés pour leur hospitalité.	7934604	Tom en Marie staan bekend om hun gastvrijheid.
887763	Conformément à ta demande, je joins une photo de moi.	7934606	In overeenstemming met je verzoek voeg ik een foto van mezelf toe.
9321	Faites attention afin de ne pas rater le train.	7934608	Pas op dat u de trein niet mist.
9321	Faites attention afin de ne pas rater le train.	7934609	Pas op dat jullie de trein niet missen.
554849	Après le plaisir vient la douleur.	7934611	Na het plezier komt de pijn.
1764847	Je lui ai demandé de relever les chiffres du compteur.	7934613	Ik vroeg hem om de meterstanden op te nemen.
1764847	Je lui ai demandé de relever les chiffres du compteur.	7934614	Ik heb hem gevraagd om de meterstanden op te nemen.
2384168	Je vous ai laissé quelques messages.	7934616	Ik heb een paar berichten voor u achtergelaten.
2384168	Je vous ai laissé quelques messages.	7934617	Ik heb u enkele berichten achtergelaten.
4603308	Ce gaz a une odeur désagréable.	7934619	Dit gas heeft een onaangename geur.
483882	Il sera à la maison demain.	7934620	Hij zal morgen thuis zijn.
5622774	Tom est capable de tout.	7934621	Tom is tot alles in staat.
478788	Ça a fait mal avant, mais pas aussi cruellement que maintenant.	7934623	Het heeft eerder pijn gedaan, maar niet zo erg als nu.
478788	Ça a fait mal avant, mais pas aussi cruellement que maintenant.	7934625	Het was eerder pijnlijk, maar niet zo heftig als nu.
180841	Ils étaient vraiment fatigués après avoir travaillé toute la journée.	7934627	Ze waren echt moe na de hele dag te hebben gewerkt.
2444161	J’aime ça. Je l’achète.	7934628	Ik vind het leuk. Ik koop het.
7701726	Le bras de Tom a dû être amputé.	7934629	Toms arm moest geamputeerd worden.
352831	Il a nié connaître quoi que ce soit à propos de leurs plans.	7934630	Hij ontkende dat hij iets wist over hun plannen.
352831	Il a nié connaître quoi que ce soit à propos de leurs plans.	7934632	Hij ontkende iets te weten over hun plannen.
1089953	Ensuite je suis descendu dans le métro.	7934633	Daarna ging ik de metro in.
2396592	Désolée, je n'avais pas l'intention de vous interrompre.	7934635	Excuseer, ik wilde u niet storen.
2396592	Désolée, je n'avais pas l'intention de vous interrompre.	7934638	Sorry, het was niet mijn bedoeling u te onderbreken.
4064394	Va-t-elle réussir ?	7934641	Zal ze slagen?
4064394	Va-t-elle réussir ?	7934644	Gaat het haar lukken?
1131887	Si tu n'es pas en mesure de rire de ce que tu fais, alors mieux vaut ne pas le faire.	7934646	Als je niet kunt lachen om wat je doet, dan kun je het beter niet doen.
1804471	La vie terrestre, avec quoi la comparer ? C'est comme un bateau, appareillant au matin sans plus laisser de traces.	7934658	Het aardse leven, met wat moet je het vergelijken? Het is net een boot die 's morgens het anker licht zonder een spoor na te laten.
2272180	Ça ne résoudra pas quoi que ce soit.	7934659	Het zal niets oplossen.
2272180	Ça ne résoudra pas quoi que ce soit.	7934661	Dat lost niets op.
1973461	Joins-toi à notre table !	7934663	Kom bij ons aan tafel!
4196863	Je t'ai menée précisément où je voulais.	7934665	Ik heb je precies gebracht waar ik wilde dat je naartoe ging.
6474131	J'ai peur de mon patron.	7934673	Ik ben bang voor mijn baas.
2323700	Nous prenons bien soin de Mary.	7934675	We zorgen goed voor Maria.
1292285	Ça ne signifie vraiment rien.	7934692	Het betekent echt niets.
2842170	La réunion a lieu toutes les semaines.	7934693	De vergadering wordt elke week gehouden.
2842170	La réunion a lieu toutes les semaines.	7934694	De vergadering vindt wekelijks plaats.
3272694	Elle en a quatre.	7934695	Ze heeft er vier.
4070018	Nous allons voir Dan.	7934696	We gaan Dan bezoeken.
5286705	Nous copiâmes des phrases.	7934697	We kopieerden zinnen.
5329757	Est-ce que vous vous êtes reposé ?	7934700	Heeft u gerust?
1138885	Où allaient-ils ? Est-ce que l’on sait où l’on va ?	7934701	Waar gingen ze heen? Weten we waar we naartoe gaan?
1394129	Je préfère prendre des médicaments plutôt que d'avoir une piqûre.	7934792	Ik neem liever medicijnen dan een injectie te krijgen.
1394129	Je préfère prendre des médicaments plutôt que d'avoir une piqûre.	7934793	Ik neem liever geneesmiddelen dan een spuitje te krijgen.
2532581	Je lui ai demandé de faire bouillir un peu de thé.	7934796	Ik vroeg hem om wat thee te zetten.
2532581	Je lui ai demandé de faire bouillir un peu de thé.	7934797	Ik vroeg hem om wat thee te maken.
3147092	Elle n'avait encore jamais eu de petit ami.	7934798	Ze had nog nooit een vriendje gehad.
3446685	Je n'ai pas totalement abandonné l'idée.	7934799	Ik heb het idee niet helemaal opgegeven.
5313986	Tom a voulu jouer aux échecs.	7934802	Tom wilde schaken.
479214	Je n'ai pas décidé à quel poste me porter candidat.	7934813	Ik heb nog niet besloten op welke functie ik zal solliciteren.
3988642	Ils annonçaient de la pluie pour aujourd'hui.	7934817	Ze kondigden regen aan voor vandaag.
7909464	C'est mon plus gros problème.	7934818	Dat is mijn grootste probleem.
130363	Son fils était perdu dans la ville.	7934820	Zijn zoon was verdwaald in de stad.
2316356	Je ne sais pas ce dont nous parlons.	7934832	Ik weet niet waar we het over hebben.
3290556	Merci beaucoup. J’ai encore appris quelque chose.	7934834	Hartelijk dank. Ik heb nog iets bijgeleerd.
3433110	Je vais vous emmener dans un lieu sûr.	7934835	Ik breng u naar een veilige plek.
3433110	Je vais vous emmener dans un lieu sûr.	7934836	Ik breng jullie naar een veilige plek.
879965	Elle m'apporte les nouvelles.	7934838	Ze brengt me het nieuws.
4580884	N'ouvre pas la fenêtre !	7934839	Doe het raam niet open!
2800369	Les automobiles sont fabriquées dans des usines.	7934840	Auto's worden in fabrieken geproduceerd.
5095933	Nous avons déjà vu ce film.	7934843	We hebben deze film al gezien.
5945482	C'est pourquoi je te la donne.	7934846	Daarom geef ik het aan jou.
486712	C'est le joueur de plus grande valeur dans notre équipe.	7934848	Hij is de meest waardevolle speler in ons team.
5263567	Nous avons planté un arbre.	7934849	We hebben een boom geplant.
5961188	J'ai trouvé un travail.	7956254	Ik heb een baan gevonden.
5546226	Tom vivait à côté de son oncle.	7958517	Tom woonde naast zijn oom.
129373	Je préfère du café et des toasts au petit-déjeuner.	7962464	Ik neem liever koffie en toast als ontbijt.
1044208	C'est comme ça que nous faisons de la crème glacée.	7962465	Zo maken we ijs.
1044208	C'est comme ça que nous faisons de la crème glacée.	7962466	Dat is hoe we ijs maken.
1252637	Ce dictionnaire est totalement inutile.	7962467	Dit woordenboek is volstrekt nutteloos.
2500439	Mon ami et moi ne partageons pas les mêmes convictions.	7962468	Mijn vriend en ik delen niet dezelfde overtuigingen.
2563860	Tu labourais.	7962469	Je was aan het ploegen.
3925740	La seule trace que la police a trouvé de Dan est une cravate tachée de sang.	7962470	Het enige spoor van Dan dat de politie heeft gevonden, is een bebloede stropdas.
7663924	Tout ce que Tom avait besoin, c'était du temps.	7962471	Alles wat Tom nodig had, was tijd.
484776	De grosses sommes d'argent ont été dépensées pour le pont.	7962472	De brug heeft veel geld gekost.
484776	De grosses sommes d'argent ont été dépensées pour le pont.	7962473	Er werd veel geld uitgegeven aan de brug.
528883	Ça ne veut pas marcher !	7962474	Het wil niet werken!
1692754	Tom et Marie visitèrent la Scandinavie.	7962475	Tom en Maria bezochten Scandinavië.
1842709	Veux-tu que je parte ?	7962476	Wil je dat ik wegga?
1752074	La Bible ne connaît pas les bombes atomiques, les accidents de la circulation, les crises financières, la cybercriminalité, le vacarme des autos ni la pollution atmosphérique : oh ! Dieu ! quels temps paradisiaques !	7962477	Van atoombommen, verkeersongelukken, financiële crises, cybercriminaliteit, verkeersherrie of luchtvervuiling heeft de Bijbel geen weet: Oh! God! Wat waren dat toch hemelse tijden!
5493275	Cela fait vraiment sens.	7971206	Het is echt logisch.
6175183	Tu veux un beau cheval ?	7971207	Wil je een mooi paard?
6840125	Je sais que Tom était abasourdi.	7971208	Ik weet dat Tom verbijsterd was.
7830703	« Tu connais un secret ? » « Oui, mais malheureusement je ne peux pas le dire. »	7971209	"Ken je een geheim?" "Ja, maar helaas kan ik het niet zeggen."
131765	C'est sûr, il est pauvre, mais il est heureux.	7971210	Hij is uiteraard arm, maar hij is gelukkig.
728155	Il peut parler huit langues.	7971211	Hij kan acht talen spreken.
2124309	Ma mère m'a préparé un gâteau de Noël.	7971212	Mijn moeder heeft een kersttaart voor me gemaakt.
2208186	Il a ri de moi.	7971214	Hij heeft me uitgelachen.
3216508	Le tennis est un sport joué sur un terrain spécialement marqué, le terrain de tennis.	7971224	Tennis is een sport die beoefend wordt op een speciaal gemarkeerde baan, de tennisbaan.
5662804	Tom et son écureuil furent enterrés ensemble.	7971226	Tom en zijn eekhoorn werden samen begraven.
6890690	Ma femme agit toujours d'une manière irréfléchie quand elle marchande.	7971229	Mijn vrouw is altijd kortzichtig als ze onderhandelt.
138827	Elle retira ses vieilles chaussures et passa les nouvelles.	7971249	Ze deed haar oude schoenen uit en deed de nieuwe aan.
1033291	On n'a pas de temps, on doit le prendre !	7971250	We hebben geen tijd, we moeten het nemen!
2070855	Tu n'avais pas faim.	7971251	Je had geen honger.
3718801	Ils rigolent à la vue des chimpanzés.	7971254	Ze lachen bij de aanblik van de chimpansees.
5257603	Ils ont lavé le chien.	7971255	Ze hebben de hond gewassen.
7773258	Je ne veux pas être la prochaine personne à le faire.	7971266	Ik wil niet de volgende zijn die het doet.
128419	Au début, je ne l'aimais pas.	7971268	Eerst beviel hij me niet.
128419	Au début, je ne l'aimais pas.	7971269	Eerst beviel zij me niet.
1084779	Prépare-toi pour le voyage une fois pour toutes.	7971270	Bereid je eens en voor altijd voor op de reis.
1124952	Il ne prête jamais attention à ce que je dis.	7971271	Hij let nooit op wat ik zeg.
2928807	Elle lui adressa un sourire énigmatique.	7971272	Ze gaf hem een raadselachtige glimlach.
5274015	Le cerf rée.	7971276	Het hert burlt.
580469	C'est une erreur classique.	7971277	Het is een klassieke fout.
924290	Un jour son papa lui donna un joli petit couteau en écaille.	7971288	Op een dag gaf zijn vader hem een mooi klein hoornen mesje.
3211511	J'ai toujours été une grande fan de Jean Reno.	7971289	Ik ben altijd al een grote fan geweest van Jean Reno.
3973946	Voulez-vous que nous essayions de forcer cette porte ?	7971295	Wilt u dat we die deur proberen open te breken?
6821199	Je ne savais pas que tu savais cuisiner.	7971296	Ik wist niet dat je kon koken.
1845534	Pourquoi avez-vous changé d'avis ?	7971298	Waarom bent u van gedachten veranderd?
463963	Je suis désolé, j'ai emporté votre parapluie par erreur.	7971312	Excuseer, ik heb uw paraplu per vergissing meegenomen.
1176381	Ce n'est pas bien de rire des autres.	7971314	Het is niet netjes om anderen uit te lachen.
2075465	Tu ne fais pas de cauchemars.	7971316	Je hebt geen nachtmerries.
2450634	Elle a fait de nombreuses fautes d'orthographe.	7971317	Ze heeft veel spelfouten gemaakt.
413985	Nous ne sommes pas des êtres humains vivant une expérience spirituelle, nous sommes des êtres spirituels vivant une expérience humaine.	7971318	Wij zijn geen menselijke wezens die een spirituele ervaring beleven, wij zijn spirituele wezens die een menselijke ervaring beleven.
1650881	Sois un chic type !	7971319	Wees een goede kerel!
6556232	Il se passe quelque chose de bizarre.	7971321	Er is iets vreemds aan de hand.
7550644	Je l'ai fait volontairement.	7971322	Ik heb het vrijwillig gedaan.
1670222	Je suis le seul à avoir survécu.	7971326	Ik ben de enige die het overleefd heeft.
1873759	Vous devez être attentif aux potentiels dangers.	7971329	U moet alert zijn op mogelijke gevaren.
1873759	Vous devez être attentif aux potentiels dangers.	7971331	Jullie moeten de potentiële gevaren in de gaten houden.
2281348	Il n'a jamais été amoureux auparavant.	7971332	Hij is nog nooit verliefd geweest.
2567771	Il ne doit pas manger.	7971333	Hij mag niet eten.
6536554	Quelle était la cause de l'accident?	7971335	Wat was de oorzaak van het ongeval?
7773469	Qui vous a acheté cette maison ?	7971336	Wie heeft dit huis voor u gekocht?
7773469	Qui vous a acheté cette maison ?	7971337	Wie heeft dit huis voor jullie gekocht?
485348	Il quitta la pièce sans même me dire au revoir.	7971338	Hij verliet de kamer zonder zelfs maar afscheid te nemen.
488390	Cela fait cinq ans que ce musée est fermé.	7971339	Dit museum is al vijf jaar gesloten.
2128668	J'amusais les enfants.	7971340	Ik vermaakte de kinderen.
2128668	J'amusais les enfants.	7971341	Ik was de kinderen aan het vermaken.
3325315	Elle essaie juste de se faire remarquer.	7971342	Ze probeert gewoon op te vallen.
4076290	Dan et Linda étudient l'italien depuis six ans.	7971343	Dan en Linda studeren al zes jaar Italiaans.
4759250	Elle t'aime, à l'évidence.	7971344	Ze houdt duidelijk van je.
1424365	Il mit un terme à la lecture.	7971345	Hij stopte met lezen.
4884699	Nous avons un chien.	7971346	We hebben een hond.
1409288	Il n'est pas facile de comprendre ses idées.	7971347	Het is niet gemakkelijk om uw ideeën te begrijpen.
1545494	Tu veux encore rester ?	7971348	Wil je nog blijven?
4244997	Nous avons quelque chose à leur dire.	7971349	We moeten ze iets vertellen.
5686275	Tom en a eu marre d'attendre et il est parti.	7971350	Tom werd het wachten beu en vertrok.
5702701	Je n'ai pas ça.	7971351	Dat heb ik niet.
5702701	Je n'ai pas ça.	7971352	Ik heb dat niet.
5798218	Je ne parle pas d'autres langues.	7971353	Ik spreek geen andere talen.
13216	Je joins trois fichiers.	7971354	Ik voeg drie bestanden toe.
1776122	L'empressement à se corriger est une indication de sagesse.	7971355	De bereidwilligheid om zich te corrigeren is een teken van wijsheid.
4884719	Nous en avons fait assez.	7971356	We hebben genoeg gedaan.
7136238	Tu as deux boules.	7971358	Je hebt twee ballen.
7793928	Je suis arrivée la nuit dernière.	7971359	Ik ben gisteravond aangekomen.
6288983	Tous les jours, je rencontrais dans la baie azurée une jeune fille anglaise, dont le corps délié fendait l'eau verte auprès de moi. Cette fille des eaux, qui se nommait Octavie, vint un jour à moi toute glorieuse d'une pêche étrange qu'elle avait faite. Elle tenait dans ses blanches mains un poisson qu'elle me donna.	7971422	Elke dag ontmoette ik een jong Engels meisje in de blauwe baai, wier dunne lichaam het blauwgroene water doorkliefde aan mijn zijde. Dit meisje van de wateren, dat Octavia heette, kwam op een dag naar mij toe, vol trots van een zonderlinge visvangst die ze had gedaan. Ze hield een vis in haar witte handen en gaf hem aan mij.
532882	La drogue est un cancer de la société moderne.	7971452	Drugs zijn een kanker van de moderne samenleving.
1594816	Nous avons discuté en aparté.	7971455	We hadden een apart gesprek.
2505187	Ça part d'un bon sentiment.	7971458	Het gaat uit van een goed gevoel.
3637843	Nous avons finalement conclu une affaire.	7971460	We hebben eindelijk een deal gesloten.
6716782	J'ai appris ça quand j'étais au lycée.	7971461	Dat heb ik geleerd toen ik op de middelbare school zat.
6851459	Les escargots sont lents.	7971464	Slakken zijn traag.
7838985	Un homme se tenait là, agitant la main dans ma direction.	7971466	Een man stond daar en zwaaide met zijn hand in mijn richting.
136501	Vous n'avez pas dîné ?	7971469	Heeft u nog niet gegeten?
136501	Vous n'avez pas dîné ?	7971471	Heeft u nog niet gedineerd?
936447	Il se suicida en tombant d'un pont.	7971473	Hij pleegde zelfmoord door van een brug te vallen.
2046152	Tom est assis à son bureau.	7971474	Tom zit aan zijn bureau.
3467145	La ville se situe à deux miles de la côte.	7971475	De stad ligt twee mijl van de kust.
6805602	Que Dieu te guérisse !	7971478	Moge God je genezen!
487816	Il a acheté une parcelle en banlieue dans l'intention d'y construire une maison.	7971480	Hij heeft een stuk grond gekocht in de buitenwijken met de bedoeling een huis te bouwen.
966348	Son courage lui est descendu dans les jambes.	7971484	Zijn moed zakte hem in de knieën.
3679073	Le livre que j'ai acheté la semaine dernière était vraiment intéressant.	7971488	Het boek dat ik vorige week kocht was erg interessant.
5273807	Le chat était en train de manger la souris.	7971490	De kat was de muis aan het opeten.
5368361	Sa chemise le boudine.	7971510	Zijn hemd maakt hem dik.
6071167	Ce n'est qu'un bout de papier.	7971511	Het is maar een stuk papier.
6454681	La voiture du patron n'est pas encore arrivée, patientez un instant, s'il vous plaît !	7971512	De auto van de baas is nog niet aangekomen, gelieve even te wachten!
1013975	Tu devrais étudier l'anglais plus intensivement.	7971513	Je zou veel grondiger Engels moeten studeren.
2077210	Il n'était pas jaloux.	7971514	Hij was niet jaloers.
2385135	Ils s'appuyaient contre le mur.	7971515	Ze leunden tegen de muur.
7267112	J'ai déjà fait cette erreur.	7971516	Ik heb die fout al gemaakt.
15054	Il a fallu 20 jours à Rei pour se remettre de sa blessure.	7971521	Het duurde Rei 20 dagen om te herstellen van haar blessure.
131006	Il a été satisfait du résultat.	7971522	Hij was tevreden met het resultaat.
1951087	Je n'arrive pas à croire que ce soit vraiment toi.	7971523	Ik kan niet geloven dat jij het echt bent.
2799250	La Syrie est appelée « Suriyah » en arabe.	7971524	Syrië wordt in het Arabisch "Suriyah" genoemd.
6219243	Ce n'est pas votre bureau.	7971525	Dit is niet uw bureau.
6917758	C'était il y a trois ans.	7971526	Dat was drie jaar geleden.
965682	Donne-moi un anneau si tu découvres quelque chose.	7971528	Bel me op als je iets vindt.
2103398	Ils accueilleront les invités.	7971529	Zij zullen de gasten verwelkomen.
2312832	Vous avez façonné l'argile en un vase.	7971530	U hebt de klei in een vaas gevormd.
2312832	Vous avez façonné l'argile en un vase.	7971531	Jullie hebben de klei in een vaas gevormd.
3788306	Nous n’avons pas assez de force pour suivre toute notre raison.	7971532	We hebben niet genoeg kracht om al onze redenen te volgen.
958370	Qu'est-ce que votre épouse aime que vous fassiez que vous n'aimez pas faire ?	7971533	Wat wil uw vrouw dat u doet dat u niet graag doet?
1358992	Vous pouvez dire tout ce que vous voulez.	7971535	U mag alles zeggen wat u wilt.
1501928	Comme il ne savait pas quoi dire, il resta silencieux.	7971536	Hij wist niet wat hij moest zeggen en bleef daardoor stil.
958370	Qu'est-ce que votre épouse aime que vous fassiez que vous n'aimez pas faire ?	7971537	Wat houdt uw vrouw ervan dat u doet wat u niet graag doet?
5121997	Voilà, ô moines, ceci est mon dernier conseil pour vous, tout dans ce monde est voué au changement ; travaillez avec diligence à votre propre salut.	7971539	Nu dat, o monniken, is mijn laatste advies aan jullie, alles in deze wereld is voorbestemd te veranderen; werk ijverig om uw eigen verlossing te bewerkstelligen.
500769	Mon oncle possède une ferme dans le village.	8006716	Mijn oom heeft een boerderij in het dorp.
500769	Mon oncle possède une ferme dans le village.	8006717	Mijn oom bezit een boerderij in het dorp.
2286543	Nous avons été mises à la porte.	8006719	We werden buiten gezet.
2286543	Nous avons été mises à la porte.	8006720	We werden buiten gegooid.
2286715	Vous ne semblez pas très sûre.	8006721	U lijkt er niet erg zeker van te zijn.
2286715	Vous ne semblez pas très sûre.	8006722	U lijkt niet echt zeker.
2211506	Pourquoi ne m'en parles-tu pas, maintenant ?	8006724	Waarom praat je er nu niet met me over?
1011488	Il rit jusqu'aux larmes.	8006728	Hij lacht zo hard dat hij er tranen in de ogen van krijgt.
1011488	Il rit jusqu'aux larmes.	8006730	Hij lacht tot de tranen hem over de wangen rollen.
6028322	Je pars en vacances dans trois semaines.	8006731	Ik ga over drie weken op vakantie.
6028322	Je pars en vacances dans trois semaines.	8006732	Ik vertrek over drie weken op vakantie.
6728238	Mais ce n'est pas la question.	8006733	Maar dat is niet het punt.
6728238	Mais ce n'est pas la question.	8006734	Maar daar gaat het niet om.
6728238	Mais ce n'est pas la question.	8006735	Maar dat is het punt niet.
7290437	Je suis vraiment heureuse pour toi.	8006736	Ik ben echt blij voor je.
2965236	Quel grand nombre !	8006738	Wat een groot aantal!
2965236	Quel grand nombre !	8006739	Wat een grote hoeveelheid!
3779538	Je me suis assis sur le canapé.	8006741	Ik ben op de sofa gaan zitten.
5279482	Bathilde avait redoublé d’élégance.	8006752	Bathildis verdubbelde haar inspanningen om verfijnd over te komen.
6154910	Nul oiseau ne vole haut qu'avec ses propres ailes.	8006753	Geen enkele vogel kan hoog vliegen zonder zijn eigen vleugels.
7689427	De quoi Thomas avait-il besoin ?	8006754	Wat had Thomas nodig?
7853330	Nous devons parler en privé.	8006755	We moeten onder vier ogen praten.
2534696	Je ne pense pas arriver à t'aider.	8006756	Ik denk niet dat ik je kan helpen.
5968405	Meaulnes fut réveillé par quelqu’un qui cognait à la vitre.	8006759	Meaulnes werd wakker door iemand die op het raam bonkte.
7550673	Pourriez-vous nous prendre en photo ?	8008949	Kunt u een foto van ons nemen?
4145214	Tom ne sait pas ce que c'est.	8015329	Tom weet niet wat dit is.
2284822	Elle n'est pas responsable de ce que Tom a fait.	8016218	Ze is niet verantwoordelijk voor wat Tom heeft gedaan.
7695270	L'histoire a eu une fin heureuse.	8016276	Het verhaal had een gelukkig einde.
7745865	Le chien a poursuivi l'écureuil.	8027019	De hond heeft de eekhoorn achtervolgd.
5822354	Je ne vous ai pas demandé votre opinion.	8061010	Ik heb u niet om uw mening gevraagd.
481437	Je t'admire pour ton courage.	8061016	Ik bewonder je om je moed.
751656	À ton âge tu devrais être un peu plus raisonnable !	8061048	Op jouw leeftijd zou je wat verstandiger moeten zijn!
5644002	Je n'ai pas besoin d'ajouter ces livres à ma bibliothèque.	8063890	Ik heb niet de behoefte deze boeken aan mijn bibliotheek toe te voegen.
5622772	Je suis venu ici en espérant voir Tom.	8064592	Ik kwam hier in de hoop Tom te zien.
1470932	J'en ai besoin immédiatement. Dépêchez-vous, je vous prie !	8064655	Ik heb het onmiddellijk nodig. Schiet alstublieft op!
933552	Tout le mal vient de ce que les hommes croient que certaines situations existent où l’on peut agir sans amour envers les hommes, tandis que de telles situations n’existent pas. Envers les choses, on peut agir sans amour : on peut, sans amour, fendre le bois, battre le fer, cuire des briques ; mais dans les rapports d’homme à homme l’amour est aussi indispensable que l’est par exemple la prudence dans les rapports de l’homme avec les abeilles.	8079609	Al het kwaad komt voort uit het feit dat de mens gelooft dat er bepaalde situaties bestaan waarin men zonder naastenliefde kan handelen, terwijl dergelijke situaties niet bestaan. Ten opzichte van de dingen kunnen we ons zonder liefde gedragen: we kunnen, zonder liefde, hout splijten, ijzer slaan, bakstenen bakken, maar in relaties van mens tot mens is liefde net zo onontbeerlijk als bijvoorbeeld behoedzaamheid in de relatie tussen mens en bijen.
5279492	Les hommes passent pour être bien féroces et les tigres aussi ; mais ni les tigres, ni les vipères, ni les diplomates, ni les gens de justice, ni les bourreaux, ni les rois ne peuvent, dans leurs plus grandes atrocités, approcher des cruautés douces, des douceurs empoisonnées, des mépris sauvages des demoiselles entre elles quand les unes se croient supérieures aux autres en naissance, en fortune, en grâce, et qu’il s’agit de mariage, de préséance, enfin des mille rivalités de femme.	8079926	Mannen worden als bijzonder woest beschouwd en zo ook tijgers; maar noch de tijgers, noch de adders, noch de diplomaten, noch de mensen van justitie, noch de beulen, noch de koningen kunnen, in hun grootste gruwelijkheden, tippen aan de wrede en vergiftigde zoetheid, de brute minachting die de jongedames van elkaar verduren, wanneer sommigen geloven dat ze superieur zijn aan anderen in geboorte, in fortuin, in sierlijkheid en als het gaat om huwelijk, voorrang, kortom de duizend rivaliteiten tussen vrouwen.
2505048	Ce n'est pas moi qui écris les règles.	8083026	Ik maak de regels niet.
5493371	Ma femme vient d'avoir un bébé.	8083746	Mijn vrouw heeft net een baby gekregen.
1793916	Quelle idée brillante !	8084365	Wat een briljant idee!
7553148	Je ne fais presque jamais cela.	8086276	Ik doe dat bijna nooit.
130441	Je sais quel est son nom.	8088520	Ik weet wat zijn naam is.
950454	Au zoo, des animaux discutent des prochaines vacances : - Dis-moi la girafe, où vas-tu en vacances ? - Eh bien, j'ai un grand cou, ma femme a un grand cou et mes enfants aussi ont des grands cous. Et comme on n'aime pas se faire remarquer, on va en Afrique, là où il y a d'autres girafes. - Et toi l'ours polaire, où vas tu ? - Eh bien, j'ai une grosse fourrure, ma femme a une grosse fourrure et mes enfants aussi ont de grosses fourrures. Et comme on n'aime pas se faire remarquer, on va au Pole Nord, là où il y a d'autres ours polaires. - Et toi, le crocodile, ou vas-tu ? - Eh bien moi, j'ai une grande gueule, ma femme a une grande gueule, mes enfants aussi ont une grande gueule alors, comme on n'aime pas se faire remarquer, on va à Londres...	8095126	In de dierentuin praten de dieren over de eerstvolgende vakantie: - Vertel me, giraffe, waar ga je op vakantie naartoe? - Nou, ik heb een grote nek, mijn vrouw heeft een grote nek en mijn kinderen hebben ook grote nekken. En omdat we niet graag opvallen, gaan we naar Afrika, waar andere giraffen zijn. - En jij ijsbeer, waar ga je heen? - Nou, ik heb een grote vacht, mijn vrouw heeft een grote vacht en mijn kinderen hebben ook een grote vacht. En omdat we niet graag opvallen, gaan we naar de Noordpool, waar andere ijsberen zijn. - En jij, de krokodil, waar ga jij heen? - Nou, ik heb een grote mond, mijn vrouw heeft een grote mond, mijn kinderen hebben ook een grote mond, dus omdat we niet graag opgemerkt worden, gaan we naar Londen....
3366834	Toute l'Histoire le montre : les idiomes des Etats dominants conduisent souvent à la disparition de ceux des Etats dominés. Le grec a englouti le phrygien. Le latin a tué l'ibère et le gaulois. A l'heure actuelle, 25 langues disparaissent chaque année ! Comprenez bien une chose : je ne me bats pas contre l'anglais ; je me bats pour la diversité. Un proverbe arménien résume merveilleusement ma pensée : « Autant tu connais de langues, autant de fois tu es un homme. »	8100052	De geschiedenis toont het aan: de idiomen van de dominante staten leiden vaak tot het verdwijnen van die van de gedomineerde staten. Het Grieks heeft het Frygisch verzwolgen. Het Latijn heeft het Iberisch en het Gallisch van de kaart geveegd. Vandaag de dag verdwijnen er elk jaar 25 talen! U moet één ding goed begrijpen: ik vecht niet tegen het Engels; ik vecht voor diversiteit. Een Armeens spreekwoord vat mijn denken prachtig samen: "Je bent zoveel mens als het aantal talen dat je spreekt."
3194477	Et, malgré tous mes efforts pour fuir l’obsession d’une pensée bien plus déchirante encore, mon cœur revenait à Marie. Je m’interrogeais avec angoisse sur son sort ; je me roidissais dans mes liens comme pour voler à son secours, espérant toujours que le rêve horrible se dissiperait, et que Dieu n’aurait pas voulu faire entrer toutes les horreurs sur lesquelles je n’osais m’arrêter dans la destinée de l’ange qu’il m’avait donné pour épouse.	8100931	En, ondanks al mijn pogingen om aan de obsessie voor een veel meer hartverscheurende gedachte te ontsnappen, keerde mijn hart terug bij Marie. Ik vroeg me bezorgd af wat haar lot was; ik verstijfde in mijn boeien, alsof ik haar te hulp wilde snellen. Ik hoopte voortdurend dat de afschuwelijke droom zou vervliegen, en dat God het voornemen niet zou hebben gehad om alle gruwelen, waar ik liever niet aan wilde denken, in te brengen in het levenslot van de engel die hij mij als echtgenote had geschonken.
2048364	L'entreprise fournit des tenues de travail aux employés mais on attend d'eux qu'ils les lavent régulièrement.	8101490	Het bedrijf voorziet de werknemers van uniformen, maar er wordt verwacht dat ze ze geregeld wassen.
3042586	La Commune de Paris, considérant que la colonne impériale de la place Vendôme est un monument de barbarie, un symbole de la force brute et de la fausse gloire, une affirmation du militarisme, une négation du droit international, une insulte permanente des vainqueurs aux vaincus, un attentat perpétuel à l'un des trois grands principes de la République française, la fraternité, décrète : La colonne de la place Vendôme sera démolie.	8103663	De Commune van Parijs, die van mening is dat de keizerlijke zuil van de Place Vendôme een monument van barbaarsheid is, een symbool van bruut geweld en valse glorie, een bevestiging van het militarisme, een ontkenning van het internationale recht, een permanente belediging van de overwinnaars ten aanzien van de overwonnenen, een eeuwigdurende aanval op een van de drie grote principes van de Franse Republiek, de broederschap, heeft het volgende afgekondigd: De zuil van de Place Vendôme zal afgebroken worden.
3196241	Il était vêtu d’un simple habit de voyage, armé d’un sabre et enveloppé d’un large manteau vert ; une plume noire, attachée à son chapeau par une boucle de diamants, retombait sur sa noble figure et se balançait sur son front élevé, ombragé de longs cheveux châtains ; ses bottines et ses éperons, souillés de boue, annonçaient qu’il venait de loin.	8105041	Hij was gekleed in een eenvoudig reispak, gewapend met een sabel en gewikkeld in een brede groene jas; een zwarte veer, bevestigd aan zijn hoed door middel van een diamanten lus, viel terug op zijn edele gezicht en zwaaide op zijn hoge voorhoofd, beschaduwd door lange bruine haren; zijn met modder besmeurde laarzen en sporen kondigden aan dat hij een heel eind was gekomen.
880000	En général, je tiens un journal quand je voyage.	8106840	Normaal hou ik een dagboek bij als ik op reis ga.
880000	En général, je tiens un journal quand je voyage.	8106954	Gewoonlijk hou ik een dagboek bij als ik op reis ga.
5503592	Tom n'a pas besoin d'y aller.	8109007	Tom hoeft niet te gaan.
1084059	Vous cherchez le dictionnaire.	8113462	U zoekt het woordenboek.
5317131	Les dangers sont évidents.	8115755	De gevaren zijn duidelijk.
7205047	Naître avec le printemps, mourir avec les roses, sur l'aile du zéphyr nager dans un ciel pur, balancé sur le sein des fleurs à peine écloses, s'enivrer de parfums, de lumière et d'azur, secouant, jeune encor, la poudre de ses ailes, s'envoler comme un souffle aux voûtes éternelles, voilà du papillon le destin enchanté ! Il ressemble au désir, qui jamais ne se pose, et sans se satisfaire, effleurant toute chose, retourne enfin au ciel chercher la volupté.	8117625	Geboren in de lente, vergaan met rozen, zwevend in een ongerept luchtruim op de vleugel van de zefier, zwaaiend aan de borst van de nauwelijks bloeiende bloemen, beschonken met parfums, licht en azuurblauw; dit is het betoverende lot van de vlinder, die nog jong, het poeder van zijn vleugels afschudt en als een adem in de eeuwige hemelen wegvliegt! Hij lijkt op de begeerte die nooit landt, onbevredigd overal schampt en uiteindelijk terugkeert naar de hemel om wellust te beleven.
2135758	Je ne peux pas excuser ce que tu as fait.	8119837	Ik kan wat je deed niet goedkeuren.
6461753	Tu n'aimes pas le poisson ?	8125432	Hou je niet van vis?
11014	Il doit t'aimer.	8134765	Hij moet van je houden.
398707	Je dois encore acheter ton livre.	8135167	Ik moet je boek nog kopen.
134466	Son rire était un mensonge qui dissimulait son chagrin.	8135208	Haar lach was een leugen die haar verdriet verborg.
5305012	Tu as dit que tu voulais la vérité.	8135641	Je hebt gezegd dat je de waarheid wilde.
7764	Mon idée est différente de la vôtre.	8137421	Mijn idee is anders dan het uwe.
132490	Il a sauvé la vie de son ami au mépris de la sienne.	8169464	Hij heeft het leven van zijn vriend gered met gevaar voor het zijne.
133359	Il va à la bibliothèque pour lire des livres.	8171283	Hij gaat naar de bibliotheek om boeken te lezen.
7364379	Elle souffre d'anorexie.	8176705	Ze heeft anorexia.
8189803	Bon les gars, il faut qu'on parle.	8189810	OK jongens, we moeten eens praten.
8191303	Quel est ton jeux de société préféré ?	8191839	Wat is je favoriete gezelschapsspel?
3432437	Je suis une fille.	8192478	Ik ben een meisje.
132490	Il a sauvé la vie de son ami au mépris de la sienne.	8202437	Hij heeft zijn vriend gered met gevaar voor eigen leven.
10283	Joignez une photographie récente à votre demande.	8202451	Voeg bij uw aanvraag een recente foto toe.
1339210	T'a-t-il dit quoi faire ?	8203563	Heeft hij gezegd wat je moest doen?
6085199	Aide-moi au lieu de rêvasser !	8203575	Help me in plaats van te dagdromen!
6085199	Aide-moi au lieu de rêvasser !	8203576	Hou op met dagdromen en help me!
1072201	Je suis l'innocence incarnée.	8221848	Ik ben de vleesgeworden onschuld.
9521	Faisons-nous un vol sans escale jusqu'aux USA ?	8222618	Vliegen we zonder tussenstop naar de Verenigde Staten?
1340401	Noël approche, n'est-ce pas ?	8227592	Kerst komt eraan, nietwaar?
1340403	Pourriez-vous tracer une carte pour moi ?	8227598	Kunt u voor mij een kaart tekenen?
1340407	Pourrais-tu tracer une carte pour moi ?	8227599	Kun jij een kaart voor me tekenen?
4416209	Un monstre hideux vivait là-bas auparavant.	8227992	Er woonde hier een afschuwelijk monster.
3698172	Je n'ai pas dormi tant que ça.	8227993	Ik heb niet zo veel geslapen.
3698162	Ça va te coûter beaucoup d'argent.	8227994	Dat gaat je veel geld kosten.
3649128	Tatoeba est actuellement indisponible. Nous nous excusons pour la gêne occasionnée. Vous pouvez aller voir sur notre blog ou Twitter pour plus d'informations.	8227995	Tatoeba is momenteel niet bereikbaar. Excuses voor het ongemak. Je kan ons blog of Twitter bekijken voor meer informatie.
135366	Demain je serai absent.	8229270	Morgen zal ik afwezig zijn.
3930	Ton secret sera bien gardé.	8230428	Je geheim zal veilig zijn.
6936030	Depuis combien de temps tu utilises cette brosse à dents ?	8241463	Hoelang gebruik je deze tandenborstel al?
6471798	Elle l'a poussé de la jetée.	8241591	Ze duwde hem van de pier.
7243306	Je ne pense pas que la poste soit déjà ouverte.	8244642	Ik geloof niet dat het postkantoor al open is.
441441	Tous étaient là, sauf un.	8244646	Op één na was iedereen aanwezig.
2019568	Elles veulent que nous entrions de suite.	8244670	Zij willen dat wij direct binnenkomen.
2076871	Il ne sera pas prêt.	8272270	Hij zal niet klaar zijn.
3356817	Crois-tu que Tom a vu quelque chose ?	8281179	Geloof je dat Tom iets heeft gezien?
5377436	Pourquoi n'allons-nous pas faire un tour en voiture ?	8285955	Waarom maken we geen ritje met de auto?
7242728	Combien de personnes pensez-vous qu'il y aura ?	8287257	Hoeveel personen zullen er volgens u zijn?
570759	Il y a un trou dans ta chaussette.	8289402	Er zit een gat in je sok.
3381726	Un groupe d’enfants, de ces petits sauvages va-nu-pieds qui ont de tout temps battu le pavé de Paris sous le nom éternel de gamins, et qui, lorsque nous étions enfants aussi, nous ont jeté des pierres à tous le soir au sortir de classe, parce que nos pantalons n’étaient pas déchirés, un essaim de ces jeunes drôles accourait vers le carrefour où gisait Gringoire, avec des rires et des cris qui paraissaient se soucier fort peu du sommeil des voisins.	8290103	Een troepje kinderen, van die kleine wilden op blote voeten die te allen tijde de straten van Parijs onder de eeuwige naam gamins onveilig hebben gemaakt en die ons allen, toen wij nog kinderen waren, 's avonds bij het uitgaan van de school met stenen hebben gegooid omdat onze broeken niet kapot waren, een zwerm van zulke deugnieten kwam op de kruising waar Gringoire lag af, met een gejoel en geschreeuw dat bitter weinig bekommerd leek om de slaap van de bewoners.
14047	Comme il s'était arrêté de pleuvoir, il sortit se promener.	8296122	Toen het ophield met regenen, ging hij buiten wandelen.
6080503	Marie a retouché son maquillage.	8296244	Marie heeft haar make-up bijgewerkt.
6080504	Cette jeune femme est d'une beauté remarquable.	8296247	Deze jonge vrouw is opmerkelijk knap.
6080504	Cette jeune femme est d'une beauté remarquable.	8296249	Deze jonge vrouw is van een opmerkelijke schoonheid.
4875290	Tout ce que j'ai, c'est un livre.	8298067	Alles wat ik heb, is een boek.
8301416	Il n'est pas important de rajouter des années à sa vie, mais plutôt de rajouter de la vie à ses années.	8302400	Het is niet belangrijk om jaren toe te voegen aan iemands leven, maar eerder om het leven toe te voegen aan zijn jaren.
14715	J'ai une fille.	8303138	Ik heb een meisje.
571868	De quoi est composée l'aspirine ?	8307900	Waaruit bestaat aspirine?
8317380	La Corse est une île française.	8317451	Corsica is een Frans eiland.
8317252	Il plante des légumes.	8317452	Hij plant groenten.
8317248	Il plante des fleurs.	8317453	Hij plant bloemen.
8316299	Ma bicyclette est rouge.	8317454	Mijn fiets is rood.
2893482	Marie a arrêté d'écouter la radio.	8317904	Marie is gestopt met luisteren naar de radio.
7204219	Est-ce que tu as un chez-toi ?	8317907	Heb je een tehuis?
7204219	Est-ce que tu as un chez-toi ?	8317908	Heb je een thuis?
7204219	Est-ce que tu as un chez-toi ?	8317910	Heb je een plek voor jezelf?
6843818	Il m'en faut un nouveau.	8317912	Ik heb behoefte aan een nieuwe.
5684396	L'avion a disparu en un clin d'œil.	8317915	Het vliegtuig is in een oogwenk verdwenen.
5684396	L'avion a disparu en un clin d'œil.	8317916	Het vliegtuig is plotseling verdwenen.
2825198	Il m'a donné pas moins de 10 000 yens.	8317917	Hij heeft me maar liefst 10.000 yen gegeven.
5405993	Tom avait pour habitude de manger beaucoup de viande.	8317921	Tom at vroeger veel vlees.
5405993	Tom avait pour habitude de manger beaucoup de viande.	8317926	Tom at voorheen veel vlees.
5405993	Tom avait pour habitude de manger beaucoup de viande.	8317929	Tom had vroeger de gewoonte om veel vlees te eten.
5252756	Paix à vous.	8317936	Vrede zij met u.
5252756	Paix à vous.	8317937	Vrede zij met jullie.
5252756	Paix à vous.	8317940	Moge vrede u vinden.
5252756	Paix à vous.	8317942	Moge vrede jullie vinden.
1883875	Elle a été agréablement surprise.	8317948	Ze was aangenaam verrast.
1839121	Je finis ce que j'ai à faire et puis zou, j'arrive.	8317976	Ik maak eerst af wat ik moet doen en dan, hup, kom ik.
1839121	Je finis ce que j'ai à faire et puis zou, j'arrive.	8318037	Ik rond af wat ik nog te doen heb en hopla, dan kom ik.
1217127	Cette pièce est gelée.	8318039	Deze kamer is bevroren.
1217127	Cette pièce est gelée.	8318040	Deze kamer is ijskoud.
395471	Ce sont des livres très vieux.	8318044	Dit zijn zeer oude boeken.
3781	Même maintenant, des années après la Guerre Froide, il y a encore beaucoup de rancoeur entre les Russes et les Allemands, en particulier dans les régions autrefois occupées par l'Union Soviétique.	8318048	Zelfs nu, jaren na de Koude Oorlog, is er nog steeds veel wrevel tussen Russen en Duitsers, vooral in gebieden die vroeger door de Sovjet-Unie werden bezet.
7822539	Je cherche un marchand de poisson.	8318050	Ik ben op zoek naar een visverkoper.
7822539	Je cherche un marchand de poisson.	8318052	Ik zoek een vishandelaar.
4750122	L'enseignant fut atteint par un projectile.	8318054	De leraar werd geraakt door een projectiel.
4750122	L'enseignant fut atteint par un projectile.	8318062	De leraar werd getroffen door een projectiel.
1190943	Appelle-moi plus tard, d'accord ?	8318064	Bel me later, oké?
1190943	Appelle-moi plus tard, d'accord ?	8318065	Bel me later, goed?
7858172	Elle peut jouer cette mélodie au piano.	8318067	Ze kan deze melodie op de piano spelen.
2081481	Est-ce qu'il y a toujours assez de chaises pour tout le monde ?	8318068	Zijn er altijd genoeg stoelen voor iedereen?
1848544	Je vais te donner une chance additionnelle.	8318072	Ik ga je nog een kans geven.
1848544	Je vais te donner une chance additionnelle.	8318073	Ik ga je een extra kans geven.
1848544	Je vais te donner une chance additionnelle.	8318104	Ik ga je nogmaals een kans geven.
1034559	Il ne peut pas avoir perdu ses clés.	8318106	Hij kan zijn sleutels niet kwijt zijn geraakt.
1034559	Il ne peut pas avoir perdu ses clés.	8318111	Het is niet mogelijk dat hij zijn sleutels kwijt is geraakt.
1000966	Voici le cortège de journalistes dont je vous ai parlé.	8318114	Hier is de stoet van journalisten waar ik u over verteld heb.
1000966	Voici le cortège de journalistes dont je vous ai parlé.	8318121	Hier is de journalistenoptocht waar ik u over vertelde.
567770	Elle a vécu sous un nom d'emprunt au long des cinq dernières années.	8318123	Ze heeft de afgelopen vijf jaar onder een valse naam geleefd.
8088533	Arrête de t'excuser.	8318126	Stop met je excuses aan te bieden.
8088533	Arrête de t'excuser.	8318128	Stop met verontschuldigen.
7793878	C'est très gentil à vous de me montrer le chemin.	8318129	Het is erg aardig van u om me de weg te wijzen.
7793878	C'est très gentil à vous de me montrer le chemin.	8318130	Erg vriendelijk van u om me de weg te wijzen.
2429101	J'ai eu un problème avec ma voiture, sur le chemin du travail.	8318134	Ik heb een probleem gehad met mijn auto op weg naar mijn werk.
2075897	Tom faisait la sieste.	8318138	Tom deed een dutje.
2075897	Tom faisait la sieste.	8318139	Tom nam een dutje.
427523	Pouvez-vous me conseiller une bonne pièce de théâtre ?	8318141	Kunt u een goed toneelstuk aanbevelen?
427523	Pouvez-vous me conseiller une bonne pièce de théâtre ?	8318142	Kunt u mij een goed theaterstuk aanbevelen?
7698243	Les améliorations technologiques les ont aidés à réussir.	8318144	Technologische verbeteringen hebben hen geholpen bij hun succes.
7698243	Les améliorations technologiques les ont aidés à réussir.	8318146	Door technologische verbeteringen hebben ze succes geboekt.
4195522	Nous sommes désormais pour ainsi dire mortes.	8318158	We zijn nu nagenoeg dood.
4195522	Nous sommes désormais pour ainsi dire mortes.	8318164	We zijn dood, om het nu zomaar even te noemen.
4195522	Nous sommes désormais pour ainsi dire mortes.	8318166	We zijn op het ogenblik zo goed als dood.
4062234	Tu vas essayer.	8318167	Je gaat het proberen.
4062234	Tu vas essayer.	8318169	Je gaat een poging wagen.
133138	Il a été très gentil avec eux.	8318283	Hij was erg aardig voor hen.
133140	Il leur donnait de la nourriture et de l'argent.	8318289	Hij gaf hen eten en geld.
133141	Il essaya de mettre fin à leur dispute.	8318292	Hij probeerde een eind aan hun onenigheid te maken.
133144	Il n'accepta pas leur invitation.	8318294	Hij nam hun uitnodiging niet aan.
133148	Au moment où elle entra, il lisait depuis deux heures.	8318297	Op het moment dat ze binnenkwam, had hij twee uur gelezen.
1466777	J'ai l'intention de vivre dans cette ville.	8319191	Ik ben van plan om in deze stad te gaan wonen.
334727	Non seulement eux, mais moi aussi je fus puni par le professeur.	8321614	Niet alleen zij maar ook ik kreeg een uitbrander van de leraar.
8331157	Je suis très content !	8331167	Ik ben heel tevreden!
8337364	Il possède un cochon.	8337368	Hij heeft een varken.
127596	Je me rappelle l'année où il a eu un travail.	8337466	Ik herinner me het jaar waarin hij een baan kreeg.
127597	Je n'aime pas qu'il vienne si souvent chez moi.	8337474	Ik vind het niet leuk wanneer hij zo vaak naar mijn huis komt.
9691	Advienne que pourra, je ne changerai pas d'avis.	8339542	Wat er ook gebeurt, ik zal niet van gedachten veranderen.
741581	Elle m'a fait confiance.	8343447	Ze vertrouwde mij.
741581	Elle m'a fait confiance.	8343448	Ze had vertrouwen in mij.
457445	J'apporte des verres.	8344078	Ik haal glazen.
1054968	Le fabricant garantit la nouvelle machine pour cinq ans.	8347503	De fabrikant geeft vijf jaar garantie op de nieuwe machine.
6716733	J'ai fait beaucoup de choses stupides dans ma vie.	8354604	Ik heb veel domme dingen in mijn leven gedaan.
1318449	Tu peux choisir celui que tu veux.	8356190	Je kunt kiezen welke je wil.
891627	Avez-vous besoin des clés ?	8360762	Hebt u de sleutels nodig?
1243703	Ne laisse pas les choses à moitié terminées.	8360833	Laat dingen niet half afgemaakt.
4075406	Il va laver les plats.	8365828	Hij zal de afwas doen.
4075406	Il va laver les plats.	8365829	Hij gaat de vaat afwassen.
7817011	La chose qui me manque le plus en vivant en ville, c'est le ciel étoilé la nuit.	8365830	Wat ik het meest mis aan het leven in de stad is de sterrenhemel 's nachts.
1825090	Nous chargeâmes nos bagages dans la voiture.	8365831	We laadden onze bagage in de auto.
333404	Il a plus d'argent qu'on ne peut en dépenser.	8365832	Hij heeft meer geld dan er besteed kan worden.
3551191	Il y a quelque chose que je voudrais vous montrer.	8365834	Er is iets dat ik u wil laten zien.
3551191	Il y a quelque chose que je voudrais vous montrer.	8365835	Er is iets dat ik u zou willen laten zien.
5443224	Un monsieur, même en enfer, reste un monsieur.	8365836	Een heer, zelfs in de hel, blijft een heer.
5443224	Un monsieur, même en enfer, reste un monsieur.	8365837	Zelfs in de hel blijft een heer een heer.
5298094	Jean regarde la tulipe.	8365838	Jean kijkt naar de tulp.
5298094	Jean regarde la tulipe.	8365839	Jean bekijkt de tulp.
3659136	Après avoir fini son travail, il est sorti.	8365840	Nadat hij klaar was met zijn werk, ging hij uit.
3659136	Après avoir fini son travail, il est sorti.	8365841	Nadat hij klaar was met zijn werk, is hij vertrokken.
3430212	Que font-ils exactement, là-dedans ?	8365842	Wat doen ze precies daarbinnen?
3404940	Je vous le ferai savoir par avance.	8365844	Ik laat het u op voorhand weten.
3404940	Je vous le ferai savoir par avance.	8365845	Ik zal het u van tevoren laten weten.
1683174	Ils connaissent l'importance de protéger la terre.	8365848	Ze weten hoe belangrijk het is om de aarde te beschermen.
7280975	Dans ce cas, comment dois-je faire?	8365849	In dat geval, hoe doe ik dat dan?
7280975	Dans ce cas, comment dois-je faire?	8365850	Zo ja, hoe moet ik het doen?
4995232	Tout ne devrait pas être basé sur l'argent.	8365851	Niet alles zou gebaseerd moeten zijn op geld.
4995232	Tout ne devrait pas être basé sur l'argent.	8365852	Niet alles hoeft op geld te berusten.
427550	Dites-moi, s'il vous plaît, quelles sont les options dont je dispose.	8365860	Vertel me alstublieft welke opties ik heb.
427550	Dites-moi, s'il vous plaît, quelles sont les options dont je dispose.	8365862	Vertel me alstublieft wat mijn opties zijn.
1516449	Il a travaillé dur afin d'entretenir sa famille.	8365865	Hij heeft hard gewerkt om zijn familie te onderhouden.
8362098	Je ne t'avais jamais vu ainsi auparavant.	8365868	Ik had je nog nooit eerder zo gezien.
8362098	Je ne t'avais jamais vu ainsi auparavant.	8365869	Ik had je nog nooit eerder op deze manier gezien.
6629995	Tom s'est très énervé.	8365870	Tom raakte erg van streek.
4387835	De son lieu de travail, Tom se rend habituellement à pied à la maison.	8365872	Vanuit zijn werkplek gaat Tom meestal te voet naar huis.
4260728	Arrête d'afficher une mine si triste !	8365873	Stop met zo verdrietig te kijken!
4260728	Arrête d'afficher une mine si triste !	8365874	Kijk niet zo triest!
1353553	Cette maison est bien mieux que la sienne.	8365884	Dit huis is veel beter dan dat van hem.
1353553	Cette maison est bien mieux que la sienne.	8365888	Dit huis is veel beter dan dat van haar.
4614015	Elle a déménagé en Allemagne.	8365889	Ze is naar Duitsland verhuisd.
2045714	N'importe quel livre fera l'affaire, pourvu qu'il soit intéressant.	8365890	Elk boek is goed genoeg, zolang het maar interessant is.
2045714	N'importe quel livre fera l'affaire, pourvu qu'il soit intéressant.	8365891	Het maakt niet uit wat voor boek het is, zolang het maar interessant is.
1965518	Nous allons fouiller la totalité du bateau.	8365892	We gaan de hele boot doorzoeken.
1965518	Nous allons fouiller la totalité du bateau.	8365893	We gaan de boot volledig doorzoeken.
1949268	Le prénom le plus donné aux garçons nouveaux-nés dans le département des Hauts-de-Seine est Mohamed.	8365910	De voornaam die het meest wordt gegeven aan pasgeboren jongens in het departement Hauts-de-Seine is Mohamed.
1949268	Le prénom le plus donné aux garçons nouveaux-nés dans le département des Hauts-de-Seine est Mohamed.	8365911	De populairste voornaam voor nieuwgeboren jongetjes in het departement Hauts-de-Seine is Mohamed.
5313748	Ça dépasse le sur-poids.	8365912	Het is meer dan overgewicht.
5313748	Ça dépasse le sur-poids.	8365913	Het gaat voorbij aan overgewicht.
5313748	Ça dépasse le sur-poids.	8365914	Het gaat overgewicht te boven.
4097146	Je n'arrive jamais à avoir Nina au bout du fil.	8365915	Ik kan Nina nooit aan de telefoon krijgen.
4097146	Je n'arrive jamais à avoir Nina au bout du fil.	8365917	Ik krijg Nina nooit aan de lijn.
4039207	Il a décidé de poursuivre le plan.	8377909	Hij besloot het plan verder uit te voeren.
5681990	Je vais préparer un jus.	8378985	Ik ga een sapje maken.
2944642	Tom essaiera de convaincre Mary d'accepter votre offre.	8379141	Tom zal proberen Maria ervan te overtuigen uw aanbod te aanvaarden.
2417413	J'ai pensé que je pourrais compter sur toi.	8379750	Ik had gedacht dat ik op je kon rekenen.
8395123	La Bavière est belle.	8395130	Beieren is mooi.
15629	Elle était malade du cœur.	8401119	Ze heeft een hartaandoening.
15630	Elle a envoyé au journal une annonce pour une aide domestique.	8401120	Ze heeft een advertentie in de krant gezet voor een huishoudelijke hulp.
15631	Elle a eu la gentillesse de m'emmener à l'hôpital.	8401122	Ze was zo vriendelijk me naar het ziekenhuis te brengen.
8427485	Qui a inventé le presse-papier ?	8427887	Wie heeft het klembord uitgevonden?
4996986	L'un des joueurs a ôté sa chemise.	8427988	Een van de speelsters heeft haar shirt uitgetrokken.
7136116	Tu as des problèmes.	8431765	Je hebt problemen.
7823443	Thomas a doublé son chiffre d'affaires en trois ans.	8433640	Tom heeft zijn omzet in drie jaar verdubbeld.
5216381	Je ne veux rien d'autre que vous comprendre.	8441316	Ik wil u alleen maar begrijpen.
1452281	Le projet est discuté.	8441915	Het project staat ter discussie.
5600954	Je vous y ai vue.	8445963	Ik heb u daar gezien.
8418522	J'ai fait mon travail correctement.	8446126	Ik heb mijn werk goed gedaan.
927320	Elle est sage-femme.	8446290	Ze is verloskundige.
128620	Trop boire est mauvais pour notre santé.	8480122	Te veel drinken is slecht voor onze gezondheid.
8480300	Vous avez une question.	8480315	Jullie hebben een vraag.
4099795	Je peux vous donner un conseil d'ami?	8482442	Mag ik u een vriendelijke raad geven?
4099795	Je peux vous donner un conseil d'ami?	8482443	Mag ik u een gratis advies geven?
1153608	Le rhinocéros n'est pas un dinosaure.	8482989	De rinoceros is geen dinosaurus.
433623	Qui m'aime me suive !	8483285	Wie mij liefheeft volge mij.
4827553	Et est-ce que ton fils conduit ?	8490119	En rijdt je zoon auto?
6631254	Dès que nous serons rentrés de vacances, je vous appellerai.	8501463	Zodra we terug zijn van vakantie zal ik u bellen.
7695965	J'ai acheté ce chapeau pour 2000 yens.	8501486	Ik heb deze hoed voor 2000 yen gekocht.
7358061	Tu ne devrais pas sortir.	8534019	Het is beter als je niet weggaat.
7358063	Tom se demandait si ce que Mary disait était vrai.	8534030	Tom vroeg zich af of het waar was wat Mary zei.
5363323	Ces vêtements sont trop grands pour vous.	8534521	Deze kleren zijn te groot voor u.
6487060	À quelle heure es-tu rentré ?	8541535	Hoe laat kwam je thuis?
7355857	Tu n'y crois pas toi-même.	8548413	Dat geloof je zelf niet.
5801845	J'ai enfin trouvé un lieu où nous pouvons être seuls.	8554625	Ik heb eindelijk een plek kunnen vinden waar we alleen kunnen zijn.
7665319	Depuis combien de temps habites-tu ici ?	8556739	Hoelang woon je al hier?
4958955	Où avez-vous appris à tirer ?	8560241	Waar heeft u schieten geleerd?
8560709	Elle porte une jupe bleue.	8560715	Ze draagt een blauwe rok.
5406024	C'est tout à vous.	8562361	Het is allemaal voor u.
8357368	Où devrait-on aller? Que suggérez-vous?	8581628	Waar zullen we heengaan? Wat stelt u voor?
7095751	Merci pour tout ce que vous avez fait pour moi.	8582389	Bedankt voor alles wat u voor me hebt gedaan.
531321	D'ailleurs, d'où êtes-vous ?	8584864	Tussen haakjes, waar komt u vandaan?
531321	D'ailleurs, d'où êtes-vous ?	8584866	Waar komt u eigenlijk vandaan?
8587937	Je vote blanc.	8588037	Ik stem blanco.
8605505	J'aimerais pouvoir gratter plus de trucs gratuits.	8605612	Ik zou graag meer gratis spullen kunnen bijeenscharrelen.
2962744	Je suis triste, mais je ne sais pas pourquoi.	8610337	Ik ben verdrietig maar ik weet niet waarom.
2962746	C'est très paradoxal.	8610348	Dat is heel paradoxaal.
9180	Gardez votre salle de classe propre.	8612247	Hou jullie klaslokaal schoon.
1513539	Ils ont ri de leur erreur.	8616106	Zij lachten over hun fout.
1926402	Épluche les pommes de terre, s'il te plaît.	8616547	Schil de aardappelen alsjeblieft.
849495	Tu es un ami de Thomas, non ?	8640547	Jij bent een vriend van Tom, toch?
8646849	Le jeu a duré trop longtemps.	8646852	Het spel heeft te lang geduurd.
8647559	Il reste encore du café ?	8647563	Is er nog koffie?
2936942	Elles conduisaient.	8662096	Ze waren aan het rijden.
2936942	Elles conduisaient.	8662097	Ze reden.
2936935	Vous conduisiez.	8662099	U was aan het rijden.
2936935	Vous conduisiez.	8662100	Jullie waren aan het rijden.
2936932	Nous conduisions.	8662101	We waren aan het rijden.
2936928	Marie conduisait.	8662104	Maria was aan het rijden.
2936926	Elle conduisait.	8662105	Ze reed.
2936926	Elle conduisait.	8662106	Ze was aan het rijden.
2936924	Tom conduisait.	8662107	Tom was aan het rijden.
5659428	Tom ne savait pas où Marie était allée skier.	8662108	Tom wist niet waar Maria was gaan skiën.
2936921	Il conduisait.	8662114	Hij reed.
2936778	Elles enquêtaient.	8662115	Ze waren aan het onderzoeken.
2923070	Elle écrivait.	8662116	Ze was aan het schrijven.
1157643	Dis !	8670883	Zeg op!
1793908	Ainsi !	8670884	Zo!
4403758	C'était la première fois que j'avais conduit une voiture.	8670890	Het was de eerste keer dat ik auto had gereden.
7793326	J'aime ta photo de profil.	8670892	Ik vind je profielfoto leuk.
5791976	J'ai besoin d'eux.	8670894	Ik heb ze nodig.
7413997	Essayer de convaincre Tom sera une perte de temps.	8670896	Tom proberen te overtuigen is tijdverspilling.
2209549	J’étais fier de ma femme.	8670897	Ik was trots op mijn vrouw.
3527860	Les enfants sont capables de regarder des dessins animés à la télévision durant des heures.	8670903	De kinderen kunnen urenlang tekenfilms kijken op televisie.
7668610	Ce que Tatoeba nous enseigne avant tout est que l'on ne peut pas même parler sa langue maternelle.	8670906	Het voornaamste wat Tatoeba ons leert is dat men zelfs zijn eigen moedertaal niet kan spreken.
5240352	Nous sommes dans le jardin.	8670907	We zijn in de tuin.
1549159	Il doit avoir au moins 35 ans.	8670908	Hij moet minstens 35 jaar oud zijn.
1271628	Il ne nous est pas possible de nous figurer des objets en quatre dimensions.	8670910	Het is voor ons niet mogelijk om ons objecten in vier dimensies voor te stellen.
4363834	Presque toutes les portes étaient fermées.	8670913	Bijna alle deuren waren dicht.
2066120	Veux-tu que je vienne te cuisiner quelque chose ?	8670915	Wil je dat ik voor je kook?
3767802	Tout le monde s’est bien amusé.	8670916	Iedereen heeft zich goed vermaakt.
7773549	J'ai aimé ce que vous avez dit lors de la réunion.	8670919	Ik vond het heel goed wat je zei tijdens de vergadering.
7465703	Il n'y a rien d'autre que je veuille faire.	8670921	Er is niets anders wat ik wil doen.
5240018	Tu es à la gare.	8670922	Je bent op het station.
6821625	Je ne sais pas qui choisir.	8670923	Ik weet niet wie ik moet kiezen.
6850607	Nous avons dormi collés l'un contre l'autre.	8670924	We hebben tegen elkaar aan geslapen.
7302676	Il a vomi la nourriture.	8670926	Hij heeft het eten overgegeven.
7969000	Je savais que Tom n'attendrait pas sa sœur.	8670928	Ik wist dat Tom niet op zijn zus zou wachten.
481957	Le premier problème que nous devons affronter est l'extrémisme violent sous toutes ses formes.	8670929	Het eerste probleem dat we aan moeten pakken is extremistisch geweld in al zijn vormen.
8636249	Est-ce vraiment trop compliqué d'éteindre vos téléphones ?	8670932	Is het echt zo moeilijk om jullie mobieltjes uit te doen?
14919	À chaque fois que je suis allé pour la voir, elle était déjà sortie.	8670934	Iedere keer dat ik ging om haar te zien was ze al vertrokken.
6379214	À quel point est-il difficile d'acquérir une carte d'identité falsifiée ?	8670936	Hoe moeilijk is het om een vals identiteitsbewijs te verkrijgen?
8367564	Je fais ce que je veux avec mes cheveux.	8670938	Ik doe wat ik wil met mijn haar.
5640812	Tom alluma les bougies.	8670939	Tom deed de kaarsen aan.
2443611	Je n'ai pas encore décidé si je veux m'y rendre.	8670940	Ik heb nog niet besloten of ik erheen wil gaan.
4686213	Je suis juste paresseux.	8670943	Ik ben gewoon lui.
8560764	Tom est un peu plus âgé que moi, non ?	8670944	Tom is wat ouder dan ik toch?
1013032	Tu es le seul à pouvoir faire ça.	8670945	Jij bent de enige die dat kan doen.
6818023	Bien sûr que non. C'est absolument impossible.	8670947	Sowieso niet. Het is volstrekt onmogelijk.
8349609	Quel est votre nom d'utilisateur ?	8670949	Wat is uw gebruikersnaam?
8557567	On va voir ce qu'il va décider.	8670953	We zullen zien wat hij gaat beslissen.
133261	Il attribue sa pauvreté à la malchance.	8670958	Volgens hem valt zijn armoede te wijten aan pech.
8689182	Je mange de la soupe.	8689183	Ik eet soep.
8662653	Abrégeons.	8704036	Laten we ter zake komen.
8662653	Abrégeons.	8704038	Geen gelul.
8315049	Les gens asphyxient.	8704039	De mensen stikken.
8315138	Allons au théâtre.	8704043	Laten we naar het theater gaan.
8315166	Allume ton micro !	8704044	Zet je microfoon aan!
8315168	Allumez votre micro !	8704046	Zet uw microfoon aan!
8315193	Passe le balai !	8704048	Veeg de vloer!
8315193	Passe le balai !	8704049	Ga vegen!
8315199	Ils sont époustouflés.	8704052	Ze staan versteld.
8315199	Ils sont époustouflés.	8704054	Ze zijn sprakeloos.
8315980	Elle chante mal.	8704055	Ze zingt slecht.
8316958	Où vais-je ?	8704056	Waar ga ik heen?
8316958	Où vais-je ?	8704057	Waar ga ik naartoe?
8317238	Dans le mille !	8704058	Schot in de roos!
8317238	Dans le mille !	8704061	Recht in de roos!
8317275	Prenez vos compas !	8704064	Pak jullie kompas!
8317275	Prenez vos compas !	8704065	Neem jullie kompas!
8317299	Enfile ton képi !	8704067	Doe je kepie aan!
8317299	Enfile ton képi !	8704069	Zet je uniformpet op!
8317314	Armez les canons !	8704070	Bewapen de kanonnen!
8317314	Armez les canons !	8704072	Laad de kanonnen!
8317347	Je suis trempé !	8704073	Ik ben kletsnat!
8318331	C'est tordu.	8704075	Het is gestoord.
8318331	C'est tordu.	8704077	Het is verdraaid.
8326941	Allez jouer dehors !	8704078	Ga buiten spelen!
8328483	Nous sommes égarés.	8704079	We zijn de weg kwijt.
8328506	Je le poursuis !	8704080	Ik ga hem achterna!
8328506	Je le poursuis !	8704081	Ik achtervolg hem!
8329281	Je suis arachnophobe.	8704091	Ik heb arachnofobie.
8329350	Cours plus vite !	8704119	Ren sneller!
8330486	Je suis catholique.	8704121	Ik ben katholiek.
8330739	Tu grandis vite !	8704122	Je groeit snel!
8330739	Tu grandis vite !	8704123	Je wordt snel groot!
8330775	Tout est relatif !	8704124	Het is allemaal relatief!
8330775	Tout est relatif !	8704125	Alles is relatief!
8330777	Recharge le pistolet.	8704126	Herlaad het pistool.
8332757	Et moi aussi !	8704128	En ik ook!
8338706	Es-tu amoureuse ?	8704130	Ben je verliefd?
8368911	Souffle plus fort !	8704133	Blaas harder!
8368911	Souffle plus fort !	8704135	Harder blazen!
8376011	Je le mange.	8704136	Ik eet het op.
8376017	Je l'appelle.	8704137	Ik bel hem op.
8376017	Je l'appelle.	8704138	Ik bel haar op.
8381547	Je veux lire.	8704139	Ik wil lezen.
8381564	Appelle un taxi.	8704140	Bel een taxi.
8381564	Appelle un taxi.	8704141	Roep een taxi.
8566814	Ses mains tremblaient.	8704142	Zijn handen beefden.
8578629	Que suggérez-vous ?	8704143	Wat stelt u voor?
8578629	Que suggérez-vous ?	8704144	Wat suggereert u?
8580188	Sont-ils heureux ?	8704146	Zijn ze gelukkig?
8580188	Sont-ils heureux ?	8704147	Zijn ze blij?
8580190	Est-il heureux ?	8704148	Is hij gelukkig?
8580190	Est-il heureux ?	8704149	Is hij blij?
8582742	Es-tu assuré ?	8704151	Ben je verzekerd?
8628308	L'enfant chante.	8704152	Het kind zingt.
8628355	Les spectateurs rient.	8704153	Het publiek lacht.
8628374	Un âne galopait.	8704154	Een ezel galoppeerde.
8628578	Réponds lui aimablement !	8704159	Antwoord hem vriendelijk!
8628578	Réponds lui aimablement !	8704163	Antwoord hem op een vriendelijke manier!
8628760	Mes mains tremblaient.	8704164	Mijn handen beefden.
8629046	Allons nous coucher !	8704165	Laten we naar bed gaan!
8629919	Y crois-tu ?	8704175	Geloof je het?
8629966	Est-ce fini ?	8704180	Is het voorbij?
8629966	Est-ce fini ?	8704181	Is het afgelopen?
8629981	Ils ont parié.	8704182	Ze hebben een weddenschap gesloten.
8630095	Je suis subjugué !	8704184	Ik ben overweldigd!
8630095	Je suis subjugué !	8704185	Ik ben overrompeld!
8630297	Passe-le moi !	8704186	Geef hem aan!
8630297	Passe-le moi !	8704187	Geef hier!
8630297	Passe-le moi !	8704189	Verbind hem door!
8630300	Ne pleurez pas !	8704190	Niet huilen!
8630304	Quel vacarme assourdissant !	8704191	Wat een oorverdovend lawaai!
8630304	Quel vacarme assourdissant !	8704192	Wat een oorverdovend kabaal!
8630319	Arrête de bouder !	8704193	Hou op te mokken!
8630320	Pourquoi boudes-tu ?	8704194	Waarom ben je aan het mokken?
8630320	Pourquoi boudes-tu ?	8704195	Waarom mok je?
8630325	Ils la narguent !	8704196	Ze beschimpen haar!
8630325	Ils la narguent !	8704197	Ze bespotten haar!
8630332	Je vous adore !	8704198	Ik hou van u!
8630332	Je vous adore !	8704199	Ik heb u graag!
8630354	Ses freins surchauffent.	8704200	Zijn remmen raken oververhit.
8630915	Je suis rancunier.	8704201	Ik koester wrok.
8630915	Je suis rancunier.	8704207	Ik ben wraakzuchtig.
8630915	Je suis rancunier.	8704209	Ik ben rancuneus.
8631009	Quelle immense joie !	8704211	Wat een enorme vreugde!
8631009	Quelle immense joie !	8704214	Wat een grote vreugde!
8631033	C'est admirable !	8704215	Het is bewonderenswaardig!
8631033	C'est admirable !	8704217	Dat is bewonderenswaardig!
8631229	Où courent-ils ?	8704220	Waar rennen ze naartoe?
8631229	Où courent-ils ?	8704221	Waar rennen ze heen?
8631229	Où courent-ils ?	8704222	Waar lopen ze naartoe?
8632028	Ne bavardez pas !	8704224	Geen geklets!
8632028	Ne bavardez pas !	8704225	Niet babbelen!
8632065	Soulève cette pierre !	8704226	Til die steen op!
8632065	Soulève cette pierre !	8704227	Hef die steen op!
8632067	Monte là-haut !	8704228	Klim er maar op!
8632172	Ils réfléchissent tous.	8704229	Ze denken allemaal na.
8632172	Ils réfléchissent tous.	8704230	Ze zijn allemaal aan het nadenken.
8632174	Les élèves réfléchissaient.	8704231	De studenten dachten na.
8632174	Les élèves réfléchissaient.	8704232	De studenten waren aan het nadenken.
8632261	Enfilez ce chasuble !	8704233	Zet die kazuifel op!
8632301	Allume la gazinière !	8704234	Zet het fornuis aan!
8632940	Pourquoi fuit-il ?	8704236	Waarom loopt hij weg?
8632940	Pourquoi fuit-il ?	8704237	Waarom rent hij weg?
8632940	Pourquoi fuit-il ?	8704238	Waarom vlucht hij?
8632947	Va te présenter !	8704239	Ga en stel jezelf voor!
8632947	Va te présenter !	8704241	Ga jezelf voorstellen!
8632988	Recharge les piles !	8704242	Laad de batterijen op!
8633300	Il nous protège.	8704243	Hij beschermt ons.
8633406	Les villageois festoient.	8704244	De dorpelingen zijn aan het feesten.
8633406	Les villageois festoient.	8704245	De dorpelingen zijn aan het feestvieren.
8633406	Les villageois festoient.	8704246	De dorpelingen vieren feest.
8633417	Sa voix détonne.	8704247	Zijn stem klinkt vals.
8633419	La bombe détone.	8704248	De bom ontploft.
8633419	La bombe détone.	8704249	De bom gaat af.
8633427	Appelle ta mère !	8704251	Bel je moeder!
8633427	Appelle ta mère !	8704252	Roep je moeder!
8635029	Il le soulève.	8704253	Hij tilt het op.
8635029	Il le soulève.	8704254	Hij tilt hem op.
8635062	Il se muscle.	8704255	Hij bouwt spieren op.
8635162	Quel temps abominable !	8704256	Wat een vreselijk weer!
8635322	C'est inacceptable !	8704257	Dit is onaanvaardbaar!
8635322	C'est inacceptable !	8704258	Dit is onacceptabel!
8627872	Tu es complètement dingue !	8704260	Je bent stapelgek!
8627905	Peut-on dîner ensemble ?	8704262	Kunnen we samen dineren?
8627905	Peut-on dîner ensemble ?	8704263	Is het mogelijk om samen te eten?
8627912	Elle se querellèrent violemment.	8704264	Ze maakten heftig ruzie.
8627912	Elle se querellèrent violemment.	8704266	Ze hadden hevige ruzie.
8627936	Ces enfants sont turbulents.	8704271	Deze kinderen zijn onstuimig.
8627938	Verse le lait progressivement.	8704272	Giet de melk geleidelijk aan.
8627955	Tu es rudement lent !	8704273	Je bent vreselijk traag!
8627955	Tu es rudement lent !	8704274	Je bent erg traag!
8627993	Il fait déjà nuit !	8704275	Het is al donker!
8628010	Ce bijoutier est talentueux.	8704276	Deze juwelier is getalenteerd.
8628010	Ce bijoutier est talentueux.	8704277	Deze juwelier is talentvol.
8628056	Mes concitoyens sont indisciplinés.	8704278	Mijn medeburgers zijn ongedisciplineerd.
8628062	Ce pantalon est inusable.	8704279	Deze broek zal nooit slijten.
8628062	Ce pantalon est inusable.	8704280	Deze broek raakt nooit versleten.
2937394	Tom comprenait.	8744304	Tom begreep.
2923396	Marie plongeait.	8744308	Maria dook.
2923398	Nous plongions.	8744309	We doken.
2923400	Vous plongiez.	8744311	Jullie doken.
2923440	Tu sortais.	8744313	Je ging uit.
2923443	Il sortait.	8744317	Hij ging uit.
2923447	Tom sortait.	8744319	Tom ging uit.
2923449	Elle sortait.	8744322	Ze ging uit.
2923454	Nous sortions.	8744323	We gingen uit.
2923456	Vous sortiez.	8744325	Jullie gingen uit.
2923459	Ils sortaient.	8744327	Ze gingen uit.
2924119	Tom comprendrait.	8744329	Tom zou begrijpen.
2925865	Il priait.	8744331	Hij bad.
2925878	Marie priait.	8744334	Maria bad.
2926546	Tom aidera.	8744337	Tom zal helpen.
2927962	Réfléchis encore !	8744339	Denk nog eens goed na!
2928569	Il dansait.	8744342	Hij danste.
2928573	Elle dansait.	8744343	Zij danste.
2928575	Marie dansait.	8744344	Maria danste.
2928578	Nous dansions.	8744345	We dansten.
2931121	J'étudiais.	8744348	Ik studeerde.
2931127	Il étudiait.	8744351	Hij studeerde.
2931131	Tom étudiait.	8744352	Tom studeerde.
2931134	Elle étudiait.	8744353	Zij studeerde.
2931137	Marie étudiait.	8744354	Maria studeerde.
2931201	Tom glissait.	8744358	Tom gleed uit.
2931206	Marie glissait.	8744361	Maria gleed uit.
2931208	Nous glissions.	8744366	We gleden uit.
2931212	Vous glissiez.	8744368	Jullie gleden uit.
2931215	Ils glissaient.	8744369	Ze gleden uit.
2931249	Il gesticulait.	8744384	Hij maakte gebaren.
2931251	Tom gesticulait.	8744385	Tom maakte gebaren.
2931253	Elle gesticulait.	8744386	Zij maakte gebaren.
2931255	Marie gesticulait.	8744387	Maria maakte gebaren.
2931257	Nous gesticulions.	8744388	Wij maakten gebaren.
2931259	Vous gesticuliez.	8744389	Jullie maakten gebaren.
2931263	Ils gesticulaient.	8744390	Ze maakten gebaren.
2931304	Nous criions.	8744392	We schreeuwden.
2931308	Marie criait.	8744393	Maria schreeuwde.
2931360	Il coulait.	8744395	Hij zonk.
2931364	Elle coulait.	8744397	Zij zonk.
2931366	Marie coulait.	8744400	Maria zonk.
2931370	Vous couliez.	8744402	Jullie zonken.
2931373	Ils coulaient.	8744403	Ze zonken.
2931984	Remonte-toi.	8744409	Vrolijk jezelf op.
2932796	Il déménageait.	8744410	Hij verhuisde.
2932798	Tom déménageait.	8744411	Tom verhuisde.
2932801	Elle déménageait.	8744412	Zij verhuisde.
2932804	Marie déménageait.	8744413	Maria verhuisde.
2932806	Nous déménagions.	8744414	Wij verhuisden.
2932817	Ils déménageaient.	8744415	Zij verhuisden.
2932865	Tu échouais.	8744416	Je faalde.
2932870	Il échouait.	8744418	Hij faalde.
2932877	Elle échouait.	8744419	Zij faalde.
2932880	Marie échouait.	8744420	Maria faalde.
2932885	Vous échouiez.	8744421	Jullie faalden.
2932889	Ils échouaient.	8744423	Zij faalden.
2932921	Je crachais.	8744424	Ik spuugde.
2932923	Tu crachais.	8744425	Jij spuugde.
2932927	Il crachait.	8744426	Hij spuugde.
2932931	Elle crachait.	8744427	Zij spuugde.
2932933	Marie crachait.	8744428	Maria spuugde.
2932936	Nous crachions.	8744429	Wij spuugden.
2932938	Vous crachiez.	8744430	Jullie spuugden.
2932943	Ils crachaient.	8744432	Zij spuugden.
2932981	Je descendais.	8744433	Ik kwam naar beneden.
2932983	Tu descendais.	8744434	Jij kwam naar beneden.
2932986	Il descendait.	8744435	Hij kwam naar beneden.
2932988	Tom descendait.	8744436	Tom kwam naar beneden.
2932990	Elle descendait.	8744437	Zij kwam naar beneden.
2932992	Marie descendait.	8744438	Maria kwam naar beneden.
2932994	Nous descendions.	8744440	Wij kwamen naar beneden.
2932997	Vous descendiez.	8744441	Jullie kwamen naar beneden.
2933001	Ils descendaient.	8744442	Zij kwamen naar beneden.
2933094	Je démissionnais.	8744447	Ik nam ontslag.
2933096	Tu démissionnais.	8744448	Jij nam ontslag.
2933100	Il démissionnait.	8744449	Hij nam ontslag.
2933102	Tom démissionnait.	8744450	Tom nam ontslag.
2933104	Elle démissionnait.	8744451	Zij nam ontslag.
2933110	Marie démissionnait.	8744453	Maria nam ontslag.
2933114	Nous démissionnions.	8744454	Wij namen ontslag.
8330639	Ce village est bondé.	8744464	Dit dorp is druk bevolkt.
8330666	Va inspecter cette salle !	8744465	Ga deze zaal onderzoeken!
8330707	Son jouet est bleu.	8744466	Zijn speelgoed is blauw.
8330707	Son jouet est bleu.	8744467	Haar speelgoed is blauw.
8330710	Cette arme est dévastatrice.	8744469	De werking van dit wapen is verwoestend.
8330710	Cette arme est dévastatrice.	8744471	Dit wapen is vernietigend.
8330722	Tu en veux une ?	8744472	Wil je er een?
8330733	Regarde ce bel écureuil !	8744473	Kijk naar die mooie eekhoorn!
8330761	Ce hamster est joufflu.	8744474	Deze hamster is mollig.
8330767	Ne sois pas haineux !	8744475	Wees niet haatdragend!
8330768	J'adore les anchois !	8744476	Ik hou van ansjovis!
8330776	Le pistolet est déchargé.	8744479	Het pistool is ontladen.
8330951	Tom nous a attendus.	8744480	Tom heeft op ons gewacht.
8331165	Le câblage est correct ?	8744481	Is de bedrading in orde?
8331198	Pierre est très élégant.	8744482	Pierre is heel elegant.
8331240	Fais attention aux trous !	8744483	Kijk uit voor de gaten!
8331276	C'est trop facile !	8744485	Het is te gemakkelijk!
8331277	C'est trop dur !	8744486	Het is te moeilijk!
8331279	C'est trop compliqué !	8744488	Het is te ingewikkeld!
8331624	Ce liquide est inflammable.	8744489	Deze vloeistof is ontvlambaar.
8339160	Je plussoie ta décision.	8744505	Ik stem in met je beslissing.
8339502	Laisse-moi te guider !	8744506	Laat me je begeleiden!
8339514	Tu dois être surdoué !	8744507	Je moet hoogbegaafd zijn!
8368912	Le miel est impérissable.	8744520	Honing is onvergankelijk.
8376005	Est-ce la solution ?	8744521	Is dit de oplossing?
8376022	Mon père est forgeron.	8744524	Mijn vader is smid.
8381553	Je veux lui téléphoner.	8744526	Ik wil hem bellen.
8396204	Je peux vous comprendre.	8744527	Ik kan u begrijpen.
8408107	Comment pallier ce problème ?	8744528	Hoe lossen we dit probleem op?
8530051	Cette musique est géniale !	8744530	Deze muziek is geweldig!
8532906	Cette musique est apaisante.	8744532	Deze muziek is rustgevend.
8532907	Cette musique m'apaise.	8744534	Deze muziek brengt me tot rust.
8532911	Mon chien est obéissant.	8744536	Mijn hond is gehoorzaam.
8532917	Cette vidéo est surprenante.	8744537	Deze video is verbazingwekkend.
8532918	Cette musique est angoissante.	8744540	Deze muziek is akelig.
8532919	J'habite en France.	8744542	Ik woon in Frankrijk.
8550123	Ça va de soi !	8744544	Het spreekt voor zich!
8563565	Disons-le en français !	8744545	Laten we het in het Frans zeggen!
8576680	Les vaches paissent paisiblement.	8744550	De koeien staan rustig te grazen.
8576713	Cela m'a stupéfié.	8744551	Het heeft me verbaasd.
8576817	Disparaissez de ma vue !	8744552	Verdwijn uit mijn zicht!
8576827	Cloîtrez-vous chez vous !	8744566	Sluit uzelf op in uw eigen huis!
8576865	Il pèle du nez.	8744568	Zijn neus is aan het schillen.
8576924	N'agissez pas mesquinement !	8744573	Doe niet zo bekrompen!
8577165	Trinquons à ta santé !	8744575	Laten we op jouw gezondheid proosten!
8578324	Tes habits sont surannés.	8744576	Je kleren zijn ouderwets.
8578421	La faim nous étreint.	8744581	De honger heeft ons in zijn greep.
8578421	La faim nous étreint.	8744583	We zijn ten prooi aan de honger.
8578443	Fais les choses dûment !	8744590	Doe de dingen goed!
8578473	Ce repas fut roboratif.	8744593	Deze maaltijd was verkwikkend.
8578569	Cette boutique est exiguë.	8744595	Deze winkel is smal.
8578627	Cette crédence est remarquable.	8744601	Deze credens is opmerkelijk.
8580539	Cette femme est ravissante.	8744603	Die vrouw is prachtig.
8580566	Les murs sont humides.	8744604	De muren zijn vochtig.
8582779	Il se veut rassurant.	8744605	Hij probeert geruststellend te zijn.
8582798	Quand te maries-tu ?	8744607	Wanneer ga je trouwen?
8582800	Il se marie demain.	8744608	Hij gaat morgen trouwen.
8582801	Il se marie samedi.	8744609	Hij gaat zaterdag trouwen.
8582828	Allons nous balader ensemble.	8744625	Laten we samen gaan wandelen.
8622544	Il doit être là.	8744630	Hij moet hier zijn.
8627838	Ils se rasseyent sagement.	8744646	Ze gaan braaf weer zitten.
8627839	Ils se regardent amoureusement.	8744648	Ze kijken elkaar liefdevol aan.
8627863	Qu'y mettrez-vous ?	8744659	Wat gaat u erin zetten?
8627917	J'adore la gymnastique.	8744662	Ik hou van turnen.
8627924	Prend-on le métro ?	8744665	Nemen we de metro?
8628044	Cette passerelle est chancelante.	8744669	Deze brug is wankelend.
8628065	Cette langue est incompréhensible.	8744670	Deze taal is onbegrijpelijk.
8628067	J'accours te voir.	8744684	Ik kom snel naar je toe.
8628240	Ce tracteur avance lentement.	8744714	Deze tractor rijdt langzaam.
8628291	Je vous remercie chaleureusement.	8744728	Dank u hartelijk.
8628307	Je vais en Écosse.	8744731	Ik ga naar Schotland.
8628310	L'équipe s'entraîne.	8744733	Het team is in training.
8628281	Tes propos sont incohérents.	8744743	Je verhaal raakt kant noch wal.
8628312	Ce jouet est cher.	8744744	Dit speelgoed is duur.
8628324	Le suspect est appréhendé.	8744747	Verdachte is aangehouden.
8628333	Les négociations sont suspendues.	8744749	De onderhandelingen zijn opgeschort.
8628338	Trois spéléologues ont disparu.	8744753	Drie speleologen zijn verdwenen.
8628368	Nous mangeons des sorbets.	8744756	We eten sorbets.
8628371	Tu rangeras ton bureau.	8744757	Je zult je bureau opruimen.
8628471	Comment voyage-t-il ?	8744758	Hoe reist hij?
8628472	Où voyage-t-il ?	8744759	Waar reist hij heen?
8628481	Restez près de moi !	8744761	Blijf dicht bij me!
8628525	Il se trompe souvent.	8744762	Hij zit er vaak naast.
8628535	Les as-tu comparés ?	8744769	Heb je ze vergeleken?
8628551	Cette terre est inexplorée.	8744771	Dit land is onontgonnen.
8628574	Il est parti brusquement.	8744785	Hij is plots vertrokken.
8629879	Arrête de faire semblant !	8744788	Hou op te doen alsof!
8629880	Pourquoi fais-tu semblant ?	8744789	Waarom doe je alsof?
8629888	Le clavier est débranché.	8744848	Het toetsenbord is ontkoppeld.
8629891	Rapporte-moi le clavier !	8744851	Breng me het toetsenbord terug!
8629893	L'as-tu lu ?	8744853	Heb je het gelezen?
8629914	Les fantômes existent-ils ?	8744861	Bestaan er geesten?
8629915	Crois-tu aux fantômes ?	8744863	Geloof je in geesten?
8629983	L'apprécie t-il ?	8744866	Vindt hij het leuk?
8629983	L'apprécie t-il ?	8744867	Vindt hij hem leuk?
8629983	L'apprécie t-il ?	8744868	Vindt hij haar leuk?
8629987	Ce covoiturage était agréable.	8744883	Die carpooling was leuk.
8629988	Nous prendrons le prochain.	8744884	We nemen de volgende.
8629990	Vivent-ils en troupeau ?	8744885	Leven ze in kuddes?
8329388	Les crêpes sont excellentes.	8745066	De pannenkoeken zijn uitstekend.
8330487	C'est un catholique.	8745067	Hij is katholiek.
8330489	Ils sont tous catholiques.	8745068	Ze zijn allemaal katholiek.
8330602	Les radiateurs sont dysfonctionnels.	8745069	De radiatoren zijn defect.
8330609	C'est un génie !	8745070	Hij is een genie!
8630009	Les chatons sont sevrés.	8745071	De poezen zijn gespeend.
8630040	Rendez-moi mes cartes !	8745072	Geef me mijn kaarten terug!
8630056	Mon agenda est plein !	8745075	Mijn kalender is vol!
8630056	Mon agenda est plein !	8745077	Mijn kalender zit vol!
8630069	Ce coloriage est magnifique.	8745083	Deze kleuring is prachtig.
8630103	Où sont-ils cachés ?	8745087	Waar zitten ze verstopt?
8630104	Où se cachent-ils ?	8745088	Waar verstoppen ze zich?
8630110	Arrête de me suivre !	8745089	Hou op met me te volgen!
8630113	Apportez-moi ce dossier !	8745090	Breng me dat dossier!
8630127	Ne sois pas grossier !	8745091	Wees niet onbeleefd!
8630130	Ne le dérange pas !	8745092	Val hem niet lastig!
8630130	Ne le dérange pas !	8745093	Stoor hem niet!
8630133	Il a bien grandi.	8745094	Hij is volwassen geworden.
8630134	Cet enfant a grandi.	8745095	Dit kind is volwassen geworden.
8630137	Cet endroit est sinistre.	8745098	Deze plek is griezelig.
8630140	Il est très gourmand.	8745099	Hij is erg hebzuchtig.
8630143	Cette attitude est inadmissible !	8745100	Deze houding is onaanvaardbaar!
8630153	Ce concert était superbe !	8745101	Dat concert was geweldig!
8630171	Les requins sont dangereux.	8745102	Haaien zijn gevaarlijk.
8630176	Les rayons sont dévalisés.	8745103	De rekken zijn beroofd.
8630180	Mes économies sont minces.	8745104	Mijn spaartegoed is mager.
8630195	La ponctuation est primordiale.	8745113	Interpunctie is essentieel.
8630202	Cet enfant est insolent.	8745114	Dit kind is brutaal.
8630293	Donne-le-moi vite !	8745115	Geef het me snel!
8630308	Elle est toute rêveuse.	8745140	Ze loopt met haar hoofd in de wolken.
8630314	Où pourrais-je chercher ?	8745141	Waar zou ik kunnen kijken?
8630318	Elle boude sans arrêt.	8745142	Ze zit altijd te kniezen.
8630324	Ses camarades la narguaient.	8745143	Haar klasgenoten plaagden haar.
8630331	Je vous déteste tous !	8745144	Ik haat jullie allemaal!
8630333	Je vous aime beaucoup !	8745146	Ik hou erg veel van u!
8630339	Il adore le vélo.	8745148	Hij is gek op fietsen.
8630352	Son vélo a déraillé.	8745153	Zijn ketting is ontspoord.
8630355	Ses freins vont lâcher.	8745155	Zijn remmen staan op het punt te falen.
8630363	Il a été verbalisé.	8745156	Hij heeft een boete gekregen.
8630368	Elles jouent aux dominos.	8745157	Ze spelen domino.
8630424	Es-tu bien attaché ?	8745158	Zit je goed vast?
8630427	Elle vient d'accoucher.	8745187	Ze is net bevallen.
8630442	Ce livre est abîmé.	8745188	Dit boek is beschadigd.
8630791	Je joue du xylophone.	8745189	Ik speel de xylofoon.
8630839	Pourquoi ma voiture broute ?	8745193	Waarom ratelt mijn auto?
8630842	Mon pneu est dégonflé.	8745197	Mijn band is plat.
8630850	Ton arme est chargée ?	8745198	Is je wapen geladen?
8630893	Il suit son instinct.	8745200	Hij volgt zijn instincten.
8630918	Il est très rancunier.	8745201	Hij is erg wraakzuchtig.
8631013	Quelle couleur préfères-tu ?	8745202	Welke kleur heb je liever?
8631023	Les livres sont indisponibles.	8745203	De boeken zijn niet beschikbaar.
8631034	Son comportement est admirable.	8745204	Zijn gedrag is bewonderenswaardig.
8631037	Ils étaient tous émus.	8745219	Ze waren allemaal ontroerd.
8631084	J'aime la neige !	8745220	Ik hou van de sneeuw!
8631098	Sa sœur est timide.	8745222	Zijn zus is verlegen.
8631098	Sa sœur est timide.	8745223	Haar zus is verlegen.
8631118	On comprend sa réaction.	8745225	We begrijpen zijn reactie.
8631118	On comprend sa réaction.	8745226	We begrijpen haar reactie.
8631121	Il est très maladroit.	8745227	Hij is erg onhandig.
8631169	La musique est entraînante.	8745230	De muziek is pakkend.
8631177	Il est enfin guéri.	8745231	Hij is eindelijk genezen.
8631178	Il est malheureusement décédé.	8745232	Hij is helaas overleden.
8631180	Sais-tu où aller ?	8745233	Weet je waar je heen moet?
8631189	Cet homme semble désorienté.	8745234	Deze man lijkt verward.
8631193	Nous lisons un conte.	8745236	We lezen een sprookje.
8631196	Ils réfléchissaient tous deux.	8745240	Ze dachten allebei.
8631200	Nous envoyons des invitations.	8745241	We sturen uitnodigingen.
8631210	Pierre viendra-t-il ?	8745242	Zal Pierre komen?
8631223	Il est très redouté.	8745244	Hij is erg gevreesd.
8631225	Il reste des gâteaux.	8745245	Er is nog wat taart over.
8631227	En reste-t-il ?	8745246	Is er nog iets over?
8631251	De grosses gouttes tombent.	8745248	Er vallen grote druppels.
8632038	Il suivra nos conseils.	8745252	Hij zal ons advies opvolgen.
8632042	Écoutez attentivement ses conseils !	8745254	Luister goed naar zijn advies!
8632042	Écoutez attentivement ses conseils !	8745255	Luister goed naar haar advies!
8632044	Aimez-vous le jazz ?	8745257	Houdt u van jazz?
8632053	Ils sont rentrés tard.	8745259	Ze zijn laat thuisgekomen.
8632059	Le virage est serré.	8745262	Het is een strakke bocht.
8632071	Apporte-nous l'apéritif !	8745264	Breng ons het aperitief!
8632143	Mes amis sont compréhensifs.	8745265	Mijn vrienden zijn begripvol.
8632152	Cette œuvre est remarquable.	8745266	Dit werk is opmerkelijk.
8632153	Cet ouvrage est grandiose.	8745267	Dit boek is geweldig.
8632167	Ils partent en vacances.	8745269	Ze gaan op vakantie.
8632184	Il doit s'exercer.	8745270	Hij moet oefenen.
8632185	Ce yaourt est périmé.	8745272	Deze yoghurt is over datum.
8632191	Que cherche les policiers ?	8745273	Wat zoekt de politie?
8632200	Seules quelques pierres subsistent.	8745274	Er zijn nog maar een paar stenen over.
8632216	Cette question est tordue.	8745278	Deze vraag is verwrongen.
8632219	Les tiroirs sont vides.	8745279	De lades zijn leeg.
8632226	La tapisserie est vieillotte.	8745280	Het wandtapijt is ouderwets.
8632251	Il est trop laxiste.	8745281	Hij is te laks.
8632263	Ils sont aux aguets.	8745286	Ze liggen op de loer.
8632269	Aimes-tu le cassoulet ?	8745291	Hou je van cassoulet?
8632295	La voiture est cabossée.	8745292	De auto is gedeukt.
8632297	Restez confinés chez vous !	8745296	Blijf lekker thuis!
8632297	Restez confinés chez vous !	8745299	Blijf in uw kot!
8632299	La gazinière est éteinte.	8745305	Het fornuis staat uit.
8632312	Mon écran est fissuré.	8745306	Mijn scherm is gekraakt.
8632324	Ne soyez pas borné !	8745307	Wees niet koppig!
8632360	Rappelons les règles élémentaires !	8745309	Laten we de basisregels niet vergeten!
8632378	J'ai été retardé.	8745312	Ik heb vertraging opgelopen.
8632629	Ils se sont perdus.	8745313	Ze zijn verdwaald geraakt.
8746367	Il habite à L'Haÿ-les-Roses.	8746371	Hij woont in L'Haÿ-les-Roses.
8632185	Ce yaourt est périmé.	8749697	Deze yoghurt is vervallen.
8630352	Son vélo a déraillé.	8751165	Zijn ketting is eraf.
8630352	Son vélo a déraillé.	8751166	De ketting van zijn fiets is eraf.
3211613	L'une d'elles est une espionne.	8757089	Eén van hen is een spionne.
2488672	Le plagiat est nécessaire. Le progrès l'implique. Il serre de près la phrase d'un auteur, se sert de ses expressions, efface une idée fausse, la remplace par l'idée juste.	8759971	Het plagiaat is noodzakelijk. De vooruitgang houdt dat in. Het trekt de zin van een auteur naderbij, het bedient zich van zijn uitdrukkingen, verwijdert een verkeerd denkbeeld, vervangt dat door het juiste denkbeeld.
8762310	Il était mythomane.	8763547	Hij was een pathologische leugenaar.
8762290	Sami est un mythomane.	8763549	Sami is een pathologische leugenaar.
2937403	Vous compreniez.	8770728	U begreep het.
2937403	Vous compreniez.	8770730	Jullie begrepen het.
2937910	Il grossissait.	8770731	Hij werd dik.
2937910	Il grossissait.	8770732	Hij werd dikker.
2937913	Tom grossissait.	8770733	Tom werd dik.
2937916	Elle grossissait.	8770734	Zij werd dikker.
2937916	Elle grossissait.	8770735	Zij werd dik.
2937918	Marie grossissait.	8770737	Maria werd dikker.
2937918	Marie grossissait.	8770738	Maria werd dik.
2937920	Nous grossissions.	8770739	Wij werden dikker.
2937920	Nous grossissions.	8770740	Wij werden dik.
2937926	Ils grossissaient.	8770741	Zij werden dikker.
2937926	Ils grossissaient.	8770742	Zij werden dik.
2938086	Il démarrait.	8770745	Hij begon.
2938090	Elle démarrait.	8770746	Zij begon.
2938094	Nous démarrions.	8770747	Wij begonnen.
2938096	Vous démarriez.	8770748	Jullie begonnen.
2938099	Ils démarraient.	8770750	Zij begonnen.
2938137	Tu commençais.	8770751	Jij begon.
2941477	En voiture !	8770753	Opstappen!
2948562	Je kiffe.	8770754	Ik ben er gek op.
2949418	Allez bosser.	8770755	Ga werken.
2964637	Démerdez-vous !	8770758	Trek uw plan!
2964637	Démerdez-vous !	8770759	Trek jullie plan!
2982080	Vieille fripouille !	8770760	Oude rakker!
3012928	Attention vipères !	8770762	Pas op, adders!
3046678	Et toc !	8770763	En boem!
3046781	Tiens donc !	8770765	Kijk eens aan!
3053792	Je changerai.	8770766	Ik zal veranderen.
3089149	Bonsoir, chérie !	8770767	Goedenavond, schat!
3092706	Pauvre pitchounet !	8770774	Arm knulletje!
3093558	Cramponnez-vous !	8770775	Hou u vast!
3093558	Cramponnez-vous !	8770776	Hou jullie vast!
3134198	Que croire ?	8770777	Wat te geloven?
3179233	Pauvre pomme !	8770780	Arme snul!
3193370	Patin, couffin.	8770787	En ga zo maar door.
3214015	Je dégénère !	8770788	Ik draai door!
3215973	Tom grandit.	8770789	Tom groeit op.
3224726	Nous répondrons.	8770791	We zullen reageren.
3236145	Commencez ici !	8770793	Begin hier!
3239687	Grand chelem !	8770796	Grote slem!
3251988	Oublions ceci !	8770798	Laten we het vergeten!
3252086	Une paire.	8770799	Een paar.
3256321	Tant pis !	8770801	Jammer dan!
3265309	Oui, certes.	8770802	Ja, inderdaad.
3265319	Veuillez cesser !	8770804	Gelieve te stoppen!
3265325	Cesse enfin !	8770806	Stop ermee!
3269036	Vapoter tue.	8770810	Vapen is dodelijk.
3269034	Vapotais-tu ?	8770812	Was je aan het vapen?
3272847	Soyons prudents !	8770813	Laten we voorzichtig zijn!
3279927	Quel minable !	8770816	Wat een mislukkeling!
3294591	Ça pue !	8770817	Het stinkt!
3320738	Restons ici.	8770818	Laten we hier blijven.
3348379	Ici, immédiatement.	8770819	Hier, nu.
3349353	Sale araignée !	8770821	Smerige spin!
3350025	Fameux castard !	8770822	Wat een taaie rakker!
3350025	Fameux castard !	8770823	Wat een kloeke vent!
3350028	Sacré costaud !	8770826	Wat een sterke jongen!
3368970	Allez comprendre.	8770830	Verklaar dat maar eens.
3400058	Quel taudis !	8770831	Wat een krot!
3434920	Il pleuvine.	8770835	Het motregent.
3435672	Reste zen.	8770837	Blijf zen.
3435906	Sacré Tom !	8770844	Jij bent me er nogal eentje, Tom!
3440164	Tentons-le !	8770845	Laten we het proberen!
3446371	Je résisterai.	8770847	Ik zal me verzetten.
3448036	Allons camper.	8770848	Laten we gaan kamperen.
3451167	Asseyons-nous.	8770849	Laten we gaan zitten.
3459536	Quelle arnaque !	8770850	Wat een oplichterij!
3459547	Cassons-nous !	8770851	Laten we wegwezen!
3459571	Des indices ?	8770853	Zijn er aanwijzingen?
3459573	Une piste ?	8770854	Is er een spoor?
3461739	Allons guincher !	8770858	Laten we gaan dansen!
3470365	Accepte-le.	8770859	Accepteer het.
3514031	Malin, maline !	8770863	Wijsneus!
3545275	Oh purée !	8770864	Oh, man!
3545277	Tu délires !	8770869	Je ijlt!
3585135	Je réessaie.	8770876	Ik probeer het nog eens.
3599231	Bien deviné !	8770880	Goed geraden!
3618212	Tony joue.	8770882	Tony speelt.
3621997	Antoine joue.	8770883	Antonius speelt.
3621998	Antoine jouait.	8770884	Antonius speelde.
3628610	Je craque.	8770888	Ik hou het niet meer uit.
3628611	Merci, gamin !	8771973	Bedankt, jochie!
3630495	Je transpire.	8771974	Ik zweet.
3640584	Allez, essayons !	8771976	Kom, laten we het proberen!
3640599	Allez, action !	8771978	Komaan, actie!
3640819	Va comprendre !	8771985	Verklaar dat maar eens!
3641816	Quelle phrase !	8771986	Wat een zin!
3642704	Quelle équipe !	8771987	Wat een team!
3646786	Oui, absolument.	8771989	Ja, absoluut.
3655752	Je tamponne.	8771991	Ik stempel.
3666036	Reste alité !	8771992	Blijf in bed!
3668268	Je flippe.	8771993	Ik word gek.
3692121	Quelle maladresse !	8771994	Wat onhandig!
3708964	Pardon, mesdames !	8771996	Excuseer me, dames!
3781389	Tombons amoureux!	8771997	Laten we verliefd worden!
3792908	Vous déjeunez ?	8771999	Bent u aan het lunchen?
3835812	Je refuse.	8772000	Ik weiger.
3850718	Faut voir.	8772003	Dat moeten we uitzoeken.
3850718	Faut voir.	8772004	Dat valt uit te zoeken.
3882418	Nous restons.	8772006	We blijven.
3894078	Soyez naturel.	8772007	Wees natuurlijk.
3991593	Vive Dan !	8772009	Lang leve Dan!
3991815	Dan redescendit.	8772010	Dan kwam naar beneden.
4085063	Affaire conclue ?	8772011	Deal?
4164913	Entre, déjà !	8772023	Kom toch binnen!
4223763	Ça calme.	8772024	Het kalmeert.
4236203	Quelle rapidité !	8772025	Wat een snelheid!
4250360	Réglons ça !	8772026	Laten we dit oplossen!
4267069	Essaie cela !	8772029	Probeer dat eens!
4274085	Réveille Tom !	8772031	Maak Tom wakker!
4274340	Quelle racaille !	8772032	Wat een tuig!
4320242	Sur place.	8772033	Ter plaatse.
4320359	Mais non.	8772037	Maar nee.
4320425	Ça caille !	8772038	Het vriest!
4322652	Efface ça.	8772041	Wis dat.
4323445	Allez, monte !	8772042	Kom, stap in!
4360701	Pas que !	8772043	Niet alleen dat!
4388024	Je refuserai.	8772044	Ik zal weigeren.
4409407	Bonne réponse !	8772046	Goed antwoord!
4449048	Nous dînons.	8772049	We dineren.
4450424	Réponds-moi !	8772050	Geef antwoord!
4450785	Parle-lui !	8772052	Praat met hem!
4450795	Quel trésor !	8772053	Wat een schat!
4453444	Entre donc.	8772054	Kom maar binnen.
4454235	Tom pâlit.	8772055	Tom wordt bleek.
4481449	J'étouffe!	8772057	Ik krijg geen adem!
4545727	Quelle stupidité !	8772059	Hoe stom!
4545730	Soulevez-moi !	8772060	Til me op!
4549009	On regardera.	8772061	We kijken wel.
4550336	Tous moururent.	8772062	Ze stierven allemaal.
4563844	Je médite.	8772063	Ik mediteer.
4578326	Quelle poseuse !	8772069	Wat een aanstelster!
4578460	Fermez-la !	8772071	Mond dicht!
4578495	Qui compte ?	8772075	Wie telt er?
4578500	Fort bien !	8772080	Prima zo!
4579490	Pas ici.	8772081	Niet hier.
4579494	Tiens, prends !	8772083	Hier, pak aan!
4579624	Commençons ici !	8772084	Laten we hier beginnen!
4584385	Écoutons, simplement !	8772086	Laten we gewoon luisteren!
4585798	Je perds.	8772087	Ik verlies.
4585805	Je proteste.	8772088	Ik protesteer.
4585812	J'aiderai.	8772089	Ik zal helpen.
4591891	Je vivrai.	8772090	Ik zal leven.
4591992	Je tire.	8772091	Ik schiet.
4592149	Je soupe.	8772114	Ik ben aan het avondeten.
4593079	J'étudierai.	8772116	Ik zal studeren.
4594040	Je chanterai.	8772117	Ik zal zingen.
4596102	Il divague !	8772120	Hij ratelt maar door!
4596105	Tom divague !	8772121	Tom ratelt maar door!
4596107	Elle divague !	8772122	Zij ratelt maar door!
4596110	Marie divague !	8772123	Maria ratelt maar door!
4596112	Vous divaguez !	8772125	U ratelt maar door!
4596112	Vous divaguez !	8772126	Jullie ratelen maar door!
4596117	Ils divaguent !	8772127	Zij ratelen maar door!
2933171	Je calculais.	8772147	Ik rekende.
2933173	Tu calculais.	8772150	Jij rekende.
2933178	Il calculait.	8772153	Hij rekende.
2933181	Tom calculait.	8772155	Tom rekende.
2933186	Elle calculait.	8772156	Zij rekende.
2933190	Marie calculait.	8772158	Maria rekende.
2933196	Nous calculions.	8772159	Wij rekenden.
2933198	Vous calculiez.	8772161	Jullie rekenden.
2933201	Ils calculaient.	8772162	Zij rekenden.
4599079	Tom louche.	8775691	Tom loenst.
4599081	Elle louche.	8775692	Zij loenst.
4599083	Marie louche.	8775693	Maria loenst.
4599086	Vous louchez.	8775695	Jullie loensen.
4599086	Vous louchez.	8775696	U loenst.
4599089	Nous louchons.	8775697	Wij loensen.
4599091	Ils louchent.	8775698	Zij loensen.
4599132	Existez-vous ?	8775699	Bestaan jullie?
4599132	Existez-vous ?	8775700	Bestaat u?
4599610	Tu rougis !	8775701	Je bloost!
4600307	Enjolivez-le !	8775702	Smuk het op!
4601687	Je mourrai.	8775703	Ik zal sterven.
4601695	Elle mourra.	8775704	Zij zal sterven.
4601697	Marie mourra.	8775705	Maria zal sterven.
4601699	Nous mourrons.	8775706	We zullen sterven.
4601704	Ils mourront.	8775707	Ze zullen sterven.
4602637	Il grossit.	8775708	Hij wordt dik.
4605351	Chers invités !	8775709	Beste gasten!
4605351	Chers invités !	8775710	Geachte gasten!
4607847	Tu grossis.	8775711	Je wordt dik.
4607851	Tom grossit.	8775712	Tom wordt dik.
4607853	Elle grossit.	8775713	Zij wordt dik.
4607855	Marie grossit.	8775714	Maria wordt dik.
4607858	Nous grossissons.	8775715	We worden dik.
4607861	Vous grossissez.	8775716	Jullie worden dik.
4607864	Ils grossissent.	8775717	Ze worden dik.
4608233	Tu téléphonais.	8775718	Je belde.
4608246	Marie téléphonait.	8775719	Maria belde.
4608251	Nous téléphonions.	8775720	We belden.
4608254	Vous téléphoniez.	8775721	Jullie belden.
4608259	Ils téléphonaient.	8775722	Ze belden.
4614791	Il essayera.	8775723	Hij zal proberen.
4614797	Tom essayera.	8775724	Tom zal proberen.
4614801	Elle essayera.	8775725	Zij zal proberen.
4614806	Marie essayera.	8775726	Maria zal proberen.
4614818	Ils essayeront.	8775727	Zij zullen proberen.
4614827	Tu attendras.	8775728	Je zult wachten.
4614833	Elle attendra.	8775729	Ze zal wachten.
4614835	Marie attendra.	8775730	Maria zal wachten.
4614837	Vous attendrez.	8775731	Jullie zullen wachten.
4614842	Ils attendront.	8775732	Ze zullen wachten.
4614849	Je gagnerai.	8775733	Ik zal winnen.
4614851	Tu gagneras.	8775734	Je zult winnen.
4614853	Il gagnera.	8775735	Hij zal winnen.
4614857	Elle gagnera.	8775736	Zij zal winnen.
4614859	Marie gagnera.	8775737	Maria zal winnen.
4614861	Vous gagnerez.	8775738	U zult winnen.
4614861	Vous gagnerez.	8775739	Jullie zullen winnen.
4614864	Ils gagneront.	8775740	Ze zullen winnen.
4614869	Je danserai.	8775741	Ik zal dansen.
4614872	Tu danseras.	8775742	Je zult dansen.
4614874	Il dansera.	8775743	Hij zal dansen.
4614878	Elle dansera.	8775744	Zij zal dansen.
4614880	Marie dansera.	8775745	Maria zal dansen.
4614883	Vous danserez.	8775746	U zult dansen.
4614883	Vous danserez.	8775747	Jullie zullen dansen.
4614886	Ils danseront.	8775748	Ze zullen dansen.
4625955	Décide-toi !	8775749	Neem een beslissing!
4625995	Va marcher !	8775750	Ga eens wandelen!
4626000	Quel pays !	8775751	Wat een land!
4626004	Quel fiasco !	8775752	Wat een fiasco!
4626006	Quelle perte !	8775753	Wat een verlies!
4626010	Quel charlatan !	8775754	Wat een oplichter!
4626013	Quelle idée !	8775755	Wat een idee!
4626015	Quel gâchis !	8775756	Wat een verspilling!
4626018	Quel couillon !	8775758	Wat een sukkel!
4626019	Quel malandrin !	8775759	Wat een schoft!
4626026	Quelle blague !	8775760	Wat een grap!
4626026	Quelle blague !	8775761	Wat een flauwekul!
4626027	Quelle poisse !	8775762	Wat een tegenvaller!
4626027	Quelle poisse !	8775763	Dat is echt balen!
4626029	Quelle emmerdeuse !	8775764	Wat een lastpak!
4626040	Quelle paire !	8775766	Wat een paar!
4626040	Quelle paire !	8775767	Wat een duo!
4626046	Quelle bénédiction !	8775768	Wat een zegen!
4626052	Quel hypocrite !	8775770	Wat een huichelaar!
4626051	Quelle hypocrite !	8775771	Wat een huichelaarster!
4626053	Quelle perspective !	8775772	Wat een uitzicht!
4626055	Quel plaisir !	8775773	Wat een genot!
4626055	Quel plaisir !	8775774	Wat een genoegen!
4636084	Tu coopères.	8775775	Je werkt mee.
4654446	Tu frissonnes.	8775776	Je rilt.
4658976	Joyeux baptême !	8775777	Gelukkige doop!
4678594	Je compatis.	8775779	Ik leef mee.
4678855	Je marcherai.	8775780	Ik zal lopen.
4678859	Je commencerai.	8775781	Ik ga eerst.
4607861	Vous grossissez.	8775782	U wordt dik.
4608254	Vous téléphoniez.	8775783	U belde.
4614837	Vous attendrez.	8775784	U zult wachten.
2933620	Il essayait.	8775794	Hij probeerde.
2933625	Elle essayait.	8775795	Zij probeerde.
2933627	Marie essayait.	8775796	Maria probeerde.
2933636	Elles essayaient.	8775797	Zij probeerden.
14934	Ne le laisse pas le toucher.	8775987	Laat hem het niet aanraken.
4678881	J'appellerai.	8776090	Ik zal bellen.
4678884	Je partirais.	8776092	Ik zou vertrekken.
4678888	J'accepterais.	8776094	Ik zou accepteren.
4681776	Je continuerai.	8776096	Ik zal doorgaan.
4681780	Je témoignerai.	8776098	Ik zal getuigen.
4681781	Je traduirai.	8776100	Ik zal vertalen.
4682629	Je cuvais.	8776102	Ik sliep uit.
4693445	J'entrerai.	8776104	Ik zal binnenkomen.
4693458	Je déjeunerai.	8776106	Ik zal lunchen.
4696179	Il souffrait.	8776110	Hij leed pijn.
4699014	Quelle débandade !	8776112	Wat een stormloop!
4708671	Nous dérangeons.	8776113	We storen.
4713832	Viens danser !	8776114	Kom dansen!
4729393	Ils approuvent.	8776115	Ze keuren het goed.
4729690	Ils arrivent.	8776116	Ze komen aan.
4729743	Ils restent.	8776117	Ze blijven.
4737008	J'existe.	8776118	Ik besta.
4737305	Quel emberlificoteur!	8776121	Wat een afzetter!
4737333	Et patatra!	8776123	En pats!
4754976	Tant vaut !	8776126	Tot zover dat!
4767853	Prépare-toi.	8776127	Maak je klaar.
4767854	Préparez-vous.	8776128	Maak u klaar.
4767854	Préparez-vous.	8776129	Maak jullie klaar.
4775657	Nous survivons.	8776130	We overleven.
4777384	Nous attaquerons.	8776131	We zullen aanvallen.
4777387	Nous vérifierons.	8776132	We zullen het nakijken.
4777389	Nous continuerons.	8776134	We zullen doorgaan.
4777392	Nous contribuons.	8776135	We dragen bij.
4777395	Nous coopérerons.	8776136	We zullen samenwerken.
4777396	Nous coopérons.	8776137	We werken samen.
4777399	Nous déciderons.	8776140	We zullen beslissen.
4777415	Nous échouerons.	8776141	We zullen falen.
4777422	Nous suivrons.	8776142	We zullen volgen.
4777433	Nous obéirons.	8776143	We zullen gehoorzamen.
4777436	Nous réussirons.	8776145	We zullen slagen.
4777439	Nous persévérons.	8776149	We zullen volharden.
4777445	Nous abandonnons.	8776151	We geven op.
4777455	Nous tirerons.	8776153	We zullen schieten.
4777459	Nous commencerons.	8776154	We zullen beginnen.
4801665	Nous souffrons.	8776156	We lijden.
4801757	Nous rejouons.	8776157	We spelen opnieuw.
4805389	Nous montons.	8776160	We gaan omhoog.
4822824	Lol, quoi ?	8776161	Lol, wat?
4826973	Maudit ordinateur !	8776163	Vervloekte computer!
4859698	Enfin, merde.	8776164	Verdorie toch.
4860804	Ça expliquerait.	8776165	Dat zou het verklaren.
4862999	Je rusais.	8776168	Ik was sluw.
4863000	Je brille.	8776169	Ik glans.
4863002	Elle crie.	8776170	Ze schreeuwt.
4863003	Tu râlais.	8776171	Je zeurde.
4863029	Tu frimes.	8776172	Je pronkt.
4867323	Je chiais.	8776173	Ik scheet.
4869369	Quel radin !	8776177	Wat een gierigaard!
4869374	Quel crevard !	8776181	Wat een arme sloeber!
4869374	Quel crevard !	8776183	Wat een engerd!
4874664	Ils surveillent.	8776185	Ze kijken toe.
4878946	Tout recommence.	8776186	Daar gaan we weer.
4879655	Bien fait.	8776187	Goed gedaan.
4888977	Ils arrivent !	8776188	Ze komen eraan!
4890913	Servez-vous !	8776189	Help uzelf!
4890913	Servez-vous !	8776190	Pak wat jullie willen!
4890999	Oublie-la !	8776192	Vergeet haar!
4891009	Tu dérailles.	8776194	Je ontspoort.
4891012	Elle louchait.	8776195	Ze loenste.
4891014	Plutôt belle !	8776199	Nogal schattig!
4893966	On frappe.	8776200	Er wordt geklopt.
4894151	Ça explique.	8776201	Dat verklaart wat.
4900536	Tout passe.	8776202	Alles gaat voorbij.
4904391	Enivrons-nous !	8776203	Laten we ons bezatten!
4904403	Asseyons-nous !	8776204	Laten we gaan zitten!
4910059	Restons concentrés !	8776205	Laten we gefocust blijven!
4910225	A voté !	8776207	Heeft gestemd!
4910595	Allons ailleurs !	8776208	Laten we ergens anders heengaan!
4923865	Vous payez.	8776209	U betaalt.
4923865	Vous payez.	8776210	Jullie betalen.
4923866	Vous coopérez.	8776211	U werkt mee.
4923866	Vous coopérez.	8776212	Jullie werken mee.
4923939	À vous.	8776213	Uw beurt.
4923943	À nous.	8776214	Aan ons.
4923939	À vous.	8776215	Jullie beurt.
4923943	À nous.	8776216	Ons beurt.
4923945	À lui.	8776217	Zijn beurt.
4923949	À elle.	8776218	Haar beurt.
4923954	À eux.	8776219	Hun beurt.
4949226	À trois !	8776220	Op drie!
4949226	À trois !	8776221	Bij drie!
4957195	Parlons dehors !	8776222	Laten we buiten praten!
4961494	Nous embarquâmes.	8776223	We gingen aan boord.
4961504	Elle dîne.	8776224	Ze dineert.
4961505	Elle soupe.	8776225	Ze soupeert.
4961518	Va jouer !	8776226	Ga spelen!
4961601	Silence, gamin !	8776227	Stilte, jongen!
4963450	Il réussirait.	8801230	Het zou hem lukken.
4963483	Qui paiera ?	8801231	Wie zal betalen?
4965969	Étrange affaire !	8801232	Wat een rare zaak!
4992726	Viens, jouons !	8801233	Kom, laten we spelen!
4997076	Pose ça !	8801234	Leg dat neer!
5049984	Sois indulgent !	8801235	Wees toegeeflijk!
5050011	Bonjour Mesdames !	8801237	Goedemorgen, dames!
5058656	Je taquine.	8801240	Ik plaag maar wat.
5063529	Je dérange.	8801241	Ik stoor.
5063534	Je persévère.	8801242	Ik hou vol.
5063536	Je survis.	8801243	Ik overleef.
5064949	Je partirai.	8801244	Ik zal vertrekken.
5066848	Divisons-nous !	8801245	Laten we opsplitsen!
5071213	Parlons bientôt !	8801247	Laten we binnenkort een gesprek voeren!
5071213	Parlons bientôt !	8801249	Laten we binnenkort praten!
5080443	Tout baigne ?	8801250	Alles in orde?
5081940	Je regarderai.	8801251	Ik zal kijken.
5090751	Sois créative.	8801252	Wees creatief.
5096845	Indignez-vous !	8801261	Verhef je stem!
5096845	Indignez-vous !	8801267	Laat je verontwaardiging blijken!
5143131	Nous réussîmes.	8801268	Het is ons gelukt.
5158278	J'abonde.	8801272	Ik sluit me erbij aan.
5158385	Redites-moi ?	8801274	Zeg dat nog eens?
5179002	Annulons tout.	8801277	Laten we het afzeggen.
5179062	Faisons connaissance.	8801279	Laten we kennismaken.
5184015	Tom soliloque.	8801280	Tom houdt een monoloog.
5201067	Rapetisse-le !	8801282	Maak hem kleiner!
5208327	Nous viendrons.	8801306	We zullen komen.
5223327	Continue, Thomas.	8801314	Ga door, Thomas.
5223328	Continue, Marie.	8801315	Ga door, Maria.
5238893	Bonjour, Monsieur.	8801317	Goedemorgen, meneer.
5238897	Bonsoir, Mademoiselle.	8801318	Goedenavond, mevrouw.
5241697	Oiseau rare.	8801319	Zeldzame vogel.
5249294	Qui mange ?	8801321	Wie is er aan het eten?
5250109	Tu mangeras.	8801323	Je zult eten.
5250111	Il mangera.	8801324	Hij zal eten.
5253508	Pauvres gens !	8801325	Arme mensen!
5254197	Nous lisons.	8801326	Wij lezen.
5255246	Bonjour, professeur!	8801327	Goedendag, professor!
5255251	Bonjour, chéri.	8801329	Goedendag, schat.
5255254	Bonjour, mesdames.	8801330	Goedemorgen, dames.
5256823	Soutenez Tatoeba !	8801337	Steun Tatoeba!
5276744	Qui paie ?	8801342	Wie betaalt er?
5276746	Nous payons.	8801344	We betalen.
5278215	Chantais-tu ?	8801349	Zong je?
5278221	Chanterez-vous ?	8801354	Gaat u zingen?
5278913	Je partage.	8801356	Ik deel.
5290032	Pauvre malheureux !	8801357	Arme stakker!
5290893	Mentirais-je ?	8801358	Zou ik liegen?
5297890	Sois attentif.	8801359	Let op.
5317359	Tom partagera.	8801360	Tom zal delen.
5318684	Cramponne-toi.	8801362	Hou je goed vast.
5347428	Cela guérira.	8801363	Het zal genezen.
5348096	Tom vote.	8801364	Tom stemt.
5353225	Ils abandonnèrent.	8801365	Ze gaven het op.
5359187	Vous survivrez.	8801366	U zult het overleven.
5359187	Vous survivrez.	8801367	Jullie zullen het overleven.
5359188	Tu survivras.	8801368	Je zult het overleven.
5371016	Ils partent.	8801369	Ze gaan weg.
5389498	Tom déjeune.	8801372	Tom is aan het lunchen.
5392197	Tom désespérait.	8801375	Tom was wanhopig.
5402503	Tom démissionne.	8801382	Tom neemt ontslag.
5424310	Ignorons cela !	8801385	Laten we dat negeren!
5439466	Enchanté, madame !	8801387	Aangenaam kennis te maken, mevrouw!
5441316	Tom continuera.	8801390	Tom zal doorgaan.
5441343	Tom rappela.	8801393	Tom belde terug.
5445867	Vous chancelez.	8801396	U wankelt.
5445867	Vous chancelez.	8801397	Jullie wankelen.
5445868	Vous hésitez.	8801399	U aarzelt.
5445868	Vous hésitez.	8801401	Jullie aarzelen.
5445869	Tu chancelles.	8801403	Je wankelt.
5445870	Tu hésites.	8801404	Je aarzelt.
5490044	Ils grandiront.	8801407	Ze zullen opgroeien.
5490100	Dessinez-vous.	8801409	Teken uzelf.
5490103	Dessine-toi.	8801412	Teken jezelf.
5491484	Bonnes vacances.	8801413	Een fijne vakantie.
5535123	Je paraphrasais.	8801414	Ik parafraseerde.
5561671	Ça ravigote !	8801418	Het is verfrissend!
5561671	Ça ravigote !	8801419	Daar knap je van op!
5708188	Parle doucement.	8848590	Spreek zachtjes.
5741524	Tom sanglotait.	8848591	Tom was aan het snikken.
5800413	Rappelle-moi.	8848592	Bel me terug.
5801582	J'arrêterai.	8848594	Ik zal stoppen.
5820772	Tu parles!	8848595	Dat zal wel!
5824874	Un moment.	8848596	Een ogenblik.
5824895	Aucun doute.	8848598	Absoluut.
5838682	Pauvre homme.	8848599	Arme man.
5854335	Elle progresse.	8848601	Ze maakt vooruitgang.
5969071	Me revoilà!	8848604	Ik ben er weer!
5969888	Et puis !	8848605	En dan!
6003531	Chers camarades !	8848606	Beste kameraden!
6008434	Ah, OK!	8848612	Ah, oké!
6010807	Dieu est.	8848613	God is.
6026405	Conduis lentement !	8848614	Rij langzaam!
6034977	Plutôt mourir !	8848615	Ik ga nog liever dood!
6044996	Minute, papillon !	8848616	Wacht even, vlinder!
6048089	Soulève-le.	8848617	Til hem op.
6048093	Joue-le.	8848619	Speel het.
6063555	Jouons dehors.	8848620	Laten we buiten spelen.
6065131	Curieux, non ?	8848621	Vreemd, nietwaar?
6065132	Trop haut !	8848622	Te hoog!
6065133	Trop cher !	8848623	Te duur!
6065135	Très haut !	8848624	Heel hoog!
6083501	Maintenant, bouge.	8848626	Beweeg nu.
6083503	Maintenant, entre.	8848627	Kom nu binnen.
6096566	Fais gaffe.	8848629	Kijk uit.
6175264	Qui demandera ?	8848630	Wie zal het vragen?
6191145	Ils fanfaronnaient !	8848631	Ze schepten op!
6191325	Nous réfléchissions.	8848632	We dachten na.
6191386	Nous interviendrons.	8848633	We zullen ingrijpen.
6191523	Elles dépérissaient.	8848634	Ze kwijnden weg.
6191620	Je démissionnerai.	8848635	Ik zal ontslag nemen.
6191623	Elles ralentissent !	8848636	Ze vertragen!
6191802	Nous recommencerons.	8848637	We zullen opnieuw beginnen.
6195714	Thomas craint.	8848638	Thomas is een prutser.
6195715	Thomas suce.	8848639	Thomas zuigt.
6195780	J'implose.	8848640	Ik implodeer.
6195781	Il évolue.	8848641	Hij evolueert.
6195782	Tu bouges.	8848642	Jij beweegt.
6195783	Vous muez.	8848643	U vervelt.
6195783	Vous muez.	8848644	Jullie vervellen.
6195784	Je milite.	8848648	Ik militeer.
6195784	Je milite.	8848650	Ik ben een activist.
6195784	Je milite.	8848653	Ik voer actie.
6195786	Je crache.	8848654	Ik spuw.
6195787	Tu bosses.	8848655	Je werkt.
6195790	Tu chômes.	8848658	Je bent werkloos.
6195790	Tu chômes.	8848659	Je werkt niet.
6198298	Travaillez davantage.	8848660	Werk harder.
6201076	Tom mugit.	8848661	Tom tiert.
6201077	Tom enfle.	8848662	Tom zwelt op.
6201078	Tom chôme.	8848663	Tom is werkloos.
6201078	Tom chôme.	8848664	Tom werkt niet.
6201079	Tom vibre.	8848665	Tom trilt.
6201081	Tom aboie.	8848666	Tom blaft.
6201080	Tom valse.	8848667	Tom walst.
6201083	Tom passe.	8848668	Tom komt langs.
6201086	Tom frime.	8848669	Tom schept op.
6201087	Tom fuira.	8848670	Tom zal wegrennen.
6201088	Tom rugit.	8848671	Tom brult.
6201090	Tom flâne.	8848672	Tom slentert rond.
6201092	Tom bouge.	8848674	Tom beweegt.
6201094	Tom peste.	8848677	Tom klaagt.
6201098	Tom trime.	8848680	Tom werkt zich kapot.
6201105	Tom puera.	8848682	Tom zal een luchtje hebben.
6201096	Tom muera.	8848684	Tom zal de baard in de keel krijgen.
6201107	Tom agit.	8848686	Tom ageert.
6201109	Tom erre.	8848687	Tom zwerft rond.
6201110	Tom mène.	8848688	Tom leidt.
6201111	Tom cède.	8848689	Tom geeft het op.
6201112	Tom rame.	8848690	Tom roeit.
6201113	Tom fuit.	8848691	Tom is op de vlucht.
6201116	Tom lira.	8848692	Tom zal lezen.
6201119	Tom file.	8848693	Tom vertrekt.
6201121	Tom fond.	8848694	Tom smelt.
6201122	Tom râle.	8848695	Tom zaagt.
6201124	Tom ruse.	8848698	Tom speelt spelletjes.
6201126	Tom bave.	8848701	Tom kwijlt.
6201128	Tom cogite.	8848702	Tom denkt na.
6201129	Tom errera.	8848703	Tom zal rondzwerven.
6201130	Tom traîne.	8848704	Tom hangt rond.
6201131	Tom tombe !	8848705	Tom valt!
6201132	Tom jaunit.	8848706	Tom wordt geel.
6201133	Tom évolue.	8848707	Tom evolueert.
6201134	Tom avance.	8848708	Tom gaat vooruit.
6201135	Tom dérape.	8848709	Tom glijdt uit.
6044996	Minute, papillon !	8848856	Wacht even, jij!
1101490	La réunion du personnel a-t-elle lieu lundi ?	8859780	Is de personeelsvergadering op maandag?
3211184	Je suis désolé si ça t’a blessée.	8859782	Het spijt me als dat je gekwetst heeft.
3629609	Je n'en démords pas.	8859787	Ik hou voet bij stuk.
3816382	Je présume que vous pensez être plutôt singulier, n'est-ce pas ?	8859791	Ik veronderstel dat u zichzelf vrij uniek vindt, nietwaar?
4219277	Tu ne sais rien.	8859792	Je weet niets.
5243786	Vous couriez dans le jardin.	8859794	Jullie renden in de tuin.
5243786	Vous couriez dans le jardin.	8859795	U rende in de tuin.
2933734	Tom était couvert.	8859843	Tom was gedekt.
5182568	Est-ce que le jury a émis un verdict ?	8859844	Is de jury tot een uitspraak gekomen?
2004851	Si vous avez tort, admettez-le. Si vous avez raison, soyez calme.	8859845	Als u het mis heeft, geef het dan toe. Als u gelijk heeft, wees kalm.
1716932	Qui est ton personnage de méchant préféré au cinéma ?	8859846	Wie is je favoriete schurk in de films?
5759801	La plupart des Mélanésiens qui vivent en Papouasie-Nouvelle-Guinée ont les cheveux très crépus, n'est-ce pas ?	8859857	De meeste Melanesiërs die in Papoea-Nieuw-Guinea wonen hebben zeer gekruld haar, nietwaar?
1071656	Ainsi, pères et mères, vous voyez l'obligation indispensable que vous avez de prendre un très grand soin de vos enfants; faites leur prendre de bonnes habitudes, instruisez-les pendant qu'ils sont jeunes, élevez-les en la crainte de Dieu, portez-les à s'acquitter de leur devoir envers leur prochain, faites leur apprendre les règles de la bienséance et faites-les leur pratiquer, ne leur laissez rien passer, reprenez-les quand ils manquent, faites néanmoins que vos réprimandes n'aient aucune aigreur de peur qu'ils ne se rebutent et qu'ils n'en fassent point de profit; c'est par cette éducation que vous leur donnerez que leur naturel deviendra bon et honnête, et assurément quelques beaux esprits qu'ils puissent avoir, ils deviennent brutaux si vous les négligez en leur jeunesse.	8871686	En zo zien jullie, vaders en moeders, de onmisbare verplichting die op jullie rust om heel goed voor jullie kinderen te zorgen. Leer hun goede gewoontes, onderricht hen in hun jonge jaren, voed hen op in Gods vreze, leid hen op om hun plicht tegenover hun naaste te vervullen, leer hun de regels van het fatsoen en laat hen die in praktijk brengen, laat hen niets overslaan, wijs hen terecht als ze verzaken, maar berisp hen niet met verbittering, uit vrees dat ze u zullen afstoten en er geen nut uit zullen putten. Dankzij deze opvoeding, zullen ze een goede en eerlijke aard hebben, en hoe zachtaardig hun zielen ook mogen zijn, ze worden beslist wreed als jullie ze in hun jeugd veronachtzamen.
8915816	Les câbles de démarrage de Sami étaient dans le coffre.	8915825	Sami's startkabels lagen in de koffer.
2720190	Je cardai la laine.	8934306	Ik kaardde de wol.
2720010	Ils arrosent le jardin.	8934307	Ze besproeien de tuin.
2720002	Il arrose le jardin.	8934308	Hij besproeit de tuin.
2719361	Mon amie est ici.	8934309	Mijn vriend is hier.
2706888	Mon nom est Roberto.	8934310	Mijn naam is Roberto.
2706886	Je m'appelle Roberto.	8934311	Ik heet Roberto.
2706019	Marie est une femme.	8934312	Maria is een vrouw.
2704007	Mon nom est Francesco.	8934313	Mijn naam is Francesco.
2704004	Je m'appelle Francesco.	8934315	Ik heet Francesco.
2695269	Mon nom est Hase.	8934316	Mijn naam is Hase.
2622535	Laisse tomber les règles.	8934317	Vergeet de regels.
2621418	Le ciel s'éclaircit.	8934318	De lucht klaart op.
2607817	Il peut partir demain.	8934319	Hij kan morgen vertrekken.
2534893	Et ta maman aussi.	8934320	En je moeder ook.
1837325	Je suis Edgar Degas.	8934321	Ik ben Edgar Degas.
1585648	Rêver ne coûte rien.	8934322	Dromen kost niets.
1559169	Allons, parlons de fleurs.	8934323	Kom op, laten we het over bloemen hebben.
1539559	Je suis trop heureux !	8934325	Ik ben zo blij!
1504747	Mon sac est vide.	8934326	Mijn tas is leeg.
1485780	C'est un frileux.	8934329	Hij is kouwelijk.
1484796	J'ai une proposition.	8934331	Ik heb een voorstel.
1482137	C'est ta couleur !	8934333	Dat is jouw kleur!
1471883	Je suis citoyenne romaine.	8934347	Ik ben een Romeinse burger.
1470980	Venez en grand nombre !	8934357	Kom in groten getale!
1438930	Je l'avais imaginé.	8934358	Ik had het me voorgesteld.
1417180	J'aime ta voiture.	8934360	Ik vind je auto leuk.
1347827	C'est un problème !	8934362	Dat is een probleem!
1300532	Cette chaise est cassée.	8934368	Deze stoel is kapot.
1299335	Cette dame est indienne.	8934374	Deze dame is Indiase.
1221908	Je m'en souviens !	8934376	Dat herinner ik me!
1153963	Entendre, c'est obéir.	8934390	Horen is gehoorzamen.
1135997	C'est un détail.	8934392	Het is een detail.
1117521	Et la route ?	8934394	Hoe zit het met de weg?
1117012	Distribuez-nous les cartes.	8934395	Deel de kaarten uit.
1097842	Tu sors avec nous.	8934396	Je gaat met ons uit.
1090037	Je voudrais un renseignement.	8934400	Ik wil graag wat informatie.
1084934	Elle consulte son agenda.	8934423	Ze controleert haar agenda.
1084921	Tu lis un livre.	8934424	Je leest een boek.
1084860	Elle fait des exercices.	8934425	Ze is aan het oefenen.
1084856	Elle téléphone à Jacques.	8934426	Ze belt Jacques op.
1084851	Il écoute les informations.	8934427	Hij luistert naar het nieuws.
1084063	Tu aimes ces chaussures.	8934428	Je houdt van deze schoenen.
1083245	Viens après trois heures.	8934432	Kom na drie uur.
1082480	Il vient de Paris.	8934433	Hij komt uit Parijs.
1082446	Il agit par intérêt.	8934434	Hij handelt uit eigenbelang.
1082154	Il revient de Sicile.	8934436	Hij is terug van Sicilië.
1081754	Je m'en moque.	8934437	Dat kan me niet schelen.
1064343	Je ne sais pas !	8934439	Ik weet het niet!
848845	Toi, tu es italienne.	8934444	Jij bent ongetwijfeld een Italiaanse.
848844	Moi, je suis belge.	8934445	Ik ben Belg.
845858	Ce sont nos copines.	8934447	Het zijn onze vriendinnen.
844207	Achetons-lui-en un.	8934450	Laten we er een voor haar kopen.
844207	Achetons-lui-en un.	8934451	Laten we er een voor hem kopen.
844205	Demande-le-moi demain.	8934452	Vraag het me morgen.
843442	Nous ne choisissons rien.	8934456	We kiezen niets.
822569	Mon père est maçon.	8934457	Mijn vader is metselaar.
844204	N'en ouvrez plus.	8934462	Niet meer opendoen.
754278	Ses jambes sont lisses.	8934463	Zijn benen zijn glad.
754278	Ses jambes sont lisses.	8934464	Haar benen zijn glad.
754277	Sa cheville est bandée.	8934467	Zijn enkel is verbonden.
754277	Sa cheville est bandée.	8934468	Haar enkel is verbonden.
749922	Débrouille-toi tout seul.	8934472	Trek je plan.
134145	C'est une taquine.	8934474	Ze is een plaaggeest.
134125	Elle est déjà mariée.	8934477	Ze is al getrouwd.
133410	Il présenta sa carte.	8934478	Hij liet zijn kaart zien.
133130	Il encensait son professeur.	8934479	Hij prees zijn leraar.
132966	Il vit à Nagasaki.	8934480	Hij woont in Nagasaki.
131087	Il mérite la punition.	8934484	Hij verdient zijn straf.
131058	Il mérite le prix.	8934485	Hij verdient de prijs.
130973	Il semble penser cela.	8934486	Hij lijkt het te denken.
130740	Il vous regarde toujours.	8934567	Hij kijkt altijd naar u.
130740	Il vous regarde toujours.	8934568	Hij kijkt altijd naar jullie.
130275	Sa conduite m'étonna.	8934569	Ik was verrast door zijn gedrag.
130275	Sa conduite m'étonna.	8934570	Ik was verrast door haar gedrag.
128913	J'ai accouché naturellement.	8934571	Ik heb een natuurlijke bevalling gehad.
128763	Nager renforce les jambes.	8934572	Zwemmen versterkt de benen.
127913	Je veux un livre.	8934574	Ik wil een boek.
127693	Je connais sa famille.	8934576	Ik ken zijn familie.
127693	Je connais sa famille.	8934577	Ik ken haar familie.
127673	Je lui ai expliqué.	8934579	Ik heb het hem uitgelegd.
127673	Je lui ai expliqué.	8934580	Ik heb het haar uitgelegd.
15275	Regardez cet immeuble rouge.	8934584	Kijk naar dat rode gebouw.
15096	Betty arrose les fleurs.	8934585	Betty geeft de bloemen water.
14846	J'approuve ce projet.	8934586	Ik keur dit project goed.
14801	En été, je nage.	8934588	In de zomer zwem ik.
14387	Laissez-moi me présenter.	8934589	Laat me mezelf voorstellen.
13883	Comment Aoi danse bien !	8934590	Wat danst Aoi goed!
13494	Les garçons ! Écoutez maintenant.	8934592	Jongens! Luister nu eens.
13458	C'est vraiment horrible.	8934594	Het is echt verschrikkelijk.
13183	Bill est toujours honnête.	8934595	Bill is altijd eerlijk.
13109	Patricia organisera le tournoi.	8934596	Patricia zal het toernooi organiseren.
8901125	Ne stressez pas !	8934597	Niet stressen!
8900572	Il est érotomane.	8934598	Hij is een erotomaan.
8900421	Achetez un ticket.	8934599	Koop een kaartje.
8900375	Elles doivent revenir.	8934600	Ze moeten terugkomen.
8900373	Elle doit revenir.	8934602	Ze moet terugkomen.
8900372	Il doit revenir.	8934604	Hij moet terugkomen.
8900351	Retire ces paroles !	8934607	Neem deze woorden terug!
8851812	Priez pour lui !	8934629	Bid voor hem!
8853118	Il te rattrapera.	8934630	Hij haalt je wel in.
8853610	Il rentre bientôt.	8934631	Hij komt binnenkort thuis.
8853611	Elle rentre bientôt.	8934632	Zij komt binnenkort thuis.
8854019	Ça semblait intéressant.	8934634	Dat klonk interessant.
8312922	Cette boîte est métallique.	8934636	Deze doos is van metaal.
8312912	Le paquet semble déchiré.	8934638	Het pakketje ziet er gescheurd uit.
8312910	Le drapeau est blanc.	8934639	De vlag is wit.
8312909	Le drapeau est noir.	8934641	De vlag is zwart.
8312908	Le drapeau est orange.	8934643	De vlag is oranje.
8312907	Le drapeau est bleu.	8934645	De vlag is blauw.
8312906	Le drapeau est vert.	8934646	De vlag is groen.
8312900	La chaise semble cassée.	8934649	De stoel lijkt kapot te zijn.
8312897	Cet instrument est gigantesque.	8934651	Dit instrument is reusachtig.
8312896	Cette couleur est surprenante.	8934652	Deze kleur is verrassend.
8312894	Ce drapeau est jaune.	8934655	Deze vlag is geel.
8312892	La fenêtre semble ouverte.	8934657	Het raam lijkt open te staan.
8312889	Cette corne est pointue.	8934658	Deze hoorn is scherp.
6394689	Sami est tellement amoureux.	8934659	Sami is zo verliefd.
6178242	Ils vont avec elle.	8934660	Ze gaan met haar mee.
4884723	Tom ne travaille plus.	8934661	Tom werkt niet meer.
4884720	Nous avons 30 minutes.	8934663	We hebben 30 minuten.
4884714	J'avais mauvaise mine.	8934664	Ik zag er niet goed uit.
4884713	Elle avait mauvaise mine.	8934665	Zij zag er niet goed uit.
4884712	Il avait mauvaise mine.	8934667	Hij zag er niet goed uit.
4884694	Nous avons le temps.	8934668	We hebben tijd.
4884689	Je veux l'avoir.	8934671	Ik wil het hebben.
4884676	Nous devons le faire !	8934674	We moeten het doen!
4884673	Nous devons nous réveiller.	8934675	We moeten wakker worden.
4884669	Nous devons le prévenir.	8934677	We moeten hem waarschuwen.
4884667	Nous avons quelque chose.	8934679	We hebben iets.
4882979	Sors de la pelouse !	8934681	Ga van het grasveld af!
4874403	Tu as du tempérament.	8934682	Je bent opvliegend.
4874401	Vous avez du tempérament.	8934685	U bent opvliegend.
4874401	Vous avez du tempérament.	8934686	Jullie zijn opvliegend.
2808125	Je l'y amène.	8934904	Ik breng hem daarheen.
2808125	Je l'y amène.	8934905	Ik breng haar daarheen.
2837066	Parlez à vos copains !	8934906	Praat met uw vrienden!
2837066	Parlez à vos copains !	8934907	Praat met jullie vrienden!
2839685	Ils vont au stade.	8934908	Ze gaan naar het stadion.
2841075	Elle vient de Paris.	8934909	Ze komt uit Parijs.
2842095	Je travaille sur Grenoble.	8934910	Ik werk in Grenoble.
2842164	Tout travail mérite salaire.	8934917	Alle werk verdient zijn loon.
2842166	Toute proposition nous intéresse.	8934918	We zijn geïnteresseerd in elk voorstel.
2842167	Tout ceci nous concerne.	8934923	Dit gaat allemaal om ons.
2846785	Je suis très reconnaissant.	8934924	Ik ben erg dankbaar.
2855321	Ne cours pas ici.	8934927	Ren niet hierheen.
2859747	Elle m'a embauché.	8934928	Ze heeft me ingehuurd.
2878741	On s'amuse bien.	8934930	We hebben het naar ons zin.
2878745	Il s'y amuse.	8934931	Hij heeft het naar zijn zin.
2968308	Merci pour ta lettre !	8934932	Bedankt voor je brief!
2977090	Protégez-la du danger.	8934937	Bescherm haar tegen het gevaar.
2989624	L'homme est grand.	8934942	De man is groot.
560676	Il a saisi l'opportunité d'obtenir un emploi.	8938811	Hij greep de gelegenheid aan om werk te krijgen.
7992526	Vous êtes trop jeune pour voyager toute seule.	8944775	U bent te jong om helemaal alleen te reizen.
1556898	Vous êtes trop jeune pour voyager seule.	8944778	U bent te jong om alleen te reizen.
1450744	Arrête de pinailler.	8950765	Stop met muggeziften.
2825098	Je dîne.	8968285	Ik dineer.
134556	Elle plante des roses dans le jardin.	8975042	Ze plant rozen in de tuin.
3000435	Les îles Vierges britanniques sont un paradis fiscal.	8981430	De Britse Maagdeneilanden zijn een belastingparadijs.
180859	J'avais l'intention d'étudier la médecine aux États-Unis.	8981491	Ik was van plan om in de Verenigde Staten medicijnen te studeren.
180960	Mon père part à la retraite au printemps prochain.	8983079	Mijn vader gaat komende lente met pensioen.
181230	Demain, il jouera au football.	8983087	Morgen voetbalt hij.
2371699	Tom portait son fils sur le dos.	8984820	Tom droeg zijn zoon op zijn rug.
3381371	Il y a aujourd’hui trois cent quarante-huit ans six mois et dix-neuf jours que les parisiens s’éveillèrent au bruit de toutes les cloches sonnant à grande volée dans la triple enceinte de la Cité, de l’Université et de la Ville.	8987593	Het is inmiddels driehonderdachtenveertig jaar, zes maanden en negentien dagen geleden dat de Parijzenaars wakker werden met het geluid van alle klokken die uit alle macht luidden in de drievoudige vesting van het Eilandje, de Universiteit en de Stad.
12486	La plupart des garçons connaissent son nom.	8991411	De meeste jongens weten hoe hij heet.
844334	Ne le lui donne pas.	8991419	Geef het hem niet.
1082105	Je coupe le pain avec un couteau.	8991535	Ik snijd het brood met een mes.
1117811	Ce ne sont pas tes lunettes ?	8993195	Is dit niet jouw bril?
132103	Il a des problèmes financiers.	8993291	Hij zit in de financiële problemen.
2104426	J'achète du pain.	8996989	Ik koop brood.
2112702	Tom achète du pain.	8996995	Tom koopt brood.
6832	J'admets que j'ai mal fait.	8997080	Ik geef toe dat ik een fout heb gemaakt.
130627	Il sera ici vers quatre heures.	8997097	Hij zal rond vier uur hier zijn.
2075557	Tom saignait du nez.	8999391	Toms neus bloedde.
130426	Sa sœur et moi serons de bons amis.	9006844	Zijn zus en ik zullen goede vrienden worden.
8676517	Réessaie !	9008831	Probeer opnieuw!
8328476	Attrapons-le !	9008834	Laten we hem grijpen!
8328479	Attrapons-les !	9008835	Laten we hen grijpen!
8328487	Suivons-le !	9008836	Laten we hem volgen!
8328488	Suivons-les !	9008838	Laten we hen volgen!
8640826	Quel aplomb !	9008841	Wat een aplomb!
8655954	Apportez-lui !	9008843	Breng het hem!
8655957	Rapportez-lui !	9008844	Breng het terug naar hem!
8672997	Il boîte.	9008845	Hij loopt mank.
8672998	Elle boîte.	9008846	Zij loopt mank.
8673143	Quel dépaysement !	9008847	Wat een verandering van decor!
8676404	Soyez détendus !	9008849	Wees ontspannen!
8676422	Restons courtois !	9008850	Laten we hoffelijk blijven!
8676423	Restez courtois !	9008851	Blijf hoffelijk!
8676424	Sois courtois !	9008852	Wees hoffelijk!
8676439	Remercions Dieu.	9008853	Dank God.
8676440	Remercions-le !	9008854	Laten we hem bedanken!
8676441	Remercions-la !	9008855	Laten we haar bedanken!
8676452	Reposons-nous !	9008856	Laten we rusten!
8676462	Sois tranquille !	9008857	Wees niet ongerust!
8676471	Descendez manger !	9008858	Kom naar beneden om te eten!
8676473	Faisons vite !	9008859	Laten we snel zijn!
8676477	Restons calme !	9008860	Laten we kalm blijven!
8676490	Parlez distinctement !	9008862	Spreek duidelijk!
8676584	Aimez-le !	9008863	Heb hem lief!
8676592	Nourrissez-le !	9008864	Geef hem te eten!
8676609	Rapprochez-vous !	9008865	Kom dichterbij!
8676749	Annote ça !	9008866	Noteer dat!
8676751	Abritez-vous !	9008867	Zoek een schuilplaats!
8676752	Abritons-nous !	9008868	Laten we een schuilplaats zoeken!
8676953	Cachez-vous !	9008871	Verberg u!
8676800	Allongez-vous !	9008872	Gaat u liggen!
8682006	Motivez-vous !	9008873	Motiveer je!
8682006	Motivez-vous !	9008874	Motiveer uzelf!
8682090	Surveille-les !	9008875	Hou ze in de gaten!
8682611	Ça gratte !	9008876	Het jeukt!
8684799	Reste poli !	9008877	Blijf beleefd!
8684834	Virez-le !	9008878	Maak dat hij wegkomt!
8684835	Virez-la !	9008879	Maak dat zij wegkomt!
8684839	Virez-les !	9008881	Maak dat zij wegkomen!
8686204	Améliorez ça !	9008882	Verbeter dat!
8688038	Quel pleutre !	9008883	Wat een lafaard!
8690805	Quel olibrius !	9008887	Wat een rare kwibus!
8691074	Elle zozotait.	9008888	Ze lispelde.
8696460	Pourchassons-les !	9008889	Laten we ze achternagaan!
8696461	Pourchassez-les !	9008890	Jaag ze op!
8696462	Pourchasse-le !	9008891	Jaag hem op!
8698562	Quel acrobate !	9008892	Wat een acrobaat!
8703209	Annule ça.	9008893	Annuleer dat.
8703212	Mennad bougea.	9008894	Mennad bewoog.
8703222	Joue maintenant.	9008895	Speel nu.
8703224	Attaquez-les.	9008896	Val ze aan.
8703225	Attrape-les.	9008897	Pak ze.
8703228	Aide-les.	9008898	Help ze.
8703664	Ils comprendront.	9008900	Ze zullen het begrijpen.
8705672	Il saigne.	9008901	Hij bloedt.
8706678	Barrez-vous !	9008902	Maak dat u wegkomt!
8708632	Attrapez-les.	9008903	Vang ze.
8731915	Quel margoulin !	9008904	Wat een beunhaas!
8737080	Rejoignez-nous !	9008906	Ga met ons mee!
8737407	Au contraire.	9008907	Integendeel.
8742212	Quel traître !	9008908	Wat een verrader!
8742291	Il crie.	9008909	Hij schreeuwt.
8748757	Ils babillent.	9008910	Ze brabbelen.
8748864	Ramène-les !	9008911	Breng ze terug!
8753031	Camouflez-vous !	9008912	Camoufleer jezelf!
8753031	Camouflez-vous !	9008913	Camoufleer uzelf!
8753071	Elle vérifiera.	9008914	Ze zal het controleren.
4852793	Il est fou !	9008919	Hij is gek!
3710757	Tom était ambitieux.	9008920	Tom was ambitieus.
3580369	Tom transpire beaucoup.	9008921	Tom zweet veel.
3489169	Emilie était surprise.	9008922	Emilie was verrast.
3304992	Vous êtes prête.	9008923	U bent er klaar voor.
3282484	Tu es tombé.	9008924	Je bent gevallen.
3282478	Tu es rentré.	9008925	Je bent terug.
3282476	Tu es resté.	9008926	Je bent gebleven.
3271578	Quelles belles maisons !	9008927	Wat zijn dat prachtige huizen!
3250077	Elle est asociale.	9008928	Ze is asociaal.
3241489	Ils travaillent trop.	9008929	Ze werken te veel.
2735065	L'araignée me chatouille.	9009896	De spin kietelt me.
2758076	Vous devriez le remercier.	9009897	U zou hem moeten bedanken.
2758076	Vous devriez le remercier.	9009898	Jullie zouden hem moeten bedanken.
2764186	Ça me semble juste.	9009900	Dat lijkt me eerlijk.
2806037	Essaye de te contrôler.	9009901	Probeer jezelf te beheersen.
2808058	Ce sont des romans.	9009902	Het zijn romans.
2808085	Il est huit heures.	9009903	Het is acht uur.
3087120	Il voit le bureau.	9009914	Hij ziet het kantoor.
3102614	Comme elles skient mal !	9009915	Wat skiën ze toch slecht!
3117537	Loiseau est une caricature.	9009917	Loiseau is een karikatuur.
3117638	Ils mangeaient au restaurant.	9009920	Ze aten op restaurant.
3117646	Lantier ne travaille pas.	9009921	Lantier werkt niet.
3128243	Ton livre est ici.	9009922	Je boek is hier.
3138120	Il écrit un livre.	9009923	Hij schrijft een boek.
3138121	Elle écrit un livre.	9009924	Zij schrijft een boek.
3235701	Je vais au sauna.	9009925	Ik ga naar de sauna.
3256313	Demain, il fera chaud.	9009926	Morgen wordt het heet.
3256315	Demain, il fera froid.	9009927	Morgen wordt het koud.
3256317	Demain, il fera beau.	9009928	Morgen zal het mooi weer zijn.
3256329	Nous avons une réservation.	9009929	We hebben een reservering.
3258162	Jetez-moi la balle.	9009931	Gooi de bal naar me toe.
3258701	Son enfance était dure.	9009932	Hij had een moeilijke jeugd.
3258701	Son enfance était dure.	9009933	Zij had een moeilijke jeugd.
3259103	Descends du train immédiatement.	9009935	Stap onmiddellijk uit de trein.
3259445	Allons à la montagne !	9009937	Laten we naar de bergen gaan!
3259547	Nous allons visiter Versailles.	9009938	We gaan Versailles bezoeken.
3259947	Qui va conduire ?	9009939	Wie gaat er rijden?
3260073	Mon verre est sale.	9009940	Mijn glas is vuil.
3272134	Ils doivent être remplacés.	9009941	Ze moeten worden vervangen.
3272184	Elles se sont calmées.	9009942	Ze zijn rustig geworden.
3272264	Ces chaises sont prises.	9009943	Deze stoelen zijn bezet.
3307122	Alain prit une décision.	9009945	Alain nam een beslissing.
3411210	J'approuve ton plan.	9009946	Ik keur je plan goed.
3420386	Gardez toujours la foi.	9009948	Blijf geloven.
3489114	Vous me mentez maintenant.	9009949	U liegt nu tegen me.
3489114	Vous me mentez maintenant.	9009950	Jullie liegen nu tegen me.
3489168	Leanne vit à Leicester.	9009951	Leanne woont in Leicester.
3493615	Ils ont attrapé Tom.	9009952	Ze hebben Tom gepakt.
3494140	Elle joue au Monopoly.	9009953	Ze speelt Monopoly.
3568651	Vous aviez accepté cela.	9009954	Daar ging u mee akkoord.
3568651	Vous aviez accepté cela.	9009955	Daar gingen jullie mee akkoord.
3578396	C'est un journal.	9009958	Het is een dagboek.
3578396	C'est un journal.	9009960	Het is een krant.
3604342	Ils habitent à Belfast.	9009961	Ze wonen in Belfast.
3604354	Tu aurais dû arrêter.	9009962	Je had moeten stoppen.
3604363	Vous auriez dû arrêter.	9009963	U had moeten stoppen.
3604363	Vous auriez dû arrêter.	9009964	Jullie hadden moeten stoppen.
3604371	Ils peuvent tous conduire.	9009965	Ze kunnen allemaal rijden.
4852416	Oui, ça me va.	9009966	Ja, ik vind het prima.
4852470	Tom est très fainéant.	9009968	Tom is erg lui.
4853574	Tout dépend de Tom.	9009970	Het hangt allemaal af van Tom.
4873812	Voici une femme admirable.	9009972	Dit is een geweldige vrouw.
4873813	Voilà une femme admirable.	9009973	Dat is een geweldige vrouw.
8312928	La forêt est hostile.	9009974	Het bos is vijandelijk.
8312929	La télévision est éteinte.	9009975	De televisie staat uit.
8312937	Cette peluche est verte.	9009977	Deze teddy is groen.
8312943	Ça tombe assez mal.	9009978	Het is al erg genoeg.
8312943	Ça tombe assez mal.	9009980	Het komt nogal ongelegen.
8312945	Lavez-vous les mains.	9009981	Was uw handen.
8312945	Lavez-vous les mains.	9009982	Was jullie handen.
8312948	Ce plat est délicieux.	9009984	Dit gerecht is heerlijk.
8312951	Cette assiette est fissurée.	9009985	Dit bord is gebarsten.
8312955	La cuillère est tordue.	9009987	De lepel is gebogen.
8312959	Barcelone est en Catalogne.	9009988	Barcelona ligt in Catalonië.
8312994	Le plafond est fragile.	9009989	Het plafond is breekbaar.
8312998	L'ampoule est grillée.	9009991	De gloeilamp is doorgebrand.
8313003	Le réveil est débranché.	9009994	De wekker is ontkoppeld.
8313004	Ton oreiller est sale.	9009995	Je kussen is vies.
8313007	Le socle semble fragile.	9009996	De basis lijkt kwetsbaar.
8313026	Les grêlons sont énormes.	9009997	De hagelstenen zijn enorm.
8313040	La vitre est opaque.	9009998	Het glas is ondoorzichtig.
8313072	Le sachet est troué.	9009999	Er zit een gat in de zak.
8313080	La guerre fait rage.	9010000	De oorlog woedt.
8313083	La Lune m'éblouit.	9010001	De maan verblindt me.
8313096	Ce verre est vide.	9010002	Dit glas is leeg.
8313108	Cet arbre est imposant.	9010003	Deze boom is indrukwekkend.
8313133	Ton cahier est rempli.	9010004	Je notitieboekje zit vol.
8313183	La poubelle est pleine.	9010005	De vuilnisbak is vol.
8313184	La poubelle est vide.	9010006	De vuilnisbak is leeg.
8313191	Tes données resteront confidentielles.	9010007	Je gegevens blijven vertrouwelijk.
8313205	La bataille semblait perdue.	9010008	De strijd leek verloren.
8313206	Les soldats sont affamés.	9010009	De soldaten zijn uitgehongerd.
8313207	Les soldats sont épuisés.	9010010	De soldaten zijn uitgeput.
8313213	Mettez-vous en rang !	9010011	In de rij!
8313213	Mettez-vous en rang !	9010012	Ga in de rij staan!
8313215	La violence est inutile.	9010013	Geweld is nutteloos.
8313945	Cette traduction est incorrecte.	9010014	Deze vertaling is onjuist.
8313946	Cette traduction est correcte.	9010015	Deze vertaling is juist.
8313993	Ce film est affligeant !	9010016	Deze film is verschrikkelijk!
8314984	Les joueurs s'affrontent.	9010017	De spelers vechten tegen elkaar.
8314984	Les joueurs s'affrontent.	9010018	De spelers wedijveren met elkaar.
8315028	Est-ce stable ?	9010019	Is het stabiel?
8315068	La vitre est bloquée.	9010020	Het glas zit vast.
8315085	Ton casque est fissuré.	9010021	Je helm is gebarsten.
8315106	Trop, c’est trop !	9010022	Nu is het genoeg geweest!
8315114	Mettez-vous d'accord.	9010023	Kom tot een beslissing.
8315141	Allons faire la fête.	9010024	Laten we gaan feesten.
8315165	Ton micro est éteint.	9010025	Je microfoon staat uit.
8315181	Pensez à vos enfants !	9010026	Denk aan uw kinderen!
8315181	Pensez à vos enfants !	9010027	Denk aan jullie kinderen!
8315195	La gourde est pleine.	9010031	De veldfles is vol.
8315196	La gourde est vide.	9010032	De veldfles is leeg.
8315201	La surprise est entière.	9010037	De verrassing is compleet.
8315211	Ton frère est mécontent.	9013566	Je broer is ontevreden.
8315220	Ma voiture est calcinée.	9013568	Mijn auto is afgebrand.
8315276	Cet homme est ouzbek.	9013569	Deze man is Oezbeeks.
8315567	La rue est bondée.	9013570	De straat is druk bezet.
8315579	La vue est imprenable !	9013571	Het uitzicht is adembenemend!
8315627	Les lampadaires sont allumés.	9013572	De straatlantaarns staan aan.
8315634	Les rues sont bondées.	9013573	De straten zijn druk bezet.
8315641	Le poteau est tordu.	9013574	De paal is gebogen.
8315646	Le jean est troué.	9013576	Er zit een gat in de spijkerbroek.
8315658	Les vagues sont impressionnantes.	9013577	De golven zijn indrukwekkend.
8635061	Il fait des abdominaux.	9013610	Hij doet sit-ups.
8635051	La nouvelle est assourdissante.	9013672	Het nieuws is oorverdovend.
8635047	L'enfant est abandonnique.	9013680	Het kind heeft verlatingsangst.
8635047	L'enfant est abandonnique.	9013707	Het kind is bang om verlaten te worden.
8635250	Ton raisonnement est abscons.	9014151	Je redenering is onduidelijk.
8635240	Ce travail est abrutissant.	9014152	Dit werk is saai.
8635240	Ce travail est abrutissant.	9014153	Dit werk is afstompend.
8635234	Il veut l'abroger.	9014154	Hij wil het intrekken.
8635233	Ils abrogent cette loi.	9014155	Ze trekken die wet in.
8635228	J'adore les oranges !	9014156	Ik hou van sinaasappels!
8635188	Cette plante est aborigène.	9014157	Deze plant is inheems.
8635175	J'abomine l'hypocrisie.	9014158	Ik verafschuw schijnheiligheid.
8635169	Ça coûte abominablement cher !	9014159	Het is verschrikkelijk duur!
8635081	Tes cartes sont abîmées.	9014160	Je kaarten zijn beschadigd.
8635079	Ces objets sont abîmés.	9014161	Deze objecten zijn beschadigd.
8635066	Il fait des tractions.	9014162	Hij doet pull-ups.
8635065	Il fait des pompes.	9014163	Hij doet push-ups.
8635063	Il muscle ses quadriceps.	9014164	Hij versterkt zijn quadriceps.
8635063	Il muscle ses quadriceps.	9014165	Hij versterkt zijn dijspieren.
8635044	Il actionne la manivelle.	9014171	Hij zwengelt aan het handvat.
8635044	Il actionne la manivelle.	9014176	Hij draait aan de slinger.
8635033	Ces draps sont ajourés.	9014198	Deze lakens zijn opengewerkt.
8635031	Il porte le cercueil.	9014199	Hij draagt de kist.
8635030	Il soulève le malade.	9014200	Hij tilt de patiënt op.
8635027	Cette chaleur nous alanguit.	9014203	Deze hitte maakt ons landerig.
8633517	Les hôpitaux sont submergés.	9014204	De ziekenhuizen zijn overweldigd.
8633515	Attention à la vague !	9014205	Kijk uit voor de golf!
8633430	Donne-lui des nouvelles !	9014206	Geef hem wat nieuws!
8633415	Je l'ai dételé.	9014208	Ik heb het losgekoppeld.
8633414	Je dételle les chevaux.	9014209	Ik maak de paarden los.
8633412	Il détela la remorque.	9014213	Hij ontkoppelde de aanhanger.
8633411	Il dételle la remorque.	9014215	Hij ontkoppelt de aanhanger.
8633404	C'est un régal !	9014216	Het is heerlijk!
8633390	Ils sont bien élevés.	9014217	Ze zijn welgemanierd.
8633387	Cet acteur est excellent.	9014218	Deze acteur is uitstekend.
8633229	Tout va s'écrouler.	9014220	Het gaat allemaal uit elkaar vallen.
8633224	Cet insecte est riquiqui.	9014224	Dat insect is zeer klein.
8633152	Il se sent mal.	9014225	Hij voelt zich slecht.
8632971	Il peinait à avancer.	9014226	Hij had moeite om verder te gaan.
8329361	Passe par la gauche !	9014227	Ga door aan de linkerkant!
8329360	Passe par la droite !	9014228	Ga door aan de rechterkant!
8329355	Je les ai localisés.	9014229	Ik heb ze gelokaliseerd.
8329353	Je l'ai localisé.	9014230	Ik heb hem gelokaliseerd.
8329353	Je l'ai localisé.	9014232	Ik heb haar gelokaliseerd.
8329337	Tu regretteras ton geste.	9014233	Je zult er spijt van krijgen.
8329335	Vous regretterez votre geste.	9014234	U zult er spijt van krijgen.
8329335	Vous regretterez votre geste.	9014235	Jullie zullen er spijt van krijgen.
8329318	C'est vraiment impressionnant !	9014236	Dat is echt indrukwekkend!
8329316	C'est vraiment petit !	9014237	Het is echt klein!
8329315	C'est vraiment grand !	9014238	Het is echt groot!
8329314	C'est vraiment beau !	9014239	Het is echt mooi!
8329303	Vous êtes faible psychologiquement.	9014241	U bent geestelijk zwak.
8329302	Vous êtes très fort.	9014242	U bent erg sterk.
8329300	Mes doigts sont gelés.	9014243	Mijn vingers zijn bevroren.
8329296	Cette musique est sympathique.	9014244	Deze muziek is leuk.
8329255	Traquez-le sans relâche !	9014245	Jaag hem constant op!
8329236	Bonne nuit les enfants !	9014246	Welterusten, kinderen!
8328556	La réalité est différente.	9014247	De werkelijkheid is anders.
8328548	Ta réponse était fausse.	9014248	Je antwoord was fout.
8328547	Votre réponse était fausse.	9014249	Uw antwoord was fout.
8328547	Votre réponse était fausse.	9014250	Jullie antwoord was fout.
8328501	Ils recherchent des bénévoles.	9014251	Ze zoeken naar vrijwilligers.
8328489	Ton frigo est ouvert.	9014252	Je koelkast staat open.
8328468	Ce chemin est gadoueux.	9014253	Dit pad is modderig.
8326712	Tes freins sont desserrés.	9014254	Je remmen zijn los.
8324151	Le radiateur est cassé.	9014255	De radiator is kapot.
8324145	Les murs sont peints.	9014256	De muren zijn geschilderd.
8324138	Les plombs ont sauté.	9014257	De zekeringen zijn gesprongen.
8324133	Les câbles sont détendus.	9014258	De kabels zijn slap.
8324115	Il renforce sa notoriété.	9014259	Hij versterkt zijn beruchtheid.
8324115	Il renforce sa notoriété.	9014260	Het versterkt zijn bekendheid.
8324115	Il renforce sa notoriété.	9014261	Het versterkt haar bekendheid.
8324100	Nous nous ennuyons ici.	9014262	We vervelen ons hier.
8324099	Le chemin était verglacé.	9014263	De weg was ijzig.
8324098	Le sol est verglacé.	9014264	De grond is ijzig.
8324098	Le sol est verglacé.	9014265	De bodem is ijzig.
8324094	Je recommence la partie.	9014266	Ik begin het spel opnieuw.
8323521	Les piles sont usées.	9014267	De batterijen zijn leeg.
8323521	Les piles sont usées.	9014268	De accu's zijn dood.
8323521	Les piles sont usées.	9014269	De batterijen zijn dood.
8323509	Le chargeur est vide.	9014270	De lader is leeg.
8323500	Le panorama est grandiose.	9014271	Het panorama is grandioos.
8323500	Le panorama est grandiose.	9014272	Het uitzicht is grandioos.
8323148	Rejoignons-nous au restaurant.	9014273	Laten we afspreken in het restaurant.
8323143	Cette musique est entraînante.	9014276	Deze muziek is aanstekelijk.
8323143	Cette musique est entraînante.	9014280	Deze muziek is meeslepend.
8322294	Vous avez été banni.	9014281	U bent verbannen.
8322293	Tu as été banni.	9014283	Je bent verbannen.
8322292	J'ai été banni.	9014284	Ik ben verbannen.
8321888	Le serpent est agressif.	9014285	De slang is agressief.
8319450	Cela vient d'Espagne.	9014286	Het komt uit Spanje.
8319450	Cela vient d'Espagne.	9014288	Het is van Spanje.
8319130	Oh, t'es Français !	9014289	Oh, je bent Fransman!
8318363	Cesse ton anti-jeu !	9014296	Stop met je spelbederf!
8318356	Tu vas vite comprendre.	9014297	Je zult het snel begrijpen.
8318356	Tu vas vite comprendre.	9014298	Je zal het snel begrijpen.
8318349	Tu es casse-pied !	9014299	Je bent een lastpak!
8318349	Tu es casse-pied !	9014301	Je bent een lastpost!
8318330	Tu es en tort.	9014303	Je bent in overtreding.
8318330	Tu es en tort.	9014304	Je bent in de fout.
8318305	Les spectateurs s'impatientent.	9014306	De toeschouwers worden ongeduldig.
8318305	Les spectateurs s'impatientent.	9014307	Het publiek wordt ongeduldig.
8318305	Les spectateurs s'impatientent.	9014308	De kijkers worden ongeduldig.
8318300	L'attente est interminable.	9014310	Het wachten is eindeloos.
8318300	L'attente est interminable.	9014311	Het wachten is oneindig lang.
8317366	Le tuyau est bouché.	9014312	De pijp is verstopt.
8317366	Le tuyau est bouché.	9014313	De buis is verstopt.
8317366	Le tuyau est bouché.	9014315	De pijp zit verstopt.
8317364	Mon arrosoir est fendu.	9014316	Mijn gieter is gebarsten.
8317364	Mon arrosoir est fendu.	9014318	Mijn gieter is gescheurd.
8317362	Ces congères sont impressionnantes !	9014324	Deze sneeuwduinen zijn indrukwekkend!
8317323	Nous avons trois enfants.	9014326	We hebben drie kinderen.
8317323	Nous avons trois enfants.	9014327	Wij hebben drie kinderen.
8317312	C'est un armistice.	9014328	Het is een wapenstilstand.
8317310	Ce sont nos alliés.	9014329	Ze zijn onze bondgenoten.
8317310	Ce sont nos alliés.	9014330	Het zijn onze bondgenoten.
8317285	Quel beau défilé militaire !	9014331	Wat een mooie militaire parade!
8317251	Il plante des fruits.	9014332	Hij plant fruit.
8317251	Il plante des fruits.	9014333	Hij is fruit aan het planten.
8317249	Il plante des choux.	9014334	Hij plant kool.
8317249	Il plante des choux.	9014335	Hij is kool aan het planten.
8317245	Il en met partout !	9014337	Hij smeert alles onder!
8317245	Il en met partout !	9014338	Hij maakt er een rommeltje van!
8317229	Cette dictée est compliquée.	9014343	Dit dictee is ingewikkeld.
8316937	Le travail est fini.	9014344	De klus is geklaard.
8316937	Le travail est fini.	9014347	Het werk is klaar.
8316937	Le travail est fini.	9014348	Het werk zit erop.
8315978	J'apprécie ce chanteur.	9014352	Ik vind deze zanger leuk.
8315978	J'apprécie ce chanteur.	9014354	Ik mag deze zanger wel.
8315976	J'aime cette musique.	9014355	Ik hou van deze muziek.
8315976	J'aime cette musique.	9014356	Ik vind deze muziek geweldig.
8315974	Ce chant est magnifique.	9014361	Deze zang is prachtig.
8315974	Ce chant est magnifique.	9014362	Dit lied is prachtig.
8315905	Tu es mal garé.	9014364	Je bent slecht geparkeerd.
8315905	Tu es mal garé.	9014368	Je staat slecht geparkeerd.
8315902	Ne soyez pas effrayés !	9014369	Wees niet bang!
8637673	Les touristes sont exigeants.	9014383	Toeristen zijn veeleisend.
8637673	Les touristes sont exigeants.	9014385	De toeristen zijn veeleisend.
8637653	Il le leur révèle.	9014387	Hij vertelt het hen.
8637653	Il le leur révèle.	9014389	Hij vertelt het ze.
8637640	Je parlerai de cela.	9014391	Daar zal ik het over hebben.
8637640	Je parlerai de cela.	9014395	Ik zal het daarover hebben.
8637640	Je parlerai de cela.	9014396	Daar zal ik over praten.
8637637	Elle corrige ses erreurs.	9014397	Ze corrigeert haar fouten.
8637637	Elle corrige ses erreurs.	9014398	Ze verbetert haar fouten.
8637630	Nous profitons des vacances.	9014399	We genieten van de vakantie.
8637630	Nous profitons des vacances.	9014401	Wij genieten van de vakantie.
8637630	Nous profitons des vacances.	9014402	We genieten van de feestdagen.
8637629	Il parle de lui.	9014403	Hij heeft het over zichzelf.
8637629	Il parle de lui.	9014404	Hij praat over zichzelf.
8637629	Il parle de lui.	9014405	Hij praat over hem.
8637629	Il parle de lui.	9014406	Hij heeft het over hem.
8637637	Elle corrige ses erreurs.	9014407	Zij verbetert haar fouten.
8637637	Elle corrige ses erreurs.	9014408	Zij corrigeert haar fouten.
8637630	Nous profitons des vacances.	9014409	Wij genieten van de feestdagen.
8315024	C'est instable.	9022055	Het is onstabiel.
8315024	C'est instable.	9022057	Het is instabiel.
8315022	C'est stable.	9022058	Het is stabiel.
8312927	Tu es suivi.	9022059	Je wordt gevolgd.
8312927	Tu es suivi.	9022061	Jij wordt gevolgd.
8312904	Éteignez votre téléphone.	9022062	Zet uw telefoon uit.
8312904	Éteignez votre téléphone.	9022063	Schakel uw telefoon uit.
4884711	Vous devez commencer.	9022064	U moet beginnen.
4884711	Vous devez commencer.	9022065	Jullie moeten beginnen.
4884691	Nous les avons.	9022066	We hebben ze.
4884691	Nous les avons.	9022067	Wij hebben ze.
4883898	Je le voudrais.	9022069	Ik zou het willen.
4883345	Allez, bouge-toi.	9022070	Kom, schiet op.
4883345	Allez, bouge-toi.	9022071	Kom, vooruit.
4883345	Allez, bouge-toi.	9022072	Komaan, opschieten.
4874677	Je te couvre.	9022074	Ik dek je.
4873907	Vous êtes répugnante.	9022075	U bent walgelijk.
4873907	Vous êtes répugnante.	9022076	U bent smerig.
4852834	Nous serons sauvés.	9022077	We zullen gered worden.
4852834	Nous serons sauvés.	9022078	We worden gered.
4852834	Nous serons sauvés.	9022079	Wij zullen gered worden.
4852834	Nous serons sauvés.	9022080	We zullen worden gered.
3112015	Vous voulez parler.	9022081	U wilt praten.
3112015	Vous voulez parler.	9022082	U wilt iets zeggen.
3112014	Tu veux parler.	9022083	Je wilt praten.
3112014	Tu veux parler.	9022084	Jij wilt praten.
3112014	Tu veux parler.	9022085	Je wil praten.
2860385	Ça coûte 20€.	9022086	Het kost 20 euro.
2860385	Ça coûte 20€.	9022087	Dat kost 20 euro.
2842179	Toutes sont étrangères.	9022088	Ze zijn allemaal buitenlands.
2837067	Faites les devoirs !	9022090	Doe het huiswerk!
2837067	Faites les devoirs !	9022092	Maak het huiswerk!
2809703	Tom vous attend.	9022093	Tom wacht op u.
2719851	Je serai honnête.	9022094	Ik zal eerlijk zijn.
2719334	Je parle azéri.	9022097	Ik spreek Azerbeidzjaans.
2708527	Attendez six heures.	9022098	Wacht zes uur.
2621415	Je veux rêver.	9022099	Ik wil dromen.
2609193	Tom est intolérant.	9022101	Tom is onverdraagzaam.
2609193	Tom est intolérant.	9022102	Tom is intolerant.
2587893	Je dois écrire.	9022104	Ik moet schrijven.
2190980	Tom est violent.	9022107	Tom is gewelddadig.
2190350	Changez la cible.	9022108	Verander het doel.
2190350	Changez la cible.	9022110	Verander het doelwit.
2190350	Changez la cible.	9022112	Wijzig het doel.
2190350	Changez la cible.	9022113	Wijzig het doelwit.
2108419	Tom est important.	9022115	Tom is belangrijk.
2083824	Elle nage bien.	9022126	Ze is een goede zwemster.
2083824	Elle nage bien.	9022127	Ze kan goed zwemmen.
2083824	Elle nage bien.	9022128	Ze zwemt goed.
1993850	Trouvez les homophones.	9022130	Zoek de homofonen.
1892496	Tout est normal.	9022132	Alles is normaal.
1858014	Il veut divorcer.	9022133	Hij wil een echtscheiding.
1858014	Il veut divorcer.	9022134	Hij wil scheiden.
1609629	Commençons notre semaine.	9022136	Laten we onze week beginnen.
1578329	Elle est puissante.	9022137	Ze is machtig.
1578329	Elle est puissante.	9022139	Ze is krachtig.
1578329	Elle est puissante.	9022140	Zij is machtig.
1514239	Les prix croissent.	9022231	De prijzen gaan omhoog.
1430508	Restons en contact.	9022232	Laten we contact houden.
1430508	Restons en contact.	9022234	Laten we in contact blijven.
1389536	Il est écrivain.	9022236	Hij is schrijver.
1254547	Demain on part.	9022237	Morgen vertrekken we.
1254547	Demain on part.	9022238	Morgen gaan we weg.
1226049	Je veux voyager.	9022239	Ik wil reizen.
1158336	Regardez la forêt !	9022240	Kijk naar het bos!
1158336	Regardez la forêt !	9022241	Kijk naar het woud!
1098934	Il est Ramudu.	9022242	Hij is Ramudu.
1090050	Je souhaiterais partir.	9022243	Ik wil graag weg.
1090050	Je souhaiterais partir.	9022244	Ik wil graag vertrekken.
1090050	Je souhaiterais partir.	9022245	Ik wil graag weggaan.
1090050	Je souhaiterais partir.	9022246	Ik zou graag willen vertrekken.
1085837	Ceci est indispensable.	9022247	Dit is onontbeerlijk.
1085837	Ceci est indispensable.	9022248	Dit is onmisbaar.
1084924	Le spectacle commence.	9022249	De show begint.
1084924	Le spectacle commence.	9022250	De voorstelling begint.
1084018	Ça roule bien.	9022253	Het gaat goed.
1084018	Ça roule bien.	9022254	Het loopt goed.
1084018	Ça roule bien.	9022255	Het rijdt goed.
1084018	Ça roule bien.	9022256	Het rijdt lekker.
1082270	Venez chez nous.	9022258	Kom naar ons huis.
1082270	Venez chez nous.	9022259	Kom bij ons thuis.
1081549	Préparez-en-leur.	9022260	Maak er wat voor ze.
1081549	Préparez-en-leur.	9022276	Maak wat klaar voor ze.
1081549	Préparez-en-leur.	9022277	Maak wat klaar voor hen.
135589	Allons en voyage.	9022290	Laten we een reisje maken.
135589	Allons en voyage.	9022291	Laten we een reis maken.
133929	Elle tient parole.	9022313	Ze houdt haar woord.
133929	Elle tient parole.	9022314	Ze houdt zich aan haar woord.
133929	Elle tient parole.	9022315	Zij houdt haar woord.
132858	Il était essoufflé.	9022316	Hij was buiten adem.
131309	Il jouait Hamlet.	9022317	Hij speelde Hamlet.
129439	Attrape le bas.	9022319	Pak de bodem.
129439	Attrape le bas.	9022320	Pak de onderkant.
128113	Rassemble tes affaires.	9022321	Pak je spullen.
128113	Rassemble tes affaires.	9022322	Haal je spullen bij elkaar.
128096	Je joue prudemment.	9022325	Ik speel op veilig.
128096	Je joue prudemment.	9022326	Ik speel het veilig.
128096	Je joue prudemment.	9022327	Ik speel op safe.
15388	Il parle bien.	9022329	Hij praat goed.
14797	J'aimerais dessiner.	9022330	Ik zou graag willen tekenen.
14797	J'aimerais dessiner.	9022331	Ik zou graag tekenen.
13847	Je crois Ken.	9022333	Ik geloof Ken.
8957790	Concentrez-vous !	9022334	Concentreer u!
8957790	Concentrez-vous !	9022335	Concentreren!
8951290	Dévouez-vous !	9022336	Wees toegewijd!
8950811	Soyons calme !	9022337	Laten we kalm zijn!
8950811	Soyons calme !	9022338	Laten we rustig blijven!
8950810	Soyons courtois !	9022340	Laten we hoffelijk zijn!
8950810	Soyons courtois !	9022341	Laten we beleefd zijn!
8949676	Hydrate-toi !	9022346	Drink voldoende!
8949676	Hydrate-toi !	9022348	Blijf gehydrateerd!
8941534	Allons marcher !	9022350	Laten we een wandeling maken!
8940954	Vous chipotez.	9022352	U doet moeilijk.
8940954	Vous chipotez.	9022353	Jullie doen moeilijk.
8940954	Vous chipotez.	9022355	U prutst.
8940954	Vous chipotez.	9022356	Jullie prutsen.
8940771	Écoutons-le !	9022360	Laten we ernaar luisteren!
8940771	Écoutons-le !	9022362	Laten we naar hem luisteren!
8940700	Quel ahuri !	9022365	Wat een sulletje!
8940699	Quel incapable !	9022367	Wat een onbekwame!
8940699	Quel incapable !	9022375	Wat een lummel!
8940700	Quel ahuri !	9022378	Wat een sul!
8940699	Quel incapable !	9022390	Wat een druiloor!
8938768	Sois méfiant !	9022392	Wees achterdochtig!
8938767	Soyez méfiant !	9022394	Wees argwanend!
8938766	Reste méfiant !	9022395	Blijf achterdochtig!
8938766	Reste méfiant !	9022396	Blijf wantrouwig!
8938538	Rendez-lui !	9022400	Geef hem terug!
8938461	Revenons-y !	9022409	Laten we daarop teruggaan!
8938461	Revenons-y !	9022410	Laten we daar teruggaan!
8900404	Désignons-la !	9022413	Laten we haar nomineren!
8900404	Désignons-la !	9022415	Laten we haar benoemen!
8900403	Désignons-le !	9022416	Laten we hem benoemen!
8900403	Désignons-le !	9022417	Laten we hem nomineren!
8900317	Quelle vanne !	9022418	Wat een grapje!
8900316	Débattez respectueusement.	9022419	Debatteer met respect.
8900316	Débattez respectueusement.	9022421	Debatteer op een respectvolle manier.
8900148	Exhérédez-le !	9022422	Onterf hem!
8900026	Interdisez-le !	9022423	Verbied het!
8900024	Interdisons-le !	9022424	Laten we het verwerpen!
8899988	Karchérise ça !	9022426	Maak de boel schoon!
8899988	Karchérise ça !	9022430	Veeg de Augiasstal schoon!
8899988	Karchérise ça !	9022433	Hak er met de grove bijl in!
8660251	Elle est petite.	9022768	Ze is klein.
8660251	Elle est petite.	9022769	Zij is klein.
8660250	Il est petit.	9022770	Hij is klein.
8660248	C'est petit.	9022772	Het is klein.
8660102	Ils reviennent demain.	9022774	Ze komen morgen terug.
8660027	Ils sont amoureux.	9022775	Ze zijn verliefd.
8660025	Il est amoureux.	9022776	Hij is verliefd.
8659982	Elle est traumatisée.	9022777	Ze is getraumatiseerd.
8659982	Elle est traumatisée.	9022779	Zij is getraumatiseerd.
8659981	Il est traumatisé.	9022780	Hij is getraumatiseerd.
8659941	Il agit instinctivement.	9022782	Hij handelt instinctief.
8659941	Il agit instinctivement.	9022783	Hij doet het instinctief.
8658617	Lis la consigne !	9022785	Lees de instructies!
8658617	Lis la consigne !	9022787	Lees het reglement!
8656174	Elle est découragée.	9022788	Ze is ontmoedigd.
8656174	Elle est découragée.	9022789	Zij is ontmoedigd.
8656173	Il est découragé.	9022791	Hij is ontmoedigd.
8656137	Va l'aider !	9022792	Ga hem helpen!
8656137	Va l'aider !	9022793	Ga haar helpen!
8655913	Oui, vas-y !	9022795	Ja, ga!
8655899	C'est terminé !	9022796	Het is voorbij!
8655899	C'est terminé !	9022797	Het is afgelopen!
8654428	Achetons quelque chose !	9022798	Laten we iets kopen!
8654428	Achetons quelque chose !	9022800	Laten we iets gaan kopen!
8654428	Achetons quelque chose !	9022801	Laten we wat kopen!
8654090	Donnes-en lui !	9022805	Geef hem wat!
8654090	Donnes-en lui !	9022806	Geef haar wat!
8646463	Les ennuis recommencent.	9022808	De problemen zijn weer aan de orde.
8646463	Les ennuis recommencent.	9022809	De problemen zijn er weer.
8645843	Je passerai après.	9022811	Ik kom later wel langs.
8645843	Je passerai après.	9022812	Ik kom later nog langs.
8645776	Approfondissez votre raisonnement !	9022813	Ga dieper in op uw redenering!
8645776	Approfondissez votre raisonnement !	9022814	Ga dieper in op je redenering!
8645769	Elle s'apprête.	9022830	Ze maakt zich klaar.
8645769	Elle s'apprête.	9022831	Ze is zich aan het klaarmaken.
8645769	Elle s'apprête.	9022832	Zij is zich aan het klaarmaken.
8645755	Il s'apprête.	9022834	Hij is zich aan het klaarmaken.
8645722	Les spectateurs applaudissent.	9022836	Het publiek applaudisseert.
8645722	Les spectateurs applaudissent.	9022837	Het publiek juicht toe.
8644256	Regarde moi ça.	9022838	Kijk eens aan.
8644236	Il buvait beaucoup !	9022839	Hij dronk veel!
8644220	Ça va barder !	9022842	Er gaat wat zwaaien!
8644220	Ça va barder !	9022846	Jullie zitten in de nesten!
8644220	Ça va barder !	9022847	Je zit in de nesten!
8644220	Ça va barder !	9022848	Jij zit in de nesten!
8644220	Ça va barder !	9022851	Wij zitten in de nesten!
8644220	Ça va barder !	9022852	We zitten in de nesten!
8644220	Ça va barder !	9022853	Ze zitten in de nesten!
8644220	Ça va barder !	9022854	Zij zitten in de nesten!
8644220	Ça va barder !	9022855	Hij zit in de nesten!
8644220	Ça va barder !	9022856	Zij zit in de nesten!
8644220	Ça va barder !	9022857	Ze zit in de nesten!
8644220	Ça va barder !	9022858	Ik zit in de nesten!
8639727	Nos sociétés sont américanisées.	9031514	Onze samenlevingen zijn geamerikaniseerd.
8639727	Nos sociétés sont américanisées.	9031515	Onze samenlevingen zijn veramerikaanst.
8639751	Ce pull t'amincit.	9031516	Deze trui maakt je dunner.
8639751	Ce pull t'amincit.	9031518	Deze sweater maakt je dunner.
8639750	Elle amidonne les napperons.	9031533	Ze stijft de onderzetters.
8639756	Il est devenu amnésique.	9031535	Hij heeft geheugenverlies.
8639766	Cet écrivain est amoral.	9031536	Deze schrijver is amoreel.
8639768	La bombe est amorcée.	9031549	De bom staat op scherp.
8639769	Il amorce son hameçon.	9031561	Hij doet aas aan zijn haak.
8639777	Cette amphore est magnifique.	9031563	Deze amfora is prachtig.
8639780	Ce sera amplement suffisant.	9031567	Dat zal meer dan genoeg zijn.
8639813	C'est un analphabète.	9031568	Hij is analfabeet.
8639813	C'est un analphabète.	9031569	Hij is ongeletterd.
8639846	Mes ancêtres sont normands.	9031570	Mijn voorouders komen uit Normandië.
8639866	J'adore l'andouillette !	9031579	Ik hou van andouillettes!
8639866	J'adore l'andouillette !	9031580	Ik ben gek op andouillettes!
8639884	C'est un ange !	9031584	Ze is een engel!
8639884	C'est un ange !	9031585	Zij is een engel!
8639884	C'est un ange !	9031586	Hij is een engel!
8639905	Ces rocheux sont anguleux.	9031587	Deze rotsen zijn hoekig.
8639905	Ces rocheux sont anguleux.	9031588	Deze rotsen zijn hoekvormig.
8639909	L'animal est agressif.	9031589	Het dier is agressief.
8639909	L'animal est agressif.	9031590	Het beest is agressief.
8639911	L'animal est acculé.	9031591	Het dier is in het nauw gedreven.
8639919	La rue est animée.	9031592	De straat is druk.
8639919	La rue est animée.	9031593	Het is druk op straat.
8639923	Il réplique avec animosité.	9031594	Hij reageert met vijandigheid.
8639923	Il réplique avec animosité.	9031596	Hij reageert met animositeit.
8640062	Ses espoirs furent annihilés.	9031597	Zijn hoop werd de bodem ingeslagen.
8640062	Ses espoirs furent annihilés.	9031599	Zijn hoop werd verbrijzeld.
8640067	C'est mon anniversaire !	9031600	Het is mijn verjaardag!
8640067	C'est mon anniversaire !	9031602	Ik ben jarig!
8640084	Tes annotations sont illisibles.	9031604	Je aantekeningen zijn onleesbaar.
8640084	Tes annotations sont illisibles.	9031606	Je notities zijn onleesbaar.
8640114	L'antenne est débranchée.	9031607	De antenne is losgekoppeld.
8640114	L'antenne est débranchée.	9031608	De antenne is ontkoppeld.
8640127	Allume tes phares antibrouillard !	9031609	Doe je mistlichten aan!
8640127	Allume tes phares antibrouillard !	9031611	Zet je mistlichten aan!
8640127	Allume tes phares antibrouillard !	9031612	Doe je mistlampen aan!
8640128	Mettez un casque antibruit !	9031624	Zet een geluiddempende helm op!
8640164	C'est un antipape.	9031625	Het is een tegenpaus.
8640164	C'est un antipape.	9031627	Hij is een tegenpaus.
8640188	Elle tomba malade soudainement.	9031628	Ze werd plotseling ziek.
8640188	Elle tomba malade soudainement.	9031629	Ze werd ineens ziek.
8640188	Elle tomba malade soudainement.	9031630	Ze werd opeens ziek.
8640189	Le narrateur paraît ému.	9031633	De verteller lijkt ontroerd.
8640193	La réunion était longue.	9031635	Het was een lange vergadering.
8640193	La réunion était longue.	9031636	De vergadering duurde lang.
8640194	Nous sommes rentrés épuisés.	9031637	We kwamen uitgeput thuis.
8640194	Nous sommes rentrés épuisés.	9031638	We zijn uitgeput thuisgekomen.
8640194	Nous sommes rentrés épuisés.	9031639	We kwamen moe thuis.
8640207	Elle se sent oppressée.	9031640	Ze voelt zich onderdrukt.
8640207	Elle se sent oppressée.	9031641	Zij voelt zich onderdrukt.
8640210	Il reste planté là.	9031643	Hij staat daar gewoon.
8640210	Il reste planté là.	9031644	Hij staat daar maar.
8640210	Il reste planté là.	9031645	Hij staat er gewoon.
8640210	Il reste planté là.	9031648	Hij staat daar maar wat.
8640219	Le printemps approche enfin !	9031649	De lente komt eindelijk!
8640219	Le printemps approche enfin !	9031650	Het voorjaar komt eindelijk!
8640222	Il doit rester poli !	9031651	Hij moet beleefd zijn!
8640222	Il doit rester poli !	9031652	Hij moet beleefd blijven!
8640355	Il console sa mère.	9031653	Hij troost zijn moeder.
8640357	Elle console son père.	9031654	Ze troost haar vader.
8640357	Elle console son père.	9031655	Zij troost haar vader.
8640382	Ce plat est indigeste.	9031656	Dit gerecht is onverteerbaar.
8640382	Ce plat est indigeste.	9031657	Deze schotel is onverteerbaar.
8640418	Ses paroles sont apaisantes.	9031659	Zijn woorden zijn rustgevend.
8640419	Cette mélodie est apaisante.	9031660	Die melodie is rustgevend.
8640419	Cette mélodie est apaisante.	9031661	Die melodie is kalmerend.
8640419	Cette mélodie est apaisante.	9031662	Dat melodietje is rustgevend.
8640420	Elle s'est apaisée.	9031663	Ze is gekalmeerd.
8640420	Elle s'est apaisée.	9031664	Ze is rustig geworden.
8640426	Il est devenu apatride.	9031665	Hij is staatloos geworden.
8640436	L'animal est apeuré.	9031666	Het dier is bang.
8640436	L'animal est apeuré.	9031667	Het beest is bang.
8640840	Ces textes sont apocryphes.	9031668	Deze teksten zijn apocrief.
8640859	C'est un apostat.	9031669	Hij is een afvallige.
8640859	C'est un apostat.	9031671	Hij is een apostaat.
8640866	Il apostrophe les passants.	9031682	Hij valt de voorbijgangers lastig.
8640866	Il apostrophe les passants.	9031683	Hij valt de passanten lastig.
8640893	Cet appareil semble défectueux.	9031685	Dit apparaat lijkt defect te zijn.
8640893	Cet appareil semble défectueux.	9031686	Dit apparaat lijkt defect.
8640906	La mélodie est entraînante.	9031688	De melodie is pakkend.
8640906	La mélodie est entraînante.	9031694	De melodie is meeslepend.
8641123	Il en sera ainsi.	9031695	Het zal zo zijn.
8641123	Il en sera ainsi.	9031696	Dat zal het zijn.
8641123	Il en sera ainsi.	9031698	Dat zal zo zijn.
8641123	Il en sera ainsi.	9031700	Zo zal het zijn.
8641191	Ce terrain m'appartient.	9031701	Ik ben eigenaar van dit land.
8641191	Ce terrain m'appartient.	9031703	Ik bezit dit land.
8641191	Ce terrain m'appartient.	9031704	Dit land is van mij.
8641202	Cet appel est gratuit.	9031705	Dit gesprek is gratis.
8641202	Cet appel est gratuit.	9031706	Deze oproep is gratis.
8641202	Cet appel est gratuit.	9031707	Dit telefoontje is gratis.
8641245	Les chiffres sont faux.	9031710	De cijfers zijn verkeerd.
8641245	Les chiffres sont faux.	9031711	De cijfers zijn fout.
8641245	Les chiffres sont faux.	9031712	De nummers zijn verkeerd.
8641246	Les chiffres sont faussés.	9031725	De cijfers zijn vervalst.
8641245	Les chiffres sont faux.	9031726	De telling klopt niet.
8641246	Les chiffres sont faussés.	9031729	De getallen zijn vertekend.
8641247	Peux-tu résumer ?	9031730	Kun je het samenvatten?
8641247	Peux-tu résumer ?	9031731	Kan je het samenvatten?
8641255	On se revoit demain.	9031733	Ik zie jullie morgen.
8641273	La conférence va démarrer.	9031736	De conferentie staat op het punt te beginnen.
8641279	La progression est fulgurante.	9031737	De vooruitgang is verbluffend.
8641279	La progression est fulgurante.	9031738	De progressie is verbluffend.
8641279	La progression est fulgurante.	9031739	De voortgang is verbluffend.
8641296	La commande est expédiée.	9031742	De bestelling wordt verzonden.
8641296	La commande est expédiée.	9031743	De bestelling wordt verstuurd.
8641296	La commande est expédiée.	9031744	De bestelling is verzonden.
8641296	La commande est expédiée.	9031745	De order wordt verzonden.
8641300	Le facteur passe bientôt.	9031746	De postbode komt binnenkort.
8641300	Le facteur passe bientôt.	9031747	De postbode komt straks.
8641305	Les fruits sont pourris.	9031749	Het fruit is verrot.
8641305	Les fruits sont pourris.	9031750	De vruchten zijn verrot.
8641305	Les fruits sont pourris.	9031751	De vruchten zijn rot.
8641307	On peut l'applaudir !	9031754	Laten we hem een applaus geven!
8641307	On peut l'applaudir !	9031771	Een applausje voor hem!
8641309	Il mérite nos applaudissements.	9031773	Hij verdient ons applaus.
8641327	Présentez-nous votre projet !	9031774	Vertel ons over uw project!
8641327	Présentez-nous votre projet !	9031776	Laat ons uw project zien!
8642604	Ce sont ses affaires.	9031777	Dat zijn zijn zaken.
8642604	Ce sont ses affaires.	9031783	Dat zijn haar zaken.
8642605	Ces affaires lui appartiennent.	9031785	Dit spul is van hem.
8642605	Ces affaires lui appartiennent.	9031787	Deze zaken zijn van hem.
8642770	Il est très sage.	9031789	Hij is erg verstandig.
8642770	Il est très sage.	9031790	Hij is heel verstandig.
8642770	Il est très sage.	9031791	Hij is heel wijs.
8642770	Il est très sage.	9031792	Hij is erg wijs.
8642770	Il est très sage.	9031793	Hij is zeer braaf.
8642770	Il est très sage.	9031795	Hij is heel braaf.
8642810	Lisez attentivement ce texte !	9031804	Lees deze tekst zorgvuldig!
8642810	Lisez attentivement ce texte !	9031805	Lees deze tekst goed door!
8642810	Lisez attentivement ce texte !	9031806	Lees deze tekst aandachtig!
8642856	Il est en Écosse.	9031807	Hij is in Schotland.
8642856	Il est en Écosse.	9031809	Hij zit in Schotland.
8642899	C'est le roi.	9031810	Hij is de koning.
8642919	Elle est à Paris.	9031811	Ze is in Parijs.
8642919	Elle est à Paris.	9031812	Zij is in Parijs.
8642919	Elle est à Paris.	9031813	Ze zit in Parijs.
8642919	Elle est à Paris.	9031814	Zij zit in Parijs.
8642930	Ma vie m'ennuye.	9031816	Mijn leven verveelt me.
8642975	Il interroge le roi.	9031821	Hij ondervraagt de koning.
8642979	Il finit le roman.	9031825	Hij maakt de roman af.
8642979	Il finit le roman.	9031826	Hij maakt het boek af.
8642985	La forêt est petite.	9031827	Het bos is klein.
8642985	La forêt est petite.	9031828	Het woud is klein.
8643026	Il chasse les sangliers.	9031829	Hij jaagt op zwijnen.
8643026	Il chasse les sangliers.	9031831	Hij jaagt op everzwijnen.
8643385	Le roi est cruel.	9031832	De koning is wreed.
8643517	C'est assez problématique.	9031833	Het is nogal problematisch.
8643517	C'est assez problématique.	9031834	Dat is nogal problematisch.
8643517	C'est assez problématique.	9031836	Het is vrij problematisch.
8643517	C'est assez problématique.	9031838	Het is nogal een probleem.
8643561	Les rues sont calmes.	9031840	De straten zijn rustig.
8643561	Les rues sont calmes.	9031841	De straten zijn stil.
8643603	Vous paraissez toujours mécontente.	9031845	U lijkt nog steeds ongelukkig.
8643603	Vous paraissez toujours mécontente.	9031846	U lijkt altijd ongelukkig te zijn.
8643609	La réponse parut évidente.	9031848	Het antwoord leek duidelijk.
8643615	Les élèves sont fatigués.	9031849	De leerlingen zijn moe.
8643624	Ils sont tous ébahis.	9031850	Ze zijn allemaal verbaasd.
8643624	Ils sont tous ébahis.	9031851	Ze staan allemaal versteld.
8643660	C'est quasiment identique.	9031852	Het is bijna identiek.
8643660	C'est quasiment identique.	9031853	Het is vrijwel identiek.
8643687	Les piles sont déchargées.	9031854	De accu's zijn leeg.
8643687	Les piles sont déchargées.	9031855	De batterijen zijn op.
8643734	Montrez-moi vos poches.	9031856	Laat me uw zakken zien.
8643734	Montrez-moi vos poches.	9031857	Laat me jullie zakken zien.
8643734	Montrez-moi vos poches.	9031859	Toon me jullie zakken.
8643734	Montrez-moi vos poches.	9031860	Toon me uw zakken.
8643746	Je t'appellerai vendredi.	9031861	Ik bel je vrijdag.
8643746	Je t'appellerai vendredi.	9031863	Ik zal je vrijdag bellen.
8643758	Nous l'aimons beaucoup.	9031864	We houden erg veel van hem.
8643758	Nous l'aimons beaucoup.	9031865	We houden heel veel van hem.
8643758	Nous l'aimons beaucoup.	9031866	We houden veel van hem.
8643758	Nous l'aimons beaucoup.	9031867	Wij houden erg veel van hem.
8643758	Nous l'aimons beaucoup.	9031868	Wij houden veel van hem.
8643758	Nous l'aimons beaucoup.	9031869	Wij houden heel veel van hem.
8643815	Partageons ce dernier bout !	9031871	Laten we dat laatste stukje delen!
8644021	Vivement qu'il pleuve.	9031872	Ik kan niet wachten op de regen.
8644021	Vivement qu'il pleuve.	9031875	Laat 't regenen.
8644021	Vivement qu'il pleuve.	9031876	Laat het regenen.
8644053	Il fait des bêtises !	9031880	Hij doet stomme dingen!
8644053	Il fait des bêtises !	9031881	Hij doet domme dingen!
8662965	Nous devrions nous reposer.	9031885	We zouden moeten rusten.
8662961	Remets tout en ordre !	9031886	Zet alles weer op een rijtje!
8662961	Remets tout en ordre !	9031887	Zet alles terug op orde!
8662961	Remets tout en ordre !	9031888	Zet alles weer op orde!
8662936	Je regrette ma décision.	9031894	Ik betreur mijn beslissing.
8662936	Je regrette ma décision.	9031896	Ik heb spijt van mijn besluit.
8662936	Je regrette ma décision.	9031897	Ik betreur mijn besluit.
8662935	Je regrette mon choix.	9031899	Ik heb spijt van mijn keuze.
8662935	Je regrette mon choix.	9031900	Ik betreur mijn keuze.
8662559	Viens chez nous lundi.	9031901	Kom maandag bij ons thuis.
8662366	Votre décoration est magnifique.	9031903	Uw decoratie is prachtig.
8662366	Votre décoration est magnifique.	9031904	Uw versiering is prachtig.
8661130	C'est vraiment bon !	9031905	Het is echt goed!
8661130	C'est vraiment bon !	9031906	Dat is echt goed!
8661083	Il rouspète sans arrêt.	9031907	Hij is altijd aan het zeuren.
8661083	Il rouspète sans arrêt.	9031908	Hij is altijd aan het klagen.
8661081	Elle rouspète sans arrêt.	9031909	Zij is altijd aan het klagen.
8661081	Elle rouspète sans arrêt.	9031910	Ze is altijd aan het klagen.
8661081	Elle rouspète sans arrêt.	9031911	Zij is altijd aan het zeuren.
8661081	Elle rouspète sans arrêt.	9031912	Ze is altijd aan het zeuren.
8661055	Elle devrait se calmer.	9031914	Ze zou zich moeten kalmeren.
8661055	Elle devrait se calmer.	9031915	Zij zou zich moeten kalmeren.
8661055	Elle devrait se calmer.	9031990	Ze zou zich moeten beheersen.
8661055	Elle devrait se calmer.	9031992	Zij zou zich moeten beheersen.
8661054	Elle doit se calmer.	9031993	Ze moet kalm worden.
8661054	Elle doit se calmer.	9031995	Zij moet kalm worden.
8661053	Il doit se calmer.	9031996	Hij moet kalm worden.
8661054	Elle doit se calmer.	9031997	Ze moet zich beheersen.
8661054	Elle doit se calmer.	9031998	Zij moet zich beheersen.
8661053	Il doit se calmer.	9031999	Hij moet zich beheersen.
8661009	Il pleut beaucoup ici.	9032000	Het regent hier veel.
8660996	Elle a encore perdu.	9032001	Ze heeft weer verloren.
8660996	Elle a encore perdu.	9032002	Zij heeft weer verloren.
8660995	Il a encore perdu.	9032003	Hij heeft weer verloren.
8660994	J'ai encore perdu.	9032004	Ik heb weer verloren.
8660989	Il est présumé coupable.	9032005	Hij wordt verondersteld schuldig te zijn.
8660989	Il est présumé coupable.	9032006	Hij wordt schuldig geacht.
8695801	Il fait doux.	9032136	Het weer is mild.
8695801	Il fait doux.	9032138	Het weer is zacht.
8695802	Il fait clair.	9032139	Het is helder.
8695802	Il fait clair.	9032140	Het weer is helder.
8695932	Aère ta chambre !	9032141	Lucht je kamer uit!
8695935	Aérez votre chambre !	9032142	Lucht uw kamer uit!
8696016	Aboule l'argent !	9032149	Hier met de poen!
8668186	Ses muscles sont tétanisés.	9038792	Zijn spieren hebben het opgegeven.
8664288	J'aime la Thaïlande.	9038793	Ik hou van Thailand.
8664286	J'adore la Thaïlande.	9038794	Ik ben gek op Thailand.
8664286	J'adore la Thaïlande.	9038795	Ik ben dol op Thailand.
8664243	Je suis assez payé.	9038797	Ik word genoeg betaald.
8664243	Je suis assez payé.	9038799	Ik krijg voldoende geld.
8664025	Ils vont vous exécuter.	9038800	Ze gaan u executeren.
8664025	Ils vont vous exécuter.	9038801	Ze gaan jullie executeren.
8663875	Ils vont mieux désormais.	9038803	Ze zijn nu beter.
8663875	Ils vont mieux désormais.	9038805	Het gaat nu beter met hen.
8663875	Ils vont mieux désormais.	9038806	Het gaat nu beter met ze.
8663824	Ce travail paie mal.	9038807	Deze baan betaalt niet goed.
8663824	Ce travail paie mal.	9038808	Deze job betaalt niet goed.
8663824	Ce travail paie mal.	9038809	Dit werk betaalt niet goed.
8663823	Ce travail paie bien.	9038811	Deze job betaalt goed.
8663823	Ce travail paie bien.	9038812	Dit werk betaalt goed.
8663823	Ce travail paie bien.	9038813	Deze baan betaalt goed.
8663798	Il se sont tus.	9038814	Ze zijn stil geworden.
8663798	Il se sont tus.	9038815	Ze zijn zwijgzaam geworden.
8663796	Elle ne parle pas.	9038816	Ze praat niet.
8663796	Elle ne parle pas.	9038817	Zij praat niet.
8663796	Elle ne parle pas.	9038818	Ze spreekt niet.
8663795	Il ne parle pas.	9038819	Hij praat niet.
8663796	Elle ne parle pas.	9038820	Zij spreekt niet.
8663795	Il ne parle pas.	9038821	Hij spreekt niet.
8663794	Je ne parle pas.	9038822	Ik spreek niet.
8663794	Je ne parle pas.	9038823	Ik praat niet.
8663793	Je ne parle plus.	9038824	Ik praat niet meer.
8663793	Je ne parle plus.	9038825	Ik spreek niet meer.
8663792	Nous ne parlons plus.	9038826	We praten niet meer.
8663792	Nous ne parlons plus.	9038827	Wij praten niet meer.
8663792	Nous ne parlons plus.	9038828	We spreken niet meer.
8663792	Nous ne parlons plus.	9038829	Wij spreken niet meer.
8663780	Elle était la première.	9038830	Zij was de eerste.
8663780	Elle était la première.	9038831	Ze was de eerste.
8663779	Elle était la dernière.	9038832	Zij was de laatste.
8663779	Elle était la dernière.	9038833	Ze was de laatste.
8663778	Il était le premier.	9038834	Hij was de eerste.
8663777	Il était le dernier.	9038835	Hij was de laatste.
8663114	Il est gravement blessé.	9038836	Hij is zwaargewond.
8663114	Il est gravement blessé.	9038837	Hij is ernstig gewond.
8663113	Elle est gravement blessée.	9038838	Zij is zwaargewond.
8663113	Elle est gravement blessée.	9038839	Ze is zwaargewond.
8663113	Elle est gravement blessée.	9038840	Zij is ernstig gewond.
8663113	Elle est gravement blessée.	9038841	Ze is ernstig gewond.
8663110	Il visite le zoo.	9038843	Hij gaat naar de dierentuin.
8663110	Il visite le zoo.	9038845	Hij bezoekt de dierentuin.
8663053	Elle s'est éclipsée.	9038846	Ze is weggeglipt.
8663053	Elle s'est éclipsée.	9038847	Zij is weggeglipt.
8663052	Il s'est éclipsé.	9038849	Hij is weggeglipt.
8663053	Elle s'est éclipsée.	9038850	Ze is ervandoor gevlogen.
8663053	Elle s'est éclipsée.	9038852	Zij is ervandoor gevlogen.
8663052	Il s'est éclipsé.	9038853	Hij is ervandoor gevlogen.
8663004	Elle semble vouloir réussir.	9038856	Ze lijkt voor de overwinning te willen gaan.
8663004	Elle semble vouloir réussir.	9038857	Zij lijkt voor de overwinning te willen gaan.
8663003	Il semble vouloir réussir.	9038858	Hij lijkt voor de overwinning te willen gaan.
8663004	Elle semble vouloir réussir.	9038859	Ze lijkt te willen slagen.
8663004	Elle semble vouloir réussir.	9038860	Zij lijkt te willen slagen.
8663003	Il semble vouloir réussir.	9038861	Hij lijkt te willen slagen.
8663000	Il prétend tout connaître.	9038862	Hij doet alsof hij alles weet.
8662966	Vous devriez vous reposer.	9038863	U zou wat moeten rusten.
8662966	Vous devriez vous reposer.	9038864	Jullie zouden wat moeten rusten.
8660964	Nous les aimons tous.	9038865	We houden allemaal van ze.
8660964	Nous les aimons tous.	9038866	We houden allemaal van hen.
8660964	Nous les aimons tous.	9038867	We houden van hen allemaal.
8660964	Nous les aimons tous.	9038869	We houden van ze allemaal.
8660964	Nous les aimons tous.	9038871	Wij houden van ze allemaal.
8660964	Nous les aimons tous.	9038872	Wij houden van hen allemaal.
8673090	Cette libellule est magnifique.	9038875	Deze libel is prachtig.
8673088	Le volet est ouvert.	9038878	Het luik is open.
8673088	Le volet est ouvert.	9038879	Het rolluik is open.
8673085	Ses citrouilles sont énormes.	9038880	Zijn pompoenen zijn enorm.
8673085	Ses citrouilles sont énormes.	9038881	Zijn pompoenen zijn reusachtig.
8673060	Les étalages sont vides.	9038882	De kraampjes zijn leeg.
8673060	Les étalages sont vides.	9038885	De kramen zijn leeg.
8673058	Tu ne vois rien.	9038887	Je ziet niets.
8673057	On ne voit rien.	9038888	We kunnen niets zien.
8673057	On ne voit rien.	9038889	Wij kunnen niets zien.
8673053	Je le vois bien.	9038891	Ik zie het goed.
8673044	Tu devrais aller dormir.	9038893	Je zou wat moeten slapen.
8673044	Tu devrais aller dormir.	9038894	Je zou moeten gaan slapen.
8673042	Vous devriez aller dormir.	9038895	U zou wat moeten slapen.
8673042	Vous devriez aller dormir.	9038897	U zou moeten gaan slapen.
8673042	Vous devriez aller dormir.	9038898	Jullie zouden moeten gaan slapen.
8673042	Vous devriez aller dormir.	9038899	Jullie zouden wat moeten slapen.
8673002	Vous viendrez jeudi prochain.	9038904	U komt volgende week donderdag.
8673002	Vous viendrez jeudi prochain.	9038905	Jullie komen volgende week donderdag.
8672995	Nous irons à Deauville.	9038906	We zullen naar Deauville gaan.
8672981	Vous finirez l'exercice.	9038908	U zult de oefening afmaken.
8672981	Vous finirez l'exercice.	9038910	Jullie zullen de oefening afmaken.
8672979	Vous finirez cet exercice.	9038911	Jullie zullen deze oefening afmaken.
8672979	Vous finirez cet exercice.	9038912	U zult deze oefening afmaken.
8672976	Je viendrai plus tard.	9038913	Ik kom later wel.
8672976	Je viendrai plus tard.	9038915	Ik zal later komen.
8672972	Ça passe trop vite !	9038917	Het gaat te snel!
8672972	Ça passe trop vite !	9038918	Het gaat te snel voorbij!
8672966	Ça dure trois heures.	9038920	Het duurt drie uur.
8672966	Ça dure trois heures.	9038921	Dat duurt drie uur.
8672965	Il dure une heure.	9038922	Het duurt een uur.
8672963	Le match dure longtemps.	9038924	Het is een lang spel.
8672963	Le match dure longtemps.	9038925	Het is een lange wedstrijd.
8672963	Le match dure longtemps.	9038929	De match duurt lang.
8672953	Cette baie est magnifique.	9038932	Deze baai is prachtig.
8672941	Ces informations sont vraies.	9038934	Deze informatie is waar.
8672941	Ces informations sont vraies.	9038935	Deze informatie klopt.
8672940	Ces informations sont fausses.	9038938	Deze informatie is onjuist.
8672940	Ces informations sont fausses.	9038941	Deze informatie is vals.
8672936	Merci pour cette information !	9038944	Bedankt voor deze informatie!
8672936	Merci pour cette information !	9038945	Dank u voor deze informatie!
8672935	Merci de l'information !	9038947	Bedankt voor de informatie!
8672935	Merci de l'information !	9038948	Dank u voor de informatie!
8672934	Il va bientôt arriver.	9039002	Hij komt er zo aan.
8672934	Il va bientôt arriver.	9039003	Hij zal hier binnenkort zijn.
8672920	Rapprochez-vous de lui !	9039005	Ga dichter bij hem staan!
8672919	Rapprochez-vous d'elle !	9039007	Ga dichter bij haar staan!
8662966	Vous devriez vous reposer.	9039009	U zou wat rust moeten nemen.
8662966	Vous devriez vous reposer.	9039010	Jullie zouden wat rust moeten nemen.
8645716	Ce plat est appétissant.	9042447	Dit gerecht is lekker.
8645716	Ce plat est appétissant.	9042449	Dit gerecht is appetijtelijk.
8645732	Les plombs ont sauté !	9042450	De zekeringen zijn gesprongen!
8645756	Il apprécie ton aide.	9042451	Hij waardeert jouw hulp.
8645756	Il apprécie ton aide.	9042452	Hij waardeert je hulp.
8645756	Il apprécie ton aide.	9042453	Hij stelt je hulp op prijs.
8645768	Elle apprécie ton aide.	9042454	Zij waardeert je hulp.
8645768	Elle apprécie ton aide.	9042455	Ze waardeert je hulp.
8645768	Elle apprécie ton aide.	9042456	Zij stelt je hulp op prijs.
8645768	Elle apprécie ton aide.	9042457	Ze stelt je hulp op prijs.
8645786	Le fusil est rechargée.	9042458	Het geweer is herladen.
8645786	Le fusil est rechargée.	9042459	Het geweer is opnieuw geladen.
8645787	La carabine est rechargée.	9042461	De karabijn is herladen.
8645851	Il l'a fait.	9042462	Dat heeft hij gedaan.
8645851	Il l'a fait.	9042464	Hij heeft het gedaan.
8645852	Elle l'a fait.	9042465	Zij heeft het gedaan.
8645852	Elle l'a fait.	9042466	Ze heeft het gedaan.
8645852	Elle l'a fait.	9042467	Dat heeft zij gedaan.
8645852	Elle l'a fait.	9042468	Dat heeft ze gedaan.
8645933	Arrête de t'empiffrer !	9042471	Stop met jezelf vol te proppen!
8645933	Arrête de t'empiffrer !	9042473	Hou op met jezelf vol te proppen!
8645936	Arrête de te goinfrer !	9042478	Stop met zwelgen!
8645936	Arrête de te goinfrer !	9042479	Hou op met zwelgen!
8645941	Il est tout beau.	9042481	Hij is beeldschoon.
8645944	Ils sont tout beaux.	9042482	Ze zijn beeldschoon.
8645944	Ils sont tout beaux.	9042484	Zij zijn beeldschoon.
8646545	Quel menteur celui-là !	9042488	Wat een leugenaar is hij toch!
8646582	Apporte ça au paysan.	9042489	Breng dit naar de boer.
8646582	Apporte ça au paysan.	9042490	Neem dit mee naar de boer.
8647598	Reste concentré là-dessus !	9042491	Blijf gefocust op dit!
8647598	Reste concentré là-dessus !	9042493	Blijf hierop gefocust!
8647603	Je devrais aller dormir.	9042494	Ik zou wat moeten slapen.
8648353	Il ne respecte rien.	9042495	Hij respecteert niets.
8648355	Elle ne respecte rien.	9042496	Zij respecteert niets.
8648355	Elle ne respecte rien.	9042498	Ze respecteert niets.
8648360	Les rues sont vides.	9042499	De straten zijn leeg.
8649813	Son aquarium est gigantesque.	9042501	Zijn aquarium is gigantisch.
8649823	Les archives sont indisponibles.	9042502	De archieven zijn niet beschikbaar.
8654027	Tu m'as trouvé !	9042503	Je hebt me gevonden!
8654027	Tu m'as trouvé !	9042504	Je hebt mij gevonden!
8654027	Tu m'as trouvé !	9042505	Jij hebt mij gevonden!
8654027	Tu m'as trouvé !	9042506	Jij hebt me gevonden!
8654069	Regarde sous le meuble !	9042509	Kijk onder de kast!
8654069	Regarde sous le meuble !	9042510	Kijk eens onder de kast!
8654096	Il faut les privilégier.	9042511	We moeten ze voorrang geven.
8654096	Il faut les privilégier.	9042512	Wij moeten ze voorrang geven.
8654096	Il faut les privilégier.	9042513	We moeten hun voorrang geven.
8654096	Il faut les privilégier.	9042514	Wij moeten hun voorrang geven.
8654096	Il faut les privilégier.	9042515	We moeten ze bevoorrechten.
8654096	Il faut les privilégier.	9042517	Wij moeten ze bevoorrechten.
8654096	Il faut les privilégier.	9042518	We moeten hen bevoorrechten.
8654096	Il faut les privilégier.	9042519	Wij moeten hen bevoorrechten.
8654251	Je viendrai te recontrer.	9042521	Ik kom naar je toe.
8654251	Je viendrai te recontrer.	9042522	Ik kom je ontmoeten.
8654251	Je viendrai te recontrer.	9042523	Ik kom je opzoeken.
8654379	Il admire cet écrivain.	9042525	Hij bewondert deze schrijver.
8654381	Elle admire cet écrivain.	9042527	Zij bewondert deze schrijver.
8654381	Elle admire cet écrivain.	9042528	Ze bewondert deze schrijver.
8654388	Il dessine sa maison.	9042529	Hij tekent zijn huis.
8654389	Elle dessine sa maison.	9042530	Zij tekent zijn huis.
8654388	Il dessine sa maison.	9042531	Hij tekent haar huis.
8654389	Elle dessine sa maison.	9042532	Ze tekent zijn huis.
8654389	Elle dessine sa maison.	9042533	Zij tekent haar huis.
8654389	Elle dessine sa maison.	9042534	Ze tekent haar huis.
8654414	Sa blague était hilarante.	9042535	Zijn grap was hilarisch.
8654414	Sa blague était hilarante.	9042536	Haar grap was hilarisch.
8654427	Ne les regarde pas !	9042537	Kijk niet naar hen!
8654427	Ne les regarde pas !	9042538	Kijk niet naar ze!
8654440	Ce jeu est indisponible.	9042539	Dit spel is niet beschikbaar.
8654531	C'est terriblement embêtant.	9042540	Het is vreselijk vervelend.
8655900	C'est presque terminé !	9042541	Het is bijna voorbij!
8655900	C'est presque terminé !	9042542	Het is bijna afgelopen!
8655945	Cet endroit est atypique.	9042543	Deze plek is atypisch.
8655945	Cet endroit est atypique.	9042544	Deze plaats is atypisch.
8656138	Nous allons l'aider.	9042545	We gaan hem helpen.
8656138	Nous allons l'aider.	9042546	Wij gaan hem helpen.
8656138	Nous allons l'aider.	9042547	We zullen hem helpen.
8656138	Nous allons l'aider.	9042548	Wij zullen hem helpen.
8656138	Nous allons l'aider.	9042549	We zullen haar helpen.
8656138	Nous allons l'aider.	9042550	Wij zullen haar helpen.
8656170	Ne te décourage pas !	9042552	Wees niet ontmoedigd!
8656170	Ne te décourage pas !	9042553	Laat je niet ontmoedigen!
8656171	Ne vous découragez pas !	9042554	Laat u niet ontmoedigen!
8658358	Comment l'obtenir ?	9042555	Hoe kom je eraan?
8658358	Comment l'obtenir ?	9042556	Hoe verkrijg je het?
8658375	Donne-moi un conseil !	9042561	Geef me wat advies!
8658375	Donne-moi un conseil !	9042564	Geef me wat raad!
8659985	Il est encore mineur.	9042566	Hij is nog minderjarig.
8659985	Il est encore mineur.	9042569	Hij is nog steeds minderjarig.
8659986	Elle est encore mineur.	9042570	Zij is nog steeds minderjarig.
8659986	Elle est encore mineur.	9042571	Ze is nog steeds minderjarig.
8659986	Elle est encore mineur.	9042572	Zij is nog minderjarig.
8659987	Ils sont encore mineurs.	9042575	Zij zijn nog minderjarig.
8659987	Ils sont encore mineurs.	9042577	Ze zijn nog minderjarig.
8659987	Ils sont encore mineurs.	9042579	Ze zijn nog steeds minderjarig.
8659987	Ils sont encore mineurs.	9042580	Zij zijn nog steeds minderjarig.
8660021	Laissez-le se détendre !	9042581	Laat hem zich ontspannen!
8660101	Quand revenez-vous ?	9042583	Wanneer komt u terug?
8660101	Quand revenez-vous ?	9042584	Wanneer komen jullie terug?
8660111	Il est revenu instantanément.	9042586	Hij is meteen teruggekomen.
8660111	Il est revenu instantanément.	9042587	Hij is onmiddellijk teruggekomen.
8660298	Il apprend le solfège.	9042588	Hij leert muziektheorie.
8660299	Elle apprend le solfège.	9042595	Zij leert muziektheorie.
8660299	Elle apprend le solfège.	9042596	Ze leert muziektheorie.
8660431	Ce sera bientôt prêt.	9042598	Het zal binnenkort klaar zijn.
8660456	Il recommencera probablement demain.	9042600	Hij zal waarschijnlijk morgen hernemen.
8660497	Vous semblez très heureux.	9042602	U lijkt erg gelukkig.
8660497	Vous semblez très heureux.	9042603	Jullie lijken erg gelukkig.
8660510	Il est seul, non?	9042604	Hij is alleen, nietwaar?
8660510	Il est seul, non?	9042605	Hij is alleen, niet?
8660576	Il ronfle chaque nuit.	9042606	Hij snurkt elke nacht.
8660576	Il ronfle chaque nuit.	9042607	Hij snurkt iedere nacht.
8660578	Ses ronflements me réveillent.	9042611	Zijn gesnurk maakt me wakker.
8660578	Ses ronflements me réveillent.	9042612	Haar gesnurk maakt me wakker.
8660668	J'aime tes tableaux.	9042613	Ik hou van je schilderijen.
8660668	J'aime tes tableaux.	9042614	Ik vind je schilderijen mooi.
8660696	Le docteur l'examinera.	9042615	De dokter zal hem onderzoeken.
8660696	Le docteur l'examinera.	9042616	De arts zal hem onderzoeken.
8660705	Il voyage en Russie.	9042617	Hij reist in Rusland.
8660705	Il voyage en Russie.	9042618	Hij is op reis in Rusland.
8660705	Il voyage en Russie.	9042619	Hij reist door Rusland.
8660711	Ça n'aide pas !	9042620	Dat helpt niet!
8660755	Il tourna la page.	9042621	Hij ging verder.
8660755	Il tourna la page.	9042623	Hij draaide de pagina om.
8660768	Votre aide serait appréciée.	9042625	Uw hulp zou op prijs worden gesteld.
8660768	Votre aide serait appréciée.	9042626	Jullie hulp zou op prijs worden gesteld.
8660812	Les nouvelles sont mauvaises.	9042628	Het nieuws is slecht.
8660852	Tu es comme lui.	9042633	Je bent net als hij.
8660852	Tu es comme lui.	9042634	Je bent net zoals hij.
8660854	Tu es comme elle.	9042635	Je bent net zoals zij.
8660854	Tu es comme elle.	9042636	Je bent net als zij.
8660944	J'étais avec elle.	9042638	Ik was bij haar.
8660944	J'étais avec elle.	9042639	Ik was met haar.
8660945	J'étais avec eux.	9042641	Ik was bij hen.
8660945	J'étais avec eux.	9042642	Ik was met hen.
8660961	Il les aimait tous.	9042644	Hij hield van ze allemaal.
8660961	Il les aimait tous.	9042645	Hij hield van hen allemaal.
8660962	Elle les aimait tous.	9042646	Zij hield van ze allemaal.
8660962	Elle les aimait tous.	9042648	Ze hield van ze allemaal.
8660962	Elle les aimait tous.	9042649	Zij hield van hen allemaal.
8660962	Elle les aimait tous.	9042650	Ze hield van hen allemaal.
8673093	Ton parrain est arrivé.	9042652	Je peter is aangekomen.
8673115	Son ordinateur est branché.	9042653	Zijn computer is aangesloten.
8673117	Il faut le brancher.	9042655	We moeten hem aansluiten.
8673117	Il faut le brancher.	9042656	We moeten het aansluiten.
8673126	Sa réaction est inadmissible.	9042657	Zijn reactie is onaanvaardbaar.
8673126	Sa réaction est inadmissible.	9042658	Zijn reactie is onacceptabel.
8673137	Il aime le poivron.	9042659	Hij houdt van paprika's.
8673168	J'adore cet agrume !	9042661	Ik hou van deze citrusvrucht!
8673170	Il faut se motiver.	9042662	Je moet jezelf motiveren.
8673175	Ma cave est inondée.	9042663	Mijn kelder is overstroomd.
8673175	Ma cave est inondée.	9042664	Mijn kelder staat onder water.
8673175	Ma cave est inondée.	9042665	Mijn kelder is ondergelopen.
8673183	Tu dois tout trier.	9042667	Je moet alles sorteren.
8673184	C'est mal trié.	9042668	Het is misplaatst.
8673184	C'est mal trié.	9042669	Het is slecht gesorteerd.
8673188	Il faut le convoquer.	9042670	We moeten hem oproepen.
8673188	Il faut le convoquer.	9042671	We moeten hem dagvaarden.
8673211	Trinquons à sa santé !	9042672	Laten we op hem proosten!
8673211	Trinquons à sa santé !	9042673	Laten we op zijn gezondheid proosten!
8673220	Le yaourt est périmé.	9042674	De yoghurt is over datum.
8673220	Le yaourt est périmé.	9042675	De yoghurt is vervallen.
8673224	Il faut bien articuler.	9042676	Je moet duidelijk spreken.
8673224	Il faut bien articuler.	9042677	Je moet goed articuleren.
8673257	Quelle drôle d'odeur !	9042678	Wat een rare geur!
8673258	L'odeur est pestilentielle.	9042686	De stank is verschrikkelijk.
8673258	L'odeur est pestilentielle.	9042687	De geur is afstotelijk.
8673259	L'odeur est nauséabonde.	9042688	De geur is misselijkmakend.
8673259	L'odeur est nauséabonde.	9042689	De stank is misselijkmakend.
8673321	Les pissenlits sont envahissants.	9042698	Paardenbloemen zijn woekerende planten.
8673814	Je devrais y participer.	9042700	Ik zou eraan moeten meedoen.
8673854	Il bande son arc.	9042706	Hij spant zijn boog.
8673861	Ce reportage est émouvant.	9042709	Dit verslag is ontroerend.
8673861	Ce reportage est émouvant.	9042710	Deze reportage is ontroerend.
8673882	Ne sois pas brutal !	9042712	Doe niet zo grof!
8673882	Ne sois pas brutal !	9042713	Wees niet grof!
8673884	Elle caresse les chevaux.	9042714	Ze aait de paarden.
8673884	Elle caresse les chevaux.	9042715	Zij aait de paarden.
8673885	Il caresse les chevaux.	9042716	Hij aait de paarden.
8673887	Elle caresse son cheval.	9042717	Zij aait haar paard.
8673887	Elle caresse son cheval.	9042719	Ze aait haar paard.
8673887	Elle caresse son cheval.	9042720	Zij aait zijn paard.
8673887	Elle caresse son cheval.	9042721	Ze aait zijn paard.
8673888	Ne soyez pas turbulents !	9042724	Wees niet luidruchtig!
8673888	Ne soyez pas turbulents !	9042730	Doe niet rumoerig!
8674029	Arrêtez de l'embêter !	9042731	Stop met hem lastig te vallen!
8674029	Arrêtez de l'embêter !	9042732	Stop met haar lastig te vallen!
8674105	Essaye de le contourner !	9042733	Probeer eromheen te gaan!
8674105	Essaye de le contourner !	9042734	Probeer het te omzeilen!
7355976	Sois cohérente.	9051361	Wees samenhangend.
7244796	Protège Tom.	9051362	Bescherm Tom.
7166580	Reste objective.	9051363	Blijf objectief.
7166497	Bon choix !	9051364	Goede keuze!
7166421	Élargis-le.	9051365	Verbreed het.
7166410	Agrandis-le.	9051366	Vergroot het.
7166349	Lâchez prise.	9051367	Laat los.
7152191	Tom souffrira.	9051368	Tom zal lijden.
7152183	Tom décidera.	9051369	Tom zal beslissen.
7152174	Tom échouera.	9051370	Tom zal falen.
7152174	Tom échouera.	9051371	Tom zal mislukken.
7152166	Tom travaillera.	9051372	Tom zal werken.
7152163	Taninna pâlit.	9051374	Taninna wordt bleek.
7152163	Taninna pâlit.	9051375	Taninna verbleekt.
7120109	Ils interfèrent.	9051377	Ze bemoeien zich ermee.
7107251	Arrêtez ça.	9051378	Stop ermee.
7107251	Arrêtez ça.	9051379	Stop daarmee.
7106296	Sami jouait.	9051380	Sami speelde.
7102084	Il assure.	9051382	Hij is goed.
7102091	Tom assure.	9051383	Tom is goed.
7044196	Salut, Hanako.	9051384	Hoi, Hanako.
6982689	Elle sortirait.	9051385	Ze zou eruit komen.
6982689	Elle sortirait.	9051386	Ze zou weggaan.
6982689	Elle sortirait.	9051388	Zij zou weggaan.
6982689	Elle sortirait.	9051389	Zij zou eruit komen.
6982688	Il sortirait.	9051390	Hij zou weggaan.
6982688	Il sortirait.	9051391	Hij zou eruit komen.
6844851	Prouvez-le.	9051392	Bewijs dat maar.
6774274	Écris-le.	9051393	Noteer het.
6774266	Bonne continuation !	9051395	Veel geluk!
6392616	Embrasse Sami.	9051396	Kus Sami.
868699	Donnes-en.	9051397	Geef eens wat.
666658	J'échoue.	9051398	Ik faal.
13439	Oh, viens.	9051400	Oh, kom op.
13439	Oh, viens.	9051401	Oh, komaan.
9025587	Promis.	9051403	Dat beloof ik.
9025587	Promis.	9051404	Ik beloof het je.
9025574	Escroc !	9051405	Oplichter!
9025020	Arrêtons.	9051406	Laten we stoppen.
9025013	Simplifie.	9051407	Vereenvoudig.
9024982	Miam !	9051409	Yummy!
9024951	Conduis.	9051410	Rij.
9024951	Conduis.	9051411	Rij maar.
9024951	Conduis.	9051412	Rij gewoon.
9022905	Courrez.	9051414	Rennen.
9022905	Courrez.	9051415	Ren.
8977837	Lentement.	9051417	Langzaam.
8977837	Lentement.	9051418	Langzaamaan.
8690546	Enquêtons.	9051420	Laten we het onderzoeken.
8690546	Enquêtons.	9051421	Laten we onderzoeken.
8690504	Conneries !	9051422	Gelul!
8690495	Essayez.	9051424	Probeer het eens.
8690495	Essayez.	9051425	Probeer maar eens.
8690495	Essayez.	9051427	Probeer het maar.
8690495	Essayez.	9051428	Probeer maar.
8690495	Essayez.	9051429	Probeer eens.
8090736	Déguerpissez.	9051432	Ga weg hier.
8090718	Recommencez !	9051433	Doe het nog eens!
7956673	Mince.	9051435	Verdorie.
7956670	Merde.	9051437	Shit.
7956651	Presque !	9051438	Bijna!
7956606	Téléphonez.	9051439	Bel eens.
7956606	Téléphonez.	9051440	Telefoneer.
7704077	Laisse !	9051444	Laat maar zitten!
7704051	Ciao.	9051445	Ciao.
7477449	Démissionnez !	9051447	Neem ontslag!
7166394	Logique.	9051451	Logisch.
7083576	Réfléchis.	9051452	Denk eens na.
7083572	Réfléchissez.	9051454	Denk na.
8984275	Mennad a pleuré.	9051468	Mennad heeft gehuild.
8984279	Arrêtez d'applaudir.	9051469	Stop met klappen.
8984279	Arrêtez d'applaudir.	9051470	Hou op met klappen.
8984281	Mennad est tombé.	9051471	Mennad is gevallen.
8984282	Mennad a disparu.	9051472	Mennad is verdwenen.
8984282	Mennad a disparu.	9051473	Mennad is vermist.
8984283	Mennad a bu.	9051474	Mennad heeft gedronken.
8984289	Mennad a pété.	9051476	Mennad heeft een scheet gelaten.
8984318	Dansez avec nous.	9051477	Dans met ons.
8984318	Dansez avec nous.	9051478	Dans met ons mee.
8984320	Mennad a travaillé.	9051481	Mennad heeft gewerkt.
8984322	Mennad a prié.	9051482	Mennad heeft gebeden.
8984329	Il a haleté.	9051484	Hij heeft naar adem gesnakt.
8984331	Il a aidé.	9051485	Hij heeft geholpen.
8984332	Il a regardé.	9051486	Hij heeft gekeken.
8984333	Il a gémi.	9051487	Hij heeft gekreund.
8984334	Il a soupiré.	9051488	Hij heeft gezucht.
8984335	Il a bâillé.	9051491	Hij heeft gegeeuwd.
8984339	Il a juré.	9051492	Hij heeft gezworen.
8984343	Il a voté.	9051493	Hij heeft gestemd.
8984346	Faites-lui confiance.	9051494	Vertrouw hem.
8984346	Faites-lui confiance.	9051496	Vertrouw haar.
8984351	Il a salué.	9051501	Hij heeft gegroet.
8984352	Il est tombé.	9051502	Hij is gevallen.
8984359	Il a payé.	9051503	Hij heeft betaald.
8984369	D'accord, boomer.	9051504	Oké, boomer.
8984373	Libérez le Rojava !	9051515	Bevrijd Rojava!
8984374	Libérez le Tibet !	9051516	Bevrijd Tibet!
8984388	Mon pauvre enfant !	9051519	Mijn arm kind!
8984390	Commencez à étudier.	9051520	Begin te studeren.
8984390	Commencez à étudier.	9051521	Begin met studeren.
8984390	Commencez à étudier.	9051522	Ga studeren.
8984397	Tom a deviné.	9051523	Tom heeft het geraden.
8984398	Tom a réagi.	9051524	Tom heeft gereageerd.
8984402	Tom a riposté.	9051525	Tom heeft teruggevochten.
8984420	Priez, tout simplement.	9051526	Bid maar.
8984420	Priez, tout simplement.	9051528	Bidden maar.
8984422	Étudiez le français.	9051529	Studeer Frans.
8984424	Au revoir, maman.	9051530	Dag, mama.
8984424	Au revoir, maman.	9051531	Tot ziens, mama.
8984425	Au revoir, mère.	9051532	Tot ziens, moeder.
8984425	Au revoir, mère.	9051533	Dag, moeder.
8984427	Arrêtez de siffler !	9051534	Stop met fluiten!
8984427	Arrêtez de siffler !	9051535	Hou op met fluiten!
8984431	Pas de regrets.	9051537	Geen spijt.
8984436	Tout a échoué.	9051538	Alles is mislukt.
8984442	J'ai fui.	9051539	Ik ben weggerend.
8984445	Commencez à creuser.	9051540	Begin met graven.
8984445	Commencez à creuser.	9051541	Begin te graven.
8984445	Commencez à creuser.	9051543	Start met graven.
8984448	Tom a témoigné.	9051546	Tom heeft getuigd.
8984449	Tom a tiré.	9051548	Tom heeft geschoten.
8984456	Continuez à jouer.	9051549	Blijf spelen.
8984460	Arrêtez de demander !	9051550	Stop met vragen!
8984460	Arrêtez de demander !	9051551	Hou op met vragen!
8984474	Meurs en souriant.	9051556	Sterf met een glimlach.
8984578	Cela semblait interminable.	9051557	Daar leek geen einde aan te komen.
8984578	Cela semblait interminable.	9051558	Het leek eindeloos.
8984581	C'est identique.	9051560	Het is identiek.
8984585	Il court vite.	9051561	Hij rent snel.
8984585	Il court vite.	9051562	Hij loopt hard.
8984586	Elle court vite.	9051564	Zij loopt hard.
8984586	Elle court vite.	9051565	Zij rent snel.
8984586	Elle court vite.	9051566	Zij loopt snel.
8984586	Elle court vite.	9051567	Ze loopt hard.
8984586	Elle court vite.	9051568	Ze rent snel.
8984586	Elle court vite.	9051569	Ze loopt snel.
8984587	Vous courez vite.	9051570	U bent een snelle loper.
8984587	Vous courez vite.	9051572	Jullie zijn snelle lopers.
8984586	Elle court vite.	9051574	Ze is een snelle loopster.
8984586	Elle court vite.	9051575	Zij is een snelle loopster.
8984585	Il court vite.	9051576	Hij is een snelle loper.
8984587	Vous courez vite.	9051578	U loopt snel.
8984587	Vous courez vite.	9051579	U rent snel.
8984587	Vous courez vite.	9051580	U loopt hard.
8984587	Vous courez vite.	9051581	Jullie lopen snel.
8984587	Vous courez vite.	9051583	Jullie rennen snel.
8984587	Vous courez vite.	9051585	Jullie lopen hard.
8984588	Je suis masseur.	9051587	Ik ben masseur.
8984589	Je suis masseuse.	9051588	Ik ben masseuse.
8984594	Tu es nécessaire.	9051589	Je bent nodig.
8984595	Tu es indispensable.	9051590	Je bent onmisbaar.
8984600	Je suis Mexicain.	9051592	Ik ben Mexicaan.
8984604	Je le sortirai.	9051593	Ik haal het eruit.
8984604	Je le sortirai.	9051594	Ik zal het eruit halen.
9017503	Il a prépayé.	9051598	Hij heeft vooruitbetaald.
9017503	Il a prépayé.	9051602	Hij heeft vooraf betaald.
9017492	Il a remarqué.	9051603	Het is hem opgevallen.
9017492	Il a remarqué.	9051604	Hij heeft het gemerkt.
9017486	Il a décidé.	9051607	Hij heeft een beslissing genomen.
9017486	Il a décidé.	9051608	Hij heeft besloten.
9017471	Il a triché.	9051610	Hij heeft vals gespeeld.
9017470	Il se noya.	9051613	Hij verdronk.
9017466	Il a expiré.	9051615	Het is verlopen.
9017462	Il a exhalé.	9051616	Hij heeft uitgeademd.
9017457	Il a ricané.	9051617	Hij heeft gegiecheld.
9017453	Il se réjouissait.	9051619	Hij was blij.
9017453	Il se réjouissait.	9051621	Hij verheugde zich.
9014432	Je chante bien !	9051622	Ik zing goed!
9014431	Vous êtes fortes.	9051624	Jullie zijn sterk.
9014421	J'étais offensé.	9051626	Ik was beledigd.
8984658	La terre apparut.	9051627	De aarde verscheen.
8984654	Aide-moi là.	9051628	Help me even.
8984654	Aide-moi là.	9051629	Help me hier even.
8984650	Il est mignon.	9051630	Hij is schattig.
8984644	Cela t'intéresse.	9051631	Je bent erin geïnteresseerd.
8984644	Cela t'intéresse.	9051632	Dat interesseert je.
8984641	Allons-y seuls.	9051633	Laten we alleen gaan.
8984640	Abraham a aboyé.	9051635	Abraham heeft geblaft.
8984636	Retirez-moi ça.	9051636	Haal het af.
8984626	Je peux partager.	9051638	Ik kan delen.
8984626	Je peux partager.	9051640	Ik mag delen.
8984620	Il faudrait commencer.	9051641	We zouden moeten beginnen.
8984620	Il faudrait commencer.	9051643	We zouden aan de slag moeten gaan.
8984619	Vous devriez commencer.	9051644	U zou moeten beginnen.
8984619	Vous devriez commencer.	9051646	Jullie zouden moeten beginnen.
8984619	Vous devriez commencer.	9051647	U zou aan de slag moeten gaan.
8984619	Vous devriez commencer.	9051652	Jullie zouden aan de slag moeten gaan.
8984612	Pua a chanté.	9051653	Pua heeft gezongen.
8609217	Tom suit Marie.	9051683	Tom volgt Maria.
8609246	Tom console Marie.	9051684	Tom troost Maria.
8609257	Tom bat Marie.	9051685	Tom verslaat Maria.
8609257	Tom bat Marie.	9051687	Tom slaat Maria.
8609258	Tom dérange Maria.	9051688	Tom stoort Maria.
8609259	Tom ennuie Maria.	9051692	Tom verveelt Maria.
8666749	Tu parles japonais.	9051693	Je spreekt Japans.
8666790	Ne discutez pas.	9051695	Geen discussie.
8666791	Inutile de discuter.	9051696	Het heeft geen zin om te discussiëren.
8666794	Ne regardez pas.	9051697	Niet kijken.
8666794	Ne regardez pas.	9051698	Kijk niet.
8666812	Il est Éthiopien.	9051701	Hij is Ethiopiër.
8666849	Il chantait bien.	9051702	Hij zong goed.
8666850	Elle chantait bien.	9051705	Ze zong goed.
8666850	Elle chantait bien.	9051706	Zij zong goed.
8666851	Je chantais bien.	9051707	Ik zong goed.
8690457	Couvrez-vous bien !	9051710	Bedek uzelf goed!
8690457	Couvrez-vous bien !	9051742	Bedek jezelf goed!
8690512	Passons au vote.	9051743	Laten we het in stemming brengen.
8690512	Passons au vote.	9051744	Laten we erover stemmen.
8690530	Envoyez-les-moi.	9051745	Stuur ze naar mij.
8690530	Envoyez-les-moi.	9051746	Stuur ze naar mij toe.
8690530	Envoyez-les-moi.	9051747	Stuur ze naar me toe.
8690536	Oublions tout cela.	9051748	Laten we het gewoon vergeten.
8690536	Oublions tout cela.	9051749	Laten we het maar vergeten.
8690545	J'ai déjeuné.	9051750	Ik heb geluncht.
8690554	Allons leur demander.	9051751	Laten we het hen gaan vragen.
8690554	Allons leur demander.	9051752	Laten we het hen vragen.
8690561	Ça ira mieux.	9051753	Het zal beter worden.
8690561	Ça ira mieux.	9051754	Het wordt wel beter.
8690561	Ça ira mieux.	9051755	Het zal beter gaan.
8690563	Nous avons déjeuné.	9051756	We hebben geluncht.
8690583	Fais-le passer.	9051757	Geef maar door.
8961005	Tu es moche.	9051758	Je bent lelijk.
8961022	Pose-le, Tom.	9051759	Leg het neer, Tom.
8961022	Pose-le, Tom.	9051760	Zet het neer, Tom.
8961022	Pose-le, Tom.	9051761	Zet hem neer, Tom.
8961066	Quel but magnifique !	9051762	Wat een prachtig doel!
8961066	Quel but magnifique !	9051763	Wat een geweldig doel!
8961072	Nous sommes intrigués.	9051765	We zijn geïntrigeerd.
8961072	Nous sommes intrigués.	9051766	Wij zijn geïntrigeerd.
8977836	Espèce de con.	9051767	Stommeling.
8977866	Il sera occupé.	9051768	Hij zal het druk hebben.
8977866	Il sera occupé.	9051769	Hij zal bezig zijn.
8977874	Tu le trouveras.	9051770	Je zult hem vinden.
8977874	Tu le trouveras.	9051771	Je zal hem vinden.
8977876	Ils peuvent partir.	9051772	Ze kunnen gaan.
8977876	Ils peuvent partir.	9051773	Zij kunnen gaan.
8977876	Ils peuvent partir.	9051774	Zij mogen gaan.
8977882	Vous aurez tort.	9051814	U zult het mis hebben.
8977882	Vous aurez tort.	9051815	U zult het fout hebben.
8977882	Vous aurez tort.	9051816	U zult het verkeerd hebben.
8977882	Vous aurez tort.	9051817	Jullie zullen het mis hebben.
8977882	Vous aurez tort.	9051818	Jullie zullen het fout hebben.
8977882	Vous aurez tort.	9051820	Jullie zullen het verkeerd hebben.
8977897	Elles sont sœurs.	9051821	Het zijn zusters.
8977897	Elles sont sœurs.	9051822	Het zijn zussen.
8977897	Elles sont sœurs.	9051823	Ze zijn zusters.
8977897	Elles sont sœurs.	9051824	Zij zijn zusters.
8977908	Je suis Thaï.	9051825	Ik ben Thai.
8977920	Tu es parfaite.	9051828	Je bent perfect.
8977939	Jette-le simplement.	9051829	Gooi het maar weg.
8977939	Jette-le simplement.	9051830	Gooi maar weg.
8977939	Jette-le simplement.	9051831	Gooi hem maar weg.
8977945	Tu seras célèbre.	9051832	Je zult beroemd zijn.
8977945	Tu seras célèbre.	9051834	Je zal beroemd zijn.
8977947	Vous serez célèbres.	9051838	Jullie zullen beroemd zijn.
8977948	Nous travaillons demain.	9051839	We werken morgen.
8977948	Nous travaillons demain.	9051840	Wij werken morgen.
8977956	Entrons par là.	9051900	Laten we daar naar binnen gaan.
8977957	Tu sembles incertain.	9051901	Je lijkt onzeker.
8977972	Ils sont immatures.	9051904	Ze zijn onvolwassen.
8977972	Ils sont immatures.	9051908	Ze zijn immatuur.
8977972	Ils sont immatures.	9051910	Zij zijn onvolwassen.
8977972	Ils sont immatures.	9051912	Zij zijn immatuur.
7097141	Rincez avec de l'eau tiède.	9086712	Spoel met lauw water.
7097144	Rincer avec de l'eau tiède.	9086714	Met lauw water spoelen.
9085884	Appellez votre fille.	9091088	Bel uw dochter.
9085884	Appellez votre fille.	9091089	Roep uw dochter.
9044061	Je suis veuf.	9091090	Ik ben weduwnaar.
9033557	Il a avoué.	9091091	Hij heeft bekend.
9030080	Faites-vous flatteuse.	9091097	Maak uzelf vleierig.
9085884	Appellez votre fille.	9091099	Bel jullie dochter.
9085884	Appellez votre fille.	9091101	Roep jullie dochter.
9030078	Fais-toi flatteuse.	9091104	Maak jezelf vleierig.
9030046	Silence, mon gars !	9091108	Stilte, makker!
9030040	Bonjour, mon père.	9091110	Hallo, pater.
9030021	« Marocaine ? » « Algérienne. »	9091115	"Marokkaanse?" "Algerijnse."
9030020	« Marocain ? » « Algérien. »	9091118	"Marokkaan?" "Algerijn."
9030019	« Mariée ? » « Divorcée. »	9091120	"Getrouwd?" "Gescheiden."
9030012	Économise l'eau.	9091122	Bespaar water.
9030009	Il est monté.	9091123	Hij is naar boven gegaan.
9030000	Au diable Noël !	9091125	De pot op met Kerstmis!
9029999	J'emmerde Noël !	9091127	Kerstmis kan de pot op!
9025713	La Palestine compte.	9091209	Palestina telt.
9025692	Agis avec intelligence.	9091215	Handel verstandig.
9025688	Taisez-vous, camarades !	9091217	Kop dicht, kameraden!
9025675	Eh bien oui !	9091218	Nou ja!
9025675	Eh bien oui !	9091219	Wel ja!
9025673	Merci de vérifier.	9091222	Gelieve te controleren.
9025658	Pas de réseau.	9091223	Geen signaal.
9025655	Pas le temps !	9091225	Geen tijd!
9025652	Le papier brûle.	9091228	Papier brandt.
9025624	Tom a grimacé.	9091233	Tom heeft gegrijnsd.
9025590	Comptez sur moi.	9091242	Daar zorg ik voor.
9025577	Espèce de charlatan !	9091251	Jij kwakzalver!
9025577	Espèce de charlatan !	9091253	Kwakzalver!
9025572	Espèce d'escroc !	9091254	Jij oplichter!
9025568	C'est effrayant !	9091258	Dat is eng!
9025565	Pas de remboursement.	9091266	Geen terugbetaling.
9025564	Pas de remboursements.	9091267	Geen terugbetalingen.
9025554	Bonne Pessa'h !	9091329	Vrolijk Pesach!
9025549	Doucement, mon grand.	9091344	Rustig aan, knul.
9025541	Elle était volontaire.	9091346	Ze bood zich aan.
9025541	Elle était volontaire.	9091347	Zij bood zich aan.
9025535	Vous avez gagné.	9091349	U heeft gewonnen.
9025197	Elles ont dîné.	9091352	Ze hebben gedineerd.
9025127	Tu sais ?	9091356	Weet je?
9025092	Elles ont gagné !	9091358	Ze hebben gewonnen!
9025092	Elles ont gagné !	9091360	Zij hebben gewonnen!
9025196	Ils ont dîné.	9091362	Zij hebben gedineerd.
9025037	Allons nous préparer.	9091373	Laten we ons klaarmaken.
9025017	Je vais prospérer.	9091400	Ik zal bloeien.
9025005	Fais un résumé.	9091403	Schrijf een samenvatting.
9025002	Elles vont attaquer.	9091405	Ze gaan aanvallen.
9025001	Ils vont attaquer.	9091407	Zij gaan aanvallen.
9025000	Elles vont téléphoner.	9091409	Ze zullen bellen.
9024999	Ils vont téléphoner.	9091410	Zij zullen bellen.
9025000	Elles vont téléphoner.	9091414	Ze gaan bellen.
9025000	Elles vont téléphoner.	9091415	Zij gaan bellen.
9024994	Elles vont venir.	9091421	Ze gaan komen.
9024993	Ils vont venir.	9091422	Zij gaan komen.
9024990	Espèce de sotte !	9091430	Jij bimbo!
9024987	Espèce d'idiote !	9091432	Jij idioot!
9024980	Vous avez abandonné.	9091434	U hebt het opgegeven.
9024980	Vous avez abandonné.	9091435	Jullie hebben het opgegeven.
9024958	Tu as abandonné.	9091436	Je hebt het opgegeven.
9024957	Allô, oui ?	9091437	Hallo, ja?
9024952	Prends les rênes.	9091438	Neem de teugels in handen.
9022935	Contrôlez vos humeurs.	9091441	Beheers je gemoedstoestand.
9022935	Contrôlez vos humeurs.	9091443	Beheers uw gemoedstoestand.
9022935	Contrôlez vos humeurs.	9091444	Beheers jullie gemoedstoestand.
9022910	J'ai souri.	9091447	Ik heb geglimlacht.
9022902	Arrête avec ça !	9091449	Stop daarmee!
9020459	Vite, au secours.	9091452	Snel, help.
9020451	Merci de confirmer.	9091454	Gelieve te bevestigen.
9020442	Danger à venir.	9091457	Gevaar op komst.
9020433	Apprends l'humilité.	9091472	Leer de bescheidenheid.
9020431	Excellent coup roulé.	9091475	Uitstekende putt.
9020422	Restez à distance.	9091477	Hou afstand.
9020402	Ah, peu importe.	9091483	Ach, wat dan ook.
9020384	Bon. Où ?	9091489	Oké. Waar?
9020308	Vainquez la faiblesse.	9091519	Overwin de zwakte.
9020296	Les personnes inventent.	9091532	Mensen zijn uitvinders.
9020295	L'individu invente.	9091536	De mens is een uitvinder.
9020293	Les individus inventent.	9091539	De mensen zijn uitvinders.
9020282	Le mystère domine.	9091555	Er heerst mysterie.
9020273	Venez, mon chéri.	9091561	Kom, lieverd.
9020259	Reste de glace.	9091569	Wees koel.
9085900	Appellez votre fils.	9092061	Bel uw zoon.
9085900	Appellez votre fils.	9092062	Roep uw zoon.
9085916	Appelle ma fille.	9092063	Bel mijn dochter.
9085916	Appelle ma fille.	9092064	Roep mijn dochter.
9085918	Appelle mon fils.	9092065	Bel mijn zoon.
9085918	Appelle mon fils.	9092066	Roep mijn zoon.
13808	Laura devait être malade.	9092069	Laura was ongetwijfeld ziek.
14438	Serrez-lui la main.	9092070	Schud zijn hand.
15051	Londres borde la Tamise.	9092078	Londen grenst aan de Theems.
15670	Elle est totalement désintéressée.	9092081	Ze is totaal onbaatzuchtig.
15670	Elle est totalement désintéressée.	9092082	Zij is totaal onbaatzuchtig.
15671	Elle planifie un voyage.	9092083	Ze plant een reis.
127917	Je lisais un livre.	9092084	Ik las een boek.
128011	J'aime l'histoire.	9092085	Ik vind het een mooi verhaal.
128011	J'aime l'histoire.	9092088	Ik hou van geschiedenis.
128684	L'homme est mortel.	9092089	De mens is sterfelijk.
129127	Comme Taro court vite !	9092090	Wat loopt Taro snel!
129195	Révisons la leçon 5.	9092091	Laten we les 5 nog eens doornemen.
130184	Son égoïsme m'agace.	9092092	Zijn egoïsme irriteert me.
130184	Son égoïsme m'agace.	9092093	Haar egoïsme irriteert me.
131140	Il est bon plongeur.	9092094	Hij is een goede duiker.
131591	Il nia la rumeur.	9092095	Hij ontkende het gerucht.
131719	Il éteignit le feu.	9092096	Hij doofde het vuur.
131812	Il a bonne mémoire.	9092097	Hij heeft een goed geheugen.
132015	Il siffla son chien.	9092098	Hij floot naar zijn hond.
132318	Il révéla mon secret.	9092099	Hij onthulde mijn geheim.
132328	Il appela mon nom.	9092100	Hij noemde mijn naam.
132428	Il lave sa voiture.	9092101	Hij wast zijn auto.
132497	Il répéta sa question.	9092102	Hij herhaalde zijn vraag.
132498	Il est vraiment intelligent.	9092103	Hij is echt slim.
132987	Il surprit son opposant.	9092104	Hij verraste zijn tegenstander.
133757	Ne l'écoute pas.	9092105	Luister niet naar hem.
133757	Ne l'écoute pas.	9092106	Luister niet naar haar.
133792	Son attitude me dégoûte.	9092107	Ik walg van zijn houding.
133792	Son attitude me dégoûte.	9092108	Ik walg van haar houding.
133816	Sa beauté est incomparable.	9092110	Zijn schoonheid is onvergelijkbaar.
133816	Sa beauté est incomparable.	9092111	Haar schoonheid is onvergelijkbaar.
133841	Son nom était inconnu.	9092112	Zijn naam was onbekend.
133841	Son nom était inconnu.	9092113	Haar naam was onbekend.
133869	Elle ramassa une pierre.	9092114	Ze raapte een steen op.
133870	Elle va à Ooita.	9092115	Ze gaat naar Ooita.
133870	Elle va à Ooita.	9092116	Zij gaat naar Ooita.
690631	La conjugaison est amusante.	9092117	Vervoegen is leuk.
728382	Je sors du cinéma.	9092118	Ik kom net uit de bioscoop.
861517	La traduction est impossible.	9092119	De vertaling is onmogelijk.
861622	Il refuse le progrès.	9092120	Hij weigert de vooruitgang.
863046	Je suis la loi !	9092121	Ik ben de wet!
868131	C'est un outrage !	9092122	Dit is een schande!
868703	Il y en a.	9092131	Die zijn er.
887997	Florence ira se promener.	9092133	Florence zal gaan wandelen.
951619	Le lait est désagréable.	9092137	De melk is onsmakelijk.
955503	L'homme est affamé.	9092139	De man is uitgehongerd.
986252	C'est très bas.	9092140	Het is erg laag.
986423	Elle lave sa jupe.	9092146	Ze wast haar rok.
1083018	Il bâillait d'ennui.	9092149	Hij geeuwde van verveling.
1105771	Monica étudie vraiment beaucoup.	9092151	Monica studeert heel hard.
1113984	Poignarde tout le monde.	9092152	Steek iedereen neer.
1124047	Ma vie est complète.	9092153	Mijn leven is compleet.
1495694	Réfléchir avant d'agir.	9092154	Denk na voordat je handelt.
1504740	Je veux du lait.	9092156	Ik wil melk.
1653018	Tu parles boulot ?	9092165	Heb je het over werk?
1653095	Arrêtez de parler boulot !	9092166	Stop met praten over werk!
1662796	Vous méritez un cadeau.	9092167	U verdient een geschenk.
1662796	Vous méritez un cadeau.	9092168	Jullie verdienen een geschenk.
1702177	Mon ordinateur est cher.	9092169	Mijn computer is duur.
1706742	C'est mon bureau.	9092170	Dit is mijn kantoor.
1720390	Elle parle dix langues.	9092171	Ze spreekt tien talen.
1728726	Ce lieu est majestueux.	9092172	Deze plek is majestueus.
1819208	On parle de favisme.	9092176	We hebben het over favisme.
1928363	Je suis une sculpture.	9092177	Ik ben een beeldhouwwerk.
2160070	Où est Damas ?	9092178	Waar is Damascus?
2272181	On considère le colonialisme.	9092179	Kolonialisme wordt overwogen.
2296530	Le plan est important.	9092180	Het plan is belangrijk.
2388356	Je me faisais arrêter.	9092181	Ik werd gearresteerd.
2508101	Est-elle belle ?	9092182	Is ze mooi?
2521149	Où est Nîmes ?	9092184	Waar is Nîmes?
2529680	L'effet était immédiat.	9092185	Het effect was direct.
2604841	Le progrès est inévitable.	9092186	Vooruitgang is onvermijdelijk.
2667574	Je veux te baiser.	9092187	Ik wil je neuken.
2669060	La pendule est arrêtée.	9092188	De klok is stilgevallen.
2681787	Cela coule de source.	9092189	Dit is een kwestie van gezond verstand.
2695270	Je m'appelle Hase.	9092190	Ik heet Hase.
2695297	Mon nom est Jisung.	9092191	Mijn naam is Jisung.
2695316	Mon nom est Dorje.	9092192	Mijn naam is Dorje.
2695317	Je m'appelle Dorje.	9092193	Ik heet Dorje.
2695326	Mon nom est Shu.	9092194	Mijn naam is Shu.
2695327	Je m'appelle Shu.	9092195	Ik heet Shu.
2695345	Mon nom est Kuzey.	9092196	Mijn naam is Kuzey.
2695353	Mon nom est Soundararajan.	9092197	Mijn naam is Soundararajan.
2695363	Mon nom est Dušana.	9092198	Mijn naam is Dušana.
2698067	Je suis moins célèbre.	9092199	Ik ben minder beroemd.
2714046	Merci et bonne nuit !	9092200	Bedankt en goedenacht!
2720265	Il s'asseyait là.	9092201	Hij zette zich daar.
2736483	J'oubliais le livre.	9092203	Ik vergat het boek.
2741824	J'étais en vacances.	9092204	Ik was op vakantie.
2745531	Elle conduit très vite.	9092205	Ze rijdt heel snel.
2745531	Elle conduit très vite.	9092206	Zij rijdt heel snel.
2768644	La société est complexe.	9092207	De maatschappij is complex.
2768662	La profession est complexe.	9092208	Het beroep is complex.
2784398	Je boirai le café.	9092209	Ik zal de koffie opdrinken.
2790060	Melanie mange une pomme.	9092210	Melanie eet een appel.
2797669	Je m'appelle Francesca.	9092211	Ik heet Francesca.
2836790	Il nous a téléphoné.	9092212	Hij heeft ons gebeld.
2836802	Charles parle avec toi.	9092217	Charles praat tegen je.
2837178	Ne me félicitez pas !	9092218	Feliciteer me niet!
2838468	L'inquiétude s'accroît.	9092219	De bezorgdheid neemt toe.
2840862	Je dîne chez elle.	9092220	Ik eet bij haar thuis.
2842037	Ils ont assez bu.	9092221	Ze hebben genoeg gedronken.
2842040	Vous aviez peu réfléchi.	9092226	U had niet veel nagedacht.
2842040	Vous aviez peu réfléchi.	9092227	Jullie hadden niet veel nagedacht.
2842064	Vous êtes mal habillée.	9092228	U bent niet goed gekleed.
3704423	Qui vous a parlé de moi ?	9095398	Wie heeft u over mij verteld?
8666395	On étudie.	9130121	We studeren.
8666395	On étudie.	9130122	Wij studeren.
8665500	Tiens bon.	9130123	Hou vol.
8609256	Tom rappellera.	9130124	Tom zal terugbellen.
8090738	Barrez-vous.	9130127	Maak dat u wegkomt.
7956652	Pas loin !	9130130	Niet ver!
7956624	Vieille ordure !	9130131	Jij oude rotzak!
7956622	Pauvre nigaud !	9130133	Arme dwaas!
7704298	Vérifie-les.	9130134	Controleer ze.
7704298	Vérifie-les.	9130135	Kijk ze na.
7704264	Va apprendre.	9130138	Ga leren.
7704250	Soutiens Tom !	9130142	Steun Tom!
7704248	Encourage Tom !	9130143	Moedig Tom aan!
7704239	Restez cool.	9130157	Blijf koel.
7704212	Choisissez-moi !	9130158	Kies mij!
7704212	Choisissez-moi !	9130159	Kies me!
7704195	Papa travaille.	9130160	Papa werkt.
7704191	Ça marche !	9130161	Het werkt!
7704187	Marie soupire.	9130162	Maria zucht.
7704184	Merci maman !	9130163	Dankjewel, mama!
7704183	Écris clairement !	9130165	Schrijf duidelijk!
7704147	Je crie.	9130168	Ik schreeuw.
7704144	Nous crions.	9130170	We schreeuwen.
7704144	Nous crions.	9130171	Wij schreeuwen.
7704144	Nous crions.	9130173	We gillen.
7704144	Nous crions.	9130174	Wij gillen.
7704141	Tu cries.	9130175	Je schreeuwt.
7704141	Tu cries.	9130176	Jij schreeuwt.
7704137	Tom choisissait.	9130177	Tom was aan het kiezen.
7704137	Tom choisissait.	9130178	Tom koos.
7704107	Sers-toi !	9130179	Help jezelf!
7704104	Batterie faible.	9130180	Lage batterij.
7563196	Produis ça !	9130181	Produceer dit!
7563196	Produis ça !	9130182	Maak dit!
7563194	Crée ça !	9130183	Creëer dit!
7563186	Le Chef !	9130185	De Chef!
7563184	Le patron !	9130186	De baas!
7563048	Je payai.	9130187	Ik betaalde.
7563038	Marie ensorcelle.	9130188	Maria is betoverend.
7562997	Assez menti !	9130189	Genoeg gelogen!
7556358	Alors parle !	9130190	Spreek dan!
7556358	Alors parle !	9130191	Zeg dan iets!
7556265	Avouons-le !	9130192	Laten we eerlijk zijn!
7556265	Avouons-le !	9130197	Laten we het erkennen!
7499356	Allez, debout !	9130198	Kom, sta op!
7499356	Allez, debout !	9130199	Kom, opstaan!
7499356	Allez, debout !	9130200	Komaan, sta op!
7477612	Tom étouffe.	9130202	Tom stikt.
7477583	Ah oui !	9130203	Ah ja!
7477583	Ah oui !	9130204	Ach ja!
7477565	Cookie boit.	9130205	Cookie drinkt.
7477547	Tom chancela.	9130207	Tom wankelde.
7477517	Viens maintenant !	9130208	Kom nu!
7477465	Bon, ciao !	9130211	Nou, ciao!
7477465	Bon, ciao !	9130213	Goed, ciao!
7402339	Je déprime.	9130214	Ik ben depressief.
7397276	Ça aidera.	9130216	Dat zal helpen.
7355994	Soyez francs.	9130217	Wees openhartig.
6774345	Cours vite !	9130219	Loop snel!
9025579	Charlatan !	9130220	Charlatan!
9025579	Charlatan !	9130221	Beunhaas!
7956665	MDR.	9130222	LOL.
7956664	Interroge !	9130223	Ondervraag!
7956605	Appelle.	9130224	Bel.
7704198	Seigneur !	9130225	Goeie God!
7704105	Cordialement !	9130226	Hoogachtend!
7956625	Bouffons !	9130227	Dwazen!
2815017	Je n'ai pas laissé la porte ouverte.	9136676	Ik heb de deur niet opengelaten.
9125222	J'ai cherché partout, mais je n'ai rien trouvé.	9136779	Ik heb overal gekeken maar niets gevonden.
2969239	J'ai lu les journaux.	9178103	Ik las de kranten.
5619270	Lequel de ceux-là est le vôtre ?	9241839	Welke van die daar is de uwe?
3695031	Ce qu'on répète le plus, ce ne sont pas les vérités, mais les mensonges.	9241842	Dat wat men het vaakst herhaalt, zijn geen waarheden maar leugens.
7526261	Je sais que Tom est un arnaqueur.	9241896	Ik weet dat Tom een oplichter is.
1788134	Je restai seul.	9241898	Ik zal alleen blijven.
5248879	Je mangerai mes framboises.	9241899	Ik zal mijn frambozen opeten.
1152155	Mon frère restait souvent debout toute la nuit à lire des romans.	9241903	Mijn broer bleef vaak de hele nacht op om romans te lezen.
1451241	Tom n'a pas de sœur.	9241906	Tom heeft geen zus.
6966002	Où avez-vous acheté ces cerises ?	9241907	Waar heeft u deze kersen gekocht?
778844	Mon patron ne me laisse pas partir plus tôt du travail.	9241909	Mijn baas laat me niet eerder van werk weggaan.
1012913	Il advint que nous nous trouvions dans le même train.	9241914	Het kwam te gebeuren dat we ons in dezelfde trein bevonden.
6154979	J'étais en mesure de résoudre la question ce matin.	9241917	Ik was vanochtend in staat om het vraagstuk op te lossen.
2133159	Vous êtes vaincus. Rendez-vous !	9241921	Jullie zijn verslagen. Geef jullie over!
9087326	Tu prétends pouvoir dompter ce loup féroce !	9241926	Je beweert deze wilde wolf te kunnen temmen!
337910	Il a cherché quelque chose dans le noir.	9241928	Hij zocht ergens naar in het donker.
1964348	J'aime les bandes dessinées.	9241930	Ik houd van stripboeken.
2307715	Il l'a déshabillée des yeux.	9241932	Hij kleedde haar uit met zijn ogen.
8430200	Nous étions en Australie la semaine dernière.	9241934	We waren afgelopen week in Australië.
6318326	As-tu essayé le poulet ?	9241935	Heb je de kip geprobeerd?
864336	Zut ! C'était trop beau pour être vrai.	9241937	Verdraaid! Het was te mooi om waar te zijn.
7355746	J'aime le football.	9241938	Ik houd van voetbal.
3463983	Je ne m'intéresse pas à la politique.	9241941	Ik heb geen interesse in politiek.
5334634	Tu es vraiment quelque chose.	9241944	Je bent me er eentje.
427854	Il y a beaucoup de choses à voir à Paris.	9241945	Er zijn veel dingen te zien in Parijs.
1592697	Par ici il y a habituellement une brise fraîche le soir.	9241951	Er is hier 's avonds gebruikelijk een fris briesje.
2190008	Vous ne devinerez jamais ce qui m'est arrivé aujourd'hui.	9241953	U raadt nooit wat me vandaag is overkomen.
1353807	Il vécut jusqu'à quatre-vingts ans.	9241954	Hij werd tachtig jaar oud.
2025075	Avez-vous un téléphone ?	9241956	Heeft u een telefoon?
8703570	Tom veut rester ici.	9241957	Tom wil hier blijven.
3851653	Si un type arrogant comme toi quittait ce groupe, tout le monde se sentirait mieux.	9241961	Als een arrogant figuur zoals jij de groep zou verlaten dan zou iedereen zich beter voelen.
1170640	Ne prends pas ses paroles pour de saintes écritures !	9241963	Neem zijn woorden niet zomaar voor waarheid aan!
6939972	Vous finirez par comprendre tout ceci.	9241967	U zult dit uiteindelijk helemaal begrijpen.
1073393	J'espère que vous avez passé du bon temps à la fête.	9241970	Ik hoop dat u het naar uw zin heeft gehad op het feest.
1880183	Tu ne veux pas la faire attendre !	9241972	Je wil haar niet laten wachten!
2281428	Il n'y eut pas de survivantes.	9241974	Er waren geen overlevenden.
837716	Je me rendis à l'aéroport à la rencontre de mon père.	9241976	Ik begaf me naar het vliegveld om mijn vader te treffen.
5389568	On ne peut pas travailler sans électricité.	9241978	We kunnen niet werken zonder elektriciteit.
4069578	Ils vont l'étrangler.	9241979	Ze gaan hem wurgen.
6130438	C'est bien ce que tu voulais ?	9241981	Is dit echt wat je wilde?
8191834	L'anneau est en or pur.	9241982	De ring is van puur goud.
2026808	Je veux que la vie soit comme elle était, avant.	9241984	Ik wou dat het leven was zoals vroeger.
7896815	Le traîneau du Père Noël est tiré par huit ou neuf rennes.	9241986	De slee van de kerstman wordt voortgetrokken door acht of negen rendieren.
8473704	Mon amie est belge.	9241990	Mijn vriendin is Belgisch.
1924524	Il ne pouvait résister.	9241995	Hij kon het niet weerstaan.
3625513	Je ne serai plus jamais jeune.	9241997	Ik zal nooit meer jong zijn.
3804171	Je veux rester ici avec toi.	9241999	Ik wil hier blijven met jou.
4704554	Il a rapidement été à nouveau capturé.	9242000	Hij werd snel opnieuw gevangen genomen.
8580151	Ce train est souvent en retard.	9242005	Deze trein is vaak te laat.
7771280	Je voudrais un jus d'orange, s'il vous plaît.	9242007	Ik zou graag sinaasappelsap willen alstublieft.
5297487	Jeanne regarde vos roses.	9242009	Jeanne kijkt naar uw rozen.
992858	Voudriez-vous un autre part de tarte ?	9242012	Zou u nog een stuk taart willen?
2142204	Que faites-vous pour l'arrêter ?	9242014	Wat doet u om hem te stoppen?
3625529	Laissez tomber ! C'est trop risqué.	9242016	Laat gaan! Het is te riskant.
2319596	Elle n'accepterait pas.	9242017	Ze zou het niet accepteren.
8851807	Elle me dégoûte.	9242018	Ik walg van haar.
3259467	Ce professeur est mort l'année dernière.	9242020	Deze professor is vorig jaar overleden.
3558520	Tu es sans doute nouveau dans cette région ?	9242023	Je bent zeker nieuw in deze regio?
5371289	Il n'y avait pas d'autres survivants.	9242025	Er waren geen andere overlevenden.
15091	La plupart des Japonais mangent du riz au moins une fois par jour.	9242028	De meeste Japanners eten ten minste één keer per dag rijst.
1832500	J'espère qu'elle verra cela.	9242029	Ik hoop dat ze dat zal zien.
5284785	Tom cuisait les pommes de terre.	9242032	Tom kookte aardappels.
2851086	Seras-tu à la maison cette nuit ?	9242034	Ben je vannacht in huis?
5294806	Ils regardent leurs belles roses.	9242036	Ze kijken naar hun mooie rozen.
4557510	Je suis plutôt occupée, ce soir.	9242037	Ik heb het nogal druk vanavond.
9062415	Cette vidéo est floue.	9242040	Deze video is wazig.
2392438	Il m'est d'avis que vous devriez le faire.	9242042	Ik ben van mening dat u het zou moeten doen.
5419017	Je m'excuse pour ce qui s'est passé ici.	9242043	Ik bied mijn excuses aan voor wat zich hier heeft voorgedaan.
140183	Ne t'en fais pas. Tout le monde peut se tromper.	9242045	Maak je geen zorgen. Iedereen kan zich vergissen.
1389871	Est-ce que ne manger que des fruits et légumes vous aide à perdre du poids ?	9242049	Helpt het om gewicht te verliezen als je niets anders eet dan fruit en groente?
822932	Quelque chose paraît louche avec cette voiture.	9242052	Er lijkt iets niet in de haak met deze auto.
1495548	Attention, la peinture est fraîche.	9242054	Opgepast, het schilderij is pas geverfd.
6576597	As-tu le reçu ?	9242056	Heb je het ontvangstbewijs?
2930898	La littérature est l'avenir d'une nation.	9242058	Literatuur is de toekomst van een natie.
2411352	Je pense que tu mérites plus que ça.	9242060	Ik denk dat je meer verdient dan dat.
2136860	Ils devraient se laver le visage.	9242062	Ze zouden hun gezicht moeten wassen.
5730107	Tom m'a dit d'attendre ici.	9242065	Tom zei dat ik hier moest wachten.
8436899	Combien coûte une douzaine d'œufs ?	9242068	Hoeveel kost een dozijn aan eieren?
3950168	Elle le mit de côté pour pouvoir l'utiliser plus tard.	9242070	Ze legde het ter zijde om het later te kunnen gebruiken.
1977577	Elle s'est approchée de lui.	9242071	Ze benaderde hem.
4403876	En as-tu les moyens ?	9242073	Heb je er de middelen voor?
6572718	Il est encore très amoureux de vous.	9242074	Hij is nog steeds erg verliefd op u.
8898815	Non, c'est terminé.	9242078	Nee, het is voorbij.
1970100	Je trouve chacun de ses mots très offensant.	9242079	Ik vind elk van zijn woorden zeer aanstootgevend.
3271994	Pour combien de temps veulent-ils le louer ?	9242083	Voor hoelang willen ze het huren?
3454588	Nous devrions y réfléchir à nouveau.	9242084	We zouden er opnieuw over na moeten denken.
333450	C'est l'ordinateur sur lequel il écrit son article.	9242086	Het is de computer waarover hij zijn artikel schrijft.
6380960	Je pensais t'avoir entendu entrer.	9242088	Ik meende je te horen binnenkomen.
333450	C'est l'ordinateur sur lequel il écrit son article.	9248169	Het is de computer waarop hij zijn artikel schrijft.
3300169	Il y a une loi en France qui punit le bizutage, mais elle n'est pas considérée comme complète, car elle prévoit seulement 6 mois d'emprisonnement et 7500 euros d'amende, donc toutes les institutions doivent ajouter aussi des règlements pour mieux punir le phénomène.	9263601	In Frankrijk bestaat er een wet die ontgroening bestraft, maar die wordt als onvolledig beschouwd, omdat hij slechts 6 maanden gevangenisstraf en een boete van 7500 euro voorziet en alle instellingen moeten derhalve ook regels toevoegen om het fenomeen beter te bestraffen.
2699792	Le questionnement peut rester implicite.	9267227	De vraagstelling mag impliciet blijven.
2837186	Ne passe pas l'aspirateur !	9267233	Ga niet stofzuigen!
3120394	Chaque département à son numéro.	9267240	Elke afdeling heeft haar nummer.
4862966	Remets ces choses en particulier.	9267247	Zet vooral die dingen terug op hun plaats.
4862966	Remets ces choses en particulier.	9267271	Geef in het bijzonder die spullen af.
4862968	Ardentes, rêveuses, sur les plaines.	9267277	Brandend, dromend, op de vlakte.
2277165	Il a fait hypokhâgne et khâgne.	9267316	Hij heeft hypokhâgne en khâgne gedaan.
2277165	Il a fait hypokhâgne et khâgne.	9267446	Hij heeft twee jaar voorbereidende klassen in letteren gevolgd.
2779052	Les implicites sont donnés par acquis.	9267455	Alles wat impliciet is, wordt als vanzelfsprekend beschouwd.
4862970	Elles avaient l'air assez surexcité.	9267469	Ze leken vrij opgewonden.
4862970	Elles avaient l'air assez surexcité.	9267471	Zij leken vrij opgewonden.
2850160	La tension a monté d'un cran.	9267528	De spanning is een tandje hoger opgelopen.
6391652	Sami et Layla s'entendent à merveille.	9267536	Sami en Layla kunnen het goed met elkaar vinden.
6391639	Sami et Layla ne se sont jamais réconciliés.	9267548	Sami en Layla hebben zich nooit verzoend.
6391634	Sami et Layla ont plein de projets en tête.	9267557	Sami en Layla hebben veel projecten in gedachten.
6391634	Sami et Layla ont plein de projets en tête.	9267574	Sami en Layla hebben heel wat ijzers in het vuur.
6391641	Sami et Layla n'en sont pas à leur première dispute.	9267578	Sami en Layla hebben al veel ruzie gehad.
6391641	Sami et Layla n'en sont pas à leur première dispute.	9267582	Het is niet de eerste keer dat Sami en Layla ruzie hebben gehad.
6391650	Sami et Layla se sont tout récemment installer dans leur nouvelle maison.	9267587	Sami en Layla zijn onlangs verhuisd naar hun nieuwe huis.
6178224	Il est facile d'être bon; le plus dur est d'être juste.	9267591	Het is makkelijk om goed te zijn. Het moeilijkste is om eerlijk te zijn.
6391640	Sami et Layla sont partis passer la journée dans un parc d'attraction.	9267595	Sami en Layla zijn de dag in een pretpark gaan doorbrengen.
6556081	Alors tu vois, il hurle de rire si je suis dans le malheur.	9267606	Zie je, hij lacht zich rot als ik in de problemen zit.
6391644	Sami et Layla en ont eu marre et ont décidé de tout plaquer afin d'aller s'installer dans un pays étranger.	9268410	Sami en Layla waren het zat en besloten alles achter te laten en naar het buitenland te verhuizen.
1066768	Je joue à la fille qui n'en peut plus de te voir rentrer tard, tout ça parce que tu préfères traîner avec tes lascars.	9268442	Ik gedraag me als het meisje dat het niet kan uitstaan dat je laat thuiskomt, omdat je liever met je kerels rondhangt.
4862972	Ange et démon, vous l'avez connu, le pauvre ancien curé était plus tranquille.	9268514	Engel en duivel, u kende hem, de arme voormalige priester was rustiger.
6741134	Mon mentor a fait venir ce professeur pour que je me fasse les incisives sur son gras.	9268939	Mijn mentor bracht deze professor binnen om wat bij te praten.
2315704	La culture partagée est transversale.	9268985	Gedeelde cultuur overstijgt alle domeinen.
864040	Le locuteur dédouble son discours.	9269022	De spreker splitst zijn toespraak op.
893580	Si la traduction est bonne, alors moi je suis Fifi Brindacier !	9367459	Als de vertaling klopt, dan ben ik Pippi Langkous!
8639768	La bombe est amorcée.	9378036	De bom heeft een ontsteker.
9478091	Tom a été réformé.	9613205	Tom werd gereformeerd.
2964644	Les pompiers ont œuvré toute la nuit pour tenter d'éteindre le brasier.	9701880	De brandweerlieden ijverden de hele nacht om te proberen de vuurzee te doven.
9506371	Appelez-le !	9723746	Bel hem!
9506375	Appelle-la !	9723748	Bel haar!
9551003	Ils fuient.	9723753	Ze vluchten.
9669701	Amuse-nous !	9723754	Entertain ons!
9669701	Amuse-nous !	9723755	Vermaak ons!
774728	En voiture Simone !	9723774	Instappen!
2565462	Vous perdiez espoir.	9723779	U verloor de hoop.
2565462	Vous perdiez espoir.	9723781	Jullie verloren de hoop.
2948611	Il a redoublé.	9723786	Hij is blijven zitten.
3883749	Elle remet ça.	9723793	Ze is weer bezig.
4467948	Allons-y, Alonso !	9723798	Laten we gaan, Alonso!
4692398	Il serait malade.	9723799	Hij zou ziek zijn.
4697985	Je dis « Pousse ».	9723801	Ik zeg "duwen".
6401135	Marie est esthéticienne.	9723827	Maria is schoonheidsspecialiste.
6460706	Tiens ma bière.	9723829	Hou mijn bier vast.
6548445	Courage, mon ange !	9723831	Hou moed, mijn engel!
6558655	Casse-toi, connard !	9723832	Rot op, klootzak!
6777463	Thomas est inculte.	9723835	Thomas is ongeleerd.
7060740	Il a abandonné.	9723837	Hij heeft het opgegeven.
7086655	On les emmerde !	9723838	Laat ze de klere krijgen.
7086655	On les emmerde !	9723840	De tering voor ze!
7466511	Tu dois accepter !	9723841	Je moet het aannemen!
7644802	Marie est spécialiste.	9723842	Maria is gespecialiseerd.
7732052	Arrête tes conneries.	9723843	Hou op met die onzin.
7743125	Thomas est relou.	9723849	Thomas is lomp.
7774201	Thomas est introuvable.	9723851	Thomas is nergens te vinden.
7823422	Thomas est taré.	9723854	Thomas is gek.
7977783	Depuis quelques années.	9723856	Sinds een paar jaar.
8034575	Veuillez vous reconnecter.	9723857	Log alstublieft weer in.
8034575	Veuillez vous reconnecter.	9723859	Gelieve opnieuw in te loggen.
8128376	Cette situation perdure.	9723861	Deze situatie blijft aanhouden.
8183075	Soumettons une traduction !	9723862	Laten we een vertaling indienen!
8355375	Thomas était amoureux.	9723863	Thomas was verliefd.
8427059	Enlève ta culotte.	9723864	Doe je slipje uit.
8441825	Tout était flou.	9723867	Het was allemaal wazig.
8442811	C'est noté !	9723868	Staat genoteerd!
8501055	Thomas est ébéniste.	9723869	Thomas is meubelmaker.
8547987	Tu confonds tout !	9723870	Je haalt alles door elkaar!
8615546	Thomas est ostréiculteur.	9723871	Thomas is oesterkweker.
8624801	Oseriez-vous ?	9723873	Zou u durven?
8624801	Oseriez-vous ?	9723874	Zouden jullie durven?
8624802	Oseraient-ils ?	9723875	Zouden ze durven?
8635551	Actualise la page !	9723879	Vernieuw de pagina!
8635551	Actualise la page !	9723880	Ververs de pagina!
8635605	Adieu mon ami !	9723881	Vaarwel mijn vriend!
8635825	Il est affamé.	9723882	Hij is uitgehongerd.
8635855	Elle est affolée.	9723884	Ze is radeloos.
8635907	Tu es agaçant.	9723885	Je bent vervelend.
8635992	Il est aigri.	9723886	Hij is verbitterd.
8637590	Je repasserai demain.	9723887	Ik zal morgen terugkomen.
8673215	Elle est pudique.	9723889	Ze is bescheiden.
8673815	J'y participerai !	9723891	Ik zal eraan meedoen!
8673893	Ce fut bref.	9723892	Het was kort.
8674097	Passe par dessus !	9723893	Ga eroverheen!
8674102	Passe par dessous !	9723896	Ga eronderdoor!
8676228	Il fut terrifié.	9723897	Hij was doodsbang.
8676229	Elle fut terrifiée.	9723898	Zij was doodsbang.
8676320	Quel bon joueur !	9723899	Wat een goede speler!
8676321	Quel grand joueur !	9723900	Wat een geweldige speler!
8676322	Quelle bonne joueuse !	9723901	Wat een goede speelster!
8676323	Quelle grande joueuse !	9723902	Wat een geweldige speelster!
8676330	J'avais remarqué !	9723903	Ik had het gemerkt!
8676336	C'est remarquable !	9723904	Het is opmerkelijk!
8676377	Il est charpentier.	9723905	Hij is timmerman.
8676392	Nous nagions tranquillement.	9723906	We zwommen rustig.
8676393	Nous nagions rapidement.	9723907	We zwommen snel.
8676409	Oublie cette histoire !	9723909	Vergeet dat verhaal!
8676432	Laissez ça là !	9723910	Laat het daar liggen!
8676434	Laissons ça ici !	9723920	Laten we dat hier laten liggen!
8676449	Allons-y doucement !	9723922	Laten we het rustig aan doen!
8676454	C'est hallucinant !	9723923	Het is verbazingwekkend!
8676459	Elle est irresponsable !	9723924	Ze is onverantwoordelijk!
8676460	Il est irresponsable !	9723925	Hij is onverantwoordelijk!
8676487	Allons l'aider !	9723927	Laten we hem gaan helpen!
8676487	Allons l'aider !	9723928	Laten we haar gaan helpen!
8676491	Commençons la séance !	9723929	Laten we met de sessie beginnen!
8676493	Nous sommes prêts !	9723938	We zijn klaar!
8676504	Le soldat agonisait.	9723939	De soldaat lag op sterven.
8676521	Descendez par là !	9723943	Ga daar naar beneden!
8676525	Suivez la route !	9723944	Volg de weg!
8676826	Avouez vos fautes !	9723946	Geef uw fouten toe!
8676942	Balaie la terrasse !	9723948	Veeg het terras!
8677888	Écoute ma mélodie.	9723949	Luister naar mijn melodie.
8679562	Ça paraît évident.	9723950	Dat lijkt duidelijk.
8679562	Ça paraît évident.	9723951	Dat lijkt vanzelfsprekend.
8681620	Il est doué.	9723953	Hij is begaafd.
8681621	Elle est douée.	9723954	Zij is begaafd.
8681709	Elle est décevante.	9723955	Ze stelt teleur.
8681711	Il est décevant.	9723956	Hij stelt teleur.
8681762	Pose ça là !	9723957	Leg het daar neer!
8681792	Elle est incroyable.	9723958	Ze is ongelooflijk.
8681793	Elle est exceptionnelle.	9723959	Ze is uitzonderlijk.
8681850	Elle est enragée.	9723961	Ze is woedend.
8681852	Arrête de râler !	9723986	Stop met zeuren!
8681918	Ils sont nombreux.	9723988	Ze zijn met velen.
8681919	Ils sont originaux.	9723989	Ze zijn origineel.
8684975	Priez pour moi !	9723991	Bid voor mij!
8685104	Il dort énormément.	9723992	Hij slaapt heel veel.
8685105	Elle dort énormément.	9723993	Zij slaapt heel veel.
8685138	C'est foutu !	9723994	Het is verpest!
8685138	C'est foutu !	9723996	Het is naar de klote!
8685192	Varie les couleurs !	9723999	Varieer de kleuren!
8685272	Ça pourrit vite.	9724001	Het rot snel.
8685304	Passe par derrière !	9724004	Ga langs achter!
8685609	Allumez vos phares !	9724008	Doe uw koplampen aan!
8685604	Allume les gyrophares !	9724013	Doe de zwaailichten aan!
8685608	Allumez vos gyrophares !	9724015	Doe uw zwaailichten aan!
8688007	J'y étais !	9724024	Ik was erbij.
8687815	C'est manqué.	9724236	Het is gemist.
8688016	Ils sont ligotés.	9724237	Ze zijn vastgebonden.
8689464	Il sait coder.	9724238	Hij kan coderen.
8689465	Elle sait coder.	9724239	Zij kan coderen.
8689468	Lance-le loin !	9724245	Gooi het ver weg!
8689595	Place-les bien !	9724246	Zet ze op de juiste plaats!
8689620	Elle marche discrètement.	9724248	Ze stapt stilletjes.
8689697	Il crût lentement.	9724250	Het groeide langzaam.
8689697	Il crût lentement.	9724251	Hij groeide langzaam.
8690787	Il est perspicace.	9724252	Hij is scherpzinnig.
8690788	Elle est perspicace.	9724253	Zij is scherpzinnig.
8695548	Allons nous baigner !	9724255	Laten we gaan zwemmen!
8697851	Elle déménage souvent.	9724259	Ze verhuist vaak.
8697860	Réfléchis-y sérieusement !	9724260	Denk er serieus over na!
8698824	Arrêtez de crier !	9724261	Stop met schreeuwen!
8698830	Je déjeune seul.	9724262	Ik lunch alleen.
8698839	Elles se détestent.	9724263	Ze haten elkaar.
8700238	Elle est obèse.	9724264	Zij is zwaarlijvig.
8700252	Il est maigre.	9724265	Hij is mager.
8700253	Elle est maigre.	9724266	Zij is mager.
8700254	Il est anorexique.	9724267	Hij heeft anorexia.
8700256	Il est assoiffé.	9724268	Hij is dorstig.
8700257	Elle est assoiffée.	9724269	Zij is dorstig.
8700277	Je suis endetté.	9724270	Ik zit in de schulden.
8700331	Repassez plus tard !	9724271	Kom later terug!
8700607	Il semblait convivial.	9724272	Hij leek vriendelijk.
8703651	Raccourcissez cette phrase.	9724274	Maak die zin korter.
8703651	Raccourcissez cette phrase.	9724276	Verkort die zin.
8706545	Rangez-moi ça !	9724280	Stop het weg!
8709122	Elle était menaçante.	9724282	Ze was dreigend.
8709123	Revoyons les images !	9724283	Laten we de foto's opnieuw bekijken!
8709130	Gardez vos distances !	9724284	Hou afstand!
8716305	Je suis débordé.	9724288	Ik heb het te druk.
8716307	Elle est débordée.	9724289	Zij heeft het te druk.
8727211	Pose ta question !	9724293	Stel je vraag!
8727212	Posez votre question !	9724297	Stel uw vraag!
8727423	Marie est mariée.	9724298	Maria is getrouwd.
8728703	Thomas, gêné, rougit.	9724302	Thomas, in verlegenheid gebracht, bloost.
8728704	Marie, gênée, rougit.	9724303	Maria, in verlegenheid gebracht, bloost.
8729602	Nettoyez votre piaule !	9724313	Maak uw stulpje schoon!
8729603	Range ta piaule !	9724315	Maak je stulpje schoon!
8729615	Aérez votre piaule !	9724320	Lucht uw stulpje!
8731354	Ils sont opprimés.	9724322	Ze worden onderdrukt.
8731357	Nous y revoilà !	9724323	Daar gaan we weer!
8753040	Il est chocolatier.	9724325	Hij is chocolatier.
8753145	Ils sont abkhazes.	9724334	Het zijn Abchaziërs.
8755740	La vérité triomphera.	9724337	De waarheid zal zegevieren.
8755743	Elle est instruite.	9724349	Ze is geschoold.
8755744	Il est instruit.	9724352	Hij is geschoold.
8755745	Je suis instruit.	9724353	Ik ben geschoold.
8755746	Ils sont instruits.	9724354	Ze zijn geschoold.
8757083	Prenez sa place !	9724356	Neem zijn plaats in!
8813499	Il me rattrape.	9724358	Hij haalt me in.
8813500	Elle me rattrape.	9724359	Zij haalt me in.
8813501	Il te rattrape.	9724360	Hij haalt je in.
8822867	Je le confirme.	9724361	Dat bevestig ik.
8851755	Ils sont impatients.	9724363	Ze zijn ongeduldig.
8851780	Ça englobe tout.	9724364	Het is allesomvattend.
8856929	Elle est bannie.	9724367	Ze is verbannen.
8856930	Il est banni.	9724369	Hij is verbannen.
8856931	Ils sont bannis.	9724371	Ze zijn verbannen.
8856934	Il fut banni.	9724372	Hij werd verbannen.
8695548	Allons nous baigner !	9726415	Laten we gaan baden!
8695548	Allons nous baigner !	9726417	Laten we in bad gaan!
6201139	Tom stagne.	9727116	Tom stagneert.
6201141	Tom dérive.	9727119	Tom drijft af.
6201142	Tom ramait.	9727121	Tom roeide.
6201160	Tom végète.	9727124	Tom vegeteert.
6201164	Tom cotise.	9727126	Tom draagt bij.
6201172	Tom parade.	9727129	Tom paradeert.
7570924	Maintenant, rentrons !	9727134	Laten we nu naar huis gaan!
8753090	Limitez-vous !	9727136	Beperk uzelf!
8881628	Parlons-en !	9727139	Laten we erover praten!
8897504	Parlons politique !	9727141	Laten we het over politiek hebben!
8897757	Fais donc.	9727143	Doe dat maar.
9101987	Veuillez circuler !	9727182	Gelieve door te rijden!
9101988	Circulez monsieur !	9727222	Doorrijden, meneer!
9101989	Circulez madame !	9727224	Doorrijden, mevrouw!
9129793	Il ramait.	9727246	Hij roeide.
9542966	Il excelle.	9727258	Hij blinkt uit.
9543524	Coffrez-les !	9727261	Sla ze in de boeien!
9543526	Coffre-le !	9727263	Sla hem in de boeien!
1704705	Allez les Bleus !	9727413	Les Bleus, zet hem op!
1704705	Allez les Bleus !	9727417	Komaan, o machtige Bleus!
6018641	Chaque son tour.	9727475	Ieder op zijn beurt.
6205052	Nous entrons partout.	9727477	We komen overal binnen.
6205079	Ils repartent dehors.	9727482	Ze gaan terug naar buiten.
6205119	Nous sortons partout.	9727501	We gaan overal uit.
6205133	Vous montez ailleurs.	9727510	Jullie stappen ergens anders op.
6205133	Vous montez ailleurs.	9727513	U stapt ergens anders op.
6205134	Tu arrivais ailleurs.	9727517	Je kwam op andere plaatsen aan.
6205181	Ils arriveront ici.	9727520	Ze zullen hier komen.
6976396	Ça farte ?	9727524	Alles kits?
7564995	Passe ton chemin !	9727527	Loop maar door!
7570952	Joue sans crier.	9727530	Speel zonder te schreeuwen.
7770660	Thomas est pompiste.	9727532	Thomas is pompbediende.
7794318	Partageons nos billes !	9727534	Laten we onze knikkers delen!
8637624	Il me parle.	9727548	Hij praat tegen me.
8637625	Il lui parle.	9727550	Hij praat tegen hem.
8637626	Il nous parle.	9727552	Hij praat tegen ons.
8637625	Il lui parle.	9727555	Hij praat tegen haar.
8637690	Il lui sourit.	9727557	Hij lacht naar haar.
8637690	Il lui sourit.	9727560	Hij lacht naar hem.
8637698	Découpe la viande !	9727563	Snij het vlees!
8637715	Nous ouvrirons demain.	9727565	We gaan morgen open.
8637715	Nous ouvrirons demain.	9727566	We openen morgen.
8637761	Ils protestent violemment.	9727569	Ze protesteren met geweld.
8660939	Ils sont découragés.	9727632	Ze zijn ontmoedigd.
8660941	Veuillez le nettoyer !	9727634	Gelieve het schoon te maken!
8661153	J'adore débattre.	9727635	Ik discussieer graag.
8661153	J'adore débattre.	9727637	Ik hou van discussiëren.
8663835	Ce sera excitant.	9727638	Het zal spannend worden.
8673050	Il te voit.	9727640	Hij ziet je.
8673072	Il parle afghan.	9727643	Hij spreekt Afghaans.
8673089	Ouvrez les volets !	9727644	Open de luiken!
8673176	Tout est inondé.	9727645	Alles staat onder water.
8673182	Tu dois trier.	9727648	Je moet sorteren.
8673213	Il est angoissant.	9727650	Hij is beangstigend.
8673214	Il est pudique.	9727652	Hij is bescheiden.
8676588	Démolissez cette maison !	9727653	Sloop dit huis!
8676590	Démolissons cette maison !	9727654	Laten we dit huis afbreken!
8676593	Nourrissez cet animal !	9727656	Voer dit dier!
8676636	Arrête de trembler !	9727657	Stop met beven!
8676639	Il devrait essayer.	9727658	Hij zou het moeten proberen.
8676644	Elle devrait essayer.	9727660	Zij zou het moeten proberen.
8676645	J'essaierai demain.	9727662	Ik zal het morgen proberen.
8676657	Ajoutez du sel !	9727664	Voeg zout toe!
8676658	Ajoute du poivre !	9727665	Voeg peper toe!
8676709	Nous vous attaquons !	9727666	We vallen jullie aan!
8676709	Nous vous attaquons !	9727667	We vallen u aan!
8676715	Il mélange tout.	9727671	Hij haalt alles door elkaar.
8676720	Nous aimons blaguer.	9727672	We maken graag grapjes.
8676736	Méfie-t'en !	9727680	Pas ermee op!
8676739	Voilà le résultat !	9727682	Hier is het resultaat!
8676745	Je suis fière.	9727684	Ik ben trots.
8676760	Arrose mes fleurs !	9727686	Geef mijn bloemen water!
8676761	Arrosez les fleurs !	9727689	Geef de bloemen water!
8676790	Il fallait anticiper.	9727697	Je moest erop anticiperen.
8676790	Il fallait anticiper.	9727702	U moest erop anticiperen.
8676797	Aiguisez ces couteaux !	9727704	Slijp die messen!
8676804	Allume le barbecue !	9727705	Steek de barbecue aan!
9299764	Vous rigolez !	9728331	U lacht!
9299764	Vous rigolez !	9728332	Jullie lachen!
9353794	Oublions-les !	9728333	Laten we ze vergeten!
9353795	Oubliez-les !	9728334	Vergeet ze!
9353826	Rouvrons tout !	9728335	Laten we alles heropenen!
9468197	Enfilez-le !	9728336	Zet hem op!
9505729	Elle prie.	9728337	Ze bidt.
9505732	Ils prient.	9728339	Ze bidden.
9505808	Ils collaborent.	9728340	Ze werken samen.
9506193	Quel dilemme !	9728341	Wat een dilemma!
3072613	Espèce de pédale !	9728344	Flikker!
3252786	Ouvrez les vannes !	9728346	Open de kleppen!
8637772	Rends-les lui !	9728351	Geef ze terug aan hem!
8637772	Rends-les lui !	9728352	Geef ze terug aan haar!
8637951	Une altercation éclata.	9728353	Er brak een woordenwisseling uit.
8638522	Larguez les amarres !	9728357	Gooi de trossen los!
8639770	Il est amorphe.	9728359	Het is amorf.
8639770	Il est amorphe.	9728360	Hij is amorf.
8639817	Analysez ce dossier !	9728361	Analyseer dit dossier!
8639899	Arrête d'angoisser !	9728362	Stop met je zorgen te maken!
8660453	Il recommencera probablement.	9728386	Hij zal het waarschijnlijk weer doen.
8660454	Elle recommencera probablement.	9728387	Zij zal het waarschijnlijk weer doen.
8660842	Vous le regretterez !	9728397	U zult er spijt van krijgen!
8660938	Ils semblent découragés.	9728401	Ze lijken ontmoedigd.
8676599	Ils le nourrissent.	9728407	Ze voeden hem.
8676601	Saisissez votre chance !	9728411	Grijp uw kans!
8676620	Ils nous précèdent.	9728423	Ze liggen voor op ons.
8676622	Je le précède.	9728428	Ik ga hem voor.
8676628	Il lui succéda.	9728429	Hij volgde hem op.
8676628	Il lui succéda.	9728431	Hij volgde haar op.
8676629	Elle lui succéda.	9728432	Zij volgde hem op.
8676629	Elle lui succéda.	9728433	Zij volgde haar op.
8676774	Il est abasourdi.	9728434	Hij is verbijsterd.
8676808	Ils arrivent vite.	9728436	Ze komen er snel aan.
8681926	Tout était prévu.	9728445	Het was allemaal gepland.
8682427	Respectez les règles !	9728451	Respecteer de regels!
8682522	Il est robuste.	9728456	Hij is taai.
8682523	Je suis soulagée.	9728460	Ik ben opgelucht.
8682595	Elle nous entend.	9728463	Ze kan ons horen.
8696072	Il crache partout.	9728472	Hij spuugt overal.
8696072	Il crache partout.	9728476	Hij spuwt overal.
8696074	Arrête de cracher !	9728478	Stop met spugen!
8696075	Arrêtez de cracher !	9728481	Stop met spuwen!
8696100	Je prends tout.	9728487	Ik neem alles.
8696102	Elle prend tout.	9728488	Ze neemt alles.
8696456	Ils nous envahissent.	9728491	Ze vallen ons binnen.
8696487	Elles sont attendues.	9728495	Ze worden verwacht.
8697794	Je suis confiant.	9728497	Ik ben vol vertrouwen.
8700626	Regarde ce têtard !	9728499	Kijk naar dit kikkervisje!
8733031	Il reste discret.	9728510	Hij blijft discreet.
8733032	Il est discret.	9728513	Hij is discreet.
8736754	Tu es ridicule !	9728517	Je bent belachelijk!
8736781	Nous t'écoutons.	9728520	We luisteren.
8736788	Écoute le professeur !	9728521	Luister naar de professor!
8737010	J'aimerais contribuer.	9728526	Ik zou graag willen bijdragen.
8737059	Marie veut manger.	9728530	Maria wil eten.
8737061	Marie mange seule.	9728533	Maria eet alleen.
8737103	Allez-y doucement.	9728537	Doe het rustig aan.
8737139	Appelle les pompiers !	9728540	Bel de brandweer!
8737150	Elle adore lire.	9728542	Ze houdt van lezen.
8737196	C'est indécent.	9728545	Het is onfatsoenlijk.
8741418	C'était surréaliste.	9728549	Het was surrealistisch.
8741419	C'est surréaliste.	9728550	Het is surrealistisch.
8741436	Il est imbattable.	9728552	Hij is onverslaanbaar.
8741814	La pierre coule.	9728586	De steen zinkt.
8742220	Enfile une écharpe !	9728590	Doe een sjaal om!
8742858	Je suis méfiant.	9728593	Ik ben achterdochtig.
8742860	Je reste méfiant.	9728594	Ik blijf achterdochtig.
8753083	Ils le dénoncent.	9728598	Ze geven hem aan.
8753087	Elles sont collées.	9728600	Ze zijn vastgelijmd.
8898013	Laissez-le faire.	9728610	Laat hem het doen.
8898014	Laissez-la faire.	9728611	Laat haar het doen.
8898065	Il est pâtissier.	9728614	Hij is banketbakker.
8898122	Il conduit bien.	9728618	Hij is een goede chauffeur.
8898122	Il conduit bien.	9728619	Hij rijdt goed.
8898123	Elle conduit bien.	9728620	Zij rijdt goed.
8898132	Il est chaud.	9728622	Hij is heet.
8898132	Il est chaud.	9728623	Hij is warm.
8899842	Elle est superstitieuse.	9728624	Ze is bijgelovig.
8899843	Il est superstitieux.	9728626	Hij is bijgelovig.
8899964	Il nous nuit.	9728628	Hij doet ons kwaad.
8899973	Quelle stupide idée !	9728629	Wat een stom idee!
8899975	Quelle question idiote !	9728630	Wat een domme vraag!
8899984	Karchérisons la zone !	9728660	Laten we het gebied grondig schoonmaken!
8899985	Karchérisez tout ça !	9728666	Maak de boel grondig schoon!
8900062	Arrête tes salamalecs !	9728680	Hou op met je uitsloverij!
8900063	Arrêtez vos salamalecs !	9728681	Hou op met uw uitsloverij!
8900070	Quel homme détestable !	9728682	Wat een hatelijk mens!
8938262	Il semblait sceptique.	9728684	Hij leek sceptisch.
8938515	Ça me regarde !	9728686	Dat zijn mijn zaken!
8938541	Rends-le lui !	9728688	Geef het terug aan hem!
8938541	Rends-le lui !	9728689	Geef het terug aan haar!
8938556	Plus que vous !	9728691	Meer dan u!
8938556	Plus que vous !	9728693	Meer dan jullie!
8938558	Plus que toi !	9728694	Meer dan jij!
8938568	Ramassez les miettes !	9728695	Raap de kruimels op!
8938619	Vive les mariés !	9728696	Lang leve de bruid en bruidegom!
8938750	La bonne blague !	9728697	Goeie grap!
8938752	Quelle bonne blague !	9728699	Wat een goede grap!
8938812	Prions pour eux.	9728700	Laten we voor hen bidden.
8938942	Ça fait réfléchir.	9728703	Het zet je aan het denken.
8938979	J'habitais ici.	9728704	Ik woonde hier vroeger.
8938983	Ils sont drôles.	9728705	Ze zijn grappig.
8938984	Elle est drôle.	9728706	Ze is grappig.
8939045	Elle les lave.	9728707	Ze wast ze.
8939083	Il avance lentement.	9728708	Hij beweegt langzaam.
8940552	Mélangez-le bien !	9728712	Goed mengen!
8940597	Je parle doucement.	9728715	Ik spreek zachtjes.
8940650	La courbe croît.	9728717	De curve stijgt.
8940669	Surveille l'entrée !	9728718	Let op de ingang!
8940676	C'est conseillé.	9728719	Het is raadzaam.
8940721	Il était réticent.	9728720	Hij was terughoudend.
8940780	Elle avait avoué.	9728723	Ze had bekend.
8940784	Il était socialiste.	9728726	Hij was socialist.
8940893	Elle est élue.	9728728	Ze is verkozen.
8940964	Ils sont bretons.	9728731	Ze zijn Bretoenen.
8940965	Ils sont picards.	9728740	Ze zijn Picardiërs.
8940966	Il est savoyard.	9728751	Ze zijn Savoyaarden.
8941114	Je m'instruis.	9728753	Ik leer bij.
8941393	Elle casse tout.	9728755	Ze maakt alles kapot.
8941533	Allons au marché !	9728756	Laten we naar de markt gaan!
8943681	Quel exécrable parricide !	9728757	Wat een afschuwelijke vadermoord!
8943916	Il l'assomma.	9728759	Hij sloeg hem bewusteloos.
8943916	Il l'assomma.	9728760	Hij sloeg haar bewusteloos.
8944503	Ils sont corrompus.	9728761	Ze zijn corrupt.
9102015	Baissez les yeux !	9728768	Ogen naar beneden!
9129470	Il grandit vite.	9728770	Hij groeit snel.
9129473	Elle grandit vite.	9728771	Zij groeit snel.
9295618	Lisez ça !	9731022	Lees dit!
8684872	Ça sonne creux.	9731024	Dat klinkt hol.
8685135	Mon téléphone déconne.	9731025	Mijn telefoon doet raar.
8685610	Allume tes phares !	9731026	Doe je koplampen aan!
8685620	Laissez-le dormir !	9731027	Laat hem slapen!
8685623	Laissez-moi dormir !	9731028	Laat me slapen!
8685704	Laisse-moi répéter !	9731029	Laat me oefenen!
8687280	Marie est couturière.	9731031	Maria is naaister.
8687812	Tout est tombé.	9731032	Alles is naar beneden gevallen.
8880086	Profitez-en vite !	9731033	Maak er het beste van!
8881630	Coordonnons nos attaques !	9731034	Laten we onze aanvallen coördineren!
8882372	Ils ont vieilli.	9731035	Ze zijn ouder geworden.
8897392	Allons le récupérer !	9731036	Laten we hem gaan halen!
8897392	Allons le récupérer !	9731037	Laten we het gaan halen!
8897406	Elle parlait seule.	9731038	Ze praatte tegen zichzelf.
8897408	Il parle seul.	9731040	Hij praat tegen zichzelf.
8897409	Elle parle seule.	9731041	Zij praat tegen zichzelf.
8897449	Nous en reparlerons.	9731042	Daar zullen we het later nog over hebben.
8897458	Tu vas parler !	9731043	Je gaat praten!
8897890	Je tire vite.	9731044	Ik schiet snel.
8897891	Il tire vite.	9731045	Hij schiet snel.
8897892	Elle tire vite.	9731046	Zij schiet snel.
8897903	Tire plus haut.	9731047	Trek hoger.
8897904	Tire plus bas.	9731048	Trek lager.
8897903	Tire plus haut.	9731049	Schiet hoger.
8897904	Tire plus bas.	9731050	Schiet lager.
8897906	Tire à gauche.	9731052	Schiet naar links.
8897907	Tire à droite.	9731053	Schiet naar rechts.
8897949	Changez de position.	9731055	Verander van positie.
8900071	Quel personnage détestable !	9731057	Wat een hatelijk figuur!
8900072	Quel individu détestable !	9731058	Wat een hatelijk individu!
8900073	Quelle femme détestable !	9731059	Wat een hatelijke vrouw!
8900118	Appelle ta mère.	9731060	Bel je moeder.
8900121	Appelle ta sœur.	9731061	Bel je zus.
8900146	Elles en meurent.	9731062	Ze gaan er dood aan.
8900164	Mettez-y fin !	9731063	Maak er een eind aan!
8900309	Ils l'admirent.	9731064	Ze kijken naar hem op.
8900332	Videz le coffre.	9731065	Maak de kofferbak leeg.
8900350	Retirez ces paroles !	9731067	Neem die woorden terug!
8938042	Jean est cultivateur.	9731068	Jean is landbouwer.
8938208	Elle me sourit.	9731069	Ze glimlacht naar me.
8938250	Quelle belle histoire.	9731070	Wat een mooi verhaal.
8940894	Elles sont élues.	9731074	Elles sont élues.
8944505	Elle est corrompue.	9731075	Ze is corrupt.
9161587	Attention aux morsures !	9731076	Kijk uit voor de beten!
9161589	Attention, ça pique !	9731077	Voorzichtig, het prikt!
9161639	Il m'esquive.	9731078	Hij ontwijkt me.
9161640	Elle m'esquive.	9731079	Zij ontwijkt me.
9163102	Ils sont terrorisés.	9731080	Ze zijn doodsbang.
9163104	Il est terrorisé.	9731081	Hij is doodsbang.
9163107	Elle est terrorisée.	9731082	Ze is doodsbang.
9163768	Ils sont salafistes.	9731086	Het zijn salafisten.
9173012	Je souhaite déménager.	9731088	Ik wil verhuizen.
9173014	Il souhaite déménager.	9731089	Hij wil verhuizen.
9173017	Faisons la paix !	9731090	Laten we vrede sluiten!
9173018	Faites la paix !	9731091	Sluit vrede!
9177216	Il me traque.	9731092	Hij stalkt me.
9177217	Il vous traque.	9731094	Hij stalkt u.
9177217	Il vous traque.	9731095	Hij stalkt jullie.
9177264	Allez, je traverse !	9731097	Nou, ik steek over!
9177307	Je lui prouverai.	9731099	Ik zal het hem bewijzen.
9177307	Je lui prouverai.	9731100	Ik zal het haar bewijzen.
9295598	Elle devrait arriver.	9731101	Ze zou hier elk moment moeten zijn.
9295615	Quelle bonne nouvelle !	9731102	Dat is geweldig nieuws!
9295641	Il sera réélu.	9731103	Hij zal herkozen worden.
9295642	Elle sera réélue.	9731104	Zij zal herkozen worden.
9302065	Il passe commande.	9731105	Hij plaatst een bestelling.
9353785	Allons, lâche-moi !	9731106	Kom op, ga van me af!
9353802	Ils s'embrassèrent.	9731108	Ze zoenden.
9354520	Vous êtes grotesque !	9731109	U bent belachelijk!
9354523	Laissez-moi parler !	9731110	Laat mij aan het woord!
9354564	Vous mélangez tout.	9731112	U haalt alles door elkaar.
9354564	Vous mélangez tout.	9731113	Jullie halen alles door elkaar.
6205025	Tu rêves d'armateurs.	9731114	Je droomt van reders.
6205026	Je rêve de rescapées.	9731116	Ik droom van overlevenden.
6205034	Il entre à Barcelone.	9731117	Hij komt Barcelona binnen.
6205033	Je demeure en Alaska.	9731118	Ik woon in Alaska.
6205036	Il descend en Russie.	9731119	Hij gaat naar Rusland.
6205039	Tu te posais partout.	9731120	Je landde overal.
6205042	Je descendais au lit.	9731121	Ik ging naar beneden om naar bed te gaan.
6205043	Je monte à Barcelone.	9731122	Ik ga naar Barcelona.
6205046	Il sombrait à Mexico.	9731131	Hij bezweek in Mexico City.
6205047	Il nage à Montréal.	9731132	Hij zwemt in Montreal.
6205049	Je plonge à Mexico.	9731133	Ik duik in Mexico City.
6205057	Je vis au restaurant.	9731134	Ik woon in het restaurant.
6205058	Je repars au Groland.	9731137	Ik ga terug naar Groland.
6205061	Je poireaute en Inde.	9731138	Ik hang gewoon wat rond in India.
6205062	Je déboule en public.	9731139	Ik storm publiekelijk binnen.
6205082	Ils campent à Dubai !	9731165	Ze kamperen in Dubai!
6205084	Tu nages à Barcelone.	9731166	Je zwemt in Barcelona.
6205085	Nous glissons là-bas.	9731167	We glijden daar weg.
6205087	Je séjourne au calme.	9731169	Ik verblijf op een rustige plek.
6205088	Je filerai en France.	9731172	Ik zal snel naar Frankrijk gaan.
6205089	Je nagerai en Suisse.	9731175	Ik zwem wel in Zwitserland.
6205094	Tu plonges en Suisse.	9731176	Je duikt in Zwitserland.
6205096	Je campais au Brésil.	9731177	Ik kampeerde in Brazilië.
6205097	Je demeure en Suisse.	9731179	Ik woon in Zwitserland.
6205098	Tu navigues au Népal.	9731185	Je vaart naar Nepal.
6205100	Il sortait en public.	9731227	Hij ging publiekelijk uit.
6205101	Je déferle sur Terre.	9731228	Ik bestorm de aarde.
6205103	Vous plongez en Inde.	9731229	U duikt in India.
6205103	Vous plongez en Inde.	9731230	Jullie duiken in India.
6205063	Je loge en Allemagne.	9731231	Ik verblijf in Duitsland.
6205064	Vous venez chez moi !	9731233	U komt naar mijn huis!
6205064	Vous venez chez moi !	9731234	Jullie komen naar mijn huis!
6205068	J'émigre au Groland !	9731235	Ik emigreer naar Groland!
6205070	Elle réside au Pérou.	9731236	Ze woont in Peru.
6205073	Tu croupis au Soudan.	9731237	Je rot weg in Soedan.
6204315	Je crains de rougir.	9731238	Ik ben bang dat ik bloos.
6204316	Alf refuse de nager.	9731239	Alf weigert te zwemmen.
6204319	Je décide de trimer.	9731240	Ik besluit hard te werken.
6204325	Je choisis de prier.	9731241	Ik kies ervoor om te bidden.
6204312	Tu crains de fondre.	9731308	Je bent bang om te smelten.
6152542	Djotte.	9731332	Dju.
7633904	Épelez !	9731339	Spel het!
886113	Bonne bourre !	9731351	Hou je taai!
2065894	Quel pied !	9731355	Niks zo lekker!
2065894	Quel pied !	9731356	Dat was ongelooflijk!
2271419	Allez, banco !	9731367	Kom, daar gaan we!
2271419	Allez, banco !	9731373	Oké, we gaan ervoor!
8106219	Oh hisse !	9731502	Hup-hoi, hup-hoi!
8106219	Oh hisse !	9731508	Hé hup!
8187308	Petit coquin !	9731512	Jij deugnietje!
8273578	Énoncez-le !	9731522	Noem het!
8098798	Bons baisers.	9731525	Veel liefs.
7771592	Minute papillon !	9731529	Een momentje!
7763073	Certitude, servitude.	9731568	Zekerheid, onderworpenheid.
7763073	Certitude, servitude.	9731570	Stelligheid, horigheid.
7630761	Bonne continuation.	9731574	Veel succes met alles.
6201175	Tom radote.	9731599	Tom leutert.
6201166	Tom rôdait.	9731649	Tom zwierf rond.
6201157	Tom alunit.	9731654	Tom landde op de maan.
6201155	Tom jubile.	9731678	Tom jubelt.
6201149	Tom pivote.	9731681	Tom draait.
6201143	Tom craque.	9731682	Tom stort in.
6201138	Tom pagaie.	9731684	Tom peddelt.
5638380	Sale bête !	9731686	Rotbeest!
5591057	Vive Trump.	9731691	Leve Trump.
9568523	Chahutez-les !	9731743	Val ze lastig!
1901348	Le lapin clapit.	9731750	Het konijn kruipt weg.
2021855	Peau de zébi !	9731757	Nul komma nul!
2067530	Bonjour l'ambiance !	9731777	Wat een sfeer!
2080841	Ah les hyènes !	9731826	Wat een stelletje aasgieren!
2097435	Bande de crevards !	9731849	Stelletje schooiers!
2271424	Bon, allez, banco !	9731855	Goed, daar gaan we dan!
2379030	Eh ben voyons !	9731860	Oh, kom op!
2379030	Eh ben voyons !	9731861	Ja zeg!
2450617	Cela mérite réparation.	9731946	Dat verdient compensatie.
2564171	Tu étais lésée.	9731975	Je werd onrecht aangedaan.
2564185	Elles étaient lésées.	9731977	Hen werd onrecht aangedaan.
2564816	Tu te négligeais.	9731983	Je verwaarloosde jezelf.
8684777	Je vous rattraperai.	9740348	Ik haal u wel in.
8684777	Je vous rattraperai.	9740350	Ik haal jullie wel in.
8685530	Quel casse-tête !	9740356	Wat een puzzel!
8635471	C'est une accusation mensongère.	9740359	Dat is een valse beschuldiging.
7740273	Loi d'Archimède : plus la femme est légère, plus les dépenses sont lourdes.	9740403	De wet van Archimedes: hoe frivoler de vrouw, des te kostbaarder de lasten.
6318917	La vie n'est qu'un long rêve dont la mort nous réveille.	9740404	Het leven is slechts een lange droom waarvan de dood ons doet ontwaken.
7291848	Bruno a trouvé un trèfle à quatre feuilles.	9740405	Bruno heeft een klavertjevier gevonden.
6204323	Tu omets de picoler.	9740406	Je vergeet te drinken.
8627913	Il lui a mis une claque.	9740413	Hij heeft haar een klap gegeven.
8709210	Accepteriez-vous un débat avec lui ?	9740424	Zou u een debat met hem aangaan?
8709210	Accepteriez-vous un débat avec lui ?	9740426	Zouden jullie een debat met hem aangaan?
8654079	Il faut penser à indiquer l'heure.	9740430	Denk eraan de tijd aan te geven.
8661151	L'église surplombe le reste du village.	9740431	De kerk kijkt uit over de rest van het dorp.
8676967	Il croupit en prison.	9740434	Hij rot weg in de gevangenis.
8653325	Quelles sont vos disponibilités le mois prochain ?	9740439	Wanneer bent u beschikbaar volgende maand?
8653325	Quelles sont vos disponibilités le mois prochain ?	9740442	Wanneer zijn jullie beschikbaar volgende maand?
8674221	J'ai aussi fait comme ça.	9740445	Ik heb dat ook zo gedaan.
6454046	La France offre une riche palette de destinations possibles pour les amateurs de grands espaces.	9740453	Frankrijk biedt een rijke waaier van mogelijke bestemmingen voor liefhebbers van open ruimtes.
8630128	Viens me raconter tes malheurs.	9740455	Kom en vertel me over je tegenslagen.
9707032	De qui se fichent-ils ?	9740458	Wie denken ze voor de gek te houden?
9547006	Nous côtoyons d'étranges personnages.	9740460	We ontmoeten vreemde personages.
751948	Gare à tes fesses, gamin de merde !	9740473	Pas maar goed op, rotjong!
3305725	Que dites-vous, grand dieu ! Cela est impossible !…	9740477	Wat zegt u daar, hemeltje lief! Dit is onmogelijk!
3305725	Que dites-vous, grand dieu ! Cela est impossible !…	9740478	Wat zeggen jullie daar, hemeltje lief! Dit is onmogelijk!
9129791	Je peux être là à temps.	9740479	Ik kan er op tijd zijn.
8674474	Écoutez ce qu'il vous dit !	9740481	Luister naar wat hij u zegt!
8674474	Écoutez ce qu'il vous dit !	9740482	Luister naar wat hij jullie zegt!
8654116	L'implantation du géant américain dans la région n'a pas plu aux responsables régionaux.	9740487	De vestiging van de Amerikaanse reus in de regio viel niet in de smaak bij de regionale bestuurders.
8676464	Soyez tranquille, je contrôle la situation.	9740488	Maakt u zich geen zorgen, ik heb de situatie onder controle.
8676464	Soyez tranquille, je contrôle la situation.	9740489	Maken jullie zich geen zorgen, ik heb de situatie onder controle.
7060723	Tu n'as plus beaucoup de points de vie, bois une potion.	9740490	Je hebt niet veel gezondheidspunten meer, neem een toverdrankje.
8687796	Il ne peut pas en manger.	9740491	Hij mag er niet van eten.
8660726	Pourrais-tu me la prêter ?	9740492	Kun je het aan me lenen?
7765591	Quelles sont les plus belles phrases de la vie pour vous ?	9740493	Wat zijn voor u de mooiste zinnen in het leven?
7765591	Quelles sont les plus belles phrases de la vie pour vous ?	9740494	Wat zijn voor jullie de mooiste zinnen in het leven?
6202120	Il ne marche pas du tout.	9740495	Het werkt helemaal niet.
2656694	Chaque âge est un fleuve qui nous entraîne selon le penchant des destinées quand nous nous y abandonnons.	9740496	Elk tijdperk is een stroom die ons meevoert naar gelang de grillen van het lot wanneer wij ons eraan overgeven.
8938975	Qu'as-tu aperçu ?	9740498	Wat heb je gemerkt?
8695564	Peux-tu m'acheter une glace ?	9740499	Kun je een ijsje voor me kopen?
8660991	Nous sommes trop fatigués pour venir te voir.	9740500	We zijn te moe om je te komen bezoeken.
8676947	Contente-toi de ce que tu as !	9740503	Neem genoegen met wat je hebt!
8949674	N'oublie pas de bien t'hydrater !	9740506	Vergeet niet goed te hydrateren!
8359179	Quelles sont vos attentes en termes de rémunération ?	9740538	Wat zijn uw verwachtingen op het vlak van de bezoldiging?
8359179	Quelles sont vos attentes en termes de rémunération ?	9740539	Wat zijn uw verwachtingen qua beloning?
8630889	Il part se balader à pied.	9740540	Hij gaat een wandeling maken.
8641183	Mon frère me prête son appartement le temps d'une soirée.	9740541	Mijn broer leent me zijn appartement voor een nacht.
8692320	Qu'as-tu senti ?	9740543	Wat voelde je?
8692320	Qu'as-tu senti ?	9740544	Wat heb je gevoeld?
2563318	Elles tripotaient leurs nez.	9740547	Ze peuterden in hun neuzen.
8615419	Ce boulanger utilise uniquement du levain naturel.	9740550	Deze bakker gebruikt alleen natuurlijke zuurdesem.
9472586	Quand comptez-vous me rembourser ?	9740553	Wanneer bent u van plan om me terug te betalen?
8689555	Rentre du bois, s'il te plaît.	9740563	Haal wat hout, alsjeblieft.
8673087	Le volet doit rester fermé.	9740565	De sluiter moet gesloten blijven.
8944436	L'abbé est arrivé à l'heure.	9740570	De abt is op tijd aangekomen.
8705665	Je suppose que tu as déjà programmé tes vacances.	9740572	Ik neem aan dat je je vakantie al gepland hebt.
8893552	J'ai amassé quelques stères de bois.	9740577	Ik heb een paar stèren hout vergaard.
747891	Il faut en finir avec la tyrannie du toujours plus !	9740587	We moeten een einde maken aan de dwingelandij van het almaar meer!
747891	Il faut en finir avec la tyrannie du toujours plus !	9740591	Er moet een einde komen aan de tirannieke drang naar meer en meer!
8582805	Le facteur passe à quelle heure ?	9740592	Hoe laat komt de postbode langs?
9557388	Connaissez-vous cette association ?	9740593	Kent u deze vereniging?
9101929	Je te laisse te présenter.	9740594	Ik laat je jezelf voorstellen.
8689709	Je me dois de le défendre.	9740595	Ik moet hem verdedigen.
9396798	Les Kabyles sont fiers de leur culture et de leur langue.	9740598	De Kabylen zijn trots op hun cultuur en taal.
1019745	Il a une planche à roulettes et porte des Vans et un baggy.	9740599	Hij heeft een skateboard en draagt Vans en een baggy.
8709184	Il m'a fait un don généreux.	9740600	Hij heeft me een genereus geschenk gegeven.
8629932	As-tu enfin réussi ton test ?	9740601	Ben je eindelijk geslaagd voor je test?
8672948	Le point de rendez-vous n'est toujours pas fixé.	9740602	De ontmoetingsplaats is nog niet bepaald.
8640712	Ce n'est pas très impressionnant.	9740603	Dat is niet erg indrukwekkend.
9173762	Pose-lui la question !	9740604	Stel hem de vraag!
9173762	Pose-lui la question !	9740605	Stel haar de vraag!
9468208	J'en ai encore envie.	9740606	Ik heb er nog zin in.
8700226	Les frontières doivent être fermées.	9740608	De grenzen moeten gesloten worden.
7414730	Il ne me reste que quelques années à vivre, alors vivons-les !	9740610	Ik heb nog maar een paar jaar te leven, dus laten we ze leven!
8185536	Un sou est un sou.	9740611	Een stuiver gespaard is een stuiver gewonnen.
8185536	Un sou est un sou.	9740612	Een cent gespaard is een cent verdiend.
8185536	Un sou est un sou.	9740613	Wat we besparen, is als eerste verdiend.
9453916	En français, Mary, s'écrit Marie.	9740614	Mary wordt in het Frans Marie geschreven.
8700226	Les frontières doivent être fermées.	9741228	De grenzen moeten worden gesloten.
2563318	Elles tripotaient leurs nez.	9741234	Ze peuterden in hun neus.
1936184	Je me refusai à payer.	9751092	Ik weigerde te betalen.
5349278	Thomas s'est réconcilié avec sa femme.	9751094	Thomas heeft zich verzoend met zijn vrouw.
4217361	Je pense que nous nous sommes déjà rencontrées.	9751096	Ik denk dat we elkaar eerder hebben ontmoet.
5288640	Que veux-tu dire précisément ma chérie?	9751097	Wat bedoel je precies, schat?
2201948	Je me douchais.	9751098	Ik was aan het douchen.
2058217	Laisse-moi clarifier ça.	9751100	Even voor de duidelijkheid.
2058217	Laisse-moi clarifier ça.	9751102	Laat me dit even verduidelijken.
1466559	Nous possédons la capacité de nous souvenir.	9751106	Wij bezitten het vermogen om te herinneren.
8436849	Je pense que c'est maintenant le moment.	9751108	Ik denk dat het nu tijd is.
7525873	Je sais que Tom est photogénique.	9751110	Ik weet dat Tom fotogeniek is.
6202096	Il ne siffle pas du tout.	9751111	Hij fluit helemaal niet.
2597068	Je suis honnête avec toi.	9751112	Ik ben eerlijk tegen je.
9056646	Je veux être prof d'espagnol.	9751113	Ik wil leraar Spaans worden.
2395118	L'après-midi, je vais toujours au lycée pour m'entraîner en latin.	9751114	In de namiddag, ga ik altijd naar school om mijn Latijn te oefenen.
463791	Le cheval est loin de la maison.	9751116	Het paard is ver van het huis.
2920072	Tu restais à la maison.	9751117	Jij bleef thuis.
3211453	N'agissez pas avec précipitation !	9751118	Handel niet overhaast!
5469098	Je ferai tout ce que tu veux!	9751121	Ik zal alles doen wat je wilt!
2037200	Nous ne pouvons distinguer ces deux jumeaux.	9751131	We kunnen die tweelingen niet uit elkaar houden.
3584554	Aimez-vous mon frère davantage que moi ?	9751135	Houdt u meer van mijn broer dan van mij?
8685057	Ce logiciel est gratuit.	9751137	Deze software is gratis.
4642493	Je peux écrire en anglais.	9751138	Ik kan in het Engels schrijven.
632033	Je veux absolument manger du yogourt glacé.	9751139	Ik wil echt ijsyoghurt eten.
2305488	C'est quelqu'un de libertin.	9751140	Hij is een libertijn.
2221814	J’ai accueilli les invités.	9751142	Ik heb de gasten verwelkomd.
6741002	Le mur-rideau protège thermiquement le bâtiment.	9751150	De gordijngevel beschermt het gebouw thermisch.
9749145	J'aime écouter la musique de Beethoven.	9751151	Ik luister graag naar de muziek van Beethoven.
6542	Je n'ai pas envie de sortir maintenant.	9751152	Ik heb nu geen zin om uit te gaan.
2563367	Ils faisaient le ménage.	9751153	Ze waren aan het opruimen.
2563367	Ils faisaient le ménage.	9751154	Ze waren aan het schoonmaken.
8391241	Je ne dirai rien à ce sujet.	9751155	Ik zal er niets over zeggen.
7731055	Thomas était fier de son exploit.	9751157	Thomas was trots op zijn prestatie.
3798955	Et si t’enlevais ton manteau ?	9751158	Doe je jas maar uit.
2316259	Je ne comprends pas pourquoi tu pars.	9751159	Ik begrijp niet waarom je weggaat.
136309	Cela vous dérange si je fume ?	9751161	Vindt u het erg als ik rook?
9141965	Tu parles le swahili ? Fichtre !	9751162	Spreek je Swahili? Verdomme!
6727	En rentrant à la maison, j'ai vu un oiseau blanc.	9751163	Op weg naar huis, zag ik een witte vogel.
1181426	Tom ne veut pas être en retard.	9751164	Tom wil niet te laat komen.
2279097	Elle ne revit jamais son père.	9751165	Ze heeft haar vader nooit meer teruggezien.
2279097	Elle ne revit jamais son père.	9751166	Ze zag haar vader nooit meer terug.
1528372	Il a pris le premier train pour Paris.	9751167	Hij nam de eerste trein naar Parijs.
1528372	Il a pris le premier train pour Paris.	9751168	Hij heeft de eerste trein naar Parijs genomen.
2381903	Je n'ai rien à dire, en ce qui concerne ce problème.	9751170	Ik heb niets te zeggen over dit probleem.
2433693	Il garde le lit.	9751172	Hij houdt het bed.
4779650	Nous venons d'atterrir.	9751173	We zijn net geland.
1421917	Il se trouva qu'il fit son apparition lorsqu'elle ne pouvait décider quel chemin emprunter.	9751178	Bij toeval verscheen hij toen zij niet kon beslissen welke weg te volgen.
4401632	Qui a recommandé Tom pour le poste ?	9751220	Wie heeft Tom aanbevolen voor deze baan?
6834649	L'esprit condamne tout ce qu'il n'envie pas.	9751221	De geest veroordeelt alles wat hij niet benijdt.
457452	Y a-t-il une expression similaire en japonais ?	9751222	Is er een soortgelijke uitdrukking in het Japans?
827054	Comme il l'avait écrite à la hâte, sa lettre était difficile à lire.	9751225	Omdat hij hem haastig had geschreven, was zijn brief moeilijk te lezen.
5954587	Êtes-vous sûres de ne pas vouloir le garder ?	9751226	Weet u zeker dat u het niet wilt houden?
2913413	Elles ont fait allusion au divorce.	9751227	Ze hadden het over een scheiding.
3428142	Cela faisait longtemps que je n'avais pas vu Tom aussi heureux.	9751230	Het is lang geleden dat ik Tom zo gelukkig heb gezien.
4451029	J'espère que je ne vous ai pas offensé.	9751231	Ik hoop dat ik u niet heb beledigd.
6876181	Vous espériez gagner, n'est-ce pas ?	9751233	U hoopte te winnen, nietwaar?
6876181	Vous espériez gagner, n'est-ce pas ?	9751234	Jullie hoopten te winnen, nietwaar?
7871659	Nous n'avons pas eu de plaintes.	9751235	We hebben geen klachten gehad.
2911446	Tom ne voulait pas que je te le dise, mais il vient juste de perdre son boulot.	9751236	Tom wilde niet dat ik het je vertelde, maar hij is net zijn baan kwijt.
1091117	Notre train était déjà parti lorsque nous arrivâmes à la gare.	9751237	Onze trein was al vertrokken toen we op het station aankwamen.
2310554	Nous, nous travaillons et lui regarde.	9751244	Wij, wij werken en hij kijkt.
7701356	Si vous prenez votre retraite, il n'y aura plus d'affaires.	9751248	Als u met pensioen gaat, zullen er geen zaken meer zijn.
131733	Il a appelé pour dire qu'il ne pourrait pas assister à la réunion.	9751249	Hij heeft gebeld om te zeggen dat hij niet op de vergadering zou kunnen zijn.
5803156	Pourquoi résistez-vous ?	9751250	Waarom verzet u zich?
801669	Une lourde dalle de pierre fut descendue sur la tombe.	9751251	Een zware stenen plaat werd over het graf neergelaten.
7099212	Est-ce que tu es allé au restaurant hier ?	9751253	Ben je gisteren naar het restaurant geweest?
4867692	J'habite à Erevan.	9751254	Ik woon in Yerevan.
6400186	J'ai mangé un beignet.	9751255	Ik heb een donut gegeten.
835091	Il glissa et manqua de tomber.	9751256	Hij gleed uit en viel bijna.
1157582	Quel escroc vous êtes !	9751257	Wat bent u toch een oplichter!
3154572	Je ne veux pas manger ça.	9751258	Dat wil ik niet eten.
2077387	Je te suis reconnaissante pour ta patience.	9751260	Ik ben dankbaar voor je geduld.
7316237	Il m’a laissé passer.	9751263	Hij heeft me doorgelaten.
452827	Nous n'avons pas perdu de temps en l'envoyant à l'hôpital.	9751265	We hebben hem zo snel mogelijk naar het ziekenhuis gestuurd.
452827	Nous n'avons pas perdu de temps en l'envoyant à l'hôpital.	9751274	We hebben zonder tijd te verspillen hem naar het ziekenhuis gestuurd.
3633575	J'aime les énigmes.	9751275	Ik hou van raadsels.
625725	Il n'a pas beaucoup d'argent.	9751307	Hij heeft niet veel geld.
8637891	Il craint le pire concernant ce nouveau virus.	9751308	Hij vreest het ergste voor dit nieuwe virus.
1858250	Je ne suis pas bon à ça.	9751309	Ik ben hier niet goed in.
4923890	Le mur faisait trois mètres de longueur.	9751310	De muur was drie meter lang.
1049821	Je fus surpris en sachant qu'ils s'étaient mariés.	9751311	Ik was verrast toen ik ontdekte dat ze getrouwd waren.
7726011	Ce n'est pas vrai du tout.	9751312	Dat is helemaal niet waar.
6876395	Qui vous a forcé à le faire ?	9751313	Wie heeft u daartoe aangezet?
6876395	Qui vous a forcé à le faire ?	9751314	Wie heeft u gedwongen het te doen?
3432002	Ils m'ont fait mon lit en portefeuille, les salauds !	9751448	Door hun geintje kan ik niet in mijn bed kruipen, de schoften!
7928325	Parlons sérieusement.	9756043	Laten we eens serieus praten.
7883200	Essayons cela.	9756044	Laten we dat eens proberen.
7883082	Retournons-y.	9756050	Laten we daar teruggaan.
7872226	Soyons francs.	9756051	Laten we eerlijk zijn.
7839019	Quelle affaire !	9756053	Wat een koopje!
7839019	Quelle affaire !	9756054	Wat een zaak!
7823481	Nous mangerons.	9756055	We zullen eten.
7823480	Vous mangerez.	9756056	U zult eten.
7823480	Vous mangerez.	9756057	Jullie zullen eten.
7823361	Thomas roupille.	9756058	Thomas slaapt.
7823294	Elles mangeront.	9756059	Ze zullen eten.
7821847	Il enfle.	9756060	Het zwelt op.
7821847	Il enfle.	9756061	Hij zwelt op.
7821820	Il joue.	9756062	Hij speelt.
7812860	Quelle occasion!	9756064	Wat een kans!
7812860	Quelle occasion!	9756065	Wat een gelegenheid!
7801907	Oh, toi !	9756066	Oh, jij!
7801898	Ici, attrape !	9756068	Hier, vang!
7801896	Ici, regarde.	9756069	Hier, kijk.
7801779	Mordez-moi.	9756070	Bijt me.
7790568	Stop, attendez !	9756074	Halt, wacht!
7757333	Attendez ici !	9756075	Wacht hier!
7754322	Vas directement.	9756076	Ga direct.
7738104	Faites voir !	9756077	Laat mij eens kijken!
7700785	Dégage, imbécile !	9756079	Uit de weg, stomkop!
7699853	Elle fuit.	9756080	Ze is op de vlucht.
7699851	Il fuit.	9756081	Hij is op de vlucht.
7696399	Dégaine, lâche !	9756084	Trek je zwaard uit, lafaard !
7694645	Quel retour !	9756085	Wat een comeback!
7694645	Quel retour !	9756086	Wat een terugkeer!
7694619	Quelle énigme !	9756088	Wat een raadsel!
7694616	Quelle effronterie !	9756090	Wat een onbeschaamdheid!
7694614	Quel personnage !	9756091	Wat een karakter!
7694614	Quel personnage !	9756092	Wat een figuur!
7694559	Quel cri !	9756093	Wat een gil!
7689397	Réveille-toi!	9756095	Wakker worden!
7679601	Souviens-toi!	9756096	Onthoud!
7679600	Cache-toi !	9756098	Verstop je!
7679390	Chargez-le !	9756099	Laad het op!
7679390	Chargez-le !	9756100	Laad hem op!
7679274	Joyeuses fêtes !	9756101	Fijne feestdagen!
7668936	Sois clair.	9756102	Wees duidelijk.
7632262	Soyez sobres !	9756105	Wees nuchter!
7570971	Regarde-toi.	9756106	Kijk naar jezelf.
7550465	Voyons pourquoi.	9756107	Laten we eens kijken waarom.
7550465	Voyons pourquoi.	9756108	Laten we uitzoeken waarom.
7534331	Dis oui !	9756109	Zeg ja!
7497793	Tannina téléphona.	9756110	Tannina belde.
7497793	Tannina téléphona.	9756111	Tannina heeft gebeld.
7497775	Il comprend.	9756112	Hij begrijpt het.
7497774	Elle comprend.	9756113	Zij begrijpt het.
7497773	Elle disparut.	9756115	Ze is verdwenen.
7489652	Remercie-le.	9756118	Bedank hem.
7485473	Écris lisiblement !	9756119	Schrijf leesbaar!
7477452	Du rythme !	9756120	Tempo!
7467613	Tom transpirait.	9756121	Tom was aan het zweten.
7463356	Voyons voir.	9756122	Nou, laten we eens kijken.
7456577	Quelle équipe!	9756123	Wat een ploeg!
7423042	Il rumine.	9756125	Hij piekert.
7415241	Soyez prévoyant.	9756126	Wees vooruitziend.
7415193	Écoutez tous !	9756127	Iedereen luisteren!
7415193	Écoutez tous !	9756130	Luister allemaal!
7415030	Emporte-le.	9756131	Haal het weg.
7415030	Emporte-le.	9756132	Neem het mee.
7412720	Tom klaxonnait.	9756134	Tom toeterde.
7412709	Va travailler !	9756135	Ga aan het werk!
7412709	Va travailler !	9756137	Ga werken!
7412656	Tom coopère.	9756138	Tom werkt mee.
7412534	Agis équitablement !	9756139	Doe eerlijk!
7412487	Ça arrive !	9756150	Het gebeurt!
7412401	Tom tremble.	9756151	Tom beeft.
7410716	Entre, Tom.	9756153	Kom binnen, Tom.
7364676	Reste ferme!	9756154	Hou voet bij stuk!
7337389	Faites sauter.	9756155	Blaas het op.
7335607	Change-toi !	9756156	Kleed je om!
7333843	Tom acceptera.	9756157	Tom zal het accepteren.
7290502	Quel faible !	9756158	Wat een zwakkeling!
7270345	Regarde bien !	9756159	Kijk maar eens goed!
7267118	Je nettoierai.	9756160	Ik zal het opruimen.
7256756	Je déménage.	9756163	Ik verhuis.
7251880	Tom partirait.	9756164	Tom zou weggaan.
7239896	Bonne année.	9756166	Nog een fijne dag.
7234188	Salut, mecs!	9756167	Hey, jongens!
7210943	Il vagabonde.	9756168	Hij dwaalt rond.
7157253	Marché conclu.	9756171	Het is een deal.
7157253	Marché conclu.	9756172	Afgesproken.
7142160	Affaire classée.	9756173	Zaak gesloten.
7109007	Essayons ceci.	9756176	Laten we dit eens proberen.
7108993	En selle.	9756177	Stijg op.
7102086	Elle déchire.	9756179	Ze is geweldig.
7102086	Elle déchire.	9756180	Ze is te gek.
7088832	Montre-moi.	9756187	Laat me zien.
7072205	Mince alors !	9756190	Wel verdorie!
7069374	Mange-la !	9756191	Eet haar op!
7069366	Mange-le !	9756192	Eet hem op!
7060797	Terminons ceci.	9756193	Laten we dit afmaken.
7060797	Terminons ceci.	9756194	Laten we dit afronden.
7055820	Soyons damnés !	9756197	Vervloekt zijn we!
7052370	Parlez doucement !	9756199	Spreek zachtjes!
7045186	Elle fonctionnait.	9756201	Ze werkte.
7012203	Soyons contents !	9756204	Laten we blij zijn!
7011735	Soyons patients !	9756205	Laten we geduldig zijn!
6959130	Quelle discrétion !	9756206	Wat een discretie!
6891056	Belle prise !	9756209	Mooie vangst!
6877864	Elles déjeunèrent.	9756210	Ze hadden lunch.
6834040	Sami sourit.	9756217	Sami glimlacht.
6827265	Il déjeune.	9756219	Hij luncht.
6813285	Sois positif.	9756220	Wees positief.
6739642	Achète-la !	9756221	Koop haar!
6739630	Achetez-le !	9756223	Koop hem!
6716656	Je célébrais.	9756224	Ik was aan het vieren.
6716656	Je célébrais.	9756225	Ik vierde.
6716636	Tiens, goûte.	9756227	Hier, proef eens.
6640156	Laisse pisser !	9756230	Laat maar vallen!
6616273	Je tremble.	9756231	Ik beef.
6607277	Il démissionne.	9756232	Hij neemt ontslag.
6602148	Oui. Volontiers !	9756235	Ja. Graag gedaan.
6589000	Elle saigne.	9756237	Ze bloedt.
6587529	Ça fond.	9756238	Het smelt.
6579225	Guidez-moi.	9756239	Leid me.
6576610	Pas encore !	9756241	Niet opnieuw!
6576538	Pauvre fille.	9756242	Arme meid.
6560502	Je boude.	9756245	Ik mok.
6560289	Venez seules !	9756246	Kom alleen!
6559996	Noël approche !	9756248	Kerstmis komt eraan!
6545480	Allez. Essaye.	9756249	Kom op. Probeer het eens.
6540655	Sami manquait.	9756250	Sami ontbrak.
6534541	Je déconnais.	9756252	Ik was aan het rotzooien.
6463097	Je parlerai.	9756254	Ik zal het woord voeren.
6468010	Quelle bagatelle !	9756260	Wat een kleinigheid!
1416040	Allons !	9756370	Komaan!
9333091	Pareillement !	9756371	Insgelijks!
9333091	Pareillement !	9756372	Jij ook!
9333091	Pareillement !	9756373	U ook!
8332497	Voici Thomas.	9756379	Dit is Thomas.
8332498	Voici Roger.	9756380	Dit is Roger.
8332846	Accompagne-le.	9756381	Ga met hem mee.
8332847	Accompagne-la.	9756382	Ga met haar mee.
8332850	Accompagne-les.	9756383	Ga met hen mee.
8353387	Me voilà !	9756384	Hier ben ik!
8368644	Restons-y.	9756386	Laten we daar blijven.
8372727	J'hésite.	9756387	Ik ben niet zeker.
8372727	J'hésite.	9756388	Ik aarzel.
8412094	Soyons réalistes.	9756389	Laten we realistisch zijn.
8449874	Retire-la.	9756392	Neem het terug.
8449874	Retire-la.	9756394	Neem haar terug.
8449876	Ôte-la.	9756395	Doe het uit.
8453715	Merci, frangin.	9756396	Bedankt, broer.
8541486	Quel animal !	9756397	Wat een beest!
8569515	Quelle malchance !	9756401	Wat vreselijk!
8569515	Quelle malchance !	9756402	Dat is pech hebben!
8647616	Vous fumez.	9756404	U rookt.
8647616	Vous fumez.	9756405	Jullie roken.
8647622	Vous rêvez.	9756406	U droomt.
8647622	Vous rêvez.	9756408	Jullie dromen.
8647624	Vous chantez.	9756409	U zingt.
8647624	Vous chantez.	9756410	Jullie zingen.
8671199	Grosses bises !	9756432	Dikke kussen!
8690552	Écoutons-le.	9756434	Laten we naar hem luisteren.
8690571	Déballez-le.	9756435	Pak het uit.
8690582	Transmets-le.	9756437	Geef hem door.
8690613	Bon appétit.	9756448	Smakelijk.
8690616	Écris-leur.	9756451	Schrijf ze.
8756619	Vis maintenant!	9756490	Leef nu!
8776003	Emmenez-le !	9756493	Breng hem weg!
8776004	Emmenez-la !	9756497	Breng haar weg!
8776005	Emmenez-les !	9756500	Breng ze weg!
8776009	Tom freine.	9756502	Tom remt.
8776014	Nous fredonnons.	9756505	We neuriën.
8776015	Ils fredonnent.	9756506	Ze neuriën.
8833313	Il meurt.	9756511	Hij sterft.
4552060	Nombre de gens furent noyés.	9756895	Veel mensen verdronken.
8674046	Le plastique de la louche a un peu fondu car je l'ai faite tomber sur le gaz.	9756899	Het plastic van de opscheplepel is een beetje gesmolten omdat ik het op het gasfornuis heb laten vallen.
5359152	Il n'est rien arrivé à Tom.	9756900	Er is niets met Tom gebeurd.
1426979	Le résultat a vraiment été satisfaisant.	9756901	Het resultaat was echt bevredigend.
2029518	Vous pouvez en donner la totalité à Tom, si vous voulez.	9756902	U kunt het allemaal aan Tom geven, als u wilt.
3039331	Où dormirez-vous ? - Nous dormirons à l'hôtel.	9756905	"Waar zullen jullie overnachten?" - "We zullen in het hotel slapen."
1352678	Je pense qu'il serait bon d'attendre encore un peu.	9756906	Ik denk dat het goed zou zijn om nog wat langer te wachten.
8356430	Je n'arrive pas à croire que tu regardes du sport.	9756908	Ik kan niet geloven dat je naar sport kijkt.
1978196	Avant l'Internet, les amis et les amoureux devaient correspondre.	9756930	Voor het internet, moesten vrienden en geliefden met elkaar corresponderen.
8602917	Lave la vaisselle !	9756932	Doe de afwas!
7248379	Même Tom n'a pas pu répondre aux questions du professeur.	9756950	Zelfs Tom kon de vragen van de professor niet beantwoorden.
7248379	Même Tom n'a pas pu répondre aux questions du professeur.	9756952	Zelfs Tom is er niet in geslaagd de vragen van de professor te beantwoorden.
8553139	Il y a un démon en moi.	9756954	Er zit een demon in me.
1183748	Je vous lacérerai les pneus !	9757007	Ik zal uw banden doorsteken!
7414920	Tom n'est pas encore levé.	9757011	Tom is nog niet op.
7414920	Tom n'est pas encore levé.	9757013	Tom is nog niet wakker.
3346971	Elle te regardait sans cesse. N'as-tu pas remarqué ?	9757016	Ze bleef naar je kijken. Is het je niet opgevallen?
1319444	Elle ne viendra peut-être pas ici demain.	9757018	Misschien komt ze hier morgen niet.
2837735	Le sceptique est un homme qui ne se doute de rien.	9757026	De scepticus is een mens die niets vermoedt.
6568962	J'ai le cerveau en compote.	9757055	Mijn hersenen liggen in puin.
6568962	J'ai le cerveau en compote.	9757061	Van mijn hersenen is niets over.
3085721	Oui, nous avons deux enfants.	9762753	Ja, we hebben twee kinderen.
129438	Je suis allé pêcher.	9825431	Ik ben gaan vissen.
8721383	Vous êtes plus forts que nous.	9828093	U bent sterker dan wij.
3847125	Tu peux me passer ça ?	9831469	Kun je me dat even geven?
8708793	As-tu un petit creux ?	9843569	Heb je trek?
9161562	Il cuisine plutôt bien.	9843573	Hij kan best goed koken.
8737155	Je dois m'y rendre en urgence.	9843575	Ik moet er dringend heen.
8636182	Il se promène dans le château et dans les bois alentour.	9843579	Hij loopt rond in het kasteel en het omringende bos.
8695556	J'avais froid ce matin.	9843582	Ik had het koud vanmorgen.
8727363	Il s'entend bien avec son collègue.	9843585	Hij kan goed opschieten met zijn collega.
8727363	Il s'entend bien avec son collègue.	9843588	Hij komt goed overeen met zijn collega.
8696311	Elle est très adroite.	9843589	Ze is zeer bekwaam.
9159740	Tu sais où je suis.	9843590	Je weet waar ik ben.
8745459	Ça va finir en eau de boudin cette histoire.	9843597	Dit verhaal gaat slecht aflopen.
9170954	Les médias manipulent la conscience publique.	9843606	De media manipuleren het publieke bewustzijn.
8745459	Ça va finir en eau de boudin cette histoire.	9843615	Dit verhaal dreigt averechts uit te pakken.
9080013	Il n'aime pas jouer au tennis.	9844352	Hij speelt niet graag tennis.
8660721	C'est souvent la dernière personne à avoir fini de manger.	9844355	Ze is vaak de laatste die klaar is met eten.
8660721	C'est souvent la dernière personne à avoir fini de manger.	9844356	Hij is vaak de laatste die klaar is met eten.
8660721	C'est souvent la dernière personne à avoir fini de manger.	9844363	Meestal heeft die als laatste zijn eten op.
8662983	Ils se méfient de lui.	9844364	Ze wantrouwen hem.
8684968	Elle a un jacuzzi dans son jardin.	9844366	Ze heeft een bubbelbad in haar achtertuin.
9543696	Pourquoi as-tu allumé cet incendie ?	9844367	Waarom heb je die brand gesticht?
8700314	Il n'aime pas les animaux.	9844368	Hij houdt niet van dieren.
8899826	C'est un critère secondaire.	9844369	Dit is een secundair criterium.
8741598	J'ai ramassé huit huîtres.	9844370	Ik heb acht oesters opgeraapt.
1081617	Il a besoin de votre aide.	9844371	Hij heeft uw hulp nodig.
1081617	Il a besoin de votre aide.	9844372	Hij heeft jullie hulp nodig.
8696109	Elle s'acharne dessus.	9844375	Ze gaat er helemaal los op.
8696109	Elle s'acharne dessus.	9844379	Ze heeft er de pik op.
9506397	Mange ta soupe !	9845243	Eet je soep!
8627898	Pourquoi n'avez-vous pas téléphoné ?	9845245	Waarom hebt u niet gebeld?
8627898	Pourquoi n'avez-vous pas téléphoné ?	9845246	Waarom hebben jullie niet gebeld?
8630920	Je ne me pardonne pas les erreurs que je fais.	9845248	Ik vergeef mezelf niet voor de fouten die ik maak.
8637779	Ma voiture s'obstine à ne pas démarrer.	9845251	Mijn auto wil maar niet starten.
8851672	Le facteur ne passe qu'une seule fois par semaine.	9845253	De postbode komt maar een keer per week langs.
9548550	Il a su capter la magie du lieu.	9845262	Hij is erin geslaagd om de magie van de plaats vast te leggen.
9161148	Il n'est pas marrant.	9845263	Hij is niet grappig.
8649853	Elle est absente depuis trois jours.	9845264	Ze is al drie dagen weg.
8649853	Elle est absente depuis trois jours.	9845265	Ze is al drie dagen afwezig.
8685583	Qu'y a-t-il là-dessous ?	9845266	Wat zit daaronder?
9163765	Il faut en construire davantage.	9845267	We moeten er meer bouwen.
9550731	Quel ballot ce Jean !	9845272	Wat een sukkel die Jean!
8685122	Ce n'est pas dans l'axe.	9845273	Het zit niet in de as.
8637745	Il est difficile à vivre.	9845276	Het is moeilijk om ermee te leven.
9163741	Il attrape son pantalon et l'enfile.	9845279	Hij pakt zijn broek en trekt hem aan.
134196	C'est une fille si adorable !	9845280	Ze is zo'n lief meisje!
8695559	Il va faire chaud demain.	9845281	Het wordt warm morgen.
8685056	Ce logiciel est payant.	9845282	Deze software is niet gratis.
8937117	C'est rudement gentil.	9845283	Dat is erg aardig.
8630068	Pourquoi n'as-tu pas tout colorié ?	9845284	Waarom heb je niet alles ingekleurd?
8632173	Les élèves planchent sur leur devoir.	9845285	Leerlingen werken aan hun huiswerk.
8632173	Les élèves planchent sur leur devoir.	9845286	Leerlingen zijn bezig met hun huiswerk.
9467305	Il voulait acheter un nouveau veston.	9846793	Hij wilde een nieuwe vest kopen.
8943626	Ne me compare pas à lui, s'il te plaît.	9846794	Vergelijk me alsjeblieft niet met hem.
8656159	Il est remonté dans sa voiture.	9846795	Hij is terug in zijn auto gestapt.
8685308	Ça sert à quoi ? Je n'ai pas compris.	9846798	Waarvoor dient het? Ik snap het niet.
8685308	Ça sert à quoi ? Je n'ai pas compris.	9846799	Waarvoor dient het? Ik heb het niet begrepen.
9161241	Je suis ici depuis quinze jours.	9846800	Ik ben hier al twee weken.
8696026	Les grêlons ont abîmé les récoltes.	9846802	De hagelbuien hebben de gewassen beschadigd.
8700725	Il joue au football avec ses amis.	9846803	Hij speelt voetbal met zijn vrienden.
8689460	Tu dois partir maintenant.	9846807	Je moet nu gaan.
8637598	J'ai entendu son émouvant récit.	9846808	Ik heb zijn aangrijpende verhaal gehoord.
8691084	Elle grasseyait en nasillant.	9846940	Ze brouwde door haar neus.
8700619	Où as-tu trouvé ce coquillage ?	9846948	Waar heb je deze schelp gevonden?
8685279	Elle ne sait pas par où commencer.	9846949	Ze weet niet waar ze moet beginnen.
9543570	D'où part cette tranchée ?	9846950	Waar begint deze geul?
8717541	Marie est malentendante.	9846951	Marie is hardhorend.
8938012	Les feuilles s'étiolent.	9846953	De bladeren verkleuren.
8693195	J'aime voyager à vélo.	9846954	Ik reis graag met de fiets.
8897491	Non, ça ne me parle pas.	9846958	Nee, dat zegt me niets.
8673071	Les habitants de l'Afghanistan sont appelés afghans.	9846959	De inwoners van Afghanistan worden Afghanen genoemd.
9704669	Il ne dort plus.	9846961	Hij slaapt niet meer.
9167809	Le restaurant ferme dans un quart d'heure.	9846962	Het restaurant sluit over 15 minuten.
9167809	Le restaurant ferme dans un quart d'heure.	9846963	Het restaurant sluit over een kwartier.
8314990	Les arbres perdent leurs feuilles.	9848618	De bomen verliezen hun bladeren.
8631249	La proie s'est échappée.	9848619	De prooi is ontsnapt.
8696469	N'envenimez pas les choses !	9848621	Maak het niet erger!
8743616	Elle était très heureuse.	9848623	Ze was heel gelukkig.
9557478	Il peut y avoir des embrouilles.	9848625	Er kunnen problemen ontstaan.
9506535	Marie est enceinte de Jean.	9848627	Maria is zwanger van Jean.
9468202	Enfile ta chemise !	9848629	Doe je hemd aan!
9555969	Ces tests sont faussés.	9848631	Deze tests zijn vervalst.
8637949	Le texte a subi des altérations.	9848633	De tekst is aangepast.
8938998	Il lui en a pris.	9848648	Hij heeft er wat van hem gepakt.
8938998	Il lui en a pris.	9848649	Hij heeft er wat van haar gepakt.
8938998	Il lui en a pris.	9848660	Hij heeft er wat bij hem gekocht.
8938998	Il lui en a pris.	9848661	Hij heeft er wat bij haar gekocht.
8637949	Le texte a subi des altérations.	9848668	De tekst heeft wijzigingen ondergaan.
8899802	Elle y habitait autrefois.	9848671	Ze woonde daar vroeger.
8312917	La manette de jeu est cassée.	9848672	De joystick is kapot.
8716333	J'attends encore un peu.	9848673	Ik wacht nog even.
9771533	Je vais lui dire oui.	9848676	Ik ga hem ja zeggen.
8748863	Rapporte-le moi !	9848678	Breng het naar mij!
9151644	Nous avons besoin d'hommes comme toi.	9848680	We hebben mannen zoals jij nodig.
8764505	Vous devez former deux équipes de cinq personnes.	9848681	Jullie moeten twee teams van vijf personen vormen.
8315285	N'avale pas ce bonbon tout rond.	9848682	Slik dat ronde snoep niet in.
8760593	Il a fabriqué une mangeoire à oiseaux.	9848684	Hij heeft een vogelvoederhuisje gemaakt.
9557280	Ils ont un vocabulaire limité.	9848686	Ze hebben een beperkte woordenschat.
9557478	Il peut y avoir des embrouilles.	9850302	Er kan verwarring optreden.
8689582	Il préfère ne pas le faire.	9851066	Dat doet hij liever niet.
8696158	Elle pigeait tout.	9851068	Ze snapte alles.
6375975	Vous étiez dans le taxi, n'est-ce pas ?	9851071	U zat in de taxi, nietwaar?
6375975	Vous étiez dans le taxi, n'est-ce pas ?	9851072	Jullie zaten in de taxi, nietwaar?
8660673	Nous ne l'avons pas encore fait.	9851073	Dat hebben we nog niet gedaan.
8700503	L'Algérie a signé de nombreux accords économiques avec la Chine.	9851077	Algerije heeft talrijke economische overeenkomsten gesloten met China.
9543509	La bâtisse était en feu.	9851078	Het gebouw stond in brand.
8684967	Il a un jacuzzi dans son jardin.	9851079	Hij heeft een bubbelbad in zijn achtertuin.
8737020	D'autres sujets pourront-ils être abordés ?	9851090	Kunnen er nog andere onderwerpen besproken worden?
8639891	Il s'est pris un poteau en marchant dans la rue.	9851091	Hij liep tegen een paal toen hij over straat liep.
8639891	Il s'est pris un poteau en marchant dans la rue.	9851094	Hij knalde tegen een paal aan toen hij over straat liep.
9556028	Elle passe entre les rangs.	9851095	Ze loopt tussen de rijen door.
8643757	Ils vont revenir tout de suite.	9851096	Ze zijn zo terug.
9505734	Pries-tu ?	9851097	Bid je?
8940631	Il ne porte pas de masque.	9851098	Hij draagt geen masker.
9130412	Passe-moi le casse-noix.	9851099	Geef me de notenkraker.
9583695	Je l'ai reçu il y a quinze jours.	9851100	Ik heb het twee weken geleden ontvangen.
9583695	Je l'ai reçu il y a quinze jours.	9851101	Ik heb hem twee weken geleden ontvangen.
9583695	Je l'ai reçu il y a quinze jours.	9851102	Ik heb haar twee weken geleden ontvangen.
8632285	La boue dévale la pente et emporte tout sur son passage.	9851118	De modder stroomt van de helling en sleept alles mee wat op zijn weg staat.
9113904	Tom allait à l'église le dimanche.	9851119	Tom ging zondag naar de kerk.
8742205	Elle ne veut pas travailler.	9851120	Ze wil niet werken.
8681639	Tu peux t'inscrire gratuitement.	9851122	Je kunt je gratis inschrijven.
8578306	C'est le maître queux qui donne les ordres en cuisine.	9851128	De keukenmeester geeft de bevelen in de keuken.
9467305	Il voulait acheter un nouveau veston.	9854026	Hij wilde een nieuw jasje kopen.
8329326	Tu devrais passer par l'arrière, c'est plus simple.	9854377	Je kunt beter via de achterkant gaan, het is makkelijker.
9542972	Que lis-tu comme journal ?	9854384	Wat voor krant lees je?
8709111	Il sait faire de la magie.	9854389	Hij kan toveren.
8741427	Elle ne m'a rien dit d'intéressant.	9854392	Ze heeft me niets interessants verteld.
8329282	Je dois me faire soigner de toute urgence.	9854393	Ik heb dringend medische hulp nodig.
8329282	Je dois me faire soigner de toute urgence.	9854396	Ik moet dringend medische hulp krijgen.
9505761	J'aimerais devenir chrétien.	9854398	Ik zou graag christen willen worden.
8698823	Ça va me coûter la peau des fesses !	9854409	Het gaat me een fortuin kosten!
8698823	Ça va me coûter la peau des fesses !	9854437	Dat gaat me liefst vijf ruggen kosten!
8698823	Ça va me coûter la peau des fesses !	9854444	Dat gaat een rib uit mijn lijf kosten!
8729665	Sa maison se situait dans une vraie thébaïde.	9854493	Zijn huis was gelegen in een echte oase van rust.
8729665	Sa maison se situait dans une vraie thébaïde.	9854494	Haar huis was gelegen in een echte oase van rust.
8696136	Je suis à bout de patience !	9854496	Mijn geduld raakt op!
8729179	Il l'a acheté tout entière.	9854498	Hij heeft het hele ding gekocht.
8729179	Il l'a acheté tout entière.	9854502	Hij heeft het in zijn geheel gekocht.
8851804	Il y en a encore une autre.	9854508	Er is er nog een.
9177301	Appelez-moi dès que vous y êtes.	9854652	Bel me zodra u er bent.
9177301	Appelez-moi dès que vous y êtes.	9854654	Bel me zodra jullie er zijn.
3269230	Ça passe maintenant sur TF1.	9854656	Het is nu op TF1.
8703372	Certaines personnes aiment le danger.	9854659	Sommige mensen houden van gevaar.
9505790	Ils vivent dans un pays catholique.	9854950	Ze leven in een katholiek land.
8684971	Je suis issu d'une famille catholique.	9854951	Ik kom uit een katholieke familie.
8729114	Ils restent ensemble.	9854952	Ze blijven bij elkaar.
3111490	Partons quand tu es prête.	9854955	Laten we gaan als je klaar bent.
8627809	Nous passâmes de longs moments à rêver au bord de la rivière.	9854957	We brachten lange momenten dromend door bij de rivier.
8881607	Pouvez-vous résumer ?	9854959	Kunt u het samenvatten?
8881607	Pouvez-vous résumer ?	9854960	Kunnen jullie het samenvatten?
9161637	M'a-t-elle regardé ?	9854961	Heeft ze naar me gekeken?
8690758	Il s'est rendu sur les lieux.	9854965	Hij is ter plaatse gegaan.
8628362	Pour rééduquer sa jambe, il nage tous les jours pendant une heure.	9854992	Voor de heropvoeding van zijn been, zwemt hij elke dag een uur.
9171646	Je dors plutôt bien.	9854994	Ik slaap best goed.
1582316	Quel kilométrage avez-vous avec cette voiture ?	9972731	Welke kilometerstand heeft u met deze auto?
7785455	Pourquoi étudies-tu l'allemand ?	9976576	Waarom studeer je Duits?
9353758	Vous devriez planter des genièvres.	10014921	Je zou jeneverbessen moeten planten.
9663522	Oberhof est vraiment la capitale du biathlon.	10021002	Oberhof is echt de hoofdstad van het biatlon.
1557081	La métamorphose de la chenille en papillon m'a toujours fasciné.	10021016	De metamorfose van de rups tot vlinder heeft mij altijd gefascineerd.
8329386	J'ai fait des crêpes.	10023872	Ik heb pannenkoeken gemaakt.
8329386	J'ai fait des crêpes.	10023873	Ik heb crêpes gemaakt.
8329386	J'ai fait des crêpes.	10023874	Ik heb flensjes gemaakt.
6376757	Ces crêpes sont vraiment délicieuses.	10023876	Deze crêpes zijn echt heerlijk.
6376757	Ces crêpes sont vraiment délicieuses.	10023877	Deze flensjes zijn echt heerlijk.
979687	De nombreux acteurs du monde informatique militent pour une plus forte décentralisation des services internet.	10024358	Veel spelers in de IT-wereld voeren campagne voor meer decentralisatie van internetdiensten.
9745586	Ils sortent.	10038204	Ze vertrekken.
9745586	Ils sortent.	10038207	Ze komen naar buiten.
9745586	Ils sortent.	10038209	Ze zijn op weg naar buiten.
9745586	Ils sortent.	10038211	Ze gaan uit.
8692663	Je dors en caleçon.	10057770	Ik slaap in mijn onderbroek.
8700652	Mon caleçon est noir.	10057771	Mijn onderbroek is zwart.
8692672	Ton caleçon a un trou.	10057772	Er zit een gat in je onderbroek.
9982111	Son caleçon est trop petit.	10057773	Zijn onderbroek is te klein.
9982111	Son caleçon est trop petit.	10057774	Haar onderbroek is te klein.
9983307	Il a oublié son caleçon.	10057775	Hij vergat zijn onderbroek.
9983307	Il a oublié son caleçon.	10057776	Hij is z'n onderbroek vergeten.
1686260	Je ne porte pas de caleçon.	10057779	Ik draag geen onderbroek.
8700650	Il enfile son caleçon de bain.	10057784	Hij trekt zijn zwembroek aan.
8692664	Je change de caleçon tous les jours.	10057786	Ik verander elke dag van onderbroek.
9982109	Où as-tu rangé mes caleçons ?	10057788	Waar heb je mijn onderbroeken gestopt?
9982110	Il s'est acheté un nouveau caleçon.	10057794	Hij kocht voor zichzelf een nieuwe onderbroek.
9982110	Il s'est acheté un nouveau caleçon.	10057795	Hij heeft voor zichzelf een nieuwe onderbroek gekocht.
8692670	Je n'ai pas apporté assez de caleçons.	10057796	Ik heb niet genoeg onderbroeken meegenomen.
8692667	J'ai déjà préparé mes caleçons et mes chaussettes.	10057797	Ik heb mijn onderbroeken en sokken al ingepakt.
9655298	Trouves-tu que cette cravate va avec ce caleçon ?	10057798	Denk je dat deze stropdas bij die onderbroek past?
9983303	Quel sketch !	10057799	Wat een sketch!
8708598	J'adore ses sketchs.	10057800	Ik ben gek op zijn sketches.
8633388	C'est un très bon sketch.	10057801	Het is een zeer goede sketch.
8637953	Le spectacle alterne sketchs et chansons.	10057802	De show wisselt sketches en liedjes af.
8708601	Il fait de très bons sketchs.	10057803	Hij doet erg goede sketches.
8708602	Elle fait de très bons sketchs.	10057804	Zij doet erg goede sketches.
9983302	C'est un sketch ce discours !	10057805	Deze toespraak is een sketch!
8708596	As-tu vu son dernier sketch ?	10057806	Heb je zijn laatste sketch gezien?
8708596	As-tu vu son dernier sketch ?	10057807	Heb je haar laatste sketch gezien?
8708597	Avez-vous vu son dernier sketch ?	10057808	Hebt u zijn laatste sketch gezien?
8708597	Avez-vous vu son dernier sketch ?	10057809	Hebt u haar laatste sketch gezien?
8633391	C'est un sketch que j'ai écrit.	10057810	Het is een sketch die ik schreef.
8633391	C'est un sketch que j'ai écrit.	10057811	Het is een sketch die ik geschreven heb.
8547743	Quand on est candidat à la fonction suprême, on n'est pas là pour faire des sketches.	10057813	Als je kandidaat bent voor het hoogste ambt, ben je er niet om sketches op te voeren.
8741520	Il a mal au tibia.	10057815	Zijn scheenbeen doet pijn.
8741521	Elle a mal au tibia.	10057816	Haar scheenbeen doet pijn.
8741517	Il s'est blessé au tibia.	10057817	Hij heeft zich aan zijn scheenbeen verwond.
8741518	Elle s'est fendue le tibia.	10057864	Ze heeft haar scheenbeen opengehaald.
8741519	Il s'est brisé le tibia.	10057866	Hij brak zijn scheenbeen.
8741519	Il s'est brisé le tibia.	10057867	Hij heeft zijn scheenbeen gebroken.
9466710	J'ai mal au tibia droit.	10057868	Mijn rechterscheen doet pijn.
9466711	J'ai une douleur au tibia.	10057869	Ik heb pijn in mijn scheenbeen.
9982112	Il a une douleur au tibia.	10057870	Hij heeft pijn in zijn scheenbeen.
8741522	Il l'a frappé dans le tibia.	10057871	Hij raakte hem op zijn scheenbeen.
8741522	Il l'a frappé dans le tibia.	10057872	Hij heeft hem op zijn scheenbeen geraakt.
8741524	Heureusement que j'avais mes protège-tibias.	10057874	Het is maar goed dat ik mijn scheenbeschermers aanhad.
9982113	Je me suis fait mal au tibia.	10057875	Ik heb mijn scheenbeen bezeerd.
7583720	Le tibia est un os du membre inférieur.	10057877	De tibia is een bot van de onderste ledematen.
7583720	Le tibia est un os du membre inférieur.	10057879	Het scheenbeen is een bot van de onderste ledematen.
9982114	Les joueurs de football portent des protège-tibias.	10057880	Voetbalspelers dragen scheenbeschermers.
9333856	Tom est à l'hôpital avec une fracture du tibia.	10057882	Tom ligt in het ziekenhuis met een gebroken scheenbeen.
9466713	J'ai mal au tibia, c'est sûrement une périostite.	10057885	Mijn scheenbeen doet pijn. Het is waarschijnlijk een periostitis.
9466713	J'ai mal au tibia, c'est sûrement une périostite.	10057886	Mijn scheenbeen doet zeer. Het zal wel een beenvliesontsteking zijn.
9393312	J'ai dû acheter des gants de boxe, des protège-tibias, un casque et tout le bataclan.	10057965	Ik moest bokshandschoenen, scheenbeschermers, een helm en de hele mikmak kopen.
542618	On ne voit bien qu'avec le tibia. Dans le noir, l'essentiel est invisible pour les yeux.	10057966	Je kunt alleen goed zien met je scheenbeen. In het donker is het essentiële onzichtbaar voor de ogen.
8058764	Certes, il y avait un crâne et deux tibias dessinés sur la bouteille, mais ce n'était peut-être qu'un revigorant.	10057967	Nou ja, er stonden een schedel en twee schenen op de fles getekend, maar misschien was het gewoon een oppepper.
8058764	Certes, il y avait un crâne et deux tibias dessinés sur la bouteille, mais ce n'était peut-être qu'un revigorant.	10058100	Er waren weliswaar een schedel en twee schenen op de fles getekend, maar misschien was het gewoon een pepmiddel.
7939125	Soyez solidaire.	10071841	Wees solidair.
8689725	Ils sont unis et solidaires.	10071845	Ze zijn verenigd en solidair.
6840128	Je sais que Tom sera solidaire.	10071851	Ik weet dat Tom ondersteunend zal zijn.
2411520	Je pense que nous devrions rester solidaires.	10071868	Volgens mij zouden we solidair moeten blijven.
2393659	Si nous sommes solidaires, nous pourrons faire sortir le Diable de l'enfer.	10072195	Als we samen staan, kunnen we de duivel uit de hel lokken.
1018563	Les associés en nom collectif sont obligés solidairement et indéfiniment à tous les engagements de la société.	10072225	De vennoten onder firma zijn hoofdelijk en onbeperkt aansprakelijk voor alle verbintenissen van de maatschap.
8673222	C'est périmé depuis cinq jours.	10072315	Het is vijf dagen over datum.
8673223	Cet article est déjà périmé.	10072319	Dit artikel is al bedorven.
2442572	Toute cette chantilly périmée, c’est ballot.	10072324	Al deze bedorven slagroom, wat jammer.
8517267	C’est périmé depuis trois jours, mais bon, ça devrait aller.	10072356	Het is drie dagen over datum, maar normaal zou het geen kwaad kunnen.
7664074	Le propriétaire du magasin ne s'était pas rendu compte qu'un grand nombre de ses produits étaient déjà périmés.	10072358	De winkeleigenaar besefte niet dat veel van zijn producten al over de datum waren.
8328580	La farine était périmée donc le gâteau n'a gonflé que de la moitié de ce qu'il aurait dû.	10072361	Het meel was bedorven, dus werd de cake maar half zo dik als hij had moeten zijn.
8943787	Il est devenu sénile.	10072362	Hij is seniel geworden.
8700656	Il est devenu complètement sénile.	10072364	Hij is helemaal seniel geworden.
1034841	Nous devons envisager qu'elle soit sénile.	10072365	We moeten bedenken dat ze seniel is.
8700659	Il n'est pas encore tout à fait sénile.	10072422	Hij is nog niet helemaal seniel.
8700589	C'est un dépaysement total !	10072590	Wat een verandering van omgeving!
8516200	Il ne se sentait pas très dépaysé.	10072592	Hij voelde zich er best thuis.
8671018	Il est venu à la campagne rechercher le dépaysement.	10072593	Hij kwam naar het platteland op zoek naar een verandering van omgeving.
5451843	Dès mon arrivée à Manille, le sentiment de dépaysement était total.	10072610	Zodra ik in Manilla aankwam, was het gevoel van desoriëntatie totaal.
2334806	Le procès a été dépaysé.	10072620	De zaak is naar een ander gerecht verwezen.
8673162	J'aime l'odeur du thym.	10072624	Ik hou van de geur van tijm.
9213561	Laissez mijoter pendant 5 minutes 5 belles tomates pelées et hachées, avec l'ail, le thym et le laurier.	10072628	Laat gedurende 5 minuten 5 mooie gepelde en in stukjes gesneden tomaten sudderen, met de knoflook, tijm en laurier.
6072623	Senteur de thym et de lavande suit les jeunes filles, senteur de genêt fumé suit les femmes mariées.	10072646	Het parfum van tijm en lavendel volgt jongedames, het parfum van gerookte brem volgt gehuwde vrouwen.
1068877	Autre pays, autres mœurs.	10081163	's Lands wijs, 's lands eer.
3292480	Tu ne m’aimes plus ?	10100708	Hou je niet meer van me?
8079687	Je ne sais plus ce que je voulais dire.	10100750	Ik weet niet meer wat ik wou zeggen.
9402699	Tom adore les spaghettis.	10120200	Tom is dol op spaghetti.
10127925	Les dettes sont quérables et non portables.	10127927	Schulden zijn haalbaar en niet draagbaar.
10089307	Savez-vous où Tom et Marie travaillent ?	10132602	Weet u waar Tom en Maria werken?
3674558	Peux-tu me donner une autre alternative ?	10133023	Kan je me een alternatief geven?
8984368	Frappe-le.	10170425	Sla hem.
8984378	Je travaille !	10170426	Ik ben aan het werken!
8984378	Je travaille !	10170429	Ik ben bezig!
8984382	Soyez assertifs.	10170430	Wees assertief.
8984392	Commencez modestement.	10170438	Begin klein.
8984403	Soyez curieux.	10170440	Wees nieuwsgierig.
8984412	Soyez spontané.	10170448	Wees spontaan.
8984433	Pauvre bougre.	10170454	Arme stakker.
8984447	Message reçu.	10170461	Boodschap ontvangen.
8984447	Message reçu.	10170464	Bericht ontvangen.
8984458	Creusez profondément.	10170465	Graaf diep.
8984463	Apportez ceci.	10170471	Breng dit mee.
8984465	Vous savez.	10170475	U weet.
8984465	Vous savez.	10170476	Jullie weten.
8984466	Tu sais.	10170479	Je weet.
8984477	Impliquez-vous.	10170480	Doe mee.
8984479	Implique-toi.	10170491	Betrek jezelf.
8984477	Impliquez-vous.	10170497	Betrek uzelf.
8984477	Impliquez-vous.	10170499	Wees betrokken.
8984484	Meurs, bestiole !	10170500	Sterf, insect!
8984584	Cours vite.	10170508	Loop snel.
8999129	Ouvre-la.	10170510	Maak het open.
9014412	Cool, Raoul !	10170519	Effe chillen!
9017519	Il refusa.	10170523	Hij weigerde.
9017530	Il grogna.	10170525	Hij gromde.
9017545	Il reniflait.	10170529	Hij snoof.
9017554	Il marmonnait.	10170535	Hij mompelde.
9017574	Il insista.	10170538	Hij drong aan.
9025580	Joyeux Ramadan.	10172044	Fijne Ramadan.
9025571	Vous encore !	10172045	U nogmaals!
9025571	Vous encore !	10172046	Jullie nogmaals!
9025570	Encore toi !	10172047	Jij nogmaals!
9025544	Très intéressant !	10172048	Zeer interessant!
9025539	Elle exagère.	10172049	Ze overdrijft.
9025534	Elle voyage.	10172050	Ze reist.
9025531	Pas exactement.	10172051	Niet helemaal.
9025217	Détrompe-toi !	10172053	Neem dat maar van mij aan!
9025217	Détrompe-toi !	10172054	Vergis je niet!
9025217	Détrompe-toi !	10172055	Denk nog eens na!
9025188	Tu interfères.	10172056	Je stoort.
9025039	Soyons prêtes.	10172059	Laten we er klaar voor zijn.
9025018	Je prospérerai.	10172065	Ik zal welvaren.
9025018	Je prospérerai.	10172067	Ik zal voorspoed hebben.
9025016	Elle simplifie.	10172068	Ze vereenvoudigt.
9025015	Il simplifie.	10172069	Hij vereenvoudigt.
9025012	Elle résume.	10172070	Ze vat samen.
9025011	Il résume.	10172071	Hij vat samen.
9024992	Elles viendront.	10172072	Ze zullen komen.
9022937	Contrôlez-vous.	10172073	Beheers uzelf.
9022937	Contrôlez-vous.	10172074	Hou uzelf onder controle.
9020426	Ah, formidable.	10172075	Ah, geweldig.
9020426	Ah, formidable.	10172076	Ah, fantastisch.
9020417	Achetez biélorusse !	10172077	Koop Wit-Russisch!
9020396	Dégage, corniaud !	10172078	Uit de weg, mormel!
9020396	Dégage, corniaud !	10172079	Uit de weg, misbaksel!
9020372	Attention, lojbaniste !	10172080	Attentie, lojbanist!
9020228	Sortez tous.	10172081	Wegwezen, jullie allemaal.
9020228	Sortez tous.	10172082	Wegwezen, iedereen.
9017638	Il hésita.	10172083	Hij aarzelde.
9017622	Il tremblait.	10172084	Hij beefde.
9017620	Il frissonnait.	10172085	Hij trilde.
8984480	En cours.	10172086	Aan de gang.
9034038	Abstiens-toi !	10176715	Zet het uit je hoofd!
9034037	Abstenez-vous !	10176716	Zet het uit uw hoofd!
9030076	Sois flatteuse.	10176718	Wees vleiend.
9030050	Toujours ouverte.	10176720	Altijd open.
9030048	Quelle bêtise !	10176721	Wat een nonsens!
9030042	Parlez, John !	10176722	Spreek, John!
9030038	Bonjour, père.	10176723	Goedendag, vader.
9030031	Vise haut.	10176724	Richt hoog.
9030031	Vise haut.	10176725	Mik hoog.
9030031	Vise haut.	10176726	Streef hoog.
9030027	Libérez Israël !	10176728	Bevrijd Israël!
9030016	Lèche-bottes.	10176729	Slijmbal.
9030016	Lèche-bottes.	10176730	Kontlikker.
9030006	Il parle.	10176732	Hij spreekt.
9025718	Réduis-le.	10176733	Verminder het.
9025718	Réduis-le.	10176734	Verklein het.
9025710	La ferme.	10176736	Hou je bek.
9025710	La ferme.	10176737	Kop dicht.
9025708	Bourre-le.	10176754	Pomp het vol.
9025708	Bourre-le.	10176757	Pomp hem vol.
9025706	Remplis-le.	10176758	Vul het in.
9025700	Tom jure.	10176759	Tom zweert.
9025700	Tom jure.	10176760	Tom vloekt.
9025698	Tom parie.	10176761	Tom wedt.
9025698	Tom parie.	10176763	Tom gokt.
9025687	Silence, camarades !	10176768	Stilte, kameraden!
9025679	Pauvre stégosaure.	10176770	Arme stegosaurus.
9025677	Sacré stégosaure !	10176773	Wat een stegosaurus!
9025667	Très bonne.	10176775	Heel goed.
9025667	Très bonne.	10176777	Zeer goed.
9025659	Aucun accueil.	10176785	Geen ontvangst.
9025656	Oups, faux !	10176786	Oeps, fout!
9025656	Oups, faux !	10176788	Oeps, verkeerd!
9025656	Oups, faux !	10176789	Oeps, mis!
9025641	Déteste-moi !	10176791	Haat me!
9025625	Tom grimaça.	10176795	Tom huiverde.
9025618	Inscris-toi.	10176802	Schrijf je in.
9025617	Inscrivez-vous.	10176803	Schrijf u in.
9025615	Quelle sagesse !	10176804	Wat een wijsheid!
9025599	Enfuis-toi.	10176805	Ren weg.
9025596	Filme ceci.	10176811	Film dit.
8637826	La compote est excellente !	10204068	De moes is heerlijk!
8637882	Je le déclare innocent.	10204069	Ik verklaar hem onschuldig.
8637904	Cet homme a tort.	10204070	Deze man heeft het mis.
8637912	Le match est terminé.	10204071	De wedstrijd is voorbij.
8637912	Le match est terminé.	10204072	De wedstrijd is afgelopen.
8637913	Cette fille est détestable.	10204073	Dit meisje is afschuwelijk.
8637914	Elle s'exprime vulgairement.	10204074	Ze drukt zich vulgair uit.
8637914	Elle s'exprime vulgairement.	10204094	Ze drukt zich volks uit.
8637925	Elle se défend bien.	10204105	Ze verdedigt zich goed.
8637926	Elle sait se défendre.	10204107	Ze weet hoe ze zich moet verdedigen.
8637926	Elle sait se défendre.	10204108	Ze kan zichzelf verdedigen.
8637928	La buvette reste ouverte.	10204109	De drankkraam blijft open.
8637942	Il gisait au sol.	10204113	Hij lag op de grond.
8637943	Cet alligator est gigantesque !	10204118	Deze alligator is reusachtig!
8637970	Ton frère te ressemble.	10204119	Je broer lijkt op jou.
8638066	C'est un cleptomane.	10204121	Hij is een kleptomaan.
8638074	Je t'ai vu !	10204125	Ik heb je gezien!
8638106	Il cultive son champ.	10204126	Hij bewerkt zijn akker.
8638283	Il a beaucoup maigri.	10204127	Hij is veel afgevallen.
8638284	Il s'est amaigri.	10204128	Hij is vermagerd.
8638288	J'adore les amandes.	10204134	Ik hou van amandelen.
8638291	Les matelots sont amarinés.	10204135	Matrozen zijn aan de zee gewend.
8638516	Ce score est améliorable.	10204144	Deze score kan verbeterd worden.
8638516	Ce score est améliorable.	10204145	Deze score kan beter.
8638540	Il parle sans ambages.	10204146	Hij spreekt duidelijk.
8638540	Il parle sans ambages.	10204147	Hij noemt man en paard.
8638557	Cette entreprise est ambitieuse.	10204148	Dit is een ambitieuze onderneming.
8638557	Cette entreprise est ambitieuse.	10204149	Dit is een ambitieus project.
8638560	Il souffre d'amblyopie.	10204152	Hij lijdt aan amblyopie.
8639719	L'amende était salée.	10204156	De boete was hoog.
8639719	L'amende était salée.	10204160	Het was een forse boete.
8674117	Le résultat est décevant.	10204162	Het resultaat is teleurstellend.
8674129	Il prend l'air.	10204169	Hij haalt een frisse neus.
8674130	Elle prend l'air.	10204170	Ze haalt een frisse neus.
8674129	Il prend l'air.	10204171	Hij hapt wat frisse lucht.
8674130	Elle prend l'air.	10204172	Ze hapt wat frisse lucht.
8674225	Prenez tout votre temps !	10204173	Neem je tijd!
8674225	Prenez tout votre temps !	10204175	Neem uw tijd!
8674250	Ce terril est impressionant.	10204761	Deze steenberg is indrukwekkend.
8674501	C'est pour toi !	10204762	Het is voor jou!
8674536	C'est largement suffisant.	10204763	Het is meer dan voldoende.
8674538	C'est amplement suffisant.	10204764	Het is ruimschoots voldoende.
8676083	On en dénombre quarante.	10204766	Men telt er veertig.
8676083	On en dénombre quarante.	10204768	Het zijn er veertig.
8676129	Il est soudainement apparu.	10204774	Hij dook ineens op.
8676129	Il est soudainement apparu.	10204780	Hij is plots verschenen.
8676160	Le film est raté.	10204782	De film is een mislukking.
8676187	Nous y arrivons enfin.	10204786	We zijn er eindelijk.
8676187	Nous y arrivons enfin.	10204788	We komen er eindelijk.
8676198	Mets-y le feu !	10204790	Steek het aan!
8676198	Mets-y le feu !	10204791	Steek het in brand!
8676198	Mets-y le feu !	10204792	Steek 'm in de fik!
8676331	J'avais remarqué ça.	10204793	Dat had ik gemerkt.
8676331	J'avais remarqué ça.	10204794	Dat was me opgevallen.
8676353	Elle s'est ratée.	10204796	Ze heeft haar kans gemist.
8676353	Elle s'est ratée.	10204797	Ze heeft het niet gehaald.
8676355	Il s'est raté.	10204798	Hij heeft zijn kans gemist.
8676397	Nous devons l'apprendre.	10204799	We moeten het leren.
8676402	Détendez-vous chers amis !	10204800	Rustig aan, lieve vrienden!
8676415	Mince, c'est raté.	10204801	Verdomme, het is mislukt.
8676415	Mince, c'est raté.	10204803	Verdorie, dat wordt niks.
8676417	Qui nous parle ?	10204805	Wie praat met ons?
8676418	Qui veut parler ?	10204806	Wie wil er praten?
8676420	Elle veut lui parler.	10204807	Ze wil met hem praten.
8637803	Il lavera les carreaux.	10204832	Hij zal de ramen wassen.
8637797	On nous a observés.	10204834	We werden geobserveerd.
8637789	Il m'a menacé !	10204836	Hij heeft me bedreigd!
8637765	Ne lui nuisez pas !	10204841	Doe hem geen kwaad!
8637759	Soyez patient, ça arrive.	10204867	Wees geduldig, dat komt wel.
8637756	Il s'ennuie profondément.	10204869	Hij verveelt zich enorm.
8637751	Il les a oubliées.	10204870	Hij is ze vergeten.
8637747	Ton travail est bâclé.	10204871	Je werk is slordig.
8637740	Lequel préférez-vous ?	10204883	Welke hebt u liever?
8637740	Lequel préférez-vous ?	10204884	Welke hebben jullie liever?
8637732	La forêt prend feu.	10204885	Het bos vliegt in brand.
8637732	La forêt prend feu.	10204886	Het bos vat vlam.
8637731	Ils brûlent du bois.	10204889	Ze verbranden hout.
8637719	Nous reviendrons cet été.	10204892	We komen deze zomer terug.
8637710	Son comportement est inadmissible.	10204893	Zijn gedrag is onaanvaardbaar.
8637708	Il convoque ses parents.	10204894	Hij roept zijn ouders op.
8637707	Ils rencontrent le professeur.	10204895	Ze ontmoeten de leraar.
8637705	Il récupère ses clefs.	10204896	Hij krijgt zijn sleutels terug.
8637705	Il récupère ses clefs.	10204897	Hij haalt zijn sleutels terug.
8637704	Il ramasse ses clefs.	10204898	Hij pakt zijn sleutels.
8637704	Il ramasse ses clefs.	10204899	Hij raapt zijn sleutels op.
8637701	Il en ramasse une.	10204901	Hij raapt er een op.
8637685	Il préfère rester coucher.	10204902	Hij blijft liever thuis.
8637682	Il attrape un rhume.	10204903	Hij vat een kou.
8637679	Il récolte ses choux.	10204904	Hij oogst zijn kool.
8637674	Il cueille les framboises.	10204905	Hij plukt de frambozen.
8637628	Il parle de moi.	10204906	Hij praat over mij.
8637628	Il parle de moi.	10204907	Hij heeft het over mij.
8637617	Il attelle quatre chevaux.	10204908	Hij spant vier paarden in.
8637606	Je l'écoute chanter.	10204909	Ik luister naar haar gezang.
8637605	Ce récit est touchant.	10204910	Dit is een ontroerend verhaal.
8637604	Ce roman le passionne.	10204915	Hij vindt deze roman heel boeiend.
8637597	Il travaille au moulin.	10204917	Hij werkt in de molen.
8637593	Il veut venir demain.	10204919	Hij wil morgen komen.
8637592	Il repassera demain soir.	10204921	Hij komt morgenavond terug.
8637586	La vallée est inondée.	10204924	De vallei is overstroomd.
8637586	La vallée est inondée.	10204925	Het dal is overstroomd.
8636462	Regarde mon nouveau poster.	10204926	Kijk naar mijn nieuwe poster.
8636398	Il s'en va.	10204928	Hij gaat weg.
8636398	Il s'en va.	10204930	Hij vertrekt.
8636392	C'est une allégorie.	10204933	Het is een allegorie.
8636191	Ma jument est alezane.	10204940	Mijn merrie is voskleurig.
8636184	Il faut les alerter.	10204948	Ze moeten gewaarschuwd worden.
8636179	Le résultat est aléatoire.	10204953	Het resultaat is willekeurig.
8636179	Le résultat est aléatoire.	10204955	De uitkomst is willekeurig.
8636155	La situation est alarmante.	10204956	De situatie is alarmerend.
8636155	La situation est alarmante.	10204958	De situatie is verontrustend.
8636153	Il utilise un alambic.	10204975	Hij gebruikt een distilleerapparaat.
8636153	Il utilise un alambic.	10204976	Hij gebruikt een stokerij.
8636149	La veste est ajustée.	10204977	Het jasje zit op maat.
8636148	Elle réajuste sa robe.	10204978	Ze past haar jurk aan.
8636144	Il fait un rajout.	10204983	Hij voegt iets toe.
8636141	Cela se comprend aisément.	10205005	Dat is heel begrijpelijk.
8636132	La boussole est déréglée.	10205007	Het kompas klopt niet meer.
8636132	La boussole est déréglée.	10205010	Het kompas is uit balans.
8636108	Il aiguise ses outils.	10205011	Hij slijpt zijn gereedschap.
8636108	Il aiguise ses outils.	10205023	Hij scherpt zijn gereedschap.
8635986	Aïe ! Ça fait mal !	10205025	Auw! Het doet pijn!
8635983	Cette histoire est ahurissante.	10205028	Dit verhaal is verbijsterend.
8635972	Les soldats sont aguerris.	10205032	De soldaten zijn doorwinterd.
8635971	Cet agrume est délicieux.	10205034	Deze citrusvrucht is heerlijk.
8635968	Apportez-lui votre aide !	10205037	Steek hem een helpende hand toe!
8635968	Apportez-lui votre aide !	10205043	Help hem een handje!
8637928	La buvette reste ouverte.	10209218	Het drankkraam blijft open.
8681877	Il me fait rire.	10217026	Hij is zo grappig.
8681875	Elle me fait rire.	10217027	Ze is zo grappig.
8681877	Il me fait rire.	10217028	Ik vind hem grappig.
8681875	Elle me fait rire.	10217029	Ik vind haar grappig.
8681861	Vous êtes mal renseigné.	10217030	U bent verkeerd ingelicht.
8681861	Vous êtes mal renseigné.	10217031	U bent verkeerd geïnformeerd.
8681860	Tu es mal renseigné.	10217033	Je bent verkeerd ingelicht.
8681860	Tu es mal renseigné.	10217036	Je bent verkeerd geïnformeerd.
8681858	Vous devriez vous renseigner.	10217038	U zou eens moeten rondvragen.
8681858	Vous devriez vous renseigner.	10217039	Jullie zouden eens moeten rondvragen.
8681857	Tu devrais te renseigner.	10217042	Je zou eens moeten rondvragen.
8681857	Tu devrais te renseigner.	10217051	Je zou dat eens moeten onderzoeken.
8681858	Vous devriez vous renseigner.	10217053	U zou dat eens moeten onderzoeken.
8681858	Vous devriez vous renseigner.	10217055	Jullie zouden dat eens moeten onderzoeken.
8681842	C'est bien mieux !	10217059	Dit is veel beter!
8681834	C'est bien expliqué.	10217061	Het is goed uitgelegd.
8681826	Je l'ai vaincu !	10217062	Ik heb hem verslagen!
8681825	Nous l'avons vaincu !	10217064	We hebben hem verslagen!
8681814	Mon chien veut jouer.	10217065	Mijn hond wil spelen.
8681813	Le chien veut jouer.	10217066	De hond wil spelen.
8681804	Oui, c'est prévu.	10217068	Ja, dit is gepland.
8681804	Oui, c'est prévu.	10217070	Ja, dit is voorzien.
8681803	Savez-vous chanter ?	10217071	Kunt u zingen?
8681803	Savez-vous chanter ?	10217074	Kunnen jullie zingen?
8681801	Peux-tu chanter ?	10217076	Kan je zingen?
8681796	Ne soyez pas irrespectueux !	10217077	Wees niet respectloos!
8681774	C'est vachement rigolo.	10217082	Het is hartstikke grappig.
8681767	Le coffre resta verrouillé.	10217085	De kofferbak bleef op slot.
8681638	Cette énigme est difficile.	10217089	Dit is een moeilijk raadsel.
8681622	Il est très doué.	10217091	Hij is zeer getalenteerd.
8679601	J'y comprends rien.	10217093	Ik begrijp er niets van.
8679582	Oui, t'as raison.	10217094	Ja, je hebt gelijk.
8679579	C'en est une.	10217095	Dit is er een van.
8679577	On dirait un vrai !	10217096	Het lijkt wel een echte!
8679563	Ça me paraissait évident.	10217098	Het leek me duidelijk.
8679563	Ça me paraissait évident.	10217099	Het leek me vanzelfsprekend.
8679561	C'est pourtant évident.	10217101	Dat ligt toch voor de hand.
8676974	Cherche mieux que ça !	10217103	Kijk harder dan dat!
8676974	Cherche mieux que ça !	10217104	Zoek harder dan dat!
8676960	Il caracole en tête.	10217106	Hij staat aan de leiding.
8676960	Il caracole en tête.	10217108	Hij ligt op kop.
8676949	Contentez-vous de ça !	10217110	Wees daar maar tevreden mee!
8676846	Merci d'y penser.	10217117	Gelieve erover na te denken.
8676835	Restez à l'affût !	10217126	Hou uw ogen open!
8676833	Soyez sur vos gardes !	10217129	Wees op uw hoede!
8676819	Les chevaux sont attelés.	10217130	De paarden zijn ingespannen.
8676817	Il l'a atteint.	10217132	Hij heeft het bereikt.
8676812	Les résultats sont positifs.	10217134	De resultaten zijn positief.
8676811	Les résultats sont négatifs.	10217135	De resultaten zijn negatief.
8676807	Tu y arrives ?	10217136	Lukt het je?
8676803	Allonge-toi un instant !	10217137	Ga even liggen!
8676782	Reste auprès d'elle !	10217139	Blijf bij haar!
8676781	Restons auprès d'elle !	10217141	Laten we bij haar blijven!
8676780	Reste auprès de lui !	10217144	Blijf bij hem!
8682584	Elle était très gentille.	10238772	Ze was heel aardig.
8682583	Il était très gentil.	10238773	Hij was heel aardig.
8682582	Il était super sympa.	10238775	Hij was super aardig.
8682578	Les wagons ont déraillé.	10238780	De wagons ontspoorden.
8682578	Les wagons ont déraillé.	10238782	De wagons zijn ontspoord.
8682526	Je dois l'arrêter.	10238783	Ik moet het stoppen.
8682526	Je dois l'arrêter.	10238784	Ik moet hem stoppen.
8682525	Je regorge d'énergie !	10238785	Ik bruis van de energie!
8682519	Il empestait l'alcool.	10238786	Hij stonk naar alcohol.
8682496	C'est follement excitant !	10238787	Het is ontzettend spannend!
8682495	On doit le sauver.	10238788	We moeten het redden.
8682495	On doit le sauver.	10238789	We moeten hem redden.
8682494	On doit les sauver.	10238790	We moeten ze redden.
8682493	On doit la sauver.	10238791	We moeten haar redden.
8682492	On va le récupérer.	10238792	We krijgen het wel terug.
8682492	On va le récupérer.	10238793	We zullen hem terugkrijgen.
8682492	On va le récupérer.	10238794	We zullen hem ophalen.
8682489	Désolé pour l'attente.	10238797	Excuseer me voor het wachten.
8682489	Désolé pour l'attente.	10238799	Verontschuldig me dat ik jullie liet wachten.
8682489	Désolé pour l'attente.	10238800	Verontschuldig me dat ik u liet wachten.
8682489	Désolé pour l'attente.	10238801	Verontschuldig me dat ik je liet wachten.
8682434	Elle court très vite.	10238804	Ze loopt heel snel.
8682431	Nous devons les respecter.	10238805	We moeten ze respecteren.
8682103	Elle aimerait devenir institutrice.	10238809	Ze zou graag lerares willen worden.
8682099	Il aimerait devenir instituteur.	10238810	Hij zou graag leraar willen worden.
8682092	Il surveille les élèves.	10238811	Hij houdt toezicht op de leerlingen.
8682089	Je dois le surveiller.	10238812	Ik moet hem in de gaten houden.
8682089	Je dois le surveiller.	10238813	Ik moet op hem letten.
8682088	Je vais la surveiller.	10238815	Ik zal haar in de gaten houden.
8682087	Je vais le surveiller.	10238816	Ik zal hem in de gaten houden.
8682023	Ne sois pas borné !	10238817	Wees niet zo koppig!
8682023	Ne sois pas borné !	10238819	Doe niet zo koppig!
8682018	Ta montre est déréglée.	10238820	Je horloge is ontregeld.
8682015	Elle vient vers nous.	10238821	Ze komt naar ons toe.
8682013	Il vient vers nous.	10238822	Hij komt naar ons toe.
8681966	Vos questions sont bizarres.	10238823	Uw vragen zijn vreemd.
8681966	Vos questions sont bizarres.	10238824	Jullie vragen zijn vreemd.
8681955	Elle viendra sûrement demain.	10238825	Ze komt morgen vast wel.
8681954	Il viendra sûrement demain.	10238826	Hij komt morgen vast wel.
8681947	Elle déteste le poisson.	10238827	Ze heeft een hekel aan vis.
8681946	Il déteste le poisson.	10238828	Hij heeft een hekel aan vis.
8681943	Monte dans ta chambre !	10238829	Ga naar je kamer!
8681942	Remonte dans ta chambre !	10238830	Ga terug naar je kamer!
8681938	Nous devons tout recommencer.	10238831	We moeten helemaal opnieuw beginnen.
8681936	Je reconnais mes torts.	10238832	Ik geef mijn fouten toe.
8681936	Je reconnais mes torts.	10238833	Ik geef mijn ongelijk toe.
8681935	La salle est remplie.	10238834	De kamer is vol.
8681935	La salle est remplie.	10238835	De kamer zit vol.
8681934	Les acteurs sont crevés.	10238836	De acteurs zijn uitgeput.
8681934	Les acteurs sont crevés.	10238838	De acteurs zijn doodop.
8681931	La salle est bondée.	10238839	De zaal zit vol.
8681927	Ils avaient tout prévu.	10238841	Ze hadden alles gepland.
8681927	Ils avaient tout prévu.	10238842	Ze hadden alles voorzien.
8681924	Vous devez l'attendre.	10238843	U moet erop wachten.
8681924	Vous devez l'attendre.	10238844	Jullie moeten erop wachten.
8681924	Vous devez l'attendre.	10238845	U moet op hem wachten.
8681924	Vous devez l'attendre.	10238846	Jullie moeten op hem wachten.
8681923	Il faut les attendre.	10238848	We moeten op ze wachten.
8681922	Il faut l'attendre.	10238850	We moeten erop wachten.
8681922	Il faut l'attendre.	10238852	We moeten op haar wachten.
8676779	Restons auprès de lui !	10238854	Laten we bij hem blijven!
8676776	Nous devrions l'abandonner.	10238856	We zouden het moeten verlaten.
8676776	Nous devrions l'abandonner.	10238857	We zouden hem moeten verlaten.
8676776	Nous devrions l'abandonner.	10238858	We zouden haar moeten verlaten.
8676769	Elle meurt de faim.	10238859	Ze verhongert.
8676768	Il meurt de faim.	10238860	Hij verhongert.
8676767	Il meurt de soif.	10238861	Hij sterft van de dorst.
8676766	Elle meurt de soif.	10238862	Ze sterft van de dorst.
2918920	Tu pâlissais.	10252816	Je werd bleek.
1252816	Enfin à la maison !	10252841	Eindelijk thuis!
1234109	Rien ne lui échappe.	10252893	Niets ontgaat hem.
13274	Dans ses dernières années Beethoven était sourd.	10252965	In zijn laatste jaren was Beethoven doof.
4605282	Le lait avait un goût acide.	10253100	De melk smaakte zuur.
1327393	Le dimanche, les magasins sont fermés.	10253102	Op zondag zijn de winkels gesloten.
8516200	Il ne se sentait pas très dépaysé.	10280217	Hij voelde zich niet zeer ontheemd.
8685035	Les télésièges sont bloqués.	10295680	De zetelliften zijn geblokkeerd.
8685028	Sais-tu skier ?	10295681	Kan je skiën?
8685024	La piste est raide.	10295683	De piste is steil.
8685007	Ils partent visiter Jérusalem.	10295684	Ze gaan Jeruzalem bezoeken.
8685005	La messe est annulée.	10295685	De mis is afgelast.
8685005	La messe est annulée.	10295686	De mis gaat niet door.
8684989	Vous devez lui avouer !	10295689	U moet hem de waarheid vertellen!
8684989	Vous devez lui avouer !	10295690	U moet haar de waarheid vertellen!
8684989	Vous devez lui avouer !	10295691	Jullie moeten hem de waarheid vertellen!
8684989	Vous devez lui avouer !	10295693	Jullie moeten haar de waarheid vertellen!
8684988	Vous devez tout avouer.	10295696	U moet alles opbiechten.
8684988	Vous devez tout avouer.	10295697	Jullie moeten alles opbiechten.
8684987	Tu dois tout avouer.	10295698	Je moet alles bekennen.
8684985	Tu dois lui avouer !	10295699	Je moet hem de waarheid vertellen!
8684985	Tu dois lui avouer !	10295701	Je moet haar de waarheid vertellen!
8684982	Je confesse mes torts.	10295702	Ik beken mijn fouten.
8684981	Tu dois te confesser.	10295707	Je moet biechten.
8684980	Je dois me confesser.	10295708	Ik moet biechten.
8684961	La vue est magnifique !	10295709	Het uitzicht is prachtig!
8684954	Ma voiture est rayée.	10295710	Mijn auto is bekrast.
8684953	Je préfère faire ça.	10295711	Dat doe ik liever.
8684941	Cet endroit est magnifique.	10295713	Deze plek is prachtig.
8684940	Le volet est cassé.	10295714	Het rolluik is kapot.
8684935	Mettez ça en évidence !	10295715	Laat het zien!
8684935	Mettez ça en évidence !	10295716	Maak het goed zichtbaar!
8684897	La fenêtre est fissurée.	10295717	Het raam is gebarsten.
8684895	La fenêtre est cassée.	10295721	Het raam is kapot.
8684894	La porte est tombée.	10295722	De deur is ingestort.
8684885	Cette école coûte cher.	10295723	Deze school is duur.
8684884	La scolarité coûte cher.	10295725	Onderwijs is duur.
8684877	Ne l'aidez pas !	10295726	Help hem niet!
8684877	Ne l'aidez pas !	10295727	Help haar niet!
8684871	Cet objet semble creux.	10295728	Dit object ziet er hol uit.
8684871	Cet objet semble creux.	10295729	Dit voorwerp ziet er hol uit.
8684869	L'objet est creux.	10295730	Het object is hol.
8684869	L'objet est creux.	10295731	Het voorwerp is hol.
8684859	Tes propos sont déplacés.	10295732	Je opmerkingen zijn ongepast.
8684847	Expulse-les sans ménagement !	10295733	Verjaag ze zonder genade!
8684818	Ça cuit, soyez patients.	10295734	Het kookt, wees geduldig.
8684817	Ça cuit, sois patient !	10295735	Het kookt, wees geduldig!
8684798	Ne soyez pas insultant !	10295736	Wees niet beledigend!
8684798	Ne soyez pas insultant !	10295737	Doe niet zo beledigend!
8684796	Arrête de l'insulter !	10295738	Stop met hem te beledigen!
8684796	Arrête de l'insulter !	10295739	Stop met haar te beledigen!
8684793	Ne sois pas vulgaire !	10295740	Wees niet onbeschoft!
8684786	Les escaliers sont fragiles.	10295741	Trappen zijn zwak.
8684761	Ces rideaux sont magnifiques.	10295742	Deze gordijnen zijn prachtig.
8684758	Ces rideaux sont laids.	10295743	Deze gordijnen zijn lelijk.
8684756	J'adore le chocolat !	10295745	Ik ben gek op chocolade!
8684698	Ce mur paraît infranchissable.	10295746	Deze muur lijkt onbegaanbaar.
8684688	On y arrive enfin.	10295747	We komen er eindelijk aan.
8684686	L'escalier est raide.	10295748	De trappen zijn steil.
8682604	Mes pieds sont fripés.	10295749	Mijn voeten zijn rimpelig.
8682586	Cette fille est sympathique.	10295750	Dit meisje is aardig.
8676747	Je lui suis reconnaissante.	10295751	Ik ben hem dankbaar.
8676747	Je lui suis reconnaissante.	10295752	Ik ben haar dankbaar.
5392643	En tant que fille, Elisa adorait jouer à la nourrice avec ses poupées.	10295768	Als meisje speelde Elisa graag kindermeisje met haar poppen.
6277200	Après la naissance de son troisième enfant, elle a employé une nourrice.	10295769	Na de geboorte van haar derde kind, nam ze een oppas in dienst.
8533008	Notre nourrice nous a donné une barre de chocolat chacune.	10295770	Onze oppas heeft ons elk een chocoladereep gegeven.
6716624	J'étais votre nourrice quand vous étiez enfant.	10295771	Ik was uw oppas toen u een kind was.
8641209	J'amène mes enfants chez la nourrice.	10295772	Ik breng mijn kinderen naar de oppas.
1184993	C'est immonde.	10295773	Het is walgelijk.
2851506	Les enfants mangèrent un plat principal immonde.	10295774	De kinderen aten een ranzig hoofdgerecht.
10137483	Apparemment, le père de Yokkun s'est fait la malle avec sa maîtresse d'école maternelle.	10295775	Blijkbaar is Yokkuns vader er vandoor gegaan met zijn kleuterleidster.
10001290	Aucun arabophone de naissance n'étudie vraiment sa langue maternelle à l'école.	10295776	Geen enkele Arabische moedertaalspreker studeert zijn moedertaal op school.
8268332	Les éperviers sont des rapaces.	10295777	Sperwers zijn roofvogels.
8897577	Il regarda en l'air à la recherche de l'épervier.	10295778	Hij keek omhoog op zoek naar de sperwer.
8685585	Regarde derrière l'évier !	10299545	Kijk achter de gootsteen!
8685581	Elle s'est déconnectée.	10299546	Ze heeft de verbinding verbroken.
8685580	Il s'est déconnecté.	10299547	Hij heeft de verbinding verbroken.
8685581	Elle s'est déconnectée.	10299551	Ze is offline gegaan.
8685580	Il s'est déconnecté.	10299552	Hij is offline gegaan.
8685578	Nous sommes coincés ici.	10299553	We zitten hier vast.
8685528	Ce problème semble insoluble.	10299554	Dit probleem lijkt onoplosbaar.
8685406	Tu es millionnaire ?	10299555	Ben je miljonair?
8685395	Les boulons sont coincés.	10299557	De bouten zitten vast.
8685371	Je préfère vivre seul.	10299558	Ik woon liever alleen.
8685369	Souhaitez-vous confirmer ?	10299560	Wilt u dat bevestigen?
8685369	Souhaitez-vous confirmer ?	10299561	Wenst u dit te bevestigen?
8685369	Souhaitez-vous confirmer ?	10299562	Willen jullie dat bevestigen?
8685365	Tu devrais l'allonger.	10299567	Je zou het langer moeten maken.
8685365	Tu devrais l'allonger.	10299568	Je zou het moeten neerleggen.
8685326	Ça a bien gelé !	10299571	Het is goed bevroren!
8685322	Ça sent mauvais dehors.	10299572	Het stinkt buiten.
8685321	Ça sent bon dehors.	10299573	Het ruikt lekker buiten.
8685274	Ça a vite pourri.	10299577	Het is snel rot geworden.
8685271	Les fruits pourrissent vite.	10299578	Het fruit rot snel.
8685254	Il revient pour midi.	10299579	Hij is tegen de middag terug.
8685254	Il revient pour midi.	10299580	Hij zal tegen de middag terug zijn.
8685231	Elle parle sans discontinuer.	10299581	Ze praat non-stop.
8685231	Elle parle sans discontinuer.	10299582	Ze praat constant.
8685230	Il parle sans discontinuer.	10299583	Hij praat constant.
8685230	Il parle sans discontinuer.	10299584	Hij praat non-stop.
8685212	Arrête de me taper !	10299585	Stop met me te slaan!
8685201	Ils aboient sans arrêt.	10299589	Ze blaffen onophoudelijk.
8685198	Cesse de me mentir !	10299598	Hou op met je leugens!
8685199	Cessez de me mentir !	10299599	Hou op met uw leugens!
8685183	Elle modélise sa maison.	10299600	Ze modelleert haar huis.
8685182	Il modélise sa maison.	10299601	Hij modelleert zijn huis.
8685165	Je t'en félicite.	10299602	Ik feliciteer je hiermee.
8685164	Je vous en félicite.	10299603	Ik feliciteer u hiermee.
8685164	Je vous en félicite.	10299604	Ik feliciteer jullie hiermee.
8685154	Il collectionne les fèves.	10299605	Hij verzamelt bonen.
8685152	Il collectionne des timbres.	10299606	Hij verzamelt postzegels.
8685144	Je trouve ça beau.	10299609	Ik vind het mooi.
8685143	Je la trouve jolie.	10299611	Ik vind haar mooi.
8685141	Je trouve ça joli.	10299615	Ik vind dat mooi.
8685137	Ma télévision est foutue.	10299617	Mijn televisie is naar de klote.
8685134	Il déconne sans arrêt.	10299618	Hij is altijd aan het rotzooien.
8685134	Il déconne sans arrêt.	10299619	Hij is altijd aan het klooien.
8685133	Mon ordinateur plante souvent.	10299620	Mijn computer crasht vaak.
8685131	Mets-le à jour !	10299622	Update het!
8685114	Nous entamons les stocks.	10299623	We beginnen een voorraad aan te leggen.
8685113	Les stocks sont faibles.	10299625	De voorraden zijn laag.
8685103	Elle dort très peu.	10299626	Ze slaapt heel weinig.
8685101	Il dort très peu.	10299627	Hij slaapt heel weinig.
8685100	Elle ne dort jamais.	10299629	Ze slaapt nooit.
8685099	Il ne dort jamais.	10299630	Hij slaapt nooit.
8685061	Ça valait le coup !	10299631	Het was de moeite waard!
8685060	Ça vaut le coup !	10299632	Het is de moeite waard!
8685039	Elle s'est échappée.	10299633	Ze is ontsnapt.
8685038	Il s'est échappé.	10299635	Hij is ontsnapt.
8685037	Je me suis échappé.	10299636	Ik ben ontsnapt.
4098111	Je devais laisser du temps à Tom pour y réfléchir.	10322764	Ik moest Tom tijd geven om erover na te denken.
8686140	Il se débrouille bien.	10343708	Hij doet het goed.
8686135	Il est architecte ?	10343709	Is hij architect?
8686127	Ils ont douze ans.	10343710	Ze zijn twaalf jaar oud.
8686111	Nous croyons en toi.	10343711	Wij geloven in je.
8686100	Je la connaissais bien.	10343712	Ik kende haar goed.
8686097	Je le connaissais bien.	10343713	Ik kende hem goed.
8685717	Ne le nourris pas !	10343714	Niet voeden!
8685717	Ne le nourris pas !	10343715	Geef het geen eten!
8685712	Laissez-moi leur dire !	10343716	Laat mij het ze vertellen!
8685709	Laissez-moi lui dire !	10343717	Laat mij het hem vertellen!
8685706	Je te laisse répéter.	10343719	Ik laat je oefenen.
8685663	Faites attention, ça glisse !	10343720	Voorzichtig, het is glad!
8685586	Regarde derrière le meuble !	10343721	Kijk achter het meubilair!
8676742	J'en suis fier.	10343722	Ik ben er trots op.
8676734	Je m'en méfie.	10343723	Ik ben er op mijn hoede voor.
8676714	Il se déplace lentement.	10343725	Het beweegt langzaam.
8676713	Je me déplace rapidement.	10343726	Ik ga snel.
8676712	Ils envahissent le pays.	10343727	Ze vallen het land binnen.
8676711	Ils attaquent notre base.	10343728	Ze vallen onze basis aan.
8676710	Vous nous attaquez ?	10343729	Valt u ons aan?
8676710	Vous nous attaquez ?	10343730	Vallen jullie ons aan?
8676653	J'assumerai les conséquences.	10343731	Ik zal de consequenties aanvaarden.
8676653	J'assumerai les conséquences.	10343732	Ik zal de gevolgen dragen.
8676637	Pourquoi tremblez-vous ?	10343733	Waarom beeft u?
8676637	Pourquoi tremblez-vous ?	10343734	Waarom beven jullie?
8676633	Secouons-nous un peu !	10343751	Laten we een beetje opschieten!
8676623	Essaye de le précéder !	10343752	Probeer hem voor te zijn!
8676619	Elle m'a précédé.	10343753	Ze is me voorgegaan.
8676617	Il m'a précédé.	10343754	Hij is me voorgegaan.
8676613	Tu devrais te rapprocher.	10343755	Je zou dichterbij moeten komen.
8676612	Rapproche-toi d'eux !	10343756	Kom dichter bij hen!
8676611	Rapproche-toi de moi !	10343757	Kom dichter bij mij!
8676606	Tu dois le savoir !	10343758	Dat moet je weten!
8676605	Il faut le savoir.	10343759	Dat moet je weten.
8676605	Il faut le savoir.	10343760	Het is belangrijk om dit te weten.
8676597	Donne-lui à manger !	10343761	Geef hem iets te eten!
8676596	Donne-lui à boire !	10343762	Geef hem wat te drinken!
8676596	Donne-lui à boire !	10343763	Geef haar wat te drinken!
8676597	Donne-lui à manger !	10343765	Geef haar iets te eten!
8676589	Démolissez cette vieille cabane !	10343771	Sloop dit oude krot!
8676589	Démolissez cette vieille cabane !	10343773	Sloop deze oude hut!
8676586	Me permettez-vous ?	10343776	Staat u mij toe?
8676527	Suivez ce petit sentier !	10343777	Volg dit smalle pad!
8676503	Ne soyez pas vexé !	10343779	Wees niet beledigd!
536388	Je te poursuivrai en justice.	10480757	Ik zal je aanklagen.
536388	Je te poursuivrai en justice.	10480760	Ik zal je een proces aandoen.
536388	Je te poursuivrai en justice.	10480764	Ik zal je vervolgen.
536391	Je vous poursuivrai en justice.	10480767	Ik zal u een proces aandoen.
536391	Je vous poursuivrai en justice.	10480769	Ik zal u vervolgen.
536391	Je vous poursuivrai en justice.	10480771	Ik zal jullie aanklagen.
536391	Je vous poursuivrai en justice.	10480773	Ik zal jullie een proces aandoen.
536391	Je vous poursuivrai en justice.	10480774	Ik zal jullie vervolgen.
546453	Il était trop fatigué pour poursuivre.	10480776	Hij was te moe om verder te gaan.
3422590	Cette évolution va probablement se poursuivre.	10480779	Deze tendens zal zich waarschijnlijk voortzetten.
3422590	Cette évolution va probablement se poursuivre.	10480783	Deze trend zal wellicht aanhouden.
132356	Il me poussa du coude à poursuivre.	10480800	Hij spoorde me aan om door te gaan.
135156	J'ai décidé de poursuivre ce travail.	10480802	Ik besloot dit werk voort te zetten.
135156	J'ai décidé de poursuivre ce travail.	10480803	Ik heb besloten dit werk voort te zetten.
1153619	Il a brièvement pensé poursuivre l'homme.	10480805	Hij dacht er even aan om de man te achtervolgen.
1153619	Il a brièvement pensé poursuivre l'homme.	10480810	Hij heeft er even aan gedacht de man te achtervolgen.
2765888	Tom ne voulait pas poursuivre la conversation.	10480811	Tom wilde het gesprek niet voortzetten.
9084115	La police va la poursuivre pendant longtemps.	10480813	De politie zal haar voor een lange tijd achtervolgen.
474849	Une fois que vous commencez, vous devez poursuivre.	10480818	Als u eenmaal begint, moet u doorgaan.
474849	Une fois que vous commencez, vous devez poursuivre.	10480819	Als jullie eenmaal beginnen, moeten jullie doorgaan.
763235	Laissez-moi poursuivre et répondre à votre question.	10480836	Laat me verdergaan en uw vraag beantwoorden.
2013714	Pourquoi voudrais-je te poursuivre en justice ?	10480838	Waarom zou ik je willen aanklagen?
2013715	Pourquoi voudrais-je vous poursuivre en justice ?	10480839	Waarom zou ik u willen aanklagen?
2013715	Pourquoi voudrais-je vous poursuivre en justice ?	10480841	Waarom zou ik jullie willen aanklagen?
3665936	Voici de l'argent pour poursuivre votre voyage.	10480842	Hier is wat geld om uw reis voort te zetten.
8031029	Je ne vais pas vous poursuivre en justice.	10480843	Ik ga u niet aanklagen.
8031029	Je ne vais pas vous poursuivre en justice.	10480844	Ik ga jullie niet aanklagen.
8206015	Il est encore temps de poursuivre vos rêves.	10480847	Het is nog niet te laat om uw dromen na te jagen.
1244721	La pauvreté l'a empêché de poursuivre ses études.	10480850	Armoede verhinderde hem zijn studies voort te zetten.
1244721	La pauvreté l'a empêché de poursuivre ses études.	10480851	Armoede verhinderde haar haar studies voort te zetten.
1364189	Nous n'avons d'autre choix que de poursuivre.	10480853	We hebben geen andere keuze dan door te gaan.
6832990	Continuer, poursuivre quelque chose, c'est lutter contre tout.	10480855	Doorgaan, iets nastreven, betekent vechten tegen alles.
8636372	Je les ai menacés de les poursuivre en justice.	10480857	Ik dreigde ze aan te klagen.
8636372	Je les ai menacés de les poursuivre en justice.	10480862	Ik heb gedreigd ze aan te klagen.
1281803	Je veux poursuivre mon travail jusqu'à son succès final.	10480867	Ik wil mijn werk tot een goed einde brengen.
3272502	Elle est à court d'argent pour poursuivre ses études.	10480869	Ze komt geld te kort om haar studie voort te zetten.
9114722	Selon les prévisions météorologiques, les journées froides vont se poursuivre.	10480875	Volgens het weerbericht zullen de koude dagen aanhouden.
634184	Si j'étais en bonne santé, je pourrais poursuivre mes études.	10480877	Als ik gezond was, zou ik mijn studie kunnen voortzetten.
2344255	Nous ne pouvons poursuivre notre conversation en présence de ces personnes.	10480878	We kunnen ons gesprek niet voortzetten in het bijzijn van deze mensen.
10176899	Son mari a dû l'empêcher de poursuivre sa carrière artistique.	10480880	Haar man moest haar tegenhouden om haar kunstcarrière voort te zetten.
10176899	Son mari a dû l'empêcher de poursuivre sa carrière artistique.	10480881	Haar man heeft haar moeten tegenhouden om haar kunstcarrière voort te zetten.
1120581	Je suis déterminé à passer toute ma vie à poursuivre mes idéaux.	10480882	Ik ben vastbesloten mijn hele leven mijn idealen na te streven.
2104756	Nous considérâmes qu'il était sage de ne pas poursuivre notre voyage.	10480883	Wij vonden het verstandig om onze reis niet voort te zetten.
2104756	Nous considérâmes qu'il était sage de ne pas poursuivre notre voyage.	10480885	Wij achtten het verstandig om onze reis niet voort te zetten.
2239561	Ayant recouvré la santé, il est à même de poursuivre ses études.	10480887	Nu zijn gezondheidstoestand hersteld is, kan hij zijn studies voortzetten.
8571875	Cette entreprise vous offre des cours gratuits pour poursuivre votre développement professionnel.	10480888	Dit bedrijf biedt gratis cursussen aan om uw professionele ontwikkeling te bevorderen.
1405582	Penses-tu sérieusement à poursuivre une carrière de pilote de course automobile ?	10480890	Denk je er serieus over om een carrière als autocoureur na te streven?
1586462	Un consommateur sur quatre pense que la hausse des prix va se poursuivre.	10480894	Een op de vier consumenten gelooft dat de prijzen zullen blijven stijgen.
8850091	Si vous faites cela, je vous poursuivrai en justice pour rupture de contrat !	10480895	Als u dat doet, zal ik u aanklagen voor contractbreuk!
1281819	Je veux poursuivre mon travail jusqu'à ce qu'il soit couronné de succès.	10480897	Ik wil mijn werk voortzetten tot het succesvol is.
2239560	Il a recouvré la santé : il est donc en mesure de poursuivre ses études.	10480937	Hij heeft zijn gezondheid teruggekregen. Hij is in staat zijn studies voort te zetten.
806670	Le procureur du district est réticent à poursuivre à cause de l'insuffisance des preuves.	10480954	De officier van justitie aarzelt om te vervolgen wegens onvoldoende bewijs.
806670	Le procureur du district est réticent à poursuivre à cause de l'insuffisance des preuves.	10480985	De openbare aanklager is niet bereid de zaak te vervolgen wegens gebrek aan bewijs.
10459104	Tous nos rêves peuvent devenir réalité, encore faut-il avoir le courage de les poursuivre.	10480987	Al onze dromen kunnen uitkomen, maar we moeten de moed hebben om ze na te jagen.
5382463	Si tu veux être heureux dans la vie, tu dois poursuivre tes rêves, pas ceux des autres.	10480993	Als je gelukkig wilt zijn in het leven, moet je je eigen dromen nastreven, niet die van anderen.
607703	Les parents voient la nouvelle génération comme une génération très éloignée de la réalité et occupée à poursuivre des rêves irréalisables.	10480996	Ouders zien de nieuwe generatie als een generatie die ver van de realiteit staat en bezig is onbereikbare dromen na te jagen.
806106	Je vous souhaite que tous vos rêves se réalisent sauf un, de sorte que vous ayez toujours un but à poursuivre.	10481003	Ik wens je dat al je dromen uitkomen, behalve één, zodat je altijd een doel hebt om na te streven.
10476725	Retirez vos masques !	10482732	Doe jullie maskers af!
10476723	Retire ton masque !	10482733	Doe je masker af!
10476722	Retirez votre masque !	10482734	Doe uw masker af!
10476679	Jean, venez manger !	10482735	Jean, kom eten!
10476671	Laisse-moi seule !	10482736	Laat me alleen!
10476665	Laisse Marie tranquille !	10482737	Laat Maria met rust!
10476664	Laissez Jean tranquille !	10482738	Laat Jean met rust!
10476557	Menez l'enquête !	10482740	Leid het onderzoek!
10476337	Je gagnerai facilement.	10482743	Ik zal gemakkelijk winnen.
10476333	Nous gagnerons facilement.	10482744	We zullen gemakkelijk winnen.
10476087	Ça avance lentement.	10482745	Het gaat langzaam vooruit.
10476070	Faisons un duel !	10482748	Laten we duelleren!
10476059	Attention, j'arrive !	10482749	Kijk uit, ik kom eraan!
10476010	Il est remonté.	10482750	Hij is terug boven.
10476010	Il est remonté.	10482751	Hij is terug ingestapt.
10476009	Elle est remontée.	10482752	Zij is terug boven.
10476009	Elle est remontée.	10482753	Zij is terug ingestapt.
10475933	Le perdant paiera.	10482754	De verliezer zal betalen.
10474705	Faites un trou !	10482755	Maak een gat!
10474693	Venez vers moi !	10482762	Kom naar me toe!
10474678	Elle est suspecte.	10482763	Ze is verdacht.
10474676	Il est suspect.	10482764	Hij is verdacht.
10474657	Marie est généreuse.	10482765	Maria is gul.
10474655	Jean est généreux.	10482766	Jean is gul.
10474657	Marie est généreuse.	10482768	Maria is vrijgevig.
10474655	Jean est généreux.	10482769	Jean is vrijgevig.
10473990	Surveillez votre môme !	10482771	Let op uw kleintje!
10473990	Surveillez votre môme !	10482772	Let op jullie kleintje!
10473989	Surveille ton môme !	10482773	Let op je kleintje!
10473976	Désinfecte ton bobo !	10482776	Ontsmet je wondje!
10468118	Je suis Haïtienne.	10482777	Ik ben Haïtiaanse.
10467862	Jean a démissionné.	10482779	Jean heeft ontslag genomen.
10467729	Jean conduit imprudemment.	10482780	Jean rijdt roekeloos.
10467671	Jean nous accompagne.	10482782	Jean gaat met ons mee.
10467393	Partez en vitesse !	10482784	Wegwezen, snel!
10467387	Partons en vitesse !	10482786	Laten we snel gaan!
10464361	Tu dois sévir.	10482787	Je moet hard optreden.
10464359	Vous devez sévir.	10482788	U moet hard optreden.
10464359	Vous devez sévir.	10482789	Jullie moeten hard optreden.
10464358	Il faut sévir.	10482791	Daar moet hard tegen opgetreden worden.
10464207	Alors, satisfaite ?	10482794	Zo, tevreden?
10464204	Cesse tes bêtises !	10482796	Hou op met je onzin!
10464098	Ils sont balèzes.	10482803	Ze zijn taai.
10464054	Elles devinrent amies.	10482805	Ze raakten bevriend.
10464048	Aide tes amis.	10482806	Help je vrienden.
10464047	Aidez vos amis.	10482807	Help uw vrienden.
10464047	Aidez vos amis.	10482809	Help jullie vrienden.
10464040	Préviens tes amis.	10482814	Waarschuw je vrienden.
10464038	Prévenez vos amis.	10482815	Waarschuw uw vrienden.
10464038	Prévenez vos amis.	10482816	Waarschuw jullie vrienden.
10463979	Quel fin gourmet !	10482818	Wat een lekkerbek!
10463979	Quel fin gourmet !	10482820	Wat een fijnproever!
10463944	Elle est dépitée.	10482883	Ze eet zure druiven.
10463943	Il est dépité.	10482884	Hij eet zure druiven.
10463936	C'est féerique !	10482887	Het is magisch!
10463936	C'est féerique !	10482890	Het is sprookjesachtig!
10463922	Énumère-les moi !	10482892	Zet ze voor me op een rijtje!
10463876	Jouons aux dominos !	10482893	Laten we domino spelen!
10463830	Il est éligible.	10482894	Hij komt in aanmerking.
10344732	Obéis au professeur !	10482895	Gehoorzaam de leraar!
10344435	Jean est peintre.	10482896	Jean is schilder.
10344434	Marie est peintre.	10482897	Marie is schilderes.
10344409	Pars illico presto !	10482898	Vertrek onmiddellijk!
10344407	Partons illico presto !	10482904	Laten we onmiddellijk vertrekken!
10344407	Partons illico presto !	10482905	Laten we meteen vertrekken!
10344379	Quelle parfaite imitation !	10482906	Wat een perfecte imitatie!
10344362	C'est imbuvable !	10482907	Het is ondrinkbaar!
10344362	C'est imbuvable !	10482908	Het is niet te drinken!
10344354	C'est immangeable !	10482909	Het is oneetbaar!
10344354	C'est immangeable !	10482910	Het is niet te eten!
10344348	Quelle impayable scène !	10482911	Wat een tafereel!
10344107	Obéissez, sinon gare !	10482913	O wee als jullie niet gehoorzamen!
10344107	Obéissez, sinon gare !	10482914	O wee als u niet gehoorzaamt!
10344106	Obéis, sinon gare !	10482915	O wee als je niet gehoorzaamt!
10343994	Il préfère lire.	10482916	Hij leest liever.
10343810	Diffuse-le partout !	10482917	Verspreid het overal!
10343782	Refuse ces dérives !	10482918	Weiger deze misstanden!
10333931	C'est mérité !	10482919	Het is verdiend!
10328815	Fixe ce point !	10482920	Regel dit punt!
10328361	Termine cette phrase !	10482921	Maak deze zin af!
10327993	Terminez votre phrase !	10482922	Maak uw zin af!
10327992	Termine ta phrase !	10482924	Maak je zin af!
10327917	Ressers-nous donc !	10482930	Schenk ons wat in!
10327895	Elle parle vulgairement.	10482932	Ze spreekt platvloers.
10327894	Il parle vulgairement.	10482934	Hij spreekt platvloers.
10327882	Arrête de japper !	10482939	Stop met keffen!
10327871	Faites-le taire !	10482941	Snoer hem de mond!
10327842	Regarde celui-ci !	10482942	Kijk eens naar deze!
10325132	Respirent-ils ?	10482943	Ademen ze?
10324763	Ancre-toi là !	10482946	Veranker jezelf daar!
8379677	Ce n'est pas du sang.	10489926	Het is geen bloed.
1759993	C'est un fait.	10502458	Dat is een feit.
10522398	Un peu plus.	10522407	Nog een beetje
10344034	Obéis !	10562723	Gehoorzaam!
8686141	Elle se débrouille bien.	10562729	Ze doet het goed.
8676458	C'est un irresponsable !	10562756	Hij is roekeloos!
8676444	Partez loin d'ici !	10562773	Maak dat u hier wegkomt!
8676443	Partons loin d'ici !	10562789	Laten we heel ver weg gaan!
8676438	Laissez ça par terre !	10562794	Laat het op de grond liggen!
8676427	Lâchez-lui la grappe !	10562831	Laat hem toch met rust!
8635959	Cette fille parle agressivement.	10562863	Deze meid praat op een agressieve manier.
8635953	Je suis agréablement surpris.	10562866	Ik ben aangenaam verrast.
8635950	J'agrandis ma maison.	10562884	Ik breid mijn huis uit.
8635916	Donne-moi l'agrafeuse !	10562894	Geef mij de nietmachine!
8635910	Ce gosse est agaçant !	10562898	Deze jongen is vervelend!
10549428	Lequel prendre ?	10564839	Welke moet ik nemen?
1084061	Nous visitons ce quartier.	10564840	We bezoeken deze buurt.
3710062	J'aime les vêtements.	10564842	Ik hou van kleren.
6375582	Ils nous ont menottés.	10564845	Ze hebben ons de handboeien omgedaan.
6383454	Tom est un théspien.	10564848	Tom is een toneelspeler.
6386045	Sami a été blessé.	10564849	Sami is gewond geraakt.
6386411	Cela va poser problème.	10564850	Dit zal een probleem vormen.
6386418	Ta femme te trompe.	10564851	Je vrouw bedriegt je.
6386830	Sami est toujours seul.	10564853	Sami is altijd alleen.
6387650	Sami a tout organisé.	10564854	Sami heeft alles georganiseerd.
7410845	Tom a dit bonjour.	10564855	Tom heeft hallo gezegd.
7410892	Tom est toujours serviable.	10564857	Tom is altijd behulpzaam.
7410896	Tom a été battu.	10564858	Tom werd geslagen.
7410896	Tom a été battu.	10564859	Tom werd verslagen.
10548615	Allez, en piste !	10564887	Goed, daar gaan we!
10548615	Allez, en piste !	10564888	Laten we de show beginnen!
10548615	Allez, en piste !	10564889	Kom op. Spelen!
638236	Ils sont fiers de leur fille.	10622220	Ze zijn trots op hun dochter.
8816830	Hier soir les activités libertines de la demoiselle lui ont causé une blessure à la paroi antérieure du vagin.	10626264	Gisteravond heeft de dame als gevolg van haar libertijnse bezigheden de voorwand van haar vagina verwond.
3899555	Avoir des rapports sexuels stimule l'afflux de sang vers le vagin et le maintient en bonne santé.	10626265	Geslachtsgemeenschap stimuleert de bloedstroom naar de vagina en houdt deze gezond.
794581	Cela n'est pas de l'art. C'est un vagin avec des dents.	10626266	Dit is geen kunst. Het is een vagina met tanden.
8924853	Quelle est la différence entre une vulve et un vagin ?	10626268	Wat is het verschil tussen een vulva en een vagina?
2426806	Avez-vous un écoulement du vagin, une blennorragie ?	10626274	Hebt u last van vaginale afscheiding, een druiper?
2428942	Je dois vous faire un examen du vagin.	10626275	Ik moet een vaginaal onderzoek bij u doen.
948109	Le pénis est entré dans le vagin.	10626277	De penis is de vagina binnengedrongen.
1578515	Le vagin est un tube musculaire.	10626280	De vagina is een spierbuis.
3428224	On leur fera la peau.	10662484	We zullen gehakt van hen maken.
4595519	Elle admire votre courage.	10695280	Zij bewondert jouw moed.
9174048	Pourquoi tu prends ton petit-déjeuner en pyjama ?	10695285	Waarom eet jij jouw ontbijt in een pyjama?
7556799	Ah oui, c'est vrai.	10704424	Oh ja, dat klopt.
9009777	L'œsophage est un organe appartenant au tube digestif.	10722765	De slokdarm is een orgaan dat tot de spijsverteringsbuis behoort.
3491239	Ne mange pas cet abricot !	10722859	Eet niet die abrikoos!
5478395	L'étoile polaire n'est pas visible depuis l'hémisphère sud.	10733371	De Poolster is niet zichtbaar vanaf het zuidelijk halfrond.
1245622	Vous ne devriez pas trop dépendre des autres.	10745164	U moet niet te veel van anderen afhankelijk zijn.
5899408	Tom a dévissé l'ampoule.	10795585	Tom heeft de gloeilamp losgedraaid.
1709092	J'ai eu un accrochage en allant au travail.	10795588	Ik heb een aanrijding gehad op weg naar mijn werk.
1709092	J'ai eu un accrochage en allant au travail.	10795590	Ik heb een auto-ongeluk gehad op weg naar mijn werk.
10759457	Les accrochages se sont multipliés depuis la fin du mois dernier.	10795591	Sinds eind vorige maand zijn de botsingen toegenomen.
10759457	Les accrochages se sont multipliés depuis la fin du mois dernier.	10795593	Het aantal aanrijdingen is sinds eind vorige maand toegenomen.
1011691	L'accu est à plat.	10795598	De accu is leeg.
6835982	Marie accuse Tom de l'avoir séquestrée.	10795599	Maria beschuldigt Tom ervan haar te hebben ontvoerd.
992326	Les clefs de l'urbanisme sont dans les quatre fonctions: habiter, travailler, se récréer (dans les heures libres), circuler.	10795619	Stedenbouwkundige planning draait om de vier functies: woon, werk, recreatie (in de vrije tijd) en verplaatsing.
10267563	Les urbanistes espèrent que les nouvelles entreprises revitaliseront le centre-ville.	10795624	De stadsplanners hopen dat de nieuwe bedrijven het stadscentrum nieuw leven zullen inblazen.
2223163	Les Klingons ont le front strié.	10795629	Klingons hebben een geribbeld voorhoofd.
10473888	Qu'est-ce qu'une subdivision ?	10795641	Wat is een onderverdeling?
8523900	Les dialectes arabes maghrébins sont constitués d'arabe sur substrat berbère.	10795647	De Arabische dialecten van de Maghreb zijn samengesteld uit Arabisch met Berbers als onderlaag.
2397264	Sa petitesse n'a pas d'importance.	10795654	Het doet er niet toe dat het zo klein is.
2397264	Sa petitesse n'a pas d'importance.	10795659	Dat het klein is, maakt niet uit.
10796784	Je veux manger mon avocat.	10796904	Ik wil mijn avocado opeten.
1331667	Il a compilé une anthologie du folklore japonais pour les écoles.	10797482	Hij heeft een verzamelwerk samengesteld van Japanse folklore voor scholen.
433230	Irina a un visage délicat aux pommettes saillantes.	10797502	Irina heeft een delicaat gezicht met hoge jukbeenderen.
947010	Ce single a fait fureur tout l'été.	10797504	Deze single was een regelrechte zomerhit.
958229	Prends avec toi et le sabre et la dague, la jungle tropicale est vraiment dangereuse.	10797508	Neem het zwaard en dolk mee, de tropische jungle is levensgevaarlijk.
10628450	Il va t'échoir de choisir.	10797519	Je zult een keuze moeten maken.
10628450	Il va t'échoir de choisir.	10797522	Je zal moeten kiezen.
2369061	Tu accordais une grande importance à la propreté.	10797727	Netheid stond bij jou hoog in het vaandel.
2369061	Tu accordais une grande importance à la propreté.	10797730	Je gaf veel om properheid.
9820921	Coucou, les petits !	10797735	Hoi, kindjes!
2201324	Il est obsédé par la propreté.	10844827	Hij is geobsedeerd door netheid.
9141802	Cette chambre est resplendissante de propreté.	10844828	Deze kamer is brandschoon.
236251	La propreté est sœur de la divinité.	10844831	Netheid staat naast goddelijkheid.
2201328	Il a la manie de la propreté.	10844832	Hij is een netheidsmaniak.
2369059	J’accordais une grande importance à la propreté.	10844833	Ik hechtte veel belang aan netheid.
5655334	Attends Tom.	10846647	Wacht op Tom.
5660345	Commençons maintenant.	10846648	Laten we nu beginnen.
5667025	Retourne dormir.	10846651	Ga terug slapen.
5682984	Amusez-le.	10846652	Vermaak hem.
5685856	Allons enquêter.	10846657	Laten we op onderzoek uitgaan.
5686318	Allons voir.	10846658	Laten we eens gaan kijken.
5686324	Allons dehors.	10846659	Kom, we gaan naar buiten.
5698074	Soyons clairs.	10846660	Laat ons duidelijk zijn.
5698074	Soyons clairs.	10846661	Laten we duidelijk zijn.
5707273	Tom délirait.	10846668	Tom ijlde.
5909068	Tom parlait.	10846676	Tom was aan het woord.
5909068	Tom parlait.	10846677	Tom praatte.
6201137	Tom patine.	10846692	Tom schaatst.
6201137	Tom patine.	10846693	Tom rolschaatst.
6201137	Tom patine.	10846720	Tom zit in het moeras.
6201147	Tom hennit.	10846742	Tom hinnikte.
6201147	Tom hennit.	10846745	Tom hinnikt.
6201148	Tom digère.	10846754	Tom verteert.
6201152	Tom mincit.	10846757	Tom wordt slanker.
6201153	Tom existe.	10846758	Tom bestaat.
6201154	Tom cédera.	10846761	Tom zal toegeven.
6201154	Tom cédera.	10846763	Tom zal bezwijken.
6201156	Tom titube.	10846765	Tom wankelt.
6201159	Tom peste !	10846771	Tom raast en tiert!
6201161	Tom vient !	10846772	Tom komt eraan!
6201162	Tom lévite.	10846773	Tom zweeft.
6201165	Tom macère.	10846777	Tom marineert.
6201167	Tom jongle.	10846779	Tom jongleert.
6201170	Tom picole.	10846783	Tom pimpelt.
6201170	Tom picole.	10846784	Tom zuipt.
6201173	Tom bronze.	10846791	Tom zonnebaadt.
6201185	Tom grogne.	10846797	Tom moppert.
6201188	Tom guérit.	10846798	Tom geneest.
6201189	Tom nagera.	10846800	Tom zal zwemmen.
6201191	Je traîne.	10846801	Ik hang rond.
6201192	Je pleure.	10846820	Ik huil.
6201193	Je change.	10846821	Ik verander.
6201195	Je jaunis.	10846822	Ik word geel.
6201196	Je triche.	10846823	Ik speel vals.
6201197	Je morfle.	10846826	Ik heb het moeilijk.
6201197	Je morfle.	10846827	Ik krijg de volle laag.
6201197	Je morfle.	10846831	Ik krijg lik op stuk.
6201198	Je grogne.	10846833	Ik grom.
6201199	J'embraie.	10846835	Ik trap de koppeling in.
6201199	J'embraie.	10846836	Ik reageer.
6201200	Tu remues.	10846837	Je roert.
6201202	Je gigote.	10846842	Ik wriemel.
6201202	Je gigote.	10846843	Ik spartel.
6201203	Tu blêmis.	10846844	Je wordt bleek.
6201204	J'hiberne.	10846845	Ik hou een winterslaap.
6201204	J'hiberne.	10846846	Ik overwinter.
6201206	Je salive.	10846847	Ik kwijl.
6201207	Tu guéris.	10846848	Je geneest.
6201210	Elle bave.	10846849	Ze kwijlt.
6201213	J'abdique.	10846850	Ik treed af.
6201213	J'abdique.	10846851	Ik doe afstand van de macht.
6203517	Bonne question !	10846853	Goede vraag!
6208256	Essayez ça !	10846854	Probeer dit eens!
6275616	Changeons cela.	10846856	Laten we dat veranderen.
6307813	Tout fonctionnait.	10846857	Alles werkte.
6307813	Tout fonctionnait.	10846858	Alles was in werking.
6328385	Debout, vite.	10846860	Opstaan, snel.
6381801	Tu divagues.	10846870	Je bazelt.
6401158	Encore raté !	10846871	Alweer gemist!
6401158	Encore raté !	10846873	Weer te laat!
6440706	Je rends.	10846874	Ik geef terug.
6440706	Je rends.	10846875	Ik geef over.
6440707	Je rendais.	10846876	Ik gaf terug.
6440707	Je rendais.	10846877	Ik gaf over.
6460351	Sami recommença.	10846878	Sami begon weer.
6460351	Sami recommença.	10846879	Sami begon opnieuw.
6576567	À découvrir...	10846880	Wordt ontdekt ...
6576567	À découvrir...	10846881	Te ontdekken ...
7089283	Bah oui.	10846883	Ja, dat is zo.
7135505	Tous partis.	10846885	Allemaal weg.
7762942	Haïr fatigue.	10846887	Haat is vermoeiend.
7801745	Waouh ! Talentueux !	10846889	Wow! Getalenteerd!
7801752	Haha, mignon.	10846890	Haha, schattig.
7801770	Belles pompes.	10846892	Mooie schoenen.
7801771	Complètement bidon.	10846896	Helemaal nep.
7801772	Trop amer.	10846899	Te bitter.
7801773	Trop gras !	10846900	Te vettig!
7801774	Dieu bénit.	10846901	God zegent.
7801775	Points bonus !	10846902	Bonuspunten!
7956646	Repentez-vous !	10846903	Heb berouw!
7956646	Repentez-vous !	10846904	Doe boete!
8805143	Marie agonise.	10849367	Maria ligt op sterven.
8805135	Tom agonise.	10849368	Tom ligt op sterven.
8666730	Quelle frayeur !	10849369	Dat was schrikken!
8332575	Voici Ophélie.	10849370	Dit is Ophelia.
8332573	Voici Xavier.	10849371	Dit is Xavier.
8325663	Je rentre.	10849372	Ik ga terug naar binnen.
8325660	J'entre.	10849373	Ik kom binnen.
8325660	J'entre.	10849374	Ik ga binnen.
8307837	Vous trichez !	10849375	Jullie spelen vals!
8307837	Vous trichez !	10849376	U speelt vals!
8281313	Au diable !	10849380	Naar de hel ermee!
8281313	Au diable !	10849383	Krijg nu wat!
8273745	Termine vite.	10849385	Maak het snel af.
8273739	Rejoins-le.	10849387	Sluit je bij hem aan.
8269932	Étudions ensemble.	10849388	Laten we samen studeren.
8208228	Vous écoutiez.	10849403	U luisterde.
8208228	Vous écoutiez.	10849404	Jullie luisterden.
8206253	Je cherche.	10849405	Ik zoek.
8206190	Ça aussi.	10849406	Dat ook.
8206190	Ça aussi.	10849407	Ook dat.
8204931	Vois grand !	10849409	Denk groot!
8204931	Vois grand !	10849412	Denk ruim!
8200002	Top secret !	10849413	Topgeheim!
8192128	Cherche-le.	10849415	Zoek ernaar.
8124050	Salut Chaban !	10849416	Hoi Chaban!
8096070	Aidons-la !	10849417	Laten we haar helpen!
8090767	Endurcissez-vous.	10849423	Verhard uzelf.
8090767	Endurcissez-vous.	10849424	Verhard jezelf.
8089085	Aidons-le !	10849426	Laten we hem helpen!
8088538	Elle siffla.	10849427	Ze floot.
8085911	Ingurgitez-le !	10849428	Slik het in!
8053709	Une fois.	10849430	Een keer.
8048397	Réfléchissons ensemble !	10849431	Laten we samen nadenken!
8048397	Réfléchissons ensemble !	10849438	Laten we onze koppen samenvoegen!
8036576	Bonjour, Tom !	10849446	Goeiedag, Tom!
8031368	Rosse-le !	10849451	Sla hem op z'n bek!
8031368	Rosse-le !	10849452	Sla hem verrot!
8031368	Rosse-le !	10849454	Geef hem een pak slaag!
8031368	Rosse-le !	10849456	Geef hem een pak rammel!
8031154	Ça va !	10849460	't Is goed zo!
8029774	Dessine-la !	10849463	Teken haar!
8026378	Sauvons Tom !	10849464	Laten we Tom redden!
7981742	Soyons raisonnables.	10849465	Laten we redelijk zijn.
7979411	Les voici.	10849468	Hier zijn ze.
7971051	Allons pêcher.	10849469	Laten we gaan vissen.
7839245	À louer.	10849470	Te huur.
7801751	Oh, ok.	10849475	Oh, oké.
6440712	Vous rendiez.	10849478	U gaf terug.
6440712	Vous rendiez.	10849479	U gaf over.
6440712	Vous rendiez.	10849482	Jullie gaven terug.
6440712	Vous rendiez.	10849483	Jullie gaven over.
6440711	Nous rendions.	10849485	We gaven over.
6440711	Nous rendions.	10849486	We gaven terug.
6440710	Elle rendait.	10849487	Ze gaf terug.
6440710	Elle rendait.	10849488	Ze gaf over.
6440709	Il rendait.	10849489	Hij gaf terug.
6440709	Il rendait.	10849490	Hij gaf over.
6440708	Tu rendais.	10849491	Je gaf terug.
6440708	Tu rendais.	10849492	Je gaf over.
5638419	Pauvre petit.	10849505	Arme jongen.
5638419	Pauvre petit.	10849506	Arm kind.
5638419	Pauvre petit.	10849507	Arme schat.
5605318	Ressaisis-toi.	10849508	Kom tot jezelf.
5605318	Ressaisis-toi.	10849510	Verman jezelf.
5589081	Tom entra.	10849511	Tom kwam binnen.
5589077	Tom veille.	10849513	Tom waakt.
5576224	Je nagerai.	10849515	Ik zal zwemmen.
5576223	Nous nagerons.	10849517	We zullen zwemmen.
4962061	Déjeunons ici.	10849518	Laten we hier lunchen.
4961722	Taisons-nous !	10849520	Laten we onze mond houden!
4961722	Taisons-nous !	10849522	Laten we stil zijn!
4961718	Sincères condoléances !	10849523	Oprechte deelneming!
4678877	Je cuisinerai.	10849532	Ik zal koken.
4678877	Je cuisinerai.	10849533	Ik kook wel.
4678869	J'obéirai.	10849534	Ik zal gehoorzamen.
4678863	Je tirerai.	10849545	Ik zal schieten.
4599076	Il louche.	10849547	Hij loenst.
4599066	Elles mangent.	10849550	Ze eten.
4599056	Marie mange.	10849557	Maria eet.
4596119	Elles divaguent !	10849558	Ze bazelen!
4142163	Au rapport.	10849559	Klaar voor de dienst.
4142163	Au rapport.	10849565	Rapporteer.
2937401	Nous comprenions.	10849567	We begrepen het.
2937398	Marie comprenait.	10849569	Maria begreep het.
2937396	Elle comprenait.	10849570	Ze begreep het.
2937392	Il comprenait.	10849572	Hij begreep het.
2937331	Elles chuchotaient.	10849573	Ze fluisterden.
7528145	L'éducation est-elle bonne ?	10870531	Is het onderwijs goed?
2474402	Je pense qu'il est grand temps que nous commencions.	10879032	Ik denk dat het hoog tijd is dat we beginnen.
9171416	Monte vite !	10888182	Stap in, snel!
9171416	Monte vite !	10888183	Stap snel in!
9161907	Quelle cafteuse !	10888184	Wat een klikspaan!
9161886	Sonde-les.	10888186	Ondervraag ze.
9161883	Sondons-les !	10888188	Laten we ze ondervragen!
9161569	Il chipote.	10888190	Hij kibbelt.
9161569	Il chipote.	10888191	Hij kieskauwt.
9252807	Prends-en.	10890477	Neem wat.
9252807	Prends-en.	10890478	Neem er een paar.
9252751	Poussez-la.	10890480	Duwen.
9252751	Poussez-la.	10890481	Duw het.
9252751	Poussez-la.	10890482	Duw erop.
9252751	Poussez-la.	10890483	Duw haar.
9252749	Poussez-le.	10890484	Duw hem.
9202773	Reste encore !	10890485	Blijf nog!
9190814	Oui, effectivement !	10890486	Ja, inderdaad!
9190814	Oui, effectivement !	10890487	Jazeker!
9186028	Il quémande.	10890488	Hij vraagt om geld.
9186028	Il quémande.	10890490	Hij bedelt.
9186028	Il quémande.	10890492	Hij vraagt.
9143615	Restons mariés.	10890497	Laten we getrouwd blijven.
9143566	On plaisantait.	10890498	We maakten een grapje.
9143566	On plaisantait.	10890501	We schertsten maar wat.
9134051	Ils chuchotent.	10890502	Ze fluisteren.
9134044	Vous chuchotez.	10890503	Jullie fluisteren.
9134040	Il chuchote.	10890504	Hij fluistert.
9130460	Quel pantin !	10890521	Wat een kwibus!
9099046	Arrêt interdit !	10890522	Verboden te stoppen!
9099046	Arrêt interdit !	10890523	Parkeren en stilstaan verboden!
9070749	Rase-toi.	10890524	Scheer je.
9067858	Il prie.	10890525	Hij bidt.
9066711	La voilà.	10890526	Hier is ze.
9066665	Elle viendra.	10890527	Ze komt wel.
9066665	Elle viendra.	10890528	Ze zal komen.
8984358	Emmène-le.	10890529	Haal hem weg.
8984356	Prends-le.	10890530	Neem hem.
8984354	Trouve-le.	10890531	Zoek het.
8984354	Trouve-le.	10890532	Zoek hem.
8984350	Il tricote.	10890533	Hij breit.
8984328	Il conduit.	10890534	Hij rijdt.
8984327	Il triche.	10890535	Hij speelt vals.
8984321	Mennad travaillait.	10890536	Mennad werkte.
8984315	Enregistre ceci.	10890537	Neem dit op.
8984300	Discipline-la.	10890539	Disciplineer haar.
8984300	Discipline-la.	10890542	Breng haar discipline bij.
8984290	Mennad comprend.	10890543	Mennad begrijpt het.
8984286	Ça chatouillait.	10890544	Het kietelde.
8984277	Mennad boit.	10890545	Mennad drinkt.
8984273	Joli bronzage.	10890546	Mooi kleurtje.
8984270	Attrape ça.	10890547	Vang dit op.
8984260	Quelle dureté.	10890548	Dat is hard.
8984246	Étudiez davantage.	10890549	Studeer verder.
8984246	Étudiez davantage.	10890550	Studeer meer.
8984227	Hé toi.	10890551	Hé, jij daar.
8984225	Venez ensemble.	10890552	Kom samen.
8984219	Elle essaie.	10890553	Ze probeert.
8984212	Bonne lecture.	10890554	Veel leesplezier.
8984208	Oh non.	10890555	O, nee.
8984204	Adore Dieu.	10890556	Aanbid God.
8984202	Crains Dieu.	10890557	Vrees God.
8984197	Respecte Dieu.	10890558	Eerbiedig God.
8984195	Prie correctement.	10890559	Bid goed.
8984180	Utilisez Twitter.	10890560	Gebruik Twitter.
8984178	Utilisez Google.	10890561	Gebruik Google.
8984174	Utilise Wikipedia.	10890562	Gebruik Wikipedia.
8984171	Utilisez Yahoo.	10890563	Gebruik Yahoo.
8981449	Démène-toi !	10890569	Schud jezelf wakker!
8899962	Quel gogol !	10890573	Wat een mafkees!
8899962	Quel gogol !	10890577	Wat een debiel!
8897503	Parlons affaires !	10890580	Laten we het over zaken hebben!
8897503	Parlons affaires !	10890584	Laten we ter zake komen!
8881594	Quel régal !	10890586	Wat een traktatie!
8876895	Elles agonisent.	10890590	Ze zijn aan het sterven.
8876889	Elle agonise.	10890592	Ze is aan het sterven.
8876663	Il agonise.	10890594	Hij is aan het sterven.
8874530	Quel bronx !	10890623	Dit loopt uit de hand!
8874530	Quel bronx !	10890624	Wat een chaos!
8837846	Nous suffoquons.	10890625	We stikken.
8836456	Prends-la.	10890626	Neem haar.
2937321	Nous chuchotions.	10890627	We fluisterden.
2937318	Marie chuchotait.	10890628	Maria fluisterde.
2937315	Elle chuchotait.	10890630	Zij fluisterde.
2937310	Il chuchotait.	10890633	Hij fluisterde.
2937273	Elles grandissaient.	10890639	Ze groeiden.
2937266	Vous grandissiez.	10890641	Jullie groeiden.
2937265	Nous grandissions.	10890642	We groeiden.
2937259	Marie grandissait.	10890644	Maria groeide.
2937257	Elle grandissait.	10890645	Ze groeide.
2937254	Tom grandissait.	10890646	Tom groeide.
2937252	Il grandissait.	10890648	Hij groeide.
2937099	Elles flottaient.	10890650	Ze zweefden.
2937099	Elles flottaient.	10890651	Ze dreven.
2937094	Vous flottiez.	10890653	Jullie dreven.
2937094	Vous flottiez.	10890655	Jullie zweefden.
2937086	Marie flottait.	10890666	Maria zweefde.
2937086	Marie flottait.	10890667	Maria dreef.
2937084	Elle flottait.	10890668	Ze zweefde.
2937084	Elle flottait.	10890669	Ze dreef.
2937039	Elles éructaient.	10890670	Ze boerden.
2937033	Vous éructiez.	10890671	Jullie boerden.
2937031	Nous éructions.	10890672	We boerden.
2937026	Elle éructait.	10890673	Ze boerde.
2937020	Tu éructais.	10890674	Je boerde.
2936775	Ils enquêtaient.	10890675	Ze onderzochten.
2936775	Ils enquêtaient.	10890677	Ze deden onderzoek.
2936772	Vous enquêtiez.	10890678	Jullie onderzochten.
2936772	Vous enquêtiez.	10890679	Jullie deden onderzoek.
2936754	J'enquêtais.	10890680	Ik onderzocht.
2936754	J'enquêtais.	10890681	Ik deed onderzoek.
2936756	Tu enquêtais.	10890682	Je deed onderzoek.
2936756	Tu enquêtais.	10890683	Je onderzocht.
2936759	Il enquêtait.	10890684	Hij onderzocht.
2936759	Il enquêtait.	10890685	Hij deed onderzoek.
2936761	Tom enquêtait.	10890686	Tom deed onderzoek.
2936761	Tom enquêtait.	10890687	Tom onderzocht.
2936763	Elle enquêtait.	10890688	Ze onderzocht.
2936763	Elle enquêtait.	10890689	Ze deed onderzoek.
2936766	Marie enquêtait.	10890690	Maria deed onderzoek.
2936766	Marie enquêtait.	10890691	Maria onderzocht.
2936769	Nous enquêtions.	10890692	We deden onderzoek.
2936769	Nous enquêtions.	10890693	We onderzochten.
9687672	Elles dépérissent.	10911089	Ze sterven uit.
9699770	Recueillons-le.	10911091	Laten we hem in huis nemen.
9687669	Il dépérit.	10911092	Hij gaat dood.
9685887	Réchauffe-le.	10911093	Warm het op.
9685887	Réchauffe-le.	10911094	Warm hem op.
9685848	Jetez-la.	10911095	Gooi het weg.
9685846	Jetez-le.	10911096	Gooi hem weg.
9685658	Il bavarde.	10911114	Hij kletst.
9685833	Conduis-le.	10911116	Ga met hem rijden.
9685834	Conduis-la.	10911118	Ga met haar rijden.
9683431	Corrigez-les.	10911121	Verbeter ze.
9683430	Corrigez-la.	10911125	Verbeter het.
9683429	Corrigez-le.	10911133	Verbeter hem.
9683430	Corrigez-la.	10911135	Verbeter haar.
9683219	Endormez-les.	10911136	Breng ze in slaap.
9683218	Endormez-la.	10911137	Breng haar in slaap.
9683216	Endormez-le.	10911138	Breng hem in slaap.
9682841	Pose-le.	10911139	Leg het neer.
9682841	Pose-le.	10911140	Leg hem neer.
9682840	Pose-la.	10911141	Leg haar neer.
9682838	Pose-les.	10911143	Leg ze neer.
9682831	Prends-les.	10911145	Neem ze.
9682828	Soulevez-moi.	10911146	Til me op.
9682827	Portez-moi.	10911147	Draag me.
9682825	Goûte-les.	10911148	Proef ze.
9682823	Invite-les.	10911173	Nodig hen uit.
9682822	Invitez-la.	10911176	Nodig haar uit.
9681323	Éteignez-les.	10911179	Zet ze uit.
9681321	Éteignez-la.	10911182	Zet haar uit.
9681319	Éteignez-le.	10911188	Zet hem uit.
9675788	Elle pendille.	10911211	Ze slingert.
9672131	Cherche partout.	10911212	Zoek overal.
9672127	Va travailler.	10911213	Ga aan het werk.
9623711	Rejouez-le.	10911215	Speel het nog eens af.
9623711	Rejouez-le.	10911217	Speel het nog een keer.
9561464	Il cafouille.	10911220	Hij is aan het knoeien.
9561464	Il cafouille.	10911222	Hij maakt er een zootje van.
9545415	Très drôle.	10911223	Erg grappig.
9513551	Skura arrive.	10911225	Skura komt eraan.
9506401	Prenez-les !	10911226	Neem ze!
9506395	Sache-le !	10911227	Weet dit!
9506393	Sachons-le !	10911233	Laten we dit goed in onze oren knopen!
9506394	Sachez-le !	10911241	Knoop het goed in uw oren!
9506395	Sache-le !	10911242	Knoop het goed in je oren!
9499017	Éloigne-toi.	10911244	Uit de weg.
9498964	Il sanglote.	10911245	Hij snikt.
9478067	Tom ralentit.	10911247	Tom vertraagt.
9468196	Enfile-le !	10911251	Doe hem om!
9468196	Enfile-le !	10911252	Trek het aan!
9478066	Tom a ralenti.	10915441	Tom vertraagde.
1850089	Ne me dis pas quoi faire !	10923717	Zeg me niet wat ik moet doen!
9472717	Il adore les huîtres.	10943529	Hij is gek op oesters.
6551409	Elle est néerlandaise.	10951165	Zij is een Nederlandse.
10953990	Il vit en ville.	10954003	Hij woont in de stad.
10953989	Elle vit en ville.	10954025	Ze woont in de stad.
10960362	Je viens de parler à ton professeur et je suis très fière de toi. Tu es un très bon élève.	10960755	Ik heb net met je leraar gesproken en ik ben erg trots op je. Je bent een zeer goede leerling.
8419111	Vrai ou faux ?	10961274	Waar of onwaar?
2897246	Tom a mangé un quart du gâteau.	10968797	Tom heeft een vierde van de taart opgegeten.
1692985	Tom est retourné à son village natal.	10968987	Tom is naar zijn geboortedorp weergekeerd.
10065757	Trop cool !	10976343	Echt vet!
10044061	Vivez libres.	10976350	Leef in vrijheid.
10040652	Va manger.	10976351	Ga eten.
10015026	Dégage, cabot !	10976362	Rot op, misbaksel!
10015023	Quelle honte !	10976364	Ik schaam me dood!
10015023	Quelle honte !	10976366	Wat vernederend!
10014450	Épargne-moi !	10976370	Spaar mijn leven!
10000314	Tapez dessus !	10976391	Sla erop!
10000314	Tapez dessus !	10976393	Geef het een tik!
9999993	Buvez-y !	10976400	Neem er een drankje!
9999979	Buvez-en !	10976404	Neem er een slok van!
9999956	Quel sauvage !	10976406	Wat een bruut!
9999955	Quels sauvages !	10976408	Wat een bende woestelingen!
9999821	Jean, raconte !	10976409	Jean, vertel!
9996130	Debout, soldats !	10976412	Opstaan, soldaten!
9995139	Quelle ladrerie !	10976421	Wat een hebzucht!
9987177	Partageons-la.	10976423	Laten we het delen.
9984051	Tant mieux.	10976428	Mooi zo.
9984051	Tant mieux.	10976429	Des te beter.
9980615	Yanni paniqua.	10976430	Yanni raakte in paniek.
9980603	Yanni mangeait.	10976432	Yanni was aan het eten.
9980603	Yanni mangeait.	10976433	Yanni at.
9980597	Yanni ment.	10976436	Yanni liegt.
9980596	Yanni réapparut.	10976437	Yanni kwam weer tevoorschijn.
9980593	Yanni changea.	10976438	Yanni veranderde.
9980590	Yanni regarda.	10976440	Yanni keek toe.
9980587	Yanni survit.	10976441	Yanni overleefde.
9980585	Yanni vint.	10976444	Yanni kwam.
9980579	Yanni travailla.	10976446	Yanni werkte.
9980576	Yanni savait.	10976448	Yanni wist het.
9980575	Yanni parlait.	10976449	Yanni sprak.
9980575	Yanni parlait.	10976450	Yanni was aan het woord.
9334544	Tout coule.	10976905	Alles zinkt.
9391733	Tom supervise.	10976907	Tom houdt toezicht.
9391733	Tom supervise.	10976908	Tom superviseert.
9391785	Ramenez Tom.	10976909	Breng Tom terug.
9391849	Tom répondra.	10976910	Tom zal antwoorden.
9391849	Tom répondra.	10976911	Tom zal reageren.
9405913	Cache-la.	10976912	Verstop het.
9405913	Cache-la.	10976913	Verstop haar.
9405913	Cache-la.	10976914	Verberg het.
9405913	Cache-la.	10976915	Verberg haar.
9420254	Tom observe.	10976916	Tom observeert.
9420264	Tom persévère.	10976917	Tom houdt vol.
9420264	Tom persévère.	10976918	Tom zet door.
9433569	Mangez doucement.	10976919	Eet rustig.
9464013	Rapprochez-le.	10976920	Breng het dichterbij.
9464013	Rapprochez-le.	10976921	Breng hem dichterbij.
9464014	Rapprochez-la.	10976922	Breng haar dichterbij.
9769435	Oh, excellent !	10976923	Oh, uitstekend!
9769436	Oh, sympa !	10976924	Oh, leuk!
9824228	Yanni soupira.	10976925	Yanni zuchtte.
9824229	Yanni refusa.	10976926	Yanni weigerde.
9824233	Yanni sortit.	10976927	Yanni ging naar buiten.
9824233	Yanni sortit.	10976928	Yanni ging uit.
9824236	Yanni témoigna.	10976929	Yanni getuigde.
9930070	Parlez hongrois !	10976930	Spreek Hongaars!
9917335	Quel barnum !	10976931	Wat een zootje!
9934892	Cache-toi.	10976932	Verstop je.
9934893	Cachez-vous.	10976933	Verstop u.
9955117	Tom bafouille.	10976934	Tom hakkelt.
9962168	Sois maudit !	10976935	Verdomme jij!
9962168	Sois maudit !	10976936	Wees vervloekt!
9980545	Yanni sait.	10976937	Yanni weet het.
9980554	Yanni coura.	10976938	Yanni liep.
9980557	Yanni aida.	10976939	Yanni hielp.
9980560	Yanni promit.	10976940	Yanni beloofde het.
9980572	Yanni tomba.	10976941	Yanni viel.
10068823	Ça empestait.	10976942	Het stonk.
10068823	Ça empestait.	10976945	De lucht was niet te harden.
10069334	Ils éternuèrent.	10976947	Ze niesden.
10071443	Fouillez partout !	10976948	Zoek overal!
10077125	Évite ça !	10976949	Vermijd dit!
10110609	NTM, salaud !	10976952	Neuk je moeder, klootzak!
10121133	Te voilà !	10976953	Daar ben je!
10123039	Tu tomberas !	10976954	Je zult vallen!
10123039	Tu tomberas !	10976955	Je zult ten onder gaan!
10134862	On sait.	10976957	Dat weten we.
10135471	Veuillez obtempérer !	10976960	Gelieve te gehoorzamen!
10137499	Réponds-nous.	10976965	Geef ons antwoord.
10137798	Nourrissez-la !	10976966	Geef haar te eten!
10139820	Tom raccrocha.	10976967	Tom hing op.
10150902	Appelez-les !	10976968	Bel ze op!
10150902	Appelez-les !	10976969	Roep ze!
10159156	Parlons correctement.	10976970	Laten we fatsoenlijk praten.
10159156	Parlons correctement.	10976971	Laten we eens goed praten.
10172351	Invitez-le.	10976973	Nodig hem uit.
10176228	Ajoute-le.	10976975	Voeg het toe.
10176228	Ajoute-le.	10976976	Doe het erbij.
10199104	Julien reviendra.	10976978	Julien zal terugkomen.
10199104	Julien reviendra.	10976979	Julien komt wel terug.
10185526	Macron, démission !	10976980	Macron, treed af!
10184039	Vous grandissez.	10976981	Jullie groeien op.
10184038	Tu grandis.	10976982	Je groeit op.
10211253	Restez svelte !	10976983	Blijf slank!
6026371	Qui connais-tu dans cette ville ?	10981067	Wie ken je in deze stad?
932027	Y a-t-il une boîte aux lettres près d'ici ?	10981395	Is hier een brievenbus in de buurt?
1847393	Ce que vous ignorez ne vous fera pas de mal.	10993189	Wat men niet weet, doet ons geen leed.
1112401	Le pétrissage du caillé dure environ une heure et demie, et une fois terminé, le caillé ainsi malaxé et comprimé constitue ce que l'on appelle la tome.	10999235	Het kneden van de wrongel duurt ongeveer anderhalf uur, en na afloop ervan vormt de gekneede en samengeperste wrongel een zogenaamde tomme.
8917954	Le français est une belle langue.	11002837	Spaans is een heel mooie taal.
7000302	Chacun n'entend que ce qu'il comprend.	11014778	Iedereen hoort alleen wat hij begrijpt.
4487654	La forêt amazonienne est le poumon vert du monde.	11028106	Het Amazoneregenwoud is de groene long van de wereld.
6837360	C'est triste mais vrai.	11046863	Het is triest maar waar.
2941475	Il y a une file.	11067987	Er staat een file.
9341403	C'est une unité.	11073206	Het is een eenheid.
492394	La force dans l'unité.	11073213	Eenheid geeft kracht.
3660040	La boîte contient 20 unités.	11073215	De doos bevat 20 eenheden.
9576575	Qui commande cette unité ?	11073217	Wie voert het bevel over deze eenheid?
9576575	Qui commande cette unité ?	11073219	Wie heeft het commando over deze eenheid?
10139944	L'adversité unit les cœurs.	11073464	Tegenspoed brengt harten samen.
10505309	Attention à toutes les unités.	11073465	Attentie alle eenheden.
10505309	Attention à toutes les unités.	11073466	Aan alle eenheden.
10659437	Mais un sentiment les unit.	11073477	Maar een gevoel verbindt hen.
3148711	Il faut protéger l'unité nationale.	11073478	De nationale eenheid moet beschermd worden.
3148711	Il faut protéger l'unité nationale.	11073479	Het is noodzakelijk de nationale eenheid te beschermen.
4957399	La familiarité nous unit avec tout.	11073480	Vertrouwdheid verbindt ons met alles.
6041479	La force est dans l'unité.	11073481	Kracht zit in eenheid.
11969	Le centimètre est une unité de longueur.	11073495	De centimeter is een lengte-eenheid.
13395	Une livre est une unité de poids.	11073496	Een pond is een gewichtseenheid.
913028	Unité, justice et liberté pour la patrie allemande !	11073497	Eenheid, gerechtigheid en vrijheid voor het Duitse vaderland!
1521412	Le « Groschen » a été une unité monétaire allemande.	11073498	De "Groschen" was ooit een Duitse munteenheid.
662365	Le personnage de gauche gâche l'unité du tableau.	11073499	Het personage links verstoort de eenheid van het beeld.
1083230	L'idée maîtresse de son discours était l'unité.	11073505	Zijn toespraak draaide vooral om eenheid.
1083230	L'idée maîtresse de son discours était l'unité.	11073510	De hoofdstrekking van zijn voordracht was eenheid.
2413122	L'unité se dissout quand la grandeur s'effondre.	11073520	Eenheid versplintert wanneer grootheid ineenstort.
11069938	Il s’agit de la plus petite unité de mesure.	11073521	Dit is de kleinste maateenheid.
7731179	Le commandant de l'unité donna l'ordre de déposer les armes.	11073525	De commandant van de eenheid gaf het bevel om de wapens neer te leggen.
7731177	Le commandant de l'unité a donné l'ordre de déposer les armes.	11073526	De commandant van de eenheid heeft het bevel gegeven om de wapens neer te leggen.
849510	La dualité, qui est la contradiction de l'unité, en est aussi la conséquence.	11073532	De dualiteit, die de tegenstelling vormt van de eenheid, vloeit hier ook uit voort.
3212494	Tout le village fut joyeux le jour où l’on unit ces deux fiancés.	11073533	Het hele dorp verheugde zich op de dag dat de twee verenigd werden.
4567550	Rien n'unit plus une communauté villageoise qu'un cadavre commun dans la cave.	11073534	Niets verenigt een dorpsgemeenschap meer dan een gemeenschappelijk lijk in de kelder.
8816502	Rien ne les unit.	11073676	Niets verbindt hen.
5493921	Tom, en courant, est tombé sur son chien, et s'est écorché le genou et la paume de sa main droite.	11073691	Al rennend viel Tom op zijn hond en schaafde hij zijn knie en de palm van zijn rechterhand.
3255586	Je me suis littéralement fracassé le genou contre le coin de la table basse… Ça me fait un mal de chien !	11073693	Ik heb letterlijk mijn knie tegen de hoek van de koffietafel gestoten ... Het doet vreselijk pijn!
1692477	Tom s'est blessé au genou gauche à l'entraînement, alors Jean a dû jouer à sa place.	11073696	Tom raakte gekwetst aan zijn linkerknie tijdens de training, dus moest Jean in zijn plaats spelen.
1692477	Tom s'est blessé au genou gauche à l'entraînement, alors Jean a dû jouer à sa place.	11073700	Tom heeft zijn linkerknie gekwetst tijdens de training, bijgevolg heeft Jean zijn plaats moeten innemen.
452975	Il décida d'être prudent et de se retirer du tournoi à cause de son genou blessé.	11073703	Hij besloot voorzichtig te zijn en zich terug te trekken uit het toernooi vanwege zijn knieblessure.
848325	Je mis un genou en terre et lui demandai sa main. Elle éclata de rire.	11073705	Ik ging op één knie zitten en vroeg om haar hand. Ze barstte in lachen uit.
8222362	J'ai subi une chirurgie de remplacement du genou il y a trois mois.	11073706	Ik heb drie maanden geleden een knievervangende operatie gehad.
1690313	Je suis méchamment tombé, et j'ai écopé d'un hématome noir au genou.	11073708	Ik viel hard en kreeg een zwarte kneuzing op mijn knie.
11034888	Je suis tombé et je me suis fait un bleu au genou.	11073709	Ik ben gevallen en heb mijn knie gekneusd.
3881432	Suite à une chute, une bosse est apparue sur mon genou droit.	11073710	Na een val, verscheen er een knobbel op mijn rechterknie.
3881432	Suite à une chute, une bosse est apparue sur mon genou droit.	11073713	Na een val, is er een bult op mijn rechterknie verschenen.
8854173	Je verse de la crème anti-inflammatoire sur mon genou droit.	11073715	Ik smeer ontstekingsremmende crème op mijn rechterknie.
6473303	Il s'est foulé le genou pendant une partie de volley.	11073718	Hij verstuikte zijn knie tijdens een volleybalwedstrijd.
6473303	Il s'est foulé le genou pendant une partie de volley.	11073719	Hij heeft zijn knie verstuikt tijdens een partijtje volleybal.
8695888	Elle crie à pierre fendre.	11073724	Ze schreeuwt zich de longen uit het lijf.
10112739	Il gèle à pierre fendre.	11073728	Het is stervenskoud.
10112739	Il gèle à pierre fendre.	11073729	Het vriest dat het kraakt.
6061873	Il gelait à fendre les pierres.	11073730	Het was stervenskoud.
8854673	Attention, tu vas te fendre le crâne !	11073733	Kijk uit, je gaat je schedel kraken!
8854694	Ces enfoirés vont bien se fendre la gueule.	11073755	Die eikels gaan een leuke tijd tegemoet.
8854694	Ces enfoirés vont bien se fendre la gueule.	11073758	Die rotzakken gaan zich kapotlachen.
11135276	Combien de neige as-tu eu ?	11135278	Hoeveel sneeuw heb je gehad?
11135277	Combien de neige avez-vous eu ?	11135279	Hoeveel sneeuw hebt u gehad?
1157548	C'est parfaitement égal !	11142668	Het is precies gelijk!
2911310	Vous avez admiré le courage de Tom.	11142671	Jullie hebben de moed van Tom bewonderd.
2911310	Vous avez admiré le courage de Tom.	11142673	U hebt de moed van Tom bewonderd.
9161627	Par où est-elle partie ?	11142674	Waar ging ze heen?
2039075	Les enfants ne devraient pas être gâtés.	11142678	Kinderen mogen niet worden verwend.
8114756	Je n'oublie jamais un visage.	11142679	Ik vergeet nooit een gezicht.
10393287	Skura et Nuja ne l'ont pas commandée.	11142682	Skura en Nuja hebben haar niet bevolen.
523009	Le blouson est sur le dossier de la chaise.	11142689	De jas ligt op de rug van de stoel.
4654059	Vous êtes imprudents.	11142693	Jullie zijn dom.
4654059	Vous êtes imprudents.	11142695	U bent dom.
9496421	Je voulais que mes enfants reviennent vers moi.	11142700	Ik wou dat mijn kinderen naar mij terugkomen.
7763115	Vous avez un invité.	11142702	Jullie hebben een gast.
7763115	Vous avez un invité.	11142704	U hebt een gast.
477602	Ils sont arrivés en Angleterre il y a une semaine.	11142708	Ze zijn een week geleden in Engeland aangekomen.
1132852	C'est la voix d'une vieille femme.	11142716	Het is de stem van een oude vrouw.
7695824	La santé est un facteur important de bonheur.	11142717	Gezondheid is een belangrijke factor van geluk.
5702760	Je suis celle qui a construit ceci.	11143657	Ik ben degene die dit heeft gebouwd.
2291655	Je te conseille de changer de vêtements.	11143658	Ik adviseer je om je om te kleden.
10716846	Préviens-nous s'il y a encore du grabuge.	11143659	Laat het ons weten als er meer problemen zijn.
5835130	Tom s'arrêta et fixa Mary.	11143660	Tom stopte en staarde naar Maria.
2319608	Elles n'accepteraient pas.	11143661	Ze zouden het niet accepteren.
8080135	Où sont tes médicaments ?	11143663	Waar zijn je geneesmiddelen?
9936174	N'est-ce pas les châteaux du roi qui était fou ?	11143668	Waren dat niet de kastelen van de koning die gek was?
6378543	Sami n'est pas un très bon menteur.	11143670	Sami is geen supergoede leugenaar.
7438458	Il y a une chanson que je veux te chanter.	11143679	Er is een lied dat ik voor je wil zingen.
1675432	Pourquoi n'achètes-tu pas une voiture ?	11143680	Waarom koop je geen auto?
9081865	J'ai déjà vécu la majeure partie de ma vie.	11143681	Ik heb al een groot deel van mijn leven geleefd.
9129416	Je ne perdrai pas.	11143682	Ik zal niet verliezen.
3618202	Mary était mon amie.	11143685	Maria was mijn vriendin.
6218063	Mon grand-père a appris cinq langues étant enfant.	11143692	Mijn grootvader heeft als kind vijf talen geleerd.
1575063	L'anglais a déformé de nombreux mots du français.	11143696	Engels heeft een aantal woorden uit het Frans vervormd.
1964465	On t'avait dit de rester sur le bateau.	11143697	We hadden je verteld op het schip te blijven.
2299678	Cet après midi je vais vendre ma voiture.	11143698	Vanmiddag ga ik mijn auto verkopen.
343258	Cette bouteille peut contenir deux litres d'eau chaude.	11143700	Deze fles kan twee liter warm water bevatten.
8090661	« Qu'est-ce que tu penses du réchauffement climatique ? » « Tant mieux ! Du coup, la mer sera peut-être aussi plus proche, puisque l'eau des océans monte. »	11143715	"Denk je over de opwarming van de aarde?" "Wel! De zee zal dichterbij komen als het water in de oceanen stijgt."
604715	Un jour, deux charlatans du nom de Guido et Luigi arrivèrent à la ville prétendant qu'ils étaient couturiers et pouvaient fabriquer le tissu le plus doux, délicat et merveilleux du monde.	11143729	Eens kwamen naar het dorp twee kwakzalvers, Guido en Luigi genaamd, die deden alsof ze couturiers waren en de zoetste, tederste, en geweldigste zakdoeken ter wereld kunnen maken.
1399223	Tom n'a plus joué de guitare depuis des années.	11143731	Tom heeft al jaren geen gitaar meer gespeeld.
6287319	Tom a dû fuir.	11160979	Tom moest vluchten.
2806514	Il n'a jamais trouvé un trésor.	11169657	Hij heeft nooit een schat gevonden.
11117609	Il m'a compris.	11173206	Hij heeft me begrepen.
11180684	« As-tu acheté une nouvelle maison ? » « Oui, j'en ai acheté une. »	11184063	„Heb je een nieuw huis gekocht?” – „Ja, ik heb er één gekocht.”
8859907	Les humains coloniseront-ils l'espace ?	11194878	Zullen mensen de ruimte coloniseren?
8859909	Les humains coloniseront-ils la Lune ?	11194881	Zullen mensen de maan coloniseren?
8730493	L'Algérie a été colonisée par la France.	11194883	Algerije was door Frankrijk gekoloniseerd.
10531858	L'Algérie a colonisé la Kabylie depuis 1962.	11194886	Algerije heeft Kabylië sinds 1962 gekoloniseerd.
2272209	Avec la colonisation, on diffuse aussi la langue française.	11194895	Met kolonisatie verspreiden we ook de Franse taal.
8949395	L'Algérie fut colonisée trois siècles par les turcs.	11194903	Algerije werd drie eeuwen door de Turken gekoloniseerd.
10531860	La Kabylie est colonisée par l'Algérie depuis 1962.	11194906	Kabylië is door Algerije sinds 1962 gekoloniseerd.
10557465	Si je disposais de suffisamment d'argent, j'aurais pu l'acheter.	11208103	Als ik genoeg geld had, had ik het kunnen kopen.
5361946	Il était habillé en noir.	11209559	Hij was in het zwart gekleed.
11215612	Il y a beaucoup de méduses à la plage.	11215621	Er zijn vele kwallen bij het strand.
331954	J'espère que je ne serai plus malade la semaine prochaine.	11273589	Ik hoop dat ik volgende week zieker niet word.
333443	C'est l'aide dont nous avons besoin.	11273591	Dat is de hulp die we hebben nodig.
333440	C'est l'homme dont les enfants sont si gentils.	11273593	Dat is de man wiens kinderen zo aardig zijn.
333439	L'homme que tu as vu hier est mon oncle.	11273600	De man die je gisteren zag is mijn oom.
333640	Le film était ennuyeux ; le meilleur moment, c'était la fin.	11273607	De film was vervelend; het beste moment was het einde.
333638	Il a toujours de meilleures notes que moi bien qu'il travaille moins.	11273611	Hij haalt altijd betere cijfers dan ik, hoewel hij werkt minder.
333371	Je fais un autre test.	11273614	Ik maak een andere toets.
333357	Alain me dit que ça ne marche pas, donc je teste pour savoir si ça marche.	11273619	Alain vertelt me dat het werkt niet, dus ik probeer het te weten of het werkt.
333866	C'est l'homme que je vois tous les jours dans le train.	11273625	Dat is de man die ik elke dag in de trein zie.
333864	Appelle-moi dès que tu l'auras rencontré !	11273629	Bel me zodra je hem ontmoet!
333864	Appelle-moi dès que tu l'auras rencontré !	11273631	Bel me zodra je haar ontmoet!
333864	Appelle-moi dès que tu l'auras rencontré !	11273634	Bel me zodra je het ontmoet!
333862	Quand j'étais petite, je ne portais que des pantalons.	11273639	Toen ik klein was, kon ik alleen broeken dragen.
346871	J'ai un peu de temps, mais toujours pas beaucoup...	11273644	Ik heb wat tijd, maar nog steeds niet te veel...
387278	Tu t'en sors ? Je peux t'aider si tu veux.	11273829	Ben je oke? Ik kan jou helpen als je wilt.
348619	C'est le bordel dans ma chambre.	11274037	Er is rommel in mijn kamer.
387263	C'est la misère.	11274044	Dat is ellende.
373170	Cette crème adoucit, régénère et soulage les mains les plus sèches.	11274052	Deze crème verzacht, regenereert en verlicht de droogste handen.
369316	Nous n'ajoutons aucun conservateur dans nos recettes pour vous offrir un goût intact.	11274058	We voegen geen conserveringsmiddel toe aan onze recepten om jou een intacte smaak te geven.
369314	Trier vos emballages, c'est participer activement à la préservation de l'environnement.	11274065	Uw verpakkingen sorteren betekent actief meewerken aan het behoud van het milieu.
373572	C'est du pipeau tout ça.	11274217	Het is allemaal onzin.
337965	Tu dors vraiment beaucoup !	11278105	Jij slaapt werkelijk veel!
337963	J'ai besoin de neuf heures de sommeil.	11278107	Ik heb negen uren van slaap nodig.
343331	Qu'est-ce qui m'a pris de me lever à 5h du matin...	11278109	Wie heeft mij vijf uur 's ochtends wakker gemaakt?
336393	Comme quoi, c'est pas si facile...	11278111	Schijnt dat het niet zo makkelijk is, hè?
337415	Je n'arrive pas à m'endormir.	11278112	Ik kan me niet in slaap brengen
387078	J'aurais mieux fait de m'exiler au sommet d'une montagne, et passer mes journées à faire pousser des bonzaïs et à écrire des kanjis à l'encre de Chine.	11278113	Ik had mij beter verbannen op de top van een berg en mijn dagen doorgebracht met het kweken van bonsais en het schrijven van kanji in Chinese inkt.
387075	De toutes façons, c'est toujours de ma faute.	11278114	In ieder geval is het altijd mijn fout.
10624670	J’ai modifié la phrase française car la phrase anglaise dont elle était la traduction a été elle-même modifiée pour être un peu plus naturelle. Par conséquent, il faut peut-être revoir cette traduction en esperanto.	11278163	Ik heb de Franse zin veranderd, want de Engelse zin, waarvan de Franse zin een vertaling is, is zelf veranderd om een beetje natuurlijker te worden. Als gevolg moet de Esperantovertaling weer worden gecontroleerd.
10548588	Préviens-les !	11285477	Waarschuw hen!
10547322	Mobilisez-vous !	11285632	Kom in actie!
10547322	Mobilisez-vous !	11285642	Mobiliseer je krachten!
10547321	Mobilisons-nous !	11285647	Laten we ons mobiliseren!
10547322	Mobilisez-vous !	11285649	Mobiliseer uw krachten!
10547321	Mobilisons-nous !	11285651	Laten we ons inzetten!
10499326	Allumez-la !	11285654	Zet het aan!
10499324	Allume-le !	11285656	Zet hem aan!
10476527	Zoomez dessus !	11285659	Zoom erop in!
10476311	Attachons-les !	11285661	Laten we ze vastbinden!
10476309	Attachons-le !	11285663	Laten we hem vastbinden!
10476308	Attachez-les !	11285664	Bind ze vast!
10476308	Attachez-les !	11285667	Bind hen vast!
10476306	Attachez-la !	11285669	Bind haar vast!
10476301	Attachez-le !	11285674	Bind hem vast!
10475983	Vise-les !	11285680	Richt op hen!
10475981	Visez-la !	11285681	Richt op haar!
10475980	Visez-le !	11285683	Richt op hem!
8635541	Actionne ce mécanisme !	11285709	Schakel dit mechanisme in!
8635541	Actionne ce mécanisme !	11285710	Stel dit mechanisme in werking!
8635712	Aérez-vos chambres !	11285713	Lucht je kamers!
8635915	Agrafe ces feuilles !	11285736	Niet die bladen aan elkaar!
8636185	Alertons les voisins !	11285737	Laten we de buren waarschuwen!
8636222	Parle moins fort !	11285739	Praat zachter!
8636460	Choisis-en une !	11285743	Kies er een uit!
8637947	Allumez la lumière !	11285744	Zet de lichten aan!
8637947	Allumez la lumière !	11285746	Doe het licht aan!
8638075	Je te vois !	11285747	Ik zie je!
8638570	Il aimait voyager.	11285749	Hij hield van reizen.
8638570	Il aimait voyager.	11285753	Hij reisde graag.
8642910	Je chante beaucoup.	11285757	Ik zing veel.
8642912	Je chantais beaucoup.	11285759	Ik zong veel.
8643597	Vous paraissez triste.	11285761	U ziet er verdrietig uit.
8643694	Enfile tes gants !	11285763	Trek je handschoenen aan!
8643848	Pierre est paresseux.	11285765	Peter is lui.
8644071	Je m'inquiète !	11285767	Ik maak me zorgen!
8660833	Nous aimons bouger.	11285768	Wij bewegen graag.
8660834	Nous aimons danser.	11285769	Wij dansen graag.
8660987	Il est coupable.	11285771	Hij is schuldig.
8660988	Elle est coupable.	11285772	Zij is schuldig.
8663797	Ils se taisent.	11285773	Ze zwijgen.
8673256	Ça empeste ici !	11285774	Het stinkt hier!
8676429	Laissez-le ici !	11285776	Laat het hier liggen!
8676429	Laissez-le ici !	11285778	Laat hem hier!
8676431	Laisse-la ici !	11285782	Laat haar hier!
8682594	Il nous entend.	11285784	Hij hoort ons.
8684855	Réfléchissez un peu !	11285788	Denk eens na!
8703218	Mennad le sait.	11285795	Mennad weet hiervan.
8703588	Mens-tu ?	11285797	Lieg je?
8703589	Mentez-vous ?	11285798	Liegt u?
8703589	Mentez-vous ?	11285799	Liegen jullie?
8703618	Veuillez rester ici.	11285804	Gelieve hier te blijven.
8703622	Tom pleure aussi.	11285806	Tom huilt ook.
8703690	Nous dormions tous.	11285808	We sliepen allemaal.
8703690	Nous dormions tous.	11285810	We lagen allemaal te slapen.
8703693	Nous voudrions dormir.	11285811	Wij zouden graag willen slapen.
8703694	Nous souhaitons dormir.	11285813	Wij willen graag slapen.
8703820	Tu la connais.	11285818	Je kent haar wel.
8703821	Tu le connais.	11285819	Je kent hem wel.
8703822	Tu les connais.	11285821	Je kent ze wel.
8703834	Ils sont jeunes.	11285823	Ze zijn jong.
8703835	Ils sont âgés.	11285825	Ze zijn oud.
8706778	Quel départ impressionnant !	11285826	Wat een indrukwekkende start!
8709070	Comprenez-vous ?	11285829	Begrijpen jullie dat?
8709070	Comprenez-vous ?	11285830	Begrijpt u dat?
8709094	Arrête de bavarder !	11285831	Stop met kletsen!
8709097	Il est ingénieur.	11285833	Hij is ingenieur.
8709098	Tom est ingénieur.	11285834	Tom is ingenieur.
8709099	Elle est ingénieur.	11285835	Zij is ingenieur.
8709173	Il fume trop.	11285836	Hij rookt te veel.
8709175	Elle fume trop.	11285838	Zij rookt te veel.
8709191	C'est abominable !	11285839	Dit is afschuwelijk!
8717529	Il déteste Tom.	11285845	Hij heeft een hekel aan Tom.
8717530	Il déteste Marie.	11285846	Hij heeft een hekel aan Maria.
9155348	Vous êtes pessimiste.	11290890	U bent een pessimist.
9155351	Vous êtes organisé.	11290904	U hebt alles op orde.
9155352	Tom est organisé.	11290914	Tom heeft zijn zaken op orde.
9155354	Vous êtes objectif.	11290915	U bent objectief.
9155355	Tu es objectif.	11290916	Je bent objectief.
9155358	Nous sommes objectifs.	11290917	We zijn objectief.
9155359	Tom est opportuniste.	11290919	Tom is een opportunist.
9155360	Vous êtes motivé.	11290920	U bent gemotiveerd.
9155361	Tu es motivé.	11290921	Je bent gemotiveerd.
9155365	Je suis matérialiste.	11290923	Ik ben een materialist.
9155366	Nous sommes matures.	11290924	We zijn volwassen.
9155371	Nous sommes intéressés.	11290925	We zijn geïnteresseerd.
9155374	Tu es intéressant.	11290926	Je bent interessant.
9155375	Vous êtes intéressant.	11290927	U bent interessant.
9155376	Tom est intrigué.	11290928	Tom is geïntrigeerd.
9155379	Vous êtes introverti.	11290929	U bent introvert.
9155380	Tu es introverti.	11290934	Je bent introvert.
9155385	Tu es immature.	11290937	Je bent onvolwassen.
9155386	Vous êtes immature.	11290938	U bent onvolwassen.
9155389	Nous sommes impartiaux.	11290940	We zijn onpartijdig.
9155391	Nous sommes impulsifs.	11290941	We zijn impulsief.
9155400	Tu es hideux.	11290943	Je bent afschuwelijk.
9155423	Nous sommes diplomates.	11290944	We zijn diplomaten.
9159751	Reste avec elle.	11290950	Blijf bij haar.
9159752	Reste avec eux.	11290951	Blijf bij hen.
9159755	Reste avec lui.	11290954	Blijf bij hem.
9160021	Mon cœur battait.	11290955	Mijn hart klopte.
9161011	Reculez et attendez.	11290956	Ga achteruit en wacht.
9161153	Ils sont pauvres.	11290960	Ze zijn arm.
9161292	Ils sont joyeux.	11290961	Ze zijn vrolijk.
9161509	Il le suit.	11290962	Hij volgt hem.
1587800	Le clavier suisse ne possède pas la lettre ß.	11305341	Het Zwitserse toetsenbord heeft geen letter ß.
9505880	Il m'a libéré.	11317858	Hij heeft mij bevrijd.
11319612	Mon Dieu, ayez pitié de mon âme, mon Dieu, ayez pitié de ce pauvre peuple.	11319616	Mijn God, wees mijn ziel genadig, mijn God heb mededogen met dit arme volk.
11313560	Quel est le journal le plus lu dans votre pays ?	11321259	Wat is de meest gelezen krant in uw land?
11313560	Quel est le journal le plus lu dans votre pays ?	11321260	Wat is de meest gelezen krant in je land?
11313560	Quel est le journal le plus lu dans votre pays ?	11321261	Wat is de meest gelezen krant in jouw land?
11313560	Quel est le journal le plus lu dans votre pays ?	11321262	Wat is de meest gelezen krant in jullie land?
11322841	Voyez-vous quelque chose d'intéressant ?	11326758	Ziet u iets interessants?
4737292	Allons enfants de la Patrie !	11327826	Sta op, kinderen van het vaderland!
10267587	Quel noceur !	11343782	Wat een feestbeest!
10267587	Quel noceur !	11343787	Wat een boemelaar!
10324482	Quelle dextérité !	11343799	Wat een behendigheid!
10327927	Resservez-vous !	11343824	Neem nog maar wat!
10327927	Resservez-vous !	11343839	Neem er nog eentje!
10327928	Ressers-toi !	11343843	Schenk jezelf nog een drankje in!
10327927	Resservez-vous !	11343844	Schenk uzelf nog een drankje in!
10327927	Resservez-vous !	11343850	Schenk uzelf nog wat in!
10327928	Ressers-toi !	11343852	Schenk jezelf nog wat in!
10344037	Obéissons-lui !	11343864	Laten we hem gehoorzamen!
10344038	Obéissez-lui !	11343871	Gehoorzaam hem!
10344389	Écrivez proprement !	11343873	Schrijf netjes!
10344480	Quelle hécatombe !	11343877	Wat een slachtpartij!
10467817	Déjeunons ensemble !	11343881	Laten we samen lunchen!
10474789	Engagez-le !	11343885	Huur hem in!
10548589	Préviens-le !	11343887	Waarschuw hem!
7410861	Tom peut rester.	11343889	Tom mag blijven.
8315039	Nous souhaiterions manger.	11343890	We zouden graag willen eten.
8315983	Chasses-tu ?	11343892	Jaag je?
8315984	Chassez-vous ?	11343893	Jaagt u?
8315984	Chassez-vous ?	11343895	Jagen jullie?
8635458	Il est acculé.	11343901	Hij is in het nauw gedreven.
8640208	Il mourut pauvre.	11343903	Hij stierf in armoede.
8676341	C'est remarquant !	11343909	Dat is opmerkelijk!
8676480	Allez, du nerf !	11343924	Kom op, vooruit!
8676480	Allez, du nerf !	11343929	Kom op, doorbijten!
8684673	Quel menteur impudent !	11343932	Wat een schaamteloze leugenaar!
8684674	Quelle menteuse impudente !	11343937	Wat een schaamteloze leugenaarster!
8684973	Prions pour eux !	11343942	Laten we voor hen bidden!
8685219	Cesse ça immédiatement !	11343944	Stop dit onmiddellijk!
8685219	Cesse ça immédiatement !	11343946	Stop hier onmiddellijk mee!
8685374	Baissez le son !	11343949	Zet het zachter!
8685376	Baissez le volume !	11343952	Zet het volume zachter!
8687622	Vous la verrez.	11343955	U zult haar zien.
8687622	Vous la verrez.	11343957	Jullie zullen haar zien.
8687623	Vous le verrez.	11343958	U zult hem zien.
8687623	Vous le verrez.	11343960	Jullie zullen hem zien.
8687814	Ça a raté.	11343963	Het is mislukt.
8687814	Ça a raté.	11343967	Het is fout gelopen.
8689603	Faisons une pause !	11343969	Laten we een pauze nemen!
8689603	Faisons une pause !	11343970	Laten we een pauze inlassen!
8693377	Il sait cuisiner.	11343972	Hij kan koken.
8695335	Elles étaient amies.	11343974	Ze waren vrienden.
8695582	Remonte deux bouteilles !	11343976	Breng twee flessen naar boven!
8721345	Ils sont assoiffés.	11344006	Ze hebben dorst.
8725373	C'est illisible.	11344009	Het is onleesbaar.
8727477	Attention aux virages !	11344011	Kijk uit voor de bochten!
8727477	Attention aux virages !	11344013	Let op de bochten!
8729097	Ils travaillaient seuls.	11344016	Ze werkten alleen.
8729637	Marie est pieuse.	11344017	Maria is vroom.
8729750	Elles sont abîmées.	11344020	Ze zijn beschadigd.
8731378	Il est délicat.	11344033	Hij is fijngevoelig.
8731378	Il est délicat.	11344035	Het is delicaat.
8731379	Elle est miséricordieuse.	11344038	Ze is barmhartig.
8731402	Fabriqué en Russie.	11344040	Gemaakt in Rusland.
8731402	Fabriqué en Russie.	11344043	Vervaardigd in Rusland.
8731403	Tom est dedans.	11344044	Tom zit erin.
8731582	Le roi protesta.	11344046	De koning protesteerde.
8731584	Un roi règne.	11344047	Een koning heerst.
8732288	Il est riquiqui.	11344049	Het is piepklein.
8732288	Il est riquiqui.	11344051	Hij is piepklein.
8737009	Je veux venir !	11344053	Ik wil komen!
8737009	Je veux venir !	11344054	Ik wil meegaan!
8737060	Marie a faim.	11344056	Maria heeft honger.
8737095	Tout était facile.	11344060	Alles was makkelijk.
8737096	Tout était simple.	11344062	Alles was eenvoudig.
8737225	Apprends le français.	11344066	Leer Frans.
8737247	Je parlais français.	11344068	Ik sprak Frans.
8737250	C'est français.	11344070	Het is Frans.
8737251	Réponds en français.	11344071	Antwoord in het Frans.
8737259	Il parlait français.	11344073	Hij sprak Frans.
8737428	Pratiquez votre français.	11344077	Oefen uw Frans.
8737429	Pratique ton français.	11344079	Oefen je Frans.
8741226	Nous sommes francophones.	11344083	We zijn Franstalig.
8741446	Ça coûte cher.	11344086	Dat is duur.
8741446	Ça coûte cher.	11344088	Dat kost veel geld.
8741614	Elle est ukrainienne.	11344091	Ze is Oekraïense.
8741637	Il est papouasien.	11344158	Hij is Papoea.
8741638	Elle est papouasienne.	11344160	Zij is Papoea.
8750791	Moi, je décarre !	11344180	Ik ga ervandoor!
8750792	Nous, on décarre !	11344185	We gaan ervandoor!
8753019	Tu triches souvent.	11344191	Je speelt vaak vals.
8790548	Je retourne travailler.	11344195	Ik ga weer aan het werk.
8790548	Je retourne travailler.	11344196	Ik ga terug naar mijn werk.
8791110	Ça existait déjà.	11344198	Het bestond al.
8797783	Nous les prenons.	11344200	We nemen ze.
8851743	Je me déconnecte.	11344203	Ik verbreek de verbinding.
8851743	Je me déconnecte.	11344208	Ik log uit.
8851770	Non, pas forcément.	11344210	Nee, niet noodzakelijkerwijs.
8851770	Non, pas forcément.	11344213	Nee, niet per se.
8851781	Discutons un instant !	11344216	Laten we even praten!
8856478	Ouvrez le tiroir !	11344218	Open de lade!
9155297	Vous êtes sarcastique.	11344241	U doet sarcastisch.
9155296	Tu es sarcastique.	11344243	Je doet sarcastisch.
9155294	Tom est ruiné.	11344245	Tom is geruïneerd.
9155293	Tu es ridicule.	11344247	Je bent belachelijk.
9151670	Regarde ce chat.	11344250	Kijk naar deze kat.
9133959	Fermez l'enclos !	11344252	Sluit de behuizing!
9133959	Fermez l'enclos !	11344254	Sluit de omheining!
9133520	Épelez-le moi !	11344257	Spel het voor mij!
11257238	Si tu n'arrêtes pas de mentir tu deviendras un journaliste.	11345554	Als je niet met het liegen stopt zul je een journalist worden.
10682673	Partez avec Jean !	11397035	Ga met Jean mee!
10685810	On fera sans !	11397037	We doen het zonder!
10685811	On fera avec !	11397041	We regelen het wel!
10786635	Faites le 15.	11397047	Kies 15.
10789277	Ça fait chier.	11397050	Dat is een lastige.
10794233	Sois ma muse !	11397066	Wees mijn muze!
10797976	Je m’essouffle.	11397074	Ik raak uitgeput.
10830010	Marche ou crève.	11397081	Het is erop of eronder.
10830010	Marche ou crève.	11397083	Het is zwemmen of verzuipen.
10901412	Arrêtez ce pillage !	11397085	Stop deze plundering!
10921103	Personne ne coopère.	11397088	Niemand werkt mee.
10934543	Bah oui, évidemment.	11397089	Wel, ja, natuurlijk.
10934543	Bah oui, évidemment.	11397090	Nou, ja, natuurlijk.
11069866	Quelle belle amitié.	11397094	Wat een mooie vriendschap.
11137559	Rien ne presse !	11397098	Er is geen haast bij!
11205220	Elle est pédiatre.	11397102	Ze is kinderarts.
11205237	Il est radiologue.	11397104	Hij is radioloog.
11213600	Quelle belle chorégraphie !	11397108	Wat een prachtige choreografie!
11226795	Mais quel gâchis !	11397109	Maar wat een verspilling!
11226795	Mais quel gâchis !	11397110	Maar wat een zonde!
11234838	Je suis ému.	11397111	Ik ben ontroerd.
11260619	Nous sommes confiants.	11397112	We zijn vol vertrouwen.
11260978	C'était intense.	11397115	Het was heftig.
11262654	C'était inopiné.	11397118	Het was onverwacht.
841783	Gagnez, et nous gagnerons !	11397123	Win, en we zullen winnen!
1419218	Soyez tendres, mes agneaux !	11397132	Wees teder, mijn lammetjes!
1485968	Nous redoutons l'orage.	11397136	We vrezen de onweerstorm.
1492474	Il a eu difficile.	11397137	Hij heeft het moeilijk gehad.
1618207	J'ai la gaule.	11397140	Ik heb een stijve.
2402666	C'est la chienlit.	11397145	Het is een puinhoop.
2402666	C'est la chienlit.	11397147	Het is een zooitje.
2472499	Non mais allo, quoi !	11397148	Nee maar, hallo!
2492049	Veuillez décliner votre identité !	11397158	Identificeer uzelf alstublieft!
2492049	Veuillez décliner votre identité !	11397159	Gelieve uzelf aan te melden!
2514073	C'est très tendance.	11397163	Het is erg trendy.
2563298	Tu tripotais ton nez.	11397166	Je peuterde aan je neus.
2580679	Ah c'est ballot !	11397167	O, dat is jammer!
2813155	Non mais quelle connasse !	11397170	Wat een trut!
3017897	Tu as tout faux.	11397173	Je zit er helemaal naast.
3527824	C'est assez cocasse.	11397176	Dat is best grappig.
3660043	Il paie l'addition.	11397178	Hij betaalt de rekening.
4221786	L'alcool rend amoureux.	11397181	Alcohol maakt verliefd.
4372411	Ma fille est folle.	11397182	Mijn dochter is gek.
4477296	Ce type chante bien.	11397183	Deze kerel zingt goed.
4578380	Quel poseur, celui-là !	11397184	Wat een aansteller, die daar!
4627191	En voilà une affaire !	11397188	Wat een gedoe, zeg!
5253388	Je lave une salade.	11397193	Ik was een sla.
5544775	Thomas trépignait d'impatience.	11397196	Thomas kon niet wachten.
5645739	Pouvez-vous me rembourser?	11397206	Kunt u me terugbetalen?
5761473	L'amour. Quelle dépossession !	11397207	Liefde. Wat een onteigening!
5847983	J’aime les antiquités.	11397208	Ik hou van antiek.
5966209	Ils se savent vulnérables.	11397209	Ze weten dat ze kwetsbaar zijn.
5977497	Faudrait arrondir les angles.	11397210	We zouden de scherpe kanten moeten afronden.
6201948	Tom arrivera à fuir.	11397211	Tom zal weten te ontsnappen.
6202047	Il ne blasphémait jamais.	11397212	Hij lasterde nooit.
6203940	Il tente de couiner.	11397213	Hij probeert te piepen.
6203942	Je cesse de militer.	11397214	Ik stop met activisme.
6203943	Je réclame de fumer.	11397215	Ik eis om te roken.
6203943	Je réclame de fumer.	11397216	Ik eis een sigaret.
6203959	Je cessais de vivre.	11397217	Ik leefde niet meer.
6203979	Nous jurons de lire.	11397218	We zweren te lezen.
6203986	Tu parles d'évoluer.	11397219	Je hebt het over evolueren.
6203986	Tu parles d'évoluer.	11397220	Je spreekt over evolueren.
6203998	Elle refuse de muer.	11397221	Ze weigert te ruien.
2813167	Plus con, tu meurs.	11397222	Je bent zo dom als touw.
2813167	Plus con, tu meurs.	11397223	Dommer vind je ze niet.
3113047	On aura tout entendu.	11397225	Nu heb ik alles gehoord.
3347944	Arrête de me draguer.	11397233	Hou op met me te flirten.
3497959	On a subitement ralenti.	11397235	We vertraagden plotseling.
3655746	C'est en phase.	11397237	Het zit op hetzelfde spoor.
3655746	C'est en phase.	11397241	Het loopt parallel.
3752596	Ces prophéties nous glacent.	11397243	Deze voorspellingen zijn angstaanjagend.
4107406	Ils prennent sur eux.	11397245	Ze nemen het op zich.
4142455	Ils raffolent du Rafale.	11397246	Ze zijn gek op de Rafale.
4155635	Et vogue la galère !	11397253	Hoe dan ook!
4155635	Et vogue la galère !	11397261	Wat de gevolgen ook zijn!
4155635	Et vogue la galère !	11397262	Moge voorspoed met mij zijn!
4646025	On apprend en faillant.	11397264	Je leert al doende.
4961696	Les deux orthographes coexistent.	11397267	Beide schrijfwijzen komen voor.
5236010	Un sursaut est nécessaire !	11397275	We hebben een krachtige impuls nodig!
5236010	Un sursaut est nécessaire !	11397279	Er moet een opleving komen!
5419914	C'était bien fendard !	11397281	Het was om je kapot te lachen!
5535614	Je ne dis pas !	11397282	Dat zeg ik niet!
5561674	Ça m'a ravigotée.	11397283	Het heeft me verkwikt.
5561674	Ça m'a ravigotée.	11397284	Het heeft me aangewakkerd.
5766617	Bonjour, monsieur le curé.	11397285	Goedemorgen, meneer pastoor.
5890562	Calme-toi. Tu dérailles.	11397286	Rustig aan. Je slaat door als een blinde vink.
6042425	Tu pèches par orgueil.	11397291	Je zondigt uit trots.
6042425	Tu pèches par orgueil.	11397292	Je maakt je schuldig aan hoogmoed.
6177710	Tom l'a accaparé.	11397296	Tom heeft het opgekocht.
6177710	Tom l'a accaparé.	11397297	Tom heeft het ingepikt.
6177710	Tom l'a accaparé.	11397302	Tom heeft het ingepalmd.
2564889	Elle moulait le blé.	11397305	Ze maalde het graan.
2563304	Elle tripotait son nez.	11397306	Ze friemelde aan haar neus.
2563302	Tom tripotait son nez.	11397307	Tom friemelde aan zijn neus.
2563300	Il tripotait son nez.	11397308	Hij friemelde aan zijn neus.
2520677	Elle étudie l'œnologie.	11397311	Ze studeert oenologie.
2379131	Le cefran vous emmerde.	11397318	De fransoos geeft er geen donder om.
2379131	Le cefran vous emmerde.	11397322	Als fransoos heb ik het volgende te zeggen: kus m'n reet.
2378941	Non mais l'autre !	11397335	Wat denkt die wel?!
2270228	Elle confectionna des madeleines.	11397340	Ze maakte madeleines.
2222362	Vraiment sympa, ce truc !	11397342	Echt te gek, dat ding!
2222362	Vraiment sympa, ce truc !	11397347	Wat een leuk spul!
11461650	C'est ma propriété.	11461670	Dit is mijn eigendom.
6204109	Je mérite d'avancer.	11475743	Ik verdien het om hogerop te komen.
6204107	Il évite de briller.	11475745	Het voorkomt glans.
6204099	Je refuse de trimer.	11475747	Ik weiger te zwoegen.
6204087	J'essayais de jouer.	11475749	Ik probeerde te spelen.
6204097	Il risque de partir.	11475753	Hij zal mogelijk vertrekken.
6204073	Tu arrêtes de venir.	11475754	Je komt niet meer.
6204074	Il promet de passer.	11475756	Hij belooft langs te komen.
6204068	Vous oubliez d'agir.	11475760	U vergeet te handelen.
6204068	Vous oubliez d'agir.	11475762	Jullie vergeten te handelen.
6204046	J'essaie de grossir.	11475765	Ik probeer dikker te worden.
6204057	J'arrête de rêver.	11475767	Ik hou op met dromen.
6716669	Seul, j'ai encore l'illusion de faire partie d'une forme d'humanité, mais au milieu d'autres humains, je me sens vraiment seul.	11475785	In mijn eentje heb ik nog steeds de indruk deel uit te maken van een vorm van menselijkheid, maar temidden van andere mensen voel ik me echt op mijn eentje.
6710578	Elle passe encore aujourd’hui pour une des belles femmes de Paris ; mais alors on se serait fait tuer pour obtenir un de ses regards.	11475797	Ze wordt nog steeds beschouwd als een van de mooiste vrouwen van Parijs; maar men zou de dood tegemoet gaan om een blik van haar te krijgen.
6778005	La vie: on se lève, on part au pas puis au trot, puis au galop puis au trot, puis au pas puis on se recouche.	11475852	Het leven: je staat op, je loopt in het gareel, vervolgens zet je het op een drafje, dan vlieg je in een wilde galop, daarna draaf je, vervolgens wandel je, en dan ga je weer liggen.
6842572	Les Français décidément ne savent pas ce qu'ils veulent et ne consentiront à être sages, tranquilles et heureux, que quand ils l'auront obtenu.	11475858	De Fransen weten echt niet wat ze willen en zullen pas verstandig, vreedzaam en gelukkig zijn als ze het eenmaal verkregen hebben.
7411616	Parce qu'un pauvre vieux de 90 ans a écrasé une jeune femme, alors on va réglementer l'usage de la voiture pour les vieux.	11475890	Omdat een arme oude man van 90 een jonge vrouw overreed, gaan we het autorijden voor oude mensen reglementeren.
6932016	Dire au peintre qu'il faut prendre la nature comme elle est, vaut de dire au virtuose qu'il peut s'asseoir sur le piano.	11475898	Tegen de schilder zeggen dat hij de natuur moet nemen zoals ze is, is als tegen de virtuoos zeggen dat hij op de piano mag zitten.
5474117	À l'automne en Touraine, on trouve fréquemment sur les marchés des châtaignes grillées et de la bernache (nom local du jus de raisin fermenté).	11475991	In de herfst vind je op de markten in Touraine vaak geroosterde kastanjes en 'bernache', de plaatselijke naam voor gefermenteerde druivensap.
6135565	Il est certain que le développement des intelligences artificielles va provoquer des changements profonds dans notre manière de vivre et ce dans un futur proche.	11475993	Er bestaat geen twijfel over dat de ontwikkeling van kunstmatige intelligentie onze manier van leven in de nabije toekomst ingrijpend zal veranderen.
6685482	Tom était lui aussi excité.	11509340	Ook Tom was enthousiast.
810323	De nos jours, tout dictateur digne de ce nom est diplômé d'un collège anglais.	11509842	Tegenwoordig is elke dictator die zijn zout waard is, afgestudeerd aan een Engelse universiteit.
7771633	Je n'en ai tout simplement rien à foutre.	11509843	Het kan me gewoon geen zak schelen.
8952800	Marie, Jean et leurs trois enfants vont à la messe chaque dimanche.	11509845	Marie, Jean en hun drie kinderen gaan elke zondag naar de mis.
8373923	Je n'ai pas encore regardé le classement.	11509846	Ik heb de ranglijst nog niet bekeken.
8373923	Je n'ai pas encore regardé le classement.	11509847	Ik heb nog niet naar het klassement gekeken.
10547307	Que fait-il, seul, au milieu des steppes ?	11509849	Wat doet hij, alleen, midden op de steppe?
9932503	Il est vrai que ces derniers temps tu n'écoutes que du baroque.	11509850	Het is waar dat je de laatste tijd alleen nog maar naar barokmuziek luistert.
10225002	Elle n'est pas très organisée.	11509852	Ze is niet erg georganiseerd.
9950084	Naturellement, d'après mes notes, notre bataillon est appelé à subir de lourdes pertes, car un bataillon sans morts, ce n'est plus un bataillon.	11509856	Het spreekt voor zich dat ons bataljon volgens mijn aantekeningen zware verliezen zal lijden, want een bataljon zonder doden is geen bataljon meer.
11078404	Je vous avais vu arriver.	11509889	Ik had jullie zien aankomen.
11078404	Je vous avais vu arriver.	11509892	Ik had u zien aankomen.
10609732	On est à l’aise là-dedans, dis donc.	11509905	We zitten hier comfortabel in, zeg.
10609732	On est à l’aise là-dedans, dis donc.	11509906	Nou zeg, dit is voor ons heel comfortabel.
10467886	Jean loue plusieurs de ces champs.	11509909	Jean verpacht een aantal van deze akkers.
10519253	Tu me racontes ton histoire, parce que tu l'as adorée.	11509914	Je vertelt me je verhaal, omdat je ervan genoten hebt.
10609787	Ça fait une paire d’années, oui !	11509958	Dat is een paar jaar geleden, ja!
9497708	Je vais lui vendre ce bouquin.	11509959	Ik ga hem dit boek verkopen.
7180368	Ce qui compte est le fond.	11509962	Het gaat om de inhoud.
7180368	Ce qui compte est le fond.	11509965	Wat telt, is de inhoud.
10854701	Le ciel était gris et le paysage désolé.	11521644	De hemel was grijs en het landschap mistroostig.
8700598	Quelle vie rocambolesque il a eu !	11521645	Wat een wonderbaarlijk leven dat hij geleid heeft!
8296469	Vous habitiez dans un appartement.	11521646	U woonde in een appartement.
10892935	Si vous ne pouvez pas trouver une réalité à votre convenance, inventez la vôtre !	11521647	Als u geen werkelijkheid kunt vinden die bij u past, verzin dan uw eigen!
3527822	Je peux t'enseigner à prier.	11521648	Ik kan je leren bidden.
1116845	Je m'y suis rendu par curiosité.	11521649	Ik ben er uit nieuwsgierigheid heen gegaan.
2322911	Vous avez passé du temps avec Marie.	11521650	U heeft tijd met Marie doorgebracht.
1450622	Désolé mais je voudrais lui donner cette information directement.	11521651	Sorry, maar ik zou het hem persoonlijk willen vertellen.
7816501	Elles vous chercheront.	11521652	Ze zullen u zoeken.
7489664	Il n'a jamais dit la vérité.	11521653	Hij heeft nooit de waarheid verteld.
4581440	Elle a l'air ridicule avec ces chaussures.	11521654	Ze ziet er belachelijk uit in die schoenen.
1970494	Je veux être digne de ton amitié.	11521655	Ik wil je vriendschap waardig zijn.
11182682	Je voulais que tout le monde s'entende bien.	11521656	Ik wilde dat iedereen goed overeenkwam.
7549419	Tom ne peut pas aller à l'école aujourd'hui.	11521657	Tom kan vandaag niet naar school.
5750403	Veux-tu sortir d'ici ?	11521658	Wil je hier weg?
364311	Il a pris son propre livre.	11521659	Hij pakte zijn eigen boek.
3127507	C'est une femme.	11521660	Het is een vrouw.
5097226	Les insectes me font peur.	11521661	Ik ben bang van insecten.
10327831	J'ai cru entendre parler.	11521662	Ik dacht dat ik iemand hoorde praten.
9682857	Il a peur de nous.	11521663	Hij is bang voor ons.
11213468	Congèle le reste de soupe.	11521664	Vries de rest van de soep in.
2039064	Y a-t-il quelque chose que vous veuillez me dire ?	11521665	Is er iets dat jullie me willen vertellen?
1718862	Avez-vous jamais été grosse ?	11521666	Bent u ooit dik geweest?
1718862	Avez-vous jamais été grosse ?	11521667	Was je ooit zwanger?
394163	Je pense que ce livre vaut la peine d'être lu.	11521668	Ik vind dit boek het lezen waard.
7063895	Vous êtes la personne la plus intelligente que je connaisse.	11521669	U bent de meest intelligente persoon die ik ken.
6201982	Tom n'agonise pas encore.	11521670	Tom is nog niet stervende.
3435734	C'est un sujet délicat. Je n'ose pas en parler avec lui.	11521671	Het is een gevoelig thema. Ik durf er niet met hem over te praten.
1031419	Je lui transmis la nouvelle.	11521672	Ik heb hem het nieuws meegedeeld.
6461719	Tom a dit que Mary était mauvaise conductrice.	11521673	Tom zei dat Mary een slechte chauffeur was.
10087313	Mais je t'aime !	11521674	Maar ik hou van je!
10283736	À ta place, je serais plus prudent.	11521675	Als ik jou was, zou ik voorzichtiger zijn.
130799	Il a coupé la branche avec une hache.	11521676	Hij heeft de tak met een bijl afgehakt.
6637057	La météo annonce pour demain une maximale de 12 degrés Celsius.	11521677	De weersverwachting voor morgen is maximaal 12 graden Celsius.
4478952	C'était méchant, ce que tu as dit à Tom.	11521678	Dat was gemeen, wat je tegen Tom zei.
1593489	J'ai lâché une bombe sur Moscou.	11521679	Ik heb een bom op Moskou laten vallen.
2444566	Je crains que Tom ne soit impliqué dans un crime.	11521680	Ik vrees dat Tom bij een misdaad betrokken is.
2164822	Je suis intéressé par les choses métaphysiques.	11521681	Ik ben geïnteresseerd in metafysische onderwerpen.
2103442	Tom aiguisait les couteaux.	11521682	Tom was de messen aan het slijpen.
1870748	Le policier l'a accusé de meurtre.	11521683	De politieagent heeft hem van moord beschuldigd.
7154	J'ai découpé l'article de ce magazine.	11521684	Ik heb het artikel uit dit tijdschrift geknipt.
9543439	Comment l'a-t-il prédit ?	11521685	Hoe heeft hij het voorspeld?
10580698	Quelle vie ennuyeuse vous avez !	11521686	Wat heeft u een saai leven!
10580698	Quelle vie ennuyeuse vous avez !	11521687	Wat hebben jullie een saai leven!
9535447	Je ne l'ai jamais lu.	11521688	Ik heb het nooit gelezen.
9535447	Je ne l'ai jamais lu.	11521689	Ik heb hem nooit gelezen.
5503564	C'est le seul moyen de le faire.	11521690	Alleen zo kan het.
647446	Avez-vous réussi les examens ?	11521691	Zijn jullie voor de examens geslaagd?
2089887	Ils n'abattent pas d'arbres.	11521692	Ze kappen geen bomen.
7891056	Tom n'a pas proposé son aide.	11521693	Tom heeft zijn hulp niet aangeboden.
7853341	À qui écrivez-vous ?	11521694	Wie schrijft u?
6002806	Les loups chassent en meute.	11521695	Wolven jagen in groepen.
2914403	Elle est arrivée à temps.	11521696	Ze is op tijd aangekomen.
3599341	C'est tout ce que je peux dire.	11521697	Meer kan ik niet zeggen.
11521981	Moi aussi j'ai parlé à Tom.	11523316	Ook ik heb met Tom gepraat.
3940652	Je vous souhaite une merveilleuse soirée.	11530853	Ik hoop dat u een fijne avond heeft.
8689453	Les ennemis sont nombreux.	11533500	Er zijn veel vijanden.
11528774	Ne ferme pas la porte. Laisse-la ouverte, car les enfants vont bientôt arriver.	11540457	Doe de deur niet dicht. Laat ze open, want de kinderen komen zo.
7562730	Ils ont deux enfants.	11543264	Ze hebben twee kinderen.
4827391	Ne nous regardez pas.	11561119	Kijk niet naar ons.
11571779	Ne les crois pas !	11571879	Geloof ze niet!
11221979	Peux-tu me donner ta recette pour le filet de sandre, s'il te plaît ?	11576476	Kun je me jouw recept voor de snoekbaarsfilet geven, alsjeblieft?
11246060	Interdiction de stationner.	11582924	Verboden stil te staan.
1189636	S'il vous plait, surveillez mon enfant.	11584520	Hou mijn kind in de gaten, alstublieft.
11587452	L'enfer ne sera pas complet avant que vous n'y soyez.	11587460	De hel zal pas volledig zijn wanneer jij er bent.
11577776	Quel genre de livres voulez-vous lire ?	11588888	Wat voor boeken wilt u lezen?
1811385	Combien d'argent voudriez-vous gagner ?	11592701	Hoeveel wilt u verdienen?
1125490	Il a laissé tomber la saucisse au sol.	11593011	Hij liet de worst op de grond vallen.
3980131	Il la regarde de haut.	11594057	Hij kijkt op haar neer.
7551037	Je veux que tu m'écrives une lettre.	11595210	Ik wil dat je me een brief schrijft.
11599038	Qui est le roi ?	11599039	Wie is de koning?
7748574	La semaine prochaine, je verrai mon professeur.	11600531	Volgende week zie ik mijn leraar.
2482623	J'en ai besoin.	11603171	Ik heb het nodig.
8696164	Ce livre est à l'index.	11618158	Dat boek staat op de index.
134942	Mets ta chambre en ordre.	11620925	Ruim je kamer op.
3017762	Passe demain si tu es libre.	11621208	Kom morgen langs als je vrij bent.
330228	Il était une fois un vieil homme.	11621210	Er was eens een oude man ...
11621788	Tom a une maison de deux chambres.	11622206	Tom heeft een huis met twee kamers.
11622316	Il n'a pas commandé cela.	11622415	Dat heeft hij niet besteld.
11623516	Je suis debout sous un pont.	11624303	Ik sta onder een brug.
11623519	Je suis debout sous un arbre.	11624306	Ik sta onder een boom.
3594329	Merci beaucoup.	11628406	Dank u zeer.
10011994	Elle a toute seule porté cette table.	11629797	Ze droeg die tafel helemaal alleen.
6204134	J'arrête de radoter.	11730399	Ik stop met kletsen.
6204117	Nous rêvons de fuir.	11730400	We dromen ervan om weg te lopen.
6203999	J'évite de déconner.	11730422	Ik blijf serieus.
6203999	J'évite de déconner.	11730423	Ik ben niet van plan om wat te rotzooien.
6204004	Je décide de jeûner.	11730424	Ik besluit te gaan vasten.
6203967	Je refuse de ramper.	11730439	Ik weiger te kruipen.
6202299	Elle ne tremblote jamais.	11730441	Ze bibbert nooit.
6202340	Elle ne poireautait plus.	11730446	Ze was niet langer aan het koekeloeren.
6202139	Il ne transpire jamais.	11730455	Hij zweet nooit.
6201945	Tom tend à déprimer.	11730464	Tom raakt vaak depressief.
3668069	Je suis branché Mac.	11730470	Ik ben een Mac-man.
4720160	Voilà qu'il drache.	11730475	Nu regent het.
4720160	Voilà qu'il drache.	11730482	Nu stort het van de regen.
5403322	Ce tableau m'interpelle.	11730483	Dit schilderij spreekt me aan.
5950433	Qu'on lui pardonne !	11730492	Moge het hem vergeven worden!
6061727	L'annonce est faite !	11730495	De aankondiging is gedaan!
2180495	Rebondissons !	11744733	Het is tijd voor een nieuwe start!
4512380	Récapitulons !	11744735	Laten we samenvatten!
5628478	Dormons !	11744737	Laten we gaan slapen!
5835089	Poursuivons.	11744740	Laten we verdergaan.
6588000	Festoyons !	11744741	Laten we feestvieren!
6706831	Fastoche !	11744742	Dit is een makkie!
4625972	Croque !	11744744	Tast toe!
6706831	Fastoche !	11744745	't Is poepsimpel!
4625975	Croquez !	11744754	Neem een hap!
7550697	Rentrons.	11744759	Laten we naar huis gaan.
7414704	Devinez !	11744770	Doe een gok!
7679615	Réfléchis!	11744771	Denk erover na!
7862877	Recommençons.	11744775	Laten we opnieuw beginnen.
10243204	Ziri boit.	11744803	Ziri drinkt.
10256428	Bonne semaine !	11744805	Fijne week!
10265893	Merci encore !	11744806	Nogmaals bedankt!
10273631	Nous mentons.	11744808	We liegen.
10298407	Liquidons-les !	11744813	Laten we ze uit de weg ruimen!
10298408	Liquidez-les !	11744816	Maak ze koud!
10298408	Liquidez-les !	11744822	Ruim ze uit de weg!
10137785	Aimez-la !	11744831	Bemin haar!
9280714	Quel bonheur !	11744835	Wat een feest!
9280714	Quel bonheur !	11744838	Wat is het toch fijn!
9287817	Bravo, Farid !	11744840	Bravo, Farid!
9311615	Tom enquête.	11744842	Tom onderzoekt het.
9345850	Elle roule.	11744848	Ze rolt.
9254288	Allez voir.	11744851	Ga eens kijken.
9254409	Informez Tom.	11744854	Breng Tom op de hoogte.
9280708	Soyons heureux !	11744861	Laten we gelukkig zijn!
8332530	Voici Ludivine.	11744862	Dit is Ludivine.
9252809	Examinez-les.	11744865	Onderzoek ze.
9254281	Tom commencera.	11744867	Tom zal beginnen.
10368531	Surveille Tom !	11744869	Let op Tom!
10368537	Libérez Tom !	11744872	Laat Tom vrij!
10371161	Bon vent.	11744876	Goede reis.
10338150	Soyons objectives.	11744879	Laten we objectief zijn.
10354774	Mourons ensemble.	11744881	Laten we samen sterven.
10347105	Quelle assurance !	11744882	Wat een zelfvertrouwen!
8703884	Il voudrait te parler.	11744890	Hij zou graag met je willen praten.
8703886	Elle voudrait te parler.	11744891	Zij zou graag met je willen praten.
8703909	Il est resté impassible.	11744893	Hij is onberoerd gebleven.
8703910	Il est resté imperturbable.	11744903	Hij is onbewogen gebleven.
8703911	Elle est restée impassible.	11744904	Zij is onbewogen gebleven.
8706464	Retournez dans votre canfouine !	11744908	Keer terug naar uw kot!
8706468	Retourne dans ta canfouine !	11744909	Keer terug naar je kot!
8706472	Les placards sont fermés.	11744910	De kasten zijn dicht.
8706581	Il est en faute.	11744911	Hij is in fout.
8703797	Personne ne te ressemble.	11744913	Niemand lijkt op jou.
8703744	Elle en voulait plus.	11744914	Ze wilde meer.
8703844	Il est comme neuf !	11744915	Hij is als nieuw!
8703847	J'ai tout nettoyé.	11744916	Ik heb alles schoongemaakt.
8703848	Il a tout nettoyé.	11744918	Hij heeft alles schoongemaakt.
8703849	J'ai tout lavé.	11744920	Ik heb alles gewassen.
8703860	Comment vous remercier ?	11744938	Hoe kunnen we u bedanken?
8703860	Comment vous remercier ?	11744939	Hoe kan ik u bedanken?
8703850	Il a tout lavé.	11744940	Hij heeft alles gewassen.
8703738	Tu dois faire erreur.	11744942	Dit moet een vergissing zijn.
8703736	Je rentrerai demain matin.	11744945	Ik kom morgenochtend terug.
8703735	Je rentrerai très tard.	11744946	Ik kom heel laat terug.
8703733	Elle veut devenir avocate.	11744947	Ze wil advocate worden.
8703720	Tom alluma le radiateur.	11744948	Tom zette de radiator aan.
8703695	J'aimerais pouvoir dormir.	11744949	Ik zou graag willen slapen.
8703692	Nous voulions tous dormir.	11744951	We wilden allemaal slapen.
8703691	Nous dormions tous pronfondément.	11744954	We waren allemaal in diepe slaap.
10943587	Ralentissons.	11744959	Laten we langzamer gaan.
335925	Descendons ici.	11745074	Laten we hier uitstappen.
404355	Quelle plaie.	11751856	Wat vervelend.
1402603	Traversons ici.	11751860	Laten we hier oversteken.
2077449	Taillez-vous !	11751866	Ren ervoor!
11758301	On ne doit pas juger un livre à sa couverture.	11758344	Je moet een boek niet op het omslag beoordelen.
11778233	La connaissance de l'espéranto est associée à l’appartenance à un peuple qui partage une langue commune et se réjouit de la diversité linguistique et culturelle.	11778314	De kennis van het Esperanto wordt geassocieerd met het behoren tot een volk met een gemeenschappelijke taal, dat zich verheugt over taalkundige en culturele diversiteit.
2464928	Nettoyez-le.	11779267	Maak het schoon.
2464934	Nettoyez ça.	11779277	Maak dat schoon.
10270823	Branche ça.	11779280	Sluit deze even aan.
10460666	Merci, Tom.	11779283	Dank je wel, Tom.
10505697	« Liberté, Egalité, Fraternité » est un exemple de devise tripartite.	11784535	"Vrijheid, gelijkheid, broederschap" is een voorbeeld van een tripartiet motto.
11796523	Ma femme me tient en laisse.	11797676	Mijn vrouw houdt me kort.
11800561	Où est mon acte de naissance ?	11800567	Waar is mijn geboorteakte?
11816298	Dieu est grand !	11816299	God is groot!
11817200	Ne fais pas d'une mouche un éléphant !	11817203	Maak van een mug geen olifant!
11268755	Laissez-moi une part s'il vous plaît.	11835381	Laat alsjeblieft een stukje voor me achter.
11855327	Une image dit plus que mille mots.	11855336	Een beeld zegt meer dan duizend woorden.
7815836	Je vais travailler maintenant.	11855979	Ik ga nu aan het werk.
11754612	Je vous attendrai là-bas.	11865360	Ik zal daar op je wachten.
11875364	Je suis juive.	11875378	Ik ben jodin.
7731125	Tom répondit à la question de Marie.	11875387	Tom beantwoordde Maria's vraag.
9101924	Je vais te le présenter.	11877404	Ik zal hem aan je voorstellen.
9866689	Utilises-tu régulièrement des appareils d'aide à la marche ?	11881642	Gebruik je geregeld mobiliteitshulpmiddelen?
11899756	Être avec Tom est fatigant.	11899764	In de buurt van Tom zijn is vermoeiend.
11899806	Il est bien l'heure de me coucher : bonne nuit tout le monde.	11899809	Het is tijd om naar bed te gaan: welterusten allemaal.
11881504	Dois-je venir te prendre ?	11901896	Moet ik je ophalen?
11881502	Dois-je venir vous prendre ?	11901897	Moet ik u ophalen?
529030	Il se mit à pleuvoir.	11902373	Het begon te regenen
526575	Qui craint la guerre, prépare la paix.	11902377	Wie oorlog vreest, bereidt zich voor op vrede.
2125710	Pourrais-tu veiller sur ces objets de valeur ?	11902401	Kunt u over deze kostbaarheden waken?
2125704	Dis donc ! N'y compte pas !	11902403	Hoi! Tel het niet!
5246450	Le loyer est payé pour six mois.	11902411	De huur is betaald voor zes maanden.
5838515	Tom a besoin de manger quelque chose.	11902413	Tom moet iets eten.
5123446	Faut pas déconner!	11902414	Maak er geen grapjes over!
6983773	Tom est très courageux.	11902415	Tom is erg moedig.
9249450	Je ne suis pas du tout effrayé par ses menaces.	11902416	Ik ben helemaal niet bang voor zijn bedreigingen.
8558287	Est-ce que Tom a eu des cadeaux?	11902417	Heeft Tom cadeautjes gekregen?
6706376	Demain, dès l'aube, à l'heure où blanchit la campagne, Je partirai. Vois-tu, je sais que tu m'attends. J'irai par la forêt, j'irai par la montagne. Je ne puis demeurer loin de toi plus longtemps. Je marcherai les yeux fixés sur mes pensées, Sans rien voir au dehors, sans entendre aucun bruit, Seul, inconnu, le dos courbé, les mains croisées, Triste, et le jour pour moi sera comme la nuit. Je ne regarderai ni l'or du soir qui tombe, Ni les voiles au loin descendant vers Harfleur, Et quand j'arriverai, je mettrai sur ta tombe Un bouquet de houx vert et de bruyère en fleur.	11902418	Morgen, bij zonsopgang, als het landschap witter wordt, vertrek ik. Zie je, ik weet dat je op me wacht. Ik zal door het bos gaan, ik zal over de bergen gaan. Ik kan niet langer bij je vandaan blijven. Ik zal lopen met mijn ogen gefixeerd op mijn gedachten, niets ziend buiten, geen geluid horend, alleen, onbekend, mijn rug gebogen, mijn handen gekruist, verdrietig, en de dag zal voor mij zijn als de nacht. Ik zal niet kijken naar het goud van de vallende avond, noch naar de zeilen in de verte die afdalen naar Harfleur, en als ik aankom, zal ik op je graf een boeket van groene hulst en bloeiende heide leggen.
10496878	Il y a eu un violent tremblement de terre à Tokyo.	11902421	Er was een gewelddadige aardbeving in Tokio.
5097780	La salle de bain se trouve au fond du couloir.	11902423	De badkamer bevindt zich aan het einde van de gang.
11659670	Le criminel s'est rendu de lui-même à la police.	11902425	De crimineel gaf zich over aan de politie.
10892855	Il vit à Cardiff.	11902426	Hij leeft in Cardiff.
11259682	Je suis forte et courageuse.	11902427	Ik ben sterk en moedig.
11375552	Nous sommes arrivés plutôt rapidement, n'est-ce pas?	11902429	We kwamen vrij snel aan, nietwaar?
1731023	Écrivons dans le compte-rendu ce qu'a proposé Olaf.	11902430	Laten we in de notulen schrijven wat Olaf voorstelde.
8070042	Pourquoi es-tu si calme ?	11902463	Waarom ben je zo stil?
10931071	Tout va bien, mon frère ? Porte-toi bien.	11902465	Ben je in orde, broer? Het ga je goed.
5994697	J'ai presque renversé du café sur mon clavier.	11902838	Ik morste bijna koffie op mijn toetsenbord.
6295477	Je te montrerai la bibliothèque demain.	11902851	Ik zal je morgen de bibliotheek laten zien.
5690245	Tom et Mary ont pris l'avion pour Boston.	11902855	Tom en Mary vlogen naar Boston.
9531767	Depuis qu'il a quitté le pays, il n'est plus rentré.	11902857	Sinds hij het land heeft verlaten, is hij niet meer teruggekeerd.
8415189	La réponse va te surprendre.	11902859	Het antwoord zal je verrassen.
6889166	Allez-y déjà, s'il vous plait.	11902861	Gaat uw gang, alstublieft.
4450742	La rue est éclairée.	11902863	De straat is verlicht.
1591014	Il s'entraîne régulièrement avec un appareil de musculation.	11902865	Hij traint regelmatig met een gewichtsmachine.
7141013	Un car bloquait la passerelle.	11902866	Een bus blokkeerde de brug.
10867660	On est tous foutus !	11902869	We zijn allemaal genaaid!
6169284	Le chemin est bien de ce côté.	11902870	Het pad is goed aan deze kant.
8414022	Si tu veux te sentir vraiment riche aujourd'hui, fais le compte de tout ce qui ne peut pas s'acheter avec de l'argent.	11902871	Als je je vandaag echt rijk wilt voelen, tel dan alles wat niet met geld te koop is.
9699231	Tom était sur le point de partir.	11902873	Tom stond op het punt te vertrekken.
11069288	Il ne mangera pas le gâteau entier, hein ?	11902875	Hij eet toch niet de hele cake op?
5356539	Il aime les animaux étranges, comme les serpents.	11902876	Hij houdt van vreemde dieren, zoals slangen.
13654	Si ça n'avait pas été pour de l'argent, nous n'aurions pas réussi.	11902877	Als het geld er niet was geweest, hadden we het niet gered.
4628964	Le chameau peut emmagasiner une grande quantité de graisse dans ses bosses dorsales.	11902878	Een kameel kan een grote hoeveelheid vet opslaan in zijn dorsale bulten.
11468721	Ne sois pas si hard avec elle.	11902879	Wees niet zo hard voor haar.
10236104	Tom s'est progressivement découragé.	11902880	Tom raakte geleidelijk ontmoedigd.
4645926	Il est aveugle depuis la naissance.	11902881	Hij is blind sinds zijn geboorte.
5908755	Je voulais le faire.	11902885	Ik wilde het doen.
4934470	Oh, on dirait que vous m'avez pris pour quelqu'un qui en a quelque chose à foutre !	11902888	O, het lijkt erop dat je me aanzag voor iemand die het een fuck kan schelen!
6118217	Veux-tu aller quelque part ce soir ?	11902890	Wil je vanavond ergens heen?
8223260	Je peux manger du verre, cela ne me blesse pas.	11902893	Ik kan glas eten, het doet me geen pijn.
9732556	J'adore le dialecte d'Osaka.	11902897	Ik hou van het Osaka-dialect.
10333851	Le kabyle est une langue importante.	11902900	Kabylisch is een belangrijke taal.
5918910	« As-tu acheté l'Audi ? » « Non, c'était trop cher. »	11902901	"Heb je de Audi gekocht?" " Nee, het is te duur."
5430622	Je hais les mensonges, mais il faut avouer que quelquefois c'est bien pratique et même utile.	11902903	Ik haat leugens, maar je moet toegeven dat het soms erg praktisch en zelfs nuttig is.
6070321	Que va-t-il en advenir...	11902905	Wat zal er gebeuren ...
5523816	Je suis très inquiet.	11902906	Ik ben heel bezorgd.
4150513	Je n'ai pas été capable de finir mes devoirs.	11902908	Ik was niet in staat om mijn huiswerk af te maken.
4846891	Je veux devenir chanteur.	11902910	Ik wil een zanger worden.
10971986	Nous nous sommes endormis lorsque la pluie a commencé.	11902911	We vielen in slaap toen de regen begon.
7768183	Ouvrez la fenêtre s'il vous plait.	11902913	Open het raam, alstublieft.
10294321	Éric Zemmour est issu d'une famille juive algérienne.	11902918	Éric Zemmour komt uit een Algerijns-joodse familie.
5554565	La construction de la maison commencera l'année prochaine.	11902919	De constructie van het huis begint volgend jaar.
5550339	Son travail est meilleur que le mien.	11902925	Zijn werk is beter dan dat van mij.
2096217	Où est ton père maintenant ?	11902926	Waar is je vader nu?
6015607	Ils ne veulent pas protéger vos droits. Ils veulent les laisser de côté.	11903023	Ze willen uw rechten niet beschermen. Ze willen ze wegnemen.
6015606	Je dois ajouter des phrases sur Tatoeba !	11903025	Ik moet zinnen toevoegen aan Tatoeba!
7033604	Un chat noir est en train de manger une souris blanche.	11903028	Een zwarte kat is een witte muis aan het eten.
7033603	Un chat noir mange une souris blanche.	11903030	Een zwarte kat eet een witte muis.
4213350	La viande de porc ne me correspond pas.	11903041	Varkensvlees past niet bij mij.
9464150	Tant de flagorneries lui ont été prodiguées qu’il a fini par s’en griser.	11903042	Er werd zoveel sycofantie aan hem besteed dat hij uiteindelijk dronken werd.
11268553	J'ai déjà choisi le prochain CD que je vais acheter.	11903050	Ik heb al de cd uitgekozen die ik hierna ga kopen.
11268552	Ce chemin est trop étroit pour que le camion l'emprunte.	11903053	Dit pad is te smal voor de vrachtwagen.
6398734	J'aime aller au travail à pied.	11903054	Ik wandel graag naar mijn werk.
6398730	J'aime aller à l'école à pied.	11903055	Ik wandel graag naar school.
11224212	Je le fais aujourd'hui.	11903057	Ik doe het vandaag.
11224211	Passez-moi le sucre s'il vous plait.	11903061	Geef me alstublieft de suiker.
9583893	Par exemple, Osaka est jumelée avec San Francisco.	11903064	Bijvoorbeeld, Osaka is verbroederd met San Francisco.
9583885	Par exemple, ceci est un crayon.	11903066	Bijvoorbeeld, dat is een potlood.
6588360	Je veux que tu l'accompagnes.	11903069	Ik wil dat je met haar meegaat.
9083999	Marie a lancé un pavé dans la mare.	11903073	Marie gooide een steen in het meer.
9005386	Il y avait un parfum d'épices qui planait dans l'air.	11903076	Er hing een geur van kruiden in de lucht.
6383350	Tu n'es pas meilleur que moi pour te souvenir de choses.	11903082	Je bent niet beter dan ik in het onthouden van dingen.
6383347	Brian a dit à plusieurs reprises à Chris qu'il lui devait beaucoup d'argent.	11903086	Brian vertelde Chris herhaaldelijk dat hij hem veel geld schuldig was.
4453445	Ma ceinture est trop serrée.	11903089	Mijn riem zit te strak.
4453438	J'y pense tout le temps.	11903094	Ik denk er de hele tijd aan.
1075986	Il est un génie, étant plus que les autres, homme.	11903098	Hij is een genie, meer dan de anderen, een man.
7546310	Comment s'appelle ta belle-mère ?	11903163	Hoe heet die mooie vrouw?
7546319	On ferait mieux de rentrer avant qu'il commence à pleuvoir.	11903168	We kunnen maar beter naar huis gaan voordat het begint te regenen.
2794035	Quelles sont les alternatives?	11903171	Wat zijn de alternatieven?
4571606	La souffrance dévore le cœur ainsi que le courage.	11903178	Lijden verslindt zowel het hart als de moed.
4670233	Êtes-vous convaincu ?	11903179	Heb ik u overtuigd?
4670232	Es-tu convaincu ?	11903186	Heb ik je overtuigd?
5534766	Nous étions en fait assez chanceux.	11903188	We hadden eigenlijk heel veel geluk.
7827426	Je suis la gentillesse même.	11903189	Ik ben de vriendelijkheid zelf.
7827425	Je suis la modestie même.	11903190	Ik ben de bescheidenheid zelve.
4436119	Tom ne peut toujours pas y croire.	11903194	Tom kan het nog steeds niet geloven.
4435350	Est-ce que l'amour est seulement un jeu pour toi ?	11903196	Is liefde voor jou slechts een spel?
11073565	Il a neuf ans et il ne sait toujours pas écrire son propre prénom.	11903201	Hij is negen jaar oud en hij weet nog steeds niet hoe hij zijn eigen voornaam moet schrijven.
11073553	J'habite à Orléans.	11903205	Ik woon in Orléans.
11074557	Ils ont traversé l'Atlantique.	11903210	Ze staken de Atlantische Oceaan over.
11074556	J'ai passé l'examen, mais j'ai échoué.	11903211	Ik deed het examen, maar zakte.
5078133	C'est étrange qu'il dise non.	11903212	Het is vreemd dat hij nee zegt.
5077659	Je veux être intelligent.	11903214	Ik wil slim zijn.
8864763	Les fleurs de cerisier étaient en pleine floraison.	11903222	De kersenbloesems stonden in volle bloei.
8864759	Les fleurs de cerisier se balançaient doucement à chaque courant d'air.	11903223	De kersenbloesems zwaaiden zachtjes bij elk vleugje wind.
3882331	Tom m'a dit que vous étiez à Boston.	11903225	Tom vertelde me dat je in Bosten was.
3882279	Je fais la programmation en PHP.	11903228	Ik programmeer in PHP.
6140667	J'irai à la boutique et je t'achèterai du vin.	11903235	Ik ga naar de winkel en koop wat wijn voor je.
5489666	Pourquoi il n'y a pas de nourriture dans mon frigo ?	11903239	Waarom is er geen eten in mijn koelkast?
1168412	Nous avons changé nos plans à cause de son retard.	11903251	We hebben onze plannen gewijzigd vanwege zijn vertraging.
5539249	Avec sa tête il danse.	11903252	Met zijn hoofd danst hij.
5539238	Avec son épaule, il danse.	11903255	Met zijn schouder danst hij.
5539204	Ainsi danse Jean Petit.	11903256	Zo danst Jean Petit.
8379783	Combien je vous dois s'il vous plaît ?	11903257	Hoeveel ben ik u schuldig, alstublieft?
8379746	J'apprends le russe depuis le mois de novembre.	11903269	Ik leer Russisch sinds november.
8379744	Je suis développeur en informatique.	11903272	Ik ben een computerontwikkelaar.
4076927	Couvre-toi bien, il fait froid dehors.	11903277	Kleed je goed aan, het is koud buiten.
4076916	Je me demande ce qu'il est devenu après son départ vers les États-Unis.	11903278	Ik vraag me af wat er met hem gebeurde nadat hij naar de Verenigde Staten was vertrokken.
8860883	Qui est ton maître ?	11903279	Wie is je meester?
8800888	Combien de bois une marmotte couperait-elle si une marmotte pouvait couper du bois ?	11903284	Hoeveel hout zou een marmot kappen als een marmot hout kon kappen?
8798264	Ni la retraite, ni la fuite, ni l'attente ne sont sages, lorsque le danger submerge l'espoir.	11903289	Noch terugtrekken, noch vluchten, noch wachten is verstandig wanneer het gevaar de hoop overweldigt.
4429464	Je suis allergique au maïs.	11903291	Ik ben allergisch voor mais.
4429461	Je ne sais pas pourquoi je rigole.	11903293	Ik weet niet waarom ik lach.
4429460	Va-t'en avant que je te jette dehors !	11903294	Ga weg voordat ik je eruit gooi!
4166935	Pratiquer une activité physique quotidienne est indispensable pour la santé.	11903295	Dagelijkse lichaamsbeweging is essentieel voor een goede gezondheid.
4166883	Tom n'était pas sûr.	11903296	Tom was niet zeker.
4158207	Je veux vivre fidèle à moi-même et ne rien regretter.	11903298	Ik wil trouw aan mezelf leven en geen spijt hebben.
5301600	Je vais en France.	11903299	Ik ga naar Frankrijk.
4948820	Monte le volume de la télévision.	11903300	Zet het tv-volume hoger.
6453230	Vous vous comportez de façon odieuse avec moi qui suis une femme.	11903333	Je gedraagt ​​je verfoeilijk tegenover me, die een vrouw is.
6402900	L'homme n'est pas le produit de son environnement ; l'environnement est le produit de l'homme.	11903336	De mens is niet het product van zijn omgeving; het milieu is het product van de mens.
6402892	Les vieillards et les comètes ont été vénérés pour les mêmes raisons : leurs longues barbes et leurs prétentions à prédire les événements.	11903339	Oude mannen en kometen werden om dezelfde redenen aanbeden: hun lange baarden en hun beweringen dat ze gebeurtenissen konden voorspellen.
4876353	Vous ne pouvez pas vivre sans eau.	11903341	U kunt niet leven zonder water.
4876351	Nous parlerons de ça demain.	11903342	Daar hebben we het morgen over.
4876327	J'ai toujours aimé observer les mouvements des forces de la nature.	11903344	Ik heb altijd genoten van het observeren van de bewegingen van de natuurkrachten.
10371655	Est-il possible que le roi Alberto ait une relation secrète avec la princesse Diana ? Je ne le crois pas. Ce serait trop gros.	11903346	Is het mogelijk dat koning Alberto een geheime relatie heeft met prinses Diana? Ik geloof dat niet. Het zou te groot zijn.
10368077	Sa colère était issue de sa frustration.	11903347	Zijn woede kwam voort uit zijn frustratie.
10366617	J'aurais aimé que tu ne sois pas là.	11903350	Ik wou dat je hier niet was.
11285250	Pourquoi est-ce que j'étudie l'islandais ?	11903351	Waarom studeer ik IJslands?
11051984	Ne jugez jamais trop vite.	11903352	Oordeel nooit te snel.
10959550	On va déjeuner ?	11903354	Gaan we lunchen?
10959530	Ce petit bibelot irait bien sur mon étagère.	11903355	Deze kleine snuisterij zou goed op mijn plank passen.
8817682	Tom prévoyait de rester célibataire toute sa vie.	11903358	Tom was van plan zijn hele leven vrijgezel te blijven.
6197322	C'est une pomme de terre à la vapeur !	11903359	Het is een gestoomde aardappel!
5489587	J'étais misérable et malheureux.	11903360	Ik was ellendig en ongelukkig.
5489583	Il n'y a jamais eu autant de neige auparavant.	11903362	Er is nog nooit zoveel sneeuw gevallen.
2782269	Si tu n'existais pas, je t'inventerais.	11905025	Als je niet bestond, zou ik je uitvinden.
2782247	Dix-mille phrases en Lojban sont sur Tatoeba.	11905026	Tienduizend zinnen in Lojban staan ​​op Tatoeba.
6380091	Je commence à penser que tu aimes être avec moi.	11905029	Ik begin te denken dat je het leuk vindt om bij mij te zijn.
1466886	Il y a en japonais un langage honorifique.	11905030	Er is een eretitel in het Japans.
8721129	Je sais que Tom est un homme intelligent.	11905032	Ik weet dat Tom een slimme man is.
8721128	Je pense que Tom est plutôt bon en français.	11905033	Ik denk dat Tom redelijk goed is in Frans.
8721127	Tom ne va pas être sympathique.	11905034	Tom zal niet sympathiek zijn.
8721126	Qu'est ce qui n'a pas été facile ?	11905035	Wat was niet makkelijk?
9756072	Aït Mahmoud est un village.	11905036	Aït Mahmoud is een dorp.
9756045	Amenez-le chez le médecin, il est malade.	11905039	Breng hem naar de dokter, hij is ziek.
9398643	Dans Tatoeba, c'est celui qui traduit le plus de l'anglais au kabyle ou du kabyle à l'anglais.	11905040	In Tatoeba vertaalt hij het meest van Engels naar Kabyle of van Kabyle naar Engels.
9392982	Elles les accompagnent à At Khlifa.	11905042	Ze begeleiden hen naar At Khlifa.
11502266	Je pense être capable de parler un peu le toki pona.	11905212	Ik denk dat ik een beetje Toki Pona kan praten.
11502264	Je suis une personne qui s'intéresse au toki pona.	11905214	Ik ben een persoon die geïnteresseerd is in Toki Pona.
11502257	Le toki pona semble être difficile.	11905215	Toki Pona klinkt moeilijk.
11502251	Je parle le toki pona.	11905216	Ik spreek Toki Pona.
5563459	Hier, je me suis levé tôt.	11905217	Gisteren stond ik vroeg op.
5563361	Tom est en train de laver la voiture.	11905218	Tom is de auto aan het wassen.
5563357	Je suis allée à l'hôpital rendre visite à Tom.	11905219	Ik ben naar het ziekenhuis gegaan om Tom te bezoeken.
5563350	J'aime apprendre de nouvelles choses.	11905220	Ik leer graag nieuwe dingen.
2861058	Le gouvernement est critiqué de partout.	11905221	Overal wordt de overheid bekritiseerd.
9992	Prière de régler ce compte avant le 28 octobre 1998.	11905222	Gelieve deze rekening vóór 28 oktober 1998 te voldoen.
10087	Suivez la rue pendant environ 50 mètres et vous verrez un bureau de poste.	11905223	Volg de straat ongeveer 50 meter en u ziet een postkantoor.
10125	Le vol 112 de A Airlines à destination de Tokyo sera retardé de 30 minutes.	11905224	Een Airlines-vlucht 112 naar Tokio heeft 30 minuten vertraging.
7030996	Je ne croyais pas que Tom irait à Boston.	11905227	Ik dacht niet dat Tom naar Boston ging.
7030990	Tom était le seul qui était gentil envers moi.	11905228	Tom was de enige die aardig tegen me was.
7030886	Vous m'avez tellement manqué, Tom.	11905229	Ik heb je zo gemist, Tom.
4479294	Les États-unis ont déjà un quart de la population mondiale des prisons.	11905231	De VS heeft bijna een vierde van de gevangenenpopulatie.
4479268	Fais-moi rire.	11905232	Maak me aan het lachen.
11487	Elle le tint de la manière dont les mères-gorilles tiennent leurs bébés.	11905233	Ze hield hem vast zoals moeder gorilla's baby's vasthouden.
6360035	Donne-moi plus de temps.	11905234	Geef me meer tijd.
6333212	Maman et moi sont mortes de rire.	11905236	Moeder en ik stierven van het lachen.
4040794	Mets le livre sur les autres.	11905237	Leg het boek op de anderen.
4040773	Tu as le temps.	11905238	Je hebt tijd.
4414708	Je parlerai de toi.	11905239	Ik zal over je praten.
4414707	Même si je le voulais, je ne pourrais pas le faire.	11905240	Al zou ik het willen, ik zou het niet kunnen.
4414705	Elle est rentrée à l'hôtel.	11905241	Ze keerde terug naar het hotel.
4414702	Ils m'ont dit de ne plus garer ma voiture ici.	11905242	Ze zeiden dat ik mijn auto hier niet meer mocht parkeren.
4806513	Tom s'est fiancé avec Marie.	11905243	Tom verloofde zich met Marie.
4806508	Marie est tombée enceinte à l'âge de 14 ans.	11905244	Marie werd zwanger op 14-jarige leeftijd.
4806505	Tom s'est séparé de Marie.	11905245	Tom scheidde van Marie.
9844592	Tu voyages vers Barbacha.	11905251	Je reist naar Barbacha.
9844590	Il court, il va les rattraper.	11905252	Hij rent, hij zal ze vangen.
9844589	Si elle le dit, je le dirais.	11905255	Als zij het zegt, zeg ik het.
9844577	Vous n'avez pas senti cet oignon là.	11905257	Je hebt die ui daar niet geroken.
4640719	Tom sait que j'ai emprunté l'argent de Maria.	11905259	Tom weet dat ik Maria's geld geleend heb.
4507443	Tom ne fait rien de mal.	11905261	Tom doet niets verkeerd.
10592058	Est-ce que tu veux acheter une maison en Allemagne ?	11905264	Wil je een huis kopen in Duitsland?
10592050	Tom a dit qu'il serait le premier à faire ça.	11905266	Tom zei dat hij de eerste zou zijn om dit te doen.
10590263	Tom ne parle que de ça.	11905268	Tom praat daar alleen maar over.
10590262	Elle est grande et son frère aussi.	11905269	Ze is lang en haar broer ook.
10590261	Je sais que Tom a à peu près le même âge que nous.	11905271	Ik weet dat Tom ongeveer even oud is als wij.
4985254	Ils l'ont choisie comme présidente.	11905273	Ze kozen haar als president.
4983531	J'espère que tu comprends.	11905275	Ik hoop dat je het begrijpt.
4983520	Une telle offre ne se refuse pas.	11905277	Een dergelijk aanbod kan niet worden geweigerd.
4983518	Tu ne devrais pas manger juste avant d'aller te coucher.	11905280	Vlak voordat je naar bed gaat, moet je niet eten.
9583644	Est-ce que Tom a déjà téléphoné ?	11905283	Heeft Tom al gebeld?
9583640	On le considérait comme un héros parce qu'il avait sauvé la vie de son ami.	11905284	Hij werd als een held beschouwd omdat hij het leven van zijn vriend had gered.
394500	Allons, dépêche-toi, tu vas être en retard.	11905286	Kom op, schiet op, je komt te laat.
391975	Je vais vous montrer comment aller au parc.	11905287	Ik zal je laten zien hoe je naar het park komt.
10098	Veille bien à être ici au plus tard à cinq heures.	11905289	Zorg dat je er uiterlijk om vijf uur bent.
6943910	L'odeur était intenable à chaque fois qu'ils passaient près de la station d'épuration.	11905290	Elke keer als ze langs de rioolwaterzuiveringsinstallatie kwamen, was de stank ondraaglijk.
6943909	Je pense tout plaquer pour aller vivre en Californie.	11905295	Ik denk erover om alles te laten vallen om in Californië te gaan wonen.
6943908	Ce n'est que le mois d'avril, mais ça sent déjà les vacances.	11905296	Het is nog maar april, maar het ruikt al naar de vakantie.
6943907	Ne restez pas dans le passage, vous me gênez !	11905297	Blijf niet in de weg, je staat me in de weg!
6943906	Si tu as du nouveau, passe-moi un coup de fil.	11905299	Als je nieuws hebt, bel me dan.
6596221	La fête de mariage a duré jusqu'au matin.	11905301	Het huwelijksfeest duurde tot de ochtend.
6389628	L'homme est un erratum pensant. Chaque saison de sa vie est une édition, qui corrige la précédente et qui, de plus sera corrigée, jusqu'à l'édition définitive, laquelle sera livrée aux vers, par l'éditeur.	11905302	De mens is een denkend erratum. Elk seizoen van zijn leven is een editie, die de vorige corrigeert en die bovendien zal worden gecorrigeerd, tot de definitieve editie, die door de uitgever aan de verzen zal worden geleverd.
6198629	Je le remplacerai volontiers.	11905304	Ik zou het graag vervangen.
6198628	Jean fait de la musique, mais ne chante pas.	11905306	Jean maakt muziek, maar zingt niet.
6198621	Elle étudie, mais n'apprend pas.	11905309	Ze studeert, maar leert niet.
2616732	Les deux frères se ressemblent beaucoup.	11905311	De twee broers lijken veel op elkaar.
2593697	Tom semble être en forme.	11905316	Tom lijkt in goede vorm te zijn.
2593695	Tom semble être en bonne santé.	11905317	Tom lijkt in goede gezondheid te verkeren.
7909141	Ils restent à la maison.	11905321	Ze blijven thuis.
7909103	Il restera à la maison.	11905326	Hij zal thuis blijven.
7908960	Salut mes amis.	11905327	Hallo vrienden.
7908775	Salut mes amis, comment allez vous ?	11905330	Hallo mijn vrienden, hoe gaat het?
5687598	Je dors tard le soir.	11905332	Ik slaap laat in de nacht.
5687597	Je me couche tôt le soir.	11905334	Ik ga 's avonds vroeg naar bed.
5687596	Je me suis levé a 7h du matin.	11905335	Ik stond om 7 uur op.
5687591	J'ai quelques trucs dans le coffre-fort de l'hôtel.	11905339	Ik heb wat spullen in de hotelkluis.
11840518	Quand quelqu'un décède normalement toute personne qui connaît ses parents doit leur écrire.	11905340	Normaal gesproken als iemand sterft, moet iedereen die zijn ouders kent, hen schrijven.
11840505	Son nom est connu depuis longtemps.	11905344	Zijn naam is al lang bekend.
11840504	Je suis occupé, donc je ne pourrai pas venir.	11905346	Ik heb het druk, dus ik kon niet komen.
11840503	Elle porte une robe d'été multicolore avec du bleu et du blanc.	11905468	Ze draagt ​​een veelkleurige zomerjurk met blauw en wit.
7216473	L'environnement est un thème qui occupe une place parmi les idées nouvelles et modernes.	11905469	Het milieu is een thema dat een plaats inneemt tussen nieuwe en moderne ideeën.
5795097	Les enfants s'appellent Tom et Marie.	11905495	De kinderen heten Tom en Marie.
5768802	Pourquoi avez-vous signé cet aveu ?	11905496	Waarom heb je deze bekentenis ondertekend?
5768799	Vous ne devriez signer aucun aveu.	11905498	Je mag geen bekentenissen ondertekenen.
10356661	Il faut beaucoup de paille pour empailler un éléphant.	11905499	Er is veel stro nodig om een ​​olifant te vullen.
10356658	Empailler un ours demande beaucoup de patience.	11905500	Het vullen van een beer kost veel geduld.
10356616	Est-ce que je ronfle beaucoup ?	11905502	Snurk ik veel?
10356612	Est-ce que je ronfle beaucoup quand je dors ?	11905505	Snurk ik veel als ik slaap?
10356605	Aide-moi à ouvrir ça, s'il te plaît.	11905507	Help me dit te openen, alsjeblieft.
10362272	Il n'y a plus de tickets.	11905509	Er zijn geen kaartjes meer.
10362269	Cela n'est pas sur la carte.	11905511	Het staat niet op de kaart.
10362268	Tu ne croiras pas ce qui est arrivé ensuite.	11905512	Je gelooft niet wat er daarna gebeurde.
10362262	Tom a demandé ma permission pour utiliser mon ordinateur.	11905514	Tom vroeg mijn toestemming om mijn computer te gebruiken.
10362259	Mon frère a rencontré notre enseignant.	11905515	Mijn broer ontmoette onze leraar.
4765390	Tom a ouvert la porte puis est entré dans le bureau.	11905520	Tom opende de deur en liep toen het kantoor binnen.
4765382	Puis-je parler à Tom ?	11905522	Kan ik met Tom praten?
4765367	J'apprends en autonomie.	11905523	Ik leer zelfstandig.
4372178	Je veux voir un spectacle étrange.	11905525	Ik wil een vreemd schouwspel zien.
6292293	Combien de temps Tom sera-t-il à Boston ?	11905526	Hoelang blijft Tom in Boston?
6292288	Tom retira ses vêtements et les mit dans la machine à laver.	11905530	Tom trok zijn kleren uit en stopte ze in de wasmachine.
6292259	Je ne peux pas vivre dans l'eau. Je ne suis pas un poisson.	11905531	Ik kan niet in het water leven. Ik ben geen vis.
6292257	Nous sommes à la recherche d'un hébergement.	11905534	We zoeken woonruimte.
6886915	J'ai fait à Tom un gros câlin.	11905535	Ik gaf Tom een ​​dikke knuffel.
6886910	Tom a un coussin Pikachu.	11905536	Tom heeft een Pikachu kussen.
6886909	Tom n'y est pas allé après tout.	11905537	Tom ging toch niet.
6886906	Ecris l'adresse de l'expéditeur au dos!	11905539	Schrijf het adres van de afzender op de achterkant!
6886905	Je ne vais plus jamais être heureux.	11905540	Ik zal nooit meer gelukkig zijn.
5687678	Elle n'avait plus rien à acheter, alors elle quitta le magasin.	11905541	Ze had niets meer om te kopen, dus verliet ze de winkel.
5687672	Elle agit comme mandataire pour son mari.	11905543	Ze treedt op als gevolmachtigde voor haar man.
5687671	Tom a construit un igloo dans son jardin.	11905545	Tom bouwde een iglo in zijn achtertuin.
6759527	Êtes-vous Anne?	11905546	Bent u Anna?
6759497	Tom joue mieux la guitare qu'aucune autre de mes connaissances.	11905547	Tom speelt beter gitaar dan wie dan ook die ik ken.
6759485	Je ne ferai que te ralentir.	11905548	Ik zal je alleen vertragen.
6759480	Le garçon ne fût pas humilié par le rire de ses camarades de classe.	11905549	De jongen werd niet vernederd door het gelach van zijn klasgenoten.
6759472	Es-tu Anne?	11905550	Ben je Anna?
6759471	Tellement magnifique!	11905552	Heel mooi!
6883447	Lui qui veut la sagesse devrait d'abord avoir de la patience.	11905776	Wie wijsheid wil, moet eerst geduld hebben.
6883445	Tom était un peu en surpoids quand il était enfant.	11905778	Tom had een beetje overgewicht toen hij een kind was.
6883442	Je pense que c'est plus que raisonnable.	11905779	Ik denk dat dat meer dan redelijk is.
6883437	Veuillez ajouter plus d'oignons, s'il vous plaît.	11905780	Voeg meer uien toe.
6883435	C'est un sujet très important.	11905781	Dit is een heel belangrijk onderwerp.
6883434	Beaucoup croient que le monde devient plus juste, mais peut-être devient-il simplement moins toxique.	11905782	Velen geloven dat de wereld eerlijker wordt, maar misschien wordt hij gewoon minder giftig.
11357849	L'homme meurt rapidement, mais l'écho de son travail peut durer encore longtemps.	11905783	De man sterft snel, maar de echo van zijn werk kan lang aanhouden.
11352597	Les rangées minces de pommiers de couleur blanc-rosé font plaisir à l’œil.	11905784	Dunne rijen witroze appelbomen zijn een lust voor het oog.
11352575	Même le poète n'écrira pas toujours si habilement et si finement.	11905785	Zelfs de dichter zal niet altijd zo vaardig en fijn schrijven.
11352492	Tu peux amener un cheval à l'eau, mais tu ne peux pas le forcer à boire.	11905786	Je kunt een paard naar het water leiden, maar je kunt het niet dwingen te drinken.
11352483	Il me faut au moins une semaine pour mettre les choses en ordre.	11905787	Ik heb minstens een week nodig om orde op zaken te stellen.
11352458	L'argent est nécessaire. On ne peut pas vivre sans lui.	11905788	Er is geld nodig. We kunnen niet zonder leven.
666685	Les dictionnaires bilingues sont admis, mais à un niveau de traduction professionnel.	11905789	Tweetalige woordenboeken zijn toegestaan, maar op professioneel vertaalniveau.
139618	Il est primordial que tout le monde soit mis au courant des faits.	11905790	Het is essentieel dat iedereen op de hoogte wordt gebracht van de feiten.
133661	Elle s'est fait couper les cheveux parce qu'elle aimait les cheveux plus courts, non parce qu'elle a perdu son amour.	11905793	Ze liet haar haar knippen omdat ze van korter haar hield, niet omdat ze haar liefde verloor.
134772	Je n'ai pas d'objection à payer des frais spéciaux si cela est nécessaire.	11905795	Ik heb er geen bezwaar tegen om indien nodig speciale vergoedingen te betalen.
8705165	Tom jouait au basketball quand il était à l'université.	11905797	Tom speelde basketbal toen hij op de universiteit zat.
8705162	Tom devrait être ici demain.	11905799	Tom zou hier morgen moeten zijn.
8705160	Tom et Mary sont-ils toujours célibataire?	11905801	Zijn Tom en Mary nog vrijgezel?
8705156	Tom était inconscient que Mary le fixait des yeux.	11905802	Tom was zich er niet van bewust dat Mary naar hem staarde.
8705153	Je me dispute presque tous les jours.	11905804	Ik maak bijna elke dag ruzie.
11129798	Si vous regardez la vidéo explicative, vous pouvez le faire vous-même.	11905806	Als u de verklarende video bekijkt, kunt u het zelf doen.
9115042	Il vient vers moi.	11905807	Hij komt naar me toe.
8995014	C'est chaud comme la braise.	11905808	Het is gloeiend heet.
8994963	Le prix des légumes baisse.	11905810	De prijs van groenten daalt.
8994559	J'ai donné une conférence en anglais.	11905811	Ik gaf een lezing in het Engels.
10222489	J'ai acheté des produits surgelés au supermarché.	11905812	Diepvriesproducten kocht ik in de supermarkt.
10222451	Il y a un arc-en-ciel dans le ciel.	11905813	Er is een regenboog in de lucht.
10222423	Leila conduisait une voiture volée.	11905814	Leila reed in een gestolen auto.
10222406	Sami a avoué les deux crimes.	11905816	Sami bekende beide misdaden.
10222391	Leila ne fera jamais de mal à personne.	11905817	Leila zal nooit iemand pijn doen.
10082827	Quand est-ce que Tom et Mary se sont rencontrés ?	11905820	Wanneer hebben Tom en Mary elkaar ontmoet?
10082822	Boston est une belle ville.	11905822	Boston is een mooie stad.
7589556	Il sera intéressant de voir si elle tient ce qu'elle a promis.	11905867	Het zal interessant zijn om te zien of ze zich houdt aan wat ze heeft beloofd.
7589555	Il sera intéressant de voir si elle respecte vraiment ce qu'elle a promis.	11905868	Het zal interessant zijn om te zien of ze echt doet wat ze beloofde.
7586615	Tom doit forcément exagérer.	11905869	Tom overdrijft vast.
7586393	Tom veut devenir fort.	11905870	Tom wil sterk worden.
7586390	Je dois malheureusement y aller.	11905871	Helaas moet ik gaan.
7586388	Je n'en ai malheureusement aucune idée.	11905872	Helaas heb ik geen idee.
7579944	Bonsoir.	11905873	Goedeavond.
4262895	Ding joue sur ordinateur.	11905874	Ding speelt op de computer.
4262717	Il n'y a pas de quoi être fier.	11905876	Er is niets om trots op te zijn.
4240825	Est-ce que tu ne dors jamais ?	11905877	Slaap je nooit?
4222219	Je suis en vacances à la plage.	11905878	Ik ben op vakantie aan het strand.
4222213	Nous jouons sur la plage.	11905879	We spelen op het strand.
4222208	Nous jouons sur cette plage.	11905881	We spelen op dit strand.
4221735	Le hérisson se cache la tête.	11905882	De egel verbergt zijn kop.
8179238	Je dois lui dire bonne nuit.	11905884	Ik moet hem welterusten zeggen.
8179233	C'est justement ce que je voulais dire.	11905885	Dat is precies wat ik bedoelde.
8179219	Essaie de dire ça à Tom.	11905886	Probeer dat maar eens aan Tom te vertellen.
8179216	J'ai essayé de le dire à Tom.	11905887	Ik probeerde het Tom te vertellen.
6867177	Chacun a le droit de quitter tout pays, y compris le sien, et de retourner dans son pays.	11905889	Iedereen heeft het recht om elk land te verlaten, inclusief zijn eigen land, en om terug te keren naar zijn land.
6867176	J'aime être organisé !	11905890	Ik ben graag georganiseerd!
7815983	Qu'est-ce qui te fait penser que je t'aime bien ?	11905891	Waarom denk je dat ik je leuk vind?
7815976	Hier, j'ai acheté un cheval.	11905892	Gisteren kocht ik een paard.
7815971	Nous partons pour l'Australie cet après-midi.	11905893	Vanmiddag vertrekken we naar Australie.
7815969	Tu dois aller avec moi.	11905894	Je moet met mij meegaan.
7815476	Nous avons vu un oiseau au loin.	11905896	In de verte zagen we een vogel.
7815475	Nous avons eu des invités pour dîner hier.	11905897	Gisteren hadden we gasten te eten.
8580518	On devrait passer notre tour cette fois-ci.	11905902	We moeten deze keer onze beurt passeren.
8157935	Je me demande où Tom a bien pu acheter ça.	11905904	Ik vraag me af waar Tom dat gekocht heeft.
8157903	Les micro-plastiques (restes de sac en plastique, d'emballages de plats à emporter, et de pailles qui se désintègrent "presque entièrement mais pas tout à fait" dans les océans) se retrouvent dans 3 poissons sur 4, tels que les calamars, les seiches et les poissons sabres des différents marchés à travers le monde.	11905905	Microplastics (resten van plastic zakken, voedselverpakkingen om mee te nemen en rietjes die "bijna, maar niet helemaal" uiteenvallen in de oceanen) worden aangetroffen in 3 van de 4 vissen, zoals inktvis, zeekatten en zwaardvissen van verschillende markten over de hele wereld.
8157866	Tom dit que Marie ment beaucoup.	11905906	Tom zegt dat Mary veel liegt.
8157861	Je ne pense pas que Tom ait vraiment eu besoin de faire ça.	11905907	Ik denk niet dat Tom dat echt nodig had.
8157860	Ils ont tous fait des erreurs.	11905910	Ze hebben allemaal fouten gemaakt.
8157859	De temps en temps elle se sentait attirée par la poésie.	11905912	Van tijd tot tijd voelde ze zich aangetrokken tot poëzie.
4445372	Tout ce que je commence à faire, se termine mal.	11905923	Alles wat ik begin te doen loopt slecht af.
4445371	Jusqu'à présent, mes efforts furent en vain.	11905924	Tot nu toe zijn mijn inspanningen tevergeefs geweest.
4445370	Il y avait du verre cassé partout sur le sol.	11905925	Overal op de vloer lag gebroken glas.
12158	Elle a repris la photo dans ses mains.	11905926	Ze nam de foto weer in haar handen.
12007	Et ils étaient trois.	11905927	En ze waren met drie.
12010	Et Tony était le plus âgé.	11905928	En Tony was de oudste.
5313917	Il nie avoir accepté un pot-de-vin.	11905929	Hij ontkent steekpenningen te hebben aangenomen.
5313912	Tu ressembles à ton père.	11905930	Je lijkt op je vader.
5313904	J'irais décrocher la lune si tu me le demandais.	11905931	Ik zou de maan gaan halen als je het mij vroeg.
5313900	Peux-tu le faire demain?	11905932	Kan je het morgen doen?
5313897	Je te donne plein d'argent chaque mois.	11905933	Ik geef je elke maand veel geld.
5313891	Tom ne suit pas les règles.	11905934	Tom houdt zich niet aan de regels.
5313873	On peut se voir au centre-ville. Est-ce que ça t'arrange ?	11905935	We kunnen in het centrum afspreken. Komt het je uit?
11433559	Il y a environ 1 million de millionnaires en Allemagne.	11905938	Er zijn ongeveer 1 miljoen miljonairs in Duitsland.
11433555	Tomas et moi ne sommes pas si stupides.	11905940	Tomas en ik zijn niet zo dom.
11433553	Le suicide est un crime dans certaines parties du monde.	11905942	Zelfmoord is in sommige delen van de wereld een misdaad.
11433551	Elle ment clairement !	11905943	Ze liegt duidelijk!
11433548	J'ai regardé mes notes.	11905945	Ik keek naar mijn aantekeningen.
11433545	Ma présence est nécessaire.	11905949	Mijn aanwezigheid is noodzakelijk.
9531722	Je ne suis pas mon père.	11905950	Ik ben niet mijn vader.
9525758	Tu es toi.	11905951	Jij bent jij.
9525858	Mon cousin est le tailleur qui se trouve derrière l'école.	11905953	Mijn neef is de kleermaker achter de school.
9525751	Vieux balai sait tous les coins d’une chambre, mais le nouveau nettoie mieux.	11905954	Oude bezem kent elke hoek van een kamer, maar nieuwe maakt beter schoon.
9525725	Le concours de l'État portera sur les angles aigus et les angles obtus.	11905955	De staatscompetitie zal zich richten op scherpe hoeken en stompe hoeken.
9525720	La voiture de père est grise.	11905957	Vaders auto is grijs.
9525609	Fais le tant que père est vivant.	11905958	Doe het terwijl vader leeft.
9525489	L'arbre qui couvre le soleil ne s'abat pas.	11905959	De boom die de zon bedekt valt niet.
10269733	Tom n'était pas conscient, mais il respirait encore.	11905961	Tom was bewusteloos, maar hij ademde nog.
10269728	Ce cahier est jaune.	11905964	Dit notitieboekje is geel.
10269721	Tom a demandé du jus d'orange.	11905966	Tom vroeg om sinaasappelsap.
10269710	J'ai capturé un beau papillon.	11905967	Ik heb een prachtige vlinder gevangen.
10269672	Les enfants détestent les légumes.	11905968	Kinderen hebben een hekel aan groenten.
10269667	Je me demande si je vais bien.	11905970	Ik vraag me af of ik in orde ben.
7676630	Il faut que nous pensions à nos enfants et petits-enfants.	11905971	We moeten aan onze kinderen en kleinkinderen denken.
7676622	Que pensez-vous de Tom?	11905975	Wat vindt u van Tom?
7676621	Que penses-tu de Tom?	11905976	Wat vind je van Tom?
7676620	Vous devriez penser à votre avenir.	11905977	U moet nadenken over uw toekomst.
7676619	Tu devrais penser à ton avenir.	11905979	Je moet nadenken over je toekomst.
7675736	Tout le monde aspire au bonheur.	11905980	Iedereen streeft naar geluk.
1520369	Au revoir et merci bien ! dit Petit Vénusien.	11905999	"Tot ziens en heel erg bedankt!" zei Kleine Venusiaan.
1520368	Ouf ! Il était grand temps !	11906000	Opluchting! Het werd hoog tijd!
6952957	Quels sont tes souvenirs de Tom ?	11906004	Wat zijn jouw herinneringen aan Tom?
6952956	De quoi te souviens-tu à propos de Tom ?	11906005	Wat weet je nog van Tom?
6952954	« Mary ? » Alice chuchota.	11906006	"Maria?" fluisterde Alice.
6952951	La mère de Tom est cool.	11906008	Toms moeder is cool.
6952950	Le père de Tom est cool.	11906009	Toms vader is cool.
6952949	Tom et Mary prièrent ensemble.	11906011	Tom en Mary baden samen.
6952948	C'est une histoire touchante.	11906013	Het is een ontroerend verhaal.
9635646	Mon père est professeur.	11906014	Mijn vader is docent.
9635642	Elles sont professeurs de français.	11906015	Ze zijn Frans docenten.
9635604	Je ne suis pas enseignante.	11906018	Ik ben geen docent.
9635585	Je parle en français avec mes enseignants.	11906019	Ik praat Frans met mijn docenten.
4780712	Je ne ressentais que de la pitié pour ce qu'ils étaient en train d'endurer.	11906020	Ik had alleen maar medelijden met wat ze doormaakten.
4780708	Il respira dans l'air glacial.	11906021	Hij ademde de ijskoude lucht in.
4780703	Il est une honte absolue pour nous les Américains.	11906022	Het is een absolute schande voor ons Amerikanen.
4780699	Je comprends l'Italien mieux que je ne le parle.	11906023	Ik versta Italiaans beter dan dat ik het spreek.
4780686	Il ne trouvera jamais ce que c'est.	11906024	Hij zal er nooit achter komen wat het is.
4780682	Est-ce que Tom était là quand nous sommes arrivés ?	11906025	Was Tom er toen we aankwamen?
4780645	Il adore la science-fiction.	11906026	Hij houdt van sciencefiction.
5859762	Penses-tu que c'est juste une coïncidence ?	11906027	Denk je dat het gewoon toeval is?
5859280	Il est jeune et imprudent.	11906028	Hij is jong en roekeloos.
5859256	Tom achète des bananes.	11906029	Tom koopt bananen.
5859166	Mon nez est gros.	11906030	Mijn neus is groot.
5859165	J'ai un gros nez.	11906031	Ik heb een grote neus.
5859157	Fadil a trahi son amour.	11906032	Fadil heeft zijn liefde verraden.
5859127	Il y a assez d'amour pour nous tous.	11906033	Er is genoeg liefde voor ons allemaal.
5859109	Bonne nuit, ma chère.	11906034	Welterusten mijn liefste.
10224122	Il faut marquer un arrêt à la fin d'une phrase.	11906107	Aan het einde van een zin moet je even pauzeren.
10224118	J'aimerais m'excuser pour l'autre jour.	11906109	Ik wil me verontschuldigen voor de andere dag.
10224115	Tu étais censé regarder le film aussi.	11906110	Je zou ook naar de film moeten kijken.
10224112	C'est pas nous qui avons fait ça !	11906111	Dat hebben we niet gedaan!
10224110	Elle était tellement épuisée qu'elle n'arrivait plus à marcher.	11906113	Ze was zo uitgeput dat ze niet meer kon lopen.
10224106	Tu veux faire une promenade ?	11906114	Wil je een wandeling maken?
10224105	Je suis pas médecin moi.	11906115	Ik ben zelf geen dokter.
10224103	Un peu de crème dans ton café ?	11906116	Een beetje room in je koffie?
6035309	Tu as bon cœur.	11906118	Je hebt een goed hart.
6032506	Tataouine est une ville du Maroc en face du détroit de Gibraltar et à 40 kilomètres à l'est de Tanger.	11906119	Tataouine is een stad in Marokko met uitzicht op de Straat van Gibraltar en 40 kilometer ten oosten van Tanger.
6017223	Nous vous croyons.	11906120	Wij geloven u.
6017217	Nous te croyons.	11906121	Wij geloven je.
6017206	Tom l'a-t-il vu ?	11906123	Heeft Tom het gezien?
6017200	S'il vous plaît, écrivez ce que je vais dire.	11906124	Schrijf alsjeblieft op wat ik ga zeggen.
10142741	Tom doit voir ça.	11906126	Tom moet dit zien.
10142738	On vend notre bateau.	11906128	Wij verkopen onze boot.
10142731	Avez-vous vu le nouveau chapeau de Tom ?	11906130	Heb je Toms nieuwe hoed gezien?
10142707	Elle avait l'air agité.	11906132	Ze zag er geagiteerd uit.
10142706	Elle semblait agitée.	11906133	Ze leek geagiteerd.
694159	Je m'en souviens comme si c'était hier.	11906135	Ik herinner het me alsof het gisteren was.
127494	J'ai faim car je n'ai pas déjeuné.	11906136	Ik heb honger omdat ik niet heb geluncht.
127537	Suis-je sur la mauvaise route ?	11906138	Ben ik op de verkeerde weg?
127801	Je lui ai écrit une longue lettre.	11906139	Ik heb hem een ​​lange brief geschreven.
12933	J'aime Tom parce qu'il est honnête.	11906141	Ik mag Tom omdat hij eerlijk is.
127396	« Où habitez-vous ? » « J'habite à Tokyo. »	11906143	"Waar woon je?" "Ik woon in Tokio."
129771	Aimez-vous la cuisine japonaise ?	11906145	Hou je van de Japanse keuken?
461911	A-t-il une chance de réussir ?	11906148	Heeft hij kans van slagen?
461910	A-t-il une chance de gagner les élections ?	11906149	Maakt hij kans om de verkiezingen te winnen?
461902	Je vois qu'elle est en train de nettoyer la chambre.	11906152	Ik zie dat ze de kamer aan het schoonmaken is.
461901	S'il te plaît, donne-moi un plan de rue, d'accord ?	11906153	Geef me alsjeblieft een plattegrond, oké?
461900	Cette année, l'hiver est très doux.	11906154	Dit jaar is de winter erg zacht.
461897	J'aime chacun d'entre eux.	11906155	Ik hou van elk van hen.
8786045	Ma nouvelle voisine prend sa douche a minuit ... Je m'en suis plaint à la concierge.	11906157	Mijn nieuwe buurvrouw gaat om middernacht douchen... Ik heb erover geklaagd bij de conciërge.
8786043	Le mari de ma voisine est également mon voisin.	11906158	De echtgenoot van mijn buurvrouw is ook mijn buurman.
8786042	Ma voisine de palier est tombée dans l'escalier.	11906159	Mijn buurvrouw viel van de trap.
8786040	Ma voisine a déménagé hier.	11906160	Mijn buurman is gisteren verhuisd.
8786024	Il est certain d'y arriver.	11906161	Die komt er zeker.
8786023	Nous pouvons faire confiance à Tom à ce sujet.	11906162	We kunnen Tom hierin vertrouwen.
8786021	Tu espères prouver quoi ?	11906163	Wat hoop je te bewijzen?
8786020	L'un de mes amis est passé me voir au bureau.	11906164	Een vriend van mij kwam me opzoeken op kantoor.
4360388	Ça fait mal !	11906166	Het doet pijn!
4360391	Allons ramasser tes peluches !	11906167	Laten we je knuffels ophalen!
4360386	Fais attention à ta tête !	11906168	Pas op voor je hoofd!
4360385	Fais attention au coin de la table !	11906169	Let op de hoek van de tafel!
4360382	Va mettre ça dans l'armoire !	11906170	Ga dat maar in de kast leggen!
4360379	Tu t'es fait mal ?	11906171	Ben je gewond geraakt?
4360376	Tiens bien le parapluie !	11906172	Houd de paraplu vast!
4360371	Si tu ne veux pas enlever tes sandales, alors garde-les !	11906174	Als je je sandalen niet uit wilt doen, hou ze dan aan!
6111611	J'envisage toujours de faire ça un jour.	11906175	Ik ben nog steeds van plan dat op een dag te doen.
6111609	Tom n'a pas laissé Mary faire ça.	11906176	Tom liet Mary dat niet doen.
6111587	Que faites-vous l'été prochain ?	11906177	Wat doe jij komende zomer?
6111585	Tom nous a demandé de le faire.	11906178	Tom vroeg ons om het te doen.
6111582	Cela ne m'a pas du tout surpris.	11906179	Het verbaasde me helemaal niet.
6888324	Tom ne peut pas chanter quand il mange.	11906192	Tom kan niet zingen als hij eet.
6888320	Ça a du être difficile pour toi de le faire.	11906193	Het moet moeilijk voor je zijn geweest om dat te doen.
6888316	Quel est le sport le plus populaire en Australie ?	11906194	Wat is de meest populaire sport in Australië?
6888314	Tom a aidé Mary, non ?	11906196	Tom hielp Mary toch?
6888312	Quels types d'émissions aimes-tu regarder ?	11906197	Naar wat voor soort shows kijk je graag?
6888307	Si un homme est promu avant une femme, on appelle ça du favoritisme. Si elle est promue avant un homme, on appelle ça égalité.	11906198	Als een man eerder promoveert dan een vrouw, wordt dat vriendjespolitiek genoemd. Als ze gepromoveerd wordt voor een man, heet dat een gelijkspel.
6888304	Tom était le pire élève de la classe.	11906199	Tom was de slechtste leerling van de klas.
6888303	Où puis-je acheter des pommes ?	11906201	Waar kan ik appels kopen?
6888301	La cause majeure du stress est la réalité.	11906203	De belangrijkste oorzaak van stress is de realiteit.
9941365	Votre accent vous trahit.	11906204	Je accent verraadt je.
9941362	Tom a déclaré qu'il était effrayé que son téléphone soit plus intelligent que lui.	11906205	Tom zei dat hij bang was dat zijn telefoon slimmer was dan hij.
9941361	Il y a des conifères à côté de la statue du château.	11906207	Naast het kasteelbeeld staan ​​coniferen.
9941360	Les civilisations supérieures de la galaxie se déplacent entre elles à bord de vaisseaux spatiaux.	11906208	De superieure beschavingen van de Melkweg bewegen tussen hen op ruimteschepen.
9941358	Tom et Mary discutent de la situation.	11906211	Tom en Mary zijn de situatie aan het bediscussiëren.
9941355	Tom et Mary ne vont pas me trouver.	11906212	Tom en Mary gaan me niet vinden.
9941354	Il a avoué qu'il avait cassé le vase.	11906213	Hij bekende dat hij de vaas had gebroken.
9941353	Tom et Mary ne sont pas aussi riches que la plupart des gens le pensent.	11906214	Tom en Mary zijn niet zo rijk als de meeste mensen denken.
7500194	Pensez-vous que Tom est vaniteux?	11906217	Denk je dat Tom ijdel is?
7500192	Pourquoi Tom est-il toujours aussi grognon?	11906218	Waarom is Tom altijd zo chagrijnig?
7500191	Tom ne t'a rien dit?	11906220	Tom heeft het je niet verteld?
7489993	Tom ne gagnera jamais.	11906221	Tom zal nooit winnen.
7489992	Tom se débrouille bien.	11906222	Tom maakt het goed.
7489991	Tom cherche une femme.	11906223	Tom zoekt een vrouw.
7489990	Tom sera probablement là.	11906224	Tom zal er waarschijnlijk zijn.
7489989	Tom est probablement prêt.	11906226	Tom is waarschijnlijk klaar.
7489988	Tom sera probablement en avance.	11906227	Tom zal waarschijnlijk vroeg zijn.
4591586	Arriverons-nous à l'heure ?	11906229	Komen we op tijd?
4591561	Ne le décourageons pas !	11906230	Ontmoedig hem niet!
4591559	C'est décourageant.	11906231	Het is ontmoedigend.
4591506	Le feu de circulation est passé au rouge.	11906233	Het stoplicht sprong op rood.
4591435	Encourage-le à le faire !	11906234	Moedig hem aan om het te doen!
4591433	C'est très encourageant.	11906235	Het is zeer bemoedigend.
4591344	Il faut que je me lève de toute façon.	11906236	Ik moet toch opstaan.
5898062	J'aime ton travail.	11907560	Ik vind je werk leuk.
5897195	Il partit en Afrique pour toujours.	11907585	Hij vertrok voor altijd naar Afrika.
5897194	C'était une scène horrible.	11907586	Het was een vreselijke scène.
5897190	Tom aimera ça.	11907587	Dat zal Tom leuk vinden.
5897173	Longue vie au persan !	11907588	Lang leve de Pers!
5897169	Il parle couramment anglais comme aucun élève de sa classe.	11907589	Hij spreekt vloeiend Engels als geen ander in zijn klas.
5897168	Tom ne sait rien.	11907590	Tom weet van niets.
5897165	La question est que vas-tu faire.	11907593	De vraag is wat ga je doen.
5897164	Tom est très fier de ce qu'il a été capable d'accomplir.	11907594	Tom is erg trots op wat hij heeft bereikt.
5897163	As-tu dîné ?	11907595	Heb je al avondeten gehad?
10714761	J'ai aidé ma maman dans la cuisine.	11907597	Ik heb mijn moeder geholpen in de keuken.
10714709	Nous avons joué au basket dans le gymnase.	11907598	We speelden basketbal in de sportschool.
10714699	Deux enfants jouaient dans la rue.	11907599	Twee kinderen spelen op de weg.
10714688	De bonnes clôtures font de bons voisins.	11907601	Goede hekken maken goede buren.
10714670	Je ne supporte plus ce froid.	11907602	Ik kan niet meer tegen deze kou.
10714649	Où puis-je acheter ce magazine ?	11907603	Waar kan ik dit tijdschrift kopen?
10714638	Puis-je avoir trois places dans l'espace non réservé ?	11907606	Mag ik drie stoelen in de niet-gereserveerde ruimte?
10714636	Merde ! j'ai crevé !	11907608	Shit! Ik heb een lekke band!
10714612	Le cinéma était plein de monde.	11907609	De bioscoop zat vol mensen.
11462208	Prends ce siège.	11907610	Neem deze stoel.
11462234	Le barboteur se mit à glouglouter.	11907612	De borrelaar begon te gorgelen.
11462200	J'aurai le temps de le faire plus tard.	11907613	Ik heb later tijd om het te doen.
11462199	Elle connaît le chemin.	11907614	Ze weet de weg.
11462198	Tom aurait pu se briser le cou.	11907630	Tom had zijn nek kunnen breken.
11462197	C'est dur de trouver un bon lieu de vie.	11907637	Het is moeilijk om een ​​goede plek te vinden om te wonen.
11462196	Il était temps d'y aller.	11907640	Het was tijd om te gaan.
11462195	Layla a fait un an de prison.	11907641	Layla zat een jaar in de gevangenis.
11254017	S'il vous plaît, n'hésitez pas à poser des questions.	11907642	Aarzel niet om vragen te stellen.
11219384	Nous n'avons pas d'avenir.	11907643	We hebben geen toekomst.
4404993	Quelle est ta langue préférée ?	11907644	Wat is je favoriete taal?
4404990	Apprendre par cœur n'est pas la meilleure façon pour se rappeler des choses.	11907646	Uit het hoofd leren is niet de beste manier om dingen te onthouden.
4404989	Je sais quelque chose.	11907648	Ik weet iets.
4404988	C'est ma passion.	11907649	Dit is mijn passie.
4404987	J'aime bien parler espagnol.	11907653	Ik spreek graag Spaans.
4404986	C'est juste une petite fille.	11907654	Ze is nog maar een klein meisje.
4404985	Jorge est vraiment un beau prénom.	11907655	Jorge is echt een mooie naam.
4404984	Tout est petit dans sa chambre.	11907659	Alles is klein in zijn kamer.
4404983	Elle aime vraiment jouer avec lui.	11907660	Ze speelt heel graag met hem.
4404982	Je n'ai rien d'autre à étudier.	11907675	Ik heb niets anders om te studeren.
8164032	Tom n'était pas le seul à s'être fait arrêter.	11907677	Tom was niet de enige die gearresteerd was.
8164030	Il est interdit de fumer sur tout le site.	11907679	Roken is op het hele terrein verboden.
8164029	Je dois prendre mon déjeuner.	11907681	Ik moet mijn lunch hebben.
8164027	Elle ne finit jamais ses travaux.	11907684	Ze maakt haar werk nooit af.
8164025	Le froid continua pendant trois semaines.	11907688	De kou hield drie weken aan.
8164023	J'ai utilisé cette assiette.	11907690	Ik heb dit bord gebruikt.
8164019	Ne sois pas triste !	11907693	Wees niet droevig!
8164018	« Tu veux boire quelque chose ? » « Non merci, je dois encore conduire. »	11907696	"Wil je wat drinken?" "Nee bedankt, ik moet nog rijden."
8164016	Il a ses défauts mais je l'aime encore plus pour cela.	11907698	Hij heeft zijn gebreken, maar daarom hou ik nog meer van hem.
8164006	Je regrette de leur avoir menti.	11907770	Het spijt me dat ik tegen ze heb gelogen.
11140696	Attention, elle pourrait y prendre beaucoup de plaisir	11907775	Pas op, ze kan er veel plezier aan beleven.
11140695	En ce qui a trait à cette problématique, les règles de l'établissement s’appliquent.	11907776	Ten aanzien van deze kwestie zijn de regels van de vestiging van toepassing.
11140693	Pour aller dans cette direction il faut prendre le train des bois.	11907777	Om in deze richting te gaan moet je de trein door het bos nemen.
11140690	Le foutou est un plat délicieux à base de manioc, de banane plantain ou d’igname.	11907778	Foutou is een heerlijk gerecht gemaakt van cassave, weegbree of yam.
11140689	Ce territoire s'étend sur plusieurs milliers de kilomètres.	11907779	Dit gebied strekt zich uit over enkele duizenden kilometers.
11140688	Cette bêtise peut équivaloir une punition assez lourde.	11907782	Deze domheid kan oplopen tot een vrij zware straf.
11140686	Le cuir s'assouplit avec le temps.	11907783	Leer wordt na verloop van tijd zachter.
11140685	Quant à moi, je trouve que ça te va très bien.	11907784	Wat mij betreft, ik denk dat het heel goed bij je past.
11140684	J'ai beaucoup d'attentes quant à notre rendez-vous.	11907785	Ik heb hoge verwachtingen van onze date.
11140683	Tom est assez grand pour le faire lui-même.	11907787	Tom is oud genoeg om het zelf te doen.
3557734	Promenons-nous.	11907790	Laten we een stukje gaan lopen.
3210408	Monsieur Parker a essayé de manger avec des baguettes.	11907792	Meneer Parker probeerde met stokjes te eten.
3207703	Appelle-moi à sept heures du matin.	11907795	Bel me om zeven uur 's ochtends.
3160472	Pourriez-vous me montrer comment faire cela ?	11907797	Kun je me laten zien hoe je dit moet doen?
3160470	Je veux me procurer un visa touristique.	11907802	Ik wil een toeristenvisum aanvragen.
3160469	Treize américains ont été tués.	11907806	Dertien Amerikanen werden gedood.
3160468	Je voulais dire bonjour à Tom.	11907812	Ik wilde Tom gedag zeggen.
3160467	Tom cherche un autre emploi.	11907815	Tom zoekt een andere baan.
5975438	Elle est toujours de mauvaise humeur.	11907824	Ze is altijd in een slecht humeur.
5975437	On m'a interdit de faire cela.	11907826	Het was mij verboden om dit te doen.
5975435	Le marché devrait être dérégulé.	11907828	De markt moet worden gedereguleerd.
5975434	Les réglementations protègent les travailleurs.	11907830	Regelgeving beschermt werknemers.
5975433	Les réglementations protègent les consommateurs.	11907831	Regelgeving beschermt de consument.
5975432	Les ceintures de sécurité devraient êtres obligatoires.	11907834	Veiligheidsgordels zouden verplicht moeten zijn.
5975431	Les ceintures de sécurité devraient être interdites.	11907836	Veiligheidsgordels zouden verboden moeten worden.
5975430	Nous ne tolérons pas l'intolérance.	11907837	We tolereren geen intolerantie.
5975429	La peinture est en train de sécher.	11907838	De verf is aan het drogen.
5975428	Ils parlent au policier.	11907839	Ze praten met de politieman.
6863939	Je suis ici pour parler de Tom.	11907854	Ik ben hier om met Tom te praten.
5225239	Je n'oublierai pas.	11907856	Ik zal niet vergeten.
4733768	« Où sont mes journaux ? » « Tes journaux sont sur la table. »	11907857	"Waar zijn mijn kranten?" "Uw kranten liggen op tafel."
4725365	Je ne veux pas vendre mon âme pour de l'argent.	11907859	Ik wil mijn ziel niet verkopen voor geld.
4725364	As-tu entendu ce que Tom a dit ?	11907860	Heb je gehoord wat Tom zei?
4725363	Un chien a mordu sa jambe.	11907863	Een hond beet in zijn been.
4725363	Un chien a mordu sa jambe.	11907864	Een hond beet in haar been.
4718978	Étiez-vous sérieux ?	11907866	Was je serieus?
4718977	C'était très effrayant.	11907867	Het was erg eng.
4709717	Tom prend souvent son petit-déjeuner ici.	11907868	Tom ontbijt hier vaak.
4709716	Tom mange souvent son petit-déjeuner ici.	11907869	Tom eet hier vaak zijn ontbijt.
8103439	Je t'ai dit de m'attendre.	11907876	Ik zei dat je op me moest wachten.
8103438	Tom a déjà fini le travail.	11907877	Tom heeft de klus al geklaard.
8103435	Celui-ci est plus mignon.	11907878	Deze is schattiger.
8103429	Combien de temps as-tu déjà passé en Australie ?	11907879	Hoelang ben je al in Australië geweest?
8103428	Mary s'est enfermée dans la salle de bain.	11907880	Mary sloot zichzelf op in de badkamer.
8103427	Tom est très incompétent.	11907881	Tom is erg incompetent.
8103426	Mary était incapable de retenir ses larmes.	11907882	Mary kon haar tranen niet bedwingen.
8103424	Nous avons joué tous ensemble.	11907883	We speelden allemaal samen.
8103420	Tom pensait qu'il avait une chance de survivre.	11907884	Tom dacht dat hij een kans had om te overleven.
130050	Ne sois pas trop proche de lui.	11907887	Kom niet te dicht bij hem.
130099	Il a quelque revenu en plus de son salaire.	11907888	Naast zijn salaris heeft hij nog wat inkomen.
131388	Il est encore en colère contre vous à cause de votre conduite.	11907889	Hij is nog steeds boos op je vanwege je gedrag.
130137	S'il vous plait dites-lui de se débarrasser des feuilles mortes.	11907890	Zeg hem alsjeblieft dat hij dode bladeren moet verwijderen.
130411	Sa chambre était en désordre.	11907891	Haar kamer was rommelig.
130419	Sa mère l'a fait nettoyer la salle de bains.	11907892	Zijn moeder liet hem de badkamer schoonmaken.
130442	J'avais son nom au bout de la langue mais je ne pouvais m'en souvenir.	11907893	Ik had zijn naam op het puntje van mijn tong, maar ik kon me hem niet herinneren.
130446	Son nom est connu à travers le monde entier.	11907894	Zijn naam is over de hele wereld bekend.
129995	Je pense que c'est une erreur que vous n'ayez pas suivi mon conseil.	11907895	Ik denk dat het een vergissing is dat je mijn advies niet hebt opgevolgd.
6404869	Nous exportons beaucoup d'automobiles dans ce pays.	11907896	We exporteren veel auto's naar dit land.
6404862	Tom a parlé directement à Mary.	11907897	Tom sprak rechtstreeks met Mary.
6404860	Voici une autre prévision.	11907899	Hier is nog een voorspelling.
6404858	Tom sourit chaque fois qu'il voit Mary.	11907900	Tom glimlacht elke keer als hij Mary ziet.
6404856	Comment tu as connu Marie ?	11907901	Hoe kende je Maria?
5209673	Ce cauchemar prendra-t-il fin?	11907902	Komt er een einde aan deze nachtmerrie?
5209644	Pourquoi n'es-tu pas content?	11907903	Waarom ben je niet blij?
5209643	Les toilettes ont été bouchées.	11907904	De toiletten waren verstopt.
466487	Voulez-vous faire des achats avec moi ?	11907922	Wil je bij mij shoppen?
466489	Mon oncle, vivant à Paris, est venu nous voir.	11907925	Mijn oom, die in Parijs woont, kwam bij ons langs.
466488	Le dimanche je suis toujours à la maison.	11907928	Op zondag ben ik altijd thuis.
465423	Qui peut me dire ce que signifie l'acronyme TATOEBA ?	11907930	Wie kan mij vertellen waar de afkorting TATOEBA voor staat?
455327	Ah, si nous pouvions tous parler toutes les langues !	11907931	Ach, als we allemaal alle talen konden spreken!
454739	Celui qui trop se justifie, celui-là même s'accuse.	11907933	Wie zichzelf teveel rechtvaardigt, beschuldigt zichzelf zelf.
5405030	Tom est censé être chez lui.	11907937	Tom hoort thuis te zijn.
5405003	Le président va démissionner.	11907938	De president zal aftreden.
6991642	De nombreux villageois sont des fermiers qui élèvent les lamas pour leur laine.	11907942	Veel dorpelingen zijn boeren die lama's fokken voor hun wol.
3984204	Puisqu'il fait beau, allez jouer dehors.	11907943	Ga lekker buiten spelen, want het is mooi weer.
3983719	Il est grand temps que je fasse le ménage.	11907945	Het wordt hoog tijd dat ik ga opruimen.
3983717	Il n'y a pas que ça dans la vie.	11907947	Dat is niet alleen in het leven.
3983710	Mary était une fille sympathique.	11907949	Maria was een aardig meisje.
3983705	On est pas déjà passé par là?	11907950	Zijn we daar niet al geweest?
3983703	Ah, je suis déjà venu ici !	11907951	Ah, ik ben hier eerder geweest!
7771380	Les passifs essayent de changer le passé, les actifs, le futur.	11907952	Passieven proberen het verleden te veranderen, actieven de toekomst.
10693202	Et encore une fois, c'est Tom qui prend le coup pour nous tous.	11907958	En nogmaals, het is Tom die de klap op zich neemt voor ons allemaal.
4827650	Ils sont mariés mais vivent séparément.	11907959	Ze zijn getrouwd maar wonen gescheiden.
4827647	Les époux décidèrent de vivre séparément.	11907961	De echtgenoten besloten apart te gaan wonen.
4729322	Qui est l'intrus?	11907962	Wie is de vreemde eend in de bijt?
3811456	Notre patron n'arrive même pas à nous céder une petite augmentation.	11907963	Onze baas kan ons niet eens een kleine opslag geven.
3811451	Les amoureux n'arrivent pas à se séparer.	11907965	Geliefden kunnen niet scheiden.
3462694	Je rejette ce projet tout de suite parce que, économiquement, il n'a aucun sens.	11907969	Ik wijs dit project meteen af ​​omdat het economisch gezien geen zin heeft.
3448019	Après être arrivé à la gare, j'ai appelé mon ami.	11907970	Toen ik op het station aankwam, belde ik mijn vriend.
8008555	C'est un procédé routinier.	11908077	Het is een routinematig proces.
7915171	Est-ce que vous savez comment nous contacter ?	11908078	Weet jij hoe je contact met ons kunt opnemen?
7915170	Le travail est pénible.	11908079	Het werk is moeilijk.
7915168	J'ai réussi à étancher ma soif avec l'eau d'une fontaine.	11908080	Ik slaagde erin mijn dorst te lessen met water uit een fontein.
7915166	Un pain de farine complète est meilleur pour la santé qu'un pain blanc.	11908081	Volkorenbrood is gezonder dan witbrood.
7915157	Il a peur d'être tué.	11908082	Hij is bang vermoord te worden.
7915154	Ce livre est très récent.	11908083	Dit boek is zeer recent.
7915144	Noël et Nouvel An devraient être des célébrations fraternelles.	11908084	Kerstmis en Nieuwjaar zouden broederlijke vieringen moeten zijn.
7915140	Haran mourut avant son père Térach.	11908087	Haran stierf voor zijn vader Terah.
7048017	La maladie nous apprend combien la santé est précieuse.	11908088	Ziekte leert ons hoe kostbaar gezondheid is.
4940621	Jusqu'à présent je n'ai pas entendu parler de cet acteur.	11908089	Tot nu toe heb ik nog nooit van deze acteur gehoord.
4940609	Utilisez la Langue Internationale (Espéranto).	11908090	Gebruik de internationale taal (Esperanto).
9387011	Le soir après les cours, le professeur Saɛid ne prends pas le même chemin qu'il fait le matin pour venir à l'école.	11908093	's Avonds na de les neemt professor Saɛid niet dezelfde route als 's ochtends om naar school te komen.
9386851	Que cuisinez-vous durant le nouvel an ?	11908094	Wat kook jij voor het nieuwe jaar?
9264686	Vous l'avez vue ou pas ?	11908095	Heb je het gezien of niet?
9264646	Sors la poubelle.	11908097	Zet de prullenbak buiten.
9264612	Ils ne se souviennent pas de moi.	11908098	Ze herinneren zich mij niet.
9264406	J'attendais, debout.	11908099	Ik wachtte, rechtop.
9264302	Tu as froid en plein été.	11908100	Midden in de zomer heb je het koud.
9229338	Passe-lui le bonjour.	11908101	Zeg hallo tegen hem.
9228709	Tu es doué dans ce domaine.	11908102	Jij bent hier goed in.
9228225	Tu penses à lui.	11908103	Je denkt aan hem.
5324578	« Je suis tout seul. » « Mais ça n'est pas vrai. Vous avez bien des amis. »	11908106	"Ik ben helemaal alleen." "Maar dat is niet waar. Je hebt veel vrienden."
5324559	Elle pense que son ami est innocent.	11908107	Ze denkt dat haar vriend onschuldig is.
5324550	Tom ne se lave les cheveux qu'une fois par semaine.	11908108	Tom wast zijn haar maar één keer per week.
5324543	Marie obligea Tom à manger.	11908109	Marie dwong Tom te eten.
5324497	Entends, vois et tais-toi, si tu veux vivre en paix.	11908113	Horen, zien en zwijgen, als je in vrede wilt leven.
5319478	Tom méditait souvent sur le sens de la vie.	11908136	Tom mediteerde vaak over de zin van het leven.
5319476	Celui qui travaille beaucoup n'a pas le temps de se plonger dans des considérations philosophiques.	11908137	Wie veel werkt, heeft geen tijd om zich in filosofische overwegingen te verdiepen.
5319471	Tom voulait qu'on l'enterre à côté de ses chiens.	11908138	Tom wilde naast zijn honden begraven worden.
5317934	J'ai vu la fille.	11908139	Ik zag het meisje.
5317926	Le garçon qui est venu hier est mon frère.	11908140	De jongen die gisteren kwam is mijn broer.
5317923	J'entre pour boire un café.	11908141	Ik ga naar binnen voor een kop koffie.
5740856	Qui l'aurait dit ?	11908142	Wie zou dat gezegd hebben?
3628285	Par la force des choses, je suis devenu expert dans l'utilisation de ce logiciel.	11908145	Door omstandigheden ben ik een expert geworden in het gebruik van deze software.
3424654	Est-ce que vous avez déjà discuté avec le secrétaire du syndicat de notre entreprise ?	11908146	Heb je ooit met de vakbondssecretaris van ons bedrijf gesproken?
3424642	Nous mangeons d'habitude à six heures.	11908147	We eten meestal om zes uur.
3424641	C'est un calcul erroné.	11908149	Dit is een verkeerde berekening.
3424634	Je n'aime pas la personne que vous êtes devenue.	11908151	Ik hou niet van de persoon die je bent geworden.
3424633	Je regrette, mais Rossini ne me plaît pas.	11908152	Het spijt me, maar ik mag Rossini niet.
5897064	Nous avons dû couper beaucoup d'arbres.	11908158	We hebben veel bomen moeten kappen.
4679485	Mon frère a un compte Twitter.	11908164	Mijn broer heeft een Twitter-account.
4679477	Elle a une fleure rouge.	11908165	Ze heeft een rode bloem.
4679466	C'est la raison pour laquelle je t'aime bien.	11908166	Dat is de reden waarom ik je leuk vind.
3122731	Je viendrais à cinq heures.	11908167	Ik zou om vijf uur komen.
3122728	Je ne suis pas quelqu'un de bien.	11908168	Ik ben geen goed mens.
2761993	Un gâteau est sous la table.	11908170	Er staat een taart onder de tafel.
9026681	Est-ce qu'on est arrivé ?	11908174	Zijn we aangekomen?
9026669	Je vais l'acheter !	11908176	Ik ga het kopen!
9026662	C'est Edward.	11908177	Het is Eduard.
9026654	Il est vraiment tard !	11908178	Het is echt laat!
9026644	As-tu mal ?	11908179	Heb je pijn?
9026480	Lorsque je ne suis pas dans le pays de mes ancêtres, il me manque ; mais lorsque je suis à la maison, je pense à nouveau aux voyages.	11908180	Als ik niet in het land van mijn voorouders ben, mis ik het; maar als ik thuis ben, denk ik weer aan reizen.
9026465	Je veux travailler à la librairie.	11908183	Ik wil in de boekhandel werken.
7524559	Cette association a stérilisé les chats du quartier.	11908184	Deze vereniging steriliseerde de buurtkatten.
7524556	Passer un coup de fil est de plus en plus rare, on préfère les sms.	11908186	Bellen wordt steeds zeldzamer, we geven de voorkeur aan sms'en.
7524432	Mon rêve est de devenir professeur d'université.	11908189	Mijn droom is om universitair docent te worden.
5167125	Les documents sous scellé se trouvent chez le notaire.	11908191	De verzegelde documenten zijn bij de notaris.
5167114	L'amour fait des miracles.	11908193	Liefde doet wonderen.
5131860	Malgré la croissance de l'économie turque, l'inquiétude est grande.	11908194	Ondanks de groei van de Turkse economie is de zorg groot.
5131814	Les héritiers commencèrent à se quereller lors du partage de l'argent.	11908195	De erfgenamen begonnen ruzie te maken over de verdeling van het geld.
5131804	Pourquoi vous rigoler ?	11908196	Waarom ben je aan het lachen?
5127746	Pourquoi ne lui demandez-vous pas qu'elle vous pardonne ?	11908197	Waarom vraag je haar niet om je te vergeven?
5127737	Pourquoi ne lui demandez-vous pas de lui pardonner ?	11908198	Waarom vraag je hem niet om hem te vergeven?
5127709	Appréciez-vous le résultat ?	11908199	Vind je het resultaat leuk?
4751289	J'ai entendu du bruit dans la cuisine.	11908200	Ik hoorde een geluid in de keuken.
4749951	Toutes les araignées ne sont pas dangereuses pour l'homme.	11908201	Niet alle spinnen zijn gevaarlijk voor mensen.
4749938	Il me semble que Tom se trompe.	11908202	Het lijkt mij dat Tom ongelijk heeft.
11047265	Ils ne seront contents que quand nous allons tous mourir.	11908943	Ze zullen pas gelukkig zijn als we allemaal sterven.
9867100	Vous n'êtes pas partis à Ouarzazate ?	11908947	Ben je niet naar Ouarzazate geweest?
9867098	Comment il les a appelés ?	11908949	Hoe noemde hij ze?
9867096	Elle prendra du chocolat.	11908951	Ze zal chocolade nemen.
9867090	J'ai même commencé mon doctorat de 2013 jusqu'à 2018.	11908953	Ik ben zelfs begonnen met mijn doctoraat van 2013 tot 2018.
9867086	Vous ne voulez pas comprendre, vous êtes têtus.	11908955	Je wilt het niet begrijpen, je bent koppig.
9720976	En ces temps, il vaut mieux se taire.	11908961	In deze tijden is het beter om stil te zijn.
9720946	Il faut lâcher prise.	11908964	Je moet loslaten.
9720939	Il est parti avec sa famille à Tizi Ouzou.	11908966	Hij vertrok met zijn gezin naar Tizi Ouzou.
9720918	J'aime beaucoup comment tu parles !	11908967	Ik vind het echt leuk hoe je praat!
9720905	Tom peut te l'acheter.	11908969	Tom kan het voor je kopen.
9720900	On n'a pas fui à Tizi n Barber.	11908970	We zijn niet naar Tizi n Barber gevlucht.
9720876	Depuis quand il les connait ?	11908972	Sinds wanneer kent hij ze?
4854886	Où est ta maison ?	11908974	Waar is je huis?
11899396	Tom piétine.	11918625	Tom maakt geen vooruitgang.
11899396	Tom piétine.	11918627	Tom staat ter plaatse te trappelen.
11911629	La fin ne justifie pas les moyens.	11925500	Het doel heiligt de middelen niet.
967961	Je devine juste neuf fois sur dix.	11927092	Ik denk dat ik negen van de tien keer gelijk heb.
488606	Elle le savait grâce à son sixième sens.	11928049	Dat wist ze door haar zesde zintuig.
11624917	Tout le monde était fatigué.	11938136	Iedereen was moe.
1532544	Dick a l'intention d'y aller seul.	11953293	Dick is van plan daar alleen naartoe te gaan.
10543309	Le café est bientôt prêt.	11966270	De koffie is zo klaar.
7701406	Ça fait terriblement mal !	11984089	Het doet vreselijk pijn!
8640799	Toutes ces ruches lui appartiennent.	12043166	Al die korven zijn van hem.
8640799	Toutes ces ruches lui appartiennent.	12043167	Al die korven zijn van haar.
12044944	Rosa est restée à la maison.	12044974	Rosa is thuis gebleven.
7698559	Vos enfants seront baptisés demain.	12045191	Jullie kinderen zullen morgen worden gedoopt.
7698559	Vos enfants seront baptisés demain.	12045193	Jouw kinderen zullen morgen worden gedoopt.
8669869	J'en sais déjà assez long sur vous.	12048719	Ik weet al aardig wat over je.
8593840	Nous sommes en plein Sabbat.	12072468	We zitten midden in de sabbat.
2316918	Marie a pris un jour de congé.	12092294	Maria heeft een dag vakantie genomen.
6388694	Laisse-moi, je peux y arriver seul.	12095307	Laat me, ik kan het wel alleen.
2860099	Rien de cela n'est réel.	12095327	Niets hiervan is reëel.
2860099	Rien de cela n'est réel.	12095328	Niets hiervan is echt.
12104977	C'est une situation perdant-perdant.	12104979	Het is een verlies-verlies situatie.
4320414	Qu’est-ce qu’on s’ennuie…	12109594	Wat saai zeg...
2382348	Vous analysiez les résultats.	12109618	Jij analyseerde de resultaten.
2705219	Vous savez qui je suis.	12109620	Jij weet wie ik ben.
1199167	Je ne veux plus te connaître.	12116348	Ik wil je niet meer kennen.
8348906	Mon fils doit acheter un livre.	12122124	Mijn zoon moet een boek kopen.
6447497	Tom est visiblement occupé.	12122127	Tom heeft het duidelijk druk.
10512140	Appuyez sur Entrée.	12125398	Druk op „Enter”.
1402891	Ton discours était loin d'être satisfaisant.	12127390	Jouw lezing was helemaal niet bevredigend.
12125798	Est-ce que vous nagez dans le lac ?	12127401	Zwemt u in het meer?
2321809	Il est en train de tondre sa pelouse.	12127487	Hij is zijn gras aan het maaien.
12131893	Au nom du Père, et du Fils, et du Saint-Esprit.	12131909	In de naam van de Vader, en van de Zoon, en van de Heilige Geest.
335173	Il a avalé du détergent par erreur.	12132545	Hij dronk per ongeluk wasmiddel op.
335173	Il a avalé du détergent par erreur.	12132546	Hij dronk per ongeluk detergent op.
12137275	L’existentialisme est un humanisme.	12137289	Het existentialisme is een humanisme.
237163	Nous avons semé des légumes dans le champ.	12137427	We hebben groenten op het veld gezaaid.
11700813	Je doute de la véracité de sa déclaration.	12146538	Ik twijfel aan de waarheid van zijn verklaring.
8982328	À l'attaque !	12149883	Ten aanval!
548972	On ne voit bien qu'avec le cœur. L'essentiel est invisible pour les yeux.	12160329	Je kunt alleen helder zien met je hart. Wat essentieel is, is onzichtbaar voor het oog.
12160726	Il a la rougeole.	12162754	Hij heeft mazelen.
12164470	Il faut aider Thomas.	12165037	We moeten Tom helpen.
12171154	Je n'aime pas traduire de longues phrases.	12171987	Ik hou er niet van om lange zinnen te vertalen.
12175996	Tu sais que Thomas a un frère jumeau ?	12176027	Weet je dat Thomas een tweelingbroer heeft?
12190480	Il est tombé de la chaise en changeant l'ampoule.	12190521	Hij viel van de stoel tijdens het vervangen van de lamp.
12190727	Vous appelleriez les pompiers pour sauver une fourmi ?	12190771	Zou jij de brandweer bellen om een ​​mier te redden?
12193951	Marie est devenue une fille très charmante. Elle est brune et a les yeux verts comme sa mère.	12193999	Marie is een heel charmant meisje geworden. Ze is brunette en heeft groene ogen, net als haar moeder.
12197386	On a livré ces fleurs à la mauvaise adresse.	12197450	Deze bloemen zijn op het verkeerde adres afgeleverd.
12200403	Les chauves-souris sont des animaux qui volent la nuit et qui dorment parfois dans des grottes.	12200416	Vleermuizen zijn dieren die 's nachts vliegen en soms in grotten slapen.
12200521	L'âne a adoré les laitues que tu lui as données.	12200563	De ezel hield van de sla die je hem gaf.
12200639	Marina fait pousser des roses rares.	12200668	Marina kweekt zeldzame rozen.
12203222	Ils peuvent faire leurs activités de plein air dans le parc, à l'ombre des grands arbres.	12203233	Ze kunnen hun buitenactiviteiten doen in het park, in de schaduw van de grote bomen.
12203238	On a planté des fleurs de toutes les couleurs dans notre jardin.	12203262	We plantten bloemen in alle kleuren in onze tuin.
12203602	Je suis sûr que tu as trouvé ces pierres près du lac où nous nous sommes baignés.	12203669	Ik weet zeker dat je deze stenen hebt gevonden bij het meer waar we hebben gebaad.
12210771	J'ai entendu un bruit de frein.	12210800	Ik hoorde een remgeluid.
12214455	J'ai sommeil, d'ailleurs il est tard.	12214506	Ik heb slaap, en bovendien is het laat.
11452927	Méfiez-vous des traducteurs automatiques.	12220092	Vertrouw niet op automatische vertalers.
12236223	Tu peux me déposer devant chez moi ?	12236251	Kunt u mij voor mijn huis afzetten?
12240741	Il ne voyait sa petite amie que le dimanche.	12240785	Hij zag zijn vriendin alleen op zondag.
12243593	Les enfants ont beaucoup grandi ces derniers mois.	12243889	De kinderen zijn de afgelopen maanden enorm gegroeid.
12248275	La viande est moins sèche quand on la fait cuire au four à basse température.	12248295	Vlees is minder droog als het op lage temperaturen in de oven wordt bereid.
6579681	Tom ne va pas rester longtemps.	12263815	Tom blijft niet lang.
11859239	C'est à nous d'écrire l'histoire.	12284046	Het is aan ons om geschiedenis te schrijven.
1703681	Mon mari va me tuer.	12310983	Mijn man gaat mij vermoorden.
3803979	C'est une chose normale.	12310985	Het is iets normaal.
7463512	Nous aimons Tom tous deux.	12310986	We houden allebei van Tom.
7549460	Tom a été obligé de retourner à l'école.	12310991	Tom was verplicht om terug naar school te gaan.
5208437	Nous vivons à l'époque de l’énergie nucléaire.	12310995	We leven in de tijd van de nucleaire energie.
940004	Elle va rendre visite à sa grand-mère samedi.	12311000	Ze gaat zaterdag haar grootmoeder bezoeken.
1650844	Ai-je dit quelque chose qu'il ne fallait pas ?	12311001	Heb ik iets gezegd dat niet kan?
11956146	Pourquoi Tom a-t-il peur de parler avec Marie ?	12311036	Waarom heeft Tom schrik om met Marie te praten?
11956195	Je ne pensais pas que Tom était impartial.	12311038	Ik dacht niet dat Tom onpartijdig was.
12298809	Penses-tu que j'aie raison ?	12311041	Denk je dat ik gelijk heb?
6394429	Tom te fait signe, il faut que tu y ailles !	12311045	Tom zwaait naar je, je moet gaan!
10498579	Quelle est la distance entre ici et là-bas ?	12311046	Hoe ver is het van hier naar daar?
5887749	Il m'a aidé à étudier le japonais.	12311048	Hij heeft me geholpen met Japans te leren.
9235462	Ce n'est pas possible pour moi.	12311051	Het is niet mogelijk voor mij.
7009977	Buvez un verre d'eau avant chaque repas.	12311054	Drink een glas water voor elke maaltijd.
5351451	Le garage de Tom est rempli de choses qu'il n'utilise jamais.	12311058	De garage van Tom is gevuld met dingen die hij nooit gebruikt.
1901343	Le renard glapit.	12311145	De vos krijst.
11851850	J'ai vu un renard.	12311147	Ik heb een vos gezien.
12168337	Le renard roux est dangereux.	12311148	De rode vos is gevaarlijk.
1108794	Elle est rusée comme un renard.	12311150	Ze is sluw als een vos.
4954110	Le renard a mangé une poule.	12311154	De vos heeft een kip gegeten.
6329964	Le renard mange de la viande.	12311156	De vos eet vlees.
7290958	Le renard polaire vit en Arctique.	12311157	De poolvos leeft in het noordpoolgebied.
12311516	Dieu est un éléphant.	12311665	God is een olifant.
8312937	Cette peluche est verte.	12314366	Deze knuffel is groen.
10476560	J'ai pris la peluche.	12314368	Ik nam de knuffel.
10068833	J'aime les ours en peluche.	12314371	Ik hou van knuffelberen.
1813024	J'ai beaucoup d'animaux en peluche.	12314372	Ik heb veel knuffeldiertjes.
8238417	Tom a perdu son ours en peluche.	12314374	Tom heeft zijn knuffelbeer verloren.
8744602	Il emmène sa peluche partout avec lui.	12314376	Hij neemt zijn knuffel overal mee naartoe.
11749908	Il a pris son ours en peluche dans ses bras.	12314379	Hij knuffelde zijn knuffel.
3226792	Tom s'endort presque toujours la nuit en faisant un câlin à son ours en peluche.	12314382	Tom valt bijna altijd knuffelend met zijn knuffelbeer in slaap.
457648	À qui appartient cette terre ?	12326484	Van wie is deze grond?
1186299	Il devait dîner avec nous, mais il est tombé malade soudainement.	12326490	Hij ging bij ons eten, maar plotseling werd hij ziek.
911454	C'est la chambre dans laquelle l'auteur s'est suicidée.	12326491	Dit is de kamer waar de auteur zelfmoord heeft gepleegd.
5616175	Tom et moi nous parlons généralement en français.	12326492	Tom en ik spreken normaal Frans tegen elkaar.
6478936	Sami acheta une bouteille de vin.	12326493	Sami kocht een fles wijn.
11828555	Je l'ai vexée sans le vouloir.	12333797	Ik heb haar beledigd zonder dat ik het bedoelde.
12342992	Demain, tu iras voir un médecin.	12345534	Morgen ga je naar een arts.
12325789	Il est facile de se perdre dans ce dédale de ruelles.	12345726	Het is gemakkelijk om te verdwalen in dit doolhof van steegjes.
10087840	Quelle journée pourrie !	12372919	Wat een rotdag!
5599793	Vous ne faisiez que votre devoir.	12377176	U deed gewoon uw plicht.
10729048	Est-ce que tu me reconnais ?	12380828	Herken je me?
10464061	Ziri a des amis.	12380829	Ziri heeft vrienden.
1924280	Je n'y arrive pas. C'est trop gros.	12380831	Het lukt me niet. Het is te groot.
8252912	Trouve quel est le problème.	12380833	Ontdek wat het probleem is.
10518354	Nous pourrions apprendre beaucoup les uns des autres.	12380834	We zouden veel van elkaar kunnen leren.
2911001	Tom était adoré par le peuple.	12380835	Tom was geliefd bij het volk.
2065974	Est-elle chauffeur de taxi ?	12380837	Is zij taxichauffeur?
12035165	Combien de jours est-ce que tu resteras ?	12380838	Hoeveel dagen blijf je?
8571743	On dit que les renards sont plus malins que les autres animaux.	12380840	Men zegt dat vossen slimmer zijn dan andere dieren.
2347769	Il me faut un Kleenex.	12382348	Ik heb een Kleenex nodig.
3591522	C'est la dernière chose que tu veux.	12382349	Dat is het laatste wat je wil.
139624	Je pense qu'il faut que tu y ailles en personne.	12382351	Ik denk dat je er in persoon naartoe moet gaan.
6456065	Je veux faire partie de la solution, pas du problème.	12382352	Ik wil deel uitmaken van de oplossing, niet van het probleem.
905961	À en juger par sa mine, il semble qu'il ait réussi.	12382359	Op basis van zijn gezichtsuitdrukking lijkt het me dat het hem gelukt is.
11633723	Je devrais être en train d'étudier.	12398204	Ik zou moeten aan het studeren zijn.
7763621	Je ne peux te laisser toute seule.	12404365	Ik kan je niet helemaal alleen laten.
10311304	Dix pour cent de la population ne travaillent pas.	12405451	Tien procent van de bevolking werkt niet.
12406457	Maja Keuc est une chanteuse slovène.	12406460	Maja Keuc is een Sloveense zangeres.
9754373	Il déteste Facebook.	12411078	Hij haat Facebook.
2949448	Il me fait penser à Gaston Lagaffe.	12418638	Hij doet me aan Guust Flater denken.
2965011	Il s'est fait alpaguer par les flics.	12418649	De politie kreeg hem te pakken.
1260644	Le flux et le reflux me font marrer.	12436436	De eb en vloed maken me aan het lachen.
2932335	C'est Michel qui conduisait la voiture.	12437141	Michiel reed met de auto.
9769877	Est-ce que c'était Tom qui t'avait dit ça ?	12451815	Heeft Tom je dat verteld?
3470378	Ne sois pas trop critique.	12481736	Wees niet te kritisch.
12481182	Ils sont retournés à la librairie.	12481739	Ze keerden terug naar de bibliotheek.
6322121	Tom croit tout savoir.	12492027	Tom gelooft dat hij alles weet.
6322121	Tom croit tout savoir.	12492028	Tom denkt alles te weten.
12493955	Je suis danseuse professionnelle.	12493991	Ik ben professioneel danseres.
7264940	Les élèves adorent chanter en classe.	12508434	De leerlingen houden ervan in de klas te zingen.
12527965	L'orvet fragile est ovovivipare.	12527974	De hazelworm is ovovivipaar.
12527965	L'orvet fragile est ovovivipare.	12527977	De hazelworm is eierlevendbarend.
872553	Je connais ton prénom.	12551683	Ik ken je voornaam.
8748387	Tu devrais y ajouter de la panure.	12554277	Je zou er paneermeel moeten aan toevoegen.
12557980	FEL annonce que la valeur du chèque cadeau de la boutique en ligne est désormais de vingt-cinq euros.	12557985	De Vlaamse Esperantobond deelt mee dat de waarde van de cadeaubon van de webwinkel voortaan 25 euro is.
12203268	Il a acheté une maison ancienne.	12564299	Hij kocht een oud huis.
128444	La plupart des femmes aiment faire du shopping.	12577162	De meeste vrouwen gaan graag winkelen.
10654489	Je sèche.	12588065	Ik ben stomverbaasd.
10968776	Bonne soirée.	12588069	Fijne avond.
7414808	Je ne sais pas pourquoi, mais souvent mes voisins sont de vrais imbéciles.	12594988	Ik weet niet waarom, maar mijn buren zijn vaak echte eikels.
12596010	Comment puis-je apprendre le slovaque ?	12596198	Hoe kan ik Slovaaks leren?
8313014	Le volet est resté ouvert.	12600688	Het luik is open gebleven.
119871	Mon père vient de sortir à l'instant.	12609477	Mijn vader is net buiten gegaan.
553657	Elle n'est pas du genre à dépenser tout son argent pour des vêtements.	12611775	Ze is niet zo dat ze al haar geld aan kleren uitgeeft.
5278481	Ils ne te paient pas assez.	12611779	Ze betalen jou niet genoeg.
12614122	Les Brésiliens ont découvert qu’ils avaient payé mille milliards de réaux d’impôts à leur gouvernement.	12614127	De Brazilianen ontdekten dat ze duizend miljard reals aan belastingen hadden betaald aan hun regering.
6640	Je suis professeur.	12617664	Ik ben een docent.
128929	Voilà notre professeur.	12617666	Daar is onze docent.
348547	Le professeur sourit.	12617668	De docent grijnsde.
545018	Elle est professeur.	12617670	Zij is docente.
968521	Tu es professeur.	12617671	Je bent docent.
2837170	Écoutez le professeur !	12617674	Luister naar de docent!
12655914	Il est dix heures et demie.	12655934	Het is half elf.
8940567	Où t'es-tu marié ?	12671494	Waar ben je getrouwd?
5659071	Je vous remercie, Capitaine Évidence.	12719446	Dank u, kapitein Evident.
12757583	Vous avez une maladie contagieuse.	12757591	U heeft een besmettelijke ziekte.
2197356	Nous devrons étudier chaque application au cas par cas.	12759178	We zullen elke aanvraag van geval tot geval moeten bekijken.
12266014	Le mauvais côté de la célébrité, c'est d'être scruté à la loupe.	12772327	Het nadeel van een beroemdheid te zijn, is onder de loep te liggen.
12771682	Il chante l'amour.	12772901	Hij zingt over de liefde.
12771745	Êtes-vous polyamoureux ?	12774130	Zijn jullie polyamoureus?
9762939	Elle est Poisson.	12781997	Zij is een Vis.
9762937	Il est Poisson.	12781998	Hij is een Vis.
2379927	Connaissez-vous l'adresse de nos amis de Liège?	12800104	Kent u het adres van onze Luikse vrienden?
11916960	Je me suis réveillé à côté d'une inconnue.	12829796	Ik werd wakker naast een onbekende vrouw.
8666728	Il y a du poisson.	12833171	Er is vis.
12838019	La plante meurt sans eau.	12838077	Zonder water sterft de plant.
4307158	Allez, tout le monde t'attend.	12848483	Kom op, iedereen wacht op je.
4307161	Allez, tout le monde vous attend.	12848485	Kom op, iedereen wacht op u.
7700061	Mon beau-fils sait jouer de la guitare électrique.	12856317	Mijn schoonzoon kan elektrische gitaar spelen.
6892353	Ce riz est trop safrané.	12860610	Er is te veel saffraan in die rijst.
1602079	Ce plan demande de la discrétion.	12890998	Dit plan vereist discretie.
129853	Les agriculteurs sont occupés dans les champs.	12904011	De boeren zijn druk aan het werk op het land.
9086216	Elle avait le droit de se plaindre.	12909698	Ze had het recht om te klagen.
129975	J'étais juste sur le point d'écrire une lettre quand il rentra à la maison.	12910485	Ik stond net op het punt een brief schrijven, toen hij thuiskwam.
11764913	Le contrat a été signé.	12913649	Het contract werd ondertekend.
10280768	Tout le monde aime le lait au chocolat.	12924342	Iedereen houdt van chocolademelk.
10798021	Je te connais très bien.	12934853	Ik ken je heel goed.
12181715	Attention, le thé est bien chaud.	12934856	Opgepast, de thee is heel warm.
10494702	Il n'y est plus.	12934857	Het is hier niet meer.
415500	Prends ce que tu veux.	12934860	Neem wat je maar wilt.
10208379	Ce que vous dites là est profondément vrai.	12934865	Wat je zegt is zeker waar.
5463727	Nous n'avons pas besoin d'aller là-bas.	12934866	We moeten daar niet naartoe gaan.
12052516	Il étudie les girafes.	12934867	Hij onderzoekt giraffen.
2799391	En général, les femmes sont meilleures en langue que les hommes.	12934869	Over het algemeen zijn meisjes beter in talen dan jongens.
2126527	Elle allume des bougies dans sa chambre.	12934872	Ze steekt kaarsen aan in haar kamer.
8457471	La semaine prochaine, je me rendrais au sud-ouest du pays.	12934878	Volgende week zou ik naar het zuidwesten van het land gaan.
12953075	La vie ne donne pas de cadeaux.	12953724	Het leven geeft geen geschenken.
9723454	Ces asperges sont délicieuses.	12961324	Deze asperges zijn heerlijk.
546613	Le chien m'a mordu la main.	12962186	De hond heeft me in mijn hand gebeten.
12963380	Charlie Hebdo est un journal satirique, laïque, politique et joyeux.	12963388	Charlie Hebdo is een satirische, seculiere, politieke en vrolijke krant.
11526640	Je m'en vais, mais l'État demeurera toujours.	12966139	Ik vertrek, maar de staat zal altijd blijven bestaan.
12969343	Les États-Unis d'Amérique du Nord vont-ils envahir le Panama ?	12970432	Zullen de Verenigde Staten van Amerika Panama binnenvallen?
4678764	J'en déciderai.	12982366	Ik zal erover beslissen.
12985612	Péché avoué est à demi pardonné.	12985630	Een beleden zonde is half vergeven.
10343857	Je n'ai pas peur des flics.	12990893	Ik ben niet bang voor flikken.
1151776	Lorsque je lui rappelle ses devoirs, il file à l'anglaise.	12992183	Wanneer ik hem aan zijn plichten herinner, dan gaat hij er stilletjes vandoor.
12993932	Quel triste jour pour notre pauvre planète !	12993941	Wat een trieste dag voor onze arme planeet!
11922996	Tu es trop lourd pour que je te porte.	12996499	Je bent te zwaar om te dragen.
136640	Ils étaient à bord du même avion.	13015977	Zij waren aan boord van hetzelfde vliegtuig.
11596219	Je ne suis pas la seule Canadienne ici.	13015991	Ik ben niet de enige Canadese hier.
3451925	Quand avez-vous achevé d'écrire le rapport?	13016169	Wanneer was u klaar met het schrijven van het verslag?
4399818	Je la recommande vivement.	13016241	Ik beveel haar van harte aan.
2046060	Je n'ai jamais voulu te faire de mal.	13017865	Ik wou je nooit pijn doen.
13036149	Dans chaque mal on peut toujours trouver du bien.	13037285	In elk kwaad kan men altijd iets goeds vinden.
1634056	On a sonné à ma porte cette nuit.	13042886	Er werd vannacht bij mij gebeld.
9704688	Avez-vous ajouté autre chose ?	13044310	Heb je nog iets anders toegevoegd?
8644232	Il vadrouille dans les rues.	13045281	Hij dwaalt door de straten.
13050656	J’obéis aux vouloirs d’une fille aux yeux pers.	13050749	Ik gehoorzaam de wensen van een meisje met blauwgroene ogen.
13057031	Ils ne font que parler.	13058774	Ze praten alleen maar.
12749500	L'amitié est un soutien dans les moments difficiles.	13064668	Vriendschap is een steun in moeilijke tijden.
3249834	Je ne viens pas en ennemi, mais en ami.	13089294	Ik kom niet als vijand, maar als vriend.
4963562	Comment s'appelle ton fils ?	13093118	Hoe heet je zoon?
4963562	Comment s'appelle ton fils ?	13093119	Hoe heet jouw zoon?
13099939	Les ours aiment les baies.	13100517	Beren houden van bessen.
13100803	La grive se nourrit de baies.	13100811	De lijster voedt zich met bessen.
128100	Un accident vient tout juste d'arriver.	13101637	Er deed zich juist een ongeval voor.
3346888	Je ne pensais plus qu'à ça.	13112384	Ik dacht aan niets anders.
12751411	La vapeur sort de la marmite.	13115483	Er komt stoom uit de pan.
13116606	Qui a dit ça ? Tom ?	13116625	"Wie heeft dat gezegd?" "Tom?"
11700837	On peut se tromper.	13123892	Men kan zich vergissen.
9950570	C'est un frelon et non pas une abeille.	13124545	Het is een horzel, geen bij.
1644516	C'est un scientifique que tout le monde respecte.	13125787	Hij is een wetenschapper die door iedereen wordt gerespecteerd.
2565652	J'espère que vous pouvez me pardonner.	13140613	Ik hoop dat u me kunt vergeven.
8085879	Je vous rappellerai dans une heure.	13144221	Ik bel u over een uur terug.
2531710	Vous devez montrer votre passeport.	13144260	U moet uw paspoort tonen.
5185572	Tu dois montrer ton passeport.	13144262	Je moet je paspoort tonen.
511294	Je cherche mon stylo.	13148875	Ik zoek mijn balpen.
2229348	Quiconque vient-il à part vos amis ?	13149328	Komt er nog iemand anders behalve uw vrienden?
11601585	Je suis allé à beaucoup d'endroits en Australie.	13150272	Ik ben op veel plaatsen in Australië geweest.
12849377	J'ai lu ce roman auparavant.	13150293	Ik heb deze roman eerder gelezen.
4049501	Pensez-vous que nous avons une chance de gagner?	13157324	Denkt u dat we een kans hebben om te winnen?
6573096	Puis-je emprunter votre tondeuse à gazon ?	13164363	Mag ik uw grasmachine lenen?
6573096	Puis-je emprunter votre tondeuse à gazon ?	13164364	Mag ik uw grasmaaimachine lenen?
6573095	Puis-je emprunter ta tondeuse à gazon ?	13164366	Mag ik je grasmaaimachine lenen?
13164819	Elles te l'ont donnée.	13164826	Ze hebben het je gegeven.
7794825	Je vous ai toujours considéré comme un ami.	13169657	Ik heb u altijd als een vriend beschouwd.
13175147	Tom se croit plus malin que la police.	13175415	Tom denk dat hij gewiekster is dan de politie.
4610348	Il est fort malin.	13175420	Hij is erg uitgekookt.
4610348	Il est fort malin.	13175421	Hij is erg gewiekst.
13175452	Il aime plaisanter avec moi.	13175461	Hij maakt graag grapjes met me.
2354985	Ne la fermes-tu jamais ?	13175467	Hou jij nooit je mond?
11784654	Tom a été tué par un tueur à gages.	13175540	Tom is door een huurmoordenaar om het leven gebracht.
13187734	Je te l'ai gardée.	13187739	Ik heb het voor jou bewaard.
4561910	Rien de ceci n'est de ta faute.	13190144	Niets van dit alles is jouw fout.
10760638	Il y a une pénurie de phrases comportant le mot « pénurie » sur Tatoeba.	13192958	Er is bij Tatoeba een gebrek aan zinnen met het woord „gebrek”.
5240687	Nous sommes là-bas.	13193608	Wij zijn daar.
3006572	Je peux être là dans une heure.	13198866	Ik kan daar binnen een uur zijn.
7703501	Dès que j'aurai fini mon travail, je reviendrai.	13200253	Ik kom terug zodra ik klaar ben met werken.
5644334	Il n'y a pas de place pour la romance dans ma vie.	13201973	Er is geen plaats voor romances in mijn leven.
1663784	Garde tes mains dans les poches !	13204423	Handen thuis!
7280986	Il a essuyé ses larmes et s’est assis.	13213167	Hij veegde zijn tranen weg en ging zitten.
11806180	Croyez-vous que Tom sache que Manon s'est mariée ?	13225674	Denkt u dat Tom weet dat Maria gehuwd is?
5963231	Je parie qu'il acceptera ta proposition.	13238610	Ik wed dat hij je voorstel zal aanvaarden.
5963235	Je parie qu'il acceptera votre suggestion.	13238612	Ik wed dat hij uw voorstel zal aanvaarden.
9556012	C'est moi qui commande, ici !	13238793	Ik ben het hier die de bevelen geeft!
12602	Je viens de le rencontrer.	13238850	Ik heb hem net ontmoet.
12624271	Je ne suis pas sûr de suivre.	13253000	Ik ben niet zeker of ik wel kan volgen.
12130280	Prenez vos places !	13259929	Neem uw plaatsen!
13262613	Une langue est un grand trésor qu'il ne faut pas perdre.	13262739	Een taal is een grote schat die niet verloren mag gaan.
13267067	Je t'ai toujours considérée comme une sœur.	13267089	Ik heb je altijd als een zus beschouwd.
15684	Père arrose les fleurs.	13268048	Vader geeft de bloemen water.
13270290	La victoire appartient au plus opiniâtre.	13270326	De overwinning is voor de koppigste.
11383476	Les sans-abri ont le droit de dormir.	13270429	Daklozen hebben het recht op een slaapplaats.
13270401	Une mouche est tombée dans ma tasse de café.	13270433	Er is een vlieg in mijn kop koffie gevallen.
13272749	Il y a du poulet dans le réfrigérateur.	13272751	Er is kip in de koelkast.
5802297	Tom possède trois millions de dollars à la banque.	13272766	Tom bezit drie miljoen dollar op de bank.
13277140	Est-ce qu'elle ne me suivra pas ?	13277148	Gaat ze me niet volgen?
13279837	Ce médicament agit rapidement.	13279848	Dat geneesmiddel werkt vlug.
6086515	C'est absolument contre-productif.	13281945	Dat is volledig contraproductief.
2200635	Il m'a attrapé les seins.	13282175	Hij heeft mijn borsten vastgepakt.
11633882	Je n'ai jamais vu votre grand-père ici.	13282186	Ik heb je opa hier nog nooit gezien.
3346462	Qu'est-il arrivé à votre autre voiture?	13285323	Wat is er met uw andere auto gebeurd?
4646025	On apprend en faillant.	13287031	Je leert bij vallen en opstaan.
6525793	Mary va avoir un bébé en octobre.	13287045	In oktober krijgt Maria een baby.
10642010	Que feras-tu cette nuit ?	13300087	Wat doe je vannacht?
2076037	Elle ne fait pas la sieste.	13300097	Zij doet geen dutje.
1706690	Une tempête de poussière s'approche.	13303545	Er is een zandstorm op komst.
9803000	Il s'intéresse à la musique, n'est-ce pas ?	13305921	Hij interesseert zich voor muziek, niet?
11594007	Arrête, sérieusement.	13306360	Hou op, serieus.
11460053	Partons demain.	13306361	Laten we morgen vertrekken.
11443741	Quel bouffon !	13306364	Wat een lolbroek!
1226025	C'est là que gît le lièvre !	13307571	Daar ligt het kalf gebonden!
11214460	Vendons-le.	13307897	Laten we het verkopen.
10654922	Quelle arnaque !	13311016	Wat een afzetterij!
6201096	Tom muera.	13311018	Tom zal afvallen.
11595372	J'étais pauvre.	13311019	Ik was arm.
8704857	Il s'est jeté dans un puits.	13311064	Hij gooide zichzelf in een put.
12203008	As-tu besoin d'un hôtel ?	13311078	Heb je een hotel nodig?
12203011	Avez-vous besoin d'un hôtel ?	13311079	Heeft u een hotel nodig?
8741464	Il t'a fait un devis ?	13311177	Heeft hij je een schatting gegeven?
10938006	Grâce à votre aide, j'ai réussi.	13314180	Dank zij uw hulp ben ik geslaagd.
6206407	Boston est une belle ville. J'aimerais la visiter une nouvelle fois.	13317234	Boston is een mooie stad. Ik zou er graag nog eens naartoe gaan.
3388171	Il invita également les voisins à sa fête d'anniversaire.	13317252	Hij nodigde ook de buren uit voor zijn verjaardagsfeestje.
11594119	Voyons en détail.	13319029	Laten we het eens nader bekijken.
11594115	Tom est radin.	13319031	Tom is een gierigaard.
11583325	Vous serez déçue.	13320777	U zult teleurgesteld zijn.
8676732	Il a une belle maison à Annecy.	13321583	Hij heeft een mooi huis in Annecy.
13320131	Il a dit qu'il avait été élevé en Tunisie.	13321939	Hij zei dat hij was opgegroeid in Tunesië.
11506005	Tom tremble encore.	13323617	Tom trilt nog steeds.
11494956	Tom est Poissons.	13323618	Tom is een Vis.
13323772	Les femmes sont aussi des êtres humains.	13323779	Vrouwen zijn ook mensen.
13320545	Il a beaucoup de chance.	13324423	Hij heeft veel geluk.
11483083	Maintenant, sois raisonnable.	13327306	Wees nu verstandig.
13327316	Ils sont très forts pour semer le doute.	13327323	Ze zijn heel sterk in twijfels rondzaaien.
13332383	Vas te brosser les dents !	13332388	Ga je tanden poetsen!
338658	Quelles étaient les prévisions météorologiques ?	13343362	Hoe waren de weersvoorspellingen?
13345154	Moi aussi j'ai vécu à Hambourg.	13345159	Ook ik heb in Hamburg gewoond.
8663063	Il suit des cours de catéchisme chaque mercredi après-midi.	13345738	Hij volgt iedere woensdagmiddag catechismusles.
13346240	Je ne savais pas que Tom était un pirate.	13346241	Ik wist niet dat Tom een piraat was.
12687174	Pourquoi n'avez-vous pas vendu l'échelle ?	13347606	Waarom heeft u de ladder niet verkocht?
139632	Mon souhait a enfin été exaucé.	13347678	Mijn wens werd eindelijk vervuld.
6322861	Je pense qu'elle se sent seule.	13347716	Ik denk dat ze zich eenzaam voelt.
6630964	Personne n'a la réponse.	13347828	Niemand heeft het antwoord.
13356081	Le racisme est un virus.	13356140	Racisme is een virus.
13356704	C'est à faire maintenant ou jamais.	13356708	Het is nu of nooit.
5298108	Jean regarde tes tulipes.	13357598	Jean kijkt naar je tulpen.
1544559	Ma grand-mère est devenue vieille.	13357981	Mijn grootmoeder is oud geworden.
13358088	Je veux une tortue.	13358098	Ik wil een schildpad.
13360563	Une table pour deux, s'il vous plaît.	13360564	Een tafel voor twee, alstublieft.
13355006	Il a attaché son cheval.	13365534	Hij heeft zijn paard vastgebonden.
11241878	Ils ont brûlé des oliviers centenaires.	13365882	Ze hebben eeuwenoude olijfbomen in brand gestoken.
10619944	J'ai mes propres raisons d'apprendre le français.	13368593	Ik heb mijn eigen redenen om Frans te leren.
13372112	Je me sentais complètement seul.	13372117	Ik voelde me helemaal alleen.
6548483	Marie peignait ses longs cheveux devant son miroir.	13373455	Maria kamde haar lange haar voor haar spiegel.
13392935	Aimez-vous les dinosaures ?	13392996	Hou jij van dinosaurussen?
3816445	Qu'est-ce qui te mène ?	13398024	Wat drijft je?
13401441	Je n'ai jamais demandé à Tom de travailler le dimanche.	13404452	Ik heb Tom nog nooit gevraagd om zondags te werken.
