4614	Non ne voglio più.	338328	Ich möchte es nicht mehr.
4662	Il film è cominciato alle 2.	338791	Der Film hat um 2 Uhr angefangen.
341618	Karin è austriaca.	341619	Karin ist Österreicherin.
341626	La Torre Pendente di Pisa è più alta della chiesa.	341627	Der schiefe Turm von Pisa ist höher als die Kirche.
341628	Perché non gli portiamo una bottiglia di vino?	341629	Wieso bringen wir ihm nicht eine Flasche Wein mit?
341630	Ho molti amici.	341631	Ich habe viele Freunde.
341640	Tu cerchi la tua chiave.	341641	Du suchst deinen Schlüssel.
341643	Stasera andiamo a ballare.	341644	Heute Abend gehen wir tanzen.
341645	Diecimila più cinquemilacinquecento fa quindicimilacinquecento.	341646	Zehntausend plus fünftausendfünfhundert macht fünfzehntausendfünfhundert.
341655	Non devi mangiare troppi gelati e troppi spaghetti.	341656	Du darfst nicht zu viel Eis und zu viele Spaghetti essen.
351122	Non abbiamo scuola oggi.	351127	Wir haben heute keine Schule.
351161	Mi piace andare in treno.	351165	Ich fahre gerne Zug.
350849	Sa parlare bene lo spagnolo.	353315	Sie spricht gut Spanisch.
379771	Il calore è una forma di energia.	379840	Wärme ist eine Energieform.
382393	Non ha ancora risposto alla mia lettera.	382527	Er hat noch nicht auf meinen Brief geantwortet.
399705	Questo non è il tuo libro, ma è il mio libro.	399769	Das ist nicht dein Buch, sondern meins.
399995	Sono i miei compagni di classe.	400006	Das sind meine Klassenkameraden.
380637	Tua madre deve essere stata bellissima quando era giovane.	408683	Deine Mutter muss schön gewesen sein, als sie jung war.
409636	È perché la velocità della luce è superiore a quella del suono che alcune persone sembrano brillanti prima di suonare stupide.	409642	Da die Lichtgeschwindigkeit höher ist als die Schallgeschwindigkeit, sehen einige Leute brillant aus, bevor sie dumm klingen.
409379	A fine marzo ci sposeremo.	413155	Ende März werden wir uns ehelichen.
350370	Come da tua richiesta, allego una mia foto.	413156	Wie von dir erbeten, lege ich ein Bild von mir bei.
353434	Potresti prestarmi il libro?	413157	Würdest du mir das Buch leihen?
373856	Usiamo il dizionario per trovare il significato delle parole.	413158	Wir verwenden ein Wörterbuch, um die Bedeutung von Wörtern herauszufinden.
378562	Chi ha scritto queste due lettere?	413159	Wer hat diese beiden Briefe geschrieben?
386319	Sono cugini, se ricordo bene.	413160	Sie sind Vettern, wenn ich mich recht entsinne.
350843	Fammi sapere il tuo nuovo indirizzo.	413161	Teile mir deine neue Adresse mit.
383007	Scusi, chi è questa signora?	413162	Entschuldigen Sie, wer ist diese Frau?
382931	Tu non sai quanto tu ci abbia fatto soffrire.	413163	Dir ist nicht klar, wie sehr du uns hast leiden lassen.
395943	Non ti preoccupare per me.	413164	Sorg dich nicht um mich.
378876	La tua torta è deliziosa.	413165	Dein Kuchen ist köstlich.
388065	Amy fece uno sforzo per alzarsi.	413166	Amy strengte sich an aufzustehen.
380871	Sono bravo a cantare.	413167	Ich kann gut singen.
4632	Ieri ci siamo divertiti.	413168	Gestern haben wir uns prächtig unterhalten.
350587	Non ho niente a che fare con ciò.	413170	Ich habe nichts damit zu tun.
399820	Ho tre cugini da parte di mia madre.	413171	Ich habe drei Vettern mütterlicherseits.
399992	Ha chiamato il suo cane Popeye.	413172	Er taufte seinen Hund "Popeye".
374609	Quanto costa questa radio?	413173	Was kostet dieses Radio?
382136	Mi ha obbligato a farlo.	413649	Sie hat mich gezwungen, es zu tun.
374107	Cosa ne pensi del suo comportamento?	413756	Was hältst du von seinem Verhalten?
374433	Sono di Tokyo.	413757	Ich komme aus Tokio.
350928	Il capo ci ordinò di lavorare da mattina a sera.	413759	Der Chef hat uns von morgens bis abends arbeiten lassen.
380642	C'è un ospedale qui vicino?	413761	Gibt es hier in der Nähe ein Krankenhaus?
410258	Tom mi ha aiutato nel trasloco.	413773	Tom hat mir beim Umzug geholfen.
378814	Sì, certo.	413791	Ja, natürlich.
378692	Sembra un po' stanco.	413792	Er sieht etwas müde aus.
376690	Ci sono troppe cose da fare!	413793	Es gibt zu viel zu tun!
350762	Non mi piacciono i bambini viziati.	413795	Ich kann verzogene Kinder nicht leiden.
376707	Taro è morto due anni fa.	414303	Taro ist vor zwei Jahren gestorben.
387207	È facile per me leggere questo libro.	414305	Es ist einfach für mich, dieses Buch zu lesen.
377163	Mia madre non parla inglese.	414306	Meine Mutter spricht kein Englisch.
376643	Mi piacerebbe avere una macchina.	414307	Es wäre schön, wenn ich ein Auto hätte.
380356	Ho seguito l'esempio di mia madre.	414310	Ich bin dem Vorbild meiner Mutter gefolgt.
418576	Lei ha detto "grazie per il pasto" al cuoco.	418587	Sie sagte zum Koch: „Danke für die Mahlzeit!“
373520	Molti scienziati hanno la reputazione di essere eccentrici.	423244	Viele Wissenschaftler stehen im Ruf, exzentrisch zu sein.
427301	Questo ponte è di ferro.	427302	Diese Brücke ist aus Eisen.
430325	John suonava la chitarra e i suoi amici cantavano.	431667	John hat Gitarre gespielt und seine Freunde haben gesungen.
430324	Quale auto è la meno piena?	431670	Welches Auto ist am wenigsten voll?
430322	Diffondi l'esperanto!	431680	Verbreite Esperanto!
430321	Vi farò visitare la città.	431690	Ich werde euch die Stadt zeigen.
430320	Quando guardo questa foto mi ricordo della mia famiglia.	431693	Wenn ich dieses Foto sehe, erinnere ich mich an meine Familie.
430319	Se ami me, ama anche il mio cane.	431699	Wenn du mich liebst, liebe auch meinen Hund.
430318	Lui era troppo vecchio per nuotare.	431709	Er ist zu alt geworden, um zu schwimmen.
430317	Uno statunitense mi rivolse la parola in stazione.	431716	Ein Amerikaner hat mich im Bahnhof angesprochen.
381208	Si è lasciato con la sua ragazza, per questo prova spesso a suicidarsi.	431858	Er hat sich von seiner Freundin getrennt, deshalb versucht er oft, sich umzubringen.
381449	Mi mancherai.	431871	Du wirst mir fehlen.
412798	Lo proporrò come dirigente, che ti piaccia o no.	431883	Ich werde ihn als Vorsitzenden vorschlagen, ob es dir gefällt oder nicht.
357982	Quanti anni ha quel cane?	431884	Wie alt ist dieser Hund?
383033	Il calcio è il mio sport preferito.	431888	Fußball ist mein Lieblingssport.
353413	Se avessi più soldi, potrei traslocare in una casa più grande.	439317	Wenn ich mehr Geld hätte, könnte ich in eine größere Wohnung ziehen.
379756	Il Giappone ha relazioni diplomatiche con la Cina.	439333	Japan hat diplomatische Beziehungen mit China.
425752	Vado.	439365	Ich gehe.
374618	Non riesco a leggere senza occhiali.	439372	Ohne Brille kann ich nicht lesen.
439461	Marilyn Monroe è morta 33 anni fa.	439595	Marilyn Monroe starb vor 33 Jahren.
375116	Lui ha scritto una lettera.	443995	Er hat einen Brief geschrieben.
410815	Io studio all'estero.	443997	Ich studiere im Ausland.
350533	Fammi entrare.	444001	Lass mich herein.
390566	Sono arrivato a Toronto all'inizio del mese di giugno.	444008	Ich bin Anfang Juni in Toronto angekommen.
389758	Mi chiami domani alle nove.	444024	Ruf mich morgen um neun an!
424334	Oggi studieremo Charles Dickens.	444028	Heute werden wir uns mit Charles Dickens befassen.
380638	C'è una banca qua vicino?	444032	Gibt es eine Bank hier in der Nähe?
374539	Parla francese.	444036	Sie spricht Französisch.
395565	Mostrami il passaporto, per favore.	444041	Zeigen Sie mir bitte den Pass.
381198	Devo rinnovare il mio passaporto.	444043	Ich muss meinen Pass erneuern lassen.
399843	Lei adora i gatti.	444049	Sie liebt Katzen.
381920	Dubito che lei ti ami.	446048	Ich bezweifle, dass sie dich liebt.
409521	Kate sa come fare una torta.	446383	Katrin kann Kuchen backen.
377298	Posso aprire la finestra?	446603	Kann ich das Fenster öffnen?
448385	Insegno cinese.	448387	Ich unterrichte Chinesisch.
410947	Io e Tom siamo amici.	449657	Tom und ich sind Freunde.
374196	Ho sempre fame.	449874	Ich habe immer Hunger.
448306	Secondo me non è una buona idea.	449994	Meiner Meinung nach ist es keine gute Idee.
410944	Eri a casa ieri?	450212	Warst du gestern zu Hause?
441367	Non posso vivere senza di te.	450271	Ohne dich kann ich nicht leben.
377266	No, sono stanco.	451194	Nein, ich bin müde.
379323	L'elettricità è molto utile.	451196	Elektrizität ist sehr nützlich.
410977	Ho incontrato la tua ragazza.	451249	Ich habe deine Freundin getroffen.
376640	Posso avere questa arancia?	452056	Kann ich diese Orange haben?
427049	I ragni tessono delle tele.	452059	Spinnen weben Netze.
382195	Goro ha avuto la gentilezza di portarmi all'ospedale.	452088	Goro war so freundlich, mich ins Krankenhaus zu bringen.
350929	È andato in Svizzera.	452092	Er ist in die Schweiz gegangen.
374390	Sto finendo i compiti.	452096	Ich beende gerade die Hausaufgaben.
350842	Spiegò il motivo del suo ritardo.	452099	Sie erklärte den Grund für ihre Verspätung.
410249	John vive a New York.	477619	John lebt in New York.
383500	Perché no?	489749	Warum nicht?
503217	Muiriel mi ha promesso che se leggo tutto il libro "Il ritratto di Dorian Gray" in inglese, lei mi aiuterà con i miei compiti di matematica.	503250	Muiriel hat mir versprochen, dass sie mir mit meinen Mathematikhausaufgaben helfen wird, wenn ich das ganze Buch "Das Bildnis des Dorian Gray" auf Englisch lese.
503224	Fra tutti i bambini che ho conosciuto all'asilo, Allan è il più simpatico.	503276	Von allen Kindern, die ich im Kindergarten kennengelernt habe, ist Allan das netteste.
503587	Quando ero piccola ho pestato per sbaglio un lombrico.	504640	Als ich klein war, bin ich versehentlich auf einen Regenwurm getreten.
503582	Non dormo da giorni.	504641	Ich schlafe seit Tagen nicht.
503558	Personalmente, trovo il gelato alla stracciatella una combinazione poco riuscita.	504644	Ich persönlich finde Stracciatellaeis eine wenig gelungene Kombination.
509929	Mi chiamo Farshad.	509930	Ich heiße Farshad.
517925	Oggi ho conosciuto la mia nuova professoressa di filosofia.	518074	Heute lernte ich meine neue Philosophielehrerin kennen.
517927	Oggi ho conosciuto il mio nuovo professore di filosofia.	518076	Heute lernte ich meinen neuen Philosophielehrer kennen.
521400	La vita è come un viaggio.	521403	Das Leben ist wie eine Reise.
375230	Parlo bene il giapponese.	522486	Ich spreche gut Japanisch.
409652	Sua moglie è francese.	522489	Seine Ehefrau ist Französin.
378126	Sono a casa.	522492	Ich bin zuhause.
378703	Ha pochi soldi.	522498	Er hat wenig Geld.
380198	È veramente un perfetto idiota.	522499	Er ist wirklich ein perfekter Idiot.
479733	Ho deciso di lasciare il lavoro alla fine di questo mese.	522500	Ich habe mich entschieden, zum Monatsende zu kündigen.
379523	Tony era felice.	522501	Tony war glücklich.
375678	Avevo fame e sete.	522503	Ich hatte Hunger und Durst.
540064	Sono stato invitato da un vecchio amico.	540405	Ich wurde von einem alten Freund eingeladen.
399297	La primavera è la stagione che mi piace di più.	543705	Meine Lieblingsjahreszeit ist der Frühling.
547099	Arricchirsi è l'antonimo di impoverirsi.	555774	Sich bereichern ist das Gegenteil von verarmen.
547094	Quella bambina è diventata una donna.	555775	Dieses Mädchen ist eine Frau geworden.
547094	Quella bambina è diventata una donna.	555781	Dieses Kind ist zur Frau geworden.
547395	Questa non è una frase.	555782	Das ist kein Satz.
548391	Devo aiutarlo a tutti i costi.	555783	Ich muss ihm unbedingt helfen.
548392	Devo aiutarla a tutti i costi.	555786	Ich muss ihr unbedingt helfen.
553326	Lui è povero.	555787	Er ist arm.
541735	Era vestita di nero.	555793	Sie trug Schwarz.
539212	Me lo ricordo bene.	555797	Ich erinnere mich gut daran.
539010	Non ti pare che i nostri politici siano tutti troppo vecchi?	555799	Meinst du nicht auch, dass unsere Politiker zu alt sind?
539005	Mi sarebbe piaciuto partire all'estero durante il liceo, ma i miei genitori non hanno voluto.	555803	Ich wäre gerne während dem Gymnasium ins Ausland gegangen, aber meine Eltern wollten das nicht.
539003	Forse dovrei finire quel libro.	555804	Vielleicht solltest du dieses Buch zu Ende lesen.
539001	L'orologio è in anticipo.	555805	Die Uhr geht vor.
538999	L'orologio è in ritardo.	555807	Die Uhr geht nach.
538994	Tutto lo zucchero è caduto a terra.	555809	Der ganze Zucker ist zu Boden gefallen.
538987	Il cacao può essere molto amaro.	555815	Kakao kann sehr bitter sein.
538985	Non ho finito di mangiare la mia mousse al cioccolato.	555816	Ich habe mein Schokoladenmousse noch nicht fertiggegessen.
538980	Gli ho promesso di tradurre tutta l'interfaccia.	555820	Ich habe ihm versprochen, das ganze Interface zu übersetzen.
538978	Gli ho augurato buon viaggio.	555821	Ich habe ihm eine gute Reise gewünscht.
538893	Javier diventò rosso.	555822	Javier wird rot.
538893	Javier diventò rosso.	555823	Javier errötet.
538891	Mio fratello è appena uscito.	555824	Mein Bruder ist gerade erst gegangen.
538890	Come sono stanco!	555825	Ich bin so müde!
538836	Tutti gli uomini devono morire.	555826	Jeder muss sterben.
537783	Ci sono molti terremoti in Giappone.	555830	In Japan gibt es viele Erdbeben.
535863	La tua risposta è giusta.	555833	Deine Antwort ist korrekt.
535851	La carne è andata a male per il caldo.	555840	Wegen der Hitze ist das Fleisch verdorben.
535839	La realtà può essere descritta, non conosciuta.	555843	Man kann die Wirklichkeit beschreiben, aber nicht kennen.
534278	Un gatto è sotto il tavolo.	555844	Unter dem Tisch ist eine Katze.
531537	L'unico animale che ride è l'uomo.	555846	Der Mensch ist das einzige Tier, das lacht.
531436	Approfittò dell'occasione per visitare il museo.	555847	Ich habe die Gelegenheit genutzt, um das Museum zu besuchen.
531416	Italo Calvino nacque nell'isola di Cuba nel 1923.	555848	Italo Calvino wurde 1923 auf der Insel Kuba geboren.
531402	Morì abbastanza giovane, aveva solo cinquantanove anni.	555850	Er ist ziemlich jung gestorben, er war erst 59 Jahre alt.
547079	La prima parte di questo libro è ambientata a Firenze.	555851	Der erste Teil dieses Buches ist in Florenz angesiedelt.
547078	In questo libro accadono molte coincidenze.	555852	In diesem Buch gibt es viele Zufälle.
547061	Siamo calciatori.	555853	Wir sind Fußballer.
544887	Ero invitato a pranzo.	555855	Ich war zum Mittagessen eingeladen.
538989	Vorrei avere una lista delle parole italiane che non sono ancora presenti nel corpus.	556027	Ich hätte gerne eine Liste der italienischen Wörter, die noch nicht im Korpus vorkommen.
448363	Il giudice lo ha condannato a morte.	556057	Der Richter hat ihn zum Tode verurteilt.
373855	Passami il sale, per favore.	557520	Reich mir das Salz, bitte.
373855	Passami il sale, per favore.	557523	Gib mir das Salz, bitte.
377230	Sentì il cane abbaiare.	557528	Er hat den Hund bellen hören.
388168	Che cosa fate nel tempo libero?	557534	Was macht ihr in der Freizeit?
392520	Oh, mio Dio!	557536	Oh, mein Gott!
401494	Le piacciono i compositori classici come Beethoven e Bach.	557542	Sie mag klassische Komponisten wie Beethoven und Bach.
380876	Potrebbe essere vantaggioso per me procedere in questo modo.	557548	Es könnte für mich vorteilhaft sein, so weiterzumachen.
486213	Sei così bella!	557550	Du bist so schön!
419158	Dove hai comprato quelle scarpe?	557551	Wo hast du diese Schuhe gekauft?
418597	Non dimenticarti di scrivermi.	557552	Vergiss nicht, mir zu schreiben!
547080	La seconda parte di questo libro è ambientata in Inghilterra.	558310	Der zweite Teil dieses Buches ist in England angesiedelt.
395267	Non c'è bisogno di piangere come un bambino.	562340	Es gibt keinen Grund, wie ein Kind zu heulen.
399290	Rispetto quelli che fanno sempre del loro meglio.	562352	Ich respektiere alle, die immer ihr bestes geben.
418471	In questa stanza è consentito fumare.	562353	In diesem Zimmer darf man rauchen.
374402	Penso che sia vero.	562355	Ich glaube, dass das stimmt.
350502	Possono vincere la propria paura.	562357	Sie können ihre Angst überwinden.
409372	È bello avere una famiglia.	562359	Es ist schön, eine Familie zu haben.
417501	Non hai alcun senso dell'orientamento.	562362	Du hast überhaupt keinen Orientierungssinn.
351016	Furono i primi a salire sul bus.	562365	Sie stiegen als Erste in den Bus ein.
382127	Ieri notte c'è stato un incendio nel supermercato.	562366	Letzte Nacht hat es im Supermarkt gebrannt.
384830	Le chiese sono segnate sulla mappa con una croce.	562368	Auf der Karte sind die Kirchen mit einem Kreuz eingezeichnet.
410220	Lui, in questa città, è più ricco di chiunque altro.	562371	Er ist reicher als jeder andere in dieser Stadt.
409446	Voglio saperne di più sul tuo paese.	562374	Ich möchte gern mehr über dein Land erfahren.
374492	Hai messo un francobollo sulla busta?	562376	Hast du eine Briefmarke auf den Umschlag geklebt?
350279	Cercherò di risolvere il problema ad ogni costo.	562378	Ich versuche, das Problem um jeden Preis zu lösen.
350279	Cercherò di risolvere il problema ad ogni costo.	562381	Ich versuche, das Problem auf jeden Fall zu lösen.
386328	Il Giappone è un bel paese.	562382	Japan ist ein schönes Land.
375030	Non c'era una nuvola in cielo.	562385	Der Himmel war wolkenlos.
350487	Ho trovato un vero affare.	564744	Ich habe ein echtes Schnäppchen gefunden.
428813	Quanto vale questo anello?	564745	Wie viel ist dieser Ring wert?
351128	Queste scarpe sono così strette che non riesco a mettermele.	564748	Diese Schuhe sind so eng, dass ich sie nicht anziehen kann.
350331	Meglio.	564751	Besser.
427967	Sono in buona salute.	564752	Ich bin bei guter Gesundheit.
569347	Non ho spento la luce.	569428	Ich habe das Licht nicht ausgemacht.
569343	Assomiglia molto al suo papà.	569430	Sie gleicht ihrem Vater sehr.
569342	Domani sarà nuvoloso.	569434	Morgen ist es bewölkt.
4681	Non sono d'accordo con lui.	569435	Ich bin nicht mit ihm einverstanden.
569337	Lunga vita all'imperatore!	569436	Lang lebe der Kaiser!
569334	Non ha molti amici.	569437	Er hat nicht viele Freunde.
397119	Ti piace cantare?	569439	Singst du gern?
569315	Cosa hai fatto durante le vacanze?	569443	Was hast du in den Ferien gemacht?
569313	Come vanno le cose sul lavoro?	569444	Wie läuft's bei der Arbeit?
569309	Penso solo a te.	569445	Ich denke nur an dich.
569292	Quanti amici hai?	569449	Wie viele Freunde hast du?
569289	Viva la Repubblica!	569450	Es lebe die Republik!
374048	Fra poco è il mio compleanno.	576331	Ich habe bald Geburtstag.
439888	Qui è tutto in ordine.	576337	Hier ist alles in Ordnung.
376573	Preferisco la primavera all'autunno.	576338	Ich mag den Frühling lieber als den Herbst.
374043	Il mio compleanno cade di domenica.	576340	Mein Geburtstag fällt auf einen Sonntag.
426127	Quel dipinto di Rembrandt è un capolavoro.	576342	Dieses Gemälde von Rembrandt ist ein Meisterwerk.
426196	Ken non voleva ascoltarmi.	576344	Ken wollte nicht auf mich hören.
376590	Questo uccello non può volare.	576345	Dieser Vogel kann nicht fliegen.
373831	Ci vediamo domenica alle tre.	578429	Wir sehen uns am Sonntag um drei.
350396	Non fece niente di male.	578430	Er hat nichts Böses getan.
350740	Non può aver detto una bugia.	578431	Er kann nicht gelogen haben.
387339	Deve essere americano.	578432	Er muss Amerikaner sein.
374206	Dov'è la galleria d'arte più vicina?	578433	Wo ist die nächste Kunstgalerie?
392459	Sai come si gioca a mah-jong?	578435	Weißt du, wie man Mah-Jong spielt?
350997	Quanti ragazzi ci sono in classe tua?	584056	Wie viele Jungen sind in deiner Klasse?
381867	Visto che non c'erano taxi, sono dovuto tornare a casa a piedi.	584057	Weil keine Taxis da waren, musste ich zu Fuß nach Hause zurückkehren.
380841	Penso che Delbert sia pazzo.	584060	Ich glaube, dass Delbert spinnt.
350909	La segretaria mise la lettera nella busta.	584061	Die Sekretärin steckte den Brief in den Umschlag.
401629	Karen è arrabbiata con me.	584064	Karen ist wütend auf mich.
384868	La Cina è il più grande paese dell'Asia.	584066	China ist das größte Land Asiens.
395563	I prodotti sono arrivati in buone condizioni.	584068	Die Waren sind in gutem Zustand eingetroffen.
524767	Alain ha preso una decisione.	584071	Alain hat eine Entscheidung getroffen.
350799	Mi dispiace averti fatto attendere a lungo.	584080	Es tut mir leid, dass ich dich lange warten ließ.
381889	Ho sentito un rumore dietro di me.	584081	Ich habe hinter mir ein Geräusch gehört.
375276	Vedete una barca all'orizzonte?	584084	Seht ihr ein Schiff am Horizont?
389497	Ti ringrazio dal profondo del mio cuore.	584088	Ich danke dir aus tiefstem Herzen.
373682	Vorrei una mappa della città.	584090	Ich hätte gern einen Stadtplan.
390627	Mi sono rotta la gamba.	584093	Ich habe das Bein gebrochen.
390672	Abbasso i politici corrotti.	584095	Nieder mit korrupten Politikern.
389703	L'autobus è in ritardo.	584098	Der Bus hat Verspätung.
521115	Sono a metà del libro, e questa prima parte mi è piaciuta molto.	584099	Ich bin in der Mitte des Buches und dieser erste Teil hat mir sehr gefallen.
382975	Hai già mangiato?	584104	Hast du schon gegessen?
390649	Sei già stato a Parigi?	584109	Warst du schon in Paris?
375333	Hai due fratelli.	584111	Du hast zwei Brüder.
350457	Mai avrei pensato di incontrarti qua.	584113	Ich hätte nie gedacht, dass ich dich hier treffe.
418771	Il che significa che la nostra percezione di qualunque situazione dipende solo in parte dai segnali sensoriali che riceviamo in quel momento.	584118	Was bedeutet, dass unsere Wahrnehmung jeder Situation nur zum Teil von den sensorischen Signalen abhängt, die wir im jeweiligen Moment empfangen.
418979	Con chi vuoi parlare?	584120	Mit wem willst du sprechen?
445209	Non ho mai sentito parlare di questa storia.	589878	Von dieser Geschichte habe ich noch nie gehört!
503161	Uno dei miei sogni è imparare l'islandese.	589879	Es ist einer meiner Träume, Isländisch zu lernen.
426483	Non ci sono molti clienti oggi.	589880	Es gibt heute nicht viel Kundschaft.
418446	"Ritorna qui!" gridò.	589881	"Komm zurück!", schrie er.
335153	Ho riso.	589882	Ich habe gelacht.
379541	Sembra triste.	589883	Sie sieht traurig aus.
416724	Il mio sogno è diventare un insegnante.	589885	Es ist mein Traum, Lehrer zu werden.
416724	Il mio sogno è diventare un insegnante.	589886	Ich träume davon, Lehrerin zu werden.
401628	La grammatica è una cosa molto difficile.	589887	Grammatik ist etwas sehr Schwieriges.
375236	Non posso vivere così.	589888	So kann ich nicht leben.
529505	Hai qualche obiezione per questo piano?	589889	Hast du irgendwelche Einwände gegen diesen Plan?
377733	È incinta di otto mesi.	589890	Sie ist im achten Monat schwanger.
376661	Preferirei prendere del tè che del caffè.	589891	Ich hätte lieber Tee als Kaffee.
521068	È veramente una buona idea.	592189	Das ist wirklich eine gute Idee.
418760	Il giornalismo consiste perlopiù nel dire "Lord Jones è morto" a persone che non hanno mai saputo che Lord Jones fosse vivo.	592193	Journalismus besteht größtenteils darin, Leuten Dinge wie "Lord Jones gestorben" mitzuteilen, die nie wussten, dass Lord Jones gelebt hat.
585750	Avete un tavolo per cinque persone?	592194	Haben Sie einen Tisch für fünf Personen?
375239	È sfortunatamente vero.	592195	Das ist leider wahr.
424351	Non sono alto come te.	592196	Ich bin nicht so groß wie du.
529259	Io fumavo quando ero giovane.	592197	Als ich jung war, habe ich geraucht.
389964	Non ho mai mangiato qualcosa di così delizioso come questo.	592198	Ich habe noch nie etwas so köstliches gegessen.
499890	Dopo dieci mesi gli interlocutori sono tornati a un tavolo.	592199	Nach zehn Monaten sind die Gesprächspartner an den runden Tisch zurückgekehrt.
410194	Lei è bella.	592200	Sie ist schön.
399703	Wang XiaoMing e Wang Yue sono tutti e due miei buoni amici.	592201	Wang Xiaoming und Wang Yue sind beide gute Freunde von mir.
524201	Io anche quest'anno rimarrò a casa durante le vacanze invernali.	592205	Auch ich bleibe dieses Jahr während der Winterferien zu Hause.
387324	Il costo della vita è molto alto a Tokyo.	592206	Die Lebenshaltungskosten in Tokyo sind sehr hoch.
432977	Tutti possono sbagliare.	592208	Jeder kann einen Fehler machen.
377170	Mia madre è in cucina.	592209	Meine Mutter ist in der Küche.
379763	L'ultima volta che sono andato in Cina, ho visitato Shanghai.	592211	Als ich das letzte Mal in China war, habe ich Shanghai besucht.
399342	Insegnare alle persone a comprendere l'uso reale degli antibiotici è un problema di sanità pubblica.	592213	Die Leute im richtigen Gebrauch von Antibiotika zu unterweisen ist ein Problem des Gesundheitswesens.
524219	Era davvero un dinosauro!	592214	Es war tatsächlich ein Dinosaurier!
433054	Dallo a qualcuno che ne ha bisogno.	592215	Gib ihn jemandem, der ihn braucht.
384507	Se hai bisogno di un dizionario, ti presto il mio vecchio.	592217	Wenn du ein Wörterbuch brauchst, leihe ich dir mein altes.
375271	Andrò al mare domani, se fa bel tempo.	593345	Wenn das Wetter schön ist, gehe ich morgen ans Meer.
380536	Chiama la polizia!	593347	Ruf die Polizei!
380764	Ti credo.	593351	Ich glaube dir.
351071	Poeti come Toson e Hakushu sono rari.	593353	Dichter wie Toson und Hakushu sind selten.
486238	Si veste come un gentiluomo ma parla e si comporta come un clown.	593356	Er kleidet sich wie ein Gentleman, aber er spricht und benimmt sich wie ein Clown.
440272	Mi piace il ritmo lento di questa canzone.	593358	Mir gefällt der langsame Rhythmus dieses Liedes.
374282	Riconoscete l'uomo in questa foto?	593363	Erkennt ihr den Mann auf diesem Foto?
377596	Non si può vivere senza l'ossigeno.	593364	Ohne Sauerstoff kann man nicht leben.
376529	Mio zio vive a Londra.	593366	Mein Onkel wohnt in London.
492354	Dov'è l'ascensore?	593369	Wo ist der Lift?
381423	In generale le auto giapponesi sono popolari all'estero.	593373	Im Allgemeinen sind japanische Autos im Ausland beliebt.
426198	Abbiamo paura di perdere il nostro treno.	593375	Wir haben Angst, unseren Zug zu verpassen.
403020	Non mi piacciono gli uomini come lui.	593377	Männer wie ihn mag ich nicht.
350629	Il mio insegnante di inglese mi ha consigliato di leggere questi libri.	593379	Mein Englischlehrer hat mir geraten, diese Bücher zu lesen.
350326	In caso di ritardo nella consegna, abbiamo una speciale assicurazione sul ritardo.	602975	Für den Fall, dass sich die Lieferung verzögert, haben wir eine Sonderversicherung.
607291	Il delirio di un uomo è chiamato insanità. Il delirio di migliaia di uomini è chiamato religione.	607314	Hat ein Mensch Wahnvorstellungen, so nennt man es Geisteskrankheit. Haben tausende von Menschen Wahnvorstellungen, so nennt man es Religion.
607510	Preferisci vino bianco o rosso?	607680	Magst du lieber Weißwein oder Rotwein?
607663	Questo puzzle ha cinquecento pezzi.	607705	Dieses Puzzle hat fünfhundert Teile.
607488	I russi non sorridono mai.	607711	Die Russen lächeln nie.
379770	Un motore a vapore trasforma il calore in energia.	607837	Eine Dampfmaschine setzt Hitze in Energie um.
609208	Ho un terribile mal di testa.	609212	Ich habe schreckliche Kopfschmerzen.
609362	Mio padre è un impiegato bancario.	609469	Mein Vater ist ein Bankangestellter.
609350	Diteci la storia dall'inizio alla fine.	609472	Erzählt uns die Geschichte von Anfang bis Ende.
409821	Sto aumentando di peso.	610775	Ich nehme zu.
612250	La mia vita è nelle vostre mani.	612252	Mein Leben liegt in Ihren Händen.
612781	Mi sento molto male.	612790	Mir geht es sehr schlecht.
620572	Verrò quando potrò.	620591	Ich werde kommen, wenn ich kann.
377592	Non puoi bruciare nulla senza l'ossigeno.	620752	Ohne Sauerstoff kannst du nichts verbrennen.
500177	Sono un informatico.	620753	Ich bin Informatiker.
374555	Non parla né inglese né francese.	620754	Er spricht weder Englisch noch Französisch.
380357	Mi ha dato un esempio.	620755	Er hat mir ein Beispiel gegeben.
353414	Il nostro insegnante ci dà molti compiti.	620759	Unser Lehrer gibt uns viele Hausaufgaben.
335152	Io insegno.	620761	Ich unterrichte.
569300	Abbiamo bisogno di studiare le forme verbali tedesche.	620764	Wir müssen die deutschen Verbformen lernen.
350328	È molto carino da parte tua.	621848	Das ist sehr lieb von dir.
622218	"Tatoeba" in giapponese significa "per esempio".	622222	"Tatoeba" heißt "zum Beispiel" auf Japanisch.
626960	Lui è il loro unico bambino.	626962	Er ist ihr einziges Kind.
627017	Non ho avuto il tempo di fare colazione.	627025	Ich hatte keine Zeit zu frühstücken.
629216	Lei è stata all'estero per più di quattro mesi.	629217	Sie hat mehr als vier Monate im Ausland verbracht.
629432	Dov'è successo?	629435	Wo ist es passiert?
410254	Sono andato a Kobe in treno.	634633	Ich bin mit dem Zug nach Kobe gefahren.
379883	Ken gioca a calcio tutti i giorni.	634634	Ken spielt jeden Tag Fußball.
524213	Queste ombre gli sembrarono un enorme dinosauro, con il collo molto lungo e la bocca molto grande, senza denti.	634635	Diese Schatten schienen ihnen wie ein riesiger Dinosaurier, mit einem sehr langen Hals und einem sehr großen Maul ohne Zähne.
418996	Carol si alza presto ogni mattina.	634636	Carol steht jeden Morgen früh auf.
419088	Questo libro è più vecchio di quello.	634637	Dieses Buch ist älter als das da.
390683	Poche persone hanno due macchine.	634638	Wenige Menschen haben zwei Autos.
617176	Pensavo che si potesse fumare.	634639	Ich dachte, dass man hier rauchen könne.
524206	Vuoi andare con me a questo concerto?	636590	Willst du mit mir in das Konzert gehen?
632248	Si vive a lungo, se si vive bene.	638129	Man lebt lang, wenn man gut lebt.
382278	Preferisco restare a casa che andare a pescare.	638135	Ich würde lieber zuhause bleiben als angeln zu gehen.
602486	Cosa vi ha fatto arrabbiare così tanto?	638137	Was hat euch so wütend gemacht?
399699	Qualunque cosa succeda, non cambiare opinione.	638139	Ändere deine Meinung nicht, was auch immer geschehen möge.
409414	Dai un'occhiata a questa foto, per favore.	638141	Bitte wirf einen Blick auf dieses Foto.
631239	È nato prima l'uovo o la gallina?	638145	Was kam zuerst? Das Huhn oder das Ei?
626374	Cosa state cercando?	638148	Wonach sucht ihr?
609496	Mia sorella ha paura di tutti i dottori.	638154	Meine Schwester hat vor allen Ärzten Angst.
428858	Quanto costa questa penna?	638835	Wie viel kostet dieser Stift?
634655	Mi ha telefonato da Tokyo.	640110	Sie hat mich aus Tokio angerufen.
632055	Non ha i soldi per acquistare un'auto nuova.	640148	Sie hat nicht das Geld für ein neues Auto.
621739	Questo museo dispone di un'affascinante collezione di oggetti celtici.	640614	Dieses Museum stellt eine faszinierende Sammlung keltischer Gegenstände aus.
641656	Questo è il tuo primo viaggio all'estero?	641663	Ist dies deine erste Reise ins Ausland?
642659	Odia le carote.	642663	Er hasst Karotten.
647138	Ho dormito appena due ore.	647139	Ich habe nicht einmal zwei Stunden geschlafen.
645000	Conosci l'orario di arrivo del suo aereo?	652507	Kennst Du die Ankunftszeit seines Flugzeugs?
653888	La mia casa è il mio castello.	653897	Mein Heim ist meine Burg.
653893	In realtà Marie Curie è polacca, non francese.	653906	In Wirklichkeit war Marie Curie Polin und nicht Französin.
643078	Mi fa male la gamba.	655288	Mein Bein tut weh.
658459	Ho una buona notizia per te.	658463	Ich habe eine tolle Nachricht für dich.
661553	Dove andare adesso? A teatro o al cinema?	661555	Wohin sollen wir jetzt gehen? Ins Theater oder ins Kino?
664400	Non dare perle ai porci.	664407	Man soll keine Perlen vor Schweine werfen.
359411	Lui è molto alto.	671323	Er ist sehr groß.
359417	Il problema è nel motore.	671327	Das Problem befindet sich im Motor.
613858	Ho detto tutto.	672256	Ich habe alles gesagt.
672262	Corre.	672264	Sie rennt.
676994	Abita a Kyoto.	676995	Sie wohnt in Kyoto.
677969	Le rose del mio giardino sono belle.	677978	Die Rosen in meinem Garten sind schön.
626372	Deve aver scordato la promessa.	679412	Sie hat ihr Versprechen wohl vergessen.
409863	Sono una persona molto triste.	683402	Ich bin ein sehr trauriger Mensch.
4595	Attento, signore, è scivoloso!	691887	Vorsicht, mein Herr, es ist glatt.
378144	Il colore del computer è il rosso.	696202	Die Farbe des Computers ist rot.
630450	In futuro devi venire qui in orario.	699880	In Zukunft hast du pünktlich hier zu sein.
739048	Quanto è lungo il volo?	739467	Wie lange ist der Flug?
739045	Se solo avessi seguito il tuo consiglio.	739468	Hätte ich doch nur auf deinen Rat gehört.
739043	Il prezzo non è ragionevole.	739472	Das ist ein unverschämter Preis.
691725	In caso di emergenza, chiamate il 119.	740450	Wählen Sie im Notfall die 119.
713978	Sono stato a casa tutto il giorno invece di andare a lavorare.	740455	Ich blieb den ganzen Tag zu Hause anstatt zur Arbeit zu gehen.
644658	Lo spettacolo era straordinariamente bello.	741574	Das Schauspiel war außerordentlich schön.
742116	Le luci sono spente.	743017	Die Lichter sind aus.
700499	Lo abbiamo visto attraversare la strada.	745765	Ich sah ihn über die Straße gehen.
755766	In Germania la mafia italiana è un problema sottovalutato.	755767	In Deutschland ist die italienische Mafia ein unterschätztes Problem.
757724	Sto cercando una cartoleria per comprare delle biro.	757979	Ich suche gerade ein Schreibwarengeschäft, um Kugelschreiber zu kaufen.
524166	Pago con la carta di credito.	761496	Ich zahle mit der Kreditkarte.
529187	Ci sono solo poche conseguenze alla chiusura della mensa.	776168	Die Schließung der Mensa wird nur wenige Auswirkungen haben.
570385	Un calamaro ha dieci tentacoli.	783914	Ein Kalmar hat zehn Tentakel.
795944	Tra la grammatica cinese e quella italiana c'è una bella differenza.	796694	Zwischen der chinesischen und der italienischen Grammatik besteht ein großer Unterschied.
795945	Roma è la città in cui vorrei vivere.	808267	Rom ist die Stadt, in der ich leben möchte.
630523	Il signor Nakamura è in casa?	812502	Ist Herr Nakamura zu Hause?
638956	È povero ma felice.	812504	Er ist arm, aber glücklich.
803703	Noi esistiamo?	813641	Gibt es uns?
822789	La lingua dell'Europa è la traduzione.	822790	Die Sprache Europas ist die Übersetzung.
830701	Spero che i nostri soldati vinceranno.	830704	Ich hoffe, dass unsere Soldaten siegen werden.
839862	Questa poesia è stata originariamente scritta in francese.	839866	Dieses Gedicht wurde ursprünglich auf Französisch verfasst.
860473	Lo sanno anche i bambini.	860476	Das wissen sogar die Kinder.
864013	Manca troppo tempo.	864016	Es fehlt zu viel Zeit.
621696	Quel ragazzo non mangia caramelle.	887861	Dieser Junge isst keine Süßigkeiten.
635785	Devo portare indietro i libri alla biblioteca prima del 25 gennaio.	888012	Bis zum 25. Januar muss ich die Bücher zur Bibliothek zurückbringen.
635273	Come ha reagito alla notizia?	911509	Wie hat sie die Nachricht aufgenommen?
606896	Quel racconto non può essere vero.	911932	Diese Erzählung kann nicht stimmen.
610737	Racconta al mio giovane amico una bella storia.	911934	Erzähl meinem jungen Freund doch eine schöne Geschichte.
612693	Mi ha raccontato una storia interessante.	911935	Er hat mir eine interessante Geschichte erzählt.
612727	Ermanno ha raccontato una storia divertente.	911936	Hermann hat eine lustige Geschichte erzählt.
727152	Mantiene sempre la sua parola.	917351	Sie hält immer Wort.
374182	È stato accusato di aver violato la legge.	926047	Er wurde beschuldigt, das Gesetzt gebrochen zu haben.
380165	Questo biglietto è valido per tre mesi.	926283	Diese Fahrkarte ist drei Monate lang gültig.
636831	Non è stato facile convincerlo.	927839	Es war nicht einfach, ihn zu überzeugen.
828693	Condusse una vita difficile dopo quello.	927840	Er hatte danach kein leichtes Leben.
373965	Siete liberi questo fine settimana?	927841	Habt ihr dieses Wochenende frei?
524256	Durante i suoi ultimi anni Hokusai combinò molti stili, illustrando romanzi storici e trattando i temi classici tradizionali giapponesi e cinesi.	927842	In seinen letzten Lebensjahren vermengte Hokusai viele Stile, indem er Geschichtsromane illustrierte und die japanischen und chinesischen Klassiker verarbeitete.
702323	Vorrei che lui fosse qui ora.	927843	Ich wünschte, er wäre jetzt hier.
781733	Non giochi a tennis?	927989	Spielst du kein Tennis?
524827	Ha incontrato all'aeroporto una giovane coppia francese.	927990	Er hat auf dem Flughafen ein junges französisches Paar kennengelernt.
929071	Oggi ho studiato cinese per due ore.	929081	Ich habe heute zwei Stunden Chinesisch gelernt.
929031	Luigi è un ragazzo che ama studiare.	929084	Luigi ist ein Junge, der das Lernen liebt.
928146	Devi vedere subito un dottore.	929091	Du musst sofort einen Arzt aufsuchen.
929114	Io sono meglio di lui.	929121	Ich bin besser als er.
929854	Qual è la tua band preferita?	929856	Was ist deine Lieblingsband?
930636	È meglio che niente.	930647	Es ist besser als nichts.
693715	Lui e lei sono alti uguali.	931228	Er und sie sind gleich groß.
488878	Perché eri assente ieri?	931231	Warum warst du gestern nicht da?
843458	Ho aggiunto il suo nome alla lista.	931233	Ich habe seinen Namen der Liste hinzugefügt.
716998	Studia molto duramente.	931235	Er lernt sehr hart.
801750	Abbiamo paura della morte.	931236	Wir fürchten den Tod.
744943	Con il passare del tempo cambiò idea.	931237	Im Laufe der Zeit änderte er seine Meinung.
374615	Quella è una bambola.	931238	Das ist eine Puppe.
852946	Ha dichiarato di aver scoperto una nuova cometa.	931240	Er verkündete die Entdeckung eines neuen Kometen.
374440	Ha un fratello che vive a Tokyo.	931242	Er hat einen Bruder in Tokio.
812780	Il fratello scrisse una lettera alla sorella.	931243	Der Bruder schrieb der Schwester einen Brief.
434025	George lavora in una grande fattoria.	932303	Georg arbeitet auf einem großen Bauernhof.
381209	La seconda lezione è molto facile.	932304	Lektion zwei ist sehr leicht.
762895	Potete dirmi come arrivare lì?	932305	Könnt ihr mir sagen, wie ich dort hinkomme?
690581	Hey Pandark, come mai sei diventato così famoso che Pharamp ha cominciato a scrivere frasi su di te?	932309	Du, Pandark, wie kommt es, dass du so berühmt geworden bist, dass Pharamp angefangen hat, Sätze über dich zu schreiben?
852703	Giocare a go è il mio unico divertimento.	932312	Das Go-Spiel ist mein einziger Zeitvertreib.
766305	Almaty è la mia città preferita!	932335	Almaty ist meine Lieblingsstadt!
350350	I tre vicini si aiutarono l'un l'altro.	932336	Die drei Nachbarn halfen sich gegenseitig.
493594	Il suo discorso mi ha fatto una buona impressione.	932337	Seine Rede hat auf mich einen guten Eindruck gemacht.
612099	Dubito che la sua storia sia vera.	932338	Ich habe Zweifel, ob seine Geschichte wahr ist.
893683	Quando posso vederla?	932339	Wann kann ich Sie sehen?
908573	Ho il diritto di chiamare il mio avvocato.	932341	Ich habe das Recht, meinen Anwalt anzurufen.
836521	Per piacere prenoti una camera per lei.	932566	Reservieren Sie bitte ein Zimmer für sie.
350921	Vedo doppio.	932568	Ich sehe alles doppelt.
860584	C'è un'atmosfera amichevole nell'ufficio.	932569	Auf der Arbeit herrscht eine freundschaftliche Stimmung.
351823	Tom sta suonando il violino adesso.	932572	Tom spielt gerade Geige.
862087	Come si chiama la ragazza?	932575	Wie heißt das Mädchen?
715180	Quella è un'informazione utile.	932576	Das ist eine brauchbare Information.
381180	La luna è invisibile dietro le nuvole.	932577	Der Mond ist hinter den Wolken nicht zu sehen.
395952	Chiunque lo sa.	932763	Jeder weiß es.
383916	Questo lavoro è costato 100 dollari.	932765	Diese Arbeit hat hundert Dollar gekostet.
884283	Daglielo.	932875	Gib es ihm.
626844	Lei ha solo due anni ma è capace a contare fino a 100.	932877	Sie ist erst zwei Jahre alt, aber schon in der Lage, bis hundert zu zählen.
388541	I cani vedono in bianco e nero.	933122	Hunde sehen alles in schwarz und weiß.
499887	Non potevo più sopportare il freddo.	933128	Ich konnte die Kälte nicht mehr ertragen.
482547	Mi chiedo chi sia venuto.	933131	Ich frage mich, wer da gekommen ist.
622163	Abbiamo ancora un sacco di tempo.	933934	Wir haben noch reichlich Zeit.
606847	Domani verrò a Teheran.	933935	Morgen komme ich nach Teheran.
643217	Un foglio è molto bianco, ma la neve è ancora più bianca.	933936	Ein Blatt Papier ist ganz weiß, aber der Schnee ist noch weißer.
381951	Tutto il quartiere è rimasto sorpreso da questa notizia.	933937	Das ganze Viertel staunte über diese Neuigkeit.
772338	Nella nostra scuola ci sono più ragazze che ragazzi.	933938	An unserer Schule gibt es mehr Mädchen als Jungen.
373493	Ha agito saggiamente.	933939	Er hat weise gehandelt.
876835	Per favore risponda a tutte le domande.	933940	Beantworten Sie bitte jede einzelne Frage.
898228	Sono venuto in Giappone non per insegnare ma per scrivere.	933974	Ich bin nach Japan nicht zum Unterrichten, sondern zum Schreiben gekommen.
761479	Non dimenticherò la tua gentilezza finché vivrò.	933975	Ich werde nie vergessen, wie nett du gewesen bist, solange ich lebe.
883860	Chi ha comprato un libro al negozio?	933976	Wer hat in dem Laden ein Buch gekauft?
836526	Come la possiamo mettere in pratica?	933977	Wie können wir sie in die Praxis umsetzen?
621525	Mi sentivo a disagio perché non parlavo francese.	933978	Ich fühlte mich nicht wohl, da ich kein Französisch sprach.
711685	Le tue scarpe sono qui. Dove sono le mie?	933979	Deine Schuhe sind hier. Wo sind denn meine?
910577	Vorresti lasciargli un messaggio?	933980	Möchten Sie ihm eine Nachricht hinterlassen?
350941	Ummm. Non ho idea di come rispondere alla domanda dell'insegnante.	933981	Hmm. Ich habe keine Ahnung, wie ich die Frage des Lehrers beantworten soll.
418766	Non puoi avere entrambi i libri.	934005	Du kannst nicht beide Bücher haben.
830110	Vendere macchine è il mio lavoro.	934006	Autos zu verkaufen ist mein Job.
724552	Preferisco quella nera.	934007	Ich hätte lieber die schwarze da.
606801	La mia scrivania è vecchia, ma la sua è nuova.	934008	Mein Schreibtisch ist alt, aber seiner ist neu.
607368	Non sono bravo in latino.	934009	Ich bin nicht gut in Latein.
426118	Non abbiate alcuna esitazione a dire la verità.	934011	Zögert nie, die Wahrheit zu sagen.
483925	Dovete imparare dai vostri errori.	934012	Ihr müsst aus euren Fehlern lernen.
479754	Le vostre parole sono una forma di violenza.	934248	Eure Worte sind auch eine Form von Gewalt.
376696	La vita di campagna è più sana della vita di città.	934255	Das Leben auf dem Lande ist gesünder als das in der Stadt.
425875	Quel cappello ti sta bene.	934258	Dieser Hut steht dir gut.
633848	Parlare in pubblico mi rende nervoso.	934272	Vor Publikum zu sprechen macht mich nervös.
622229	Abbiamo avuto visitatori inaspettati.	934352	Wir hatten unerwarteten Besuch.
376197	C'è un ospedale nelle vicinanze.	934353	In der Nähe ist ein Krankenhaus.
918442	Sono stato una delusione per i miei genitori.	934354	Für meine Erzeuger bin ich eine Enttäuschung gewesen.
717892	Cosa vuoi fare nel pomeriggio?	934355	Was hast du am Nachmittag vor?
635347	I suoi denti sono gialli per aver fumato troppo.	934356	Seine Zähne sind durch das viele Rauchen gelb geworden.
351134	Voglio viaggiare con te.	934357	Ich will mit dir reisen.
381185	Il ponte fu portato via dall'alluvione.	934358	Die Brücke wurde von den Wassermassen weggetragen.
715314	Lei torna a casa alla fine di questo mese.	934360	Sie kommt Ende des Monats wieder nach Hause.
612725	L'anno scorso ero uno studente del primo anno.	934387	Letztes Jahr war ich noch im ersten Studienjahr.
423350	Prendi l'ombrello, si prevede pioggia.	934388	Nimm den Schirm mit, es ist Regen angesagt.
839394	Porto dei dolciumi per i bambini.	934389	Ich habe Süßigkeiten für die Kinder dabei.
842716	Sono abbastanza sicura.	934390	Ich bin mir ziemlich sicher.
381934	Per adesso, mia sorella lavora come commessa al supermercato.	934393	Zurzeit arbeitet meine Schwester als Verkäuferin im Supermarkt.
376196	Quanti giorni ci vogliono di solito per arrivarci?	934395	Wie viele Tage dauert üblicherweise die Reise dorthin?
654136	Un muro circondava la vecchia città.	934396	Eine Mauer umgab die Altstadt.
934411	Non sopporto questo dolore.	934416	Ich halte diesen Schmerz nicht aus.
779598	Credi che io scherzi?	935480	Glaubst du, ich mache Witze?
610296	Perché viveva negli Stati Uniti?	935481	Warum lebte er in den USA?
376631	Possiamo avere una forchetta?	935482	Können wir eine Gabel haben?
715197	Questa stanza viene utilizzata dagli insegnanti.	935483	Dieser Raum wird von den Lehrern genutzt.
631609	Siete responsabili di quello che fate.	935484	Ihr seid für euer Tun verantwortlich.
838297	Riempì la bottiglia d'acqua.	935485	Er füllte die Flasche mit Wasser.
650924	Spero che ti passi alla svelta il raffreddore.	935593	Ich hoffe für dich, dass die Erkältung bald vorbeigeht.
930992	Non hanno una casa dove vivere.	935610	Sie haben kein Dach über dem Kopf.
705897	Quali sono i pro e i contro di fare l'autostop?	935611	Was spricht für und gegen das Trampen?
383745	Jane ed io suoniamo bene il piano.	935612	Jane und ich spielen gut Klavier.
715268	L'esercito avanzò sulla collina.	935613	Das Heer drang auf den Hügel vor.
863634	Che è mai questo?	935615	Was ist das denn?
439945	Preferisco leggere piuttosto che guardare la televisione.	935617	Ich lese lieber, als dass ich fernsehe.
350419	Non c'è niente di cui preoccuparsi.	935618	Es gibt keinen Grund zur Aufregung.
930994	Se non viene, che farai?	935619	Wenn er nicht kommt, was machst du dann?
430316	Dovete cambiare treno a Shinjuku.	935654	Ihr müsst in Shinjuku umsteigen.
373675	Vado spesso in città la domenica.	935657	Ich fahre sonntags oft in die Stadt.
634163	Una libreria in quella posizione non farebbe abbastanza soldi per sopravvivere.	935658	Eine Buchhandlung in dieser Lage wirft zum Leben nicht genügend Geld ab.
377098	Stanotte pioverà.	935661	Heute Nacht wird es regnen.
716983	Qualche volta fumo solo per dare alle mie mani qualcosa da fare.	935662	Bisweilen rauche ich nur, um meine Hände zu beschäftigen.
664406	La sua vanità non conosce limiti.	935663	Seine Eitelkeit kennt keine Grenzen.
374211	Ho dato da mangiare al cane.	935877	Ich habe dem Hund zu fressen gegeben.
706174	Vorresti contribuire al programma?	935878	Möchtest du etwas zum Programm beitragen?
519098	Lui vende frutta.	935879	Er verkauft Obst.
388768	È arrabbiata con me.	935880	Er ist sauer auf mich.
365718	Pioverà di sicuro.	935881	Es wird sicher regnen.
741761	Cosa fanno i professori?	935882	Was machen die Lehrer?
634423	Hai delle domande?	935911	Hast du Fragen?
375353	Ci vediamo verso le 7.	935912	Wir sehen uns gegen sieben.
499922	Il paziente può morire in qualsiasi momento.	935913	Der Patient kann jeden Augenblick sterben.
833625	Per conoscere un uomo bisogna solo viaggiare con lui per una settimana.	935916	Um einen Menschen kennenzulernen, braucht man bloß eine Woche lang mit ihm reisen.
626302	Edison ha inventato molte cose utili.	935918	Edison hat eine Reihe nützlicher Dinge erfunden.
691381	Vorrei una tua foto.	935919	Ich hätte gern ein Foto von dir.
757569	Ho parlato al telefono.	936353	Ich telefonierte.
617124	Ti farà bene andare in vacanza.	936355	Es wird dir gut tun, in Urlaub zu fahren.
622239	Lei è sempre vestita di nero.	936356	Sie ist immer schwarz angezogen.
754988	Il Titanic è affondato durante il suo viaggio di inaugurazione.	936358	Die Titanic ist auf ihrer Jungfernfahrt gesunken.
374188	Mi sento sempre assonnato.	936360	Ich fühle mich immerzu schläfrig.
423375	Uno straniero venne a chiedermi la strada per l'ospedale.	936364	Ein Fremder kam zu mir und fragte nach dem Weg zum Krankenhaus.
894753	Porta fuori il tavolo, per favore.	936414	Trag den Tisch bitte nach draußen.
874412	Ho piena fiducia nelle sue capacità.	936418	Ich habe vollstes Vertrauen in seine Fähigkeiten.
836788	Ho un libro di Susanna Tamaro in mano.	936422	Ich halte ein Buch von Susanna Tamaro in den Händen.
801735	Ha paura della morte.	936429	Er hat Angst vor dem Tod.
380173	Mia moglie sta preparando la cena proprio ora.	936432	Meine Frau bereitet in diesem Augenblick das Abendessen zu.
380920	Le foglie cadono lentamente.	936439	Langsam fallen die Blätter.
630463	I suoi debiti sono maggiori di quello che riesce a pagare.	937288	Ihre Schulden sind höher als das, was sie zahlen kann.
713231	Se non fosse per il sole non esisterebbero creature viventi sulla terra.	937289	Gäbe es keine Sonne, würden auf der Erde keine Lebewesen existieren.
625158	Versò del brandy nei bicchieri.	937291	Sie schenkte Brandy in die Gläser ein.
581755	Voglio realizzare il mio scopo passo dopo passo.	937292	Ich werde mein Vorhaben schrittweise in die Tat umsetzen.
806729	Non mi interessa l'inglese, non lo so neanche parlare!	937294	Englisch interessiert mich nicht, ich kann es nicht mal sprechen!
715377	Non sono mai stata su un aereo.	937362	Ich bin noch nie in einem Flugzeug gewesen.
696966	È nostro dovere osservare sempre le leggi.	937399	Es ist unsere Pflicht, immer die Gesetze zu befolgen.
671892	Per aiutarlo, parla molto con lui.	937400	Wenn du ihm helfen willst, sprich viel mit ihm.
702883	Vorrei qualcosa di dolce da mangiare.	937473	Ich möchte etwas Süßes essen.
905732	Il caso volle che quel giorno fosse il mio compleanno.	937477	Es fügte sich so, dass jener Tag mein Geburtstag war.
725011	Sono lontano dall'albero.	937482	Ich bin weit weg vom Baum.
839404	È rimasto muto nel corso di questa discussione.	937486	Er schwieg die ganze Diskussion über.
650453	Le tigri vivono nella giungla, i leoni nella savana.	937496	Tiger leben im Dschungel, Löwen in der Savanne.
373408	Dave non ritornò mai più a scuola.	937500	Dave ging nie wieder auf die Schule.
350611	Mio padre non mangia molta frutta.	937540	Mein Vater isst nicht gerade viel Obst.
524694	Questa gatta non appartiene che a Alain.	937542	Diese Katze gehört nur Alain.
836560	Ha contribuito con molti soldi per il bene dell'arte.	937544	Er hat mit viel Geld zum Wohle der Kunst beigetragen.
375690	Mio padre va a lavorare in bici.	937547	Mein Vater fährt mit dem Rad zur Arbeit.
714548	Sono preoccupata per Tom.	937549	Ich mache mir Sorgen um Tom.
828478	Le tue scarpe non vanno bene col vestito.	938402	Deine Schuhe beißen sich mit der Kleidung.
527174	Purtroppo non avrò molto tempo libero.	938403	Leider werde ich nicht viel Freizeit haben.
715192	La nostra città era ricoperta di smog.	938404	Unsere Stadt versank im Smog.
741764	I pinguini sono uccelli particolari.	938405	Pinguine sind eigentümliche Vögel.
412805	Sono sicuro che è stato solo un brutto errore.	938406	Ich bin sicher, dass es sich nur um ein schlimmes Missgeschick handelt.
620663	È il mio migliore amico. Siamo come fratelli.	938506	Er ist mein bester Freund. Wie sind wie zwei Brüder.
806669	Il letto su cui ho dormito in albergo era molto comodo, per cui mi sono riposato bene.	938507	Das Bett, in dem ich in der Pension geschlafen habe, war sehr bequem, weshalb ich nun schön ausgeruht bin.
852114	Tutto ciò che voglio è sbarazzarmi di voi.	938508	Alles was ich will, ist, dich loszuwerden.
842593	Mi siete davvero mancati quando eravate in Francia.	938509	Ihr habt mir echt gefehlt, als ihr in Frankreich wart.
376157	Vive come se fosse un milionario.	938522	Er führt ein Leben, als wäre er Millionär.
632057	Non si può negare il fatto che Jessie è onesta.	938523	Man kann nicht bestreiten, dass Jessie eine ehrliche Person ist.
432977	Tutti possono sbagliare.	938525	Jeder kann sich mal irren.
350392	Buon per te.	938526	Schön für dich.
670747	Voglio scalare questa montagna.	938565	Ich möchte diesen Berg erklimmen.
644718	Per me la situazione si fa di giorno in giorno più seria.	938566	Die Lage wird für mich von Tag zu Tag ernster.
935065	Questo lago è il più profondo in questo paese.	938567	Dieser See ist der tiefste im Land.
859686	I risultati sono stati come segue.	938568	Die Ergebnisse sind die folgenden.
625082	Quelle mele sono grandi.	938569	Die Äpfel dort sind groß.
670804	La fisica quantistica è troppo difficile da capire per un comune mortale.	938570	Für einen Normalsterblichen ist die Quantenphysik zu schwer zu verstehen.
749970	Il mio ex-marito non abita più in questa città.	938571	Mein Ex-Mann wohnt nicht mehr in dieser Stadt.
763762	Mi hanno chiesto qual era il mio nome, da dove venivo e perché sono venuto.	938606	Sie fragten mich, wie mein Name sei, woher ich käme und weshalb ich gekommen sei.
908622	Malcom ha ucciso Tom perché era stanco di vedere il suo nome in molte sentenze.	938607	Malcom tötete Tom, weil er es satt hatte, in vielen Sätzen immer seinen Namen zu sehen.
836549	Cosa vorresti fare mentre sei qui?	938608	Was möchtest du tun, solange du hier bist?
702320	Vorrei avere più tempo per dormire.	938610	Ich hätte gerne mehr Zeit zum Schlafen.
609152	Ho sognato che ero un uccello.	938611	Ich träumte, ich wäre ein Vogel.
841100	Gli alfabeti tradizionali delle diverse lingue sono inadeguati a rappresentare sia i foni teoricamente producibili, sia i fonemi di una certa lingua, soprattutto nel caso dell'inglese.	938617	Die klassischen Alphabete einiger Sprachen eignen sich weder dazu, die theoretisch erzeugbaren Laute noch die Phoneme einer bestimmten Sprache wiederzugeben, was besonders auf das Englische zutrifft.
701080	L'ho visto lavare l'auto.	938618	Ich sah ihn das Auto waschen.
610069	Ma il Progetto Tatoeba non è un paradiso delle parole. Per piacere, basta aggiungere parole.	938620	Aber das Tatoeba-Projekt ist doch kein Wortparadies. Hört bitte damit auf, Wörter hinzuzufügen.
376154	Sto leggendo un romanzo di Sidney Sheldon.	938621	Ich lese gerade einen Roman von Sidney Sheldon.
801771	Lei non ha paura della morte.	938926	Sie hat keine Angst vor dem Tod.
670783	Non dimenticate di citare le fonti con precisione.	938929	Vergesst nicht, exakte Quellenangaben zu machen.
677582	Conosci le cifre romane?	938931	Kennst du die römischen Zahlen?
418960	Il cesto era pieno di mele.	938933	Der Korb war voller Äpfel.
713915	Gli ho chiesto se potevo leggere il suo libro.	938934	Ich fragte ihn, ob ich sein Buch lesen könne.
634408	Deve finire i compiti oggi.	938937	Er muss seine Hausaufgaben bis heute erledigt haben.
740228	La donna è nuda.	939776	Die Frau ist nackt.
388459	Lo odiava.	940195	Sie verabscheute ihn.
698199	In una democrazia è importante che il giornalismo sia indipendente.	940196	In einer Demokratie ist es wichtig, dass die Journalisten unabhängig sind.
724402	Lei è mia figlia.	940210	Sie ist meine Tochter.
531410	Si trasferì a Parigi nel 1966.	940211	Sie siedelte 1966 nach Paris über.
706829	È ancora seduto sulla panchina.	940212	Er sitzt nach wie vor auf der Bank.
415493	Il gatto si era addormentato sul tavolo.	940229	Die Katze lag schlafend auf dem Tisch.
738657	Ha sentito dolore e compassione.	940230	Er verspürte Schmerz und Mitleid.
609101	Siete andate direttamente a casa dopo la scuola ieri?	940231	Seid ihr gestern nach der Schule direkt nach Hause gegangen?
859659	Segna le parole che non riesci a pronunciare.	940232	Markiere die Wörter, die du nicht aussprechen kannst.
633822	Sono andati al parco la mattina seguente.	940233	Am nächsten Morgen sind sie zum Park gegangen.
607126	Questa frase è costituita da quarantacinque lettere.	940235	Dieser Satz besteht aus fünfundvierzig Buchstaben.
700441	Le mucche sono più utili di qualsiasi altro animale in questo paese.	941440	Kühe sind nützlicher als jedes andere Tier in diesem Land.
741731	Sono così stanca...	941441	Ich bin ja so müde ...
868634	Dove si possono comprare dei libri?	941442	Wo kann man Bücher kaufen?
716463	Ha avuto un incidente e si è fratturato un osso.	941443	Er hatte einen Unfall und hat sich dabei etwas gebrochen.
891827	I maghi usano l'arte dell'illusione.	941463	Magier üben die Kunst der Täuschung aus.
621012	Non ti conosco.	941464	Ich kenne dich nicht.
772494	Sono nato venti anni fa.	941465	Ich wurde vor zwanzig Jahren geboren.
706147	Qual è la tua data di nascita?	941466	Was ist dein Geburtsdatum?
359453	Appena mi ha visto, ha cominciato a piangere.	941469	Sobald sie mich sah, fing sie zu weinen an.
836320	Si è sposata con Tom lo scorso mese.	941470	Sie hat Tom letzten Monat geheiratet.
702562	Vorrei averla vista.	942069	Ich hätte sie gerne mal gesehen.
699598	Sono più grande di qualsiasi altro studente nella mia classe.	942071	Ich bin größer als jeder andere Mitschüler.
620999	Mettila dove i bambini non possono raggiungerla.	942073	Verstauen Sie es außer Reichweite von Kindern.
409380	Quest'estate viaggerò per l'Europa in bicicletta.	942075	Diesen Sommer mache ich eine Fahrradtour durch Europa.
620736	Non dovete essere sempre perfetti.	942079	Ihr müsst doch nicht immer perfekt sein.
670847	Più le cose sono vietate, più popolari diventano.	942084	Je verbotener etwas ist, desto beliebter wird es.
914256	Lui è ricco, mentre suo fratello maggiore è povero.	942236	Er ist reich, während sein großer Bruder arm ist.
714478	L'erba è troppo bagnata per sedercisi sopra.	942238	Das Gras ist zu nass zum Hinsetzen.
843519	Mangio del pane.	942239	Ich esse Brot.
715193	Verrò il più spesso possibile.	942258	Ich werde so oft wie möglich vorbeischauen.
612658	Non ho sentito quello che hai detto.	942260	Ich habe nicht gehört, was du gesagt hast.
410579	Il fatto è che fumare fa male alla salute.	942261	Es ist eine Tatsache, dass Rauchen der Gesundheit schadet.
382059	Ti aspetterà.	942300	Er wird auf dich warten.
651099	Alle undici va bene per me.	942303	Um elf passt es mir gut.
670797	Potrebbe esserci vita sulle lune di Giove.	942304	Es gibt auf den Jupitermonden möglicherweise Leben.
619604	Ho un lavoro per te.	942835	Ich habe Arbeit für dich.
927096	Amo vivere con te.	942836	Ich lebe sehr gern mit dir zusammen.
859568	C'è una stanza libera per stanotte?	942837	Haben Sie noch ein Zimmer frei für heute Nacht?
384841	Che cos'hai regalato a Mike per il suo compleanno?	942838	Was hast du Mike zum Geburtstag geschenkt?
833594	Ho deciso di studiare ogni giorno.	942839	Ich habe beschlossen, jeden Tag zu lernen.
632169	Non appena ebbe scritta la lettera, la inviò.	942938	Gleich nachdem er den Brief geschrieben hatte, gab er ihn auf.
717011	Ho chiesto al mio professore cosa fare dopo.	942939	Ich fragte meinen Lehrer, was dann zu tun sei.
382181	Non ha meno di sette figli.	942941	Sie hat nicht weniger als sieben Söhne.
702313	Vorrei avere un'automobile.	942944	Ich hätte gern ein Auto.
746374	Kenji decise di diventare un cuoco.	942945	Kenji beschloss, Koch zu werden.
772627	Duemilacinquecentotrentanove è un numero primo.	942947	Zweitausendfünfhundertneununddreißig ist eine Primzahl.
634370	Cos'avete detto a Paula?	942949	Was habt ihr Paula gesagt?
865355	Alla fine l'autobus si fermò.	942950	Schließlich hielt der Bus an.
411336	Mio padre non è andato nemmeno una volta all'estero.	942977	Mein Vater ist nicht ein einziges Mal im Ausland gewesen.
779231	Ci nasconderemo in Egitto.	942978	Wir werden uns in Ägypten verstecken.
779231	Ci nasconderemo in Egitto.	942979	Wir tauchen in Ägypten unter.
570554	Cristoforo Colombo una volta vide un UFO, e ordinò ai suoi uomini di sparargli con i cannoni della sua nave.	943132	Als Christoph Columbus einmal ein UFO erblickte, befahl er seinen Männern, es mit den Kanonen seines Schiffes zu bombardieren.
760500	Questo è proprio quel libro che ho aspettato a lungo per poterlo leggere.	943134	Das hier ist das Buch, auf das ich lange gewartet habe, um es mal lesen zu können.
373511	Jiro ha fatto uno schizzo del Monte Fuji.	943136	Jiro hat den Fuji gezeichnet.
749900	Ce la potete fare senza dizionario di inglese?	943138	Kommt ihr ohne Englischwörterbuch zurecht?
729526	Quale animale è piccolo?	943140	Welches Tier ist klein?
931769	È difficile capire questo romanzo.	943552	Dieser Roman erschließt sich einem nur schwer.
613819	Osservo la gente passeggiare.	943553	Ich sehe den Leuten beim Flanieren zu.
834611	Sembri molto pallido.	943554	Du siehst ziemlich blass aus.
627742	Che ne dici di andare a fare acquisti?	943555	Was hältst du davon, wenn wir shoppen gehen?
606668	Ve ne mostrerò alcuni.	943677	Ich zeige euch mal ein paar.
634542	Mi fa piacere sentire che tua sorella è fuori pericolo dopo l'operazione.	943678	Es freut mich, zu hören, dass deine Schwester nach der Operation außer Gefahr ist.
929357	Ecco una ricetta per delle compresse.	943681	Hier haben Sie ein Rezept für ein paar Tabletten.
889109	È stato educato da suo zio.	944292	Er wurde von seinem Onkel erzogen.
704853	La luna è già sorta.	944293	Der Mond ist schon aufgegangen.
896927	Egli è forte e coraggioso, ma soprattutto gentile.	944295	Er ist stark und tapfer, aber vor allem liebenswürdig.
799042	Fra un mese sarò in vacanza.	944296	In einem Monat habe ich Urlaub.
621046	Lo sciopero generale ha paralizzato l'intero paese.	944297	Der Generalstreik hat das ganze Land lahmgelegt.
377555	Ogni studente ha espresso la sua opinione.	944298	Jeder Schüler äußerte seine Meinung.
727156	Questa era gente che ha combattuto per soldi.	944404	Das waren Leute, die für Geld gekämpft haben.
610264	Non sai cosa vuol dire essere poveri.	944405	Du weißt nicht, was es heißt, arm zu sein.
733691	Perché sto aggiungendo questa frase?	944408	Warum füge ich eigentlich diesen Satz hinzu?
865388	Mi ricordi tuo fratello.	944410	Du erinnerst mich an deinen Bruder.
616920	"Impossible" non è una parola francese.	944414	"Impossible" ist kein französisches Wort.
350977	Se avessi abbastanza soldi, potrei andare all'estero.	944650	Hätte ich genug Geld, könnte ich ins Ausland gehen.
778304	Ho camminato fino alla stazione.	944651	Ich bin bis zum Bahnhof gelaufen.
398133	È riuscito ad entrare all'università.	944652	Er ist zum Studium zugelassen worden.
559604	Ciao, come ti chiami?	944653	Hallo, wie heißt du?
715145	Perché hai bisogno di una nuova televisione?	944654	Wieso brauchst du einen neuen Fernseher?
506013	La morte di Ronnie James Dio mi rattrista molto.	944656	Ronnie James Dios Tod betrübt mich sehr.
612175	L'incidente è avvenuto venerdì.	944674	Der Unfall ist am Freitag passiert.
750363	Questa frase dev'essere cancellata.	944682	Dieser Satz sollte gelöscht werden.
631231	Questo orologio è elettrico.	944684	Diese Uhr ist eine elektrische Uhr.
672427	L'elefante sollevò un pesante tronco.	944685	Der Elefant hob einen schweren Baumstamm hoch.
633850	Tony si è tolto la maglia e l'ha usata per pulire il pianoforte.	944688	Tony zog sich das Hemd aus und polierte mit ihm das Klavier.
791091	In passato si pensava che il mondo fosse piatto.	944689	Früher dachte man, dass die Welt flach sei.
644996	Avete perso la partita.	944690	Du hast das Spiel verloren.
644996	Avete perso la partita.	944691	Ihr habt die Partie verloren.
409854	Vuoi conoscere il mio segreto? È molto semplice...	944925	Willst du mein Geheimnis wissen? Es ist ganz einfach...
886419	Stai calmo e comportati bene!	945097	Sei ruhig und benimm dich!
838724	Dovreste andare a letto.	945098	Du solltest schlafen gehen.
926800	Perché diavolo hai venduto la tua nuova casa appena costruita?	945104	Warum in Herrgotts Namen hast du dein gerade erst gebautes Haus verkauft?
756672	Gli ho fatto lavare l'auto.	945105	Ich habe ihn das Auto waschen lassen.
679042	Quando ero bambino, la nostra casa sembrava più grande di adesso.	945160	Als Kind kam mir unser Haus größer vor als jetzt.
634339	Mangia quel che ti piace.	945163	Iss, was du möchtest.
616959	Per piacere mi porti al Grand Hotel.	945165	Bringen Sie mich bitte zum Grand Hotel.
726433	Tu sei l'unico che può aiutarmi.	945169	Du bist der Einzige, der mir helfen kann.
835464	Fa molto freddo.	945171	Es ist saukalt.
930651	Ho ancora tanto tempo per divertirmi.	945177	Es bleibt mir noch so viel Zeit, um mich zu amüsieren.
374184	Dicono che sia milionario.	945180	Er soll Millionär sein.
876785	Lui ha promesso di sposarla.	945183	Er versprach ihr, sie zu heiraten.
880209	Non avvantaggiarti delle debolezze degli altri.	945185	Man soll die Schwäche anderer Leute nicht ausnutzen.
521364	Tutti risero di me.	945187	Alle lachten mich aus.
842568	Posso chiedere un paio di domande?	945188	Darf ich Ihnen ein paar Fragen stellen?
632219	Questa è mia sorella.	945234	Das ist meine Schwester.
633045	Non puoi averla lasciata all'aeroporto.	945237	Du kannst es nicht am Flughafen gelassen haben.
588359	Chi ben semina ben raccoglie.	945847	Was ihr säet, das erntet ihr.
418991	La scimmia si arrampicò su un albero.	945849	Der Affe kletterte auf einen Baum.
403025	Paco disegna panorami di città.	945851	Paco zeichnet Städtelandschaften.
627744	Viaggerai da solo?	945853	Gehst du allein auf die Reise?
350407	Londra è una città così grande che i visitatori devono usare bus e metropolitana per muoversi.	945857	London ist eine so große Stadt, dass Besucher, wenn sie von einem Ort zum anderen wollen, den Bus oder die U-Bahn benutzen müssen.
763749	Mi sono addormentato?	945858	Bin ich eingenickt?
859684	Siete mai stati in Giappone?	945860	Bist du schon mal in Japan gewesen?
708799	Lei è venuta qui appena l'ha sentito.	947280	Kaum hatte sie es gehört, kam sie schon.
883461	Abbiamo perso la partita 3-2.	947281	Wir verloren das Spiel 2 zu 3.
756502	Non è un ospedale.	947282	Das ist kein Krankenhaus.
903203	Cosa ne pensa, signorina West?	947283	Woran denken Sie, Frau West?
905741	Aspetta all'entrata di questo edificio.	947284	Warten Sie am Eingang dieses Gebäudes.
755315	Spero che saremo in grado di tenerci in contatto.	947285	Ich hoffe, wir schaffen es, in Kontakt zu bleiben.
876216	Il vecchio uomo mi parlò in francese.	947286	Der alte Mann sprach mich auf Französisch an.
511356	Vorrei la traduzione di questa canzone.	947287	Ich hätte gern die Übersetzung dieses Lieds.
376691	Mi piacerebbe vederti prima di partire per l'Europa.	947288	Ich würde dich gerne mal sehen, bevor ich nach Europa abreise.
624923	Erano tutti sorpresi nel vedermi lì.	947289	Sie waren alle überrascht, mich dort zu sehen.
433188	Ogni sera un usignolo cantava per noi.	947309	Jeden Abend sang eine Nachtigall für uns.
717016	Mike canta bene.	947310	Mike kann gut singen.
410246	Mi piace studiare la storia.	947312	Ich studiere gern Geschichte.
757422	Non so parlare in inglese, ancora meno in spagnolo.	947313	Ich kann kein Englisch, geschweige denn Spanisch.
907044	È seduto di fianco a suo fratello.	947328	Er sitzt neben seinem Bruder.
685743	Partirò per l'Australia il mese prossimo.	947330	Ich werde nächsten Monat nach Australien fliegen.
860633	L'esercito era pieno di armi.	947331	Das Heer war schwerbewaffnet.
947538	Per favore, telefonagli.	947542	Ruf ihn bitte mal an.
947579	Gli chiesi se voleva un orologio.	947591	Ich fragte ihn, ob er eine Uhr wolle.
947602	Non è un'esagerazione chiamarlo un genio.	947610	Es ist nicht übertrieben, ihn als Genie zu bezeichnen.
947615	Che tipi di armi avevano?	947625	Was für Waffen hatten sie?
947667	Ha sposato un musicista.	947674	Sie hat einen Musiker geheiratet.
947686	Ognuno pensa la stessa cosa.	947695	Jeder denkt dasselbe.
383922	Jack non si può permettere di comprare una nuova bicicletta.	947919	Jack kann sich kein neues Fahrrad leisten.
612104	La mia auto è una Ford, proprio come la tua.	947921	Ich habe einen Ford, genau wie du.
607369	Come si scrive il tuo nome?	947923	Wie schreibt sich dein Name?
874313	Si guadagna da vivere scrivendo.	947926	Er verdient sich seinen Lebensunterhalt mit dem Schreiben.
948026	Io non sono gay, ma il mio ragazzo sì.	948034	Ich bin nicht schwul, aber mein Freund schon.
926833	Il motore è andato.	948226	Der Motor ist abgesoffen.
825802	Stai dormendo, Tom?	948230	Schläfst du, Tom?
610125	Voglio chiedere scusa per l'altro giorno.	948237	Ich möchte mich für neulich entschuldigen.
677397	Temo che lei abbia sbagliato numero.	948242	Ich fürchte, Sie haben sich verwählt.
627750	Ti senti bene?	948371	Geht's dir gut?
715200	In Giappone possiamo criticare il governo liberamente.	948372	In Japan können wir die Regierung offen kritisieren.
624853	Aveva bisogno di qualcuno che la capisse.	948373	Sie brauchte jemand, der sie verstand.
511332	Mi ha detto che non esce con nessuno ora, ma non ci credo.	948375	Sie sagte mir, dass sie momentan mit niemandem zusammen sei, aber das glaube ich nicht.
780978	Siete proprio fortunati!	948378	Ihr seid wirklich Glückspilze!
908607	È difficile smettere di fumare.	948379	Es ist nicht leicht, mit dem Rauchen aufzuhören.
383468	È una studentessa del secondo anno.	948402	Sie studiert im zweiten Jahr.
374694	Carole studia lo spagnolo da tre anni.	948478	Carole lernt seit drei Jahren Spanisch.
410241	Mi piace la storia.	948491	Mir gefällt die Geschichte.
861846	Cosa resta della civiltà moderna?	948496	Was bleibt von der modernen Zivilisation übrig?
612014	Mi piace la vostra auto.	948500	Ihr Wagen gefällt mir.
378845	L'auto è pronta.	949212	Der Wagen steht bereit.
713221	Il ghiaccio nel mare artico sta scomparendo.	949220	Das Eis im arktischen Meer wird immer weniger.
666635	Non odiatemi!	949222	Verachte mich nicht!
823490	Mi insegneresti come fare il formaggio?	949223	Bringst du mir bei, wie man Käse macht?
913506	I libri sono sul tavolo.	949242	Die Bücher liegen auf dem Tisch.
927058	Dovresti lavorare negli interessi dell'umanità.	949243	Du solltest im Interesse der Menschheit arbeiten.
889528	Ogni scelta implica una rinuncia.	949310	Jede Wahl beinhaltet einen Verzicht.
600303	Torna al tuo posto.	949311	Geh zurück auf deinen Platz.
585786	È stato assolto da ogni responsabilità.	949312	Er wurde von jeder Verantwortung freigesprochen.
610022	Vivono vicini.	949313	Sie wohnen in der Nähe.
820374	Egli si comporta, come se fosse un re.	949314	Er benimmt sich, als wäre er ein König.
617650	Cosa diavolo stai facendo qua?	949320	Was machst du denn hier?
833622	Lascerò questo libro per voi dal mio vicino.	949322	Ich lasse das Buch für euch bei meinem Nachbarn.
645976	Avresti fatto meglio a chiedere un consiglio al dottore.	949532	Du hättest besser einen Arzt zu Rate ziehen sollen.
897942	L'autunno è appena dietro l'angolo.	949533	Der Herbst steht vor der Tür.
625078	Questa esperienza conta molto nella sua vita.	949534	Diese Erfahrung bedeutet ihm viel fürs Leben.
621028	Non c'è bisogno di scusarsi.	949536	Sie brauchen sich nicht zu entschuldigen.
883110	In ogni caso, vorrei ringraziare voi tutti.	949540	Jedenfalls möchte ich euch allen danken.
712985	È la fotografia della mia sorella più piccola.	949542	Auf diesem Foto ist meine jüngste Schwester.
547100	Mio fratello si è fatto prete.	949674	Mein Bruder ist Pfarrer geworden.
399640	La regina regna ma non governa in Inghilterra.	949679	Die Königin ist Englands Oberhaupt, hat aber nicht die Regierungsgewalt.
707527	La notizia l'ha resa felice.	949682	Die Nachricht stimmte sie glücklich.
888195	Quel giorno c'era vento forte.	949702	An jenem Tag war es sehr stürmisch.
521291	Alla ragazza piacciono i cavalli.	949718	Das Mädchen liebt Pferde.
935992	Le persone al di sotto dei 18 anni non possono sposarsi.	949721	Personen unter 18 Jahren dürfen noch nicht heiraten.
899428	Nick non ha bisogno di venire nel mio ufficio.	949732	Nick muss nicht in mein Büro kommen.
617206	Scusa per aver aperto la tua lettera per sbaglio.	951483	Entschuldige, dass ich aus Versehen deinen Brief aufgemacht habe.
624977	Vi è piaciuto il film?	951484	Hat Ihnen der Film gefallen?
934465	Ti va di mangiare con noi?	951485	Kommst du mit uns was essen?
711344	Gli uomini indossano magliette a maniche corte.	951490	Die Männer tragen kurzärmelige Hemden.
842755	Ti chiamerò alle sette.	951491	Ich rufe dich um sieben an.
717744	Com'era il tempo?	951492	Wie war das Wetter?
621055	Secondo me ha torto.	951493	Meiner Meinung nach liegt er falsch.
616997	Non riesco a resistere senza zucchero nel caffè.	951494	Ich kann keinen Kaffee ohne Zucker trinken.
823442	È sorprendente quanto poco conosca del mondo.	951566	Es ist erstaunlich, wie wenig sie von der Welt weiß.
350599	Per favore, dimmi cosa dovrei fare in questa situazione.	951568	Sag mir bitte, was ich in dieser Lage machen soll.
621138	Cosa hai fatto quest'estate?	951570	Was hast du diesen Sommer so getan?
627709	Ha protestato dignitosamente per la sua innocenza.	951571	Mit Würde pochte sie auf ihre Unschuld.
350537	Che ne dici di mangiare fuori stasera tanto per cambiare?	951582	Was hältst du davon, wenn wir heute Abend zur Abwechslung mal draußen essen?
633789	Ha girato la chiave.	951583	Er hat den Schlüssel umgedreht.
521172	Ma che vuoi?	951584	Was willst du denn?
719195	Alcuni animali, come le tigri, mangiano carne.	951585	Manche Tiere, wie die Tiger, fressen Fleisch.
951925	Non mi piace il modo in cui ti prendi gioco di lei.	951928	Mir gefällt nicht die Art und Weise, in der du dich über sie lustig machst.
350330	Si fece male cadendo.	955659	Er hat sich beim Fallen wehgetan.
857119	Numerose stelle erano visibili nel cielo.	955662	Am Himmel funkelten zahlreiche Sterne.
874312	Lei lavora duro come ogni altro studente.	957273	Sie arbeitet so hart wie jeder andere Student.
716989	Molte ditte hanno applicato una giornata lavorativa di otto ore.	957275	Viele Betriebe haben einen Achtstundentag eingeführt.
375625	Non sono d'accordo con voi.	957276	Ich bin nicht Ihrer Meinung.
755324	Judy passa molto tempo a guardarsi allo specchio.	957277	Judy verbringt viel Zeit damit, sich im Spiegel zu betrachten.
908790	Non ho voglia di uscire.	957278	Ich habe keine Lust, auszugehen.
876588	Fai esempi.	957279	Gib mal ein paar Beispiele.
840474	Rimanete ai vostri posti con le cinture allacciate.	957280	Bleiben Sie bitte noch angeschnallt sitzen.
350630	Parla come se avesse già letto il libro.	957467	Er redet, als hätte er das Buch schon gelesen.
714587	Ti stavo per scrivere, ma ero troppo occupata.	957468	Ich wollte dir ja schreiben, aber ich hatte zuviel zu tun.
839317	A che ora ti alzi ogni mattina?	957470	Wann stehst du morgens auf?
399813	George ha due cugini; uno vive in Germania e l'altro in Svizzera.	957596	George hat zwei Cousins; der eine lebt in Deutschland, der andere in der Schweiz.
621109	Si dice che sia nata in Germania.	957600	Sie soll in Deutschland geboren sein.
729957	In Germania gli inverni sono più freddi che in Italia.	957602	In Deutschland ist es im Winter kälter als in Italien.
787711	Fa il gay.	957662	Er macht einen auf schwul.
719306	Parli spagnolo?	959947	Sprechen Sie Spanisch?
629441	Ero affamato e arrabbiato.	959948	Ich war hungrig und angefressen.
731614	Il cantante era conosciuto dai giovani.	959949	Der Sänger war bei jungen Leuten bekannt.
570373	Tutti i cani erano vivaci.	959950	Alle Hunde waren am Leben.
374301	Tieniti libero domenica prossima.	959951	Halte nächsten Sonntag frei.
633552	Tom ha riconosciuto la sua sconfitta.	959952	Tom hat seine Niederlage anerkannt.
801005	Egli la vide e arrossì.	959953	Als er sie sah, errötete er.
852951	Sei occupato domani pomeriggio?	959954	Hast du morgen Nachmittag zu tun?
378705	Queste scarpe sono un po' grandi.	960797	Diese Schuhe sind etwas groß.
711312	Ho lasciato il mio posto alla signora anziana.	960801	Ich überließ meinen Sitz der alten Frau.
609059	Sono arrivato lì appena in tempo.	962309	Ich bin dort gerade noch rechtzeitig angekommen.
777426	Credo di aver preso il raffreddore.	962310	Ich glaube, ich habe mir eine Erkältung eingefangen.
614343	Sopporto a malapena il suo comportamento.	962311	Ich kann sein Benehmen nur schwer ertragen.
758755	Il nome del pianista è noto a tutti.	962313	Der Name des Klavierspielers ist allgemein bekannt.
836312	Si è congratulato con me per il mio successo.	962315	Er beglückwünschte mich zu meinem Erfolg.
380241	Ha doppiato una voce in "Avatar".	963156	Er hat eine Stimme in "Avatar" synchronisiert.
691429	Quest'anno Natale cade di domenica.	963157	Dieses Jahr fällt Weihnachten auf einen Sonntag.
351150	Salvò il bambino mettendo a rischio la propria vita.	963158	Er rettete das Kind unter Einsatz seines eigenen Lebens.
766243	Questa fabbrica produce lettori CD.	963159	Diese Fabrik stellt CD-Player her.
524814	Non era contento della sua vita a Parigi.	963161	Er war mit seinem Leben in Paris nicht glücklich.
905667	Lei ha preso un tipico esempio di musica moderna.	963162	Sie wählte ein typisches Beispiel für moderne Musik aus.
713905	Ha comprato molta farina e molto olio.	963163	Er hat reichlich Mehl und Öl gekauft.
388030	Questa isola si trova a tre chilometri dalle coste.	963165	Diese Insel befindet sich drei Kilometer vor der Küste.
398673	Mike e sua sorella parlano il francese, ma non il giapponese.	963250	Mike und seine Schwester sprechen Französisch, aber kein Japanisch.
859608	Ricchi si diventa, eleganti si nasce.	963251	Reich wird man, elegant ist man von Geburt an.
706822	All'improvviso sentii un grido.	963252	Plötzlich hörte ich einen Schrei.
547101	Il campanile della cattedrale di Siviglia si chiama La Giralda.	963253	Der Glockenturm der Kathedrale von Sevilla heißt La Giralda.
842748	Dovete solo chiederlo.	963616	Du musst nur danach fragen.
717431	La nostra classe ha quarantacinque studenti.	963618	Unsere Klasse besteht aus fünfundvierzig Schülern.
610088	Cerchi le parole nel suo dizionario.	966054	Schlagt die Wörter in eurem Wörterbuch nach.
900607	Vi prego di annotarlo.	966055	Schreiben Sie das bitte mit.
425861	La legge è dura, ma è la legge.	966059	Das Gesetz ist hart, aber es ist das Gesetz.
616981	Vi mostrerò l'auto che ho appena comprato.	966062	Ich zeige euch das Auto, das ich mir gerade gekauft habe.
715178	Ho una grande stima di te.	966067	Ich schätze dich sehr.
380659	Sono un insegnante.	966117	Ich bin Lehrer.
634491	Ci ha detto che la strada era chiusa.	966121	Sie sagte uns, die Straße sei gesperrt.
606667	Pare che ci saranno presto delle elezioni.	966124	Es riecht nach baldigen Wahlen.
966172	I due uomini seduti sulla panca erano americani.	966177	Die beiden auf der Bank sitzenden Männer waren Amerikaner.
966185	Mi sussurrò qualcosa.	966188	Er flüsterte mir etwas ins Ohr.
966187	Posso convincerti facilmente della sua innocenza.	966191	Ich kann dich leicht von seiner Unschuld überzeugen.
705809	Justin Bieber è più famoso di Katie Holmes.	966216	Justin Bieber ist berühmter als Katie Holmes.
670023	Ebbi grandi difficoltà all'inizio.	966233	Ich hatte am Anfang große Schwierigkeiten.
643136	L'ha comprato per cinque dollari.	967300	Er hat es für fünf Dollar gekauft.
609088	Lei continua a dire che ha ragione.	967301	Sie besteht darauf, recht zu haben.
383780	Ho comprato due bottiglie di latte.	967303	Ich habe zwei Flaschen Milch gekauft.
711481	Era occupata col lavoro domestico.	967304	Sie war mit der Hausarbeit beschäftigt.
712730	Voi restate, io me ne vado.	967305	Sie bleiben, ich gehe.
694832	La sua vita procedeva senza problemi.	967352	Sein Leben verlief ohne Probleme.
702869	Voglio qualcosa di caldo da bere.	967354	Ich möchte etwas Warmes zu trinken.
830714	Credo che questa ragazza sia sincera.	967356	Ich halte dieses Mädchen für ehrlich.
740385	Mi ha fatto dare un'occhiata alla sua nuova macchina.	967359	Sie ließ mich einen Blick auf ihren neuen Wagen werfen.
906430	Non avete le palle di tradurre questa frase.	967365	Du hast doch nicht den Mumm, um diesen Satz zu übersetzen.
906430	Non avete le palle di tradurre questa frase.	967367	Du hast doch zu viel Schiss, um diesen Satz zu übersetzen.
967394	La patata è originaria degli altipiani dell'America latina.	967403	Die Kartoffel stammt von den Hochebenen Lateinamerikas.
967926	Ho sempre voluto conoscerti.	967934	Ich habe Sie immer schon kennenlernen wollen.
967955	Tra una settimana da oggi sarò in Inghilterra.	967964	Heute in einer Woche werde ich in England sein.
448357	È la mia compagna di classe.	969050	Sie ist meine Klassenkameradin.
934217	Che animale è?	969057	Was ist das für ein Tier?
899250	Mi vergogno della infingardaggine di mio figlio.	969059	Ich schäme mich für die Faulheit meines Sohnes.
399661	Quando lei gli ha chiesto se era stanco ha risposto di sì.	969148	Als sie ihn fragte, ob er müde sei, bejahte er dies.
969609	La vita è troppo bella per essere insignificante.	969611	Das Leben ist zu schön, um unbedeutend zu sein.
351006	Ti ho chiesto se volevi un passaggio.	969640	Ich habe dich gefragt, ob du mitfahren willst.
621168	Sono passati due mesi da quando se n'è andato in Francia.	969641	Zwei Monate sind es nun schon, seit er nach Frankreich gezogen ist.
717822	Se vuoi ascoltare una storia spaventosa ti dirò di un sogno che ho fatto qualche settimana fa.	969646	Wenn du mal eine richtige Gruselgeschichte hören willst, werde ich dir den Traum erzählen, den ich vor ein paar Wochen hatte.
419173	C'è un paio di forbici sul tavolo.	969650	Eine Schere liegt auf dem Tisch.
722503	Chiamami Ismaele.	969652	Nennt mich Ismael.
761633	Cosa ne è stato della ragazza con cui dividevi la stanza?	969809	Was ist aus dem Mädchen, mit dem du das Zimmer teiltest, geworden?
350397	Che ne dici di andare a vedere un film sabato?	971007	Hast du Lust, am Samstag ins Kino zu gehen?
612335	Mi ricorderò di te per sempre.	971008	Ich werde mich immer an dich erinnern.
395760	Insegnò musica per trent'anni.	971009	Sie gab dreißig Jahre lang Musikunterricht.
935781	Questa medicina porterà via il dolore.	971010	Dieses Medikament wird den Schmerz verschwinden lassen.
568596	Non ho nulla a che fare con i loro problemi.	971011	Ich habe mit ihren Problemen nichts zu schaffen.
794194	Chi comanda il tempo?	973794	Wer bestimmt über die Zeit?
883350	Perché vuoi diventare infermiera?	973795	Warum willst du Krankenschwester werden?
475370	Questo libro è spesso e l'altro è sottile.	973796	Dieses Buch ist dick und das andere dünn.
865134	Lui ha una conoscenza del mondo molto grande.	973822	Er hat ein sehr großes Allgemeinwissen.
899251	La ragazza ha una buona calligrafia, anche se ha solo dieci anni.	973825	Das Mädchen hat für ihre zehn Jahre schon eine sehr schöne Schrift.
842719	Ha chiesto protezione alla polizia.	973826	Sie hat die Polizei um Schutz gebeten.
585834	Gli animali erano impegnati a raccogliere noci.	973828	Emsig lasen die Tiere Nüsse auf.
727295	Scipione vinse Annibale.	973830	Scipio hat Hannibal besiegt.
412810	Voglio faxarlo in Giappone.	974912	Ich möchte dies nach Japan faxen.
825793	Guardatemi negli occhi.	974913	Schau mir in die Augen.
626426	In circa due settimane.	974915	In circa zwei Wochen.
694872	Nel giro di un anno mio figlio si è fatto più robusto.	974917	Im Laufe eines Jahres ist mein Sohn kräftiger geworden.
704112	Quando vuoi andare?	974918	Wann willst du gehen?
819720	Come si guadagna da vivere?	974919	Wie bestreitet er seinen Lebensunterhalt?
625163	Tieni gli occhi aperti.	974920	Halte die Augen offen.
935046	Cosa vi sta preoccupando?	975128	Was macht dir Sorgen?
709300	È andata a fare una passeggiata.	975129	Er ist spazierengegangen.
878730	Forza!	975130	Auf geht's!
750394	Scrivi almeno 250 parole.	975131	Schreib mindestens 250 Wörter.
908874	State parlando di lavoro?	975133	Sprecht ihr über die Arbeit?
759965	Vedemmo il bambino salire sull'autobus.	975134	Wir sahen das Kind aus dem Bus steigen.
976101	Nevica lì.	976104	Dort schneit es.
897088	Gli americani partecipano alla maggior parte degli sport.	978175	Die Amerikaner nehmen an den meisten Sportarten teil.
825808	I primi esploratori usavano le stelle per la navigazione.	978177	Die ersten Entdecker richteten sich bei der Navigation nach den Sternen.
390627	Mi sono rotta la gamba.	978178	Ich habe mir das Bein gebrochen.
618239	Il sole è circa 1.000.000 di volte più largo della terra.	978384	Die Sonne ist ungefähr eine Million mal größer als die Erde.
735518	Se un ladro entrasse nella mia stanza, gli lancerei qualcosa contro.	978385	Wenn ein Dieb in mein Zimmer eindringen würde, dann würde ich ihm etwas an die Birne schleudern.
666770	Qualche giorno fa ero in ospedale.	978588	Ich war vor ein paar Tagen im Krankenhaus.
883385	O Romeo Romeo, perché sei tu Romeo?	978589	O Romeo, Romeo, warum bist du Romeo?
910274	Hai mai visto un ragno tessere la sua tela?	978590	Hast du schon mal eine Spinne ihr Netz spinnen sehen?
777430	Sono entrata nei dettagli.	978591	Ich nannte Einzelheiten.
685668	Non è il ragazzo che è venuto qui ieri.	979623	Das ist nicht der Junge, der gestern hier war.
350381	Passammo le vacanze al mare.	979624	Wir haben die Ferien am Meer verbracht.
622723	Ha attraversato la strada a piedi con il semaforo rosso.	979625	Er ist bei Rotlicht über die Straße gegangen.
899261	Ci fermiamo presto?	979626	Sollen wir bald halten?
916317	Questa classe comprende 15 ragazzi e 28 ragazze.	982046	Diese Klasse setzt sich aus 15 Jungen und 28 Mädchen zusammen.
666784	Come prendi il caffè, con o senza zucchero?	982047	Wie trinken Sie den Kaffee, mit oder ohne Zucker?
624796	Questa è la bandiera del Giappone.	982048	Das ist die Fahne von Japan.
984025	Segua le stelle.	984033	Folge den Sternen.
984021	Qual è la popolazione di New York?	984040	Was ist die Einwohnerzahl von New York?
1000590	Ti giuro che ho visto un extraterrestre!	1000678	Ich schwöre dir, dass ich einen Außerirdischen gesehen habe!
880210	Non avvantaggiatevi delle debolezze degli altri.	1003411	Nütze nicht die Schwäche anderer aus.
962391	Si dice che mia sorella sia bellissima.	1003412	Man sagt, meine Schwester sei wunderschön.
962406	Fai i tuoi compiti prima di guardare la TV.	1003413	Mach deine Hausaufgaben, bevor du fernsiehst.
899256	Guarda! Il treno è arrivato!	1003414	Schau! Der Zug ist da!
791253	La mia ragazza è cinese.	1003647	Meine Freundin ist Chinesin.
748214	Dopo essere sceso dal treno, cercò una cabina telefonica.	1003652	Nachdem er aus dem Zug gestiegen war, suchte er eine Telefonzelle.
409637	Dissi a mia moglie di sbrigarsi.	1003654	Ich sagte meiner Frau, sie solle sich beeilen.
921311	Due problemi sono rimasti insoluti.	1003655	Zwei Probleme blieben ungelöst.
426110	La lingua inglese è vicina alla lingua tedesca.	1003656	Die englische Sprache ist mit der deutschen verwandt.
409449	Il tuo portamonete è simile al mio.	1004371	Dein Geldbeutel sieht meinem ähnlich.
950104	Li usiamo spesso come parasoli o come ombrelli.	1004373	Wir benutzen sie oft als Sonnen- oder Regenschirme.
381835	C'è pochissima carta rimasta.	1004374	Es ist nur noch wenig Papier übrig.
841392	Fu Janet a vincere il primo premio.	1004891	Den ersten Preis gewann Janet.
631230	"Com'è andata?" "Dicono che sia stata appendicite acuta."	1004892	"Was war's?" "Sie sagen, es sei eine akute Blinddarmentzündung."
750477	L'anziano è morto di fame.	1004893	Der Greis verhungerte.
817758	Il pieno.	1004894	Volltanken.
641630	È stato difficile convincerlo ad annullare il viaggio.	1004896	Er ließ sich nur schwer davon überzeugen, die Reise zu stornieren.
395758	Roma è una città che vale la pena visitare.	1004898	Rom ist eine Stadt, die einen Besuch wert ist.
869660	A proposito di Svizzera, ci siete mai stato in inverno?	1004900	A propos Schweiz, sind Sie dort schon mal im Winter gewesen?
820715	Il Tevere attraversa Roma.	1004902	Der Tiber fließt durch Rom.
493584	Il Sahara è un grande deserto.	1005384	Die Sahara ist eine große Wüste.
706231	Lui avrà diciassette anni in febbraio.	1005407	Er wird im Februar siebzehn.
1005408	L'hai fatto apposta.	1005410	Du hast es absichtlich getan.
888619	A che ora si mangia?	1005420	Um wie viel Uhr wird gegessen?
684056	Non so cosa fare domani!	1005426	Ich weiß nicht, was ich morgen machen soll.
714584	Ti stavo per scrivere, ma ero troppo occupato.	1005431	Ich wollte dir gerade schreiben, doch ich war zu beschäftigt.
847547	Ecco un libro.	1005539	Hier ist ein Buch.
859436	Gli Stati Uniti d'America sono composti da 50 stati.	1005978	Die Vereinigten Staaten von Amerika setzen sich aus 50 Staaten zusammen.
717785	Non mi avete dato ciò che ho chiesto.	1005979	Sie haben mir nicht gegeben, worum ich Sie gebeten habe.
616029	I suoi consigli sono sempre molto sensati.	1005980	Seine Ratschläge sind stets überaus vernünftig.
876830	Per piacere rispondi a tutte le domande.	1005981	Beantworten Sie bitte sämtliche Fragen.
979563	Il principio che soggiace alla democrazia è la divisione dei poteri.	1006016	Das einer Demokratie zugrunde liegende Prinzip ist die Gewaltenteilung.
375669	Conosco il ragazzo.	1006087	Ich kenne diesen Jungen.
947573	Ditemi l'ora esatta, per favore.	1006524	Sagen Sie mir bitte die genaue Uhrzeit.
946771	I comunisti presero il potere in Cina nel 1949.	1006526	In China ergriffen die Kommunisten 1949 die Macht.
911055	C'è poco spazio per il dubbio.	1006529	Es gibt nur wenig Raum für den Zweifel.
606796	Sarebbe meglio non cambiare il piano.	1006530	Es wäre besser, den Plan nicht zu ändern.
375620	Sono d'accordo con voi.	1006533	Ich bin Ihrer Meinung.
876825	Ero imbarazzata quando mi parlava.	1006535	Ich war verlegen, als er mich ansprach.
898687	Vengo a luglio.	1006559	Ich komme im Juli.
754049	Non leggo mai dei libri erotici.	1006583	Ich lese nie erotische Bücher.
500254	Il vulcano ha eruttato due volte quest'anno.	1008029	Der Vulkan ist heuer zweimal ausgebrochen.
664229	Le spine non fanno tanto male se tra loro si vede la bellezza della rosa.	1008038	Dornen tun weniger weh, wenn man zwischen ihnen die Schönheit der Rose ausmacht.
947444	L'aereo decollò alle sette.	1008039	Das Flugzeug hob um sieben ab.
411821	L'ho ascoltato spesso parlare in inglese.	1008040	Ich habe ihn oft auf Englisch sprechen hören.
750886	Di quanti mesi è incinta?	1008042	Im wievielten Monat bist du schwanger?
382186	Cinque più due fa sette.	1008044	Fünf plus zwei ist gleich sieben.
948072	Le attività sportive richiedono una figura slanciata.	1008052	Sportliche Betätigung erfordert eine schlanke Figur.
381786	Ha un figlio che amano tutti.	1008058	Sie hat einen allseits beliebten Sohn.
632256	Quand'è che parti per la Luna? Abbiamo bisogno tutti di te.	1008061	Wann fliegst du zum Mond? Wir brauchen dich doch alle.
999390	Mia zia ha cresciuto cinque figli.	1008167	Meine Tante hat fünf Kinder großgezogen.
350267	Questo fiume è tre volte più lungo dell'altro.	1008191	Dieser Fluss ist dreimal so lang wie der andere.
757425	Sto ascoltando la musica.	1009046	Ich höre gerade Musik.
624970	Il dottor Miller vuole che tu aspetti un attimo.	1009047	Doktor Müller möchte, dass du noch eine Weile wartest.
508078	Ieri sono andata con mia madre alla Goethe Zentrum di Bologna per chiedere informazioni sui loro corsi di tedesco.	1009060	Gestern bin ich mit meiner Mutter zum Goethe-Institut von Bologna gegangen, um Informationen über die dortigen Deutschkurse einzuholen.
399099	A volte vado, a volte no.	1009063	Manchmal gehe ich, manchmal nicht.
641835	Chi ti ha parlato di me?	1009286	Wer hat dir von mir erzählt?
661132	So suonare il piano molto bene.	1009296	Ich konnte mal sehr gut Klavier spielen.
622252	Cosa pensi del suo atteggiamento?	1009297	Was hältst du von seinem Getue?
373961	Sono libero ora.	1009298	Ich habe jetzt frei.
693035	Abbiamo facilmente indovinato la password.	1009299	Wir haben das Passwort unschwer erraten.
350836	Che ne dici di un'altra tazza di caffè?	1009300	Wie wäre es mit einer weiteren Tasse Kaffee?
946214	Dividete i dolci tra di voi.	1013906	Teilt die Süßigkeiten unter euch auf.
900270	La pena di morte dovrebbe essere abolita.	1013907	Die Todesstrafe sollte abgeschafft werden.
993614	Loro vivono in una casa affittata.	1013908	Sie bewohnen ein gemietetes Haus.
622690	John è il mio fratello minore.	1013909	Johann ist mein kleiner Bruder.
632889	Amo gli sport. L'ho preso da mio padre.	1013910	Ich liebe Sport. Das habe ich von meinem Vater.
903221	Dobbiamo catturare il leone vivo.	1013911	Wir müssen den Löwen lebendig fangen.
977319	L'aria è umida e calda.	1013912	Die Luft ist schwül.
926419	È stato un incontro casuale.	1015578	Es war eine zufällige Begegnung.
726594	Sta insegnando spagnolo?	1015580	Unterrichten Sie Spanisch?
664226	Ora che hai raggiunto l'età hai il diritto di voto.	1018401	Nun, da du volljährig geworden bist, hast du das Recht, wählen zu gehen.
524197	Togliti la giacca perché fa molto caldo.	1018404	Zieh dir doch die Jacke aus, so heiß, wie es ist.
603414	Gli studenti devono studiare di più.	1018406	Die Schüler sollten fleißiger lernen.
946058	Lui non può avervi sentiti.	1018408	Er kann Sie nicht gehört haben.
845705	Non guardare solo il lato cattivo.	1018410	Betrachte doch nicht immer nur die Schattenseite.
440413	Hai perso la testa?	1018411	Hast du den Verstand verloren?
867727	Avete delle vacanze di Natale in Giappone?	1018412	Habt ihr in Japan Weihnachten frei?
976857	Lui è uno storico.	1018423	Er ist Historiker.
382928	Mi ferì con le mie stesse ferite.	1019589	Sie verletzte mich mit meinen eigenen Wunden.
984048	Mi sono svegliata alle cinque stamattina.	1019590	Ich bin heute früh um fünf Uhr aufgewacht.
791346	Vi consiglio la nostra zuppa di cipolle.	1019594	Ich empfehle Ihnen unsere Zwiebelsuppe.
635779	Lei indossa vestiti bellissimi.	1019596	Sie trägt wunderschöne Kleider.
626953	La donna parla spagnolo.	1019598	Die Frau spricht Spanisch.
851723	Ha lasciato il suo ombrello sul treno.	1019600	Sie hat ihren Schirm im Zug gelassen.
673185	Non ho mai conosciuto una ragazza così leziosa, è davvero insopportabile.	1019693	Ich habe noch nie ein so zickiges und dermaßen unausstehliches Mädchen gesehen.
546918	Mio padre non mi dà mai dei soldi, è troppo tirchio.	1019698	Mein Vater gibt mir nie Geld, er ist so ein Geizkragen.
769968	La luna non è un pianeta, ma un satellite della terra.	1019705	Der Mond ist kein Planet, sondern ein Erdtrabant.
759947	Helen tiene la sua stanza sempre pulita.	1019711	Helen hält ihr Zimmer stets sauber.
758838	Il tuo eccellente lavoro mi ha messo in ridicolo.	1019713	Deine hervorragende Arbeit hat mich bloßgestellt.
569348	Il caffè è cattivo.	1022609	Der Kaffee schmeckt scheußlich.
957620	Non possiamo perdere questa occasione, è troppo importante!	1022612	Wir dürfen diese Gelegenheit nicht verpassen, das ist zu wichtig!
438668	Mi fissava con uno sguardo cattivo.	1022613	Er warf mir einen bösen Blick zu.
707161	Urlò quando vide il serpente.	1022617	Als sie die Schlange sah, schrie sie.
914257	Dovremmo aiutare i bisognosi.	1022935	Wir sollten den Bedürftigen beistehen.
840483	È andato in Italia dieci anni fa e da allora ha vissuto lì.	1022937	Er ist vor zehn Jahren nach Italien gezogen und lebt seitdem dort.
373842	La nostra compagnia vuole prendere parte in questo progetto di ricerca.	1022940	Unser Unternehmen möchte gern an diesem Forschungsprojekt teilnehmen.
818271	Se avessi saputo il suo indirizzo le avrei scritto.	1023637	Hätte ich ihre Adresse gewusst, dann hätte ich ihr geschrieben.
350610	Faresti meglio a portarti l'ombrello.	1023638	Ihr solltet für alle Fälle den Regenschirm mitnehmen.
842717	Abbiamo fatto molti progressi oggi.	1023639	Wir sind heute ein ganzes Stück vorangekommen.
861847	Quali sono le sue abitudini?	1023642	Was für Gewohnheiten hat er?
967682	Quel bambino piange sempre.	1023643	Dieses Kind ist nur am Flennen.
999353	Lui è un bravo violinista, non è vero?	1030313	Er ist ein Spitzengeiger, nicht wahr?
744740	Probabilmente si dimenticherà di restituirmi il libro.	1030314	Er wird wahrscheinlich vergessen, mir das Buch zurückzugeben.
955006	Nulla è impossibile per Dio.	1030315	Für Gott ist nichts unmöglich.
380439	Gli animali sono mossi dall'istinto.	1030317	Tiere werden vom Instinkt geleitet.
706388	Un insetto ti ha punto?	1030318	Hat dich ein Insekt gestochen?
1010837	Lui non mente per principio.	1034423	Er lügt aus Prinzip nicht.
715237	Anche un bambino sa distinguere il giusto dallo sbagliato.	1034424	Selbst ein Kind kann das Richtige vom Falschen unterscheiden.
933182	Studio inglese due ore al giorno in media.	1034428	Ich lerne durchschnittlich zwei Stunden täglich Englisch.
1036873	Il mondo è un posto pericoloso.	1036923	Die Welt ist ein gefährlicher Ort.
373819	Suona il piano.	1037318	Sie spielt Klavier.
585856	Che ne dici se ci prendiamo una pausa?	1037319	Wir wäre es mit einer Pause?
644980	Corro in bagno ogni mezz'ora.	1037323	Ich renne alle halbe Stunde aufs Klo.
842534	La nebbia gli impediva di vedere molto lontano.	1037353	Durch den Nebel konnte er nicht allzu weit sehen.
950009	Conoscete l'uomo in piedi sul ponte?	1037354	Kennen Sie den Mann, der da auf der Brücke steht?
381897	Non potete fare meno rumore?	1037358	Könnt ihr nicht leiser sein?
1004079	Un coniglio corre in giardino.	1037359	Ein Kaninchen hoppelt durch den Garten.
713906	Stai buono per un momento.	1037360	Halt mal einen Moment die Luft an.
992137	Spiegò l'affare in dettaglio.	1039034	Er erklärte ausführlich den Sachverhalt.
715155	Potrei sbagliarmi.	1039040	Ich kann mich auch irren.
612174	L'inglese ha adottato molte parole dal francese.	1039041	Das Englische hat dem Französischen viele Wörter entlehnt.
998802	Passatemi il burro, per piacere.	1039043	Reich mir bitte mal die Butter.
955925	Suo padre era un poliziotto.	1039046	Sein Vater war Polizist.
1003702	Gli piace lavorare in giardino.	1042161	Er liebt die Gartenarbeit.
419086	La regina Vittoria fu sovrana della Gran Bretagna.	1042162	Königin Viktoria war das Oberhaupt von Großbritannien.
801752	Hanno paura della morte.	1042163	Sie haben Angst vor dem Tod.
954948	Ci sono degli orsi qua intorno?	1042164	Gibt es hier in der Gegend Bären?
373810	Le piacciono i giochi di parole.	1044037	Sie mag Wortspiele.
1016585	Il bambino mi sorrise.	1044039	Das Baby lächelte mich an.
634503	I fiori non sembrano felici. Vorrei annaffiarli, c'è un annaffiatoio?	1044040	Die Blumen sehen nicht sehr glücklich aus. Ich würde ihnen gerne Wasser geben. Hast du mal eine Gießkanne?
852935	Sei allergico alle medicine?	1044279	Hast du eine Medikamentenallergie?
880138	Spero che ritornerai.	1044280	Hoffentlich kommst du zurück.
409402	Il vecchio uomo stava morendo di fame.	1044284	Der Greis war halbverhungert.
990421	"Hai bisogno di una T-shirt?" "Sì, di una rossa."	1044285	"Brauchst du ein T-Shirt?" "Ja, ein rotes."
635284	L'ho saputo da voi.	1045190	Ich habe es von Ihnen erfahren.
726378	C'è una lavatrice nella casa?	1045191	Gibt es im Haus eine Waschmaschine?
839471	Parigi cadde nel 1940.	1045192	Paris fiel 1940.
377114	La pioggia mi ha impedito di uscire.	1045194	Der Regen hielt mich davon ab, hinauszugehen.
947496	Mary ha smesso di fumare.	1045197	Maria hat mit dem Rauchen aufgehört.
612143	Associamo il nome di Einstein alla teoria della relatività.	1045222	Wir verbinden den Namen Einstein mit der Relativitätstheorie.
1020522	L'associazione conta trenta membri.	1045226	Der Verein zählt dreißig Mitglieder.
725089	Ha accettato o no la mazzetta?	1046843	Haben Sie oder haben Sie nicht das Schmiergeld angenommen?
860610	Mi ha fatto la promessa di venire qui alle cinque.	1046845	Er gab mir das Versprechen, um fünf hier zu sein.
383581	Per favore, togliti le scarpe prima di entrare in casa.	1046848	Bitte ziehen Sie vor dem Eintreten die Schuhe aus.
965726	La città cadde in rovina.	1046849	Die Stadt verfällt.
1016430	Il gatto saltò sull'uccello.	1046850	Die Katze sprang den Vogel an.
950148	Gli Stati Uniti sono nell'emisfero settentrionale.	1046852	Die Vereinigten Staaten liegen auf der nördlichen Halbkugel.
937673	L'ingegnere non vive, funziona.	1046900	Die Maschine lebt nicht, sie funktioniert.
527177	Ti consiglio di fare assolutamente una gita a Ferrara e a Ravenna.	1046904	Ich empfehle dir wärmstens einen Ausflug nach Ferrara und Ravenna.
930984	Avete finito di ordinare?	1046905	Haben Sie alles bestellt?
375246	Questo è il Giappone.	1046917	Das hier ist Japan.
730195	Barista, vorrei avere una bibita.	1046920	Herr Ober, ich würde gern was trinken.
765125	Se non fosse per il sole non potremmo affatto vivere.	1047123	Gäbe es nicht die Sonne, könnten wir nicht leben.
630714	Voglio fare installare un telefono.	1047128	Ich möchte mir ein Telefon einrichten lassen.
710309	Credo non abbia mai detto una bugia.	1047130	Ich glaube, sie hat noch nie gelogen.
409334	Calmati.	1047507	Ruhig Blut.
877727	Tom si scusò con lei.	1047509	Tom hat sich bei ihr entschuldigt.
799843	Quando la Spagna colonizzò le Filippine, erano amministrate dalla Città del Messico. Quindi è stato lo spagnolo messicano, non lo spagnolo castigliano, ad aver influenzato il tagalog.	1047521	Als Spanien die Philippinen kolonisierte, wurden diese unter die Verwaltung von Mexiko-Stadt gestellt. Daher wurde Tagalog nicht vom kastilischen Spanisch, sondern vom Spanischen Mexikos beeinflusst.
654707	Nakamatsu ha sorriso amaramente per la sua stupida domanda.	1047525	Nakamatsu hatte auf seine dämliche Frage nur ein säuerliches Lächeln übrig.
947744	Questo nuovo mercato potrebbe migliorare l'intera industria.	1047527	Dieser neue Markt dürfte der gesamten Industrie Auftrieb geben.
439479	Mari è stata in Ungheria.	1047529	Mari war in Ungarn.
625010	I beni fatti a mano sono molto costosi al giorno d'oggi.	1047532	Manuell gefertigte Güter sind heutzutage recht teuer.
947555	Voglio recuperare i miei affari.	1048491	Ich möchte meine Sachen abholen.
609546	È rimasta all'estero da allora.	1048492	Sie ist seither im Ausland geblieben.
844009	Ti ho dato esplicite istruzioni di non toccare nulla.	1048494	Ich habe dir ausdrücklich gesagt, dass du nichts anrühren sollst.
969400	Se togli due da dieci resta otto.	1048495	Zehn minus zwei ist gleich acht.
713973	È sempre a corto di soldi.	1048496	Er ist ständig knapp bei Kasse.
878844	Mi irrita che abbiano dimenticato di pagare.	1048916	Es ärgert mich, dass sie vergessen haben, zu zahlen.
524144	Pago in contanti.	1048917	Ich zahle bar.
991869	Italo Calvino è ritornato in Italia quando era appena un ragazzo.	1048920	Italo Calvino kehrte nach Italien zurück, als er fast noch ein kleiner Junge war.
841263	Lui dimentica spesso di mantenere la sua promessa.	1048924	Er vergisst oft, sein Versprechen einzuhalten.
706328	Ti sanguina spesso il naso?	1048926	Hast du oft Nasenbluten?
726987	Sono molto fiero del lavoro che ho scelto.	1048927	Ich bin stolz auf die Arbeit, die ich mir selbst ausgesucht habe.
409445	Il ragazzo ha pochi amici con cui giocare.	1048929	Der Junge hat wenige Spielkameraden.
965311	Apprezzo davvero la sua gentilezza.	1049714	Ich weiß Ihre Güte wirklich zu schätzen.
635700	Per favore, aspetta un poco.	1049891	Bitte warte noch ein Weilchen.
870394	La bellezza di questo giardino deve più al lavoro dell'uomo che alla natura.	1049909	Dieser Garten verdankt seine Schönheit mehr der Arbeit des Menschen als der Natur.
766311	Penso che conosca la verità.	1051541	Ich glaube, sie kennt die Wahrheit.
947665	Ero deluso di lui.	1051546	Ich war von ihm enttäuscht.
992594	Questo animale è allo stadio larvale.	1056451	Dieses Tier befindet sich im Larvenstadium.
412800	Pulirò il pavimento intanto che tu lavi i piatti.	1056480	Ich wische den Boden, während du den Abwasch machst.
883117	Sono soddisfatto se è diventato anche solo un po' più saggio.	1056481	Ich bin schon zufrieden, wenn er nur ein kleines bisschen weiser geworden ist.
428089	Mille yen sono sufficienti?	1056482	Reichen tausend Yen?
703843	Non essere così serio. È solo un gioco.	1056484	Sei doch nicht so ernst. Ist ja nur ein Spiel.
1063153	Il sacco di Roma avvenne nel 1527.	1063155	Die Plünderung Roms fand 1527 statt.
1063153	Il sacco di Roma avvenne nel 1527.	1063157	Das legt einige neue Möglichkeiten nahe.
842615	Fa davvero freddo oggi.	1065129	Es ist wirklich kalt heute.
861329	Vada avanti!	1068330	Mach weiter!
384553	Oggi è una festa nazionale.	1070413	Heute ist Nationalfeiertag.
990399	Che facciamo se mamma non ci da i soldi?	1070489	Was tun wir, wenn Mutti uns das Geld nicht gibt?
702838	Cosa fate solitamente dopo cena?	1070706	Was macht ihr nach dem Abendessen immer so?
1049233	Quali piatti di carne servite?	1070739	Was für Fleischgerichte bieten Sie an?
1000488	Sei inappetente?	1070811	Hast du keinen Appetit?
1081052	Oggi mi sono svegliato presto.	1081061	Heute bin ich früh erwacht.
1081545	Spiegamelo.	1081548	Erkläre es mir.
888615	Di solito gli uomini anziani sono molto saggi.	1083009	Ältere Leute sind gewöhnlich sehr weise.
662875	Questa ragazza viene dal Giappone.	1088400	Dieses Mädchen kommt aus Japan.
1107121	L'ottimismo è il profumo della vita!	1107271	Optimismus ist der Duft des Lebens!
1107263	Ma non voglio fuggire, voglio vedere l'Italia.	1107272	Aber ich will nicht fliehen, ich will Italien sehen.
706250	"Come si pronuncia il simbolo @ in questa lingua?" "Chiocciola."	1131059	Wie spricht man das Symbol @ in dieser Sprache aus? "At"
1122123	Il riso è venduto al chilogrammo.	1164001	Reis wird kiloweise verkauft.
632284	Mi ha dato tutti i soldi che aveva con sé.	1164002	Er gab mir alles Geld, was er bei sich hatte.
570423	Il supermercato è aperto dal lunedì al sabato.	1164004	Der Supermarkt ist von Montag bis Samstag geöffnet.
817762	C'è uno sciopero.	1164005	Es wird gestreikt.
954932	Ho fiducia in lei.	1164006	Ich vertraue Ihnen.
653793	Le piace il gelato.	1164009	Sie isst gerne Eis.
1083381	Chiamami dopo le nove.	1166023	Ruf mich nach neun Uhr an.
350949	Vorrei smettesse di piovere.	1166253	Wenn es doch nur aufhören würde, zu regnen.
350949	Vorrei smettesse di piovere.	1166254	Es wäre schön, wenn es zu regnen aufhören würde.
976893	La Germania fu un tempo alleata dell'Italia.	1172890	Deutschland war mal Italiens Verbündeter.
929394	Ha qualcosa dell'erudito.	1172891	Er hat etwas von einem Gelehrten.
1160347	Conosce la famiglia?	1172892	Kennst du die Familie?
1088174	Qual è il tuo proverbio preferito?	1172894	Was ist dein Lieblingssprichwort?
1086320	La città mi mancherà, il clima assolutamente no!	1172895	Die Stadt wird mir fehlen, das Klima überhaupt nicht!
717770	Lui non sa che fare.	1172896	Er weiß nicht, was er tun soll.
621076	A cosa servono questi?	1172897	Wozu sind die gut?
926753	L'ho già incontrato.	1172899	Ich bin ihm schon einmal begegnet.
1129013	Questi documenti sono stati stampati su carta riciclata.	1177095	Diese Dokumente wurden auf Recyclingpapier gedruckt.
795178	Puoi andare da Washington a New York in treno.	1177098	Sie können von Washington nach New York mit dem Zug fahren.
399642	In Gran Bretagna le banche aprono alle nove di mattina.	1177099	In Großbritannien öffnen die Banken um neun Uhr morgens.
1109836	Tom si tolse i vestiti e indossò il pigiama.	1177101	Tom zog sich aus und streifte den Pyjama über.
425494	A che ora arriva il treno a Yokohama?	1177103	Um wie viel Uhr kommt der Zug in Yokohama an?
819794	Il cibo non era buono, però almeno era economico.	1177105	Das Essen war nicht gut, aber immerhin preiswert.
627236	Giovane com'è, non è all'altezza del compito.	1177110	So jung, wie er noch ist, ist er der Aufgabe nicht gewachsen.
1062125	Il pianista concesse due bis.	1177812	Der Pianist spielte zwei Zugaben.
934412	John è un professore di letteratura francese a Oxford e sua moglie è francese.	1177813	John ist Professor für französische Literatur in Oxford, und seine Frau ist Französin.
885759	Tom starà vedendo la televisione, se vai a trovarlo ora.	1177814	Tom wird, wenn du ihn jetzt aufsuchst, vor dem Fernseher sitzen.
803695	Esiste?	1177815	Existiert er?
1158567	Che cosa farete?	1179208	Was werdet ihr tun?
761660	L'atterraggio è stato perfetto.	1179210	Die Landung war perfekt.
955093	Che Budda sia lodato.	1179211	Gelobt sei Buddha.
1123815	Ho già preso due caffè.	1179212	Ich hatte schon zwei Kaffee.
761469	Questa vecchia automobile è sempre rotta.	1179213	Dieses alte Auto ist ständig kaputt.
632223	Nessuno rise del mio piccolo incidente e tutti sembravano un po' tristi.	1179638	Niemand lachte über mein kleines Missgeschick, und alle sahen ein wenig traurig aus.
350988	Mio figlio è alto quanto me adesso.	1179639	Mein Sohn ist mittlerweile so groß wie ich.
399839	Non gli piacciono i gatti.	1179641	Er mag keine Katzen.
1004166	A me gira già la testa.	1179642	Bei mir dreht sich schon alles im Kopf.
621200	Studio duramente a scuola.	1179644	In der Schule lerne ich fleißig.
1017037	Quando partirà?	1179648	Wann werden Sie aufbrechen?
1101612	Mi spiace, papà non è in casa.	1181584	Tut mir leid, Papa ist nicht daheim.
990136	Guai a te se hai mangiato quella torta!	1181585	Wehe dir, wenn du diese Torte gegessen hast!
992985	Mia zia è morta a causa della leucemia.	1181586	Meine Tante ist an Leukämie gestorben.
1158641	Tom sentì Mary parlare di John.	1181587	Tom hört Mary über John reden.
999879	Rimase seduto e cercò di dare la migliore impressione possibile.	1183089	Er blieb sitzen und bemühte sich, den bestmöglichen Eindruck zu hinterlassen.
819313	È nel giardino tuo padre?	1183092	Ist dein Vater im Garten?
978361	Ho commesso un errore e non so come riparare.	1183098	Ich habe einen Fehler gemacht und weiß nicht, wie ich ihn wiedergutmachen soll.
650844	Mai dire mai.	1183099	Man soll nie „nie“ sagen.
1122068	Tom è appena tornato da Boston.	1183102	Tom ist gerade aus Boston zurückgekehrt.
385342	Quello non è un cavallo, ma un asino.	1185838	Das ist kein Pferd, sondern ein Esel.
827268	Le ho comprato una nuova auto.	1185839	Ich habe ihr einen neuen Wagen gekauft.
869683	Perché mai gli hai dato un nome del genere?	1185840	Wieso in aller Welt hast du ihm einen solchen Namen gegeben?
701311	Qualsiasi cosa dica, non credergli.	1185841	Egal was er sagt, glaub ihm kein Wort.
519100	Non c'è molta speranza.	1186046	Es gibt nicht viel Hoffnung.
989882	Hai capito?	1186047	Hast du verstanden?
1157987	È nostro dovere ubbidire alla legge.	1186048	Es ist unsere Pflicht, dem Gesetz Folge zu leisten.
947836	È proibito parcheggiare qui.	1186049	Es ist nicht erlaubt, hier zu parken.
1158624	Si conosce già la scusa che inventerà.	1186050	Man weiß schon, welche Ausrede er sich ausdenken wird.
1110111	Posso immaginare!	1186051	Das kann ich mir vorstellen!
795138	Il generale ispezionò le truppe.	1186061	Der General inspizierte die Truppe.
409491	Non parlare a voce così alta.	1186182	Sie brauchen nicht so laut sprechen.
1086364	Solo chi ha già pagato può entrare.	1186184	Nur wer schon bezahlt hat, darf hinein.
1151491	È pericoloso!	1186208	Das ist gefährlich!
610559	A dire il vero non mi interessa dell'America.	1186209	Ehrlich gesagt, interessiert mich Amerika nicht.
411449	Quanto è grande?	1186211	Wie groß?
1187873	Ho parlato proprio io con il ministro.	1187883	Ich habe selbst mit dem Minister gesprochen.
1009586	Visto che sei in Italia, devi assolutamente vedere Napoli.	1188502	Wenn du schon mal in Italien bist, musst du dir unbedingt Neapel ansehen.
813153	Marco fece ciò per amore.	1188503	Markus hat es aus Liebe getan.
1012511	Ha una posizione molto invidiabile.	1188504	Sie ist in einer sehr beneidenswerten Lage.
691723	In caso di emergenza, chiama il 119.	1188505	Im Notfall wählen Sie 119.
387340	Jane è la segretaria del direttore.	1188538	Jane ist die Sekretärin des Direktors.
359406	Questo è tutto quello che posso fare per te.	1188540	Das ist alles, was ich für dich tun kann.
799101	Ha parlato per un'ora.	1188542	Er hat eine ganze Stunde lang gesprochen.
1086604	Sono nata nel mese di maggio.	1188544	Ich bin im Monat Mai geboren.
439744	La mia passione è visitare templi antichi.	1188550	Mein Hobby ist, alte Tempel zu besichtigen.
948078	Avresti dovuto lavorare più duramente.	1188556	Du hättest dich bei der Arbeit mehr bemühen sollen.
930996	Gli studenti adorano il nuovo insegnante di inglese.	1188612	Die Schüler lieben den neuen Englischlehrer.
997926	Questo è un culto ebraico.	1188614	Das ist ein jüdischer Kult.
435544	Henry non ha più di sei dollari.	1188616	Henry hat nicht mehr als sechs Dollar.
968095	Con mio disappunto la sua lettera non è arrivata.	1188618	Zu meiner Enttäuschung ist sein Brief nicht angekommen.
409370	Correggimi se sbaglio.	1188646	Korrigiere mich, wenn ich falsch liege.
524162	Abbiamo degli stivali verdi, azzurri e gialli.	1188647	Wir haben die Stiefel in Grün, Blau und Gelb.
665231	La tazza era vuota.	1188648	Die Tasse war leer.
1037965	Lei si è sposata a 17 anni.	1188649	Sie hat mit siebzehn geheiratet.
386462	Considero Tom un amico.	1188652	Ich sehe Tom als Freund an.
1166948	Erano soddisfatti.	1188653	Sie waren zufrieden.
1124000	Tom morì tre giorni dopo essere arrivato a Boston.	1188668	Tom starb drei Tage nach seiner Ankunft in Boston.
955034	È ancora innamorato di sua moglie?	1188669	Lieben Sie Ihre Frau noch?
1108947	I miei genitori sono sposati da prima che nascessi.	1188670	Meine Eltern haben vor meiner Geburt geheiratet.
1105716	Non sono un nazista!	1188673	Ich bin kein Nazi!
937768	La tua proposta non ha alcun senso.	1190228	Dein Vorschlag ist völlig sinnlos.
1083421	Mi piacciono i cani, ma in compenso non amo i gatti.	1190229	Ich mag Hunde, wohingegen Katzen ich nicht leiden kann.
908666	Ho continuato a dormire perché la sveglia non ha suonato.	1190230	Ich habe weitergeschlafen, da der Wecker nicht geklingelt hat.
690616	Lincoln liberò gli schiavi.	1190231	Lincoln befreite die Sklaven.
991645	I miei figli sono una benedizione.	1190232	Meine Kinder sind ein wahrer Segen.
945975	Ci sono pochi uomini che non lo sanno.	1190992	Das wissen nur wenige Leute nicht.
1071920	Sto bene, grazie. E tu?	1190995	Mir geht's gut, danke. Und dir?
1107156	È capace di parlare dieci lingue.	1190998	Er ist in der Lage, sich in zehn Sprachen auszudrücken.
612091	Trova molto difficile stare senza sigarette per un giorno.	1190999	Er findet, dass es sehr schwer ist, einen Tag lang ohne Zigarette auszukommen.
350316	L'ho conosciuto in Francia.	1192399	Ich habe ihn in Frankreich kennengelernt.
712867	Li hai visti?	1192400	Hast du sie gesehen?
1196094	Amor a nullo amato amar perdona.	1196096	Stets behext Liebende die Liebe.
1147921	Il concerto è stato un successo.	1196495	Das Konzert war ein Erfolg.
445195	L'anziano signore cadde al suolo.	1196498	Der alte Mann fiel hin.
710991	Mi ha fatto visitare la città.	1196499	Er hat mir die Stadt gezeigt.
1052770	Ti sei deciso a vendere casa tua o no?	1196501	Hast du dich entschieden, ob du dein Haus verkaufst oder nicht?
715291	Ho ricevuto una lettera scritta da lei.	1196503	Ich habe einen von ihr verfassten Brief erhalten.
1100245	Sono contento di fare la vostra conoscenza.	1203993	Ich freue mich, Ihre Bekanntschaft zu machen.
1005815	Guarda dove metti i piedi.	1203994	Pass auf, wo du hintrittst!
823444	Era in ritardo per via della neve.	1203996	Wegen des Schnees hat er sich verspätet.
992931	Il gomito è l'articolazione tra il braccio e l'avanbraccio.	1205595	Der Ellenbogen ist das Gelenk zwischen Oberarm und Unterarm.
920314	Se la tua lingua diventa nera dovresti probabilmente vedere un dottore.	1205596	Wenn deine Zunge schwarz wird, solltest du wohl lieber einen Arzt aufsuchen.
590610	Scrivete una poesia di quattro strofe di tre versi ciascuna.	1205598	Schreiben Sie ein Gedicht mit vier dreizeiligen Strophen.
740220	Lei è una ragazza educata.	1205601	Sie ist ein gebildetes Mädchen.
1217934	Sono contentissimo di vederti.	1217954	Ich bin überglücklich, dich zu sehen.
898003	Padre e figlio si incontrarono dopo una lunga separazione.	1218916	Vater und Sohn begegneten einander, nachdem sie sich lange nicht gesehen hatten.
716446	Pensavo che fosse malato.	1218918	Ich dachte, er sei krank.
900412	Hanno esposto i libri al sole.	1218919	Sie setzten die Bücher der Sonne aus.
1084040	Papà ed io siamo sempre d'accordo.	1218920	Papa und ich sind stets einer Meinung.
926818	Ho preso un brutto raffreddore.	1218921	Ich habe mir eine ordentliche Erkältung eingefangen.
878477	10 anni fa questo fiume era attraversato da un ponticello.	1218924	Vor zehn Jahren ging über diesen Fluss noch eine schmale Brücke.
977443	Il piombo è un metallo.	1219204	Blei ist ein Metall.
948090	Il mese scorso era novembre, vero?	1219205	Vergangenen Monat hatten wir November, stimmt's?
635665	È il tre ottobre.	1219206	Wir haben den dritten Oktober.
715211	Ho raggiunto la stazione alle sei.	1219212	Ich erreichte den Bahnhof um sechs.
1062179	Ogni nazione ha i propri miti.	1221080	Jede Nation hat ihre eigenen Mythen.
843522	Non andiamo in vacanza.	1221085	Wir fahren nicht in Urlaub.
612084	Devo far soldi per comprare un personal computer.	1221087	Ich muss Geld verdienen, um mir einen PC kaufen zu können.
1228468	Perché questo cane ha così paura di tale oggetto?	1228480	Warum hat dieser Hund eine solche Angst vor diesem Gegenstand?
1228490	Il mondo è pieno di folli.	1228493	Die Welt ist voller Narren.
1238963	I genocidi sono crimini di odio.	1238982	Die Völkermorde sind Hassverbrechen.
1239257	Ogni commento è superfluo.	1239260	Jeder Kommentar erübrigt sich.
1239257	Ogni commento è superfluo.	1239261	Jeder Kommentar ist überflüssig.
1240679	Se una figlia ama raramente l'amante di sua madre, una madre ha sempre un debole per l'amante di sua figlia.	1240869	Wenn auch eine Tochter selten den Liebhaber ihrer Mutter liebt, hat doch eine Mutter immer eine Schwäche für den Liebhaber ihrer Tochter.
1240679	Se una figlia ama raramente l'amante di sua madre, una madre ha sempre un debole per l'amante di sua figlia.	1240871	Liebt auch eine Tochter selten den Liebhaber ihrer Mutter, so hat doch eine Mutter immer eine Schwäche für den Liebhaber ihrer Tochter.
1240679	Se una figlia ama raramente l'amante di sua madre, una madre ha sempre un debole per l'amante di sua figlia.	1240888	Wenn auch eine Tochter selten den Liebhaber ihrer Mutter liebt, so hat doch eine Mutter immer eine Vorliebe für den Liebhaber ihrer Tochter.
1240679	Se una figlia ama raramente l'amante di sua madre, una madre ha sempre un debole per l'amante di sua figlia.	1240908	Wenn auch eine Tochter selten den Liebhaber ihrer Mutter liebt, so neigt doch eine Mutter immer zum Liebhaber ihrer Tochter.
1240679	Se una figlia ama raramente l'amante di sua madre, una madre ha sempre un debole per l'amante di sua figlia.	1240909	Wenn auch eine Tochter selten den Liebhaber ihrer Mutter liebt, so hat doch eine Mutter immer eine Neigung zum Liebhaber ihrer Tochter.
1240679	Se una figlia ama raramente l'amante di sua madre, una madre ha sempre un debole per l'amante di sua figlia.	1240912	Wenn auch eine Tochter selten den Liebhaber ihrer Mutter liebt, so verspürt doch eine Mutter immer eine Zuneigung zum Liebhaber ihrer Tochter.
1254283	Ansimando fuggiva la vaporiera, mentr'io così piangevo dentro il mio cuore.	1254383	Der Dampfzug, er entschwand mit lautem Keuchen, mir war zum Weinen tief, sehr tief im Herzen.
521083	La mia canzone preferita è Hungry Spider.	1286582	Mein Lieblingslied ist Hungry Spider.
1246426	Mogli e buoi dei paesi tuoi.	1290870	Bleibe im Lande und nähre dich redlich!
1296074	Non voglio né carne né pesce.	1296088	Ich will weder Fisch noch Fleisch.
1297809	Fai uscire la poliglotta che c'è in te!	1297815	Lass mal das Sprachengenie raus, das in dir steckt!
1218044	Questo cellulare è davvero costoso.	1299979	Dieses Handy ist richtig teuer.
1309160	Solo l'uomo è capace di tali malvagità.	1309167	Nur der Mensch ist zu einer solchen Schlechtigkeit fähig.
1309621	Non conservare niente per un'occasione speciale, ogni giorno che vivi è un'occasione speciale.	1309623	Hebe dir nichts für einen besonderen Anlass auf; jeder Tag, den du erlebst, ist ein besonderer Anlass.
1309723	L'influenza della TV sulla società è grande.	1309728	Der Einfluss des Fernsehens auf die Gesellschaft ist groß.
1309735	Tom ha preso l'autobus sbagliato.	1309739	Tom hat den falschen Bus genommen.
1309737	Tom è salito sull'autobus sbagliato.	1309742	Tom ist in den falschen Bus eingestiegen.
1321500	Viva il Cile! Viva il popolo! Viva i lavoratori! Queste sono le mie ultime parole e ho la certezza che il mio sacrificio non sarà vano. Ho la certezza che, per lo meno, ci sarà una lezione morale che castigherà la vigliaccheria, la codardia e il tradimento.	1321507	Es lebe Chile! Es lebe das Volk! Es leben die Arbeiter! Dies sind meine letzten Worte und ich bin sicher, dass mein Opfer nicht umsonst sein wird, ich bin sicher, dass es wenigstens ein symbolisches Zeichen ist gegen den Betrug, die Feigheit und den Verrat.
1322136	Ho perso anche il cellulare!	1322148	Ich habe auch mein Handy verloren.
1322187	Il pane è nel forno.	1322198	Das Brot ist im Ofen.
1324133	Sono un ragazzo normalissimo che ha tanti hobby, forse troppi.	1324136	Ich bin ein ganz normaler Kerl, der viele Hobbys hat, vielleicht zu viele.
1196318	M'illumino d'immenso.	1326572	Ich erleuchte mich durch Unermessliches.
1196318	M'illumino d'immenso.	1326598	Das Nichterfassbare ist mir Licht.
1326981	Perché mi sono sbagliato nel mio essere certo, non posso almeno essere certo di essermi sbagliato?	1326983	Da ich mich, indem ich mir sicher war, geirrt habe, kann ich mir nun wenigstens sicher sein, dass ich mich geirrt habe?
1327001	Il piccolo animale ha la certezza della prossimità della madre che non vuole abbandonare il suo cucciolo.	1327002	Das kleine Tier ist sich der Nähe der Mutter sicher, die ihr Junges nicht verlassen will.
823826	Questo è l'autobus giusto per Boston?	1328325	Ist das der richtige Bus nach Boston?
511069	Non hai fame?	1334443	Hast du keinen Hunger?
1274682	Grazie per la vostra lettera!	1336489	Danke für Ihren Brief!
1315626	Mi manca un libro!	1336497	Mir fehlt ein Buch!
609494	Non tutti gli studenti sono andati là ieri.	1336502	Nicht alle Studenten sind gestern dorthin gegangen.
843663	Dopo la pioggia, il sole splende più luminoso.	1336534	Nach dem Regen scheint die Sonne viel heller.
947556	Dove posso recuperare i miei bagagli?	1336540	Wo kann ich mein Gepäck zurückbekommen?
1339997	Cosa intendi dirmi?	1340177	Was willst du mir sagen?
1341509	Permesso?	1341511	Darf ich bitte durch?
1341509	Permesso?	1341512	Darf ich bitte vorbei?
1341518	La mia ragazza è molto gelosa.	1341519	Meine Freundin ist sehr eifersüchtig.
1341575	Lavoro di notte.	1341581	Ich arbeite nachts.
1341749	Lui sta insegnando l'arabo.	1341756	Er lehrt Arabisch.
1342568	Se condividi una gioia, si moltiplica.	1342573	Wenn du Freude teilst, vervielfacht sie sich.
1341672	La vedova sta arrivando nel mio ufficio piangendo.	1342863	Die Witwe kommt weinend in mein Büro.
892978	Porterò mia sorella alla festa.	1344084	Ich werde meine Schwester zur Party mitbringen.
1329323	Tutti quei libri sono miei.	1344087	Alle diese Bücher sind meine.
486206	Dubito che lei vi ami.	1344088	Ich bezweifle, dass sie Sie liebt.
1350157	Magari può interessarvi.	1350173	Das könnte dich vielleicht interessieren.
1353278	È una ragazza troppo divertente.	1353337	Sie ist ein so lustiges Mädchen.
1355292	Voglio saperlo anche io.	1355301	Das will ich auch wissen.
1033194	Cosa faresti se qualcuno ti regalasse qualcosa che non ti piace per niente?	1360441	Was würdest du tun, wenn jemand, den du überhaupt nicht leiden kannst, dir etwas schenken würde?
1002603	Di quanto è la tua bolletta mensile del gas?	1362837	Wie hoch ist deine monatliche Gasrechnung?
1071907	Il cane camminò lungo la strada.	1366744	Der Hund ging die Straße entlang.
1071907	Il cane camminò lungo la strada.	1366745	Der Hund folgte der Straße.
1368127	Ora comando io.	1368130	Jetzt kommandiere ich.
1368133	Quante persone devono essere ancora evacuate?	1368137	Wie viele Personen sind noch zu evakuieren?
1368149	Comandante, ha abbandonato la nave?	1368152	Kommandant, haben Sie das Schiff verlassen?
1368153	L'evacuazione è in pieno svolgimento.	1368155	Die Evakuierung ist in vollem Gange.
1368158	Abbiamo abbandonato la nave.	1368160	Wir haben das Schiff verlassen.
1368163	Adesso lei va a prua, risale la biscaggina e coordina l'evacuazione.	1368165	Begeben sie sich zum Bug, klettern sie die Strickleiter wieder hinauf und koordinieren Sie die Evakuierung!
1368166	Ci dice quante persone ci sono ancora: se ci sono bambini, donne, passeggeri e il numero esatto di ciascuna di queste categorie.	1368169	Sie sagen uns wie viele Personen dort noch sind: sind dort Kinder, Frauen, Passagiere und die exakte Zahl in jeder von diesen Kategorien.
1368172	Vada a bordo!	1368174	Gehen Sie an Bord!
1368176	"Ci sono già dei cadaveri" - "Quanti?" - "Deve dirmelo Lei."	1368178	"Es gibt schon Leichen." - "Wie viele?" - "Das müssen Sie mir sagen."
1368179	Cosa vuole fare, vuole andare a casa?	1368181	Was wollen Sie tun, wollen Sie nach Hause gehen?
1368182	Va bene, sto andando.	1368184	Gut, gut, ich geh' ja schon.
1300681	I tuoi problemi con la giustizia non sono finiti.	1368860	Deine Probleme mit der Justiz sind noch nicht zu Ende.
1371719	Chi viene qua a farmi compagnia?	1371736	Wer kommt hierher, um mir Gesellschaft zu leisten.
1371730	Io morivo se li incontravo!	1371824	Ich würde sterben, wenn ich ihnen begegnen würde.
1082667	In Canada la lingua dominante è l'inglese, ma in Quebec si parla francese.	1385256	In Kanada ist die dominierende Sprache Englisch, aber in Québec spricht man Französisch.
1082159	Ho passato le mie vacanze in Israele.	1386139	Ich habe meinen Urlaub in Israel verbracht.
1089212	Anche se avessimo voluto, non avremmo potuto.	1387145	Auch wenn wir es gewollt hätten, hätten wir es nicht gekonnt.
1089212	Anche se avessimo voluto, non avremmo potuto.	1387151	Selbst wenn wir gewollt hätten, hätten wir nicht gekonnt.
712355	Lasciate ogne speranza, voi ch'intrate.	1387728	Lasst, die ihr eintretet, alle Hoffnung fahren.
1337112	La situazione è grave.	1393763	Die Lage ist ernst.
1397351	Lui veramente gli ha detto una cosa che tutti pensano.	1397511	Er hat ihm wirklich etwas gesagt, was alle denken.
1399704	Devo aggiungere qualcosa?	1399709	Muss ich etwas hinzufügen?
1402245	Secondo me manca qualcuno!	1402247	Ich finde, es fehlt was.
1402850	Ringrazio di cuore tutti quanti per la bellissima sorpresa di sabato sera!	1402882	Ich danke allen von Herzen für die wunderschöne Überraschung am Samstagabend.
1402902	Non c'è nulla che non si possa tradurre.	1402905	Es gibt nichts, was man nicht übersetzen kann.
1403033	Dobbiamo accontentarci.	1403048	Wir müssen zufrieden sein.
666779	Si parla del Diavolo e spuntano le corna.	1405220	Kaum spricht man vom Teufel, da steht er schon vor der Tür.
1008904	I dinosauri ora sono estinti.	1405286	Die Dinosaurier sind heute ausgestorben.
997462	Lavoro come facchino per questa ditta di trasporti.	1406887	Ich arbeite als Träger für diese Transportfirma.
1409229	Cosa stavi tramando con quel sorrisetto malefico?	1409286	Wozu habt ihr euch mit diesem üblen Lächeln verschworen?
1272193	Non bisogna dimenticare questo fatto.	1411813	Diese Tatsache sollten wir nicht vergessen.
1272193	Non bisogna dimenticare questo fatto.	1411814	Diese Tatsache sollten wir im Auge behalten.
376567	La primavera è arrivata.	1414064	Der Frühling ist ins Land gezogen.
1272011	Chiudi a chiave la porta.	1421369	Schließe die Tür ab.
1432398	Non c'è problema; anche a me capita di fare errori di distrazione.	1432399	Kein Problem; auch mir passiert es, dass ich aus Zerstreutheit Fehler mache.
1435342	Chi poco pensa molto erra.	1435345	Wer wenig denkt, irrt viel.
1435347	La sapienza è figliola della sperienza.	1435349	Die Weisheit ist die Tochter der Erfahrung.
1435353	Chi non stima la vita, non la merita.	1435356	Wer das Leben nicht schätzt, hat es nicht verdient.
1074107	D'estate a Buenos Aires fa caldissimo.	1437657	In Buenos Aires ist es im Sommer heiß.
1443394	Ho letto che il presidente del Brasile è una donna. Si chiama Dilma.	1443398	Ich habe gelesen, dass in Brasilien eine Frau Präsidentin ist. Sie heißt Dilma.
1211262	Marco è rimasto mio fedele amico anche nelle avversità.	1445971	Auch in schweren Zeiten ist Marco ein echter Freund geblieben.
1309750	Venerdì sera arriviamo noi e si sistema tutto!	1446827	Am Freitag kommen wir, und alles wird sich regeln.
1447524	Ti è andata grassa!	1447532	Du bist fett geworden.
1447524	Ti è andata grassa!	1447533	Du bist auseinander gegangen.
1447611	Mi manca la pazienza.	1447618	Es fehlt mir an Geduld.
350730	Siamo tutti d'accordo con te.	1447621	Wir sind alle deiner Meinung.
1226663	Moncalvo è la più piccola città d'Italia.	1447674	Moncalvo ist die kleinste Stadt Italiens.
1447830	Si guadagna meno.	1447839	Sie verdienen weniger.
1448790	Ce l'abbiamo quasi fatta.	1448805	Wir haben es fast geschafft.
1449717	Credo che l'esistenzialismo abbia molto da insegnarci, soprattutto se vogliamo essere fautori di una società nuova.	1449727	Ich glaube, dass der Existenzialismus uns vieles lehren kann, besonders, wenn wir Befürworter einer neuen Gesellschaft sein wollen.
1155630	Ho paura di aver contratto una malattia venerea.	1450231	Ich fürchte, ich habe mir eine Geschlechtskrankheit zugezogen.
1449279	Per pulire sia l'interno che l'esterno usate una spugnetta con acqua tiepida e bicarbonato di sodio.	1451977	Um sich innerlich und äußerlich zu reinigen, verwende eine Schwämmchen mit warmem Wasser und Natriumbikarbonat.
1458100	Così fan tutte.	1458103	So machen es alle.
1458100	Così fan tutte.	1458104	So machen es alle Frauen.
1459258	Non c'è prova di colpa.	1459279	Es fehlt ein Schuldbeweis.
1459905	Te lo dico!	1459907	Ich hab's dir gesagt!
1459905	Te lo dico!	1459908	Ich hab's dir ja gesagt!
1460333	Un uomo che è in grado di ammettere di sbagliare e di chiedere scusa è un uomo degno del mio amore.	1460339	Ein Mensch, der fähig ist, zuzugeben, dass er sich geirrt hat, und um Verzeihung zu bitten, ist ein Mensch, der meiner Liebe würdig ist.
1460333	Un uomo che è in grado di ammettere di sbagliare e di chiedere scusa è un uomo degno del mio amore.	1460340	Ein Mensch, der fähig ist, einen Fehler einzuräumen und um Vergebung zu bitten, ist ein Mensch, der meiner Liebe würdig ist.
1461344	Oggi è un giorno grigio della fine di febbraio.	1461349	Heute ist ein grauer Tag im späten Februar.
1461343	È un pezzo di storia!	1461355	Das ist ein Museumsstück.
1464064	È stato un idolo.	1464070	Er war ein Idol.
1132137	Vennero uccisi sette poliziotti.	1471951	Sieben Polizisten wurden umgebracht.
1207373	Qualcuno deve portar fuori il pattume.	1475598	Jemand soll den Müll rausbringen.
383041	La mia casa è solo a cinque minuti a piedi dalla stazione.	1475760	Mein Haus ist nur fünf Minuten zu Fuß vom Bahnhof.
884267	Nessuno sa dov'è.	1475770	Niemand weiß, wo er ist.
884267	Nessuno sa dov'è.	1475772	Niemand weiß, wo sie ist.
715206	Il trattato vieta l'utilizzo di armi chimiche.	1475913	Der Vertrag verbietet den Gebrauch chemischer Waffen.
990629	Ora lavorava, ora fingeva di lavorare.	1475938	Mal arbeitete er, mal tat er so, als ob er arbeite.
1115417	Lei è andata a un picnic.	1475962	Sie ist zu einem Picknick gegangen.
1467009	I gatti sono intelligenti.	1479656	Katzen sind schlau.
1000011	L'hashish è illegale.	1479658	Haschisch ist illegal.
645556	Lascia la stanza.	1479659	Geh aus dem Zimmer.
641860	Non potevano agire in altro modo.	1482084	Sie konnten nicht anders handeln.
1354038	Sarà una serata memorabile.	1482108	Das wird ein unvergesslicher Abend.
818138	Traduco frasi su Tatoeba nel mio tempo libero.	1482109	Ich übersetze in meiner Freizeit Sätze bei Tatoeba.
612115	Qual è lo scopo della tua visita?	1482118	Was ist der Grund deines Besuchs?
1113284	Sono dovuto andare in America.	1482149	Ich musste nach Amerika gehen.
691446	"Jingle Bells", la nota canzone del periodo natalizio, in realtà non è una canzone di Natale. Il testo non dice nulla riguardo il Natale.	1482189	"Jingle Bells", das bekannte Lied zur Weihnachtszeit, ist in Wirklichkeit gar kein Weihnachtslied. Der Text sagt nichts über Weihnachten.
1083668	Nel maggio del '90 mi ricordo che ho fatto un bel viaggio in Italia.	1483583	Ich erinnere mich, dass ich im Mai '90 eine schöne Reise nach Italien gemacht habe.
952265	Per piacere falla rapidamente.	1483622	Bitte mache es schnell.
715739	Parlate più lentamente così riusciamo a capirvi.	1483625	Sprecht langsamer, dann können wir euch verstehen.
1308440	Alcuni professori si drogano.	1483676	Einige Professoren nehmen Drogen.
1308440	Alcuni professori si drogano.	1483678	Einige Lehrer nehmen Drogen.
1464061	Lavoro come una schiava 10 ore al giorno.	1483832	Ich arbeite wie eine Sklavin 10 Stunden am Tag.
375633	Andrai con Tom?	1483854	Wirst du mit Tom gehen?
1008588	Vi piace Mosca?	1483867	Mögt ihr Moskau?
1256370	Le mostrerò la città.	1486023	Ich werde Ihnen die Stadt zeigen.
978302	L'edificio che vedi là è una fabbrica di automobili.	1488234	Das Gebäude, das du da siehst, ist eine Autofabrik.
1114997	Ci sono nove milioni di biciclette a Pechino.	1488258	In Peking gibt es neun Millionen Fahrräder.
1140804	Non vado da nessuna parte oggi.	1488281	Ich gehe heute nirgendwo hin.
878859	Ho una rivista nella mia stanza.	1488283	Ich habe eine Zeitschrift in meinem Zimmer.
382272	Il suo sogno è di studiare chimica negli Stati Uniti.	1488284	Sein Traum ist es, in den Vereinigten Staaten Chemie zu studieren.
374205	Il kabuki è un'antica arte giapponese.	1488291	Kabuki ist eine alte japanische Kunst.
888011	C'è troppo freddo.	1488310	Es ist zu kalt.
913482	Il tasso delle nascite e il tasso delle morti erano quasi uguali.	1489747	Die Geburten- und Sterberate waren fast gleich.
1492627	Non abbiamo avuto il tempo!	1492631	Wir hatten keine Zeit.
1494372	Voglio studiare il tedesco.	1494375	Ich will Deutsch lernen.
1494372	Voglio studiare il tedesco.	1494376	Ich will Deutsch studieren.
1052663	Mio padre è morto quando avevo sette anni.	1494487	Mein Vater ist gestorben, als ich sieben war.
949554	Si dice che gli inglesi siano conservatori.	1494492	Man sagt, dass die Engländer konservativ sind.
1347153	È dura, ma ce la farò!	1494549	Es ist schwer, aber ich werde es schaffen!
1082051	Con chi cena?	1494688	Mit wem essen Sie zu Abend?
1311860	È possibile che mio fratello venga stasera.	1494707	Es kann sein, dass mein Bruder heute Abend kommt.
697908	Il loro figlio si chiama John.	1494712	Ihr Sohn heißt John.
1135507	Sono molto felice di fare la vostra conoscenza.	1494847	Sehr erfreut, Ihre Bekanntschaft zu machen.
1118629	Vedi almeno il ponte?	1494851	Siehst du wenigstens die Brücke?
1300764	Seguite quell'automobile.	1494971	Folgt diesem Auto.
1495071	È pericoloso sporgersi.	1495075	Nicht hinauslehnen.
1495391	I tempi sono duri.	1495395	Die Zeiten sind hart.
1495384	Non cambia mai nulla.	1495397	Niemals etwas ändern.
1110182	In bocca al lupo!	1496961	Hals- und Beinbruch!
374491	Stamattina sono arrivato in ritardo a scuola.	1497832	Ich bin heute Morgen zu spät zur Schule gekommen.
1106280	Di chi è il libro sulla scrivania?	1498459	Wem gehört das Buch auf dem Schreibtisch?
1338216	Il cliente non è venuto.	1498489	Der Kunde ist nicht gekommen.
399832	Vi piacciono i gatti neri?	1498510	Mögt ihr schwarze Katzen?
1246880	Devo comprare del latte.	1498534	Ich muss Milch kaufen.
1500785	I Greci assediarono Troia per dieci anni.	1502360	Die Griechen belagerten Troja zehn Jahre lang.
1220036	Una molecola d’acqua è composta da tre atomi: due di idrogeno e uno di ossigeno.	1504117	Ein Molekül Wasser besteht aus drei Atomen: Zwei Wasserstoffatome und ein Sauerstoffatom.
1505210	Il resto della flotta fuggì.	1505226	Der Rest der Flotte ist geflohen.
1493757	Il sabato è l'ultimo giorno della settimana.	1506107	Der Sonnabend ist der letzte Tag der Woche.
1295862	Vidi lacrime nei suoi occhi.	1507191	Ich sah Tränen in seinen Augen.
1295862	Vidi lacrime nei suoi occhi.	1507192	Ich sah Tränen in ihren Augen.
1083845	È in biblioteca dalla mattina alla sera.	1507196	Er ist von morgens bis abends in der Bücherei.
1083845	È in biblioteca dalla mattina alla sera.	1507197	Sie ist von morgens bis abends in der Bücherei.
1062238	Non tutti gli uccelli possono cantare.	1507198	Nicht alle Vögel können singen.
1098650	Di che cos'hai parlato?	1507225	Wovon hast du gesprochen?
850856	Verrete alla festa domani?	1507229	Kommt ihr morgen zur Fete?
778332	Mi piacerebbe andare a Londra.	1507903	Ich würde gerne nach London fahren.
1345022	Lui cedette alla tentazione.	1507922	Er erlag der Versuchung.
1129030	I rumeni della Transilvania parlano molto lentamente.	1508165	Die Rumänen aus Transsylvanien sprechen sehr langsam.
1081563	Le vendite su catalogo vi fanno risparmiare tempo e denaro senza mai dovervi spostare da casa.	1508291	Bestellungen aus Katalogen sparen euch Zeit und Geld, ohne dass ihr je das Haus verlassen müsst.
1276317	Lei ha negato di averlo conosciuto.	1508314	Sie hat geleugnet, ihn getroffen zu haben.
1002113	Il significato della vita per la maggior parte della gente si riassume nelle tre lettere MCD: mangiare, cagare, dormire.	1508350	Der Sinn des Lebens lässt sich für die meisten Leute in den drei Buchstaben ESS zusammenfassen: essen, scheißen, schlafen.
951670	Dove avete imparato il francese?	1508365	Wo habt ihr Französisch gelernt?
350371	In caso tu venga licenziato, cosa faresti per prima cosa?	1508408	Wenn du entlassen würdest, was würdest du dann zuerst machen?
1511043	Quand'ero piccolo, giocavo da solo.	1511050	Als ich klein war, habe ich allein gespielt.
1511753	Essi avranno il denaro, voi non avrete le terre.	1511789	Sie haben Geld, sie haben nicht das Land.
1513126	Non hai scritto niente.	1513135	Du hast nichts geschrieben.
1515103	Come si dice "mela" nella tua lingua?	1515106	Wie sagt man „Apfel“ in deiner Sprache?
1515517	Non c'è bisogno di parole.	1515519	Es bedarf keiner Worte.
1516985	Troverai qualcosa di tuo interesse.	1516998	Du wirst etwas finden, das dich interessiert.
1516983	Chi in questi giorni di festa si delizierà con un fantastico salame al cioccolato?	1517003	An diesen Festtagen werden Sie mit einer fantastischen Salami aus Schokolade erfreut?
1520338	Mi piace osservare le persone.	1520342	Ich beobachte gern Leute.
1099951	È arrivata troppo presto.	1528485	Sie ist zu früh angekommen.
935290	Riuscite a riparare la radio rotta?	1535922	Schafft ihr es, das kaputte Radio zu reparieren?
992273	Hai corretto i test?	1535972	Hast du die Tests korrigiert?
1127462	Potrei dire di amarti, se solo credessi nell'amore.	1537620	Ich könnte sagen, dass ich dich liebe, wenn ich nur an die Liebe glaubte.
1068040	Abbatté un albero nel suo giardino.	1537682	Er fällte einen Baum in seinem Garten.
1271067	Ora lei è in pericolo.	1537708	Jetzt ist sie in Gefahr.
633830	Lo farò venire ad aiutarmi.	1537739	Ich werde ihn kommen lassen, um mir zu helfen.
1255542	Sei fantastico.	1537776	Du bist fantastisch!
1132430	Pronti per novembre?	1540420	Bereit für November?
987131	Ho prenotato la sala per giovedì.	1540439	Ich habe den Saal für Donnerstag reserviert.
1455153	Quante parole dovreste scrivere?	1540557	Wie viele Wörter musstest du schreiben?
1536628	Non ho la più pallida idea di cosa vuoi dire.	1541156	Ich habe nicht die leiseste Ahnung, was du meinst.
1287629	Sei tornato a casa alle 5:00.	1541738	Du bist um fünf nach Hause gekommen.
763689	La strada costeggia il fiume.	1541786	Die Straße verläuft entlang des Flusses.
1300800	Queste cose succedono solo a me.	1541801	So was passiert immer nur mir.
607381	Un giorno saremo in grado di viaggiare su Marte.	1541802	Eines Tages werden wir in der Lage sein, zum Mars zu reisen.
1188196	Mangio cioccolato.	1541813	Ich esse Schokolade.
1542666	Queste tre belle ragazze sono mie nipoti.	1542698	Diese drei schönen Mädchen sind meine Nichten.
1491174	Non ti lamentare!	1547269	Beklag dich nicht!
1514817	Mi potete portare all'aeroporto, per favore?	1547484	Könnt ihr mich bitte zum Flughafen bringen?
1547483	Me ne frego di quel che vuol dire "indifferenza".	1547487	Mir ist scheißegal, was "Indifferenz" bedeutet.
1547480	Prendi un uovo dal frigorifero.	1547488	Nimm ein Ei aus dem Kühlschrank.
1547504	"Sei svedese?" "No, svizzera."	1547512	"Bist du Schwedin?" "Nein, Schweizerin."
1547501	"Sei svedese?" "No, svizzero."	1547515	"Bist du Schwede?" "Nein, Schweizer."
1547505	"Siete svedesi?" "No, svizzeri."	1547518	"Seid ihr Schweden?" "Nein, Schweizer."
1310020	Non poteva avere vent'anni a quell'epoca.	1547595	Sie kann zu der Zeit keine zwanzig gewesen sein.
1309710	John è disponibile adesso?	1547637	Ist John jetzt verfügbar?
622232	L'anno scorso duecento persone sono morte di colera.	1547710	Letztes Jahr sind zweihundert Personen an der Cholera gestorben.
1507062	Come si chiamava quel film?	1547719	Wie hieß dieser Film?
1111305	Non era in grado di aprire la bottiglia.	1548906	Er war nicht in der Lage, die Flasche zu öffnen.
1111305	Non era in grado di aprire la bottiglia.	1548907	Sie war nicht imstande, die Flasche zu öffnen.
1005753	Deve andare lì.	1549039	Er muss dort hingehen.
1005753	Deve andare lì.	1549040	Sie muss dorthin gehen.
905741	Aspetta all'entrata di questo edificio.	1549105	Warte am Eingang dieses Gebäudes.
1035871	Il professore voleva sapere perché non avevamo fatto gli esercizi.	1549107	Der Lehrer wollte wissen, warum wir die Übungen nicht gemacht hatten.
621022	La Francia era in guerra con la Russia.	1549115	Frankreich befand sich im Krieg mit Russland.
1301112	Alzi la mano destra.	1549137	Heben Sie die rechte Hand.
1549092	Sono un'insegnante giapponese.	1549139	Ich bin ein japanischer Lehrer.
1549094	Sono un'insegnante di giapponese.	1549160	Ich bin Japanischlehrerin.
1549092	Sono un'insegnante giapponese.	1549161	Ich bin eine japanische Lehrerin.
1549198	Nella lingua turca ci sono molte parole persiane.	1549205	Im Türkischen gibt es viele persische Wörter.
1033402	Sei troppo giovane per viaggiare da solo.	1549257	Du bist zu jung, um alleine zu reisen.
708280	Non lasciare che il bambino giochi con i coltelli.	1549359	Lass das Kind nicht mit den Messern spielen.
634384	Gennaio è il primo mese dell'anno, aprile è il quarto, novembre è l'undicesimo, dicembre è il dodicesimo.	1550216	Januar ist der erste Monat des Jahres, April ist der vierte, November ist der elfte, Dezember ist der zwölfte.
1512390	Gli adolescenti litigano spesso coi loro genitori.	1550245	Jugendliche streiten oft mit ihren Eltern.
1440788	La mia automobile è molto sporca, devo lavarla!	1550294	Mein Auto ist sehr dreckig, ich muss es waschen!
897435	Non devi essere gelosa del successo degli altri.	1550334	Du darst nicht auf die Erfolge anderer neidisch sein.
878860	È tornato dal suo viaggio in Asia centrale.	1550335	Er ist von seiner Reise nach Zentralasien zurückgekehrt.
669119	Avete domande su questa lezione?	1550554	Habt ihr Fragen zu dieser Lektion?
1542171	È stato elevato al rango di capitano.	1550590	Er wurde zum Capitano befördert.
1324042	Lo psichiatra ha bisogno di uno psichiatra?	1550738	Braucht der Psychiater einen Psychiater?
1099652	Sono guarito dalla mia malattia.	1550754	Ich bin von meiner Krankheit genesen.
481654	Apprezzo il tuo aiuto.	1550756	Ich weiß deine Hilfe zu schätzen.
758894	Datemi una tazza di tè, siate gentili.	1550838	Seid doch so nett und gebt mir eine Tasse Tee.
1181782	Ho sentito i bambini cantare insieme.	1550845	Ich habe die Kinder gemeinsam singen gehört.
1086432	Non capisco che cosa ti inquieta.	1550890	Ich verstehe nicht, was dich beunruhigt.
627735	Lo zio ha chiesto: "Quanto fa tre più quattro?"	1550964	Der Onkel hat gefragt: "Wie viel macht drei plus vier?"
717834	Mi chiamo Luis.	1551027	Ich heiße Luis.
878504	Dimmi come risolvere il problema.	1551105	Sag mir, wie ich das Problem lösen kann.
1308143	Prima facciamo gli esercizi, poi studiamo la lezione nuova.	1551118	Zuerst machen wir die Übungen, dann lernen wir die neue Lektion.
939296	Provo a risolvere questo problema.	1551128	Ich probiere, dieses Problem zu lösen.
1551841	L'automobile di mio padre è prodotta in Italia.	1551843	Das Auto Meines Vaters wird in Italien produziert.
900398	Comprò una Honda.	1551997	Er hat einen Honda gekauft.
900398	Comprò una Honda.	1551998	Er hat eine Honda gekauft.
900398	Comprò una Honda.	1551999	Sie hat einen Honda gekauft.
900398	Comprò una Honda.	1552001	Sie hat eine Honda gekauft.
350855	Non si possono costruire case in questa zona.	1552083	In diesem Bereich können keine Häuser gebaut werden.
1405775	Se non sapete cosa regalare, ecco una bella idea.	1552149	Wenn ihr nicht wisst, was ihr schenken sollt, habe ich hier eine gute Idee.
1535339	Ha nevicato.	1552158	Es hat geschneit.
1100332	Le sue mani sono diventate blu a causa del freddo.	1552166	Seine Hände sind vor Kälte blau geworden.
947530	È molto gentile da parte tua invitarmi.	1552182	Es ist sehr nett von dir, mich einzuladen.
951607	Studia dieci ore al giorno in media.	1552194	Er lernt im Schnitt zehn Stunden am Tag.
928115	Sarà di ritorno entro due ore; nel frattempo prepariamo la cena.	1552196	Er wird binnen zwei Stunden zurück sein, in der Zwischenzeit bereiten wir das Abendessen.
1543500	La violinista ha una tecnica eccellente.	1559724	Die Geigerin hat eine erstklassige Technik.
1084206	Dobbiamo informarli.	1559732	Wir müssen sie informieren.
666737	Quella medicina ha funzionato bene con me.	1560688	Diese Medizin hat bei mir gut gewirkt.
635159	Non ha soldi.	1560689	Er hat kein Geld.
635159	Non ha soldi.	1560690	Sie hat kein Geld.
1016550	In realtà piacerebbe anche a me andare.	1560903	Tatsächlich würde ich auch gerne gehen.
1083283	A proposito, lui dove abita?	1560933	Übrigens, wo wohnt er?
1012697	Cosa fa domani?	1560940	Was machen Sie morgen?
1012697	Cosa fa domani?	1560942	Was macht er morgen?
1012697	Cosa fa domani?	1560943	Was macht sie morgen?
1158357	Fare un piano e realizzarlo sono due cose ben distinte.	1561740	Einen Plan zu machen und ihn zu verwirklichen sind zwei sehr verschiedene Dinge.
1549142	Vorresti raccontare la prossima storia?	1561791	Möchtest du die nächste Geschichte erzählen?
839659	Non l'avevo mai vista.	1561842	Ich hatte ihn nie gesehen.
839659	Non l'avevo mai vista.	1561843	Ich hatte sie nie gesehen.
839659	Non l'avevo mai vista.	1561844	Ich hatte es nie gesehen.
1289851	Ho montato le gomme invernali per niente.	1561875	Ich habe die Winterreifen umsonst aufgezogen.
1089156	Partirò per Parigi domani.	1561895	Ich fahre morgen nach Paris.
1561936	Non gioco a biliardo.	1561941	Ich spiele kein Billard.
798103	Non cambiare opinione.	1566184	Ändere deine Meinung nicht.
1075752	Senza te non sono niente.	1566195	Ohne dich bin ich ein Nichts.
1123999	Tom non vive propriamente entro i confini del municipio di Boston.	1566212	Tom wohnt eigentlich nicht innerhalb der Bostoner Stadtgrenzen.
1561276	È lì.	1567361	Es ist dort.
1564184	Salve, c'è qualcuno lì?	1567476	Hallo, ist jemand da?
1561815	È andato a scuola in macchina.	1567490	Er ist mit dem Auto zur Schule gefahren.
1561679	Niente è come casa tua.	1568564	Nichts ist wie dein Haus.
1310087	Come sei fortunato!	1572795	Was für ein Glück du hast!
1331174	Noi abbiamo catturato il ladro.	1572870	Wir haben den Dieb gefasst.
1461851	Quando vuoi passare per dare una mano in francese?	1572905	Wann willst du vorbeikommen, um in Französisch zu helfen?
1277459	Tom andò a Boston per prendere parte a una conferenza.	1572913	Tom fuhr nach Boston, um an einer Konferenz teilzunehmen.
1219266	Per trovare l’area del quadrato basta moltiplicare il lato per se stesso.	1573011	Um die Fläche eines Quadrats zu berechnen, braucht man nur seine Seitenlänge mit sich selbst zu multiplizieren.
1260104	Tra un mese è già Natale?	1573070	In einem Monat ist schon Weihnachten?
1574083	Mio padre era un mugnaio.	1574087	Mein Vater war Müller.
1405095	Che giornale prende?	1574208	Welche Zeitung nimmt er?
1405095	Che giornale prende?	1574209	Welche Zeitung nimmt sie?
1405095	Che giornale prende?	1574210	Welche Zeitung nehmen Sie?
1228458	Come si fa a farsi venire voglia di studiare?	1574222	Wie stellt man es an, Lust zum Lernen zu bekommen?
1575120	Sei un megalomane.	1575304	Du bist ein Größenwahnsinniger.
1575120	Sei un megalomane.	1575305	Du bist eine Größenwahnsinnige.
1071981	Sono andato a piedi sulla collina.	1576022	Ich bin den Hügel zu Fuß hinaufgegangen.
1122139	La scrivania è troppo piccola per Meg.	1576035	Der Schreibtisch ist zu klein für Meg.
1107248	La casa è stata comprata a mia insaputa.	1577539	Das Haus wurde ohne mein Wissen gekauft.
1578130	C'è poco da commentare.	1578134	Es gibt nicht viel zu kommentieren.
1578138	Lo dico per esperienza!	1578140	Ich sage das aus Erfahrung.
1578257	Posso farle una domanda indiscreta?	1578259	Darf ich Ihnen eine indiskrete Frage stellen?
1578294	"Perché gli psichiatri e gli psicologi sono tutti pazzi?" - "Al fine di costruire una base di fiducia con te."	1578297	"Warum sind alle Psychiater und Psychologen verrückt?" - "Um eine Vertrauensbasis mit dir aufzubauen."
1578316	Questa è un'opinione interessante. Da cosa ti viene questa convinzione?	1578322	Das ist eine interessante Meinung. Wie bist du zu dieser Überzeugung gekommen?
1578336	Mi sembra che le immagini parlino da sole.	1578342	Mir scheint mir, die Bilder sprechen für sich.
1579188	Voglio un massaggio!	1579202	Ich möchte eine Massage.
945613	Prenderò quello giallo.	1585250	Ich nehme das Gelbe.
1585602	Devi accettare il tuo ruolo.	1585631	Du musst deine Rolle akzeptieren.
710775	Avete imparato il numero a memoria?	1585868	Habt ihr die Zahl auswendig gelernt?
418424	Il vino bianco è il compagno abituale del pesce.	1585914	Fisch wird üblicherweise von Weißwein begleitet.
1234813	Non avevo altra scelta che obbedire.	1586080	Ich hatte keine Wahl als zu gehorchen.
569595	La casa del mio vicino è stato presentata nel numero del mese scorso di Architectural Digest.	1586131	Das Haus meines Nachbarn wurde letzten Monat im Architectural Digest vorgestellt.
1083367	Durante le vacanze ho fatto un corso di equitazione.	1586207	In den Ferien habe ich einen Reitkurs gemacht.
1415733	Questa sì che è una chitarra.	1586249	Aber sicher ist das hier eine Gitarre.
375789	Mi sono fatto tagliare i capelli dal parrucchiere.	1587707	Ich habe mir beim Friseur die Haare schneiden lassen.
1086136	Ha lavorato così duramente che alla fine si è ammalato.	1587739	Er hat so hart gearbeitet, dass er schließlich krank geworden ist.
1314292	Poiché ero stanco, mi sono riposato.	1587771	Da ich müde war, habe ich mich ausgeruht.
1035845	I giapponesi consumano tre pasti al giorno.	1587781	Japaner essen drei Mal am Tag.
1212261	La sera si avvicinava.	1587846	Der Abend nahte.
1514733	Te lo assicuro.	1587912	Ich versichere es dir.
1083191	Studio il francese da due anni.	1589463	Ich lerne seit zwei Jahren Französisch.
737439	Va in biblioteca ogni altro giorno.	1589575	Er geht jeden zweiten Tag in die Bücherei.
737439	Va in biblioteca ogni altro giorno.	1589576	Sie geht jeden zweiten Tag in die Bücherei.
1265055	Il medico non attribuì alcuna importanza a quei sintomi.	1589578	Der Arzt maß diesen Symptomen keinerlei Bedeutung bei.
962578	Sono appena tornato da scuola.	1589641	Ich bin gerade erst aus der Schule gekommen.
1076374	Mi hanno rubato la bici ieri.	1590482	Mir wurde gestern das Rad geklaut.
1330573	Tom sperava di ottenere un bacio.	1590670	Tom erhoffte sich einen Kuss.
741747	Ho paura della guerra.	1590671	Ich habe Angst vor dem Krieg.
730053	Vorrebbe qualcos'altro?	1590672	Möchten Sie sonst noch etwas?
1003698	Nessun problema. Davvero.	1590673	Kein Problem. Wirklich nicht.
719330	Preferisco andare in montagna d'estate.	1590708	Ich fahre im Sommer lieber in die Berge.
1158658	Il 14 febbraio gli americani festeggiano il giorno di San Valentino.	1590709	Am 14. Februar begehen die Amerikaner den Valentinstag.
619594	Ha molto lavoro in questo momento.	1590711	Es gibt im Moment viel zu tun.
1113317	Sono dovuto andare.	1590828	Ich musste gehen.
351084	C'è un parcheggio?	1590845	Gibt es einen Parkplatz?
1512616	Ha qualche tatuaggio?	1590940	Haben Sie Tätowierungen?
1512616	Ha qualche tatuaggio?	1590941	Hat er Tätowierungen?
1512616	Ha qualche tatuaggio?	1590942	Hat sie Tätowierungen?
1135031	Quale browser state utilizzando?	1590963	Welchen Browser benutzt ihr?
693724	Ho parlato con i miei genitori del mio progetto di andare a studiare all'estero.	1593080	Ich habe mit meinen Eltern über meine Pläne gesprochen, im Ausland zu studieren.
840526	Non tagliare quegli alberi.	1593083	Fällen Sie diese Bäume nicht.
1430639	Sono più grande che te!	1593085	Ich bin größer als du!
1429115	Quando festeggiate l'anniversario di matrimonio dei tuoi genitori?	1593088	Wann feiert ihr den Hochzeitstag deiner Eltern?
621564	Sono abituato a lavorare tutta la notte.	1593091	Ich bin es gewohnt, die Nacht durchzuarbeiten.
1512761	Questa radio è sua?	1593849	Ist das Ihr Radio?
868124	A chi importa?	1593852	Wen kümmert's?
1308169	Lei è molto bella, solo che è un po' magra.	1593856	Sie ist sehr hübsch, wenn auch etwas dürr.
1512698	Tornerà entro una settimana.	1593859	Sie wird binnen einer Woche zurück sein.
1176171	Non ci arriverai in orario.	1593862	Du wirst nicht rechtzeitig da sein.
1444211	Gli studenti hanno manifestato contro il nuovo governo.	1593864	Die Studenten demonstrierten gegen die neue Regierung.
1135675	Un sandwich senza prosciutto non è un sandwich.	1593868	Ein Sandwich ohne Schinken ist kein Sandwich.
1054311	È in Europa!	1594038	Sie sind in Europa!
1530403	Raramente va al cinema.	1599109	Er geht selten ins Kino.
1530403	Raramente va al cinema.	1599110	Sie geht selten ins Kino.
1507879	Posso risolvere i tuoi problemo in dieci secondi!	1599599	Ich kann deine Probleme in zehn Sekunden lösen!
1465141	Non mi va di lavorare; e se si andasse al cinema invece?	1599674	Mir ist überhaupt nicht nach arbeiten; wie wär's, wenn wir statt dessen ins Kino gingen?
1002533	Il Diavolo me lo ha fatto fare.	1599675	Der Teufel hat mich getrieben, das zu tun.
1275016	Lei comprò della verdura ieri.	1599815	Sie kaufte gestern Gemüse.
1588415	Il dottore è giovane. Lo è anche il pilota?	1599828	Der Arzt ist jung. Der Pilot auch?
890919	Ha dato un osso al cane.	1599831	Er hat dem Hund einen Knochen gegeben.
890919	Ha dato un osso al cane.	1599832	Sie hat dem Hund einen Knochen gegeben.
1347961	Loro non volevano essere coinvolte nella lotta.	1599836	Sie wollten nicht in den Streit hineingezogen werden.
1429393	Mancavate solo voi due ieri sera.	1599930	Nur ihr beiden wart gestern Abend nicht da.
1324972	Hai mangiato troppo?	1599931	Hast du zu viel gegessen?
1019715	Il mio orologio è due minuti avanti.	1599932	Meine Uhr geht zwei Minuten vor.
374248	Dick mi passò la foto.	1599933	Dick reichte mir das Foto.
1336240	Akiji è un soldato diventato insegnante.	1599934	Akiji ist ein Lehrer gewordener Soldat.
1068277	Tom non me l'ha menzionato.	1599935	Tom hat mir nichts davon gesagt.
1089223	Se sei libero, vieni a trovarmi; usciremo insieme.	1599938	Wenn du Zeit hast, komm zu mir; dann gehen wir zusammen aus.
862205	Difficilmente riesco a fare un discorso senza sentirmi nervoso.	1600421	Es fällt mir schwer, eine Rede zu halten, ohne dabei nervös zu sein.
1426828	Vi piace il circo bulgaro?	1600423	Gefällt dir der bulgarische Zirkus?
1100422	Ho bisogno di zucchero. Ne avete?	1600458	Ich brauche Zucker. Haben Sie welchen?
992759	Il re deve abdicare.	1600461	Der König muss abdanken.
633863	Controllerò le tue cose quando sarai morto.	1600462	Ich kümmere mich um deine Sachen, wenn du tot bist.
967576	Non riesco a capire che cosa lo scrittore stia cercando di dire.	1601373	Ich verstehe einfach nicht, was der Autor damit sagen will.
1311509	Pagò 1000 yen per questo libro.	1601376	Er hat für dieses Buch tausend Yen bezahlt.
1301415	Non è come se fossimo ricchi.	1601378	Es ist nicht so, dass wir reich wären.
569314	Come hai passato le vacanze?	1601379	Wie hast du die Ferien verbracht?
374468	Oggi sono fortunato.	1601773	Heute ist mein Tag.
1512243	Lei ha un fratello a Tokyo.	1601774	Sie hat einen Bruder in Tokio.
935968	Rincasò la sera tardi.	1601775	Er kam spätabends nach Hause.
1457340	Quel romanzo è stato tradotto in sette lingue.	1601776	Der Roman wurde in sieben Sprachen übersetzt.
1391627	Sono abituati al duro lavoro.	1602299	Sie sind an harte Arbeit gewöhnt.
908617	È da maleducati fare rumore mentre si mangia.	1602301	Es zeugt von einer schlechten Erziehung, wenn man beim Essen schmatzt.
1073181	È andato là?	1602366	Ist er da lang gegangen?
893710	Una traduzione è come una donna. Se è bella, non è fedele. Se è fedele, quasi certamente non è bella.	1602372	Eine Übersetzung ist wie eine Frau. Ist sie schön, dann ist sie untreu. Ist sie treu, dann ist sie höchstwahrscheinlich nicht schön.
521384	La carne non è abbastanza cotta.	1602387	Das Fleisch ist noch nicht gar.
633473	Lei lo ha accusato di aver rubato i suoi soldi.	1602391	Sie beschuldigte ihn, ihr Geld gestohlen zu haben.
691748	Posso parlarvi un minuto?	1602393	Kann ich Sie eine Minute sprechen?
1613695	Questa notizia mi rende triste!	1613755	Diese Nachricht macht mich traurig.
379754	L'inglese è studiato anche in Cina.	1620551	Englisch wird auch in China gelernt.
1005603	Tratterò il problema in questo capitolo.	1620552	Ich werde mich mit dem Problem in diesem Kapitel auseinandersetzen.
1104525	Mi organizzerò perché qualcuno venga a prendervi a casa vostra.	1620554	Ich sorge dafür, dass Sie jemand bei Ihnen zu Hause abholt.
1331071	È lui davvero!	1620556	Er ist es wirklich!
1444208	Non aspettarti che le cose siano facili.	1620559	Rechne nicht damit, dass sich die Dinge einfach gestalten.
1296073	Dovrebbe prendere appunti.	1632702	Du solltest dir Notizen machen.
1405041	Perché mi vuoi male?	1632703	Was hast du gegen mich?
1310239	Lui va spesso con lei a vedere film.	1632704	Er geht mit ihr oft einen Film sehen.
1101810	Non lasciare che il nemico si avvicini.	1632705	Lasst den Feind nicht näherkommen.
1000567	Sono appena evaso dal carcere.	1632734	Ich bin gerade aus dem Gefängnis ausgebrochen.
949993	Fammelo sapere per telefono.	1632736	Sag mir per Anruf Bescheid.
999170	Riuscivo a sentirla singhiozzare nella sua camera da letto.	1632737	Ich habe sie in ihrem Schlafzimmer schluchzen hören.
851726	Questa lettera deve essere scritta in inglese?	1632739	Soll dieser Brief auf Englisch geschrieben werden?
1032514	Esistono innumerevoli stelle nella galassia.	1632742	Es gibt in der Galaxie unzählige Sterne.
1185164	Non è qui ora.	1632743	Er ist gerade nicht da.
707185	Non disturbate.	1632934	Stört nicht!
825806	Appena l'uomo nasce, comincia a morire.	1632937	Kaum ist der Mensch geboren, beginnt er schon zu sterben.
1137305	Tom conosce un uomo la cui figlia vive a Boston.	1632939	Tom kennt einen Mann, dessen Tochter in Boston wohnt.
382831	Non mostra entusiasmo per il suo lavoro.	1632958	Sie lässt für ihre Arbeit keine Begeisterung erkennen.
1113160	Tom non capisce il francese per niente.	1632959	Tom versteht kein Wort Französisch.
413276	Il sabato viene prima della domenica.	1633038	Samstag kommt vor Sonntag.
1518371	Fallo, ma adesso.	1633040	Tu es, aber jetzt gleich!
971657	Non pensate che tutti i nostri politici siano troppo vecchi?	1634680	Finden Sie nicht, dass unsere Politiker alle zu alt sind?
935282	Il Presidente mi ha fatto la cortesia di rispondere alla mia lettera.	1634681	Der Präsident war so freundlich, meinen Brief zu beantworten.
883440	Devo fare riparare il mio computer.	1634682	Ich muss meinen Computer reparieren lassen.
777927	Mio marito guadagna 100.000 euro all'anno.	1634684	Mein Mann verdient pro Jahr 100000 Euro.
635306	Sei membro di questa società?	1634685	Bist du bei dieser Gesellschaft Mitglied?
979573	L'ipocrisia è la morte della democrazia.	1636399	Die Scheinheiligkeit ist der Tod der Demokratie.
1513677	Il lunedì dormo tutto il giorno.	1636500	Montags schlafe ich den ganzen Tag.
991591	Rimasi senza parole quando sentii la voce di Ryo al telefono.	1636501	Es verschlug mir die Sprache, als ich am Telefon Ryos Stimme vernahm.
842621	Tre generazioni vedono le cose in tre modi.	1636504	Drei Generationen haben drei verschiedene Sichtweisen.
409374	Il tennis è molto popolare tra gli studenti.	1636507	Tennis erfreut sich bei den Studenten großer Beliebtheit.
1209094	Oggi è una giornata di lavoro da dimenticare!	1636510	Heute ist ein Arbeitstag zum Vergessen!
1576731	Ho studiato più di due ore e poi sono andato a letto.	1636513	Ich habe über zwei Stunden gelernt und bin dann ins Bett gegangen.
1200978	Le sue idee non gli hanno mai reso una lira.	1636514	Seine Ideen haben ihm nie etwas eingebracht.
977785	Abbiamo mangiato dell'ottimo pesce.	1636516	Wir haben hervorragenden Fisch verspeist.
1106846	La mia casa è la vostra casa.	1636538	Fühlen Sie sich wie zu Hause!
1636907	Il salame è stato affettato con un'affettatrice.	1636919	Die Salami wurde von einer Schneidemaschine geschnitten.
1636939	L'afonia è un problema serio.	1636961	Die Aphonie ist ein ernsthaftes Problem.
1636982	Insegno in una scuola di equitazione.	1636983	Ich unterrichte in einer Reitschule.
1636981	Sta per scoppiare una guerra mondiale.	1636987	Ein Weltkrieg steht vor dem Ausbruch.
1636980	Mi piacerebbe avere qualche spiegazione.	1636989	Ich hätte gern einige Erklärungen.
1636978	Non sono riuscito a risolvere questa equazione.	1637000	Ich habe es nicht geschafft, diese Gleichung zu lösen.
1636975	Oggi c'è una gara equestre.	1637024	Heute findet ein Pferderennen statt.
1177710	Tom ha molti amici.	1637106	Tom hat viele Freunde.
1637669	Non puoi equiparare le due cose!	1637709	Du kannst beides nicht gleichsetzen.
1637679	L'escursionismo è bello.	1637723	Wandern ist schön.
1637681	L'avamposto nemico è stato raso al suolo dai bombardamenti dell'aviazione.	1637727	Durch Bombardierung aus der Luft wurde der Vorposten des Feindes dem Erdboden gleichgemacht.
1637682	Quell'aviatore è molto bravo a volare.	1637731	Dieser Pilot ist ein sehr guter Flieger.
1637683	L'aviatrice perse quota.	1637733	Die Fliegerin verlor an Höhe.
1171289	Tom era qui poco fa.	1639409	Tom ist gerade hier gewesen.
753211	Lui è conosciuto da tutti.	1639410	Er ist bei allen bekannt.
1064153	C'è una stazione dei treni qua vicino?	1639411	Gibt es hier in der Nähe einen Bahnhof?
1512116	Mi devo ancora ambientare.	1639412	Ich muss mich erst noch eingewöhnen.
382405	Ho ringraziato Mary per il suo aiuto.	1639413	Ich dankte Maria für ihre Hilfe.
996374	Andiamo a giocare a biliardo?	1639414	Gehen wir Billard spielen?
1308412	Allora sono poco più di dieci giorni.	1639415	Jetzt sind es etwas über zehn Tage.
880877	Quando arriverò ti scriverò.	1639434	Wenn ich da bin, schreibe ich dir.
1317571	Mi ha salvato la vita.	1639436	Sie haben mir das Leben gerettet.
1239661	Ho conosciuto due stranieri, uno veniva dal Canada e l'altro dall'Inghilterra.	1639438	Ich habe zwei Ausländer kennengelernt, der eine kam aus Kanada und der andere aus England.
1113328	Alla mattina solitamente bevo caffè, alla sera bevo tè.	1639440	Morgens trinke ich üblicherweise Kaffee, abends Tee.
993174	Questo zaino è azzurro.	1639442	Dieser Rucksack ist blau.
1166713	Lui è morto tre mesi fa nel Devonshire.	1639444	Er ist vor drei Monaten in Devonshire verstorben.
1105094	Tom è a New York adesso.	1639445	Tom ist nun in New York.
1415725	Oggi sta decisamente meglio.	1639989	Heute geht es mir entschieden besser.
1641351	L'alchimia era considerata una sorta di magia.	1641364	Die Alchemie galt als eine Art von Zauberei.
1264152	Lui ha chiesto una birra.	1642932	Er hat ein Bier bestellt.
632262	Ora ho due fidanzate.	1642933	Ich habe nun zwei Verlobte.
758845	Grazie a te ho speso tutti i miei soldi.	1642934	Dank dir habe ich mein ganzes Geld ausgegeben.
1454855	Anche le spie ci sono adesso.	1642935	Auch die Spione sind jetzt da.
1064164	La casa che Tom ha costruito è meravigliosa.	1642936	Das von Tom gebaute Haus ist wunderbar.
1644104	Cosa significa questa vittoria?	1644109	Was bedeutet dieser Sieg?
1100098	La conseguenza di una traduzione errata a volte può essere catastrofica.	1644825	Die Folgen einer falschen Übersetzung können manchmal katastrophal sein.
1244640	Non lasciarglielo fare da solo.	1644830	Lassen Sie es ihn nicht selbst tun.
1227205	Mi ricordo l'anno in cui ha ottenuto un lavoro.	1644832	Ich erinnere mich an das Jahr, in dem er Arbeit gefunden hat.
1326351	Dove posso comprare uno spazzolino?	1644836	Wo kann ich eine Zahnbürste kaufen?
614322	Non sai nuotare.	1645581	Du kannst nicht schwimmen.
1226605	Sarei dovuta nascere in Toscana.	1645587	Ich hätte in der Toskana geboren werden sollen.
955102	Riesci a ricordarti la prima parola che hai imparato in inglese?	1645591	Kannst du dich an das erste englische Wort erinnern, das du gelernt hast?
1646038	Questo è proprio per un intenditore come te!	1646077	Das ist etwas für einen Kenner wie dich!
1645873	Prima avevo paura di essere linciato.	1646103	Anfangs hatte ich Angst, gelyncht zu werden.
1646135	Abbiamo di meglio da fare.	1646138	Wir haben Besseres zu tun.
1646129	È stata scoperta una discarica abusiva.	1646222	Es wurde eine illegale Mülldeponie entdeckt.
1646129	È stata scoperta una discarica abusiva.	1646223	Man hat eine unerlaubte Müllhalde entdeckt.
1646294	Non è l'occasione a fare il romanticismo, ma il romanticismo a fare l'occasione.	1646305	Es ist nicht die Gelegenheit, die für Romantik sorgt; sondern es ist die Romantik, die für die Gelegenheit sorgt.
1647258	Oggi sono andato al mercato a comprare due meloni.	1647269	Heute bin ich zum Markt gegangen, um zwei Melonen zu kaufen.
1056244	Tom disse a Mary di lavarsi la faccia.	1647530	Tom sagte Mary, sie solle sich ihr Gesicht waschen.
1467416	Però non hai visto sotto i nostri letti.	1647546	Aber du hast nicht unter unsere Betten geschaut.
1647696	Finalmente una buona notizia!	1647698	Endlich mal eine gute Nachricht!
1647696	Finalmente una buona notizia!	1647705	Das ist endlich mal eine gute Nachricht!
1648002	Ma si può essere così idioti?	1648100	Wie kann man denn so bescheuert sein?
903212	Possiamo immaginare difficilmente la nostra vita quotidiana senza la televisione.	1651917	Wir können uns das tägliche Leben nur schwer ohne Fernseher vorstellen.
1652081	Questa volta chi la spunterà?	1652091	Wer wird diesmal gewinnen?
1652081	Questa volta chi la spunterà?	1652093	Wer wird dieses Mal gewinnen?
1652117	Aspettano la rivincita.	1652131	Sie warten auf die Revanche.
1652117	Aspettano la rivincita.	1652134	Sie warten auf das Rückspiel.
1240364	Non c'è mai fine al peggio.	1658760	Es geht immer noch schlimmer.
1664799	Pagherei oro per fare una cosa così.	1664810	Ich würde mit Gold bezahlen, um so etwas zu tun.
1668170	Solo la cultura ci rende liberi!	1668187	Allein die Kultur macht uns frei!
1677132	Le banche non concedono più i mutui.	1677338	Die Banken gewähren keine Kredite mehr.
1677490	Sarkozy ha difeso un modello di crescita sostenibile.	1677506	Sarkozy verteidigte ein Modell des nachhaltigen Wachstums.
1199423	Credo che dovrei venire a visitarti a Hong Kong!	1680630	Ich glaube, ich sollte dich in Hongkong besuchen kommen.
1296405	La lezione consiste in due parti, una teorica, l'altra pratica.	1680643	Der Unterricht besteht aus zwei Teilen, einem theoretischen und einem praktischen.
399092	Sto traducendo.	1682199	Ich übersetze gerade.
399092	Sto traducendo.	1682200	Ich bin gerade dabei zu übersetzen.
399092	Sto traducendo.	1682202	Ich bin am Übersetzen.
1226508	La prima produzione di vetro medievale è una continuazione della tecnica del vetro romana?	1682217	Ist die erste mittelalterliche Glasherstellung eine Fortsetzung der römischen Glasereitechnik?
946038	Cosa volete che faccia?	1682219	Was wollt ihr von mir?
946038	Cosa volete che faccia?	1682224	Was wollt ihr von ihm?
946038	Cosa volete che faccia?	1682225	Was wollt ihr von ihr?
1455113	Lui non ha il biglietto.	1682256	Er hat die Fahrkarte nicht.
1141660	Di quale libro ha bisogno?	1682392	Welches Buch brauchen Sie?
1141660	Di quale libro ha bisogno?	1682393	Welches Buch braucht sie?
1141660	Di quale libro ha bisogno?	1682394	Welches Buch braucht er?
1461854	Scopri chi visita il tuo profilo.	1684257	Finde heraus, wer dein Profil besucht.
839228	Questo è il quinto concerto di questa orchestra.	1684955	Dies ist das fünfte Konzert dieses Orchesters.
745282	Sono molto felice ora.	1684975	Ich bin im Moment sehr glücklich.
712853	Lei vince sempre le discussioni.	1685155	Sie behält bei Diskussionen immer die Oberhand.
614256	Devi indossare una cravatta qua.	1685159	Hier herrscht Krawattenzwang.
1689013	La fine del mondo dovrà attendere.	1689016	Das Ende der Welt wird warten müssen.
1689095	Noi abbiamo tutto sotto controllo.	1689100	Wir haben alles fest im Griff.
1689095	Noi abbiamo tutto sotto controllo.	1689101	Wir haben alles unter Kontrolle.
1691973	Immagino il tuo stato d'animo.	1691977	Ich stelle mir vor, wie es um deine Gemütsverfassung steht.
1691973	Immagino il tuo stato d'animo.	1691978	Ich stelle mir vor in welchen Gemütszustand du dich befindest.
1691959	Hai tutta la mia ammirazione!	1692008	Ich bringe dir große Bewunderung entgegen.
1123152	Esattamente per il motivo che dico io.	1695560	Genau aus dem Grund, den ich genannt habe.
1693147	Lasciamo che ognuno si meriti il proprio male.	1695694	Jeder Mensch verdient sein eigenes Übel.
1693147	Lasciamo che ognuno si meriti il proprio male.	1695698	Gestehen wir einem jeden sein eigenes Übel zu!
1693144	Le patatine fritte sono un veleno per il nostro organismo.	1695710	Die Pommes frites sind ein Gift für unseren Körper.
1693141	Serviva l'olio per la combustione.	1695714	Das Öl wurde für die Verbrennung verwendet.
1693124	Fate qualcosa stasera!	1695718	Tun Sie etwas heute Abend!
1693124	Fate qualcosa stasera!	1695720	Unternehmt heute Abend mal was!
1693124	Fate qualcosa stasera!	1695723	Unternehmen Sie mal heute Abend etwas!
1693124	Fate qualcosa stasera!	1695725	Unternimm mal etwas heute Abend!
1693124	Fate qualcosa stasera!	1695727	Tu was heute Abend!
1693118	Il compleanno non è ad ottobre?	1695738	Ist der Geburtstag nicht erst im Oktober?
1693103	Non temere la sconfitta!	1695796	Fürchte nicht die Niederlage!
1693103	Non temere la sconfitta!	1695798	Fürchtet nicht die Niederlage!
1693103	Non temere la sconfitta!	1695799	Fürchten Sie die Niederlage nicht!
1693103	Non temere la sconfitta!	1695800	Fürchten Sie sich nicht vor der Niederlage!
1693103	Non temere la sconfitta!	1695801	Fürchtet euch nicht vor der Niederlage!
1693103	Non temere la sconfitta!	1695803	Fürchte dich nicht vor der Niederlage!
1693103	Non temere la sconfitta!	1695807	Habe keine Angst vor der Niederlage!
1693103	Non temere la sconfitta!	1695808	Habt keine Angst vor der Niederlage!
1693103	Non temere la sconfitta!	1695809	Haben Sie keine Angst vor der Niederlage!
1107144	Mi spiegate perché chi riutilizza i mobili del camper in casa poi se ne va in giro con un rolex d'oro al polso?	1696895	Kann mir mal einer erklären, warum jemand, der zu Hause Camping-Möbel aufbraucht, dann mit einer goldenen Rolex am Handgelenk durch sie Gegend spaziert?
1700697	Vediamo quanti calci riusciamo a dargli!	1700708	Mal sehen, wie viele Tore wir denen reinhauen können.
1700707	Lui non è che un bugiardo.	1700714	Er ist nichts weiter als ein Lügner.
1700707	Lui non è che un bugiardo.	1700715	Er ist schlicht und einfach ein Lügner.
1700009	In Italia non ci sono più valori.	1702225	In Italien gibt es keine Werte mehr.
1700004	Credo che occorra un rinnovamento dalle basi.	1702263	Ich glaube, wir brauchen eine Erneuerung der Grundlagen.
1700004	Credo che occorra un rinnovamento dalle basi.	1702266	Ich glaube, wir brauchen eine Erneuerung von Grund auf.
1700003	Lui aveva in mente di sposarla.	1702275	Er trug sich mit dem Gedanken, sie zu heiraten.
1020703	Lui è già uscito.	1704164	Er ist schon ausgegangen.
1321319	Cosa desiderano veramente gli uomini?	1704282	Was wollen die Männer wirklich?
1321319	Cosa desiderano veramente gli uomini?	1704284	Was wollen die Menschen wirklich?
1704607	Sono ufficialmente in vacanza.	1704720	Offiziell habe ich Urlaub.
651154	Non solo è intelligente ma è anche bella.	1705296	Nicht nur schlau ist sie, nein, auch schön.
1704235	Vado a prendere il biglietto.	1705329	Ich gehe die Eintrittskarte holen.
1706762	Le donne condividono tutto.	1706773	Frauen können nichts für sich behalten.
1516963	È un uomo che mantiene sempre le promesse.	1707276	Er ist ein Mann, der seine Versprechen immer hält.
1139059	Ognuno di noi considera il proprio mondo personale come la realtà.	1708367	Ein jeder von uns betrachtet seine eigene persönliche Welt als die Wirklichkeit.
1709297	Qui si possono trovare molte frasi che mostrano come usare le parole adequatamente.	1709331	Hier kann man viele Sätze finden, die aufzeigen, wie man die Wörter in angemessener Weise verwendet.
1709297	Qui si possono trovare molte frasi che mostrano come usare le parole adequatamente.	1709336	Hier sind in großer Zahl Sätze zu finden, welche den angemessenen Gebrauch der Wörter zeigen.
1071911	Alla fine, Mario riuscì ad ottenere l'amore della principessa.	1709756	Schließlich schaffte es Mario, die Liebe der Prinzessin zu gewinnen.
1653830	Io lo sapevo che non era morto.	1709798	Ich wusste, dass er nicht tot war.
1653830	Io lo sapevo che non era morto.	1709800	Ich wusste, dass er nicht gestorben war.
1218022	Abito e lavoro in Francia.	1709840	Ich wohne und arbeite in Frankreich.
1475220	Esistono ancora i ragazzi galanti.	1709896	Es gibt noch galante Jungen.
1217423	Tom ha due scelte.	1709907	Tom hat zwei Möglichkeiten.
822550	Lei vuole partecipare alla festa.	1709922	Sie möchte zu der Party gehen.
1330829	Jim dice che fa footing almeno tre volte alla settimana.	1709952	Tom sagt, dass er mindestens drei Mal die Woche joggt.
1712850	Lo sport aiuta i nostri muscoli a svilupparsi.	1712875	Der Sport hilft unsern Muskeln, sich zu entwickeln.
1712850	Lo sport aiuta i nostri muscoli a svilupparsi.	1712878	Der Sport hilft unseren Muskeln bei ihrer Entwicklung.
1699689	È importante.	1714508	Das ist wichtig.
1699689	È importante.	1714509	Es ist wichtig.
1699689	È importante.	1714510	Er ist wichtig.
1699689	È importante.	1714511	Sie ist wichtig.
1719411	Soltando quando rivengo da fuori, mi rendo conto che a casa mia non si respira.	1719413	Nur wenn ich von draußen hereinkomme, wird mir klar, dass man in meinem Haus kaum atmen kann.
1719471	L'abitazione presenta un atrio con peristilio rettangolare ed un ambulacro coperto, il cui tetto è sorretto da colonne con capitelli dorici.	1719493	Das Haus weist ein Atrium mit einem rechteckigen Perystil und einem gedeckten Wandelgang auf, dessen Dach von Säulen mit dorischen Kapitellen gestützt wird.
1719498	L'organo è sorretto da colonne in marmo rosso ed è abbellito con numerose decorazioni.	1719512	Die Orgel wird durch Säulen aus rotem Marmor gestützt und von unzähligen Verzierungen verschönert.
897056	È impossibile che mi abbia visto a una festa.	1719555	Es kann nicht sein, dass er mich auf einer Party gesehen hat.
897056	È impossibile che mi abbia visto a una festa.	1719556	Es kann nicht sein, dass sie mich auf einer Party gesehen hat.
1719670	L'architrave è sorretta da due tozze in mezzo.	1719673	Der Querbalken wird mittig durch zwei Säulen abgestützt.
1719684	L'altra metà della camera serve da studio.	1719686	Die andere Hälfte des Zimmers dient als Arbeitsraum.
714394	I primi che arrivano troveranno i posti migliori.	1719704	Die, die zuerst ankommen, werden die besten Plätze bekommen.
974569	Quando arriverà il vostro treno a Kyoto?	1719709	Wann kommt euer Zug in Tokio an?
1719708	Vicino alla scrivania c'è un divanaccio.	1719714	Neben dem Schreibtisch steht eine verschlissene Ottomane.
1719708	Vicino alla scrivania c'è un divanaccio.	1719717	Neben dem Schreibtisch steht ein hässlicher Divan.
1719721	A sinistra c'è un grande camino che non accendo mai.	1719724	Links ist ein großer Kamin, in dem ich nie Feuer mache.
930601	Non hanno passato l'esame.	1719736	Sie haben die Prüfung nicht bestanden.
1719730	Questa tavola massiccia fa da scrivanìa.	1719739	Dieser massive Tisch dient als Schreibtisch.
1719730	Questa tavola massiccia fa da scrivanìa.	1719741	Dieser massive Tisch wird als Schreibtisch verwendet.
1719730	Questa tavola massiccia fa da scrivanìa.	1719742	Dieser massive Tisch findet als Schreibtisch Verwendung.
1719730	Questa tavola massiccia fa da scrivanìa.	1719743	Dieser massive Tisch fungiert als Schreibtisch.
1719776	Nella parete di contro è un vecchio scaffale con cadaveri di libri.	1719777	An der gegenüberliegenden Wand steht ein altes Regal mit vermodernden Büchern.
1719905	Qual è l'utilità della bellezza?	1719913	Worin besteht der Nutzen der Schönheit?
1719905	Qual è l'utilità della bellezza?	1719916	Was ist der Nutzen der Schönheit?
1722003	A casa sono il re.	1722012	Zu Hause bin ich König.
1722003	A casa sono il re.	1722013	Daheim bin ich ein König.
1311096	Penso che non sappia rispondere.	1722202	Ich denke, dass sie nicht antworten kann.
1722430	In ogni caso non posso mangiare quanto vorrei, perché il mio stomaco si è rimpicciolito e devo ricominciare gradualmente.	1722444	Auf jeden Fall kann ich nicht essen, so viel ich möchte, denn mein Magen ist geschrumpft und ich muss nach und nach wieder anfangen.
1722455	Sono tornata e ho trovato l'inferno.	1722459	Ich bin zurückgekehrt und habe die Hölle vorgefunden.
1722490	Che buona la pasta con i carciofi, oggi l'ho mangiata! Ora ricordo quante ricette buone ci sono al mondo.	1722501	Wie gut die Pasta mit Artischocken war, die ich heute ich gegessen habe! Nun erinnere ich mich, wie viele gute Rezepte es in der Welt gibt!
1722527	Questo trionfo inaspettato è quasi incredibile.	1722534	Dieser unerwartete Triumph ist fast nicht zu glauben.
1722527	Questo trionfo inaspettato è quasi incredibile.	1722535	Dieser unerwartete Triumph ist beinahe unglaublich.
1722550	Il telefonino era occupato da ore.	1722562	Das Handy war stundenlang besetzt.
1722550	Il telefonino era occupato da ore.	1722566	Das Mobiltelefon war mehrere Stunden lang besetzt.
1722697	Sei sotto controllo continuo.	1722707	Du bist unter ständiger Kontrolle.
1722697	Sei sotto controllo continuo.	1722709	Du bist ständig unter Kontrolle.
1722697	Sei sotto controllo continuo.	1722714	Du wirst kontinuierlich kontrolliert.
1722697	Sei sotto controllo continuo.	1722718	Du stehst unter beständiger Aufsicht.
1722697	Sei sotto controllo continuo.	1722723	Du wirst unablässig beaufsichtigt.
1722936	Spesso naufraghi che non resistono più alle condizioni del gioco prendono a pretesto un malore per un'uscita onorevole.	1722960	Oft nehmen Schiffbrüchige, die die Bedingungen im Spiel nicht mehr aushalten, eine Unpässlichkeit als Vorwand, um ehrenvoll auszuscheiden.
1723167	Mi servirebbe qualche consiglio.	1723190	Ich brauche ein paar Ratschläge.
1723167	Mi servirebbe qualche consiglio.	1723191	Ich bräuchte ein paar Ratschläge.
1723167	Mi servirebbe qualche consiglio.	1723192	Ein paar Tipps wären jetzt sehr hilfreich.
1723167	Mi servirebbe qualche consiglio.	1723193	Ein paar Tipps könnte ich jetzt gut gebrauchen.
1725904	Prima di tutto, è troppo costosa.	1725912	Vor allem kostet es zu viel.
1258218	È americano.	1728598	Es ist amerikanisch.
1730800	Gli telefonerò prima che esca.	1732000	Mit ihnen habe ich telefoniert, bevor ich losgegangen bin.
1732630	Ciò non concerne il problema.	1732639	Das hat mit dieser Frage nichts zu tun.
748192	La vita non è una passeggiata.	1734843	Das Leben ist kein Spaziergang.
1735623	Le imprese europee possono, consapevolmente o meno, prendere parte a tali abusi, ma possono anche partecipare alla loro eliminazione.	1735637	Die europäischen Unternehmen können dieses Fehlverhalten wissentlich oder unwissentlich teilen, sie können aber auch daran mitwirken, es abzustellen.
1735654	Il contenuto della risoluzione in esame non affronta, in maniera più o meno consapevole, le origini del teppismo.	1735655	Die vorliegende Entschließung übergeht, ob bewußt oder unbewußt, die Ursachen des Rowdytums.
1738814	Non hanno ragione di esistere.	1738821	Sie haben keine Existenzberechtigung.
1741351	Molti finlandesi conoscono il tedesco.	1741386	Viele Finnen können Deutsch.
1752719	Penso di stare per cagarmi sotto.	1752794	Ich denke, ich werde mir in die Hosen machen.
1754615	Anzitutto vi è la questione della sicurezza.	1754617	Da ist zunächst die Frage der Sicherheit.
1754621	Anzitutto vi è la gerarchia delle norme.	1754622	Da ist zunächst die Hierarchie der Normen.
1754623	Sono la prima a sostenere una tale proposta.	1754626	Ich bin die erste, die einen solchen Vorschlag unterstützt.
1754637	In terzo luogo vi è la questione dell'energia.	1754639	Drittens stellt sich da die Frage der Energie.
1754642	La speranza di vita è inferiore a cinquant'anni.	1754644	Die Lebenserwartung liegt unter 50 Jahren.
1754646	Chi è stato in Iraq sa com'è la situazione.	1754651	Wer im Irak war, weiß über die Lage bescheid.
1754661	Nessuno si può lavare le mani dinanzi a un dramma di queste proporzioni.	1754662	Niemand kann angesichts einer Tragödie dieses Ausmaßes seine Hände in Unschuld waschen.
1754666	Si vuole così evitare di lavare i panni sporchi in pubblico, sotto gli occhi dei cittadini, durante la campagna elettorale europea.	1754667	Damit soll vermieden werden, dass während des Europawahlkampfes peinliche Angelegenheiten vor den Augen der Bürger enthüllt werden.
1754668	Di solito non entro nel merito di queste discussioni, perché credo che i panni sporchi si debbano lavare in casa propria.	1754669	Gewöhnlich gehe ich auf solche Diskussionen nicht ein, denn ich glaube, dass schmutzige Wäsche zu Hause gewaschen werden sollte.
1754670	In primo luogo, dobbiamo avere il coraggio di espellere gli radicali che vengono dall'estero, dall'esterno dell'Europa, per lavare il cervello alle persone che vivono qui.	1754672	Erstens müssen wir den Mut aufbringen Radikale auszuweisen, die von draußen, von außerhalb Europas kommen, um die hier lebenden Menschen einer Gehirnwäsche zu unterziehen.
1754673	Si potrebbe obiettare che il commercio equo e solidale serve a lavare la coscienza degli acquirenti di questi prodotti, ma che nel frattempo altri continuano a trarre profitto dalla miseria.	1754676	Man kann dem entgegenhalten, dass der faire Handel zwar dazu beiträgt, das Gewissen derer zu beruhigen, die solche Produkte kaufen, dass aber währenddessen andere nach wie vor aus dem Elend Gewinn ziehen.
1754677	È così che ci si sente ad amare qualcuno?	1754678	Ist es so, wenn man jemanden liebt?
1754680	Abbiamo già avuto delle amare esperienze.	1754681	Bittere Erfahrung haben wir bereits zur Genüge gemacht.
1754683	Noi europei portiamo con noi il bagaglio di amare esperienze del passato.	1754684	Wir Europäer haben bitteren Erfahrungen der Vergangenheit im Gepäck.
1754686	In molti paesi europei, abbiamo avuto amare esperienze in questo campo.	1754687	In vielen europäischen Ländern haben wir bittere Erfahrungen auf diesem Gebiet gemacht.
1754692	Voler risparmiare fino all'osso può riservare amare sorprese.	1754693	Wer für einen Groschen in der ersten Reihe sitzen will, könnte böse Überraschungen erleben.
1754694	Sono stato accusato di non amare il calcio: in realtà sono abbonato alla stagione del Manchester City.	1754695	Man wirft mir vor, ich sei kein Fußballfan: Ich habe aber eine Dauerkarte für Manchester City.
1754696	D'altronde, altre considerazioni altrettanto amare sono da fare riguardo al ruolo dell'Europa in questa fase decisiva.	1754697	Ebenso bittere Gedanken kommen mir im Hinblick auf die Rolle Europas in dieser entscheidenden Phase.
1754698	L'industria si trova di fronte ad alcuni cambiamenti.	1754699	Der Industrie stehen einige Änderungen bevor.
1754700	Dobbiamo ricordarci sempre che l'Europa è nata dalle ceneri.	1754701	Europa wurde aus Asche geboren; daran gilt es sich stets zu erinnern.
1754702	L'anno scorso non ci siamo riusciti, a causa dell'impronta eccessivamente ideologica della discussione e ciò ha avuto conseguenze alquanto amare.	1754703	Wir haben dies ja im vergangenen Jahr aufgrund einer allzu ideologisierten Debatte nicht geschafft, mit übrigens sehr bitteren Auswirkungen.
1754704	Bisogna davvero amare profondamente questo bel mestiere per diventare agricoltori oggigiorno ma purtroppo non si vive di solo amore!	1754705	Der Grund muss wirklich tiefe Liebe für einen schönen Beruf sein, wenn jemand heute Landwirt wird, aber von Liebe allein wird man eben leider nicht satt!
1754706	Abbiamo avuto esperienze amare con le navi che battono bandiere di comodo e violano i termini e le condizioni di occupazione e le norme di salute, di sicurezza e di tutela ambientale.	1754707	Wir haben bereits bittere Erfahrungen damit gemacht, wie Schiffe unter Billigflaggen Normen für Arbeitsbedingungen sowie Arbeits- und Umweltschutz ignorieren.
1754710	Il razzismo non costituisce un pericolo solo per le minoranze che vivono in Europa, ma minaccia i valori sui quali, dopo tante amare esperienze, sono state costruite le nostre società.	1754712	Rassismus stellt nicht nur für die unter uns lebenden Minderheiten eine Gefahr dar, sie bedroht die Werte, auf die unsere Gesellschaften nach den bitteren Erfahrungen aufgebaut wurden.
1754932	L'Unione Europea è una creazione unica.	1754933	Die Europäische Union ist ein einzigartiges Modell.
1754936	Una legislazione è una creazione continua.	1754940	Gesetze müssen ständig überprüft und angepasst werden.
1754962	La creazione immediata delle banche dati è un imperativo.	1754964	Der sofortige Aufbau von Datenbanken ist ein Muss.
1754974	È fondamentale stimolare la creazione di tali strumenti.	1754981	Die Schaffung solcher Instrumente anzuregen, ist von grundlegender Bedeutung.
1754995	La proposizione mira alla creazione di un sistema comune di trasporti.	1754997	Der Vorschlag zielt auf die Schaffung eines Gesamtverkehrssystems.
1755005	Questo potrà a sua volta favorire la creazione di posti di lavoro.	1755007	Dies wiederum kann die Schaffung von Arbeitsplätzen begünstigen.
1755012	La creazione di imprese non deve più essere una via crucis.	1755014	Die Gründung von Unternehmen darf nicht länger ein Kreuzweg sein.
1755022	Per principio, non sono favorevole alla creazione di un'agenzia.	1755024	Prinzipiell bin ich nicht für die Schaffung einer Agentur.
1755035	Una tale riforma è una condizione preliminare alla creazione di posti di lavoro.	1755037	Eine solche Reform ist eine Voraussetzung für die Schaffung von Arbeitsplätzen.
1755040	Spirito imprenditoriale significa creazione di posti di lavoro.	1755041	Unternehmergeist bedeutet Schaffung von Arbeitsplätzen.
1755043	Questa pista è efficace per la creazione di posti di lavoro?	1755045	Trägt dieser Weg wirksam zur Schaffung von Arbeitsplätzen bei?
1755047	C'è solo il suo utero — e la creatura che c'è dentro.	1755048	Es gibt nur ihre Gebärmutter — und das Wesen darin.
1755055	Ma lui, che cosa ha fatto, se non fermarsi all'aspetto esteriore della creatura.	1755056	Und doch, war es nicht ihr Aussehen, was ihn angezogen hat?
1755061	Sono molto lieto che Tom abbia rinnegato la propria creatura questa sera.	1755062	Ich freue mich sehr, dass Tom heute Abend seinem eigenen Produkt eine Absage erteilt hat.
1755066	Si tratta di una nuova creatura ancora piuttosto delicata, che richiede tutta la nostra premura.	1755068	Das ist noch eine recht zarte Pflanze, die unserer vollen Aufmerksamkeit bedarf.
1757120	È necessario creare gli opportuni incentivi.	1757121	Es müssen Anreize geschaffen werden.
1456597	Sarò lì in un minuto.	1757542	Ich werde in einer Minute da sein.
1429137	Da me è uguale, se non peggio.	1758057	Für mich ist das das Gleiche, wenn nicht schlimmer.
715231	Devi incolpare solo te stesso.	1758189	Daran bist du ganz alleine schuld.
1758426	Noi non intendiamo demolire l'articolo, ma semplicemente restaurarlo.	1758428	Wir möchten den Artikel nicht aufheben, sondern nachbessern.
1758434	Devono forse cercare di demolire l'ottima cooperazione che stiamo cercando di realizzare in Europa?	1758443	Müssen sie etwa jetzt danach trachten, die gute Zusammenarbeit zunichte zu machen, die wir gerade in Europa aufzubauen versuchen?
1758449	Agli americani non mancano certo né la capacità né le competenze per demolire da sé queste navi.	1758453	Die Amerikaner verfügen sicherlich über ausreichende Kapazität und Kenntnisse, um diese Schiffe selbst zu verschrotten.
1758456	È questo il progresso che gli Stati nazionali e le Istituzioni europee sono impegnati a demolire in modo sistematico.	1758458	Diesen Fortschritt wollen die Nationalstaaten wie die europäischen Institutionen gegenwärtig systematisch zunichte machen.
1758460	In terzo luogo, vedo qui un buon numero di deputati che si servono della crisi della ESB per demolire l'Europa di Maastricht.	1758461	Drittens sehe ich hier zahlreiche Abgeordnete, die die BSE-Krise benutzen, um das Europa des Maastrichter Vertrags zu zerstören.
1758462	Tuttavia, altre forze di diversa natura lavorano accanitamente allo scopo di demolire non solo il processo, ma addirittura lo spirito di Oslo.	1758464	Allerdings arbeiten einige Kräfte anderer Wesensart unbeirrt daran, nicht mehr nur den Prozess, sondern auch den Geist von Oslo zu beseitigen.
1758466	Bene, a giudicare dalla cassetta della mia corrispondenza, i cittadini d'Europa non vogliono veder demolire i loro servizi postali.	1758467	Wenn ich die Post, die ich bekomme, als Maßstab verwende, so wollen die Bürger Europas offenbar nicht, dass die Postdienste zerschlagen werden.
1758470	Questo non vuol dire demolire il modello sociale europeo, ma assicurarsi che tale modello sia ancora adatto alle necessità odierne.	1758472	Dies heißt nicht, daß wir das europäische Sozialmodell aushöhlen, sondern wir müssen sicherstellen, dass dieses Modell den heutigen Bedürfnissen gerecht wird.
1758475	Non posso credere che a un'impresa europea sarebbe consentito demolire un'intera città canadese, con tutte le sue case, le chiese e i cimiteri.	1758477	Ich kann mir nicht vorstellen, dass ein europäisches Unternehmen eine gesamte kanadische Stadt zerstören dürfte, mit all ihren Häusern, Kirchen und Friedhöfen.
1758480	Innanzitutto, il principio della supremazia del diritto comunitario deve essere precisato in modo da non demolire il principio della sovranità nazionale.	1758481	Erstens muss der Grundsatz des Primats des Gemeinschaftsrechts geklärt werden, und zwar so, dass der Grundsatz der nationalen Souveränität nicht beschädigt wird.
1758483	Essa deve usare tale forza come leva politica per demolire i regimi non democratici di questi paesi terzi che sono così ansiosi di ottenere gli investimenti comunitari.	1758484	Sie muss dies als politischen Hebel nutzen, um die undemokratischen Regimes dieser Länder zurückzudrängen, die so sehr an Investitionen seitens der Gemeinschaft interessiert sind.
1758486	Sarà un compito estremamente arduo ricostruire il Kosovo senza umiliare la popolazione e demolire le forze che nel paese sono in grado di stare in piedi da sole.	1758488	Es wird sehr schwer sein, das Kosovo wieder aufzubauen, ohne die Bevölkerung zu entmündigen und die unabhängigen Kräfte zu missachten.
1758489	All'epoca, il testo si spingeva un po' troppo lontano al fine, nella fattispecie, di demolire le concessioni pubbliche esistenti in numerosi enti dei paesi dell'Unione.	1758491	Der seinerzeitige Text ging etwas zu weit, insbesondere was die Aufhebung bestehender öffentlicher Konzessionen in zahlreichen Gebietskörperschaften der EU-Mitgliedstaaten betrifft.
1758492	Ma il fatto davvero imperdonabile è che i conservatori britannici sostengano i piani della Commissione europea di demolire il sistema postale nel Regno Unito.	1758493	Wirklich unverzeihlich ist jedoch, dass die britischen Konservativen die Pläne der Europäischen Kommission zur Zerschlagung des Postsystems im Vereinigten Königreich unterstützen.
1758494	L'Europa e il mondo devono demolire i muri invisibili che li separano dai curdi, nonché agire come ponte per trovare una soluzione al problema.	1758495	Europa und die Welt sollten in der Lage sein, die unsichtbaren Mauern einzureißen, die zwischen ihnen und den Kurden errichtet wurden, und als Brücke für die Lösung dieses Problems dienen.
1758496	A mio parere, a un paese come gli Stati Uniti non dovrebbero mancare il know-how e la tecnica per demolire vecchie navi – che si tratti di navi da guerra o di mercantili.	1758503	Meines Erachtens müsste es in einem Land wie den USA auch möglich sein, das Fachwissen und die Technik zu haben, um alte Schiffe – ob das nun Kriegsschiffe oder Handelsschiffe sind – abzuwracken.
1758512	Gli gnomi politici che ci governano permettono ai demagoghi di estrema destra e di estrema sinistra, compresi i nazionalsocialisti e altri separatisti, di demolire il sogno europeo.	1758513	Die politischen Zwerge, die uns regieren, lassen es zu, dass rechts- und linksradikale Demagogen, einschließlich Nationalsozialisten und sonstiger Separatisten, den europäischen Traum zerstören.
1758550	A mio parere, no.	1758552	Meines Erachtens nicht.
1758558	Io sono di questo parere.	1758564	Ich glaube, das kann ich bejahen.
1758569	A mio parere possiamo farlo.	1758571	Ich denke, das ist machbar.
1758574	Io sono dello stesso parere.	1758576	Ich bin derselben Ansicht.
1758578	Non sono dello stesso parere.	1758579	Ich bin nicht dieser Ansicht.
1758583	A mio parere è importante.	1758588	Mir scheint dies bedeutsam zu sein.
1758590	A nostro parere no.	1758592	Dieser Ansicht sind wir nicht.
1758595	A mio parere, ne vale la pena.	1758598	Ich denke, es lohnt sich.
1758601	A mio parere stiamo esagerando.	1758603	Das geht mir einfach zu weit.
1758601	A mio parere stiamo esagerando.	1758604	Mir scheint, wir übertreiben jetzt.
1758607	Assolutamente no, a mio parere.	1758611	Meine Antwort ist ein klares Nein.
1758617	Questo, a mio parere, è negativo!	1758619	Ich halte das für schädlich!
1758621	A mio parere è l'esatto contrario.	1758623	Ich sehe das ganz gegenteilig.
1758625	A mio parere, sarebbe troppo poco.	1758628	Das wäre mir persönlich zu wenig.
1758631	A mio parere ciò è inopportuno.	1758632	Das halte ich für nicht hinnehmbar.
1758634	A mio parere la risposta è semplice.	1758636	Für mich ist die Antwort einfach.
1758638	A mio parere, è giusto che sia così.	1758640	Meines Erachtens zu Recht.
1758658	A mio avviso, si sta esagerando.	1758660	Das geht mir viel zu weit.
1758661	Questa è debolezza, a mio avviso.	1758666	Das ist in meinen Augen Schwäche.
1758667	Ciò è a mio avviso inammissibile.	1758670	Ich glaube, so geht es nicht.
1758673	Non sono affatto di questo avviso.	1758675	Ich sehe das überhaupt nicht so.
1758677	A mio avviso questo è molto grave!	1758680	Das ist meines Erachtens eine sehr ernste Sache!
1758681	La madre è di questo avviso.	1758682	Die Mutter bejaht das.
1758685	A mio avviso è la strada sbagliata.	1758686	Meines Erachtens ist das der falsche Weg.
1758687	A mio avviso ciò è molto importante.	1758690	Ich halte das für sehr wichtig.
1758691	È, a mio avviso, davvero importante.	1758693	Das ist meiner Ansicht nach wirklich wichtig.
1758694	A mio avviso questo non è ammissibile.	1758696	Für mich ist das unmöglich.
1758698	A mio avviso questo non è accettabile.	1758700	Dies ist für mich nicht akzeptabel.
1758701	La richiesta è, a mio avviso, logica.	1758702	Der Antrag ist meines Erachtens logisch.
1758704	Anzi, a mio avviso, è stata frustrante.	1758705	Für mich war es hingegen frustrierend.
1758706	La domanda è, a mio avviso, giustificata.	1758708	Ich meine, diese Frage ist durchaus berechtigt.
1758709	A mio avviso, questo è un banco di prova.	1758711	Dies ist für mich ein Testfall.
1758712	Essa comporta, a mio avviso, tre vantaggi.	1758713	Ich sehe darin drei positive Aspekte.
1758716	Perché non avvisare che l'uso prolungato del telefono mobile può essere pericoloso per le nostre cellule cerebrali?	1758717	Warum soll man nicht darauf hinweisen, daß ein längerer Gebrauch von Mobiltelefonen gefährlich für unsere Hirnzellen sein kann?
1758719	Ritengo che dobbiamo avvisare la presidenza olandese che non possiamo aprire una nuova falla nella democrazia europea.	1758720	Ich glaube, wir sollten die niederländische Präsidentschaft davor warnen, eine neue Lücke in der europäischen Demokratie zu schaffen.
1758722	Venerdì ho chiesto alla segreteria di avvisare quanti più interessati possibile per evitare che vengano qui domani.	1758723	Ich habe am Freitag das Sekretariat noch darum ersucht, möglichst viele der Betroffenen anzurufen, um zu vermeiden, daß sie morgen hierherkommen.
1758725	E in qualità di legislatori abbiamo come minimo il dovere di tentare di limitare i danni, obbligando i produttori ad avvisare i consumatori nel modo più chiaro possibile.	1758726	Wir als Gesetzgeber müssen zumindest versuchen, den Schaden zu begrenzen, und die Erzeuger verpflichten, die Verbraucher zu warnen, und das so deutlich wie möglich.
1758728	Ora stiamo per aprire i documenti e annunciare il risultato.	1758730	Jetzt stehen wir kurz vor der Öffnung der Unterlagen und der Bekanntgabe des Ergebnisses.
1758731	Credo di poterne annunciare oggi le conclusioni essenziali.	1758732	Ich glaube, Ihnen heute die wesentlichen Schlussfolgerungen vorlegen zu können.
1758734	Non è sufficiente limitarsi ad annunciare le riforme e promettere più posti di lavoro.	1758735	Es reicht nicht, Reformen anzukündigen und mehr Arbeitsplätze zu versprechen.
1758736	Siamo felicissimi di annunciare a tutti voi la nascita del nostro bambino.	1758742	Wir sind überglücklich, die Geburt unseres Sohns bekanntzugeben.
1758740	Siamo felicissimi di annunciare a tutti voi la nascita della nostra bambina.	1758745	Wir sind überglücklich, die Geburt unserer Tochter bekanntzugeben.
1758747	Mentre i deputati stanno entrando numerosi in Aula, vorrei annunciare un'attesa innovazione.	1758751	Während immer mehr Abgeordnete in den Plenarsaal strömen, möchte ich eine lang erwartete Neuerung bekannt geben.
1758752	Sono lieta di poter annunciare che il Consiglio ha mantenuto i suoi impegni.	1758753	Ich bin sehr erfreut, Ihnen mitteilen zu können, dass der Rat seiner Verpflichtung gerecht geworden ist.
1758755	Non possiamo annunciare le nostre buone intenzioni e non concretizzarle per carenza di risorse finanziarie.	1758756	Wir können nicht gute Absichten predigen und sie dann wegen fehlender Finanzen nicht in die Tat umsetzen.
1758759	Mi dispiace di dover annunciare che 15 deputati non potranno intervenire per mancanza di tempo.	1758760	Ich bedauere, feststellen zu müssen, dass fünfzehn Abgeordnete aus Zeitmangel nicht zu Wort kommen können.
1758762	Sono lieto di annunciare che abbiamo avuto la meglio e che una definizione è stata inclusa nell'articolo 2.	1758763	Erfreulicherweise haben wir uns durchgesetzt und so wurde in den Artikel 2 eine Definition aufgenommen.
1758764	Sono lieto di annunciare che possiamo accogliere la maggior parte degli emendamenti proposti dalla commissione.	1758766	Ich freue mich, daß wir dem größten Teil der vom Ausschuß vorgeschlagenen Änderungsanträge zustimmen können.
1758767	Ho il piacere d'annunciare che, dall'inizio dello scorso anno, si sono verificati dei netti progressi.	1758768	Ich freue mich, feststellen zu können, daß seit Anfang letzten Jahres deutliche Fortschritte erzielt worden sind.
1758770	Raramente abbiamo buone notizie da annunciare sul Medio Oriente; al contrario, la situazione è spesso molto grave.	1758774	Wir haben selten erfreuliche Botschaften zum Nahen Osten zu verkünden, im Gegenteil: die Lage ist dort häufig sehr ernst.
1758782	Essi non possono più comunicare in confidenza.	1758783	Eine vertrauensvolle Kommunikation ist nicht mehr möglich.
1758784	Questo è il tipo di messaggio che dobbiamo comunicare.	1758785	Eine Botschaft von dieser Art müssen wir herüberbringen.
1758787	Dobbiamo comunicare di più e meglio con i cittadini.	1758788	Wir müssen mehr und besser mit den Bürgern kommunizieren.
1758789	Dapprima, desidero comunicare una grave preoccupazione.	1758792	Zunächst möchte ich meine ernste Besorgnis zum Ausdruck bringen.
1758795	In altre parole: è necessario comunicare il metodo di misurazione.	1758797	Mit anderen Worten: Das Messverfahren muss mitgeteilt werden.
1758798	Bisogna allargare, preservare e comunicare questo sapere.	1758799	Dieses Wissen muß erhalten, erweitert und weitervermittelt werden.
1758801	Tom è in grado di comunicare in maniera chiara e decisa le sue idee.	1758803	Tom kommuniziert seine Ideen klar und deutlich.
1758802	Maria è in grado di comunicare in maniera chiara e decisa le sue idee.	1758804	Maria kommuniziert ihre Ideen klar und deutlich.
1758805	Inoltre, ce lo lasci dire, sono poche le buone notizie da comunicare.	1758807	Zudem gibt es, um ehrlich zu sein, wenig frohe Botschaften zu melden.
1758809	E al fine di comunicare meglio, l'Europa deve anche ascoltare di più.	1758810	Und um besser zu kommunizieren, muss Europa auch mehr zuhören.
1758811	Sono sicuro che sarà possibile comunicare l'informazione per iscritto.	1758816	Ich bin mir sicher, dass diese Information schriftlich übermittelt werden kann.
1758818	Può la Commissione comunicare la sua posizione riguardo a tale problema?	1758821	Kann die Kommission ihre Haltung zu diesem Problem mitteilen?
1758823	Il giudice tornerà presto per comunicare la sua decisione.	1758826	Der Richter kommt bald zurück, um seine Entscheidung mitzuteilen.
1758827	Chiedo alla Commissione di comunicare la sua posizione sugli emendamenti.	1758829	Ich bitte die Kommission um ihre Stellungnahme zu den Änderungsanträgen.
1758831	Purtroppo però non è possibile comunicare tutto ciò ai musulmani iracheni.	1758832	Aber leider ist es nicht möglich, dies den Muslimen im Irak zu vermitteln.
1758835	La prego di comunicare questa mia osservazione al Presidente del Parlamento.	1758842	Ich bitte Sie, meine Bemerkungen an den Parlamentspräsidenten weiterzuleiten.
1758843	Vorrei comunicare il parere della Commissione sugli emendamenti più importanti.	1758845	Ich möchte die Meinung der Kommission zu den wichtigsten Änderungsanträgen darlegen.
1758846	Non siamo riusciti, a mio avviso, a comunicare il concetto di Europa.	1758847	In meinen Augen haben wir es nicht geschafft, die europäische Idee zu vermitteln.
1758849	Forse la Commissione non si sforza abbastanza di comunicare il messaggio.	1758851	Vielleicht hat die Kommission Schuld, nicht genug getan, um diese Botschaft rüberzubringen.
1759546	I costruttori edili possono erigere edifici a basso consumo energetico solo se ricevono un'appropriata formazione professionale.	1759549	Die Bauleute können Niedrigenergiehäuser nur dann bauen, wenn sie eine geeignete berufliche Bildung erhalten.
1759626	Agiamo, dunque, in maniera responsabile.	1759628	Handeln wir daher in verantwortlicher Weise!
1759629	Risponde con ritardo e in maniera debole.	1759630	Er reagiert spät und unzureichend.
1759632	Continuiamo a pensarla alla stessa maniera.	1759633	Wir sind auch weiterhin dieser Auffassung.
1759635	Desidero sottolinearlo in maniera esplicita.	1759636	Ich möchte das ausdrücklich betonen.
1759638	La decisione sarà presa in maniera obiettiva e trasparente.	1759639	Die Entscheidung wird objektiv und transparent erfolgen.
1759641	Lei si è preparata in maniera davvero accurata.	1759642	Sie haben sich wirklich sorgfältig vorbereitet.
1759645	Il Parlamento agisce in maniera ben più rapida.	1759646	Das Parlament handelt wesentlich zügiger.
1759647	Permettetemi di spiegarlo nella maniera seguente.	1759649	Lassen Sie mich das wie folgt erklären!
379879	Sono molto occupato in questi giorni.	1761229	Ich bin in letzter Zeit sehr beschäftigt.
969524	Parliamo prima di combattere.	1761263	Lasst uns reden, bevor wir kämpfen.
1761533	Non dovrei usare questo braccio.	1761535	Ich sollte mit diesem Arm nicht werfen.
1761540	Non abbiamo un braccio armato.	1761544	Wir haben keine einzige Waffe.
1760910	L'ha scampata per miracolo quando è scivolato per le scale.	1762287	Er entkam wie durch ein Wunder, nach dem er auf der Treppe ausgerutscht war.
1763026	Le ho dato l'appartamento perché sembrava una persona onesta.	1763027	Ich habe Ihnen die Wohnung gegeben, weil ich sie für einen rechtschaffenen Menschen hielt.
1763761	Non solo motivi personali mi hanno spinta a sostenere questo progetto.	1763769	Nicht nur persönliche Motive haben mich bewogen, dieses Vorhaben zu unterstützen.
1763785	Ci sono molte buone ragioni per sostenere questo progetto.	1763789	Es gibt viele gute Gründe, dieses Vorhaben zu unterstützen.
1763870	Di conseguenza, la gente preferisce non vivere in centro, perché semplicemente non conviene.	1763871	Die Menschen wollen folglich nicht im Zentrum wohnen, weil es sich für sie einfach nicht lohnt.
1763870	Di conseguenza, la gente preferisce non vivere in centro, perché semplicemente non conviene.	1763874	Im Ergebnis dessen, wollen die Leute nicht im Zentrum wohnen, denn es ist ihnen schlicht zu unbequem.
1763878	Conviene non diluire tali risorse già modeste disperdendole tra obiettivi secondari.	1763881	Es ist nicht empfehlenswert, diese bereits geringen Mittel weiter auf untergeordnete Zielsetzungen aufzusplittern.
1763883	Siamo degli ipocriti, siamo a favore di una cosa quando ci fa comodo e siamo contro quando non ci conviene.	1763885	Wir sind scheinheilig, wir sind für eine Sache, wenn sie uns passt, und wir sind dagegen, wenn sie uns nicht passt.
381854	Ho speso tutto il pomeriggio a chiacchierare con gli amici.	1764117	Ich habe den ganzen Nachmittag damit verbracht, mit Freunden zu quasseln.
1583507	Il gatto si è arrampicato da solo sul tetto della mia casa.	1764150	Die Katze ist alleine auf das Dach meines Hauses geklettert.
1765035	Le decisioni della Banca Centrale Europea spesso non sono facilmente comprensibili per i cittadini.	1765036	Die Entscheidungen der Europäischen Zentralbank sind für den Bürger oft nicht leicht nachvollziehbar.
1765038	Le buone notizie spesso non sono considerate notizie per niente.	1765040	Guten Nachrichten wird oft kein Nachrichtenwert beigemessen.
1765041	Occorre far presente che norme tecniche dettagliate molto spesso non sono scevre di risvolti politici.	1765043	Es muss darauf hingewiesen werden, dass technische Detailregelungen sehr oft nicht unpolitische Regelungen sind.
1765065	L'impiego dei solfiti dev'essere limitato — anche perché spesso non sono necessari, come per esempio abbiamo visto in occasione del dibattito sulla frutta secca.	1765068	Der Einsatz von Sulfiten muss eingeschränkt werden — auch weil sie oft gar nicht notwendig sind, wie zum Beispiel die Diskussion über Trockenfrüchte gezeigt hat.
1765079	Non è però previsto alcun intervento dei vigili del fuoco, né tantomeno una soluzione.	1765081	Es ist aber kein Einsatz einer Feuerwehr in Sicht und schon gar keine Lösung.
1765083	Abbiamo aspettato che la casa bruciasse davvero prima di chiamare i vigili del fuoco.	1765085	Wir haben gewartet, bis das Haus wirklich gebrannt hat, und riefen erst dann die Feuerwehr.
1765095	Si tratta di un'eccezione per veicoli blindati, dei vigili del fuoco, di soccorso e altri veicoli destinati a scopi speciali.	1765096	Es geht hierbei um Ausnahmen für gepanzerte, Feuerwehr-, Rettungs- und andere Sonderfahrzeuge.
1765097	Sono accorsi per salvare delle vite umane con lo stesso coraggio che hanno dimostrato i vigili del fuoco di New York.	1765098	Sie waren herbeigeeilt, um Menschenleben zu retten, und haben dabei denselben Mut bewiesen wie die Feuerwehrleute von New York.
1765099	Molti si sono resi conto della gravità dell'evento solo quando i vigili del fuoco, l'esercito e la protezione civile se ne erano andati.	1765102	Manche fielen erst dann gleichsam in ein tiefes Loch, als die Feuerwehren, Bundesheersoldaten und Hilfskräfte wieder abgereist waren.
1765104	Il nostro pensiero va anche ai soccorritori, ai vigili del fuoco e ai poliziotti che hanno rischiato e hanno perso la vita per salvare altre persone.	1765105	Unsere Gedanken sind auch bei den Rettungskräften, bei den Feuerwehrleuten und bei den Polizisten, die ihr Leben zur Rettung anderer riskierten und es dabei verloren.
1765106	Lasciamo quindi che gli ospedali, i medici, i vigili del fuoco e i giovani lavoratori, insieme alle parti sociali locali, decidano al loro interno quali sono i modelli di lavoro a loro più adatti.	1765107	Lassen wir daher die Krankenhäuser, die Ärzte, die Feuerwehren, die Jugendhilfearbeiter zusammen mit den Sozialpartnern vor Ort entscheiden, welche Arbeitszeitmodelle für sie die richtigen sind.
841778	Silvio Berlusconi è un politico italiano, l'attuale Primo Ministro dell'Italia, così come un imprenditore di successo.	1765485	Silvio Berlusconi ist ein italienischer Politiker, der aktuelle italienische Premierminister, und auch ein erfolgreicher Unternehmer.
694343	Vieni qui alle sei, non prima.	1765532	Komm um sechs her, nicht früher.
1765439	Nessuno ha apprezzato il suo sacrificio.	1765543	Niemand wusste sein Opfer zu schätzen.
569360	Ci incontriamo domenica.	1765653	Wir treffen uns Sonntag.
842616	Il suo nome era Linda ed era un anno più giovane di Tony.	1765672	Sie hieß Linda und war ein Jahr jünger als Tony.
653887	Non riesco a decidere se sono felice o triste.	1765782	Ich kann mich nicht entscheiden, ob ich glücklich oder taurig bin.
511337	Sto ascoltando l'ultima canzone di Björk.	1765783	Ich höre mir gerade den neuesten Song von Björk an.
1238437	Tom chiese a diverse persone la stessa domanda.	1765789	Tom stellte verschiedenen Personen die gleiche Frage.
1322393	Finalmente l'ho trovata.	1765795	Endlich habe ich sie gefunden.
952267	Per piacere lo faccia rapidamente.	1765804	Bitte mach es schnell.
1447563	Dubito che la faranno.	1765814	Ich bezweifle, dass sie es tun werden.
1545378	Guidare le auto è permesso alle persone sopra i 18 anni.	1765887	Autofahren ist gestattet für Leute über 18 Jahren.
841125	Gli altri mammiferi sono in grado di respirare e deglutire contemporaneamente in quanto non c'è contatto tra le vie aeree e l'esofago.	1765924	Die anderen Säugetiere können gleichzeitig atmen und schlucken, weil es keinen Kontakt zwischen Luftwegen und Speiseröhre gibt.
1765922	Dobbiamo continuare nel nostro lavoro.	1765930	Wir müssen unsere Arbeit fortsetzen.
706018	Non sono una frase. Dovrei essere eliminata da Tatoeba.	1765933	Ich bin kein Satz. Ich sollte aus Tatoeba entfernt werden.
1765948	L'elenco potrebbe continuare all'infinito.	1765951	Diese Liste ließe sich endlos fortsetzen.
1765960	Si può sempre continuare a discutere.	1765963	Wir können unsere Gespräche jederzeit fortsetzen.
1765968	Dobbiamo continuare la discussione.	1765969	Wir müssen diese Aussprache fortsetzen.
1765980	Questa situazione non può e non deve continuare.	1765982	Dieser Zustand kann und darf nicht länger anhalten.
645857	Riuscite a farvi capire in inglese?	1766077	Könnt ihr euch auf Englisch verständlich machen?
1766082	Su questo punto dobbiamo insistere.	1766084	Auf diesem Punkt müssen wir beharren.
1766088	È necessario continuare ad insistere.	1766089	Wir müssen weiterhin Druck ausüben.
1766088	È necessario continuare ad insistere.	1766091	Wir müssen beharrlich bleiben.
1766097	Vorrei seriamente insistere su questo punto.	1766100	Davon möchte ich mich nicht abbringen lassen.
1766131	Occorre insistere risolutamente su tali richieste.	1766136	Auf diese Anliegen muss entschlossen beharrt werden.
1766140	Non mi stancherò mai di insistere su questo punto.	1766143	Ich werde nicht müde werden, auf diesem Punkt zu beharren.
1766149	Che tipo di aiuto possiamo fornire?	1766153	Welche Art von Hilfe können wir leisten?
1766149	Che tipo di aiuto possiamo fornire?	1766154	Welche Art von Unterstützung können wir geben?
899274	L'alpinismo può insegnare ad essere pazienti e tolleranti.	1766161	Das Bergsteigen kann lehren, geduldig und duldsam zu sein.
1766165	Ad ogni modo, come ho detto, non ho intenzione di insistere.	1766169	Trotzdem möchte ich, wie gesagt, nicht generell darauf bestehen.
1459339	È la mia intenzione.	1766192	Das ist meine Absicht.
1766201	Hai intenzione di farlo?	1766203	Du wirst es also tun?
1766208	Hai intenzione di torturarmi?	1766211	Hast du die Absicht, mich zu foltern?
1766208	Hai intenzione di torturarmi?	1766220	Hast du vor, mich zu foltern?
1766224	Né questa è l'intenzione.	1766226	Das ist auch nicht die Absicht.
1766230	Ho intenzione di dirle tutto.	1766233	Ich habe vor, ihr alles zu sagen.
1766237	È tuttora mia intenzione farlo.	1766239	Ich habe noch immer die Absicht, dies zu tun.
1766237	È tuttora mia intenzione farlo.	1766241	Ich beabsichtige nach wie vor, dies zu tun.
1596555	Non ho ancora prenotato voli.	1766270	Ich habe noch keine Flüge gebucht.
1246088	Tom mangia come un maiale.	1766285	Tom frisst wie ein Schwein.
1767183	Devono però anche sapere da dove proviene.	1767185	Sie müssen aber auch wissen, wo es herkommt.
1767237	I cittadini devono sapere che cosa li attende.	1767240	Die Bürger müssen wissen, was auf sie zukommt.
1767245	Per sapere di più, dobbiamo misurare di più.	1767246	Um noch mehr zu wissen, müssen wir mehr messen.
1767250	Abbiamo bisogno di sapere di più sui possibili rischi derivanti dai prodotti.	1767251	Wir müssen die möglichen Risiken, die von den Produkten herrühren, besser kennen.
1767257	Possiamo anche sapere cosa è incluso nel pacchetto finanziario, ma questo non basta.	1767270	Wir wissen vielleicht auch, was das Finanzprogramm beinhaltet, doch dies zu wissen reicht nicht.
1767276	La flotta di pesca europea ha logicamente bisogno di sapere quali siano le prospettive della sua attività.	1767277	Die europäische Fischereiflotte muss logischerweise die Perspektiven ihrer Tätigkeit kennen.
1767279	Potrebbe farci sapere se ci saranno tagli generalizzati?	1767280	Können Sie uns wissen lassen, ob es Pauschalkürzungen geben wird?
1767282	Vuoi sapere se puoi fare qualcosa?	1767283	Sie wollen wissen, ob Sie helfen können?
1767327	Perché non possiamo sapere cosa accade con questi Fondi strutturali?	1767328	Warum können wir denn nicht erfahren, was mit diesen Strukturfonds geschieht?
1767340	Questo è ciò che volevo sapere.	1767342	Das ist es, was ich fragen wollte.
1767345	Ecco qualcosa che vorrei sapere.	1767346	Darüber hätte ich gern Auskunft.
1767348	Vorrei sapere perché.	1767349	Ich möchte wissen, warum ist das so.
1767352	Ve lo faremo sapere.	1767354	Wir benachrichtigen Sie.
1767360	Non ci è dato di sapere nulla.	1767361	Wir haben keine Informationen dazu.
1767365	Vorrei sapere la verità.	1767366	Ich würde gern die Wahrheit erfahren.
1767371	Bisogna fargli sapere chi sei.	1767372	Es muss ihnen klar gemacht werden, wer ihr seid.
1767375	Non so perché ho mentito.	1767376	Ich weiß nicht, warum ich gelogen habe.
1767378	Questo è ciò che vorrei sapere da lei.	1767379	Das wollte ich gern von Ihnen erfahren.
1767381	Questa è la prima cosa che vorrei sapere.	1767382	Das ist das Erste, was ich wissen möchte.
1767386	Ho pensato che tu potessi sapere qualcosa.	1767387	Ich habe gedacht, dass du etwas darüber wissen könntest.
1767392	Bisogna solo sapere per che cosa.	1767394	Man muss nur wissen, wofür.
1767400	Basta sapere cosa si vuole.	1767402	Man muß eben wissen, was man will.
1767408	Voglio solo sapere chi è.	1767410	Ich will herausfinden, wer er ist.
1767413	Vogliono sapere dov'è il pilota.	1767414	Sie wollen wissen, wo der Pilot ist.
1767419	Dobbiamo sapere cosa stiamo facendo.	1767420	Wir müssen wissen, was wir tun.
1767423	Voglio sapere cos'è successo.	1767424	Ich möchte wissen, was passiert ist.
1767426	Voglio solo sapere di dove sei.	1767427	Ich will nur wissen, wo du her bist.
1767429	Vuoi sapere cosa penso io?	1767430	Willst du wissen, was ich davon halte?
1767432	Occorre sapere come calcolare il cambio.	1767433	Man muß wissen, wie man umrechnet.
1767435	Vorrei sapere di che si tratta esattamente.	1767437	Ich möchte wissen, worum es sich genau handelt.
1767438	Occorre sapere chi fa che cosa.	1767440	Es ist wichtig, zu wissen, wer was übernehmen wird.
1767441	Se non siete soddisfatti, fatelo sapere.	1767442	Wenn Sie nicht zufrieden sind, sagen Sie es!
1767444	Basta che mi fai sapere quale hai scelto.	1767445	Lass mich einfach wissen, welche du ausgewählt hast.
1767447	Vorrei sapere quale decisione è stata presa.	1767448	Ich hätte gern gewusst, wie entschieden wurde.
1767447	Vorrei sapere quale decisione è stata presa.	1767449	Ich hätte gern gewusst, welche Entscheidung getroffen wurde.
1767452	Credo di sapere perché stai chiamando.	1767453	Ich kann mir vorstellen, warum du anrufst.
1767457	Dobbiamo sapere dove ha origine questo fuoco.	1767458	Wir müssen herausbekommen, wo das Feuer seinen Ursprung hat.
1767461	I nostri figli devono sapere tutto questo.	1767463	All dies müssen wir unseren Kindern vermitteln.
1767461	I nostri figli devono sapere tutto questo.	1767464	All dies sollen unsere Kindern erfahren.
1767465	Il quartiere lo venne a sapere per tempo.	1767466	Die Nachbarschaft bekam rechtzeitig Wind davon.
1767469	Dobbiamo sapere esattamente che cosa succede.	1767470	Wir müssen ganz genau wissen, was vor sich geht.
1768142	Questo è un momento memorabile!	1768143	Dies ist ein denkwürdiger Moment!
1768140	È il momento della vendetta!	1768144	Es ist die Zeit für Rache!
1521695	Sono onoratissima!	1768152	Ich fühle mich sehr geehrt!
1295729	Quella è merda!	1768153	Das ist Mist!
851759	Più di 10.000 persone hanno firmato la petizione.	1768159	Mehr als 10.000 Menschen haben die Petition unterzeichnet.
1529265	Lo lascio andare.	1768169	Ich ließ ihn gehen.
1083494	Con una così bella serata possiamo mangiare fuori.	1768174	An einem so schönen Abend sollten wir draußen essen.
1188207	Mi capisci.	1768206	Du verstehst mich.
1538646	È veramente possibile?	1768216	Ist es tatsächlich möglich?
1387182	Posso nuotare nel lago?	1768219	Kann ich im See baden?
723349	Ho sentito una chiamata d'aiuto.	1768262	Ich hörte einen Hilferuf.
1768260	Potremo crogiolarci nel nostro piccolo club.	1768264	Wir könnten es uns in unserem kleinen Club gemütlich machen.
1445932	Ho visto l'incontro ieri sera.	1768276	Ich sah das Spiel gestern Abend.
378902	È fuori questione.	1768280	Es steht außer Frage.
1408787	Devo ringraziarlo.	1768281	Ich muss ihm danken.
1147319	Lui sragionava.	1768292	Er faselte.
1768314	La chiusura è l'unica soluzione.	1768316	Die Schließung ist die einzige Lösung.
796762	Ti aspetterò di fronte alla scuola.	1770374	Ich werde vor der Schule auf dich warten.
1740238	Lui ha scritto tre libri, due dei quali sono dei best seller.	1770404	Er hat drei Bücher geschrieben, zwei davon sind Bestseller.
1522598	Io sono fredda e bagnata.	1770410	Ich bin kalt und nass.
1717991	Io conosco un posto che vi piace.	1770429	Ich kenne einen Ort, den du magst.
1100425	L'insegnante gli permise di tornare a casa.	1770437	Die Lehrerin erlaubte ihm, nach Hause zu gehen.
1655242	Tom ha raccontato a Mary una barzelletta razzista.	1770444	Tom erzählte Mary einen rassistischen Witz.
1354399	Andava al mercato una volta alla settimana.	1770491	Sie ging einmal pro Woche auf den Markt.
935803	Di chi è questa lettera?	1770530	Von wem ist dieser Brief?
1345926	Questa non è stregoneria.	1770561	Das ist keine Hexerei.
1246818	Posso parlarti?	1770564	Kann ich mit dir reden?
1636783	Mia madre è avvocatessa.	1771639	Meine Mutter ist Rechtsanwältin.
1772872	Se si abusa del nero, tutto può diventare un po' cupo.	1772873	Wenn man zu viel Schwarz verwendet, kann es etwas düster werden.
1772880	Essi arrivano comunque e lavorano in nero o come para-autonomi.	1772882	Sie kommen trotzdem und arbeiten schwarz und als Scheinselbständige.
1772888	Ecco la buona notizia: si lavora. Ed ecco la cattiva notizia: si lavora sempre più spesso in nero.	1772889	Hier ist die gute Nachricht: Es wird gearbeitet. Und hier kommt die schlechte Nachricht: Es wird gearbeitet, allerdings immer öfter schwarz.
1100313	Il suo desiderio era andare in America.	1772892	Sein Wunsch war es, nach Amerika zu gehen.
1775076	La scienza non può fornire una risposta definitiva.	1775081	Die Wissenschaft kann keine endgültige Antwort liefern.
1775076	La scienza non può fornire una risposta definitiva.	1775082	Die Wissenschaft kann keine abschließende Antwort geben.
1775197	A volte non dire la verità è necessario.	1775199	Manchmal ist es notwendig, nicht die Wahrheit zu sagen.
1775275	Crescendo, scopriamo che dire la verità non è sempre una buona idea.	1775278	Während wir heranwachsen, entdecken wir, dass die Wahrheit zu sagen nicht immer eine gute Idee ist.
1775280	Col tempo, impariamo, che alcune bugie sono meno gravi di altre e che alcune, addirittura, sono decisamente necessarie.	1775282	Im Laufe der Zeit lernen wir, dass manche Lügen weniger schwerwiegend als andere sind und dass manche sogar unbedingt notwendig sind.
1775372	Chi vive meglio vive più a lungo .	1775374	Wer besser lebt, lebt länger.
1776934	Una slitta, partendo da ferma, scivola lungo un pendio con accelerazione costante e percorre dicciotto metri in quattro secondi. Qual è la sua accelerazione durante la discesa? Qual è la velocità alla fine della discesa?	1776940	Ein Schlitten rutscht aus der Ruhelage mit konstanter Beschleunigung einen Abhang hinunter und legt achtzehn Meter in vier Sekunden zurück. Wie groß ist seine Beschleunigung während der Abfahrt? Wie groß ist die Geschwindigkeit am Ende der Abfahrt?
1776998	Il metro al secondo è un'unità derivata, definita dal rapporto fra la distanza in metri e il tempo espresso in secondi.	1777010	Meter Pro Sekunde ist eine abgeleitete Einheit, die durch das Verhältnis zwischen dem Weg in Metern und der in Sekunden ausgedrückten Zeit bestimmt wird.
1777037	Verso l’est, a una grande distanza, un punto nero spiccava nettamente sulla tranquilla superficie dell’Atlantico e sembrava perfettamente immobile.	1777040	Gen Osten zeichnete sich deutlich, in sehr großer Entfernung, ein schwarzer Punkt, der unbeweglich zu sein schien, von der ruhigen Oberfläche des Atlantiks ab.
1777041	“Che cosa può essere?” si chiese Maria, fissando con grande attenzione una macchia nera.	1777045	„Was das wohl sein mag?“, fragte sich Maria, und fixierte mit großer Aufmerksamkeit einen schwarzen Fleck.
1777049	“Vediamo” disse Tom, prendendo il cannocchiale puntandolo in direzione della macchia nera.	1777050	"Schauen wir mal", sagte Tom, nahm das Fernrohr und richtete es auf den schwarzen Fleck.
1777056	Guardò per parecchi minuti con estrema attenzione, poi abbassò lo strumento.	1777057	Er schaute ein paar Minuten mit größter Aufmerksamkeit, dann senkte der das Instrument.
1777061	L’ingegnere prese il cannocchiale e guardò.	1777062	Der Ingenieur nahm das Fernrohr und schaute hindurch.
610123	Devo chiederle scusa.	1781220	Ich muss um Verzeihung bitten.
1081621	Ha bisogno del suo aiuto.	1781240	Er benötigt seine Hilfe.
1282560	È la vita che ci insegna e non la scuola.	1781292	Es ist das Leben, welches uns unterrichtet, nicht die Schule.
1607369	Che bastardo!	1781765	Was für ein Mistkerl!
1109824	Tom ci andrà domani.	1781785	Tom wird morgen dorthin gehen.
1710376	C'è del cibo sulla scrivania.	1781793	Es ist Essen auf dem Tisch.
1142778	Perdonami, ti prego!	1781811	Verzeih mir, bitte!
947851	Era molto nebbioso.	1781816	Es war sehr neblig.
1271072	Lei mi ha servito un caffè.	1781822	Sie servierte mir einen Kaffee.
424386	Jimmy conosce tutto sulle macchine.	1781825	Jimmy weiß alles über Autos.
1547058	Anna è una piccola fanciulla.	1781835	Anna ist ein kleines Mädchen.
1785073	Noi pensiamo, e questo ci permette di fare le cose meravigliose che facciamo.	1785159	"Wir denken, und das erlaubt uns, die wunderbaren Dinge, die wir tun, zu tun."
1785236	Come mai il pensiero è così difficile da spiegare?	1785240	Wie kommt es, dass das Denken so schwer zu erklären ist?
1786039	Il successo del nostro progetto merita di essere festeggiato.	1786043	Der Erfolg unseres Projektes verdient gefeiert zu werden.
1786047	Tom merita di essere festeggiato.	1786048	Tom verdient es gefeiert zu werden.
384832	La chiesa è a metà strada tra la mia casa e la tua.	1793983	Die Kirche liegt auf halbem Weg zwischen meinem und deinem Haus.
409355	Non mi piace lasciare le cose a metà.	1793988	Es gefällt mir nicht, die Sachen halb fertig liegen zu lassen.
479747	Il lavoro è fatto a metà.	1793989	Die Arbeit ist zur Hälfte erledigt.
618112	Ho fatto metà del lavoro e adesso posso fare una pausa.	1793994	Ich habe die Arbeit zur Hälfte erledigt und kann nun eine Pause machen.
726265	Non dovresti fare le cose a metà.	1793998	Du solltest die Sachen nicht nur zur Hälfte erledigen.
738568	Quando lui ha combattuto contro di te, il suo cuore gli si è spezzato a metà.	1793999	Als er gegen dich gekämpft hat, hat es ihm das Herz zerrissen.
803922	Metà classe dice di bere caffè.	1794002	Die Hälfte der Klasse gibt an, Kaffee zu trinken.
1052633	Metà mela era marcia.	1794005	Der Apfel war zur Hälfte faul.
1097893	Il carbone, il metano e il petrolio sono i resti di piante e animali vissuti milioni di anni fa.	1794006	Die Kohle, das Methangas und das Erdöl sind Überreste von Pflanzen und Tieren, die vor Millionen von Jahren gelebt haben.
1254009	Una buona domanda contiene già metà della risposta.	1794007	Eine gute Frage enthält bereits zur Hälfte die Antwort.
1261825	Non sono nemmeno a metà.	1794008	Sie sind noch nicht einmal bei der Hälfte angelangt.
1321606	Pharamp ha tagliato la torta a metà.	1794009	Pharamp hat den Kuchen in der Mitte geteilt.
1341633	Taglio la fetta di jamón a metà.	1794011	Ich schneide die Scheibe Schinken in der Mitte durch.
1467010	A metà della mia classe piacciono i cani.	1794016	Die Hälfte meiner Klasse mag Hunde.
1509874	Non fate niente a metà.	1794022	Macht keine halben Sachen!
1534623	Ho solo la metà dei libri che ha lui.	1794027	Ich habe nur die Hälfte von den Büchern, die er hat.
1541659	Ne ho mangiato metà.	1794030	Ich habe die Hälfte davon gegessen.
1541661	Dopo mangio l'altra metà.	1794037	Nachher esse ich die andere Hälfte.
976548	Questa medicina è senza odore e senza sapore.	1794083	Dieses Medikament ist geruchs- und geschmacksfrei.
1128705	Il cervello è a servizio di molte persone senza potere e il potere è a servizio di molte persone senza cervello.	1794087	Das Gehirn dient vielen Leuten, die ohne Macht sind, und die Macht dient vielen Leuten, die ohne Gehirn sind.
1204377	La mia vita sarebbe senza senso senza di te.	1794088	Mein Leben wäre ohne dich sinnlos.
1204379	La mia vita sarebbe senza senso senza di voi.	1794090	Mein Leben wäre ohne euch sinnlos.
1434517	Devi fare questa cosa senza se e senza ma.	1794091	Ich muss diese Sache ohne Wenn und Aber machen.
350347	Un passaporto è una cosa senza la quale non puoi andare in un paese straniero.	1794092	Ein Pass ist etwas, ohne das man nicht in ein anderes Land kommt.
353415	Ho risolto il problema, non senza difficoltà.	1794094	Ich habe das Problem nicht ohne Schwierigkeiten gelöst.
377556	La sua opinione era senza importanza.	1794105	Seine Meinung war nicht von Bedeutung.
380758	Credo senza ombra di dubbio che lei sia innocente.	1794107	Ich bin fest davon überzeugt, dass sie unschuldig ist.
385132	Senza dubbio sarà in ritardo.	1794108	Er wird sicherlich verspätet sein.
398688	Senza farlo apposta, Michel fece cadere gli occhiali di Edoardo.	1794110	Michel ließ unabsichtlich die Brille von Edoardo fallen.
497670	Non avresti dovuto farlo senza il mio permesso.	1794113	Ihr hättet es nicht tun sollen ohne meine Erlaubnis.
589635	Sei senza speranza.	1794134	Du bist ein hoffnungsloser Fall.
602462	Lui è così senza cuore.	1794135	Er ist so herzlos.
621037	Oggi la gente non può vivere senza l'aria condizionata.	1794137	Heutzutage können die Leute nicht leben ohne Klimaanlage.
632285	Dice che non riesce a stare senza vino neanche per un giorno.	1794139	Er sagt, dass er keinen Tag ohne Wein auskommt.
633856	Mary ha incolpato Jack di aver lasciato i bambini senza sorveglianza.	1794140	Mary hat Jack beschuldigt, die Kinder unbeaufsichtigt gelassen zu haben.
635123	Non riesce a stare senza birra neanche per un giorno.	1794141	Er kommt keinen Tag aus, ohne Bier zu trinken.
636623	Vieni senza fallo alle cinque in punto.	1794145	Komm auf jeden Fall pünktlich um fünf.
643068	Vorrei venire con te, ma sono senza soldi.	1794147	Ich würde gerne mit dir kommen, aber ich habe kein Geld.
643069	Vorrei venire con voi, ma sono senza soldi.	1794148	Ich würde gerne mit euch kommen, aber ich habe kein Geld.
644598	L'inverno non sembra vero senza la neve.	1794149	Ohne Schnee erscheint der Winter unwirklich.
645576	La bellezza del Golden Pavilion coperto dalla neve era senza pari.	1794152	Bedeckt von Schnee war die Schönheit des Goldenen Pavillons unvergleichlich.
672097	Egli non può fare niente contro di me senza rendere pubblica la faccenda.	1794155	Er kann nichts gegen mich unternehmen, ohne dass die Sache öffentlich wird.
677364	Un diritto senza un dovere è un privilegio.	1794157	Ein Recht ohne eine Pflicht ist ein Privileg.
677364	Un diritto senza un dovere è un privilegio.	1794159	Ein Recht ohne Pflicht stellt ein Privileg dar.
697515	Non ho potuto incontrarlo alla stazione perché sono rimasto senza benzina.	1794160	Ich habe ihn nicht am Bahnhof treffen können, weil mir das Benzin ausgegangen ist.
711365	La scorsa notte ha lavorato senza sosta.	1794162	Die letzte Nacht arbeitete er pausenlos durch.
715165	Senza acqua nulla potrebbe vivere su questa terra.	1794165	Ohne Wasser könnte nichts auf dieser Erde überleben.
715281	È uscita senza dire una parola.	1794166	Sie ist wortlos gegangen.
715281	È uscita senza dire una parola.	1794168	Sie ist gegangen, ohne ein Wort zu sagen.
715664	A volte è assente dal lavoro senza valide motivazioni.	1794169	Manchmal fehlt er ohne gute Gründe am Arbeitsplatz.
717884	Ha venduto la sua macchina senza esitazione.	1794170	Er hat sein Auto ohne zu zögern verkauft.
719767	Ero senza parole.	1794175	Ich war sprachlos.
758759	Senza l'errore, la nostra squadra potrebbe aver vinto la partita.	1794178	Ohne diesen Fehler hätte unsere Mannschaft das Spiel gewinnen können.
758774	Sono rimasto senza fiato quando ho sentito la voce di Ryo al telefono.	1794181	Mir hat es den Atem verschlagen, als ich Ryos Stimme am Telefon hörte.
759893	Lui è senza orgoglio.	1794186	Er ist ohne Stolz.
818141	Andò via senza dire nulla.	1794188	Er ging wortlos fort.
818141	Andò via senza dire nulla.	1794190	Sie ging fort ohne ein Wort zu sagen.
836262	La vita è una rovina senza di te.	1794194	Das Leben ist eine Katastrophe ohne dich.
836263	La vita è una rovina senza di voi.	1794195	Das Leben ist eine Katastrophe ohne euch.
849244	Certe parole possono essere usate senza alcun contesto specifico.	1794200	Bestimmte Wörter können ohne einen spezifischen Kontext verwendet werden.
852108	Chi vive senza follia non è così saggio come crede.	1794201	Wer ohne Verrücktheit lebt, ist nicht so weise, wie er meint.
857085	Fu uno spettacolo favoloso che ci procurò un piacere senza fine.	1794205	Es war ein außergewöhnliches Schauspiel, das uns eine unermessliche Freude bereitete.
860714	Lei non è senza un quattrino.	1794208	Er steht nicht mittellos da.
870395	Non possiamo fare un solo passo in più senza una pausa.	1794313	Wir können keinen Schritt mehr weiter ohne eine Pause.
876807	Nessuno riesce a leggere il libro senza piangere.	1794315	Man kann dieses Buch nicht lesen, ohne weinen zu müssen.
889148	Non riesco a farcela senza tabacco.	1794326	Ich komme nicht ohne Tabak aus.
894657	Non riesco a fare il mio lavoro senza il mio computer.	1794330	Ich kann meine Arbeit nicht ohne meinen Computer machen.
894659	Non posso fare il mio lavoro senza un computer.	1794333	Ich kann meine Arbeit nicht ohne Computer machen.
905679	Ciò a cui non riesco a credere sono i suoi pretesti senza fondamento.	1794337	Ich kann seine unbegründeten Vorwände nicht glauben.
905684	Il governo assicurerà prestiti senza interesse alle società che partecipano al programma.	1794341	Die Regierung garantiert den Gesellschaften, die am Programm teilnehmen, zinslose Darlehen.
925201	Senza il suo aiuto sarei annegato.	1794344	Ohne seine Hilfe wäre ich ertrunken.
1730678	È solo un modo per fare cassa.	1794348	Das dient nur dem Ziel, Geld zu verdienen.
925204	Senza il vostro aiuto sarei annegato.	1794354	Ohne eure Hilfe wäre ich ertrunken.
1730678	È solo un modo per fare cassa.	1794356	Hier geht es nur darum, Geld zu scheffeln.
925205	Senza il vostro aiuto sarei annegata.	1794358	Ohne euere Hilfe wäre ich ertrunken.
935984	Nevicò senza posa per molti giorni.	1794363	Es schneite tagelang ohne Unterbrechung.
945596	Devi solo stare là senza fare niente.	1794364	Du musst nur dort bleiben, ohne etwas zu machen.
946146	I termini di utilizzo potrebbero essere cambiati senza preavviso.	1794367	Die Nutzungsbedingungen können ohne Ankündigung geändert werden.
946848	L'uomo non riesce a vivere senza l'aria.	1794369	Der Mensch kann ohne Luft nicht leben.
957613	Il direttore non può firmare queste lettere senza consultarci.	1794376	Der Direktor kann diesen Brief nicht unterzeichnen, ohne uns angefragt zu haben.
962595	Molti giovani sono senza lavoro nel paese.	1794378	Viele Jugendliche im Land sind ohne Arbeit.
969496	Il contenuto è del tutto libero, chiunque ha il diritto di fare qualunque cosa con il contenuto, anche senza citare la fonte.	1794387	Der Inhalt ist vollkommen frei, jeder hat das Recht, darüber nach Gutdünken zu verfügen, auch ohne Angabe der Quelle.
974052	Il problema è che siamo senza soldi.	1794389	Das Problem ist, dass wir kein Geld haben.
979566	Ci viene ripetuto senza sosta che esiste un popolo europeo.	1794394	Uns wird pausenlos wiederholt, dass ein europäisches Volk existiere.
980106	Lo studente andò via senza dire niente.	1794458	Der Student ging wortlos fort.
996050	Non ci sono onde senza vento.	1794462	Ohne Wind gibt es keine Wellen.
999162	Senza il sole non potremmo vivere sulla terra.	1794463	Ohne Sonne können wir auf der Erde nicht leben.
1000523	La sua inefficienza è senza pari.	1794468	Seine Leistungsunfähigkeit ist ohnegleichen.
1000917	Non potrei sopportare una vita senza piaceri!	1794470	Ich könnte ein Leben ohne Freuden nicht ertragen.
1005935	In sostanza, scriviamo in geroglifico senza esserne coscienti.	1794472	Im Grunde schreiben wir in Hieroglyphen, ohne uns dessen bewusst zu sein.
1010948	La leonessa s'avvicinò alla preda senza fare rumore.	1794473	Die Löwin näherte sich geräuschlos der Beute.
1018836	Non posso rimanere a lungo in un posto senza fare niente.	1794474	Ich kann nicht lange an einem Platz bleiben, ohne etwas zu tun.
1020346	Uno non riesce a guardare "Romeo e Giulietta" senza commuoversi.	1794476	Man kann „Romeo und Julia“ nicht ansehen, ohne gerührt zu sein.
1021337	Posso farlo senza il tuo aiuto.	1794477	Ich kann es ohne deine Hilfe tun.
1038410	Questo tra i due è senz'altro il migliore.	1794480	Es ist zweifellos das Bessere von beiden.
1760480	Come sarebbe la nostra vita senza elettricità?	1794557	Wie wäre das Leben ohne Elektrizität?
1697718	Godetevi la vita senza paragonarla a quella degli altri.	1794560	Genießt euer Leben, ohne es mit dem anderer zu vergleichen.
1718950	Ce la farai senza una terapia psicologica?	1794564	Wirst du es ohne Psychotherapie schaffen?
1647847	Centinaia di migliaia di persone erano senza impiego.	1794567	Hunderttausende waren ohne Beschäftigung.
1677681	Non riesco a immaginare un futuro senza elettricità.	1794570	Ich kann mir eine Zukunft ohne Elektrizität nicht vorstellen.
1611609	Senza speranza non c'è futuro.	1794571	Ohne Hoffnung gibt es keine Zukunft.
1617213	Tom ha suonato il pianoforte per tre ore senza sosta.	1794575	Tom spielte drei Stunden lang unablässig Klavier.
1622816	A che serve un'impresa senza clienti?	1794577	Wem nützt eine Firma ohne Kunden?
1637434	Senza l'umiltà, il coraggio è un gioco pericoloso.	1794581	Ohne Demut ist Mut ein gefährliches Unterfangen.
1637439	Una vittoria senza onore è vana.	1794583	Ein Sieg ohne Ehre ist unnütz.
1794585	Ho intenzione di esportare i miei prodotti negli USA.	1794589	Ich beabsichtige, meine Produkte in die USA zu exportieren.
1599118	Speriamo finisca tutto questo il più presto possibile e senza altri danni.	1794597	Hoffen wir, dass das alles so bald wie möglich und ohne weiteren Schaden endet.
1606312	L'istituto di investimento ha ingannato i clienti nel far comprare loro azioni senza valore.	1794599	Die Investmentgesellschaft hat ihre Klienten betrogen, indem sie ihnen Aktien ohne Wert verkaufte.
1607388	Ieri notte mia nonna è mancata senza soffrire.	1794601	Letzte Nacht ist meine Großmutter friedlich verstorben.
1608471	Muore senza avere giustizia.	1794603	Sterben, ohne dass einem Gerechtigkeit zuteil wurde.
1586285	Dobbiamo lasciare questa gente senza potere.	1794605	Wir dürfen diesen Leuten keine Macht lassen.
1587786	Stavo bene una volta senza di lei.	1794606	Ein Mal ging es mir ohne sie gut.
1588698	Cos'è la vita senza la radiosità dell'amore?	1794607	Was ist das Leben ohne das Leuchten der Liebe?
1794753	Il futuro dipende da noi e dalla nostra generazione.	1794756	Die Zukunft hängt von uns und von unserer Generation ab.
1795266	Per terra giaceva un caos di oggetti.	1795277	Auf der Erde lag ein Wirrwarr von Sachen.
1795477	Gli attuali partiti politici europei non rappresentano né l'apertura, né la trasparenza.	1795479	Die heutigen auf europäischer Ebene bestehenden politischen Parteien repräsentieren weder Transparenz noch Öffentlichkeit.
1795487	Per tutto questo ci occorrono personalità convincenti che rappresentino l'Europa e che siano rispettate da tutte le parti in conflitto in Medio Oriente.	1795488	Für all dies brauchen wir überzeugende Persönlichkeiten, die Europa repräsentieren und von allen Parteien des Nahostkonflikts auch ernst genommen werden.
1795500	A nostro giudizio, le relazioni prospettano una politica agricola inattuale che non corrisponde alle condizioni e alle esigenze dell'odierna società globale.	1795503	Unserer Meinung nach zeichnen diese Berichte das Bild einer veralteten Agrarpolitik, die nicht mehr den Bedingungen und Bedürfnissen der modernen, globalen Gesellschaft entspricht.
1795547	Che siate fra coloro che vedono l'Europa come un labirinto o fra coloro che la vedono come una torre in costruzione — tutti voi rappresentate i pareri dei cittadini europei.	1795549	Ob Sie nun zu denen gehören, die Europa als Labyrinth sehen, oder zu denen, für die es ein im Bau befindlicher Turm ist — Sie alle repräsentieren die Anschauungen der Bürger Europas.
1795565	Per tutti questi motivi e per l'importanza del paese che lei rappresenta, è un piacere per me e un onore per il Parlamento porgerle il benvenuto e darle la parola.	1795566	Aus all diesen Gründen und wegen der Bedeutung des Landes, das Sie repräsentieren, ist es mir eine Freude und diesem Parlament eine Ehre, Sie willkommen zu heißen und Ihnen das Wort zu erteilen.
1566330	Senza di voi, io non sono niente.	1795708	Ohne euch bin ich nichts.
1566331	Senza di lei, io non sono niente.	1795710	Bis wann muss die Steuererklärung beim Finanzamt sein?
1579477	Senza sarei perduto.	1795712	Ohne wäre ich verloren.
1549891	Goditi la vita senza paragonarla a quella degli altri.	1795713	Genieße das Leben, ohne es mit dem der anderen zu vergleichen.
1549895	Non c'è luce senza ombra.	1795714	Es gibt kein Licht ohne Schatten.
1561944	Non puoi sopravvivere senza soldi.	1795716	Du kannst ohne Geld nicht überleben.
1561948	Non potete sopravvivere senza soldi.	1795722	Ihr könnt nicht überleben ohne Geld.
1549873	La panna cotta la faccio senza colla di pesce.	1795726	Ich mache das Panna cotta ohne Gelatine zu nehmen.
1531936	Sarà senza dubbio in ritardo.	1795728	Er wird zweifellos zu spät kommen.
1535940	Senza il vostro aiuto avrei fallito.	1795733	Ohne euere Hilfe wäre ich gescheitert.
1539390	Siamo senz'acqua.	1795737	Wir haben kein Wasser.
1541386	Secondo voi l'uomo può vivere senza amici?	1795738	Kann der Mensch euerer Meinung nach ohne Freunde leben?
1541389	L'uomo può vivere senza avere una vita sociale?	1795740	Kann der Mensch ohne soziale Kontakte leben?
1520668	È senz'altro patetica.	1795741	Das ist allemal pathetisch.
1520711	Forse non sei abitutato a vedere una ragazza normale senza trucco.	1795742	Vielleicht bist du es nicht gewohnt, ein normales Mädchen ungeschminkt zu sehen?
1523841	Ha pianto per ore senza cessare.	1795743	Sie weinte stundenlang ohne aufzuhören.
1523842	Lei ha pianto per ore senza cessare.	1795744	Sie hat stundenlang unaufhörlich geweint.
1523963	Senza dubbio!	1795745	Zweifellos!
1526996	Mi ha telefonato senza sosta.	1795747	Er hat mich pausenlos angerufen.
1510810	La maggior parte delle lucertole si riproduce senza la partecipazione del maschio.	1795749	Der Großteil der Eidechsen vermehrt sich ohne Beteiligung des Männchens.
1513056	Suona il piano senza spartito.	1795751	Sie spielt frei Klavier.
1514735	Esiste davvero una dieta senza sacrifici?	1795753	Gibt es wirklich eine Diät, ohne Opfer bringen zu müssen?
1516914	Compra quel che vuole senza curarsi del prezzo.	1795755	Er kauft, was er will, ohne sich um den Preis zu kümmern.
1516914	Compra quel che vuole senza curarsi del prezzo.	1795756	Sie kauft, was sie will, ohne sich um den Preis zu kümmern.
1518549	Faccio anche senza.	1795757	Ich mache es auch ohne.
1506820	Non vado mai a Londra senza visitare il British Museum.	1795758	Ich fahre nie nach London, ohne das Britische Museum zu besuchen.
1510624	Senza il vostro incoraggiamento, avrei già abbandonato questo progetto.	1795759	Ohne euere Ermutigung hätte ich dieses Projekt schon aufgegeben.
1510628	Senza il tuo incoraggiamento, avrei già abbandonato questo progetto.	1795761	Ohne deine Ermutigung hätte ich dieses Projekt bereits aufgegeben.
1468950	Ha i suoi incubi notturni anche senza di noi.	1795795	Auch ohne uns hat er nächtliche Albträume.
1493044	La partita è terminata senza goal.	1795796	Das Spiel endete ohne Tor.
1506181	È scomparsa senza documenti.	1795797	Sie verschwand ohne Papiere.
1461832	Lo considero senza dubbio tra i primi 10 fantasisti della storia del calcio.	1795801	Für mich gehört er ohne Zweifel unter die 10 besten Ballkünstler in der Geschichte des Fußballs.
1464114	Non sarà la stessa cosa senza te.	1795802	Ohne dich wird es nicht das Gleiche sein.
1465144	Te lo dico senza polemica e con molta amicizia.	1795803	Ich sage dir das ohne Polemik und in aller Freundschaft.
1465930	Questo lo rende senz'altro una persona importante ed interessante.	1795804	Das macht ihn zweifelsohne zu einer wichtigen und interessanten Persönlichkeit.
1467724	Invito a commentare senza ricorrere agli insulti.	1795805	Ich bitte um Kommentare, unter Verzicht auf Beleidigungen.
1415726	Come farei senza la mia seconda famiglia?	1795807	Was würde ich ohne meine zweite Familie machen?
1445784	Senza calcio quanto durerebbe l’Italia?	1795808	Wie lange würde Italien ohne Fußball bestehen bleiben?
1447247	Se vuoi andarci, vacci senza di me: mi dispiace, ma non posso venire.	1795815	Wenn du dorthin möchtest, geh ohne mich: es tut mir leid, aber ich kann nicht kommen.
1316977	In migliaia sono rimasti senza un tetto.	1795816	Zu Tausenden sind sie obdachlos geworden.
1294863	Non potrebbe più vivere senza di me!	1795818	Er könnte nicht mehr leben ohne mich.
1298956	La bellezza senza bontà non vale niente.	1795822	Schönheit ohne Güte ist wertlos.
1316495	Te la giro senza problemi.	1795826	Ich gebe es dir problemlos zurück.
1273450	Sei davvero senza speranza.	1795827	Du bist wirklich ein hoffnungsloser Fall.
1273451	Siete davvero senza speranza.	1795833	Mit euch ist's wirklich hoffnungslos!
1275299	Stavo così bene senza i miei a casa.	1795838	Mir ging es gut zuhause ohne meine Familie.
1278502	Non vedo l'ora che sia sera per andare a letto e finalmente dormire senza pesi di esami sulle spalle!	1795840	Ich freue mich schon darauf, dass es Abend wird und ich dann ins Bett gehe und endlich schlafe, ohne dass die Prüfungen auf meinen Schultern lasten.
1239608	Senza dubbio ha sentito la notizia.	1795844	Du hast sicher die Nachricht gehört.
1239609	Senza dubbio avete sentito la notizia.	1795845	Ihr habt sicher die Nachricht gehört.
1273335	È possibile farlo online senza tanti problemi in pochi minuti.	1795853	Das lässt sich relativ problemlos in wenigen Minuten online machen.
1214950	Senza il partito comunista non ci sarebbe la nuova Cina.	1795885	Ohne die kommunistische Partei gäbe es das moderne China nicht.
1222366	Non riesco a pensare alla vita senza di lei.	1795893	Ich kann mir ein Leben ohne sie nicht vorstellen.
1222367	Non riesco a pensare alla vita senza di voi.	1795895	Ich kann mir ein Leben ohne euch nicht vorstellen.
1222401	Senza di voi non sarebbe stato possibile!	1795896	Ohne euch wäre das nicht möglich gewesen.
1239607	Senza dubbio hai sentito la notizia.	1795898	Zweifellos hat er die Nachricht gehört.
1198812	Tutto ha funzionato senza alcun problema.	1795900	Alles hat ohne irgendwelche Probleme funktioniert.
1202656	Ha nevicato senza sosta per molti giorni.	1795902	Es hat tagelang ohne Unterlass geschneit.
1209131	Come faremmo senza di te?	1795905	Wie werden wir ohne dich zurechtkommen?
1209663	I ragionamenti di certe persone ti lasciano senza parole.	1795908	Die Gedankengänge bestimmter Menschen können dich sprachlos machen.
1141559	Vai senza pensarci due volte!	1795912	Geh hin, ohne erst noch einmal zu überlegen!
1157996	La maggior parte di essi è invisibile senza l'aiuto di un microscopio.	1795915	Die meisten von ihnen sind ohne Mikroskop nicht zu sehen.
1157997	La maggior parte di esse è invisibile senza l'aiuto di un microscopio.	1795919	Die meisten von ihnen sind ohne Mikroskop unsichtbar.
1160697	I cammelli possono percorrere centinaia di chilometri, durante diversi giorni, senza bere una goccia d’acqua.	1795921	Kamele können über mehrere Tage hunderte von Kilometern zurücklegen, ohne einen Schluck Wasser zu trinken.
1113723	Continuate senza di me.	1795986	Macht ohne mich weiter.
1115584	Tu sarai libero veramente quando saprai amare senza giudicare.	1795989	Du wirst dann wahrhaft frei sein, wenn du zu lieben verstehst ohne zu beurteilen.
1117914	Quella bicicletta è mia: puoi prenderla senz'altro e usarla quando vuoi.	1795995	Das ist mein Fahrrad. Du kannst es ohne Weiteres nehmen und damit fahren, wenn du willst.
1118982	Come si cucina il riso senza amido?	1796001	Wie wird Reis ohne Stärke gekocht?
1130755	Sei in grado di dire in modo abbastanza preciso quanto tempo è passato senza guardare l’orologio?	1796006	Kannst du einigermaßen genau sagen, wie viel Zeit vergangen ist, ohne auf die Uhr zu schauen?
1105351	Prendo il tè senza zucchero.	1796009	Ich trinke den Tee ohne Zucker.
1105351	Prendo il tè senza zucchero.	1796011	Den Tee trinke ich ungesüßt.
1108102	Non posso vivere senza di te. Tu sei l'unica donna per me.	1796015	Ich kann ohne dich nicht leben. Du bist die einzige Frau für mich.
1113185	Tom non sa parlare il francese senza fare errori.	1796018	Tom kann kein fehlerfreies Französisch sprechen.
1082375	La teoria senza pratica sarà inutile.	1796024	Theorie ohne Praxis ist unnütz.
1087203	Ti auguro di vedere esauditi tutti i tuoi desideri tranne uno perché la vita senza desideri da realizzare non ha sapore!	1796030	Ich wünsche dir, dass deine Wünsche erfüllt werden - bis auf einen. Denn ein Leben ohne Wünsche, die verwirklicht werden sollen, wird fade.
1098302	È assurdo che possano agire senza che nessuno li controlli.	1796032	Es ist absurd, dass sie agieren können, ohne dass jemand sie kontrolliert.
1101888	Nessuno vuol essere senza soldi.	1796034	Niemand will ohne Geld sein.
712355	Lasciate ogne speranza, voi ch'intrate.	1796408	Lasst, die ihr eingeht, alle Hoffnung fahren!
1468975	La bambina è scappata di casa perché i genitori la picchiavano.	1796555	Das Kind lief von zuhause weg, weil es von seinen Eltern geschlagen wurde.
1552037	Io spero di non incontrarlo di nuovo.	1797870	Ich hoffe, ihm nicht mehr zu begegnen.
837633	La lettera non dice a che ora lei verrà a Tokyo.	1797886	Der Brief sagt nichts darüber, wann sie in Tokio ankommen wird.
1797939	Che sfacchinata che è stata!	1797945	Sie war ganz schön frech!
1797939	Che sfacchinata che è stata!	1797947	Wie unverschämt von ihr!
1797944	La natura è proprio strana!	1797949	Die Natur ist wirklich seltsam!
1797922	Non avevo intenzione di ferire i vostri sentimenti.	1797950	Ich wollte eure Gefühle nicht verletzen.
1797921	Non avevo intenzione di ferire i suoi sentimenti.	1797952	Ich wollte seine Gefühle nicht verletzen.
1797920	Non avevo intenzione di ferire i tuoi sentimenti.	1797954	Ich wollte deine Gefühle nicht verletzen.
1797918	Sei uno dei pochi che hanno coraggio.	1797957	Du bist einer der wenigen, die Mut haben.
1797938	E anche quest'anno abbiamo cominciato.	1797982	Und wir haben sogar noch dieses Jahr begonnen.
1797938	E anche quest'anno abbiamo cominciato.	1797983	Und wir haben sogar noch in diesem Jahr begonnen.
1797928	Volevi il caldo di prima?	1797987	Möchtest du die Hitze von vorher wieder haben?
1797928	Volevi il caldo di prima?	1797988	Willst du, dass es wieder so heiß ist wie vorher?
1797937	Volevo un po' di fresco.	1797994	Ich wollte ein wenig frischere Temperaturen.
1797937	Volevo un po' di fresco.	1797996	Ich wollte etwas kühleres Wetter.
1798149	Io feci un calcolo rapido.	1798166	Ich machte eine schnelle Berechnung.
1798143	Ho fatto un calcolo rapido.	1798171	Ich habe eine schnelle Berechnung gemacht.
1798144	Io ho fatto un calcolo rapido.	1798175	Ich habe eine überschlägige Berechnung gemacht.
1798149	Io feci un calcolo rapido.	1798178	Ich machte eine überschlägige Berechnung.
1292036	Lo stai facendo nel modo giusto.	1798184	Du machst es richtig.
1292036	Lo stai facendo nel modo giusto.	1798185	Du machst das auf die richtige Art und Weise.
1798303	Facciamo un po' di concorrenza alla criminalità.	1798305	Machen wir dem organisierten Verbrechen etwas Konkurrenz!
1798238	Pago da bere a tutti!	1798313	Ich geb' allen einen aus!
1798236	Facciamo un po' i romantici.	1798318	Machen wir ein wenig auf romantisch!
1798225	È per questo che l'ho detto.	1798322	Es ist wegen dem, was ich ihm gesagt habe.
1650179	Io non ho letto nessuno dei suoi romanzi.	1798404	Ich habe keinen von seinen Romanen gelesen.
1636925	Non lo devi ritenere sbagliato a prescindere.	1798812	Abgesehen davon solltest du es nicht für falsch halten.
1799144	Un uomo affamato non ruba merendine.	1799154	Ein Hungernder stiehlt keine Snacks.
378848	La mia macchina è tedesca.	1800109	Ich fahre ein deutsches Auto.
378848	La mia macchina è tedesca.	1800111	Ich habe einen deutschen Wagen.
1800286	Non ha altri significati.	1800305	Es bedeutet nichts Anderes.
1800313	Mangiare non significa vivere.	1800317	Zu essen heißt nicht zu leben.
1218295	Sono in grado di relazionarmi con persone di diversa nazionalità e cultura grazie all’esperienza maturata all’estero.	1800556	Ich kann mit Menschen unterschiedlicher Nationalität und unterschiedlichem kulturellen Hintergrund in Kontakt kommen dank meiner im Ausland entstandenen Erfahrung.
1211241	Sono già stato sposato.	1800558	Ich war schon einmal verheiratet.
1211241	Sono già stato sposato.	1800560	Ich bin schon einmal verheiratet gewesen.
1761315	Tu quando tornerai in Germania?	1800571	Wann wirst du nach Deutschland zurückkehren?
1539309	Eravamo tutti inzuppati dal sudore.	1800659	Wir waren alle schweißgetränkt.
1539309	Eravamo tutti inzuppati dal sudore.	1800661	Wir waren alle durchgeschwitzt.
1523449	Vogliamo vedere questi film.	1800662	Wir wollen diese Filme sehen.
1802058	Sono dieci anni che lui è morto.	1802061	Er ist vor zehn Jahren verstorben.
1802056	Lui è morto da dieci anni.	1802062	Er ist seit zehn Jahren tot.
1802110	Dissi "buona notte" ai miei genitori e andai a letto.	1802111	Ich sagte meinen Eltern "Gute Nacht" und ging ins Bett.
1802108	Ho detto "buona notte" ai miei genitori e sono andato a letto.	1802113	Ich habe meinen Eltern "Gute Nacht" gesagt und bin ins Bett gegangen.
1802753	Io non ti volevo alcun male.	1802755	Ich wollte dir nichts Böses.
1802750	Questa è la macchina più veloce del nostro salone d'esposizione.	1802760	Das ist der schnellste Wagen in unserer Ausstellung.
1802761	Anch'io voglio venire!	1802765	Ich möchte auch kommen!
1802757	Adesso invece sono diventate inaffidabili?	1802770	Stattdessen sind sie jetzt unsolide geworden?
1802774	Lui ha tre sorelle. Una è a Tokyo, le altre a Nagoya.	1802779	Er hat drei Schwestern. Eine ist in Tokio, die anderen sind in Nagoya.
1802782	Mia sorella non studia per il momento.	1802794	Meine Schwester studiert im Moment nicht.
1655121	Tom pensa che sia strano.	1802800	Tom findet das seltsam.
1802865	Oh, sorellina, perché non mi dici nulla?	1802871	Oh, Schwesterlein, warum sagst du mir nichts?
1802867	Quando sono tornato a casa, mia sorella suonava la chitarra.	1802879	Als ich nach Hause kam, spielte meine Schwester Gitarre.
1802924	Forse ho bevuto troppo.	1802926	Vielleicht habe ich zu viel getrunken.
1803336	Non ho mai avuto il coraggio di aprirle.	1803340	Ich habe nie den Mut gehabt, es zu öffnen.
1803336	Non ho mai avuto il coraggio di aprirle.	1803341	Ich habe nie den Mut aufgebracht, es zu öffnen.
1803505	Non fare il moralista, non è necessario.	1803522	Spiel nicht den Moralapostel, das ist unnötig.
1803649	Le chiedo quindi di concludere con una frase.	1803655	Ich bitte sie daher einen abschließenden Satz zu sagen.
1803662	Mi sembra una frase fondamentale.	1803668	Das scheint mir ein ganz wesentlicher Satz zu sein.
1803745	Egli ha detto una frase che non posso non riprendere.	1803746	Er hat er einen Satz gesagt, den ich einfach aufgreifen muß.
1803827	Lei ha pronunciato una frase che non riesco affatto a comprendere.	1803828	Sie haben einen Satz gesagt, den ich absolut nicht verstehe.
1803841	Mi sia consentito rispondere alle domande.	1803844	Gestatten Sie mir, auf die Fragen zu antworten.
1803854	Ci esprimeremo quindi a favore di una relazione composta da una sola frase.	1803855	Dementsprechend werden wir dem Bericht zustimmen, der aus einem Satz besteht.
1803861	Nella trascrizione del testo è stata omessa parte di una frase.	1803866	Bei der Abschrift des Textes ist leider ein Teil des Satzes weggelassen worden.
1803887	Capisco che una frase del genere possa anche sfuggire.	1803888	Ich sehe ein, dass man einen solchen Satz auch überhören kann.
1803892	Io ribalterei la frase: Una buona politica sociale è anche una buona politica economica.	1803893	Ich möchte den Satz gern umdrehen: Gute Sozialpolitik ist auch gute Wirtschaftspolitik.
1803898	Per dirlo con una bella frase: La politica sociale inizia con la politica per la famiglia.	1803899	Um es in einen Satz zu fassen: Sozialpolitik fängt mit Familienpolitik an.
1803919	Desidero terminare con una frase classica.	1803921	Ich möchte mit einem klassischen Zitat schliesen.
1803940	Con o senza l'ONU, questa guerra non è nostra.	1803941	Ob mit oder ohne UNO, dies ist nicht unser Krieg.
1803943	Tutto ciò sarebbe accaduto con o senza allargamento.	1803944	All dies wäre auch ohne Erweiterung passiert.
1803946	Ci terremo i nostri schiavi con o senza il loro consenso.	1803947	Wir behalten unsere Sklaven, mit oder ohne ihrer Zustimmung.
1803949	La risoluzione prosegue dicendo “con o senza diritto di parola”.	1803950	In der Entschließung heißt es weiter: „ mit oder ohne Rederecht“.
1803954	Ciò avviene con o senza il nostro investimento.	1803956	Das wird geschehen, ganz gleich ob wir investieren oder nicht.
1803982	Viene in mente una frase che si legge spesso sulle pagelle scolastiche: “Potrebbe fare meglio”.	1803983	Dabei fällt mir eine Formulierung ein, die häufig unter Schulaufsätzen zu lesen ist: „befriedigend“.
1803985	È una frase nella comunicazione che ci preoccupa.	1803986	Es gibt in der Mitteilung einen Satz, der uns Sorge bereitet.
1803988	Ci fu una parola, o una frase, che misero in moto l’ intero macchinario omicida dell’ odio e della violenza?	1803989	War es ein Wort oder ein Satz, der die gesamte mörderische Maschinerie von Hass und Gewalt in Gang setzte?
1803991	A questa considerazione si può obiettare con una frase di Bert Brecht:» Ognuno parli della propria vergogna».	1803992	Dieser Überlegung kann man einen Satz von Bert Brecht entgegenhalten: "Es rede jeder von seiner eigenen Schande ".
1803995	Nella nostra bellissima lingua c'è un proverbio che dice: «Chi semina vento raccoglie tempesta».	1803996	In unserer wunderschönen Sprache gibt es ein Sprichwort, welches lautet: "Wer Wind sät, wird Sturm ernten."
1803999	La proposta di emendamento dell'onorevole Adam aggiunge, alla fine, una mezza frase e noi siamo a favore di tale aggiunta.	1804000	Der Änderungsantrag von Herrn Adam fügt am Ende einen Halbsatz an, und wir sind für diesen Zusatz.
1805230	In che università studia?	1805232	An welcher Universität studieren Sie?
1805229	In che università studiate?	1805233	An welcher Universität studiert ihr?
1805227	In che università studi?	1805234	An welcher Universität studierst du?
1805225	Non li avevo mai sentiti prima!	1805236	Ich habe sie noch nie zuvor gehört.
1805226	Non sono male!	1805237	Ich bin nicht schlecht!
1805238	Gli scienziati sono tutti un po' bambini.	1805244	Wissenschaftler sind alle ein wenig wie Kinder.
1805271	Fa molto più caldo d'estate che freddo d'inverno!	1805279	Es ist im Sommer viel wärmer als es im Winter kalt ist!
1805277	Le ricchezze sono fatte per essere spese.	1805291	Reichtum ist dafür da, ausgegeben zu werden.
1805320	Si fa ma non si dice.	1805331	Man tut es, aber man spricht nicht darüber.
1805330	Probabilmente lo fa già.	1805342	Wahrscheinlich tut er es schon.
1805330	Probabilmente lo fa già.	1805343	Vermutlich tut er es schon.
1805374	Non sono un mago, però so quello che tutti dicono su di me.	1805376	Ich bin kein Hellseher, aber ich weiß, was alle über mich sagen.
1559758	Questa è interessante come ricerca.	1805386	Das ist eine interessante Studie.
1559762	Sei un vero duro.	1805391	Du bist echt ein harter Typ.
1559765	Non siamo brave ecologiste!	1805392	Wir sind keine braven Ökos!
1559766	Ma non si può!	1805393	Aber das geht nicht!
1559767	Il gatto non smette di miagolare.	1805395	Die Katze hört nicht auf zu miauen.
1570087	Lo fanno ogni settimana.	1805413	Sie machen es jede Woche.
1805407	Lui insegnava storia a scuola.	1805421	Er unterrichtete Geschichte an der Schule.
1570091	È stata squalificata dalla corsa per due false partenze.	1805433	Sie wurde vom Rennen ausgeschlossen wegen zweier Fehlstarts.
1806702	L'arte è una cosa seria.	1806714	Kunst ist eine ernste Angelegenheit.
1807103	Consolati con questo.	1807115	Tröste dich damit.
1807100	Siamo delle brave mamme.	1807123	Wir sind tüchtige Mütter.
1807096	Io non ne ho mai assaggiato uno.	1807125	Ich habe davon nie eine probiert.
1807110	Sono queste le cose che piacciono a me.	1807281	Das sind die Dinge, die mir gefallen.
1397406	Il signor Wood è venuto nel campo.	1807383	Herr Wood betrat das Feld.
1807377	Mi piace il tuo telefono.	1807386	Mir gefällt dein Telefon.
1807378	Peccato che per vederlo meglio bisogna ingrandire l'immagine.	1807389	Es ist schade, dass man das Bild vergrößern muss, um es besser sehen zu können.
1805225	Non li avevo mai sentiti prima!	1808652	Ich hatte sie vorher noch nie gehört!
1618875	Da quando in qua le tentazioni non sono gradite?	1808774	Sind uns Versuchungen nicht dann und wann willkommen?
1618875	Da quando in qua le tentazioni non sono gradite?	1808776	Sind nicht von Zeit zu Zeit Versuchungen willkommen?
1086615	Dopo la sua partenza eravamo tutti molto tristi.	1808890	Nach seiner Abreise waren wir alle sehr traurig.
1809144	Per me lo è.	1809150	Für mich ist es das.
1809142	Vatti subito a confessare!	1809155	Gib es gleich zu!
1809569	Adesso mi metto a frignare!	1809582	Ich fang gleich an zu heulen!
1809569	Adesso mi metto a frignare!	1809585	Ich heul gleich los!
1340340	Non complicarti la vita.	1809874	Mach dir das Leben nicht kompliziert.
1340340	Non complicarti la vita.	1809875	Verkomplizier dir nicht das Leben!
1340353	Quel cormorano ha perso la capacità di volare.	1809920	Dieser Kormoran hat die Fähigkeit zum Fliegen verloren.
1809962	L'esperanto è una lingua senza potere, e questa è, paradossalmente, la sua forza.	1809967	Esperanto ist eine Sprache ohne Macht, und das ist paradoxerweise seine Stärke.
1810106	Qualcosa del genere può andare bene?	1810120	Kann so etwas gut gehen?
1810147	Se ci saranno variazioni, le comunicheremo tempestivamente!	1810162	Wenn es Veränderungen geben sollte, werden wir sie sofort mitteilen.
749955	È stato sottoposto alla tortura da parte della polizia.	1810183	Er wurde durch die Polizei gefoltert.
1301354	Diventerò una di quelle mamme che quando cucinano, cucinano per un reggimento.	1810876	Sie wird eine von den Müttern, die, wenn sie kochen, es für ein ganzes Regiment tun.
1301374	Non penso esista vigliaccheria peggiore.	1810878	Ich glaube, es gibt keine schlimmere Gemeinheit.
1301377	Sei imbarazzante!	1810879	Du bist peinlich!
1301384	Io voglio tornare in Italia.	1810887	Ich möchte nach Italien zurück.
1301385	Il primo esame è andato!	1810889	Die erste Prüfung ist vorbei!
1301386	Conciava così gli avversari una volta.	1810893	Einmal richtete er seine Feinde übel zu auf diese Weise.
1301387	Tu non stai bene.	1810897	Dir geht es nicht gut.
1301388	Ma ti sono arrivati i messaggi?	1810899	Aber hast du die Botschaften bekommen?
1301389	Ci saresti tu lunedì?	1810900	Wo seid ihr am Montag?
1810948	Nel 1986 è stata scelta ufficialmente la bandiera divenuta simbolo dell'Unione Europea: un drappo blu che reca al centro un cerchio di dodici stelle d'oro.	1810957	1986 wurde offiziell die Flagge ausgewählt, die zum Symbol der Europäischen Union wurde: ein blaues Tuch, das in seinem Zentrum einen Kreis von zwölf goldenen Sternen trägt.
1811344	Per fortuna che nelle facoltà scientifiche non è così.	1812252	Es ist gut, dass es in den wissenschaftlichen Fakultäten nicht so ist.
1811343	Oggi io e una ragazza stavamo discutendo.	1812254	Heute habe ich mit einem Mädchen heftig diskutiert.
1811342	Stavo pensando che sono proprio carina.	1812256	Mir kam der Gedanke, dass ich wirklich hübsch bin.
1811340	Lo sto ascoltando in questi giorni.	1812257	Ich höre ihm dieser Tage zu.
1809455	Siete così cattivi con le donne?	1812258	Seid ihr so böse zu den Frauen?
1809452	È giusto che sia così.	1812283	Es ist richtig, dass es so ist.
1809443	Il problema non sussiste.	1812284	Das Problem besteht nicht.
1809410	Ora chi ha animali dovrebbe spendere soldi per dare da mangiare ai bambini bisognosi?	1812289	Jetzt soll der, der Tiere hält, Geld spenden für die Ernährung bedürftiger Kinder?
1809402	Mi sento una professoressa mancata!	1812293	Ich fühle mich wie eine verhinderte Lehrerin!
1809397	In casa mia queste non sono regole, è legge!	1812298	In meinem Haus sind das keine Regeln, sondern Gesetze!
1809383	Se ne hai bisogno, sono disponibilissima.	1812301	Wenn du es brauchst, stehe ich voll zur Verfügung.
1809382	Si capisce da dove arrivi.	1812303	Man versteht, woher du kommst.
1809328	Sono la mia vita.	1812304	Ich bin mein Leben.
1809327	Bisogna mantenere l'educazione.	1812306	Man muss die Bildung aufrechterhalten.
1809326	Gli manca solo la parola.	1812307	Er ist nur sprachlos.
1809324	Non può capire cosa vuol dire amare qualcuno!	1812309	Er kann es nicht verstehen, was es heißt, jemanden zu lieben.
1809180	Inizia ad allenarti!	1812311	Fang an zu trainieren!
1809162	Ma è enorme!	1812312	Aber das ist enorm!
1809149	Mio padre è un colonnello.	1812318	Mein Vater ist Oberst.
1809148	Guardate un po' la piccola Ruthie cos'è diventata!	1812319	Schaut mal, was aus der kleinen Ruthie geworden ist!
1807372	Non ho mai visto un tatuaggio così!	1812320	Ich habe noch nie so ein Tattoo gesehen.
1807311	Chi arriva ultimo paga da bere!	1812321	Wer als Letzter kommt, zahlt die Getränke!
1807306	Tutti al riparo!	1812322	Alle in Deckung!
1807260	Ha un olfatto sopraffino.	1812323	Er hat einen äußerst feinen Geruchssinn.
1807253	Ha un gusto sopraffino.	1812324	Er hat ein äußerst feines Geschmacksempfinden.
1807245	Ha una carnagione sopraffina.	1812325	Er hat einen ausgezeichneten Teint.
1807245	Ha una carnagione sopraffina.	1812326	Sie hat einen ausgezeichneten Teint.
1807243	Sai che non lo avevo notato?	1812328	Weißt du, dass ich es nicht bemerkt habe?
1807240	Hai notato che bei capelli fluenti che ha?	1812329	Hast du bemerkt, was für fließendes Haar sie hat?
1807231	Ti sei già messa all'opera?	1812330	Warst du schon in der Oper?
1807082	Questi qua credono veramente che la terra sia piatta!	1812331	Die glauben tatsächlich, dass die Erde eine Scheibe ist!
1806881	Lo sapevo che eri un romanticone.	1812333	Ich wusste es, dass du ein Romantiker bist.
1806798	A me sembra solo pubblicità.	1812334	Mir scheint es nur Werbung zu sein.
1806797	Non ti obbliga nessuno a farlo.	1812335	Es zwingt dich keiner, es zu tun.
1806695	Ma tu ogni tanto esci di casa?	1812336	Aber gehst du ab und zu aus dem Haus?
1806519	Tenterò di portare a termine questo progetto.	1812337	Ich werde versuchen, dieses Projekt zu Ende zu führen.
1806205	Veramente filosofare è attività comune a tutti gli esseri umani.	1812338	Tatsächlich ist Philosophieren eine Tätigkeit, die allen menschlichen Wesen gemeinsam ist.
1806204	È una cosa bellissima!	1812341	Es ist eine wunderschöne Sache!
1806193	Evidentemente non aveva di meglio da fare?	1812343	Offenbar hatte er nichts Besseres zu tun?
1806192	Hai già buttato il pattume?	1812344	Hast du den Müll schon eingeworfen?
1806190	L'uomo è biologicamente impostato verso uno stato di non sofferenza.	1812346	Der Mensch ist, biologisch gesehen, ausgerichtet auf einen Zustand der Leidensfreiheit.
1806189	Per motivi che sfuggono, gli adolescenti e i giovani adulti stanno diventando apatici e poco interessati al sesso, infatti le nascite sono in discesa a picco.	1812349	Aus Gründen, die sich einer Erklärung entziehen, sind die Heranwachsenden und jungen Erwachsenen zunehmend apathischer und wenig an Sex interessiert. Tatsächlich zeigt die Geburtenrate steil bergab.
1806187	Non hai sentito la cosa?	1812350	Hast du die Sache nicht gespürt?
1806185	Dici che il problema è non sapere cos'altro fare?	1812351	Du meinst, das Problem wäre, nicht zu wissen, was man sonst machen soll?
1806179	Tieni i biglietti, mi raccomando!	1812359	Jetzt nimm die Fahrscheine, bitte!
1806173	Cosa ci fa una discussione simile in rete?	1812360	Was soll eine solche Diskussion im Internet?
1806172	Faccio notare un'incongruenza.	1812361	Ich stelle einen Widerspruch fest.
1806170	Più semplicemente, non avevo voglia di argomentare.	1812391	Einfacher gesagt, ich hatte keine Lust zu argumentieren.
857293	Un piano così è destinato a fallire.	1812422	Ein solcher Plan ist zum Scheitern verurteilt.
1567978	Lui è destinato a non rivederla mai più.	1812423	Es ist sein Los, sie niemals wiederzusehen.
1193418	C'è gente destinata a rimanere sola.	1812425	Es gibt Menschen, deren Los es ist, alleine zu bleiben.
1345130	Forse è il destino.	1812426	Vielleicht ist es das Schicksal.
1806699	La nostra città è destinata a indicare la strada.	1812430	Unsere Stadt ist dazu bestimmt, den Weg zu weisen.
1806521	Sono la comodità fatta abbigliamento.	1812431	Sie sind die zu Bekleidung gewordene Bequemlichkeit.
1812565	Si può vincere o si può perdere, ma io mi auguro che riusciamo a giocare un buon calcio.	1812568	Man kann gewinnen oder verlieren, aber ich wünsche mir, dass es uns gelingt, guten Fußball zu spielen.
1812785	Questa ragazza inglese sta cercando di impressionare le famiglie italiane.	1812787	Dieses englische Mädchen versucht, die italienischen Familien zu beeindrucken.
1814109	Perché lui non mi parla più?	1814113	Warum spricht er nicht mehr mit mir?
1154084	Tom mostrò a Mary la foto di John.	1814137	Tom zeigte Mary das Foto von John.
378650	Era molto occupato questa settimana.	1814667	Sie war diese Woche sehr beschäftigt.
1578057	Mangia tutti i tuoi spinaci!	1817035	Iss deinen Spinat auf!
1007519	Lui è fiero di essere un medico.	1817092	Er ist stolz, Arzt zu sein.
1566109	Chi ha scattato la foto?	1817303	Wer hat das Foto gemacht?
1566109	Chi ha scattato la foto?	1817304	Wer hat das Foto geschossen?
1559411	Non ci avevo pensato.	1817478	Daran hatte ich nicht gedacht!
380380	Proviamo a fare qualcosa!	1817889	Versuchen wir, etwas zu tun!
1811723	Non mi annoia leggere.	1817933	Zu lesen langweilt mich nicht.
1818602	Questa è la mia opinione personale.	1818604	Das ist meine persönliche Auffassung.
1818980	Un'altra estate se ne va.	1818983	Wieder geht ein Sommer vorbei.
1599158	Io non so che cosa faremo.	1821092	Ich weiß nicht, was wir tun werden.
1544964	Ero troppo stanca per stare in piedi.	1821095	Ich war zu müde zum Stehen.
916317	Questa classe comprende 15 ragazzi e 28 ragazze.	1821134	In dieser Klasse sind 15 Jungen und 28 Mädchen.
1650077	Lei è distratto facilmente.	1821158	Sie lassen sich leicht ablenken.
1469995	Sono fortunata ad avere delle amiche come voi.	1821183	Ich kann mich glücklich schätzen, solche Freundinnen wie euch zu haben.
664214	La verità porta odio.	1821190	Die Wahrheit erzeugt Haß.
632223	Nessuno rise del mio piccolo incidente e tutti sembravano un po' tristi.	1821216	Niemand lachte über meinen kleinen Zwischenfall und alle schienen ein wenig traurig.
1679196	Lo dobbiamo fare perché è giusto.	1821233	Wir müssen es tun, weil es richtig ist.
955957	La ragione di ciò è ovvia.	1821239	Der Grund dafür ist offensichtlich.
715616	Adam passò 3 anni in prigione per possesso di droga.	1821631	Adam verbrachte wegen Drogenbesitzes drei Jahre im Gefängnis.
947438	Non sono riuscito a riaddormentarmi.	1821696	Ich konnte nicht wieder einschlafen.
1504522	Che cos'ha fatto questa mattina?	1821701	Was hat er heute Morgen gemacht?
1504522	Che cos'ha fatto questa mattina?	1821702	Was hat sie heute Morgen gemacht?
1504522	Che cos'ha fatto questa mattina?	1821703	Was haben Sie heute Morgen gemacht?
412816	Non posso farlo in così poco tempo!	1821749	In so kurzer Zeit kann ich das nicht machen!
998801	Passatemi il burro, per favore.	1821762	Reicht mir bitte die Butter rüber.
1189419	Non ci credevo finché non l'ho sentito con le mie orecchie.	1821776	Das glaubte ich erst, als ich es mit eigenen Ohren hörte.
1798610	Il letto è a 120 euro!	1823455	Das Bett kostet 120 Euro!
1486794	Le darò questi soldi.	1823457	Ich werde Ihnen dieses Geld geben.
602490	Il mio cuore ha smesso di battere.	1823575	Mein Herz hat aufgehört zu schlagen.
1271063	Lei aveva voglia di piangere.	1823608	Ihr war nach Weinen zumute.
1198811	Tutto ha funzionato senza problemi.	1823868	Alles hat problemlos funktioniert.
1825034	Niente è ancora deciso.	1825039	Noch ist nichts entschieden.
1825028	Questi complimenti mi incoraggiano a continuare. Ma la strada è ancora lunga.	1825048	Diese Komplimente ermutigen mich weiterzumachen. Aber es bleibt noch viel zu tun.
1825033	Io non mento mai ... Mai, o almeno molto raramente.	1825052	Ich lüge nie ... Nie, oder zumindest sehr selten.
1825199	Uomini siate e non pecore matte.	1825324	Zeigt euch als Menschen, nicht als blöde Tiere!
1825199	Uomini siate e non pecore matte.	1825394	Gefährlich ist’s, den Leu zu wecken, verderblich ist des Tigers Zahn, jedoch der schrecklichste der Schrecken, das ist der Mensch in seinem Wahn.
1825383	Tre cose ci sono rimaste del paradiso: le stelle, i fiori e i bambini.	1825396	Drei Dinge blieben uns vom Paradiese: die Sterne, die Blumen und die Kinder.
1825407	Vedo il meglio ed al peggior mi appiglio.	1825416	Ich seh’ vor mir das Beste und halte mich ans Schlimmste.
1825431	Questo libro è un romanzo storico.	1825434	Dieses Buch ist ein Geschichtsroman.
1826033	Tu mi dici che io sono mezzo matto, ma tu sei pazzo.	1826036	Du sagst, ich habe schon nicht mehr alle Tassen im Schrank, dabei bist du selbst schon geisteskrank.
1826039	Guarisci la mia anima!	1826040	Heile meine Seele!
1826016	Sono a metà strada su una strada infinita.	1826269	Ich habe schon die Hälfte geschafft, von einem Weg der endlos ist.
1827095	Quante cose finiscono nello scarico del nostro lavandino? Residui di cibo, di sapone, capelli, cellule morte. Tutte cose che possono compattarsi tra loro e ostruire il nostro scarico.	1827111	Wie viele Dinge landen im Abfluss unseres Waschbeckens? Lebensmittelreste, Seifenrückstände, Haare, abgestorbene Hautzellen. Alle diese Dinge können sich zusammenballen und uns den Abfluss verstopfen.
1827102	La benzina è un liquido infiammabile.	1827121	Benzin ist eine brennbare Flüssigkeit.
1827250	Se lo sporco ha ostruito lo scarico del vostro lavandino, non è necessario chiamare l'idraulico. Si possono usare dei rimedi fai-da-te, facili e rapidi.	1827277	Wenn Schmutz den Abfluss Ihres Waschbeckens verstopft hat, ist es nicht notwendig den Klempner zu rufen. Man kann einfache und schnelle Selbsthilfe-Mittel verwenden.
1827256	Se lo sporco ha ostruito lo scarico del nostro lavandino, si possono usare metodi meccanici come la classica ventosa sturalavandini, lo sturalavandini a molla, la pistola ad aria compressa, oppure rimedi chimici come gli acidi o la soda caustica.	1827321	Wenn Schmutz den Abfluss Ihres Waschbeckens verstopft hat, können Sie mechanische Verfahren, wie den klassischen Saugstöpsel, die Rohrreinigungsspirale und die Druckluftpistole oder chemische Mittel wie Säuren oder Ätznatron anwenden.
1827934	Quei due ragazzi si assomigliano molto, immagino che siano fratelli.	1827960	Diese beiden Jungen ähneln sich sehr, ich nehme an, dass sie Brüder sind.
1828196	Ha sbagliato numero.	1828205	Sie haben nicht die richtige Nummer gewählt.
1828196	Ha sbagliato numero.	1828207	Sie haben eine falsche Nummer gewählt.
1828196	Ha sbagliato numero.	1828208	Sie haben sich in der Nummer geirrt.
1828275	Puoi non scrivermi?	1828279	Kannst du mir nicht schreiben?
1829942	Lo voglio provare, ma non lo prometto.	1829945	Ich will es gern versuchen, doch kann ich's nicht versprechen.
1233824	Lei è l'ambasciatrice francese in Portogallo.	1830711	Sie ist die französische Botschafterin in Portugal.
908806	Andrà in America l'anno prossimo?	1830845	Wird er nächstes Jahr nach Amerika gehen?
908806	Andrà in America l'anno prossimo?	1830847	Wird sie nächstes Jahr nach Amerika gehen?
908806	Andrà in America l'anno prossimo?	1830848	Werden Sie nächstes Jahr nach Amerika gehen?
1806114	Non è affatto vero.	1830858	Tatsächlich ist das nicht wahr.
1078269	Non sai ancora cosa dirà.	1830930	Du weißt noch nicht, was er sagen wird.
1078269	Non sai ancora cosa dirà.	1830931	Du weißt noch nicht, was sie sagen wird.
1548380	Tom è una delle persone più antipatiche che conosco.	1830980	Tom ist eine der unsympathischsten Personen, die ich kenne.
1273860	Non ami la cucina cinese?	1832899	Magst du kein chinesisches Essen?
1331162	Non ci sono solamente persone gentili nel mondo.	1832904	Auf der Welt gibt es nicht nur nette Menschen.
974004	Quando si sposerà?	1832944	Wann wird er heiraten?
974004	Quando si sposerà?	1832945	Wann wird sie heiraten?
974004	Quando si sposerà?	1832946	Wann werden Sie heiraten?
1255789	Mi evita.	1832971	Er geht mir aus dem Weg.
1255789	Mi evita.	1832972	Sie gehen mir aus dem Weg.
1738960	Smettete di leggere.	1832982	Hört auf zu lesen.
1738960	Smettete di leggere.	1832983	Hören Sie auf zu lesen.
1619206	Basta che smetta di piovere.	1833050	Es reicht, wenn es aufhört zu regnen.
1552031	Il mahjong è un gioco che viene giocato da quattro persone.	1833071	Mahjong ist ein Spiel, das man zu viert spielt.
1536647	Tom dovrebbe consultare un esperto.	1833075	Tom sollte einen Experten konsultieren.
396402	Ho avuto un attacco cardiaco.	1833141	Ich hatte einen Herzanfall.
1525877	Non si smette mai di crescere ed imparare.	1833175	Man hört nie auf zu wachsen und zu lernen.
1002180	Il governatore del Texas era furioso.	1833235	Der Gouverneur von Texas war wütend.
1548284	I problemi degli altri sono i nostri.	1833321	Die Probleme der anderen sind die unsrigen.
1833811	Voglio provarci, ma non prometto niente.	1833815	Ich will's versuchen, doch ich kann nichts versprechen.
1829942	Lo voglio provare, ma non lo prometto.	1833820	Ich will es versuchen, aber ich kann es nicht versprechen.
1833835	Innanzitutto, non è provato che la riduzione dell'orario di lavoro crei nuovi posti di lavoro.	1833839	Vor allem ist es nicht erwiesen, dass durch die Verkürzung der Arbeitszeit Arbeitsplätze geschaffen werden.
1833853	Eppure, a tutt'oggi non è stato ancora provato che una gestione sostenibile della pesca oceanica non sia possibile.	1833856	Bislang ist jedoch keineswegs erwiesen, dass ein nachhaltiges Fischereimanagement für die Hohe See nicht möglich ist.
1833864	Il fatto che sia stato provato concretamente che queste dichiarazioni sono senza fondamento purtroppo non impedisce che vengano ripetute.	1833866	Obwohl sich diese Behauptungen jedes Mal als haltlos erwiesen haben, werden sie leider trotzdem immer wieder aufgegriffen.
1833964	Ci hanno provato per un migliaio di anni.	1833965	Das haben sie tausend Jahre lang versucht.
1833969	Quindi non ci abbiamo nemmeno provato.	1833970	Wir haben es deshalb erst gar nicht versucht.
1833987	Ci abbiamo provato e credo di poter dire che non funziona.	1833988	Wir haben es versucht, und man sieht, dass es nicht funktioniert.
1834040	Lei non ci ha convinti, non ha neppure provato seriamente a convincerci.	1834044	Sie haben uns nicht überzeugt. Sie haben nicht einmal einen ernsthaften Versuch gemacht, uns zu überzeugen.
1834048	I sistemi politici che hanno provato a farlo sono naufragati.	1834050	Die politischen Systeme, die das versuchten, haben Schiffbruch erlitten.
1834062	Vorrei ricordare che tale effetto non è scientificamente provato.	1834065	Ich möchte daran erinnern, dass eine solche Wirkung nicht wissenschaftlich bewiesen ist.
1834068	Mi è indifferente che lo si provi in ventiquattro o in trenta mesi, ma dovrà essere provato.	1834070	Ob das in vierundzwanzig oder in dreißig Monaten nachgewiesen wird, ist mir egal, es muss nachgewiesen werden.
1834074	I termini utilizzati non sono neanche definiti.	1834076	Die verwendeten Begriffe wurden nicht einmal definiert.
1834078	I Paesi Bassi hanno provato di tutto per risolvere il problema.	1834081	Die Niederlande haben alles versucht, um das Problem zu lösen.
1834082	Piani, progetti, conferenze e nuove iniziative – sembra che abbiamo provato tutto.	1834083	Pläne, Projekte, Konferenzen und neue Initiativen – es scheint, als hätten wir bereits alles versucht.
1834614	Sento tutto il peso dell'autunno oggi.	1834631	Heut' fühle ich die volle Last des Herbstes.
1635003	Io perdo molto tempo a sognare a occhi aperti.	1835015	Ich vergeude eine Menge Zeit damit, mit offenen Augen zu träumen.
1835919	Alcuni dialetti non sono mutuamente intelligibili.	1835921	Einige Dialekte sind nicht gegenseitig verständlich.
1836893	Sei una ragazza che fa perdere la testa.	1836894	Du bist ein Mädchen, das einem den Kopf verdreht.
987838	Probabilmente l'incontro sarà cancellato.	1837120	Wahrscheinlich wird das Treffen abgesagt.
1574165	E come finisce?	1837161	Und wie geht's aus?
948076	Ho quasi dimenticato che era il suo compleanno.	1837175	Ich hatte fast vergessen, dass es sein Geburtstag war.
948076	Ho quasi dimenticato che era il suo compleanno.	1837176	Ich hatte fast vergessen, dass es ihr Geburtstag war.
1838465	La valorizzazione del territorio è al centro della sua filosofia.	1838466	Die Heimatverbundenheit ist der Kern seiner Philosophie.
1838477	L’azienda olearia è posizionata ai piedi delle colline.	1838478	Die Ölmühle ist zu Füßen der Hügel gelegen.
1838483	L’azienda olearia è posizionata nelle vicinanze del lago.	1838487	Die Ölmühle ist in der Nähe des Sees gelegen.
1838483	L’azienda olearia è posizionata nelle vicinanze del lago.	1838490	Die Ölmühle ist dem See benachbart.
1838483	L’azienda olearia è posizionata nelle vicinanze del lago.	1838492	Die Ölmühle ist nahe dem See gelegen.
1838483	L’azienda olearia è posizionata nelle vicinanze del lago.	1838493	Die Ölmühle liegt in der Nachbarschaft des Sees.
1838517	Sono gradite le visite di gruppo.	1838518	Gruppenbesichtungen werden vorgezogen.
1838557	Quest'olio si presenta alla vista di un bel colore giallo brillante intenso.	1838604	Dem Auge bietet dieses Öl eine schöne, leuchtend gelbe Farbe.
1838610	La purezza naturale di quest'olio è garantita dalla raccolta a mano.	1838612	Für die natürliche Reinheit diese Öls bürgt die Ernte von Hand.
1504108	Anche lui ha contribuito!	1839172	Auch er hat dazu beigetragen!
1740324	Utilizzo Google quasi ogni giorno.	1839200	Ich nutze Google praktisch jeden Tag.
1471861	Noi ci saremo comunque.	1839204	Wir werden jedenfalls da sein.
1471861	Noi ci saremo comunque.	1839205	Wir werden trotzdem da sein.
1354277	Quest'acqua è sterilizzata.	1839240	Dieses Wasser ist keimfrei.
1354277	Quest'acqua è sterilizzata.	1839241	Dieses Wasser ist sterilisiert.
1153222	A me il risultato non è piaciuto.	1839306	Mir hat das Ergebnis nicht gefallen.
1116544	Queste due camicie sono fatte dello stesso tessuto.	1839310	Diese beiden Hemden sind aus dem gleichen Stoff.
1840934	Come fai a sapere se il tuo rapporto con lui funziona?	1840936	Wie findest du heraus, ob deine Beziehung mit ihm funktioniert?
1840937	Come fai a sapere se il tuo rapporto con lei funziona?	1840938	Wie findest du heraus, ob deine Beziehung mit ihr funktioniert?
1841028	Bisogna stare attenti a non chiamare le coccole amore. Amore è sempre legato all’Eros; diverso è l’affetto, che è un sentimento simile all’amore ma senza la sessualità.	1841043	Sie müssen darauf achten, nicht die Zärtlichkeiten Liebe zu nennen. Liebe ist immer mit Eros verbunden, anders die Zuneigung, die ein der Liebe ähnliches Gefühl ist, aber ohne Sexualität.
1841153	C’è bisogno di sapere cos’è il meglio per me.	1841155	Ich muss wissen, was das beste für mich ist.
1842360	In verità è meglio mentire.	1842364	In Wahrheit ist es besser zu lügen.
1842374	Maria si rende conto che la sua intelligenza è un ostacolo sulla strada verso la felicità.	1842378	Mary erkennt, dass ihre Intelligenz ein Hindernis auf dem Weg ins Glück darstellt.
1842401	Tutti vogliamo andare avanti.	1842403	Wir wollen alle vorwärtskommen.
1842619	Maria cerca di superare il suo dolore.	1842621	Maria versucht ihren Schmerz zu überwinden.
1842960	Non riesco a superare il dolore.	1842962	Ich kann den Schmerz nicht überwinden.
1843009	Tom ha le sue strategie per sedurre una donna.	1843010	Tom hat seine eigenen Strategien, um eine Frau zu verführen.
1843020	Tom ha sviluppato la sua strategia per sedurre una donna.	1843027	Tom hat seine eigene Strategie zum Verführen einer Frau entwickelt.
1083875	Mi è stata simpatica fin dal primo giorno.	1843046	Er war mir vom ersten Tag an sympathisch.
1083875	Mi è stata simpatica fin dal primo giorno.	1843047	Sie war mir vom ersten Tag an sympathisch.
1843333	Maria è dell'avviso che il latino non è per niente una lingua morta.	1843336	Maria ist der Auffassung, dass das Latein keineswegs eine tote Sprache ist.
1841141	Una cosa è certa: Continuare a vivere il rapporto in questo modo non farà bene né a te né a lei e neanche ai vostri bambini.	1843905	Eine Sache ist sicher: Die Beziehung in dieser Weise weiterzuführen, wird weder dir, noch ihr, noch euren Kindern gut tun.
1843920	Prima di star bene con gli altri, bisogna star bene con se stessi!	1843924	Um mit anderen gut auszukommen, muss man erst einmal mit sich selbst gut auskommen.
1843971	Accettarsi è difficile.	1843974	Sich anzunehmen ist nicht leicht.
1843980	Questo però non è possibile.	1843982	Das ist jedoch nicht möglich.
1843980	Questo però non è possibile.	1843984	Aber das ist nicht möglich.
1844767	In questa stanza piena di fumo non si riesce a respirare.	1844774	In diesem verrauchten Zimmer kann man nicht atmen.
1844780	La siccità di quest'anno è stata molto dannosa per le campagne.	1844789	Die diesjährige Trockenheit war sehr schädlich für die ländlichen Gebiete.
1845041	L'avvocato difensore ha saputo trovare buoni argomenti a favore dell'imputato.	1845046	Der Verteidiger verstand es, gute Argumente zugunsten des Angeklagten zu finden.
1846825	Ho studiato Conservazione dei Beni Culturali.	1846827	Ich habe Denkmalpflege studiert.
1846841	Probabilmente ogni scienziato metterà a punto la sua teoria per spiegare questo fenomeno.	1846864	Wahrscheinlich wird jeder Wissenschaftler seine eigene Theorie zur Erklärung dieses Phänomens entwickeln.
1846946	Nel corso del progetto il ricercatore svilupperà tecniche di analisi.	1846949	Im Laufe des Projekts wird der Forscher Analysetechniken entwickeln.
1846946	Nel corso del progetto il ricercatore svilupperà tecniche di analisi.	1846950	Während der Laufzeit des Projekts wird der Forscher Analysetechniken entwickeln.
1847087	Cosa intendi con la parola talento?	1847090	Was meinst du mit dem Wort „Talent“?
1847087	Cosa intendi con la parola talento?	1847093	Was bedeutet für dich das Wort „Talent“?
1847087	Cosa intendi con la parola talento?	1847118	Was verstehst du unter „Talent“?
1847429	Parola d'ordine?	1847438	Passwort?
1847941	Questo processo deve essere assicurato da regole certe e trasparenti.	1847942	Dieser Prozess muss durch klare und transparente Regeln abgesichert werden.
1847953	Ma c'è un problema.	1847954	Aber es gibt ein Problem.
1848318	Anche i tedeschi hanno il senso dell'umorismo.	1848320	Auch die Deutschen haben Humor.
1848318	Anche i tedeschi hanno il senso dell'umorismo.	1848332	Auch die Deutschen haben einen Sinn für Humor.
1848234	Tutti ridono ma nessuno mi spiega cosa è successo.	1848434	Alle lachen, aber niemand erklärt mir, was geschehen ist.
1848856	Tutti sanno che gli elefanti hanno le orecchie grandi.	1848860	Alle wissen, dass Elefantenohren groß sind.
1848873	Gli elefanti hanno due orecchie enormi.	1848875	Die Elefanten haben zwei riesige Ohren.
1850019	Sei la mia salvezza!	1850023	Du bist meine Rettung!
1850534	La vita diventa sempre più complessa.	1850538	Das Leben wird immer komplexer.
1124057	Onestamente, dov'è la differenza con Trenitalia?	1852548	Jetzt mal ehrlich, wo ist der Unterschied zu Trenitalia?
1086413	Dimmi di chi avete parlato.	1852581	Sag mir, von wem ihr gesprochen habt.
1032305	Questo libro era facile.	1852702	Dieses Buch war einfach.
376546	Bill ha scritto la lettera.	1852795	Bill hat den Brief geschrieben.
1062388	Sembrate molto stanche.	1852843	Ihr seht sehr müde aus.
968101	Non ho studiato nessuna delle lingue.	1852869	Ich habe keine der Sprachen studiert.
1853010	Sai che la gru è un uccello migratore capace di sollevare fino a cento chili?	1853016	Weißt du, dass der Kranich ein Zugvogel ist und fähig, bis zu einhundert Kilogramm zu heben?
1853008	Sai che gli elefanti hanno due orecchie enormi ma tanto non ti capiscono lo stesso?	1853017	Weißt du, dass die Elefanten zwei riesige Ohren haben, dich aber trotzdem nicht verstehen?
1853816	Le tue argomentazioni sono convincenti e ben formulate.	1853820	Deine Argumentation ist überzeugend und gut formuliert.
1853816	Le tue argomentazioni sono convincenti e ben formulate.	1853821	Deine Argumente sind überzeugend und gut formuliert.
1853822	Dalla struttura delle frasi e dall'elenco delle parole si vede che sai molto bene il tedesco.	1853824	Am Satzbau und an der Wortwahl kann man erkennen, dass du sehr gut Deutsch kannst.
1853822	Dalla struttura delle frasi e dall'elenco delle parole si vede che sai molto bene il tedesco.	1853827	Aus der Struktur der Sätze und der Wahl der Wörter kann man ersehen, dass du die deutsche Sprache sehr gut beherrschst.
1853828	Mi piace come tu descrivi le emozioni e i pensieri della madre.	1853830	Mir gefällt, wie du die Gefühle und Gedanken der Mutter beschreibst.
1853831	Ho notato solo pochissimi errori.	1853832	Ich habe nur sehr wenige Fehler bemerkt.
1853834	Purtroppo ho dimenticato quasi tutto.	1853836	Leider habe ich fast alles vergessen.
1063966	Sono solo lacrime di coccodrillo.	1854266	Das sind nur Krokodilstränen.
992747	La casa dei miei nonni è stata abbattuta durante i bombardamenti.	1854286	Das Haus meiner Großeltern wurde bei den Bombardements zerstört.
1646011	Io non ho molti fratelli.	1854367	Ich habe nicht viele Brüder.
1854849	Il mio abbonamento scade a maggio.	1854859	Mein Abonnement läuft im Mai aus.
1128561	Sto vivendo un'esperienza mistica.	1855824	Ich erlebe gerade eine mystische Erfahrung.
859484	Dio lo vuole.	1855830	Gott will es.
777788	Chi è quell’uomo? Lo conosci?	1855870	Wer ist dieser Mann? Kennst du ihn?
376651	Posso avere più latte?	1855887	Kann ich noch mehr Milch haben?
376651	Posso avere più latte?	1855888	Kann ich noch Milch haben?
1125683	Sa giocare a tennis molto bene.	1855908	Sie spielen sehr gut Tennis.
1237826	Tom è venuto qui un'ora prima di Mary.	1855946	Tom ist eine Stunde vor Mary hierher gekommen.
390653	Ha accelerato.	1855953	Er hat beschleunigt.
390653	Ha accelerato.	1855955	Sie hat beschleunigt.
390653	Ha accelerato.	1855957	Sie haben beschleunigt.
390653	Ha accelerato.	1855958	Er hat Gas gegeben.
390653	Ha accelerato.	1855959	Sie hat Gas gegeben.
390653	Ha accelerato.	1855960	Sie haben Gas gegeben.
1096686	Di solito mi alzo alle cinque in quei giorni.	1855966	An diesen Tagen stehe ich normalerweise um fünf auf.
1662445	Eravamo tutte presenti alla riunione.	1856080	Wir waren alle bei der Besprechung dabei.
1662445	Eravamo tutte presenti alla riunione.	1856081	Wir haben alle an der Besprechung teilgenommen.
826568	Questa connessione è troppo lenta per me per guardare film.	1856098	Diese Verbindung ist zu langsam für mich, um Filme zu gucken.
943533	L'inglese è sempre considerato una lingua internazionale.	1856107	Englisch wird immer als internationale Sprache betrachtet.
841267	Nessuno gli dava alcuna chance.	1856129	Keiner gab ihm eine Chance.
841267	Nessuno gli dava alcuna chance.	1856131	Keiner gab ihr eine Chance.
841951	L'annunciatrice può parlare rapidamente.	1856365	Die Ansagerin kann schnell sprechen.
1049477	È una statua di dimensioni naturali.	1856376	Es ist eine Statue in Lebensgröße.
1464038	Fai la tua scelta.	1856390	Triff deine Wahl.
762892	Puoi dirmi come arrivare lì?	1856473	Kannst du mir sagen, wie ich da hinkomme?
1856768	Dobbiamo ridare all'Europa un significato preciso e coinvolgente, grazie al quale la dinamica istituzionale ne uscirà alleggerita.	1856771	Wir müssen Europa wieder einen einen klaren und mobilisierenden Sinn geben, so dass die institutionelle Dynamik weniger belastet voranschreiten kann.
1856831	Io le trovo sbagliate entrambe, come tutte le generalizzazioni.	1856839	Ich finde sie alle beide verkehrt, wie alle Verallgemeinerungen.
1856829	Non potevo far sentire la mia voce per il baccano.	1856845	Es gelang mir nicht, mit meiner Stimme den Lärm zu übertönen.
1857353	Vorrei invitarti a buttare un occhio su questa frase.	1857355	Ich möchte dich einladen, einen Blick auf diesen Satz zu werfen.
1857363	Devi acquisire al più presto una buona conoscenza dell'inglese commerciale.	1857382	Du solltest so bald wie möglich sichere Kenntnisse im Geschäftsenglisch erwerben.
1857362	Non voglio acquistare quella casa da lui.	1857407	Ich möchte ihm das Haus nicht abkaufen.
1857420	Sono alla ricerca della lingua perduta.	1857427	Ich bin auf der Suche nach der verlorengegangen Sprache.
1038778	Per quanto posso ricordare, lui non ha detto così.	1857720	Soweit ich mich erinnern kann, hat er das nicht so gesagt.
1857972	Che importanza ha se ha insultato qualcuno?	1857981	Welche Wichtigkeit hat es, ob er jemanden beleidigt hat?
1858602	Andiamo in un altro posto!	1858607	Lass uns woandershin gehen!
1859895	Resta da vedere quando.	1859896	Bleibt nur die Frage „Wann?“
1859895	Resta da vedere quando.	1859897	Es fragt sich nur „Wann?“
1859961	Il punto di partenza delle riflessioni di pianificazione è la interpretazione della forma del quadrato.	1859963	Der Ausgangspunkt der Planungsüberlegungen ist die Interpretation der Form des Quadrates.
1860236	Il comitato di pianificazione urbana ha accettato la nostra proposta.	1860239	Der Stadtplanungsausschuss hat unseren Vorschlag angenommen.
1860236	Il comitato di pianificazione urbana ha accettato la nostra proposta.	1860240	Der Ausschuss für Stadtplanung hat unseren Vorschlag akzeptiert.
1860299	Marco prese le sue cose e uscì.	1860310	Marco nahm seine Sachen und ging.
1087212	Non importa che sia finita ma che sia stato qualcosa per cui valga la pena di aver vissuto.	1862984	Es ist nicht wichtig, dass es beendet ist, sondern dass es etwas war, wofür es sich zu leben gelohnt hat.
837822	Hanno avuto piogge forti per più di una settimana.	1863033	Sie hatten über eine Woche lang starken Regen.
911129	Buongiorno, come posso aiutarvi?	1863047	Guten Tag, wie kann ich Ihnen helfen?
1552660	Uno parla inglese e l'altro giapponese.	1863054	Der eine spricht Englisch, der andere Japanisch.
1517850	Metta in ordine la sua stanza.	1863056	Räum dein Zimmer auf.
1464005	La porta era chiusa a chiave e non potevamo entrare.	1863074	Die Tür war abgeschlossen und wir konnten nicht hinein.
1124113	Mi ha detto un piccolo segreto a proposito di sua madre.	1863093	Er hat mir ein kleines Geheimnis über seine Mutter verraten.
1124113	Mi ha detto un piccolo segreto a proposito di sua madre.	1863095	Sie hat mir ein kleines Geheimnis über ihre Mutter verraten.
1107170	Io e te dovremo parlare a quattr'occhi il prima possibile.	1863102	Du und ich müssen uns so bald wie möglich unter vier Augen unterhalten.
1199637	La ragazza aveva paura di saltare giù dal tetto.	1863131	Das Mädchen hatte Angst, vom Dach zu springen.
1332714	Buon compleanno.	1863135	Herzliche Glückwünsche zum Geburtstag!
1137709	Noi non dimentichiamo.	1863239	Wir vergessen nicht.
374185	Ultimamente piove sempre.	1863254	In letzter Zeit regnet es dauernd.
975419	Ordiniamo due bottiglie.	1863261	Lass uns zwei Flaschen bestellen.
975419	Ordiniamo due bottiglie.	1863262	Wir bestellen zwei Flaschen.
1523319	Lui l'ha fatto di nuovo.	1863292	Er hat es schon wieder getan.
1864487	Vorrei comprare una casa al mare.	1864495	Ich möchte ein Haus am Meer kaufen.
965304	Apprezzo davvero la tua gentilezza.	1864920	Ich weiß deine Freundlichkeit wirklich zu schätzen.
1321958	Cosa ti diceva il messaggio?	1865038	Was hast du der Nachricht entnommen?
1170104	Tom è venuto a Boston nel 2001.	1865103	Tom ist 2001 nach Boston gekommen.
1688579	Arrivederci, Marco!	1865120	Auf Wiedersehen, Marco!
1203140	La signorina Kanda sa nuotare bene.	1865246	Frau Kanda kann gut schwimmen.
1741383	Io provavo a parlare in cinese e il signor Wang provava a parlare in francese.	1865290	Ich versuchte, Chinesisch zu sprechen, und Herr Wang versuchte, Französisch zu sprechen.
1766408	Questo discorso è molto buono.	1865309	Diese Rede ist sehr gut.
1276406	Li odio anche io.	1865318	Ich hasse sie auch.
1012575	Siamo sorpresi dalle notizie.	1865414	Die Nachrichten haben uns überrascht.
1543552	Mettilo sul tavolo.	1865446	Leg's auf den Tisch.
728265	Grazie alla vostra stupidità, abbiamo perso la partita.	1865583	Dank Ihrer Dummheit haben wir die Partie verloren.
728265	Grazie alla vostra stupidità, abbiamo perso la partita.	1865584	Dank eurer Dummheit haben wir die Partie verloren.
1865826	Il nuovo privé sta prendendo forma.	1865839	Das neue Separee nimmt Gestalt an.
1865862	Una buona disposizione ad affrontare la crisi è un fattore chiave di successo.	1865871	Die Bereitschaft, sich Krisen zu stellen, ist ein entscheidender Erfolgsfaktor.
1866495	Come si fa a raggiungere un equilibrio tra lavoro e vita privata?	1866498	Wie erreichen wir ein ausgewogenes Verhältnis von Arbeit und Privatleben?
1871464	Hanno dei polmoni anche loro, suppongo.	1871481	Auch sie haben Lungen, vermute ich.
1871480	Ma la verità qual è?	1871490	Aber was ist nun die Wahrheit?
1871479	Ma non era questa pagina ad aver pubblicato analisi di acqua piovana false per sostenere la propria tesi?	1871512	Aber war nicht diese Seite diejenige, welche gefälschte Regenwasseranalysen veröffentlicht hatte, um die eigene These zu untermauern?
1871473	Lui ha chiesto qualche domanda pertinente.	1871542	Er hat einige diesbezügliche Fragen gestellt.
1871638	Ma sono pericolose per la salute queste cose?	1872147	Ist das alles gefährlich für die Gesundheit?
1872401	"Ci siamo allontanati abbastanza dal soggetto." — "Non importa. L'importante è che noi utilizziamo le lingue."	1872407	„Wir sind recht weit vom Thema abgekommen.“ — „Das macht nichts. Die Hauptsache ist, dass wir die Sprachen anwenden.“
1273046	Non mi hai invitata.	1872729	Du hast mich nicht eingeladen.
1201387	Cosa stava cantando Mario?	1872739	Was hat Mario gesungen?
1873261	Son già promessa sposa al mio moroso e non mi servono cammelli.	1873263	Ich bin schon mit meinem Freund verlobt und ich brauche keine Kamele.
1873952	Questi fiori staranno benissimo in un vaso.	1873957	Diese Blumen werden in einer Vase wunderschön aussehen.
1876247	Europa, il gigante economico, è ancora un nano politico.	1876317	Der wirtschaftliche Riese Europa ist noch immer ein politischer Zwerg.
1878305	Sorridiamo perché siamo felici o per comunicare agli altri che siamo felici?	1878317	Lächeln wir weil wir glücklich sind oder um den anderen mitzuteilen, dass wir glücklich sind?
1878452	Se qualcosa può andar male, lo farà.	1878454	Was schiefgehen kann, wird schiefgehen.
1878617	Vorrei chiedervi di prendere in considerazione questa possibilità.	1878619	Ich möchte Sie bitten, diese Möglichkeit zu prüfen.
1878617	Vorrei chiedervi di prendere in considerazione questa possibilità.	1878620	Ich möchte Sie bitten, diese Möglichkeit in Betracht zu ziehen.
1878617	Vorrei chiedervi di prendere in considerazione questa possibilità.	1878621	Ich möchte Sie bitten, diese Möglichkeit in Erwägung zu ziehen.
1878617	Vorrei chiedervi di prendere in considerazione questa possibilità.	1878623	Ich möchte Sie bitten, diese Möglichkeit zu bedenken.
1878617	Vorrei chiedervi di prendere in considerazione questa possibilità.	1878624	Ich möchte Sie bitten, diese Möglichkeit zu erwägen.
712723	Il figlio maggiore di Pompeo fu ucciso, il minore fuggì.	1879014	Der ältere Sohn von Pompeus wurde getötet, der jüngere floh.
1879190	Secondo voi perché non ha funzionato l'esperimento?	1879196	Warum hat eurer Meinung nach das Experiment nicht funktioniert?
1633544	Ti sarò in debito a vita!	1880541	Ich werde immer in deiner Schuld stehen!
1543254	Tom e Mary sono sposati da più di trent'anni.	1880542	Tom und Mary sind seit über dreißig Jahren verheiratet.
1669268	Gliel'avevo detto!	1880559	Ich hatte es ihm gesagt!
1669268	Gliel'avevo detto!	1880560	Ich hatte es ihr gesagt!
1149132	Ne sono convinto.	1880916	Davon bin ich überzeugt.
1098170	È cinese?	1880987	Ist er Chinese?
1098170	È cinese?	1880988	Ist sie Chinesin?
1098170	È cinese?	1880989	Sind Sie Chinese?
1098170	È cinese?	1880990	Sind Sie Chinesin?
1308439	Quanto dista da qui al parco?	1880996	Wie weit ist es von hier bis zum Park?
1289835	Vorrei una ragazza che mi accetti per come sono.	1880998	Ich möchte eine Freundin, die mich so nimmt, wie ich bin.
707734	Avanzamenti in scienza e tecnologia e altre aree della società negli ultimi 100 anni hanno portato alla qualità di vita sia vantaggi che svantaggi.	1881245	Fortschritte in Wissenschaft, Technik und anderen Bereichen der Gesellschaft in den letzten 100 Jahren haben der Lebensqualität sowohl Vorteile als auch Nachteile eingebracht.
1049226	Lei è la segretaria del signor Uda.	1881274	Sie ist die Sekretärin von Herrn Uda.
930227	Per quale società lavorate?	1881483	Für welche Firma arbeitet ihr?
930227	Per quale società lavorate?	1881484	Für welches Unternehmen arbeiten Sie?
1203688	Spero che ti piaccia.	1881514	Ich hoffe, es gefällt dir.
1203688	Spero che ti piaccia.	1881515	Ich hoffe, er gefällt dir.
1203688	Spero che ti piaccia.	1881516	Ich hoffe, sie gefällt dir.
934473	La stanza dei bambini è in disordine.	1881544	Das Kinderzimmer ist unordentlich.
1758683	Hanno fatto di tutto per farmi capire che non avevo alcuna speranza di rivederla.	1881591	Sie haben alles getan, um mir klarzumachen, dass ich keine Chance hatte, sie wiederzusehen.
350617	Quando osservo il mare mi sento calmo.	1884045	Wenn ich das Meer betrachte, fühle ich mich friedlich.
829267	Non riesco a fermarmi a esplorare Tatoeba.	1884054	Ich kann nicht aufhören, auf Tatoeba zu surfen.
1209463	Ma chi era quel tizio che ha fatto irruzione?	1895366	Aber wer war dieser Kerl, der sich hier hereingedrängt hat?
1903758	Se qualcuno ti dice "ci si vede", sta' certo che non vi incontrerete mai.	1903761	Sagt jemand zu dir "man sieht sich", kannst du davon ausgehen, dass ihr euch nie wieder begegnen werdet.
1088896	Faremo un'eccezione nel vostro caso.	1905102	In eurem Fall machen wir eine Ausnahme.
1088896	Faremo un'eccezione nel vostro caso.	1905103	In Ihrem Fall machen wir eine Ausnahme.
1420004	A noi due!	1905124	Auf uns beide!
967937	Cos'era quella cosa che abbiamo fatto stamattina? Un esame?	1905130	Was war das, was wir heute Morgen gemacht haben? Eine Prüfung?
1512700	Sarà di ritorno entro una settimana.	1905271	Er wird innerhalb einer Woche zurück sein.
1512700	Sarà di ritorno entro una settimana.	1905272	Sie wird innerhalb einer Woche zurück sein.
1512700	Sarà di ritorno entro una settimana.	1905273	Sie werden innerhalb einer Woche zurück sein.
799851	Hanno chiuso a chiave l'appartamento.	1905290	Sie haben die Wohnung abgeschlossen.
1905591	Sono andato via quando ho avuto la certezza che non sarebbe stato possibile effettuare gli investimenti necessari per realizzare il progetto.	1905606	Ich ging weg, als ich die Gewissheit hatte, dass es nicht möglich sein würde, die zur Realisierung des Vorhabens erforderlichen Investitionen zu tätigen.
1295829	Scrivere in un diario è una buona abitudine.	1906870	Ein Tagebuch zu führen ist eine gute Angewohnheit.
945961	Quell'automobile è la più bella delle tre.	1907097	Dieses Auto ist das schönste der drei.
1805477	Ecco il cane di Marie.	1907122	Hier ist Maries Hund.
1272393	Chi la pensa così?	1907250	Wer denkt so?
1185218	L'ho saputo troppo tardi.	1907272	Ich habe es zu spät erfahren.
615178	Il ghiaccio diventa acqua quando si scalda.	1907472	Eis wird zu Wasser, wenn es warm wird.
632365	Mio padre va spesso all'estero per lavoro.	1907598	Mein Vater fährt oft dienstlich ins Ausland.
410812	Quando sono tornato a casa, avevo molta fame.	1907615	Als ich nach Hause kam, hatte ich mächtig Hunger.
1910191	I documenti prodotti dai notai servivano a risolvere eventuali dispute giudiziarie.	1910209	Die von den Notoren erstellten Dokumente dienten dazu, eventuelle juristische Streitigkeiten zu lösen.
1910190	Le lettere private sono atti vari e non documenti storici.	1910221	Die privaten Briefe fallen unter „diverse Unterlagen“ und sind keine historischen Dokumente.
1910189	Anche i documenti della Chiesa erano gestiti dai notai ed erano considerati come documenti pubblici.	1910248	Auch die kirchlichen Dokumente wurden von den Notaren verwaltet und wurden als öffentliche Dokumente angesehen.
1910187	Le fonti documentarie sono fonti storiche attendibili.	1910256	Die Quellen für die Dokumente sind glaubwürdige historische Quellen.
1598264	Lavo la macchina davanti casa senza alcun problema.	1910403	Ich wasche das Auto vor dem Haus ohne irgendwelche Probleme.
1822177	Posso chiederti cos'hai visto?	1910530	Darf ich dich fragen, was du gesehen hast?
386809	Siamo marito e moglie.	1910539	Wir sind Mann und Frau.
386809	Siamo marito e moglie.	1910540	Wir sind Eheleute.
386809	Siamo marito e moglie.	1910542	Wir sind ein Ehepaar.
993881	La mia fidanzata è mantovana.	1910919	Meine Verlobte kommt aus Mantua.
1827033	Marco possiede una preziosa collezione di francobolli.	1910996	Marco besitzt eine wertvolle Briefmarkensammlung.
1177759	Tom è un padre eccellente.	1911002	Tom ist ein ausgezeichneter Vater.
1911625	L'uomo che non è in grado di perdonare non è in grado di amare e di trovare la pace con se stesso e con il mondo.	1911639	Ein Mensch, der nicht imstande ist, zu vergeben, ist nicht in der Lage zu lieben und Frieden mit sich selbst und mit der Welt zu schließen.
1912730	Gli studi economici sono influenzati anche dal pensiero di Marx.	1912737	Die ökonomischen Studien sind auch vom Denken Marx' beeinflusst worden.
1912730	Gli studi economici sono influenzati anche dal pensiero di Marx.	1912743	Die ökonomischen Studien sind auch vom Marxschen Denken beeinflusst worden.
1912729	La storia è inclusa tra le scienze umane.	1912745	Die Geschichte gehört zu den Humanwissenschaften.
1912732	È un clima culturale molto ricco, seppur molto confuso.	1912755	Es ist ein sehr reichhaltiges kulturelles Klima, wenngleich auch sehr konfus.
1861793	Lo Yakitori è un piatto giapponese.	1913005	Yakitori ist ein japanisches Gericht.
878507	È evidente a tutti.	1913047	Es ist für alle offensichtlich.
1913513	Ogni cosa ha il suo prezzo.	1913529	Alles hat seinen Preis.
1700527	Aprite il vostro libro a pagina 59.	1913560	Schlagt euer Buch auf Seite 59 auf.
1608729	Forse me l'aveva passata qualche mio amico.	1913565	Vielleicht hatte einer meiner Freunde sie mir gegeben.
1554602	Ti osserva perché ti sta prendendo in giro.	1913586	Er beobachtet dich, weil er dich an der Nase herumführt.
1554602	Ti osserva perché ti sta prendendo in giro.	1913588	Sie beobachtet dich, weil sie dich an der Nase herumführt.
791117	Preferisco mangiare un muffin piuttosto che un dinosauro.	1913813	Ich esse lieber einen Muffin als einen Dinosaurier.
1308312	Studio l'italiano da un mese.	1913871	Ich studiere Italienisch seit einem Monat.
1916270	È giovane, bello e abbronzato.	1916275	Er ist jung, schön und braungebrannt.
1916270	È giovane, bello e abbronzato.	1916283	Er ist jung, gutaussehend und sonnengebräunt.
1916289	Avere disturbi della personalità non significa per forza essere incapaci di intendere e volere.	1916295	An einer Persönlichkeitstörung zu leiden, bedeutet nicht zwangsläufig zu Vorsatz und Willensentscheidung nicht fähig zu sein.
1916323	Biologico non significa per forza "sano".	1916324	Bio bedeutet nicht unbedingt gesund.
1916330	Grande quantità non vuol dire per forza qualità.	1916333	Menge bedeutet nicht unbedingt Qualität.
1916339	Una password efficace non significa per forza sicurezza online.	1916340	Ein geeignetes Passwort bedeutet nicht zwangsläufig sicheres Surfen.
1916345	Dimagrire non significa per forza soffrire.	1916347	Abnehmen heißt nicht zwangsläufig leiden.
1916354	Ma c'è anche un'altra possibilità.	1916358	Aber es gibt noch eine andere Möglichkeit.
1837955	Più invecchiamo, più la nostra memoria peggiora.	1916521	Je älter wir werden, desto mehr lässt unser Gedächtnis nach.
1916576	Non sa quasi nulla di questo problema.	1916580	Sie weiß fast nichts über dieses Problem.
1566316	Io sono innamorato di questa donna.	1916593	Ich bin in diese Frau verliebt.
1916639	All'inizio del film, la ragazza scopre di essere incinta del suo fidanzato nero.	1916657	Zu Beginn des Films macht die junge Frau die Feststellung, dass sie von ihrem farbigen Verlobten schwanger ist.
1919346	È perché ho gli occhi in quel modo.	1919356	Deswegen sind meine Augen so.
1919348	Sono una persona seria!	1919359	Ich bin eine ernst zu nehmende Person!
1919342	Ti ho mandato tutto per posta!	1919360	Ich habe dir alles mit der Post geschickt.
1919313	Hai perso un'occasione per pestarle.	1919363	Ich habe eine Gelegenheit verpasst, ihn zu verprügeln.
1919312	Credo nei valori e nel rispetto.	1919364	Ich glaube an Werte und an Respekt.
1919311	Mi ritengo una persona leale e corretta.	1919368	Ich halte mich für einen aufrichtigen und korrekten Menschen.
1919188	Il video è ancora peggio!	1919375	Das Video ist noch schlechter!
1919187	Sei imbarazzantemente incredibile.	1919379	Du bist einfach unglaublich!
1917653	Solo io posso essere così paziente con te.	1919394	Nur ich kann so geduldig mit dir sein.
1916693	C'è un senso di comunità all'interno delle minoranze.	1919396	Innerhalb von Minderheiten gibt es ein Gefühl der Gemeinsamkeit.
1298933	Voglio fare la sua conoscenza.	1924101	Ich will sie kennenlernen.
1298933	Voglio fare la sua conoscenza.	1924104	Ich will Sie kennenlernen.
1298933	Voglio fare la sua conoscenza.	1924106	Ich will ihn kennenlernen.
1254089	Posso usare il vostro telefono?	1924109	Kann ich mal euer Telefon benutzen?
1083512	Ho accettato con entusiasmo.	1924127	Ich habe mit Begeisterung zugesagt.
1858089	Mi sono dimenticata di chiamarlo oggi.	1924141	Ich habe vergessen, ihn heute anzurufen.
1019755	Sono grigi.	1924351	Sie sind grau.
1566476	Vi consiglio questa lettura.	1924447	Ich empfehle euch diese Lektüre.
1566476	Vi consiglio questa lettura.	1924451	Ich empfehle Ihnen diese Lektüre.
1924829	Io non ho mai sentito niente del genere.	1924838	So was habe ich nie gehört.
1924784	Siete stati fantastici.	1924853	Ihr seid wunderschön gewesen.
1083868	Ha sempre suonato bene il pianoforte, sin da bambino.	1924976	Er hat immer gut Klavier gespielt, schon seit er Kind war.
1083868	Ha sempre suonato bene il pianoforte, sin da bambino.	1924980	Sie hat immer gut Klavier gespielt, schon seit sie Kind war.
1927983	Non ha capito la battuta.	1927986	Sie hat den Witz nicht verstanden.
1858105	È per questo motivo che condivido la notizia.	1928039	Das ist der Grund, warum ich die Neuigkeit weitergebe.
672892	Le macchine sono arrivate là una dopo l'altra.	1928067	Die Autos sind eins nach dem anderen angekommen.
1931563	Dobbiamo assolutamente trovare gli assassini.	1931569	Wir müssen dir Mörder unbedingt finden.
1932960	Supponiamo che questo signore ha fatto un errore.	1932968	Nehmen wir an, dass dieser Herr einen Fehler gemacht hat!
1932960	Supponiamo che questo signore ha fatto un errore.	1932969	Wir nehmen an, dass dieser Herr einen Fehler begangen hat.
967836	Piacere di conoscerti.	1947947	Schön, dich kennenzulernen!
1947916	Si cercava di evangelizzare le nuove popolazioni.	1947991	Es wurde versucht, die neuen Bevölkerungsgruppen zu evangelisieren.
1947866	Solo un bue beve da solo.	1947996	Nur ein Ochse trinkt alleine.
1947812	Io non sono temerario.	1948001	Ich bin nicht tollkühn.
1946479	Mio zio mi ha dato un bel regalo.	1948008	Mein Onkel hat mir ein schönes Geschenk gemacht.
1956538	Non ho motivo di mentirti.	1956546	Ich habe keinen Grund, dich anzulügen.
1958203	La donna è l'enigma più difficile del mondo.	1958222	Die Frau ist das schwierigste Rätsel der Welt.
1912802	Ogni periodo storico è utile.	1963561	Jede Geschichtsepoche ist nützlich.
1738307	Oggi è una bella giornata: il sole è caldo e il cielo è chiaro.	1963934	Heute ist ein schöner Tag: die Sonne ist warm, und der Himmel ist klar.
951749	Tutto ciò che può fare è aspettare.	1968071	Alles was du tun kannst ist warten.
1943761	Per quanto tempo durerà questo freddo?	1968103	Wie lange wird diese Kälte anhalten?
497693	Sembra una proposta abbastanza buona.	1968192	Das scheint mir ein ganz guter Vorschlag zu sein.
1491340	Sei sicuro di ciò?	1968204	Bist du dir dessen sicher?
635127	Sapete a che ora chiude il negozio?	1968275	Wissen Sie, wann das Geschäft schließt?
635127	Sapete a che ora chiude il negozio?	1968276	Wisst ihr, wann der Laden zumacht?
1543115	Avresti dovuto vedere la mostra.	1970626	Du hättest die Ausstellung sehen sollen.
1440790	Io non faccio colazione.	1970674	Ich frühstücke nicht.
378557	Voglio vivere a Kyoto o a Nara.	1970775	Ich will in Kyoto oder Nara leben.
1974563	L'Armenia si chiama "Hayastan" in armeno.	1974573	Armenien heißt "Hayastan" auf Armenisch.
1153082	L'ho informata del mio arrivo.	1984595	Ich habe sie über meine Ankunft in Kenntnis gesetzt.
1111444	Quello è un treno rapido?	1984625	Ist das ein Schnellzug?
1985371	La stanza si riempì di fumo.	1985380	Das Zimmer füllte sich mit Rauch.
1593464	La settimana delle tragedie non è finita.	1986813	Die Woche der Tragödien ist noch nicht vorbei.
794195	Il passato è solo un frammento, un minuscolo frammento di una passata grandezza eroso dal tempo!	1990178	Die Vergangenheit ist nur ein Fragment, ein winziges Bruchstück vergangener Größe, an dem die Zeit genagt hat.
1995040	Non si deve dimenticare che la ricerca ossessiva della felicità è da annoverarsi tra le cause maggiori di infelicità.	1995055	Man darf nicht vergessen, dass die obsessive Suche nach dem Glück zu den Hauptursachen des Unglücklichseins zählt.
996448	Questo è un ottimo vino rosato.	1995060	Das ist ein ausgezeichneter Rosé.
996448	Questo è un ottimo vino rosato.	1995062	Das ist ein ausgezeichneter Roséwein.
2000898	Perché sei venuto qui stamattina?	2001220	Warum bist du heute Morgen hergekommen?
2000897	Non ditelo a nessuno.	2001226	Sag es keinem!
730480	È ritornato a casa tre ore dopo.	2003549	Er ist drei Stunden später nach Hause zurückgekehrt.
2006081	Vorrei fosse tutto uno scherzo.	2006086	Ich wollte, es wäre alles ein Scherz.
2006023	Noi raggiungemmo Londra a mezzanotte.	2006096	Wir erreichten London um Mitternacht.
1821117	Quanti metri ci sono in un kilometro?	2008148	Wie viele Meter hat ein Kilometer?
1718952	Secondo voi è possibile farsi da zero un nuovo gruppo di amici e cambiare radicalmente vita?	2008178	Meinen Sie, dass man aus dem Nichts eine neue Gruppe Freunde finden und sein Leben radikal ändern kann?
1104457	La comprensione reciproca contribuisce alla pace.	2009869	Das gegenseitige Verständnis trägt zum Frieden bei.
1504688	Cosa ne pensa del suo suggerimento?	2009883	Wie denken Sie über seinen Vorschlag?
1504688	Cosa ne pensa del suo suggerimento?	2009884	Was hält er von seinem Vorschlag?
1504688	Cosa ne pensa del suo suggerimento?	2009888	Was denkt sie über ihren Vorschlag?
818095	Ti sento, ma non ti vedo.	2009891	Ich spüre dich, aber ich sehe dich nicht.
844309	Compriamogliene uno.	2020360	Kaufen wir ihm eines!
1210815	Ho studiato tutto il giorno perché domani c'è il compito di inglese.	2021815	Ich habe den ganzen Tag gelernt, weil wir morgen die Englischarbeit schreiben.
993831	Si sente male oggi.	2021837	Er fühlt sich heute schlecht.
1613686	Ho appena fatto la foto.	2021862	Ich habe gerade erst das Foto gemacht.
867718	Kylie Minogue è la migliore cantante che io abbia mai sentito!	2022258	Kylie Minogue ist die beste Sängerin, die ich je gehört habe!
2022773	Vi piace la cucina giapponese?	2023515	Mögt ihr die japanische Küche?
1760808	Non dovete essere nervosi per l'esame di domani.	2024312	Ihr dürft wegen der morgigen Prüfung nicht nervös sein.
1574452	Tom riconobbe il vecchio uomo, però non conosceva il suo nome.	2026767	Tom erkannte den alten Mann, aber er wusste seinen Namen nicht.
1574452	Tom riconobbe il vecchio uomo, però non conosceva il suo nome.	2026768	Tom erkannte den alten Mann, aber er kannte seinen Namen nicht.
1415092	Nella mattinata di domani verrà presa una decisione definitiva.	2026771	Morgen im Laufe des Vormittags wird eine endgültige Entscheidung fallen.
1445944	La macchinetta del caffè è rotta.	2026786	Die Kaffeemaschine ist kaputt.
1260080	Smettetela di lamentarvi.	2026847	Hört auf zu meckern.
1260080	Smettetela di lamentarvi.	2026848	Hören Sie auf, sich zu beklagen.
1510827	Mia zia aveva intenzione di farci visita il giorno dopo.	2026987	Meine Tante hatte die Absicht, uns am nächsten Tag zu besuchen.
1510827	Mia zia aveva intenzione di farci visita il giorno dopo.	2026988	Meine Tante beabsichtigte, uns Tags darauf zu besuchen.
1880205	Ho imparato a memoria duemila parole inglesi.	2026992	Ich habe zweitausend englische Wörter auswendig gelernt.
992944	Dovete lasciarci un acconto.	2026994	Ihr müsst eine Anzahlung machen.
992944	Dovete lasciarci un acconto.	2026995	Sie müssen eine Anzahlung leisten.
1189567	Io e lui la pensiamo diversamente, però non sono io quella che sbaglia.	2027496	Er und ich denken darüber verschieden, doch nicht ich bin der, der irrt.
1185178	Essendo stanco, andò a letto prima del solito.	2028907	Da er müde war, ging er früher als gewohnt zu Bett.
2028917	È rimasto ferito nella battaglia.	2028919	Er wurde während der Schlacht verwundet.
1419415	Io non ho inserito quell'opzione.	2030839	Ich habe diese Option nicht eingefügt.
1969479	Peccato che non ho un centesimo a disposizione.	2030841	Schade, dass ich keinen Cent zur Verfügung habe.
1535722	È previsto un laboratorio di rilievo e analisi ambientale.	2030852	Es ist ein Labor für Erhebungen und Analysen im Bereich Umwelt vorgesehen.
1338379	Scusami per l'altra volta.	2030854	Entschuldigung wegen letztes Mal.
880157	Corri più velocemente, altrimenti perderai il treno.	2030856	Lauf schneller, sonst verpasst du den Zug.
381843	Potresti portarmi un Time Magazine?	2030859	Könntest du mir eine Nummer des Time Magazine bringen?
2030896	Fece una brusca svolta a destra.	2030900	Er vollzog eine scharfe Wendung nach rechts.
1633177	Tom è stato cacciato fuori dal bar la scorsa notte.	2031246	Tom wurde letzte Nacht aus der Bar geschmissen.
1964027	È possible che Re Alberto abbia una relazione segreta con la Principessa Diana? Io non credo. Lui è troppo grasso.	2031273	Kann es sein, dass König Albert ein geheimes Verhältnis mit Prinzessin Diana hat? Ich glaube nicht. Er ist zu dick.
1110107	Lo so tutto a memoria!	2031288	Ich weiß das alles auswendig!
1350860	Nobuhiko Takada perse contro Hikson Grasy.	2031291	Nobuhiko Takada verlor gegen Hikson Grasy.
862193	Cordiali saluti.	2031416	Mit freundlichen Grüßen
1900582	Dov'è uno specchio?	2031435	Wo ist ein Spiegel?
1531888	Io sono andato a un negozio di scarpe ieri.	2031448	Ich bin gestern zu einem Schuhgeschäft gegangen.
417526	Puoi vedere il mare alla tua destra.	2031476	Zu deiner Rechten kannst du das Meer sehen.
1671820	Lei va ad una scuola per sordi.	2031481	Sie geht in eine Gehörlosenschule.
1723218	Possiate voi essere sempre felici!	2031492	Möget ihr immer glücklich sein!
1757633	È bello essere tornati!	2031601	Es ist schön, zurück zu sein!
1739327	Siete allergici a qualche medicina?	2031604	Seid ihr gegen irgendwelche Medikamente allergisch?
1739327	Siete allergici a qualche medicina?	2031605	Sind Sie gegen irgendwelche Medikamente allergisch?
1035808	Ho un sacco di cose da fare.	2035946	Ich habe eine Menge zu erledigen.
2031020	Credo che mi stia ammalando.	2035948	Ich glaube, ich werde krank.
2030997	Speriamo che vada tutto per il meglio.	2035951	Hoffen wir, dass sich alles zum Besten wendet.
2038222	Essere ciò che siamo e diventare ciò che siamo capaci di essere, questo è l'unico scopo della vita.	2038224	Das zu sein, was wir sind, und das zu werden, was wir zu sein vermögen, das ist des Lebens einziger Sinn.
724947	Ha offerto una grossa mazzetta al politico.	2038721	Er hat dem Politiker ein hohes Schmiergeld angeboten.
1520612	C'è un limite a tutto.	2038727	Alles hat seine Grenze!
1746593	Dio vi benedica!	2038728	Gott segne euch!
1746593	Dio vi benedica!	2038731	Gott segne Sie!
1488009	Io so di chi è la colpa.	2038732	Ich weiß, wer daran schuld ist.
910276	Questa macchina usata è in vendita.	2038733	Dieser Gebrauchtwagen steht zum Verkauf.
2006242	Io adoro i suoi occhi.	2038734	Ich liebe deine Augen!
350450	Questa stanza è venti piedi per ventiquattro.	2038738	Dieses Zimmer misst zwanzig auf vierundzwanzig Fuss.
2005034	Trova forza nella sua religione.	2038745	Er findet Kraft in seiner Religion.
1099939	Vedo un fiore raro nel vaso.	2038747	Ich sehe eine seltene Blume in der Vase.
2038816	I bambini comprendono tutto.	2038821	Die Kinder verstehen alles.
2038911	I bambini intuiscono cosa accade tra i loro genitori.	2038912	Die Kinder ahnen, was zwischen ihren Eltern vor sich geht.
2038915	I bambini non sono in grado di fare ragionamenti complessi.	2038917	Die Kinder sind zu komplexen Überlegungen nicht fähig.
2038915	I bambini non sono in grado di fare ragionamenti complessi.	2038918	Die Kinder sind nicht in der Lage, komplexe Überlegungen anzustellen.
1543075	Si assomigliano molto tranne che per il colore dei capelli.	2040665	Sie gleichen einander sehr, außer in der Haarfarbe.
2045557	C'è stata una sfilata per dare risalto all'occasione.	2045558	Es gab einen Festzug, um den Anlass zu betonen.
2045565	Tom guadagnava dei soldi suonando la chitarra agli angoli delle strade.	2045566	Tom verdiente Geld damit, dass er an den Strassenecken Gitarre spielte.
1819293	Potrebbe aiutare?	2045928	Könnte er helfen?
1819293	Potrebbe aiutare?	2045929	Könnte sie helfen?
1819293	Potrebbe aiutare?	2045930	Könnte es helfen?
1819293	Potrebbe aiutare?	2045931	Könnten Sie helfen?
2050994	Perché Tom si sta nascondendo?	2051002	Warum versteckt sich Tom?
1438913	Erano già state sconfitte.	2051611	Sie waren schon besiegt worden.
1438913	Erano già state sconfitte.	2051612	Sie wurden schon besiegt.
1438913	Erano già state sconfitte.	2051613	Sie wurden schon geschlagen.
2054193	Tom ha presentato richiesta per ottenere la cittadinanza.	2054197	Tom hat um die Staatsbürgerschaft nachgesucht.
1299391	State andando al campo da tennis?	2054981	Seid ihr gerade zum Tennisplatz unterwegs?
1299391	State andando al campo da tennis?	2054984	Befinden Sie sich auf dem Weg zum Tennisplatz?
1634052	Si è parlato troppo di quel matrimonio.	2054992	Es wurde zu viel von dieser Hochzeit gesprochen.
1122848	C'è qualcuno qua.	2054995	Da ist jemand.
1177705	Tom ti stava aspettando.	2055932	Tom hat auf dich gewartet.
1337550	Il rispetto passa attraverso piccole cose.	2055934	Achtung zeigt sich in kleinen Dingen.
1628206	No significa no.	2056193	Nein heißt nein.
975369	Il ragazzo che sta cantando una canzone è mio fratello.	2056246	Der Junge, der gerade ein Lied singt, ist mein Bruder.
1461326	Qual è la sua canzone preferita da ballare?	2056262	Auf welches Lied tanzen Sie am liebsten?
1461326	Qual è la sua canzone preferita da ballare?	2056263	Auf welches Lied tanzt er am liebsten?
1461326	Qual è la sua canzone preferita da ballare?	2056264	Auf welches Lied tanzt sie am liebsten?
1115619	Ci sono andato per curiosità.	2056268	Ich bin aus Neugier dahin gegangen.
1816181	Non sapete come farlo, vero?	2056333	Ihr wisst nicht, wie ihr es machen müsst, richtig?
1816181	Non sapete come farlo, vero?	2056337	Sie wissen nicht, wie Sie es machen müssen, nicht wahr?
2057127	I nostri scienziati ed imprenditori ci tengono sott'occhio.	2057128	Unsere Wissenschaftler und Unternehmer beobachten das sehr aufmerksam.
2057130	Perfino i programmi di formazione non tengono conto di tale aspetto.	2057131	Selbst in den Ausbildungsprogrammen wird dieser Aspekt nicht berücksichtigt.
2057136	A nostro parere, esse tengono fede alle proprie responsabilità.	2057137	Unserer Ansicht nach werden sie ihrer Verantwortung gerecht.
2057139	Non ho proposto idee che non tengono conto della realtà.	2057140	Ich habe keine Ideen ohne Realitätsbezug vorgeschlagen.
2057139	Non ho proposto idee che non tengono conto della realtà.	2057141	Ich habe keine Ideen vorgeschlagen, die nicht den realen Bedingung Rechnung tragen.
2057144	Perché tengono le loro riunioni a porte chiuse?	2057146	Warum halten Sie ihre Sitzungen hinter geschlossen Türen ab?
2057147	Se proprio ci tengono, sono comunista.	2057148	Wenn das alle hören wollen, bin ich Kommunist.
2057152	Non tengono conto di nessuna esperienza.	2057153	Sie gehen an jeder Erfahrung vorbei.
2057257	Sono molto felice e orgoglioso di quello che sto facendo, mi dà grande soddisfazione.	2057258	Ich bin sehr froh und stolz auf das, was ich tue, und es befriedigt mich sehr.
2057267	Vorrei dire a tutti i miei connazionali che sono molto orgoglioso di essere portoghese.	2057268	Ich möchte allen meinen Landsleuten sagen, dass ich sehr stolz bin, Portugiese zu sein.
2057279	Vedo un cambiamento nel modo di pensare.	2057286	Ich sehe eine Änderung der Denkweise.
654746	Sai di chi è questa auto?	2060803	Weißt du, wem dieser Wagen gehört?
2065340	Questa situazione non è più tollerabile!	2065350	Diese Situation ist nicht mehr hinnehmbar!
2065365	Come hai conosciuto il mio nome?	2065370	Wie hast du meinen Namen erfahren?
2068461	Io amo danzare.	2068471	Ich liebe es zu tanzen.
2068453	La mia fortuna è che le opinioni me le tengo rigorosamente per me, altrimenti anche io avrei fatto una figuraccia oggi.	2068480	Zum Glück behalte ich meine Ansichten rigoros für mich, andernfalls hätte auch ich mich heute gründlich blamiert.
635216	Ci sono molte persone diverse in Europa.	2068774	Es gibt viele verschiedene Leute in Europa.
1417105	Ma che ha in testa certa gente?	2083424	Aber was geht in manchen Leuten vor?
998866	Getta la pistola per terra.	2085763	Wirf die Pistole auf den Boden.
1291139	Questa mattina Tom ha detto che sua sorella è ancora a letto.	2088796	Heute Morgen hat Tom gesagt, dass seine Schwester noch im Bett ist.
1227994	Speriamo almeno in una migliore legge elettorale.	2088799	Hoffen wir zumindest auf ein besseres Wahlgesetz.
1014470	Mi ha fatto attendere molto lì e alla fine non è venuto.	2088826	Er hat mich dort lange warten lassen und ist am Ende nicht gekommen.
1014470	Mi ha fatto attendere molto lì e alla fine non è venuto.	2088828	Sie haben mich dort lange warten lassen und sind am Ende nicht gekommen.
1519757	Puoi denunciarmi.	2088841	Du kannst mich denunzieren.
1519757	Puoi denunciarmi.	2088844	Du kannst mich anzeigen.
1519757	Puoi denunciarmi.	2088845	Du kannst mich verpetzen.
1803353	Io infatti pensavo a un cambio radicale.	2089194	Ich dachte in der Tat an einen radikalen Wechsel.
1990050	Lei che cos'ha bevuto?	2089209	Was hat sie getrunken?
1470000	Mi sento molto uomo.	2089287	Ich fühle mich sehr männlich.
401632	Non ci sono dubbi che lo ami, ma non lo sposerà.	2090477	Sie liebt ihn zweifellos, aber sie wird ihn nicht heiraten.
401632	Non ci sono dubbi che lo ami, ma non lo sposerà.	2090478	Es steht außer Zweifel, dass er ihn liebt, aber er wird ihn nicht heiraten.
2018458	Tom è un giovane cantore.	2090483	Tom ist ein junger Sänger.
1003890	Prendete questo o quello.	2090485	Nehmt dies oder das.
1003890	Prendete questo o quello.	2090486	Nehmen Sie dieses oder jenes.
1592229	Continua a piovere.	2090493	Es regnet weiter.
1228141	Ma guardi quei colori!	2090498	Aber schauen Sie nur diese Farben!
1116875	L'autunno sta finalmente arrivando!	2090501	Der Herbst kommt endlich!
1327084	Non te la voglio proprio mandare.	2095143	Ich will es dir eigentlich nicht schicken.
1535373	Il treno era già partito quando sono arrivato in stazione.	2095160	Der Zug war schon abgefahren, als ich zum Bahnhof kam.
1535373	Il treno era già partito quando sono arrivato in stazione.	2095161	Der Zug war schon weg, als ich am Bahnhof ankam.
1082084	Prometti di non dimenticarmi?	2095303	Versprichst du, mich nicht zu vergessen?
2090606	Se un uomo salisse in cielo e contemplasse la natura dell'universo e la bellezza degli astri, la meraviglia di tale visione non gli darebbe la gioia più intensa, come dovrebbe, ma quasi un dispiacere, perché non avrebbe nessuno cui raccontarla.	2097291	Wenn ein Mensch sich in den Himmel erheben würde und die Natur des Universums und die Schönheit der Sterne betrachtete, würde ihm das Wunder dieses Anblicks nicht die höchste Freude bereiten, wie zu erwarten wäre, sondern eher ein Unbehagen, weil er dort niemanden hätte, dem er davon erzählen könnte.
996704	Sono una pallavolista.	2099099	Ich bin Volleyballspielerin.
2099103	È un'immagine bellissima!	2099114	Es ist ein sehr schönes Bild!
2099103	È un'immagine bellissima!	2099115	Es ist ein wunderschönes Bild!
1005906	In montagna è sempre inverno.	2099207	Im Gebirge ist es immer Winter.
2112389	Il Paese ha come caratteristica principale la sua grandezza.	2112391	Das prägendste Merkmal des Landes ist seine Größe.
2115793	L'inferno ti sta aspettando.	2115794	Auf dich wartet die Hölle.
1952697	Non te lo puoi permettere.	2118573	Du kannst dir das nicht erlauben.
1369175	Meglio essere un ubriaco famoso che un alcolista anonimo.	2118593	Lieber ein bekannter Säufer sein als ein anonymer Alkoholiker.
1471968	La prossima domenica mi sposerò.	2118608	Nächsten Sonntag heirate ich.
1471968	La prossima domenica mi sposerò.	2118609	Kommenden Sonntag werde ich heiraten.
617645	Sono stato sufficientemente stupido da crederci.	2120307	Ich war blöd genug, daran zu glauben.
740266	Vi ho invitato a pranzo.	2120353	Ich habe euch zum Mittagessen eingeladen.
740266	Vi ho invitato a pranzo.	2120355	Ich habe Sie zum Mittagessen eingeladen.
1282846	La maggior parte della gente è contro la guerra.	2120416	Die Mehrheit der Leute ist gegen den Krieg.
1111900	Tom dice di saper leggere un libro in francese.	2122069	Tom sagt, dass er ein Buch auf Französisch lesen kann.
1111900	Tom dice di saper leggere un libro in francese.	2122072	Tom sagt, dass er ein französisches Buch lesen kann.
2124136	Purtroppo il mondo è pieno di idioti.	2124141	Leider ist die Welt voller Idioten.
2128825	Adesso va tutto bene.	2128827	Jetzt ist alles in Ordnung.
2129896	Oggi ti chiedo di scongelare il pollo.	2129902	Heute bitte ich dich, das Huhn aufzutauen.
2132797	Non ho capito i collegamenti.	2132978	Ich habe die Verbindungen nicht verstanden.
1405216	Voglio il caldo!	2133129	Ich will Wärme!
1562010	Che ha fatto con i miei bagagli?	2133232	Was hat er mit meinem Gepäck gemacht?
1562010	Che ha fatto con i miei bagagli?	2133233	Was hat sie mit meinem Gepäck gemacht?
607393	Per piacere dimmi come si scrive il tuo nome.	2133236	Bitte sag mir, wie man deinen Namen schreibt.
1794278	Guardo la televisione tutto il giorno.	2133256	Ich schaue den ganzen Tag fern.
1403035	Hey, cos'è successo?	2135466	He, was ist passiert?
1208113	Di tutta la radiazione che emette un corpo celeste, solo una parte riesce ad attraversare l'atmosfera che circonda il nostro pianeta.	2137422	Von der Gesamtstrahlung, die ein Himmelskörper hervorbringt, gelingt es nur einem Teil, die Atmosphäre zu durchdringen, die unseren Planeten umgibt.
2003694	Voi siete così esigenti.	2143671	Du bist so anspruchsvoll!
1062129	L'amore esiste ancora.	2146063	Es gibt noch Liebe.
1062129	L'amore esiste ancora.	2146064	Die Liebe existiert noch.
1911831	ET, telefono casa.	2146118	E.T. nach Hause telefonieren!
1415893	Tanta gente dovrebbe andare dallo psicologo.	2147753	Eine Menge Leute müssten zum Psychologen gehen.
2151365	Oggi abbiamo incontrato i ministri degli Affari esteri degli Stati arabi.	2151369	Heute haben wir uns mit den Außenministern der arabischen Staaten getroffen.
2154223	Non andrò in vacanza a luglio, ci andrò a settembre.	2154226	Ich werde nicht im Juli in Urlaub fahren, sondern im September.
2160635	E quelle furono le sue ultime parole.	2161106	Und diese waren seine letzten Worte.
2162805	Da tempo avevo in mente di trattare un argomento che a me sembra interessante e stimolante.	2162808	Seit einiger Zeit trage ich mich mit dem Gedanken, ein Thema zu behandeln, das mir interessant und anregend erscheint.
2162897	Ciò è molto sorprendente per varie ragioni.	2162898	Dies ist aus mehreren Gründen sehr überraschend.
2163417	Per lui è una questione di principio rispondere sinceramente alle tue domande.	2163418	Es ist für ihn eine Prinzipienfrage, deine Fragen ehrlich zu beantworten.
2169884	La parte che ci interessa è questa.	2169886	Der Teil, der uns interessiert, ist dieser.
2169993	Questo è un processo iterativo.	2169994	Das ist ein iterativer Prozess.
2170367	Imparare bene una lingua richiede un sacco di tempo e grandi sforzi.	2170374	Eine Sprache gut zu lernen, erfordert eine Menge Zeit und große Kraftanstrengungen.
1584593	Io stavo uscendo di casa quando iniziò a piovere.	2172956	Ich war gerade dabei, das Haus zu verlassen, als es anfing zu regnen.
962400	L'uomo pianifica, ma gli dei decidono.	2173196	Der Mensch plant, doch die Götter entscheiden.
2173200	La pianificazione del nostro stabilimento la lasciamo ad un architteto.	2173201	Die Planung unserer Anlage überlassen wir einem Architekten.
1730803	Io gli telefonerò prima di uscire.	2174902	Ich werde ihn anrufen, bevor ich gehe.
1730803	Io gli telefonerò prima di uscire.	2174903	Ich werde sie anrufen, bevor ich gehe.
1730803	Io gli telefonerò prima di uscire.	2174905	Ich rufe ihn an, bevor ich ausgehe.
1730803	Io gli telefonerò prima di uscire.	2174906	Ich rufe sie an, bevor ich das Haus verlasse.
1006865	Il plasma è il quarto stato della materia.	2174921	Das Plasma ist der vierte Aggregatzustand.
645550	È economico, vero?	2174987	Das ist günstig, nicht wahr?
2095152	Per che ora abbiamo prenotato?	2175104	Für wie viel Uhr haben wir vorbestellt?
2095152	Per che ora abbiamo prenotato?	2175107	Für wann haben wir vorbestellt?
2095152	Per che ora abbiamo prenotato?	2175110	Für wann haben wir gebucht?
2095152	Per che ora abbiamo prenotato?	2176352	Für wie viel Uhr haben wir gebucht?
1087857	Il Brasile è la mia patria.	2176602	Brasilien ist mein Vaterland.
1873270	Questo proteggerà la tua pelle.	2176614	Dies wird deine Haut schützen.
2176943	Ci sono molte varianti di zuppa di piselli.	2176944	Es gibt eine große Vielfalt verschiedener Erbsensuppen.
2187673	Il nostro tempo è limitato, per cui non lo dobbiamo sprecare vivendo la vita di qualcun altro. Non facciamoci intrappolare dai dogmi, che vuol dire vivere seguendo i risultati del pensiero di altre persone. Non lasciamo che il rumore delle opinioni altrui offuschi la nostra voce interiore. E, cosa più importante di tutte, dobbiamo avere il coraggio di seguire il nostro cuore e la nostra intuizione.	2187675	Unsere Zeit ist begrenzt, also verschwenden wie sie nicht, indem wir das Leben eines Anderen leben! Lassen wir uns nicht durch Dogmen gefangen nehmen; soll heißen: Folgen wir in unserem Leben nicht Bahnen, die Andere sich ausgedacht haben! Lassen wir nicht zu, dass unsere innere Stimme vom Lärm der Meinungen Anderer übertönt wird. Und, das Wichtigste von allem: Wir müssen den Mut haben, unserem Herzen und unserer Intuition zu folgen.
2192110	Voglio soltanto andarmene a casa.	2192122	Ich will einfach nur nach Hause gehen.
2195132	Copenaghen è una delle città più vivibili al mondo.	2195142	Kopenhagen ist eine der lebenswertesten Städte der Welt.
2195695	Io sono nata nel 1982.	2195700	Ich bin 1982 geboren.
2196042	Può una situazione senza speranza volgersi inaspettatamente a lieto fine?	2196054	Kann sich eine hoffnungslose Situation unerwartet zu einem glücklichen Ende wenden?
2196042	Può una situazione senza speranza volgersi inaspettatamente a lieto fine?	2196063	Kann sich in einer ausweglosen Lage unerwartet ein rettender Ausgang auftun?
2196184	Il segreto della creatività è saper nascondere le proprie fonti.	2196185	Das Geheimnis der Kreativität ist zu wissen, wie man seine Quellen versteckt.
1018724	Abbiamo fede in Dio.	2196642	Wir vertrauen in Gott.
971766	Questa è una legge.	2196643	Das ist ein Gesetz.
806689	Questa è una frase ovvia.	2196682	Dies ist ein offensichtlicher Satz.
1230148	Sono ancora vivo.	2196685	Ich lebe noch.
979581	Si tratta di una triste storia ma sapevo che le sarebbe interessato ascoltarla.	2196713	Es ist eine traurige Geschichte, aber ich wusste, dass es Sie interessieren würde, sie zu hören.
1636728	Gli devi tendere la mano!	2198485	Du musst ihm die Hand reichen!
1636728	Gli devi tendere la mano!	2198486	Du musst ihr die Hand reichen!
2206951	Questi parassiti si riproducono nell'organismo umano.	2206958	Diese Parasiten vermehren sich im menschlichen Organismus.
2206990	Questi parassiti si riproducono molto rapidamente.	2206994	Diese Parasiten vermehren sich sehr rasch.
2207158	Il pollo è l'unico animale che si può mangiare prima che nasca e dopo che è morto.	2207160	Das Huhn ist das einzige Tier, das man vor der Geburt und nach seinem Tod essen kann.
2207704	E chi non lo vorrebbe fare?	2208279	Und wer würde das nicht tun?
2205961	Qualcuno ha un cappello da pirata da prestarmi per stasera?	2208310	Hat jemand einen Piratenhut, den er mir für heute Abend leihen kann?
781726	Sto pensando di andare negli Stati Uniti durante le vacanze estive.	2212381	Ich überlege, in den Sommerferien in die USA zu reisen.
399700	Ho due libri di inglese.	2212455	Ich habe zwei Englischbücher.
2196228	Che abbia fatto una cosa tanto terribile è sicuro.	2212539	Dass er so eine schreckliche Sache getan hat, ist sicher.
2196228	Che abbia fatto una cosa tanto terribile è sicuro.	2212541	Dass sie so eine schreckliche Sache getan hat, ist sicher.
1703600	Anche i bambini riescono a capirlo.	2212575	Selbst Kinder können das verstehen.
2213329	È arrivata l’ora del papa nero.	2213352	Es ist Zeit für einen schwarzen Papst.
2213350	I tempi sono maturi per un papa nero.	2213354	Die Zeit ist reif für einen schwarzen Papst.
2213511	Ho imparato a vedere le situazioni che mi trovo davanti non come problemi, ma come sfide.	2213531	Ich habe gelernt, die Situationen, denen ich mich gegenüber sehe, nicht als Probleme, sondern als Herausforderungen zu betrachten.
2213676	Ogni problema deve stimolarci ad essere creativi, a cercare soluzioni nuove e inaspettate.	2213688	Jedes Problem sollte uns anspornen, kreativ zu sein, und nach neuen und unerwarteten Lösungen zu suchen.
2213722	Non dobbiamo fare l’errore di immaginare l’Africa come un tutt’uno monolitico.	2213752	Wir sollten nicht den Fehler machen, uns Afrika als ein monolithisches Ganzes vorzustellen.
2213893	La logica è altamente sopravvalutata.	2213895	Die Logik wird stark überbewertet.
2213912	Voi quante volte al giorno vi lavate i denti?	2213914	Wie viele Male am Tag putzen Sie die Zähne?
2213924	Perché i diamanti costano più dell’acqua?	2213928	Warum sind Diamanten teurer als Wasser?
842737	100 euro per tutto il giorno.	2215401	Hundert Euro für den ganzen Tag.
889998	Gli hindù e i musulmani sono tutti fratelli.	2215424	Die Hindus und Muslime sind alle Brüder.
990634	Per ora, tutto quello che sappiamo è che Úrsula è morta.	2215511	Im Moment ist alles, was wir wissen, dass Ursula tot ist.
1824581	C'erano così tante cose da fare.	2215543	Es gab so viel zu tun.
612188	Ha comprato un pollo.	2215877	Er hat ein Huhn gekauft.
1559502	Mettitelo bene in testa!	2216014	Präge dir das gut ein!
1564409	Si apriranno nuove prospettive?	2216102	Werden sich neue Perspektiven eröffnen?
2216702	Non riusciva a resistere alla tentazione.	2216716	Sie konnte der Versuchung nicht widerstehen.
2217607	Si tratta inoltre di un sistema molto costoso.	2217608	Das ist zudem ein ausgesprochen teures System.
2217610	Il sistema corrente è molto costoso.	2217611	Das gegenwärtige System ist sehr kostenaufwändig.
719282	Nevica sempre qui in inverno.	2219166	Im Winter schneit es hier immer.
2136315	Domani andrò a Shanghai.	2219312	Morgen gehe ich nach Schanghai.
945942	Le devo 100.000 yen.	2219325	Ich schulde ihr hunderttausend Yen.
948239	Un uomo anziano mi parlò all'improvviso.	2219415	Ein alter Mann sprach mich plötzlich an.
1298937	Oh! Davvero?	2219476	Oh! Wirklich?
1848406	Dovremmo usare le lingue per imparare ad usare le lingue.	2224198	Um die Sprachen anzuwenden zu lernen, müssen wir sie anwenden.
1454894	Si vantano di avere il treno più veloce al mondo.	2224321	Sie rühmen sich, den schnellsten Zug der Welt zu besitzen.
1720945	Non è in grado di fare tutto ciò.	2224618	Ich bin nicht in der Lage all dies zu tun.
2226621	Non possiamo permetterci di sbagliare.	2226622	Wir können es uns nicht erlauben, uns zu irren.
2229415	Ti voglio ringraziare per ciò che hai scritto.	2229416	Ich möchte dir danken für das, was du geschrieben hast.
2229755	Desidero restare anonimo.	2229757	Ich möchte anonym bleiben.
1467681	Pagherai come tutti gli altri.	2231601	Du wirst zahlen wie alle anderen auch.
2231630	Quando ho sentito quella canzone italiana, ho sentito un'ondata di nostalgia.	2231659	Als ich jenes italienische Lied hörte, verspürte ich eine Anwallung von Heimweh.
1687180	Lui mi presentò ai suoi genitori.	2231716	Er stellte mich seinen Eltern vor.
1203184	Cosa ne pensate del reggae?	2231784	Was haltet ihr von Reggae?
1203184	Cosa ne pensate del reggae?	2231785	Wie denken Sie über Reggae?
1757744	È un record mondiale.	2231800	Das ist Weltrekord.
1993156	Sono cose che fanno riflettere.	2231811	Das sind Dinge, die einen nachdenklich machen.
1840649	Ho usato una penna di Marco perché avevo dimenticato a casa la mia.	2231812	Ich habe einen Füller von Marco benutzt, weil ich meinen zu Hause vergessen hatte.
996081	Vivere in un mondo perfetto è solo un'utopia.	2232159	In einer vollkommenen Welt zu leben ist nur eine Utopie.
1131633	Non capiamo niente di quello che dite.	2234731	Wir verstehen nichts von dem, was ihr sagt.
2234752	Mi sento molto stanco.	2234756	Ich fühle mich sehr müde.
1964687	Qualche volta dovremo parlarne con calma.	2234759	Wir sollten mal in Ruhe darüber reden.
1240091	Sono nato in Cina.	2238251	Ich bin in China geboren.
2239652	Vinceremo noi, per fare un'Italia migliore.	2239655	Wir werden siegen, um ein besseres Italien zu schaffen.
2239668	Se piove, piove per tutti.	2239673	Wenn es regnet, regnet es für alle.
2196056	I sondaggisti hanno intervistato 1000 famiglie sulle loro preferenze nei programmi TV.	2244421	Die Meinungsforscher haben tausend Familien zu ihren Vorlieben beim Fernsehprogramm befragt.
992997	Lavoro come addestratore di leoni in un circo.	2244449	Ich arbeite als Löwendompteur im Zirkus.
966175	Tutti sanno che questa sostanza chimica è dannosa per l'uomo.	2244466	Jeder weiß, dass diese Chemikalie schädlich für den Menschen ist.
2254373	Va, pensiero, sull'ali dorate; // va, ti posa sui clivi, sui colli, // ove olezzano tepide e molli // l'aure dolci del suolo natal!	2254435	Schweb' hin, Gedanke Du, auf gold'nem Flügel // Enteile zu dem fernen, teuren Strand, // Wo leis und lind, umduftend Tal und Hügel // Die freie Luft begrüßt mein Vaterland.
425879	Questa pianta è commestibile.	2256189	Diese Pflanze ist zum Verzehr geeignet.
1571039	Tom si è addormentato al volante.	2258036	Tom ist am Steuer eingeschlafen.
1152679	Siamo andati a Roma, dove siamo rimasti una settimana.	2258037	Wir sind nach Rom gefahren, wo wir dann eine Woche geblieben sind.
1083276	È un'ora che sono partiti.	2258714	Sie sind vor einer Stunde gegangen.
2001784	Io ho bisogno di un avvocato.	2259397	Ich brauche einen Anwalt.
1516825	Secondo me ne ha dati lui a loro.	2259974	Meiner Meinung nach hat er ihnen welche gegeben.
1802994	Quelle chiavi non mi appartengono.	2259988	Diese Schlüssel gehören mir nicht.
1300640	Non vive più qui.	2259994	Sie wohnt hier nicht mehr.
740223	Sono ancora innamorata di lui.	2260016	Ich bin noch in ihn verliebt.
1267966	Con questo rumore non sono riuscita a chiudere occhio.	2260025	Bei diesem Krach konnte ich kein Auge zumachen.
2261040	Se le cose stanno così, il prossimo parlamento sarà ingovernabile.	2261041	Liegen die Dinge so, wird das nächste Parlament unregierbar sein.
2261051	Hanno vinto i populisti.	2261052	Die Populisten haben gewonnen.
2261069	Come sapete i risultati sono ancora incerti.	2261073	Wie sie wissen, sind die Ergebnisse noch ungewiss.
2261087	Siamo partiti da zero.	2261088	Wir haben bei Null angefangen.
2169465	Scusatemi per il mio francese.	2262136	Entschuldigt mein Französisch.
2169465	Scusatemi per il mio francese.	2262137	Entschuldigen Sie mein Französisch.
718518	Ora un pollice è precisamente 2,54 centimetri.	2262141	Heute ist ein Zoll genau 2,54 Zentimeter.
2178175	Il nostro aereo parte a mezzogiorno, con arrivo a Okinawa all'1:30.	2262279	Unser Flug geht mittags und kommt um ein Uhr dreißig in Okinawa an.
1671778	Questo è un termine dialettale.	2262298	Das ist ein Dialektausdruck.
1517070	Mia sorella vive presso Yokohama.	2262345	Meine Schwester lebt in der Nähe von Yokohama.
865348	Puoi prolungare la tua permanenza a Tokyo.	2262348	Du kannst deinen Aufenthalt in Tokyo verlängern.
1535794	Ne sai qualcosa, vero?	2262351	Du weißt was darüber, nicht wahr?
1389571	Vai a studiare.	2262372	Geh lernen.
883364	Avete dei piatti regionali?	2262380	Haben Sie lokale Gerichte?
883364	Avete dei piatti regionali?	2262381	Habt ihr lokale Gerichte?
1440871	Dovete lavorare, non pensare.	2262391	Ihr sollt arbeiten, nicht denken.
1440871	Dovete lavorare, non pensare.	2262393	Sie sollen arbeiten, nicht denken.
1183500	Io e questa ditta abbiamo firmato un contratto di 3 anni.	2262397	Diese Firma und ich haben einen Dreijahresvertrag geschlossen.
1720859	Tom ha finalmente superato la sua timidezza e ha chiesto a Mary di uscire con lui.	2262562	Endlich hat Tom seine Schüchternheit überwunden und Mary gefragt, ob sie mit ihm ausgeht.
1616543	Grazie di essere venuto questa sera.	2262568	Danke, dass du heute Abend gekommen bist.
1616543	Grazie di essere venuto questa sera.	2262571	Danke, dass ihr heute Abend gekommen seid.
1616543	Grazie di essere venuto questa sera.	2262573	Danke, dass Sie heute Abend gekommen sind.
1073069	Lei ha incontrato suo zio al negozio.	2262579	Sie hat ihren Onkel im Geschäft getroffen.
1536120	È strano che tu non ne sappia niente.	2262634	Es ist seltsam, dass du nichts darüber weißt.
1426827	C'è qualche differenza tra il tè di Shizuoka e quello di Uzi?	2262638	Gibt es einen Unterschied zwischen dem Tee von Shizuoka und dem von Uzi?
2263503	Mi sembra ragionevole quello che dice Bersani.	2263504	Was Bersani sagt, erscheint mir vernünftig.
2263503	Mi sembra ragionevole quello che dice Bersani.	2263505	Was Bersani sagt, scheint mir vernünftig zu sein.
2263503	Mi sembra ragionevole quello che dice Bersani.	2263508	Mir erscheint vernünftig, was Bersani sagt.
2263517	L'Italia è un paese che sembra ingovernabile.	2263518	Italien ist ein Land, das unregierbar zu sein scheint.
2264895	Questa era una regola ragionevole.	2264904	Das war eine vernünftige Regel.
1850643	I rifugiati in Africa chiedono aiuto.	2272259	Die Flüchtlinge in Afrika bitten um Hilfe.
1300688	Tendiamo a pensare che il nostro tempo sia proprio nostro solo di domenica e durante le vacanze.	2272553	Wir neigen dazu, zu denken, dass unsere Zeit uns nur sonntags und in den Ferien wirklich selbst gehört.
609049	Voglio un po' di soldi.	2272624	Ich will etwas Geld.
1154096	Tom disse a Mary di non aspettare John.	2272645	Tom sagte Mary, sie solle nicht auf John warten.
2274680	Questa è una barbarie.	2274684	Das ist ein Barbarenakt.
2275059	La politica del passo a passo è giunta alla sua fine.	2275064	Die Politik der kleinen Schritte führt nicht mehr weiter.
2275562	Nella giungla brasiliana vediamo come la distruzione della natura procede di pari passo con l’annullamento delle diversità delle società umane.	2275564	Im brasilianischen Urwald sehen wir, wie die Zerstörung der Natur mit der Vernichtung der Vielfalt der menschlichen Gesellschaften Hand in Hand voranschreitet.
2277880	Non lo faranno mai. Stanno solo bluffando per guadagnare tempo.	2277882	Das werden sie nie tun. Sie bluffen nur, um Zeit zu gewinnen.
2278378	Franklin liberò nel corso della sua vita tutti i suoi schiavi.	2278381	Franklin ließ im Laufe seines Lebens alle seine Sklaven frei.
2280228	Tutto va bene fino a quando non arrivano i problemi.	2280229	Alles geht gut, solange es keine Probleme gibt.
2280228	Tutto va bene fino a quando non arrivano i problemi.	2280230	Alles läuft prima, solange es keine Probleme gibt.
1794332	Sono riuscito a prendere l'ultimo autobus per pochi secondi.	2285373	Ich habe den letzten Autobus im letzten Moment noch gekriegt.
2034806	Io penso che dovremmo andare.	2285399	Ich denke, wir sollten gehen.
1551242	A me piacciono veramente i cani.	2287625	Mir gefallen Hunde wirklich gut.
2029058	Ha inventato un nuovo motore che non ha bisogno di benzina.	2287672	Sie hat einen neuen Motor erfunden, der ohne Benzin auskommt.
1543236	Mangio vendetta a colazione, pranzo e cena.	2287699	Ich ernähre mich morgens, mittags und abends von Rache.
1316932	Ho perso le chiavi.	2289579	Ich habe die Schlüssel verloren.
1082661	Negli Stati Uniti ci sono da sempre gravi problemi sociali.	2291376	In den Vereinigten Staaten gibt es seit jeher gravierende soziale Probleme.
1662749	"Dang Me" non era la prima canzone che Roger Miller aveva scritto, però è stato il suo primo grande successo.	2300138	„Dang Me“ war nicht das erste Lied, das Roger Miller geschrieben hatte, aber es war sein erster großer Erfolg.
1761270	Venite dalla Columbia.	2300286	Ihr kommt aus Kolumbien.
1761270	Venite dalla Columbia.	2300287	Sie kommen aus Kolumbien.
1662447	Noi eravamo tutte presenti alla riunione.	2300294	Wir waren alle bei der Besprechung anwesend.
1740370	Quanto è grande la casa di Tom?	2300320	Wie groß ist Toms Haus?
1574467	Vi conoscete?	2300335	Kennt ihr euch?
1574467	Vi conoscete?	2300336	Kennen Sie sich?
1246947	Ho dimenticato il suo indirizzo.	2300364	Ich habe seine Anschrift vergessen.
1246947	Ho dimenticato il suo indirizzo.	2300366	Ich vergaß Ihre Adresse.
1546499	Ramudu è venuto a scuola.	2300390	Ramudu ist in die Schule gekommen.
1546499	Ramudu è venuto a scuola.	2300391	Ramudu kam in die Schule.
617022	Io e Lao Gan Ma abbiamo un rapporto di amore-odio.	2300404	Lao Gan Ma und ich sind in Hassliebe verbunden.
885800	Vai dritto e troverai la stazione.	2300451	Geh einfach geradeaus, dann kommst du zum Bahnhof.
759862	Il dottore ha richiesto al signor Smith di smettere di fumare.	2300457	Der Arzt hat von Herrn Smith verlangt, mit dem Rauchen aufzuhören.
1267873	Tom ha ignorato Mary per tutta la mattina.	2302475	Tom hat Mary den ganzen Vormittag ignoriert.
1720938	Quanti chilometri sono da qui alla stazione ferroviaria?	2302494	Wie viele Kilometer sind es von hier zum Bahnhof?
996849	Posso sentire questa pralina di cioccolato?	2302790	Kann ich diese Schokoladenpraline probieren?
2074915	Tom mi insegnò come cucinare.	2302805	Tom brachte mir Kochen bei.
2074915	Tom mi insegnò come cucinare.	2302808	Tom lehrte mich kochen.
1717908	Gli piace leggere il mio libro di cinese.	2302866	Sie mag es, mein Chinesischbuch zu lesen.
1523897	Sono grata per le vacanze.	2303244	Ich bin dankbar für die Ferien.
645936	Devi solo studiare duramente.	2303304	Du musst nur ordentlich lernen.
2188775	Studiavo musica a Boston prima di tornare in Giappone.	2303364	Ich studierte Musik in Boston, bevor ich nach Japan zurückkehrte.
1083857	Tutto sarà privatizzato già da quest'anno.	2303448	Alles wird schon dieses Jahr privatisiert sein.
409389	L'inglese è utile nel commercio.	2303451	Englisch ist im Geschäftsleben nützlich.
1299356	Questa scuola è nostra.	2305653	Diese Schule ist unsere.
1664193	Ci fidiamo tutte di voi.	2315602	Wir vertrauen euch alle.
1136052	Impara l'italiano.	2319650	Lerne Italienisch.
1361100	L'italiano non è difficile.	2319654	Italienisch ist nicht schwer.
2126215	Il governo centrale di Madrid deve affrontare l'ascesa del nazionalismo catalano.	2323877	Die Zentralregierung in Madrid muss sich dem wachsenden katalanischen Nationalismus stellen.
1438364	Me lo ha detto stamattina.	2323909	Er hat es mir heute Morgen gesagt.
1438364	Me lo ha detto stamattina.	2323910	Sie hat es mir heute Morgen gesagt.
1527560	Lui è abbastanza grande per essere suo padre.	2323987	Er ist alt genug, um sein Vater zu sein.
1053791	La tua scuola è in questa città?	2324003	Ist deine Schule in dieser Stadt?
1053791	La tua scuola è in questa città?	2324004	Gehst du in dieser Stadt zur Schule?
2042020	Che diavolo era quello?!	2324020	Was für ein Teufel war das?
1725797	Lei viene dall'Inghilterra?	2324042	Sie kommen aus England?
1725797	Lei viene dall'Inghilterra?	2324044	Sie kommt aus England?
1062349	Anche lei ama i libri.	2325919	Auch sie liebt Bücher.
1991390	All'epoca abitavano a Nagoya.	2339360	Zu der Zeit wohnten sie in Nagoya.
1217499	Andiamo in autobus.	2339364	Wir nehmen den Bus.
1217499	Andiamo in autobus.	2339365	Nehmen wir den Bus.
1523927	Lui fece tutto quello che potè per proteggere suo figlio.	2339383	Er tat, was er konnte, um seinen Sohn zu beschützen.
1438493	Deve riuscire dove il più grande degli eroi ha fallito.	2342154	Er muss Erfolg haben, wo die größten Helden versagten.
1438493	Deve riuscire dove il più grande degli eroi ha fallito.	2342157	Ihr muss gelingen, woran die größten Helden scheiterten.
1438493	Deve riuscire dove il più grande degli eroi ha fallito.	2342159	Sie müssen schaffen, was den größten Helden nicht gelang.
1419262	Ho scritto mille frasi!	2342225	Ich habe tausend Sätze geschrieben!
1313374	Avanti, si svegli.	2342238	Los, wachen Sie auf.
2056114	Questo non gli piacerà.	2342254	Dies wird ihr nicht gefallen.
1332391	Ti auguro tutto il bene del mondo.	2343691	Ich wünsche dir das Allerbeste.
2205533	Vuoi andare al cinema?	2343728	Willst du ins Kino gehen?
1720844	Qual è il prezzo di quel libro?	2343799	Was ist der Preis dieses Buchs?
1720844	Qual è il prezzo di quel libro?	2343800	Wie teuer ist das Buch?
1062236	Convivo con mio fratello.	2343801	Ich lebe mit meinem Bruder zusammen.
1405148	Riuscite a distinguere Jane dalla sua sorella gemella?	2343823	Könnt ihr Jane von ihrer Zwillingsschwester unterscheiden?
1405148	Riuscite a distinguere Jane dalla sua sorella gemella?	2343827	Können Sie Jane und ihre Zwillingsschwester auseinanderhalten?
2344019	Posso essere sincero?	2344028	Kann ich offen sein?
2351233	Il lago gela durante l'inverno.	2351260	Der See friert im Winter zu.
691396	Devi prendere il toro per le corna!	2353744	Du musst den Stier bei den Hörnern packen!
1622779	Dev'essere stupido a credere a una cosa del genere.	2353951	Sie muss dumm sein, so etwas zu glauben.
1101582	Il sentiero ripido è l'unico accesso al confine.	2364043	Der steile Pfad ist der einzige Zugang zur Grenze.
1585789	Adesso non basta?	2367943	Reicht es jetzt nicht?
2137503	Ti è piaciuta la bicicletta?	2368096	Hat dir das Fahrrad gefallen?
2163407	Amo fare passeggiate nel bosco.	2368104	Ich liebe es, im Wald spazieren zu gehen.
2371789	Dov'è il gatto? È sotto il divano.	2371793	Wo ist die Katze? Sie ist unterm Sofa.
2371795	Perché sorridi? Perché sono felice.	2371797	„Warum lächelst du?“ – „Weil ich glücklich bin.“
1839081	Dove avete passato le vostre vacanze?	2375640	Wohin seid ihr in Urlaub gefahren?
1839081	Dove avete passato le vostre vacanze?	2375641	Wo haben Sie Ihren Urlaub verbracht?
2020272	Non l'ho mai toccato.	2375666	Ich habe es nie berührt.
2020272	Non l'ho mai toccato.	2375667	Ich habe ihn nie angefasst.
1611736	La sua tecnica è superba, ma deve recitare con più espressività.	2375674	Seine Technik ist ausgezeichnet, aber er muss mit mehr Ausdruck rezitieren.
1611736	La sua tecnica è superba, ma deve recitare con più espressività.	2375675	Ihre Technik ist ausgezeichnet, aber sie muss mit mehr Ausdruck rezitieren.
1020619	Con gli scarponi da sci sarei lentissimo.	2378767	Mit den Skischuhen wäre ich am langsamsten.
2349101	Mi pare tu non sia d'accordo.	2378835	Mir scheint, du bist nicht einverstanden.
626949	Il suo fallimento è dovuto alla sua ignoranza.	2381374	Sein Fehlschlag ist seiner Unwissenheit geschuldet.
626949	Il suo fallimento è dovuto alla sua ignoranza.	2381375	Ihr Misslingen beruht auf ihrer Unwissenheit.
1729017	Chiunque può usare questo dizionario.	2381380	Jeder kann dieses Wörterbuch benutzen.
967754	Mi annoio sempre con i film che hanno poca azione.	2381381	Ich langweile mich immer bei Filmen mit wenig Handlung.
967754	Mi annoio sempre con i film che hanno poca azione.	2381382	Filme mit wenig Handlung langweilen mich immer.
2381763	In questo volume troverete tutto ciò che rende unico questo paesaggio.	2381764	In diesem Buch finden Sie alles, was diese Landschaft einzigartig macht.
1276339	Il mio fratellino va a una scuola elementare.	2383130	Mein kleiner Bruder geht in die Grundschule.
2383460	Ho anche una vera e propria bici da corsa.	2383464	Ich habe auch ein richtiges Rennrad.
2383705	Apprezzo i vantaggi che offre la bici.	2383706	Die Vorzüge, die das Fahrrad zu bieten hat, weiß ich zu schätzen.
2383780	La natura è il mio elemento.	2383783	In der Natur fühle ich mich wohl.
2383780	La natura è il mio elemento.	2383786	Die Natur ist mein Element.
2383792	Faccio sport con entusiasmo.	2383794	Ich bin ein begeisterter Sportler.
2383803	La bicicletta è un attrezzo sportivo davvero unico.	2383812	Das Fahrrad ist ein wirklich einzigartiges Sportgerät.
2383866	Quattro anni fa mi sono comprato questa bicicletta.	2383902	Vor vier Jahren kaufte ich mir dieses Fahrrad.
2384487	Tom non ha voglia di lavorare in una scuola.	2384496	Tom mag nicht in einer Schule arbeiten.
1471241	Permettimi di dissentire e, se vuoi, di insegnarti a grigliare.	2391663	Erlaube mir, anderer Meinung zu sein und dir, wenn du willst, das Grillen beizubringen.
1656196	Com'è l'anguilla alla griglia?	2391667	Wie ist der gegrillte Aal?
2394013	I tuoi problemi non mi riguardano.	2394018	Deine Probleme kümmern mich nicht.
2396574	Questo sembra seta.	2396578	Das scheint Seide zu sein.
1225477	Ci mettevo ben 4 ore!	2397088	Ich habe gut vier Stunden damit verbracht!
1630542	Non tutti noi siamo contrari alla sua idea.	2397133	Wir sind nicht alle gegen ihre Idee.
1630542	Non tutti noi siamo contrari alla sua idea.	2397137	Nicht alle von uns stehen Ihrer Idee ablehnend gegenüber.
2398222	Quello che scrivete, e come lo scrivete, può cambiare la vostra vita.	2398223	Was Sie schreiben und wie Sie es schreiben, kann Ihr Leben verändern.
2398373	Una donna ha portato al fotografo una foto del suo defunto marito che indossa un cappello.	2398375	Eine Frau hat dem Fotografen ein Foto ihres verstorbenen Ehemannes gebracht, der einen Hut trägt.
2398374	Questo libro vi aiuterà ad imparare a scrivere in maniera efficace.	2398381	Dieses Buch wird ihnen dabei helfen zu lernen, auf wirksame Weise zu schreiben.
1979810	Lei deve tenersi le mani pulite.	2398537	Sie müssen Ihre Hände sauber halten.
1979810	Lei deve tenersi le mani pulite.	2398538	Sie muss ihre Hände sauber halten.
1512247	Ha già le valigie pronte.	2398543	Er hat die Koffer schon gepackt.
1512247	Ha già le valigie pronte.	2398544	Sie hat die Koffer schon gepackt.
1512247	Ha già le valigie pronte.	2398545	Sie haben die Koffer bereits gepackt.
859600	Un vero viaggio di scoperta non è cercare nuove terre ma avere nuovi occhi.	2398572	Eine echte Entdeckungsreise bedeutet nicht, unbekannte Orte zu suchen, sondern sich mit anderen Augen umzusehen.
1464300	Cosa c'è là da fare?	2398622	Was gibt's zu tun?
1464300	Cosa c'è là da fare?	2398623	Was ist zu machen?
2169682	Sébastien si è sposato tre giorni fa.	2398669	Sébastien hat vor drei Tagen geheiratet.
2399430	Ora hanno paura di perdere influenza.	2399432	Nun haben sie Angst, an Einfluss zu verlieren.
1574226	Non ha detto troppo?	2400344	Hat er nicht zu viel gesagt?
1574226	Non ha detto troppo?	2400345	Hat sie nicht zu viel gesagt?
1574226	Non ha detto troppo?	2400346	Haben Sie nicht zu viel gesagt?
1685654	Io ho già dato l'anno scorso!	2400404	Ich habe schon letztes Jahr gegeben!
726377	La casa ha una sala da pranzo?	2400406	Hat das Haus ein Esszimmer?
1645856	Sembra che lei sia stata ammalata.	2400420	Sie war anscheinend krank.
1264811	Marco porta sempre gli occhiali.	2400421	Marco trägt immer eine Brille.
624956	Ho appena cominciato a giocare a tennis.	2400544	Ich habe gerade erst mit dem Tennisspielen angefangen.
1741485	Avete sentito il discorso di Hillary?	2400641	Habt ihr Hillarys Rede gehört?
1741485	Avete sentito il discorso di Hillary?	2400643	Haben Sie Hillarys Rede gehört?
623371	Perché non facciamo una pausa e beviamo del caffè?	2400670	Warum machen wir nicht eine Pause und trinken einen Kaffee?
2402069	Questo lo dico perché dovremmo sempre spiegare di che cosa stiamo parlando.	2402074	Ich sage dies deshalb, weil wir immer erklären sollten, worüber wir reden.
2407984	Molti studenti vivono l'ansia degli esami.	2407990	Viele Studenten erleben Prüfungsangst.
2408978	Coraggioso non è colui che non conosce la paura, bensì colui che conosce la paura e la supera.	2408985	Mutig ist nicht derjenige, der keine Angst kennt, sondern derjenige, der die Angst kennt und sie überwindet.
1114866	Tom si è offerto di prestarmi dei soldi.	2410833	Tom hat sich angeboten, mir Geld zu leihen.
1114866	Tom si è offerto di prestarmi dei soldi.	2410834	Tom erbot sich, mir Geld zu leihen.
1834652	È il meno caro dei due.	2410839	Das ist das Billigere von den beiden.
1548449	Puoi permetterti di prendere le ferie quest'estate?	2410860	Kannst du dir erlauben, diesen Sommer Urlaub zu nehmen?
1241626	Ci sei sabato?	2411010	Bist du Samstag da?
620978	Mi ha fatto perdere l'autobus.	2411024	Wegen ihm habe ich den Bus verpasst.
620978	Mi ha fatto perdere l'autobus.	2411027	Sie ist schuld, dass ich den Bus nicht gekriegt habe.
620978	Mi ha fatto perdere l'autobus.	2411028	Ihretwegen habe ich den Bus nicht mehr bekommen.
1124005	Tom decise di andare a Boston.	2411042	Tom beschloss, nach Boston zu gehen.
2191192	Tom beve.	2411859	Tom säuft.
2412557	Diventi più comprensiva, lui non è una macchina.	2412559	Du solltest mehr Verständnis aufbringen; er ist doch keine Maschine.
1605493	È inglese.	2415238	Sie ist Engländerin.
1605493	È inglese.	2415239	Sie sind Engländer.
1605493	È inglese.	2415240	Sie sind Engländerin.
1475806	Sono nelle tue mani.	2415251	Sie sind in deinen Händen.
945462	Lo stipendio di un insegnante è minore di quello di un avvocato.	2415273	Das Gehalt eines Lehrers ist kleiner als das eines Anwalts.
378657	Zia Wang, sono io.	2415356	Tante Wang, das bin ich.
2013723	Abbiamo scoperto l'acqua calda!	2415456	Wir haben das heiße Wasser entdeckt!
1681089	È la prima volta che litigo con Mary.	2415491	Das ist das erste Mal, dass ich mit Mary streite.
1525414	Tu non potevi scegliere.	2415495	Du hattest keine Wahl.
2416288	Questo timore è comprensibile.	2416289	Diese Angst ist verständlich.
2416292	I superiori hanno potere su di noi.	2416295	Die Vorgesetzten haben Macht über uns.
2416903	L'economia è in crisi, infatti sono diminuiti i consumi.	2416914	Die Wirtschaft steckt in einer Krise, und tatsächlich ist der Konsum geschrumpft.
381207	A lui piace il jazz, anche a me.	2417098	Er mag Jazz, ich auch.
2159960	La smetta di mentire.	2417119	Hören Sie auf zu lügen.
643237	Voglio che voi stiate dalla signora.	2417136	Ich möchte, dass ihr bei der Dame bleibt.
643237	Voglio che voi stiate dalla signora.	2417137	Ich möchte, dass Sie bei der Dame bleiben.
2417176	Ero malato, perciò non sono potuto venire da te.	2417180	Ich war krank, weshalb ich nicht zu dir kommen konnte.
2417216	Tom e Mary si divisero il costo.	2417226	Tom und Maria teilten sich die Kosten.
2417216	Tom e Mary si divisero il costo.	2417227	Tom und Maria teilten die Kosten unter sich auf.
2417235	Io non sono un filologo.	2417236	Ich bin kein Philologe.
2417323	L'uomo alzò lo sguardo, vide il cielo grigio, sollevò il bavero, s'incamminò.	2417325	Der Mann hob den Blick, sah den grauen Himmel, schlug den Kragen hoch und machte sich auf den Weg.
2417629	Se fossi un uomo buono, parlerei con te molto più spesso.	2417630	Wäre ich ein guter Mensch, würde ich viel öfter mit dir sprechen.
2418464	I soldati possono indossare abiti civili quando escono di sera.	2418470	Die Soldaten dürfen Zivilkleidung tragen, wenn sie abends ausgehen.
2418824	Vivo con mio marito in un paese vicino a Quito.	2418831	Ich lebe mit meinem Ehemann in einem Dorf unweit von Quito.
2418848	La nonna dà dei dolci ai suoi nipoti.	2418851	Die Großmutter gibt ihren Enkeln Süßigkeiten.
2418854	In molti aspetti gli uomini e le donne sono completamente diversi.	2418863	In vielerlei Hinsicht sind Männer und Frauen gänzlich verschieden.
2419071	L'impero britannico si estendeva su tutti i continenti.	2419077	Das Britische Weltreich erstreckte sich über alle Kontinente.
2419128	Si dice che gli italiani siano un popolo allegro e aperto.	2419136	Man sagt, die Italiener seien ein fröhliches und aufgeschlossenes Volk.
2420017	I miei genitori dormono insieme in un letto matrimoniale.	2420020	Meine Eltern schlafen zusammen in einem Ehebett.
2420026	La coppia sta ancora insieme doppo quarant'anni di matrimonio.	2420035	Das Paar ist nach vierzig Jahren Ehe immer noch zusammen.
2420043	I miei nonni vivono con i miei genitori in una casa molto grande.	2420044	Meine Großeltern wohnen zusammen mit meinen Eltern in einem sehr großen Haus.
2420056	Mia sorella è infermiera e mio fratello è medico.	2420063	Meine Schwester ist Krankenschwester und mein Bruder ist Arzt.
2420068	Mia sorella assomiglia a nostra madre, io invece a nostro padre.	2420073	Meine Schwester ähnelt unserer Mutter, doch ich komme nach unserem Vater.
2420076	Mio zio è il fratello di mia madre.	2420077	Mein Onkel ist der Bruder meiner Mutter.
2420086	Mio cugino è il figlio del fratello di mio padre.	2420093	Mein Cousin ist der Sohn des Bruders meines Vaters.
2420094	Mia madre ha una gemella.	2420095	Meine Mutter hat eine Zwillingsschwester.
2420222	Mia nipote, la figlia di mia sorella, è brava a scuola.	2420223	Meine Nichte, die Tochter meiner Schwester, ist gut in der Schule.
2420286	Il marito della vedova è morto cinque anni fa.	2420287	Der Ehemann der Witwe starb vor fünf Jahren.
2420344	Mio fratello è piccolo, ma è cresciuto molto negli ultimi tempi.	2420345	Mein Bruder ist klein, aber in der letzten Zeit ist er viel gewachsen.
2420344	Mio fratello è piccolo, ma è cresciuto molto negli ultimi tempi.	2420346	Mein Bruder ist klein, aber in der letzten Zeit ist er ein ganzes Stück gewachsen.
2420351	Quella donna sa convincere tutti con il suo fascino.	2420363	Diese Frau versteht es mit ihrem Charme, alle zu überzeugen.
2420364	Maria ha una figura slanciata.	2420366	Maria hat eine schlanke Figur.
2420371	A mio nonno piace ricordare i tempi in cui era giovane.	2420372	Mein Großvater erinnert sich gern an seine Jugendzeit.
2420384	A chi di noi non piace essere famoso?	2420386	Wem von uns gefällt es nicht, berühmt zu sein?
2420397	Chi di noi vuole lanciare pietre contro i propri antenati?	2420400	Wer von uns möchte die eigenen Vorfahren mit Steinen bewerfen?
2420402	Quell'articolo rappresenta una incitazione ad uccidere.	2420403	Dieser Artikel stellt einen Mordaufruf dar.
2420402	Quell'articolo rappresenta una incitazione ad uccidere.	2420408	Dieser Artikel stellt eine Aufwiegelung zum Mord dar.
2420843	Tom è grosso e di corporatura robusta.	2420847	Tom ist kräftig und stämmig gebaut.
2420967	Si parla persino di guerra preventiva di Israele contro la Siria.	2420968	Es wird sogar von einem Präventivkrieg Israels gegen Syrien gesprochen.
2421208	Lo amo follemente. Le mani mi tremano sulla tastiera se solo penso al suo fascino. Devo uscire da questa situazione perché mi sto logorando piano piano.	2421214	Ich liebe ihn wie verrückt. Meine Hände zittern beim Tippen, sobald ich nur an seinen Charme denke. Ich muss raus aus dieser Situation, weil ich sonst langsam, aber sicher daran kaputt gehe.
2421226	Non riesco a capire se a lui importa qualcosa di me oppure no.	2421227	Ich habe keine Ahnung, ob ich ihm etwas bedeute, oder nicht.
2421232	È sposato, ha circa quarant'anni e una figlia, ma io ho completamente perso la testa per lui. Ogni volta che mi vede mi fissa sbalordito con la bocca spalancata e mi rendo conto che fa di tutto per farsi notare da me. Cosa devo fare? Sono disperata!	2421239	Er ist verheiratet, um die vierzig, hat eine Tochter, und dennoch habe ich seinetwegen ganz und gar den Verstand verloren. Jedes Mal, wenn er mich sieht, starrt er mich sprachlos mit offenem Mund an, und ich merke, dass er alles tut, um mich auf ihn aufmerksam zu machen. Was soll ich tun? Ich bin verzweifelt!
2421273	Crede che io non capisco la sua tattica.	2421276	Er glaubt, ich durchschaue seine Taktik nicht.
2421301	La sua tattica è più che trasparente.	2421303	Seine Taktik ist mehr als durchsichtig.
2421337	Fa bene a scappare, e prima possibile.	2421342	Sie tun gut daran, sich aus dem Staub zu machen, und zwar so bald wie möglich.
2421396	A volte uno si guarda intorno e quel che vede è un vuoto.	2421398	Manchmal schaut man sich um und sieht nichts als Leere.
2421434	Ho un vago sospetto che sono innamorato di un uomo sposato. Si tratta di te.	2421435	Ich habe einen vagen Verdacht, dass ich mich in einen verheirateten Mann verliebt habe. Es handelt sich um dich.
2421481	Mi pare di conoscerti. Penso che ci siamo già visti.	2421484	Mir ist, als würde ich dich kennen. Ich glaube, wir sind uns schon begegnet.
2421563	Il gruppo scientifico ha sottoposto un elaborato finale, che illustra in modo esauriente la condizione psicosociale dei giovani.	2421564	Die wissenschaftliche Arbeitsgruppe hat einen Abschlussbericht eingereicht, der in ausführlicher Weise die psychosoziale Situation der Jugendlichen veranschaulicht.
2227344	Chi è la ragazza alla porta d'ingresso?	2421653	Wer ist das Mädchen an der Eingangstür?
2421668	Ci deve essere uno scambio di persona. Io non sono Tom.	2421670	Das muss eine Verwechslung sein. Ich bin nicht Tom.
2421668	Ci deve essere uno scambio di persona. Io non sono Tom.	2421672	Hier muss eine Verwechslung vorliegen. Ich bin nicht Tom.
2421668	Ci deve essere uno scambio di persona. Io non sono Tom.	2421674	Es muss sich hier um eine Verwechslung handeln. Ich bin nicht Tom.
2422448	Che cosa gli altri pensano di questo è secondario.	2422450	Was andere Leute darüber denken, ist sekundär.
2422523	Credo che uno escluda l'altro.	2422525	Ich glaube, dass das eine das andere ausschließt.
2422579	Il paese è una stanza piena di aria viziata.	2422580	Das Land ist ein Raum voller Mief.
2422582	La puzza del potere ci ha contagiati. Non sentiamo più il nostro stesso odore.	2422583	Der Gestank der Macht hat uns verseucht. Wir nehmen unseren eigenen Geruch nicht mehr wahr.
2422771	Ci guardiamo allo specchio e ci spaventiamo. Cosa siamo diventati?	2422772	Wir schauen in den Spiegel und erschaudern. Was ist aus uns geworden?
2422783	Da oggi sarà più difficile capire, perché dobbiamo vivere in questo sfascio.	2422784	Von heute an wird es schwieriger sein, zu verstehen, warum wir inmitten dieses Verfalls leben müssen.
2424089	Non sapendo cosa dire, taccio.	2424091	Da ich nicht weiß, was ich sagen soll, schweige ich.
2426536	Le persone affette da schizofrenia hanno difficoltà ad articolare i pensieri.	2426540	Den an Schizophrenie leidenden Personen fällt es schwer, ihre Gedanken in Worte zu fassen.
2426566	Non sono bravo ad articolare i miei pensieri.	2426574	Es gelingt mir nicht gut, meine Gedanken auszudrücken.
2426661	Una vita di solitudine non porta necessariamente solo degli svantaggi.	2426665	Ein Leben in Einsamkeit bringt nicht unbedingt nur Nachteile mit sich.
2426823	Avere una maggior autostima e fiducia in sé stessi non ci rende automaticamente dei supereroi, ma rappresenta il primo passo per affrontare al meglio le sfide di tutti i giorni.	2426833	Ein Mehr an Selbstachtung und Selbstvertrauen macht uns nicht automatisch zu Superhelden, aber es ist der erste Schritt zu einer besseren Bewältigung der Herausforderungen des Alltags.
2426844	Una scarsa autostima può rappresentare un enorme ostacolo nel percorso verso i nostri obiettivi.	2426850	Ein geringes Selbstwertgefühl kann ein enormes Hindernis auf dem Weg zu unseren Zielen sein.
2426968	Il proprio aspetto fisico ed il modo in cui ci vestiamo può avere un importante impatto sulla nostra autostima.	2426970	Unsere physische Erscheinung und die Art, wie wir uns kleiden, können einen großen Einfluss auf unser Selbstwertgefühl haben.
2427032	Ripensa al modo in cui ti pensi.	2427036	Überdenke deine Art zu denken!
2427261	Impara a definire i tuoi obiettivi.	2427263	Lerne, deine Ziele zu definieren!
2427270	Scrivi un diario.	2427271	Führe Tagebuch!
2428070	Nelle famiglie italiane i nonni danno un grosso aiuto nel crescere i bambini.	2428077	In den italienischen Familien sind die Großeltern eine große Hilfe bei der Erziehung der Kinder.
2428070	Nelle famiglie italiane i nonni danno un grosso aiuto nel crescere i bambini.	2428108	In den italienischen Familien leisten die Großeltern eine große Hilfe bei der Kindererziehung.
2428283	La sua attenzione è diretta solo al lato esterno delle cose.	2428284	Sie richtet ihre Aufmerksamkeit lediglich auf die äußere Seite der Dinge.
2428283	La sua attenzione è diretta solo al lato esterno delle cose.	2428285	Ihre Aufmerksamkeit ist lediglich auf die äußere Seite der Dinge gerichtet.
2430105	Nuvole grigio acciaio, dal vento frustate, corrono verso mete sconosciute.	2430107	Vom Winde gepeitscht eilen stahlgraue Wolken unbekannten Zielen entgegen.
2430144	Di che colore sono le pareti della tua casa?	2430145	Welche Farbe haben die Wände deines Hauses?
2430213	Un terzo del territorio svizzero è coperto da foreste.	2430214	Ein Drittel des Territoriums der Schweiz ist von Wäldern bedeckt.
2430339	Dovremo definire una visione chiara per il futuro.	2430350	Wir benötigen eine klare Vision für die Zukunft.
2430339	Dovremo definire una visione chiara per il futuro.	2430352	Wir benötigen eine klare Zukunftsvorstellung.
2430367	I metodi del pensiero positivo sono semplici da imparare.	2430377	Die Methoden des positiven Denkens sind leicht zu erlernen.
2430385	Le convinzioni positive sono le nostre migliori alleate.	2430386	Positive Überzeugungen sind unsere besten Verbündeten.
2430407	Troppe volte in televisione vediamo esempi che vanno in direzione contraria.	2430408	Im Fernsehen sehen wir viel zu oft Beispiele, die in die entgegengesetzte Richtung gehen.
2430413	Prima di tutto ti ringrazio per la fiducia.	2430416	Zunächst einmal danke ich dir für dein Vertrauen.
2430418	I tuoi articoli sono sempre molto chiari e piacevoli da leggere.	2430420	Deine Artikel sind immer sehr klar und angenehm zu lesen.
2431635	Mi prese una tristezza folle.	2431636	Mich hat eine irre Traurigkeit ergriffen.
2433620	Molti non sono in grado di comprendere le leggi.	2433625	Viele sind nicht in der Lage, die Gesetze zu verstehen.
2434923	Mi ha lasciato poco prima del matrimonio, non lo riesco a credere.	2434927	Er hat mich kurz vor der Hochzeit verlassen, ich kann es einfach nicht glauben.
1107267	È improbabile che abbia successo.	2435907	Es ist unwahrscheinlich, dass es ihm gelungen ist.
1107267	È improbabile che abbia successo.	2435909	Es ist unwahrscheinlich, dass sie Erfolg hatte.
2362880	È sicura che Tom non si ricorderà niente?	2435933	Ist es sicher, dass Tom sich an nichts erinnern wird?
2362880	È sicura che Tom non si ricorderà niente?	2435940	Steht es fest, dass Tom keine Erinnerung zurückbehalten wird?
2437167	Vivo in campagna per scelta, e ormai non potrei più fare a meno dell'aria pulita, del verde, del silenzio e dei ritmi di vita a misura d'uomo.	2437181	Ich habe mich entschieden, auf dem Land zu leben, und jetzt möchte ich auf die saubere Luft, das Grün, die Ruhe und den nach menschlichen Maß gestalteten Lebensrhythmus nicht mehr verzichten.
2437233	In questo modo, che genere di segnali mandiamo al mondo che ci circonda?	2437239	Was signalisieren wir damit der Welt, die uns umgibt?
2437990	La conoscenza di una seconda lingua offre al bambino svariate opportunità. Gli permette una comunicazione più ampia, lo mette in contatto con altre culture, favorisce la sua apertura mentale e il suo senso della tolleranza, stimola la sua creatività, migliora la stima di sé, migliora la sua capacità di relazioni sociali. L'uso in famiglia di una seconda lingua arricchisce l'ambiente del bambino di stimoli che favoriscono il suo sviluppo intellettivo.	2437999	Die Kenntnis einer zweiten Sprache bietet dem Kind vielfältige Möglichkeiten. Sie ermöglicht eine umfassendere Kommunikation, bringt es in Kontakt mit anderen Kulturen, fördert seine Aufgeschlossenheit und seinen Sinn für Toleranz, regt seine Kreativität an, verbessert sein Selbstwertgefühl und seine soziale Kompetenz. Der Gebrauch einer zweiten Sprache in der Familie bereichert die Umgebung des Kindes mit Reizen, die seine geistige Entwicklung begünstigen.
2438138	L’apprendimento di una lingua va molto al di là di una sfida intellettuale e cognitiva, è un mezzo per crescere e maturare attraverso l'esperienza di altre culture. Allarga i nostri orizzonti e approfondisce la nostra personalità, ci permette un diverso approccio ai problemi perché abbiamo sperimentato mondi diversi, ci permette, come dice Proust, di vedere con occhi nuovi.	2438141	Das Erlernen einer Sprache ist weit mehr als eine intellektuell-kognitive Herausforderung. Es ist ein Mittel, um zu wachsen und durch die Erfahrung anderer Kulturen zu reifen. Es erweitert unseren Horizont und vertieft unsere Persönlichkeit. Es erlaubt uns eine andere Herangehensweise an die Probleme, weil wir verschiedene Welten erfahren haben, und ermöglicht es uns, wie Proust sagt, mit neuen Augen zu sehen.
2438154	Il monolinguismo rappresenta un impoverimento.	2438155	Einsprachigkeit bedeutet Verarmung.
2438156	Sembra che il cervello umano sia strutturato per parlare più lingue.	2438157	Es scheint, dass das menschliche Gehirn für das Sprechen mehrerer Sprachen ausgelegt ist.
2438208	Gli esperantisti sono tra i più convinti difensori del valore della diversità delle culture.	2438214	Die Esperantisten gehören zu den überzeugtesten Verteidigern der Vielfalt der Kulturen.
2439005	Il compito della diplomazia consiste nel rappresentare gli interessi di uno Stato e condurre negoziati tra più parti.	2439006	Die Aufgabe der Diplomatie ist es, die Interessen eines Staates zu vertreten und Verhandlungen zwischen mehreren Parteien zu führen.
2439009	La diplomazia è l'arte di trattare, per conto dello Stato, affari di politica internazionale.	2439010	Die Diplomatie ist die Kunst, sich von Staats wegen mit Angelegenheiten der internationalen Politik zu befassen.
2439027	In ambedue le definizioni è nascosta una contraddizione.	2439028	In beiden Definitionen verbirgt sich ein Widerspruch.
2439081	Noi siamo andati in pizzeria, loro invece sono andati al cinema.	2439093	Wir sind in eine Pizzeria, sie indessen ins Kino gegangen.
2439816	Queste accuse sono ridicole.	2439825	Diese Anschuldigungen sind lächerlich.
2440335	Un fungo è cresciuto all'interno di una bottiglia di vetro lasciata da qualcuno a terra nel bosco.	2440337	Ein Pilz ist in einer Glasflasche gewachsen, die von jemandem auf dem Waldboden zurückgelassen wurde.
2440370	Il manoscritto sarà ritrovato all'interno di una bottiglia.	2440372	Das Manuskript wird im Inneren einer Flasche wiedergefunden werden.
2440761	Tom, dobbiamo fare qualcosa.	2440779	Wir müssen etwas tun, Tom.
2443781	Continuo a esercitare il mio mandato fino all'ultimo giorno.	2443792	Ich werde mein Mandat bis zum letzten Tag ausüben.
2443781	Continuo a esercitare il mio mandato fino all'ultimo giorno.	2443795	Ich werde die Ausübung meines Mandats bis zum letzten Tag fortsetzen.
2444702	Finché mia moglie mi sopporta, continuerò a realizzare il mio sogno.	2444706	Solange meine Frau mich unterstützt, werde ich fortfahren, meinen Traum zu verwirklichen.
2445071	Questo è più o meno tutto quello che posso dire al momento.	2445072	Das ist so ziemlich alles, was ich im Moment sagen kann.
2445071	Questo è più o meno tutto quello che posso dire al momento.	2445073	Das ist mehr oder weniger alles, was ich im Moment sagen kann.
2445083	Comincia sempre il re.	2445084	Es beginnt immer der König.
2445086	Tante persone pensano che sia impossibile non mischiare le lingue.	2445088	Viele Menschen glauben, es sei unmöglich, die Sprachen nicht durcheinanderzubringen.
2445139	Siccome parli in italiano ti scrivo nella mia bella lingua madre, qualche volta diventa noioso scrivere sempre in inglese.	2445141	Da du Italienisch sprichst, schreibe ich dir in meiner schönen Muttersprache. Manchmal ist es langweilig, immer in Englisch zu schreiben.
1507994	Ho sentito dire che siete molto ricche.	2448500	Ich habe gehört, dass ihr sehr reich seid.
965292	So dove vive. Ma è un segreto.	2450432	Ich weiß, wo er wohnt. Aber das ist geheim.
965292	So dove vive. Ma è un segreto.	2450433	Ich weiß, wo sie wohnt. Aber das ist ein Geheimnis.
965292	So dove vive. Ma è un segreto.	2450436	Ich weiß, wo Sie wohnen. Aber das ist vertraulich.
1232730	Solo dei poveri idioti farebbero fare una cosa così ai propri figli.	2450532	Nur arme Spinner würden ihren eigenen Kindern so etwas antun lassen.
1073963	Per piacere, aggiungete il mio nome alla lista.	2450549	Bitte setzt meinen Namen auf die Liste.
1073963	Per piacere, aggiungete il mio nome alla lista.	2450550	Bitte fügen Sie meinen Namen der Liste hinzu.
2452567	Non si può costruire una casa iniziando dal tetto.	2452570	Man kann beim Hausbau nicht mit dem Dach beginnen.
1282646	Graham Green è uno dei miei autori preferiti.	2452750	Graham Green ist einer meiner Lieblingsautoren.
2453139	Maria conosce a memoria i testi classici cinesi.	2453144	Maria kennt die klassischen chinesischen Texte auswendig.
2453158	La maestra gli chiede che cosa sarebbe voluto diventare da grande.	2453164	Die Lehrerin fragt ihn, was er als Erwachsener werden wolle.
2453593	Raggiungiamo infine una cittadina di cercatori d'oro che è nascosta in una valle tra alte montagne.	2453600	Schließlich erreichen wir ein Goldgräberstädtchen, das versteckt in einem Tal zwischen hohen Bergen liegt.
1227906	Da oggi sarò più egoista!	2455244	Ab heute werde ich egoistischer sein.
2456050	Il nostro corso si avvale di un metodo interattivo.	2456051	Unser Kurs bedient sich einer interaktiven Methode.
2456169	Una buona comunicazione con l'allievo è una risorsa decisiva per rendere l'insegnamento efficace.	2456236	Eine Gute Kommunikation mit dem Schüler ist ein wichtiger Faktor für einen wirksamen Unterricht.
2456321	La base del metodo è il semplice principio di imitazione.	2456323	Als Grundlage der Methode dient das einfache Prinzip der Nachahmung.
2456939	La rabdomanzia è quella misteriosa capacità che alcune persone sostengono di possedere e che permetterebbe loro di trovare acqua sotto terra per mezzo di una bacchetta a Y o di un pendolino.	2456954	Rhabdomantie ist jene geheimnisvolle Fähigkeit, die manche Menschen zu besitzen behaupten und die ihnen erlauben würde, unterirdisches Wasser mit Hilfe einer Y-förmigen Rute oder einem Pendel zu finden.
2457031	Noi viviamo qui ed ora.	2457032	Wir leben hier und jetzt.
2457031	Noi viviamo qui ed ora.	2457040	Wir leben im Hier und Jetzt.
2457050	Credo di impazzire dopo una delusione d'amore.	2457051	Nach einer Enttäuschung in der Liebe glaube ich, den Verstand zu verlieren.
2395362	Durante un'emergenza, agite rapidamente?	2459288	Handelt ihr schnell bei einem Notfall?
2395362	Durante un'emergenza, agite rapidamente?	2459289	Agieren Sie zügig im Falle eines Notfalls?
1429359	Stamattina ho dato il meglio di me!	2459291	Heute Morgen habe ich mein Bestes gegeben!
2169673	Fino a ieri io non ne sapevo niente.	2459320	Bis gestern wusste ich nichts darüber.
1816421	Aveva detto di essere cresciuto in Tunisia.	2459331	Er hatte gesagt, er sei in Tunesien aufgewachsen.
1816421	Aveva detto di essere cresciuto in Tunisia.	2459332	Sie hatte erklärt, in Tunesien aufgewachsen zu sein.
1237779	Lasciatemi dire ciò che penso.	2459345	Lasst mich sagen, was ich denke.
1152803	Basterebbe che l'Unione Europea cominciasse a usare l'esperanto e tutto il mondo lo userebbe come lingua comune mondiale.	2459355	Es würde reichen, wenn die Europäische Union anfinge, Esperanto zu benutzen, und die ganze Welt würde es als gemeinsame Sprache verwenden.
1272131	L'importante è avere fiducia.	2459372	Das Wesentliche ist, Vertrauen zu haben.
379742	Socrate è stato accusato di ateismo perché non credeva in Zeus.	2459440	Sokrates wurde des Atheismus' angeklagt, weil er nicht an Zeus glaubte.
2024192	Loro non possono licenziarti.	2459461	Sie können dich nicht entlassen.
1010963	Hai provato a misurare la pressione?	2459544	Hast du versucht, den Druck zu messen?
999258	Compra pochi vestiti qui.	2459559	Er kauft hier wenig Kleidung.
999258	Compra pochi vestiti qui.	2459560	Sie kauft hier nur wenig Kleidung.
1109926	Tom contava di uscire di mattina presto, ma dormì troppo.	2459566	Tom wollte früh morgens aufbrechen, aber er verschlief.
869673	È difficile conoscere se stessi.	2459636	Es ist schwierig, sich selbst zu kennen.
1512631	Tanto varrebbe aspettare Martedì.	2459679	Da kann man auch genauso gut bis Dienstag warten.
2461093	Ma questi ipotesi sono ancora oggetto di discussione nel mondo scientifico.	2461100	Doch in der Welt der Wissenschaft sind diese Thesen noch in der Diskussion.
2181310	Io ho pagato l'auto in contanti.	2461443	Ich habe das Auto bar bezahlt.
2181310	Io ho pagato l'auto in contanti.	2461446	Ich habe den Wagen bar bezahlt.
1105332	Noi non utilizziamo mai uno zucchero qualsiasi.	2461638	Wir benutzen nie Zucker.
963591	La riunione fu cancellata.	2461782	Die Besprechung wurde abgesagt.
963591	La riunione fu cancellata.	2461783	Das Meeting wurde gestrichen.
1980114	Sono allegro.	2461805	Ich bin fröhlich.
1636848	Quell'emittente televisiva è molto popolare in Italia.	2461851	Dieser Fernsehsender ist in Italien sehr beliebt.
1636848	Quell'emittente televisiva è molto popolare in Italia.	2461853	Jener Fernsehsender ist in Italien sehr populär.
1168155	Dovresti parlare con Tom.	2461854	Du müsstest mit Tom sprechen.
1168155	Dovresti parlare con Tom.	2461856	Du solltest mit Tom sprechen.
2131057	Provo a chiedere.	2461982	Ich versuche zu fragen.
719334	Mi piace dare un po' di soldi in beneficenza ogni anno.	2463138	Ich gebe gerne jedes Jahr etwas Geld für wohltätige Zwecke.
1776144	Se il nucleo che contiene protoni e neutroni fosse grande quanto una moneta, l'elettrone più vicino ruoterebbe ad una distanza di mezzo chilometro.	2463222	Wenn der Kern aus Neutronen und Protonen so groß wäre wie eine Münze, würde das innerste Elektron in einer Entfernung von einem halben Kilometer umlaufen.
2092472	Quasi tutte le energie rinnovabili sono di origine solare.	2463225	Praktisch alle erneuerbaren Energien sind solaren Ursprungs.
1757876	Cosa ne pensa del nuovo insegnante?	2463266	Was denkt er über den neuen Lehrer?
1757876	Cosa ne pensa del nuovo insegnante?	2463267	Was hält sie von dem neuen Lehrer?
1757876	Cosa ne pensa del nuovo insegnante?	2463268	Was halten Sie von dem neuen Lehrer?
1679067	Voi avete già sofferto di tubercolosi polmonare, di asma bronchiale o di bronchite cronica?	2463272	Haben Sie schon einmal unter Lungentuberkulose, Bronchialasthma oder chronischer Bronchitis gelitten?
1516882	Perché loro sono qui?	2463276	Weshalb sind sie hier?
2029863	A cosa state giocando in questo periodo?	2463280	Was spielt ihr im Moment?
2029863	A cosa state giocando in questo periodo?	2463282	Was treibt ihr gerade?
2032334	Le ho lasciato un messaggio.	2463322	Ich habe Ihnen eine Nachricht hinterlassen.
2032334	Le ho lasciato un messaggio.	2463323	Ich habe ihr eine Nachricht hinterlassen.
702592	Da grande voglio fare il re.	2463327	Wenn ich groß bin, will ich König sein.
2188668	Tu sai dov'è nata?	2463333	Weißt du, wo sie geboren wurde?
1885725	In India, le vacche sono animali sacri.	2463335	In Indien sind Kühe heilige Tiere.
1090933	Mio padre non ha prestato ascolto alle nostre opinioni.	2463336	Mein Vater hat unseren Ansichten kein Gehör geschenkt.
2181278	Che cosa stavo pensando?	2463339	Woran habe ich nur gedacht?
1996843	Fermatela.	2463341	Lasst das.
2172543	Sinceramente, non mi interessa.	2463355	Ehrlich, das interessiert mich nicht.
1891552	Per gli storici germanici esisteva una tripartizione.	2463404	Für die historischen Germanen gab es eine Dreiteilung.
1449145	Dobbiamo festeggiare.	2463419	Wir müssen feiern.
608154	Ho trasportato oggetti di ferro, ma non ho trovato niente di più pesante di un debito.	2465378	Ich habe Eisen transportiert, doch ich fand nichts, das schwerer wog als eine Geldschuld.
499797	Non è consentito fumare in questa sala.	2465757	Das Rauchen ist in diesem Raum nicht gestattet.
2273702	Tom è con noi.	2465786	Tom ist bei uns.
1344583	Io non ho bevuto quel latte.	2465869	Ich habe diese Milch nicht getrunken.
1549813	Perché si nasconde?	2466064	Warum versteckt sie sich?
1549813	Perché si nasconde?	2466065	Warum verstecken Sie sich?
2037758	Tom ha promesso di aiutare.	2467478	Tom hat versprochen zu helfen.
2085340	L'oro non compra tutto.	2467497	Mit Gold kann man nicht alles kaufen.
1598284	Non mi posso permettere errori.	2467507	Ich kann mir keine Fehler erlauben.
2468553	Dobbiamo reagire più rapidamente.	2468556	Wir müssen schneller reagieren.
2446146	Ma ti arrivano i messaggi?	2468726	Aber erreichen dich die Nachrichten?
2422700	Le sedie sono sotto l'albero.	2468731	Die Stühle befinden sich unter dem Baum.
2469491	Lasci che le spieghi di cosa ho bisogno.	2469529	Lassen Sie mich Ihnen erklären, was ich benötige.
1083504	Se cammini con il naso per aria rischi di cadere.	2471155	Wenn du beim Gehen immer in die Luft schaust, wirst du hinfallen.
359450	Il suo nome ci è stato dato dal Sig. Hayashi della Keyo Steel Corporation.	2476458	Herr Hayashi von der Keyo Steel Corporation hat uns Ihren Namen genannt.
1739764	Io avrei fatto ricorso, come minimo.	2476461	Ich hätte es zumindest benutzt.
1525534	È impossibile da esprimere a parole.	2476479	Es ist unmöglich, das mit Worten auszudrücken.
2476523	Da lontano si può vedere la guglia di una chiesa.	2476606	Aus der Ferne kann man einen Kirchturm sehen.
2479103	Come al solito, non ho bisogno di dirti nulla; mi capisci sempre al volo.	2479109	Wie immer, brauche ich dir nichts zu sagen; du verstehst mich jedes Mal im Handumdrehen.
1231975	Ti porterei molto volentieri.	2480340	Ich würde dich sehr gerne tragen.
1231975	Ti porterei molto volentieri.	2480341	Ich trüge dich mit Vergnügen.
1858525	Sono certa che è anche colpa tua!	2480449	Ich bin sicher, dass du auch Schuld hast!
1858525	Sono certa che è anche colpa tua!	2480451	Ich bin mir sicher, dass es auch deine Schuld ist!
1741455	La nuova professoressa è più un'amica che una professoressa.	2481841	Die neue Lehrerin ist mehr eine Freundin als eine Lehrerin.
1741455	La nuova professoressa è più un'amica che una professoressa.	2481842	Die neue Professorin ist eher eine Freundin als eine Professorin.
2037786	Tom ha rubato i suoi soldi.	2481882	Tom hat sein Geld geklaut.
2037786	Tom ha rubato i suoi soldi.	2481883	Tom hat ihr Geld gestohlen.
2037786	Tom ha rubato i suoi soldi.	2481887	Tom stahl sein Geld.
2037786	Tom ha rubato i suoi soldi.	2481889	Tom klaute ihr Geld.
1455529	Tom non va in una buona scuola.	2481892	Tom geht nicht in eine gute Schule.
1455529	Tom non va in una buona scuola.	2481893	Tom besucht keine gute Schule.
1133333	Tom chiese a Mary del suo nuovo lavoro a Boston.	2481956	Tom befragte Mary über ihren neuen Job in Boston.
1856761	Ciò che ha detto si è rivelata una menzogna.	2482207	Was er sagte, stellte sich als Lüge heraus.
1700148	È uscito un bellissimo articolo.	2482373	Da ist ein schöner Artikel erschienen.
1730809	Nel 1778, è stata stimata di essere circa di dieci milioni e, da un'enumerazione fatta nel 1787, la popolazione è stata accertata a 10.409.879 persone, e Boetticher, nel suo "Conti statistici", dichiara la popolazione composta da 11 milioni di persone.	2482510	1778 wurde sie auf circa 10 Millionen geschätzt, bei einer Zählung 1787 wurde die Bevölkerung als 10.409.879 Menschen erfasst und Boetticher erklärt in seinen "Statistischen Büchern" die Bevölkerung zu 11 Millionen.
1505683	Non ho capito questa frase in francese. Credo che la traduzione spagnola sia la più corretta.	2484188	Ich habe diesen Satz auf Französisch nicht verstanden. Ich glaube, die spanische Übersetzung ist die beste.
2485369	La vita è più di quello che le mani possono afferrare.	2485371	Das Leben ist mehr als das, was mit den Händen zu greifen ist.
2350486	Tom mangia meno di quello che potrebbe pensare.	2491409	Tom isst weniger als man meinen könnte.
946087	Possiede una tenuta in campagna.	2491418	Er hat einen Landsitz.
946087	Possiede una tenuta in campagna.	2491420	Sie hat einen Landsitz.
1364171	In quale strada?	2491618	In welcher Straße?
1561777	La prossima volta ti invito.	2491628	Das nächste Mal lade ich dich ein.
1506689	È abbastanza vicina per andarci a piedi?	2491637	Ist es nah genug, um zu Fuß hinzugehen?
2018207	Sono la quinta bambina più giovane.	2491669	Ich bin das fünftjüngste Mädchen.
1513624	Il politico ha dichiarato di opporsi alla conclusione.	2497906	Der Politiker hat erklärt, sich dem Entschluss zu widersetzen.
1513625	Il politico dichiarò di opporsi alla conclusione.	2497907	Der Politiker erklärte, sich dem Entschluss zu widersetzen.
1714919	Ma non sei quella che sta lavorando?	2498110	Aber bist du nicht die, die gerade arbeitet?
2088763	Se c'è una cosa che odio, è perdere le chiavi di casa.	2498134	Wenn ich eins hasse, ist es, die Hausschlüssel zu verlieren.
2500118	Tom assolutamente non vuole parlare tedesco.	2500121	Tom will auf keinen Fall Deutsch sprechen.
2502335	Questa canzone mi fa pensare alla ragazza che mi piace.	2502345	Dieses Lied erinnert mich an das Mädchen, das ich mag.
2502335	Questa canzone mi fa pensare alla ragazza che mi piace.	2502346	Bei diesem Lied muss ich an das Mädchen denken, das ich mag.
2502326	Questa canzone mi fa pensare al ragazzo che mi piace.	2502361	Dieses Lied erinnert mich an den Jungen, den ich mag.
2502326	Questa canzone mi fa pensare al ragazzo che mi piace.	2502362	Bei diesem Lied muss ich an den Jungen denken, den ich mag.
1998038	Io andai alla stazione di Osaka.	2504520	Ich ging zum Bahnhof von Osaka.
1998038	Io andai alla stazione di Osaka.	2504523	Ich bin zum Bahnhof Osakas gegangen.
2020670	Io porterò a casa Tom.	2504616	Ich bringe Tom nach Hause.
2020670	Io porterò a casa Tom.	2504618	Ich werde Tom nach Hause bringen.
1851325	Degli uccellini sono posati sul ramo di quell'albero.	2504623	Auf dem Ast jenes Baumes sitzen Vögel.
1552737	La sua gentilezza mi toccò il cuore.	2504648	Seine Freundlichkeit rührte mein Herz.
1552737	La sua gentilezza mi toccò il cuore.	2504649	Ihre Freundlichkeit berührte mich tief.
1513661	Fatemi vedere le foto che avete fatto a Parigi.	2504650	Zeigt mir die Fotos, die ihr in Paris gemacht habt.
1689519	Lui divenne cieco a causa dell'incidente.	2506822	Er wurde durch den Unfall blind.
1689519	Lui divenne cieco a causa dell'incidente.	2506823	Er erblindete durch den Unfall.
1689519	Lui divenne cieco a causa dell'incidente.	2506824	Er ist durch den Unfall erblindet.
1689519	Lui divenne cieco a causa dell'incidente.	2506825	Er ist durch den Unfall blind geworden.
2213623	La grande fabbrica dei vecchi amici è la scuola.	2506975	Die große Fabrik für alte Freunde ist die Schule.
1700524	Apri il tuo libro a pagina 59.	2507048	Öffne dein Buch auf Seite neunundfünfzig.
1700524	Apri il tuo libro a pagina 59.	2507050	Schlag in deinem Buch Seite 59 auf.
2352413	Speriamo in buoni risultati.	2507161	Wir hoffen auf gute Ergebnisse.
2352413	Speriamo in buoni risultati.	2507163	Hoffen wir auf gute Resultate.
930657	Sarebbe meglio per lui se non fosse nato.	2507197	Er wäre besser für ihn, wenn er nie geboren wäre.
945473	Abbiamo fatto una festa la scorsa sera.	2509260	Wir haben gestern Abend eine Feier veranstaltet.
945473	Abbiamo fatto una festa la scorsa sera.	2509261	Wir hatten gestern Abend eine Fete.
945473	Abbiamo fatto una festa la scorsa sera.	2509262	Wir haben gestern Abend Party gemacht.
1109880	Tom si interessa di alpinismo.	2509298	Tom interessiert sich für Bergsteigen.
2189147	Qual è il vostro ristorante preferito a Boston?	2509306	Welches ist euer Lieblingsrestaurant in Boston?
2189147	Qual è il vostro ristorante preferito a Boston?	2509307	Was ist Ihr Lieblingsrestaurant in Boston?
2172916	Pensavo che Tom sarebbe stato soddisfatto.	2509371	Ich dachte, Tom wäre zufrieden gewesen.
2509864	Pensi nella lingua straniera?	2509870	Denkst du in der Fremdsprache?
2172536	Dovrei tornare al mio ufficio.	2509871	Ich sollte zu meinem Büro zurückgehen.
2509877	Il tedesco usa più consonanti dell'italiano.	2509883	Das Deutsche gebraucht mehr Mitlaute als das Italienische.
1544122	Può essere orgoglioso di suo padre.	2509903	Er kann auf seinen Vater stolz sein.
1544122	Può essere orgoglioso di suo padre.	2509904	Sie können auf Ihren Vater stolz sein.
2022732	Tom l'ha perdonato?	2509910	Hat Tom ihm vergeben?
2022732	Tom l'ha perdonato?	2509911	Hat Tom es verziehen?
2509908	Mi spieghi cosa significa questa parola in esperanto?	2509912	Erklärst du mir, was dieses Wort auf Esperanto bedeutet?
2509929	Siamo tutti europei.	2509933	Wir sind alle Europäer.
2509983	Per l'esame dovete imparare molte definizioni a memoria.	2509985	Für die Prüfung müsst ihr viele Definitionen auswendig lernen.
2510035	Il fumo è un segno che c'è del fuoco da qualche parte nelle vicinanze.	2510036	Der Rauch ist ein Anzeichen dafür, dass es irgendwo in der Nähe ein Feuer gibt.
2510167	A volte un gesto carino vale più di tante parole.	2510168	Manchmal ist eine freundliche Geste mehr wert als viele Worte.
2510433	Il rumeno, il italiano, il francese, il catalano, lo spagnolo, il portoghese e tutte le altre lingue e dialetti romanzi derivano dal latino.	2510435	Rumänisch, Italienisch, Französisch, Katalanisch, Spanisch, Portugiesisch und alle die anderen romanischen Sprachen und Dialekte stammen vom Lateinischen ab.
1308319	Dice che verrà domani.	2510443	Er sagt, dass er morgen kommen wird.
1308319	Dice che verrà domani.	2510444	Sie sagt, dass sie morgen kommen wird.
1308325	Fabio, vieni in piscina con noi sabato pomeriggio?	2510450	Fabio, kommst du mit uns am Samstag Nachmittag ins Schwimmbad?
1308327	Da dove lo si vede?	2510452	Von wo sieht man das?
1308334	Va' pure di sopra a preparare da mangiare.	2510454	Geh ruhig nach oben, um Essen zu machen.
1166612	A Tom piace molto il cibo giapponese.	2510457	Tom schmeckt japanisches Essen sehr gut.
1166630	I formaggi hanno mangiato i miei amici.	2510458	Die Käse haben meine Freunde gegessen.
2190424	Tom è arrivato.	2510459	Tom ist angekommen.
949512	La strada va verso nord da qui.	2510462	Die Straße führt von hier nach Norden.
949518	Mangia quel che più ti piace.	2510463	Iss, was dir besser schmeckt.
2082236	Tom sa che è nei guai.	2510464	Tom weiß, dass er in Schwierigkeiten steckt.
1543127	Pioveva quando sono arrivati.	2510469	Es regnete, als sie ankamen.
1543129	Quante classi hai lunedì?	2510470	Wie viele Stunden hast du montags?
1543132	Fu invitata alla festa.	2510472	Sie wurde zum Fest eingeladen.
1543133	Posso presentarti il mio amico?	2510473	Darf ich dir meinen Freund vorstellen?
1543134	Posso presentarti la mia amica?	2510474	Darf ich dir meine Freundin vorstellen?
1543146	Vorrei la colazione in camera.	2510475	Ich möchte das Frühstück im Zimmer.
1543200	La notte scorsa sono stata tormentata dalle zanzare.	2510479	Vergangene Nacht wurde ich von Gelsen gequält.
1543210	Nel giro di una settimana la maggior parte dell'Europa era in stato di guerra.	2510481	Innerhalb einer Woche war der Großteil Europas im Kriegszustand.
1543214	Salta!	2510483	Spring!
1543218	Ho fatto del mio meglio, ma ho fallito di nuovo.	2510484	Ich habe mein Bestes gegeben, aber neuerlich versagt.
1543219	Non si può sopravvalutare il valore della salute.	2510485	Der Wert der Gesundheit kann nicht überschätzt werden.
1543225	Lascia perdere. Non ha senso dargli consigli.	2510486	Vergiss es. Es hat keinen Sinn, ihm Ratschläge zu geben.
1543227	Era un fiore molto bello.	2510488	Es war eine sehr schöne Blume.
1543232	Ti risparmierai un sacco di tempo se prendi la macchina.	2510489	Du wirst eine Menge Zeit sparen, wenn du das Auto nimmst.
1543235	Cosa vuol dire G.N.P.?	2510490	Was heißt B.N.P.?
1543237	Quanto tempo ci vuole per raggiungere Okinawa?	2510491	Wie lange dauert es, um Okinawa zu erreichen?
1543238	Quanto ci vuole per arrivare ad Okinawa?	2510492	Wie lange dauert es, um in Okinawa anzukommen?
1543240	Voglio che tu stia qui con lei.	2510494	Ich will, dass du hier bei ihr bleibst.
1543241	Vorrei mettere alcune cose nella cassaforte dell'albergo.	2510495	Ich möchte ein paar Dinge in den Hotelsafe geben.
1543255	La prima bomba atomica fu sganciata sul Giappone.	2510506	Die erste Atombombe wurde auf Japan geworfen.
1543265	È impaziente di vederti.	2510517	Er wartet ungeduldig darauf, dich zu sehen.
1543278	Ci sono solo pochi giorni prima della fine dell'anno.	2510520	Es sind nur mehr ein paar Tage bis zum Jahresende.
1543453	Puerto Rico non è uno stato sovrano.	2510522	Puerto Rico ist kein souveräner Staat.
1543464	Contanti o carta di credito?	2510530	Bar oder Kreditkarte?
1809564	Quando finirai il tuo lavoro?	2510546	Wann wirst du deine Arbeit beenden?
1966460	Non avete detto niente.	2511625	Ihr habt nichts gesagt.
1966460	Non avete detto niente.	2511627	Sie haben nichts gesagt.
993110	Un aristocratico è un membro dell'aristocrazia.	2511648	Ein Aristokrat ist ein Angehöriger der Aristokratie.
2020681	È allergica ai gatti.	2511739	Sie hat eine Katzenallergie.
2020681	È allergica ai gatti.	2511740	Sie reagiert allergisch auf Katzen.
429639	L'ho chiamata Cathy.	2511760	Ich habe sie Cathy genannt.
1523516	Non ho avuto il tempo di andare in vacanza, quest'anno.	2511798	Ich hatte dieses Jahr keine Zeit, in Urlaub zu fahren.
1980433	È giovane, però è un uomo capace.	2511943	Er ist jung, aber ein fähiger Mann.
2315813	Una sola frase può comunicare più messaggi.	2513731	Ein einzelner Satz kann mehrere Nachrichten übermitteln.
1805264	Sta diluviando.	2513733	Es schüttet wie aus Eimern.
1655427	Tu sei perfettamente normale.	2513842	Du bist völlig normal.
1550373	Ho un paio di domande da farti.	2513846	Ich habe ein paar Fragen an dich.
2102524	Sei mai stato in India?	2513871	Bist du schon mal in Indien gewesen?
2102524	Sei mai stato in India?	2513872	Warst du schon mal in Indien?
2102524	Sei mai stato in India?	2513873	Warst du je in Indien?
2102524	Sei mai stato in India?	2513874	Bist du jemals in Indien gewesen?
2514719	Questo romanzo fu una delle sue ultime opere.	2514722	Dieser Roman war eines seiner letzten Werke.
2514719	Questo romanzo fu una delle sue ultime opere.	2514724	Dieser Roman war eines ihrer letzten Werke.
2516016	Purtroppo non guadagno molto denaro.	2516021	Leider verdiene ich nicht viel Geld.
1979231	L'esercizio comporta degli errori?	2517274	Enthält die Übung Fehler?
1816586	Lui fu condannato a un anno di prigione in Bulgaria.	2521651	Er wurde zu einem Jahr Gefängnis in Bulgarien verurteilt.
1866325	Il mare era tranquillo, l'aria fresca. Neppure una nuvola in cielo.	2521799	Das Meer war ruhig und die Luft rein. Keine Wolke war am Himmel zu sehen.
1588186	Ieri Tom è rimasto a casa tutto il giorno.	2521839	Gestern ist Tom den ganzen Tag zu Hause geblieben.
1117126	In un vecchio castello viveva un re.	2523200	In einem alten Schloss lebte ein König.
1005797	Le persone dovrebbero amarsi le une con le altre.	2523203	Die Leute sollten sich gegenseitig lieben.
1766051	Questi cavalli sono suoi.	2523223	Diese Pferse sind seine.
1766051	Questi cavalli sono suoi.	2523224	Diese Pferde sind ihre.
1766051	Questi cavalli sono suoi.	2523225	Diese Pferde sind Ihre.
2018998	Dove andrete?	2523226	Wo werdet ihr hingehen?
2018998	Dove andrete?	2523227	Wohin werden Sie gehen?
2009223	Quand'è stata l'ultima volta che avete lavato l'automobile?	2523235	Wann war das letzte Mal, dass ihr das Auto gewaschen habt?
2009223	Quand'è stata l'ultima volta che avete lavato l'automobile?	2523236	Wann haben Sie zuletzt das Auto gewaschen?
1536181	Anne stava per uscire di casa quando squillò il telefono.	2523265	Anne war gerade dabei, das Haus zu verlassen, als das Telefon klingelte.
2190622	Tom è isterico.	2523278	Tom ist hysterisch.
1086087	Parlando francamente, lui non mi piace.	2523286	Ehrlich gesagt gefällt er mich nicht.
2528227	Io ho l'asso di cuori.	2528895	Ich habe das Herzass.
429977	Per favore, datemi da mangiare.	2529559	Bitte gebt mir was zu essen.
429977	Per favore, datemi da mangiare.	2529560	Bitte, geben Sie mir etwas zu essen.
1098061	Quella è un'automobile Chrysler.	2529607	Das ist ein Chrysler.
1098061	Quella è un'automobile Chrysler.	2529608	Das Auto ist ein Chrysler.
1273139	Effettivamente dovrebbe esser così.	2531563	In der Tat müsste es so sein.
1233476	Sono in una bella casa.	2531754	Ich bin in einem schönen Haus.
1407673	Finalmente ho ritrovato la mia macchina.	2535038	Endlich habe ich mein Auto wiedergefunden.
2557063	Bevi il tuo latte.	2557903	Trink deine Milch!
2564963	Sto facendo il mio dovere.	2565547	Ich tu meine Pflicht.
1478199	Mi riferisco alla e-mail che ti ho appena mandato.	2573061	Ich beziehe mich auf die E-Mail, die ich dir gerade gesandt habe.
2575470	Per circa diciotto degli ultimi venti secoli di storia la Cina è stata la massima potenza mondiale.	2575473	Während annähernd achtzehn der letzten zwanzig Jahrhunderte der Geschichte war China die größte Macht der Welt.
2585783	La vita è un'autostrada a senso unico di marcia, impossibile invertire ne tornare indietro. Folle sarebbe accelerare.	2585788	Das Leben ist eine Autobahn, die man nur in einer Richtung befahren und auf der man nicht wenden kann. Gas geben wäre Wahnsinn.
2585808	Voi siete miei amici, se farete ciò che io vi comando.	2585809	Ihr seid meine Freunde, wenn ihr tut, was ich euch gebiete.
2587739	Come si traducono queste frasi dall'inglese al tedesco?	2587747	Wie übersetzt man diese Sätze vom Englischen ins Deutsche?
2592133	La cosa mi riempie di gioia sia come politico che come persona.	2592135	Das erfüllt mich als Politiker und auch als Mensch mit großer Freude.
2600236	Capricciosa come aprile.	2601400	Launisch wie der April.
2611739	Speriamo nei pronipoti.	2611751	Hoffen wir auf unsere Urenkel!
2615820	Io non so ben ridir com’i’ v’intrai, tant’ era pien di sonno a quel punto che la verace via abbandonai.	2615860	Kann, wie ich einging, kaum mich mehr entsinnen. So war ich voller Schlafes da zur Stunde, als ich vom wahren Wege wich von hinnen.
2618316	Lui attraversa la camera.	2618330	Er geht durch das Zimmer.
2618315	Sabrina va in albergo.	2618331	Sabrina geht ins Hotel.
2618318	Io sto dai miei genitori.	2618332	Ich bin bei meinen Eltern.
2618314	Io vado in stazione.	2618333	Ich gehe zum Bahnhof.
2618313	Io sono dal medico.	2618334	Ich bin beim Arzt.
2618317	Dal primo gennaio Ilaria inizierà la scuola.	2618335	Ab erstem Januar wird Ilaria mit der Schule anfangen.
2618320	Non facciamo sport da due anni.	2618336	Wir treiben schon seit zwei Jahren keinen Sport mehr.
2618321	Torno dalla stazione.	2618338	Ich komme vom Bahnhof zurück.
2618323	Ho sbattuto contro un albero.	2618339	Ich bin gegen einen Baum geprallt.
2618325	Vado spesso all'estero.	2618342	Ich fahre oft ins Ausland.
2618324	La palestra sta dietro l'angolo.	2618343	Das Fitnessstudio liegt um die Ecke.
2618326	Lei va al mare.	2618344	Sie geht ans Meer.
2618327	Lei studia per diventare maestra.	2618345	Sie lernt, um Lehrerin zu werden.
2618328	Io vado al parco.	2618346	Ich gehe zum Park.
2618329	Sto ferma per strada.	2618348	Ich bleibe auf der Straße stehen.
999333	Il dovere dovrebbe venire prima di tutto il resto.	2630954	Die Pflicht sollte vor allem anderen kommen.
999333	Il dovere dovrebbe venire prima di tutto il resto.	2630957	Die Pflicht sollte zuallererst kommen.
911637	Provò a nascondere i suoi sentimenti.	2631123	Er versuchte, seine Gefühle zu verbergen.
911637	Provò a nascondere i suoi sentimenti.	2631124	Sie versuchte, ihre Gefühle nicht zu zeigen.
1327183	Cosa vi piace fare nel tempo libero?	2631138	Was macht ihr gerne in eurer Freizeit?
1327183	Cosa vi piace fare nel tempo libero?	2631139	Was machen Sie gerne in Ihrer freien Zeit?
1752020	Un matrimonio non è legale finché non vengono fatte certe dichiarazioni.	2631180	Eine Ehe ist nicht legal, solange nicht bestimmte Erklärungen abgegeben worden sind.
1298881	Tu hai un'altra cosa di cui preoccuparti.	2631231	Du musst dich um etwas anderes kümmern.
1740751	Va al fiume a pescare quasi ogni giorno.	2634629	Er geht fast jeden Tag zum Fluss und angelt.
1740751	Va al fiume a pescare quasi ogni giorno.	2634633	Sie geht fast jeden Tag am Fluss angeln.
1340830	Non tutto è perduto.	2634798	Noch ist nicht alles verloren.
2582064	Sei scusata.	2634863	Du bist entschuldigt.
2413840	Fammi entrare. Devo parlarti.	2634923	Lass mich rein. Ich muss mit dir sprechen.
976896	Questa è l'ora a cui dovresti alzarti.	2656188	Jetzt ist der Zeitpunkt, an dem du aufstehen müsstest.
976896	Questa è l'ora a cui dovresti alzarti.	2656189	Dies ist der Moment, an dem du aufstehen solltest.
1631614	Riesce anche a contare in italiano?	2656295	Kann er auch auf Italienisch zählen?
1631614	Riesce anche a contare in italiano?	2656297	Kann sie auch auf Italienisch zählen?
1631614	Riesce anche a contare in italiano?	2656299	Können Sie auch auf Italienisch zählen?
1528509	Questa parola è ancora in uso.	2657404	Dieses Wort ist noch in Gebrauch.
1752383	Ma ci siamo già decisi.	2657552	Aber wir haben uns schon entschieden.
2481870	Ha qualcosa per fare passare il mal di testa?	2659259	Hat er etwas, das gegen Kopfschmerzen hilft?
2481870	Ha qualcosa per fare passare il mal di testa?	2659260	Hat sie etwas, um Kopfschmerzen zu vertreiben?
2556221	Verrò a casa.	2661003	Ich komme nach Hause.
2556221	Verrò a casa.	2661004	Ich werde nach Hause kommen.
781124	Avete il tempo di bere qualcosa?	2664278	Habt ihr Zeit, was zu trinken?
781124	Avete il tempo di bere qualcosa?	2664279	Haben Sie Zeit, etwas zu trinken?
1549945	Non sei altro che un parassita sociale!	2664300	Du bist nichts als ein Sozialparasit!
930986	Come interpreti questo verso?	2670306	Wie interpretierst du diesen Vers?
1267779	Tom è pronto per qualunque cosa.	2673282	Tom ist zu Allem bereit.
350303	Il ladro prese la borsa dalla sua mano.	2673305	Der Dieb riss ihr die Tasche aus der Hand.
350303	Il ladro prese la borsa dalla sua mano.	2673306	Der Dieb riss ihm die Tasche aus der Hand.
1738959	L'uomo è l'unico animale che scrive libri.	2673337	Der Mensch ist das einzige Tier, das Bücher schreibt.
409646	Judy è l'unica donna in questa assemblea.	2673385	Judy ist die einzige Frau in dieser Versammlung.
1540859	Dopo la domenica viene il lunedì.	2675742	Nach Sonntag kommt Montag.
2038697	Fa terribilmente caldo questa mattina.	2675751	Es ist fürchterlich kalt heute Morgen.
2038697	Fa terribilmente caldo questa mattina.	2675753	Heute Morgen ist es schrecklich kalt.
1268033	Lui ha un grande senso dell'umorismo.	2675775	Er hat einen guten Sinn für Humor.
1122312	Domani rimango in ufficio.	2677821	Morgen bleibe ich im Büro.
2082490	Siete mai state sposate?	2678176	Seid ihr je verheiratet gewesen?
2082490	Siete mai state sposate?	2678177	Sind Sie je verheiratet gewesen?
2679175	Lui viveva ancora con i genitori.	2679177	Er wohnt immer noch bei seinen Eltern.
1252662	Ha mostrato molta competenza.	2680310	Sie bewies große Kompetenz.
1252662	Ha mostrato molta competenza.	2680311	Sie zeigten sich sehr bewandert.
1020341	Sarà qui presto.	2680322	Sie wird gleich hier sein.
1020341	Sarà qui presto.	2680323	Sie werden in Bälde hier sein.
2582376	Lei è un sospettato.	2680452	Sie sind ein Verdächtiger.
1113650	È stato visto entrare nella stanza.	2680464	Er wurde beim Betreten des Raumes gesehen.
1113650	È stato visto entrare nella stanza.	2680468	Er wurde gesehen, als er das Zimmer betrat.
919027	Tutti sanno che è l'ultimo uomo che romperebbe una promessa.	2680473	Jeder weiß, dass er der letzte wäre, der ein Versprechen bricht.
1807092	Questo è il gioco migliore che si possa mai avere.	2715468	Dies ist das beste Spiel, das du je haben wirst.
726989	Sono molto fiera del lavoro che ho scelto.	2721291	Ich bin sehr stolz auf die Arbeit, die ich mir ausgesucht habe.
2132833	Questa non è una frase in cinese!	2723094	Dies ist kein chinesischer Satz!
1423161	Perché tu diventi sempre più bella?	2723101	Warum wirst du immer schöner?
1599032	Ho firmato questa petizione.	2729266	Ich habe diese Petition unterschrieben.
2729540	Le devo una cena.	2729622	Ich schulde Ihnen ein Abendessen.
350993	Ken deve correre veloce.	2734267	Ken muss schnell laufen.
1538942	È più facile morire che amare.	2736233	Es ist leichter zu sterben als zu lieben.
1124943	L'immagine proiettata nella retina è invertita.	2736259	Das auf die Netzhaut projizierte Bild steht auf dem Kopf.
2736636	Non hai amiche con cui uscire?	2736929	Hast du keine Freundinnen, mit denen du ausgehen kannst?
2519326	Da quel che so, non è ancora arrivato.	2743162	Soweit ich weiß, ist er noch nicht angekommen.
2519326	Da quel che so, non è ancora arrivato.	2743163	So viel ich weiß, ist er noch nicht eingetroffen.
1757896	Che cosa ne pensa della nuova insegnante?	2743174	Was halten Sie von der neuen Lehrerin?
1757896	Che cosa ne pensa della nuova insegnante?	2743175	Was hält er von der neuen Lehrerin?
1757896	Che cosa ne pensa della nuova insegnante?	2743177	Was hält sie von der neuen Lehrerin?
1547052	Ho ricevuto una lettera dal mio amico.	2743260	Ich habe einen Brief von meinem Freund bekommen.
1547052	Ho ricevuto una lettera dal mio amico.	2743261	Ich erhielt einen Brief von meinem Freund.
1653534	Balliamo il tango?	2743288	Tanzen wir Tango?
1653534	Balliamo il tango?	2743289	Sollen wir einen Tango tanzen?
2129910	È previsto un referendum.	2743324	Ein Referendum ist vorgesehen.
2129910	È previsto un referendum.	2743325	Es ist ein Referendum vorgesehen.
2745049	Lo ammetto, ho riso.	2745055	Ich gebe zu, ich habe gelacht.
2745722	Purtroppo ho trovato solo questa.	2745730	Leider habe ich nur dies hier gefunden.
2746664	Spero che venga da piovere così non devo lavorare sul tetto.	2746671	Ich hoffe, dass es regnet. Dann brauche ich nicht auf dem Dach zu arbeiten.
2746665	La vedo molto come dichiarazione di guerra.	2746674	Mir kommt es wie eine Kriegserklärung vor.
2746659	Ma dov'è lo scandalo?	2746676	Aber wo ist der Skandal?
2746659	Ma dov'è lo scandalo?	2746677	Aber worin besteht der Skandal?
2746658	Devono andare in un'aula per discutere meglio.	2746678	Sie müssen in einen Hörsaal gehen, um besser diskutieren zu können.
2746657	Obiettivamente le priorità sono altre.	2746679	Objektiv gesehen sind die Prioritäten andere.
2746656	La battaglia di Waterloo è stata l'ultima battaglia di Napoleone Bonaparte.	2746680	Die Schlacht von Waterloo war die letzte Schlacht von Napoleon Bonaparte.
1668554	Il cane risponde al nome di John.	2748581	Der Hund hört auf den Namen John.
2565023	Porta i tuoi amici.	2750584	Bring deine Freunde mit.
2437024	Gioco a squash.	2750590	Ich spiele Squash.
2480477	Si dice che lei sia stata ricca.	2750620	Es wird gesagt, dass sie reich war.
2480477	Si dice che lei sia stata ricca.	2750621	Man sagt, dass sie reich gewesen ist.
999291	A quale partito appartiene?	2750667	Zu welcher Partei gehört er?
999291	A quale partito appartiene?	2750669	Von welcher Partei ist sie?
999291	A quale partito appartiene?	2750670	In welcher Partei sind Sie?
1295948	Mi piace il modo in cui parli.	2750695	Ich mag die Art, wie du sprichst.
1851437	Loro sembrano essere innamorati l'uno dell'altro.	2750721	Sie scheinen ineinander verliebt zu sein.
740367	Il comitato esaminatore vuole che io abbia un contatto al quale rivolgere domande o al quale chiedere indicazioni sulla città e sulle risorse della stessa; credo pertanto che Lei sarebbe la persona più indicata.	2750751	Das Untersuchungskomittee will, dass ich einen Kontakt habe, dem ich Fragen stellen und bei dem ich mich über die Stadt und ihre Ressourcen erkundigen kann. Und ich denke, Sie wären dafür am besten geeignet.
2752350	Tom ha detto che non aveva voglia di parlare con Mary.	2752354	Tom hat gesagt, er habe keine Lust mit Maria zu sprechen.
2136211	State facendo un gran lavoro!	2755586	Ihr leistet großartige Arbeit!
1965043	È una delle cose meno belle che io abbia mai visto.	2755592	Das ist eine der hässlichsten Sachen, die ich je gesehen habe.
2759347	I delfini sono molto intelligenti.	2759610	Die Delfine sind sehr intelligent.
2760487	Bisogna rimboccarsi le maniche.	2760494	Man muss die Ärmel hochkrempeln.
1856569	Gli ha spedito una cartolina.	2767232	Er schickte ihm eine Karte.
1856569	Gli ha spedito una cartolina.	2767233	Er hat ihr eine Karte geschickt.
1856569	Gli ha spedito una cartolina.	2767234	Sie sandte ihm eine Postkarte.
1856569	Gli ha spedito una cartolina.	2767235	Sie hat ihr eine Postkarte gesandt.
1309942	Tom non ha molto tempo libero.	2768564	Tom hat nicht viel Freizeit.
1309942	Tom non ha molto tempo libero.	2768566	Tom hat nicht viel freie Zeit.
1851474	Stai lavorando troppo intensamente. Prenditela comoda per un po'di tempo.	2768585	Du arbeitest zu hart. Lass es ein Weilchen ruhig angehen.
2023015	Gli dirò di voi.	2768593	Ich werde ihm von euch erzählen.
2023015	Gli dirò di voi.	2768596	Ich werde ihr von euch erzählen.
992718	I lemming si suicidano in massa.	2777755	Die Lemminge begehen Massenselbstmord.
1512640	Mi ha promesso di tornare presto.	2777777	Er hat mir versprochen, schnell zurückzukommen.
1512640	Mi ha promesso di tornare presto.	2777780	Sie hat mir ihre baldige Rückkehr zugesagt.
2102449	Tom ha dei problemi a farsi delle amicizie.	2777822	Tom tut sich schwer damit, Freundschaften zu schließen.
2777974	Non ho i mezzi.	2778293	Ich habe nicht die Mittel.
2777693	È arrivato il freddo.	2778297	Die Kälte ist da.
2784583	Egli dipende ancora finanziariamente dai suoi parenti.	2784584	Er ist noch finanziell abhängig von seinen Eltern.
2784586	Faccia attenzione allo scalino!	2784588	Achten Sie bitte auf die Stufen!
2784589	Noi cominciamo adesso con il pranzo.	2784590	Wir fangen jetzt mit dem Essen an.
2784591	Mi irrito sempre a causa della musica alta dei miei vicini.	2784594	Ich ärgere mich immer über die laute Musik meines Nachbarn.
2784595	Smetti adesso per cortesia con il rumore!	2784596	Hör jetzt bitte mit dem Lärm auf!
2784598	Potrebbe per cortesia fare attenzione un momento al mio bagaglio?	2784599	Könnten Sie bitte einen Moment auf mein Gepäck aufpassen?
2784613	Noi cominciamo adesso con l'esercizio.	2784614	Wir beginnen jetzt mit dem Unterricht.
2784617	Si dà molto da fare per un posto di studio negli Stati Uniti.	2784619	Er bemüht sich um einen Studienplatz in den USA.
2784620	Alle 17 riferiremo nuovamente riguardo al calcio.	2784621	Um 17 Uhr berichten wir wieder über das Fußballspiel.
1550392	Ti auguro il meglio.	2789088	Ich wünsche Ihnen alles Gute
2797682	Fammi un favore: taci!	2797699	Tu mir einen Gefallen – schweig!
699600	Ne discuterò con il mio cavallo.	2806788	Ich werde es mit meinem Pferd besprechen.
2159855	Chi è il tuo attore di Hollywood preferito?	2806797	Wer ist dein Lieblingsschauspieler in Hollywood?
2814474	Tom si mise il termometro in bocca.	2814477	Tom steckte sich das Thermometer in den Mund.
1246740	Siete pronte per mangiare?	2814498	Seid ihr bereit zum Essen?
2103857	Si è annotato il numero di Tom?	2819013	Hat er sich Toms Nummer notiert?
2103857	Si è annotato il numero di Tom?	2819014	Haben Sie sich Toms Nummer aufgeschrieben?
2522512	Ti sto sostenendo.	2829687	Ich unterstütze dich.
2522512	Ti sto sostenendo.	2829689	Ich stehe dir bei.
1646372	Vorrei sapere, ma non so a chi chiedere!	2829700	Ich möchte es wissen, aber ich weiß nicht, wen ich fragen soll!
1645883	Non ho intenzione di ascoltarli più.	2829706	Ich habe nicht die Absicht, ihnen noch weiter zuzuhören.
798835	Questo è quello che dice la legge.	2829716	So steht es im Gesetz.
2738341	Lo sa perché Tom non vuole andare a Boston con noi?	2831115	Wissen Sie, warum Tom nicht mit uns nach Boston kommen will?
2738341	Lo sa perché Tom non vuole andare a Boston con noi?	2831117	Weiß er, warum Tom uns nicht nach Boston begleiten will?
2738341	Lo sa perché Tom non vuole andare a Boston con noi?	2831118	Weiß sie, warum Tom nicht mit uns nach Boston fahren will?
1803336	Non ho mai avuto il coraggio di aprirle.	2831190	Ich hatte nie den Mut, es aufzumachen.
2840034	Vado a prendere Robert all'aeroporto.	2840045	Ich werde Robert vom Flughafen abholen.
2843157	Venga l’amico mio nel suo giardino, e ne mangi i frutti deliziosi!	2843171	Mein Freund komme in seinen Garten und esse von seinen edlen Früchten.
1308310	Comincio a studiare fra poco.	2847047	Ich fange gleich an zu studieren.
1856607	È davvero strano, in effetti.	2847800	Das ist wirklich seltsam.
2848170	Chi non beve in compagnia o è un ladro o una spia.	2848236	Wer in Gesellschaft nicht trinkt, ist entweder ein Dieb oder ein Spion.
2863867	Faccio fatica a capire la struttura delle frasi tedesche quando c'è l'inversione della frase e ci sono più verbi da inserire.	2863891	Es bereitet mir Mühe, die Struktur der deutschen Sätze zu verstehen, wenn eine Inversion der Satzglieder auftritt, und mehrere Verben einzufügen sind.
2863867	Faccio fatica a capire la struttura delle frasi tedesche quando c'è l'inversione della frase e ci sono più verbi da inserire.	2863896	Tritt eine Inversion der Satzglieder auf, und sind mehrere Verben einzufügen, bereitet es mir Mühe, die Struktur der deutschen Sätze zu verstehen.
2863867	Faccio fatica a capire la struttura delle frasi tedesche quando c'è l'inversione della frase e ci sono più verbi da inserire.	2863898	Sind mehrere Verben einzufügen, und tritt eine Inversion der Satzglieder auf, stoße ich, will ich die Struktur der deutschen Sätze verstehen, auf große Schwierigkeiten.
612804	Vorrei denunciare un furto.	2869464	Ich möchte einen Diebstahl anzeigen.
2878748	Ogni epoca ha i propri miti.	2878764	Jede Zeit hat ihre eigenen Mythen.
2878806	Se Alessandra è così triste, ci sarà pure qualche motivo.	2878846	Wenn Alexandra so traurig ist, wird es doch einen Grund geben.
2878779	Nessuno di loro vuole andare al cinema stasera.	2878848	Keiner von ihnen will heute Abend ins Kino gehen.
2878778	Non c'è nessuno che possa accompagnare mia madre?	2878856	Ist keiner da, der meine Mutter begleiten könnte?
2878772	Non c'è alcun pericolo.	2878859	Es besteht nicht die geringste Gefahr.
2881491	Siamo in attesa del tecnico.	2881494	Wir warten auf den Techniker.
520801	Cerchiamolo su eBay.	2887039	Wir suchen es auf Ebay.
1464039	Faccia la sua scelta.	2887055	Treffen Sie Ihre Wahl.
1326277	Ma che numero porti?	2887059	Aber welche Nummer trägst du?
2887452	La gente qui è molto accogliente.	2887454	Die Leute sind hier sehr gastfreundlich.
635525	Chi di voi due verrà con me?	2896715	Wer von euch beiden kommt mit mir?
635525	Chi di voi due verrà con me?	2896716	Wer von Ihnen beiden wird mit mir kommen?
842719	Ha chiesto protezione alla polizia.	2897041	Er hat die Polizei um Schutz gebeten.
1426818	Lui stava ascoltando la musica.	2898995	Er hörte Musik.
1426818	Lui stava ascoltando la musica.	2898996	Er hat Musik gehört.
350382	Ho fatto soltanto 33 punti al test.	2900263	Ich habe beim Test nur 33 Punkte erreicht.
2903172	"Qui fa un caldo da morire!" — "Qui invece piove che Dio la manda, che tempo da lupi!"	2903181	„Hier herrscht eine Affenhitze!“ — „Hier regnet es dagegen Bindfäden, so ein Hundewetter!“
2903232	Quali sono stati gli eventi principali dell'anno scorso?	2903238	Was sind die wichtigsten Ereignisse des vergangenen Jahres gewesen?
1211252	Mi piacerebbe avere una risposta.	2905243	Ich hätte gerne eine Antwort.
2905990	Pensate ai vostri figli.	2906646	Denkt an eure Kinder!
709300	È andata a fare una passeggiata.	2907722	Sie ist spazierengegangen.
2908030	Tom non vuole andare a letto immediatamente.	2908037	Tom will noch nicht gleich ins Bett gehen.
2909016	Anche io ho una pessima memoria.	2909017	Auch ich habe ein schlechtes Gedächtnis.
2384006	Non sei perfetta.	2912732	Du bist nicht perfekt.
2914755	Una parte di me è morta con te, ma vivi in me per sempre.	2914767	Ein Teil von mir ist mit dir gestorben, aber du wirst für immer in mir weiterleben.
602292	Le seguenti persone sono state sottoposte al test.	2916067	Die folgenden Personen wurden dem Test unterzogen.
995713	Mi sono innamorato di una ragazza viennese.	2925235	Ich habe mich in ein Wiener Mädchen verliebt.
995713	Mi sono innamorato di una ragazza viennese.	2925237	Ich habe mich in ein Mädchen aus Wien verliebt.
1652120	Non sono particolarmente abbiente.	2928360	Ich bin nicht besonders reich.
2934780	Il dialetto esprime bene il concetto.	2934802	Der Dialekt bringt die Idee gut zum Ausdruck.
2302237	Però non voglio.	2937080	Aber ich will nicht!
705912	Pensate che sia attraente?	2939632	Findet ihr sie attraktiv?
705912	Pensate che sia attraente?	2939635	Halten Sie sie für anziehend?
1241611	Mi piace il clima brasiliano.	2939802	Das brasilianische Klima gefällt mir.
1239627	Non sono stato in grado di finire i compiti.	2939805	Ich war nicht in der Lage, meine Hausaufgaben fertigzustellen.
1154095	Tom disse a Mary di parlare con John.	2939813	Tom sagte Mary, sie solle mit John sprechen.
1491428	Adesso con chi comincia?	2939843	Mit wem fange ich jetzt an?
2943718	Una quantità sorprendente di scalatori soffrono di acrofobia.	2943721	Erstaunlich viele Bergsteiger haben Höhenangst.
2943757	Molte persone soffrono di bassa autostima.	2943760	Viele Menschen leiden an geringem Selbstwertgefühl.
2947859	Non provo più rispetto per la gente che in passato potevo ammirare!	2947866	Ich spüre keinen Respekt mehr für die Leute, die ich in der Vergangenheit bewundern konnte.
2947874	Queste sono le ragazze!	2947876	Das sind die Mädchen!
2947878	Parli del litorale riminese?	2947880	Sprichst du vom Strand von Rimini?
2947881	Organizzerei qualcosa per la sera del 31.	2947884	Ich werde für den Abend des einunddreißigsten irgendwas organisieren.
2950921	Dicci qualcosa che non sappiamo.	2950922	Sag uns was, was wir noch nicht wissen.
2966517	La piantagione deve essere fatta in file parallele, mantenendo tra una fila e l'altra la distanza di venti centimetri.	2966842	Die Anpflanzung muss in parallel verlaufenden Reihen geschehen, wobei zwischen den Reihen ein Abstand von 20 Zentimetern einzuhalten ist.
1853547	Ti aiuterei se fossi in difficoltà.	2969803	Ich würde dir helfen, wenn du in Schwierigkeiten wärst.
1847866	Ho già mangiato.	2969821	Ich habe schon gegessen.
1847866	Ho già mangiato.	2969823	Ich habe bereits gegessen.
1965621	L'attività politica di un comunista dovrebbe essere comprendere la società per poi trasformarla.	2972061	Die politische Aktivität eines Kommunisten sollte sein, die Gesellschaft zu verstehen, um sie dann zu verändern.
2484584	Io ho chiamato e richiamato, però non c'è risposta.	2972795	Ich habe wieder und wieder gerufen, aber keine Antwort bekommen.
2484584	Io ho chiamato e richiamato, però non c'è risposta.	2972796	Ich habe wieder und wieder angerufen, aber keiner nimmt ab.
626428	Era là da solo.	2973204	Er war alleine da.
374433	Sono di Tokyo.	2973207	Ich bin aus Tokio.
2773702	Sono orgoglioso di essere italiano.	2973210	Ich bin stolz, Italiener zu sein.
2974623	Il corso di tedesco comincia il cinque ottobre.	2974645	Der Deutschkurs beginnt am fünften Oktober.
2977136	Io amo il crepuscolo.	2977151	Ich mag die Dämmerung.
2979863	Ti do tre giorni di tempo.	2979870	Ich gebe dir drei Tage Zeit.
2980670	Com'è andato il viaggio verso la Germania?	2980671	Wie ist die Reise nach Deutschland verlaufen?
2981248	Lui fece il suo dovere.	2981252	Er tat seine Pflicht.
2352182	Vi ho comprato un regalo.	2981719	Ich habe euch ein Geschenk gekauft.
2082071	Tu non puoi più vedere Tom.	2981727	Du kannst Tom nicht mehr sehen.
2470917	Mi sento un'intrusa.	2981890	Ich fühle mich wie ein Eindringling.
806681	Quella è la persona di cui ti ho parlato ieri.	2983128	Das ist die Person, von der ich dir gestern erzählt habe.
806681	Quella è la persona di cui ti ho parlato ieri.	2983130	Das ist der, von dem ich dir gestern erzählt habe.
806681	Quella è la persona di cui ti ho parlato ieri.	2983131	Das ist die, von der ich dir gestern erzählt habe.
2983415	Il nuovo anno non poteva che iniziare nella maniera peggiore.	2983421	Schlimmer hätte das neue Jahr nicht beginnen können.
2855461	Tom ha bisogno di risposte.	2983804	Tom braucht Antworten.
2587842	Sii gentile con tutti.	2983887	Sei freundlich zu allen.
2917018	Sono totalmente soddisfatta della mia nuova casa.	2983896	Ich bin völlig zufrieden mit meinem neuen Haus.
2866408	Tom abitava lì.	2983899	Tom lebte dort.
2866408	Tom abitava lì.	2983900	Dort hat Tom gewohnt.
373997	L'ho pagato la settimana scorsa.	2987430	Ich habe es letzte Woche bezahlt.
373997	L'ho pagato la settimana scorsa.	2987431	Ich zahlte es letzte Woche.
1922060	Scusami, però mi sento male.	2989318	Entschuldige, aber ich fühle mich nicht gut.
732631	Il generale conduce i suoi soldati.	2989333	Der General führt seine Soldaten.
410189	Una volta, Zhuangzi sognò di essere una farfalla, ma quando si svegliò, non era sicuro se era Zhuangzi che aveva sognato di essere una farfalla o se era una farfalla che ora stava sognando di essere Zhuangzi.	2989447	Einmal träumte Zhuangzi, ein Schmetterling zu sein. Aber als er aufwachte, war er nicht sicher, ob er Zhuanzi war, der geträumt hatte, ein Schmetterling zu sein, oder ein Schmetterling, der gerade träumte, Zhuangzi zu sein.
2989598	Il latticello è il sottoprodotto della trasformazione in burro della panna.	2989600	Die Buttermilch ist das Nebenprodukt der Herstellung von Butter aus Rahm.
2989598	Il latticello è il sottoprodotto della trasformazione in burro della panna.	2989607	Die Buttermilch ist das Nebenprodukt der Herstellung von Butter aus Sahne.
2989711	Dobbiamo uscire più spesso insieme.	2989724	Wir müssen öfter miteinander ausgehen.
2990712	Preparare il burro è molto più semplice di quanto possa sembrare.	2990718	Butter herzustellen, ist viel einfacher, als es scheinen mag.
1135813	Piangere non serve a molto.	2991708	Weinen nützt nicht viel.
1135813	Piangere non serve a molto.	2991710	Klagen hilft nicht weiter.
2995908	Improvvisamente dei sentimenti di tristezza inondavano la sua anima.	2995915	Plötzlich wurde seine Seele von traurigen Gefühlen überflutet.
2995908	Improvvisamente dei sentimenti di tristezza inondavano la sua anima.	2995932	Mit einem Mal wurde ihr Gemüt von traurigen Gefühlen überflutet.
2995923	Si vedeva come la salvatrice del mondo.	2995949	Sie sah sich als die Erretterin der Welt.
2995923	Si vedeva come la salvatrice del mondo.	2995954	Sie betrachtete sich als die Welterretterin.
2997073	Quell'argomentazione è nient'altro che retorica.	2997143	Diese Argumentation ist nichts als Rhetorik.
2998197	Davvero ti ho detto questo?	2998207	Hat er dir das wirklich gesagt?
3000202	Lui era introvabile.	3000522	Er war unauffindbar.
3000204	Lei era introvabile.	3000525	Sie war unauffindbar.
2336367	Aveva perso ogni speranza.	3001628	Sie hatte jede Hoffnung verloren.
839278	Non si può giudicare la gente solo dal suo aspetto esteriore.	3001679	Man darf die Menschen nicht nur nach ihrem Aussehen beurteilen.
2507459	L' Europa non ha bisogno di nessuno.	3003392	Europa braucht niemanden.
1922195	Mi è concesso nuotare nel fiume.	3003741	Man hat mir erlaubt, im Fluss zu schwimmen.
1922195	Mi è concesso nuotare nel fiume.	3003743	Ich darf im Fluss spielen.
1578347	Loro hanno visto un'autorità in lui.	3004354	Sie haben eine Autorität in ihm gesehen.
1578347	Loro hanno visto un'autorità in lui.	3004355	Sie betrachteten ihn als eine Autorität.
2489478	Non ho mai voluto farvi del male.	3005262	Ich wollte euch nie verletzen.
2489478	Non ho mai voluto farvi del male.	3005263	Ich hatte nie die Absicht, euch weh zu tun.
2799189	Amo la musica austriaca.	3005278	Ich mag österreichische Musik.
2799189	Amo la musica austriaca.	3005279	Ich liebe österreichische Musik.
2584211	È lontano andare a piedi! Prendiamo la macchina.	3005305	Das ist ziemlich weit für einen Fußmarsch! Nehmen wir das Auto.
3007272	A noi piace giocare nel fango!	3007293	Im Schlamm zu spielen gefällt uns!
3009062	Tom, portami un sandwich.	3009066	Tom, bring mir ein Sandwich!
3012115	Chi può prestarmi le fotocopie?	3012120	Wer kann mir die Fotokopien leihen?
3012762	La pasta riscaldata non è mai buona.	3012818	Eine wieder aufgewärmte Pasta ist niemals gut.
2897711	Ora sto scrivendo una lettera alla mia insegnante di cinese.	3013149	Ich schreibe gerade einen Brief an meine Chinesischlehrerin.
3013425	Non avete la febbre.	3013471	Ihr habt kein Fieber.
3013361	Lei non ha amiche vere.	3013478	Sie hat keine echten Freundinnen.
1475326	Tra il dire e il fare c'è di mezzo il mare.	3015290	Das Wort ist leicht, die Tat ist schwer, und dazwischen liegt das Meer.
2551145	Io l'ho provata.	3015337	Ich hab's versucht.
2551145	Io l'ho provata.	3015338	Ich habe es versucht.
3015439	Studio canto da circa 5 anni.	3015448	Seit ungefähr fünf Jahren studiere ich Gesang.
3015436	Non possiamo continuare così!	3015452	So können wir nicht weitermachen.
3017124	Dio mio, che spettacolo!	3017128	Mein Gott, was für ein Spektakel!
1090834	Mi dia un bicchiere d'acqua, per favore.	3017364	Geben Sie mir bitte ein Glas Wasser.
2769945	Mi dispiace di non aver fatto ciò che ha chiesto.	3017503	Es tut mir leid, dass ich nicht getan habe, worum Sie mich baten.
2769945	Mi dispiace di non aver fatto ciò che ha chiesto.	3017507	Es tut mir leid, dass ich nicht tat, worum er mich gebeten hat.
2769945	Mi dispiace di non aver fatto ciò che ha chiesto.	3017509	Es tut mir leid, dass ich nicht das tat, was sie wünschte.
2687296	Lei vive a San Pietroburgo.	3017520	Sie lebt in Sankt Petersburg.
2687296	Lei vive a San Pietroburgo.	3017521	Sie wohnen in Sankt Petersburg.
2010302	Amico mio, come stai?	3018832	Wie geht’s, mein Freund?
3018830	È importante stare bene nella propria pelle.	3018834	Es ist wichtig, sich in der eigenen Haut wohl zu fühlen.
740268	Lui guida troppo veloce.	3019477	Er fährt zu schnell.
2280228	Tutto va bene fino a quando non arrivano i problemi.	3026299	Solange keine Probleme auftreten, geht alles gut.
2991405	Ho bisogno di duecentocinquanta millilitri di panna.	3026887	Ich brauche einen Viertelliter Schlagobers.
2997036	Questo argomento è assolutamente ridicolo. Scordatelo!	3026897	Dieses Argument ist völlig lächerlich. Vergiss es!
3026907	Buone notizie dalla cucina: non è bruciato tutto.	3026909	Eine gute Nachricht aus der Küche: Es ist nicht alles verbrannt.
3026907	Buone notizie dalla cucina: non è bruciato tutto.	3026912	Gute Nachricht aus der Küche: Nicht alles ist verbrutzelt.
3027006	La bellezza non dice nulla sul carattere di una persona.	3027010	Schönheit sagt über den Charakter eines Menschen nichts aus.
2512721	Una frase contiene almeno un soggetto ed un verbo.	3027292	Ein Satz enthält mindestens ein Subjekt und ein Verb.
1859913	Questo cibo è prodotto in Germania da una ditta turca.	3027319	Dieses Nahrungsmittel ist in Deutschland von einer türkischen Firma hergestellt worden.
3028314	Dobbiamo capire tutti che la cosa più importante è essere belli dentro.	3028331	Wir alle müssen verstehen, dass es das Wichtigste ist, innerlich schön zu sein.
2818257	Voi andate via quest'estate?	3029472	Fahrt ihr diesen Sommer weg?
2762324	La mia famiglia è andata allo zoo a vedere i panda domenica scorsa.	3029505	Meine Familie ist letzten Sonntag in den Zoo gegangen, um sich die Pandas anzuschauen.
3035931	Perché siete in Italia? — Noi siamo in Italia per imparare la lingua italiana.	3035937	„Warum seid ihr in Italien?“ – „Wir sind in Italien, um die italienische Sprache zu lernen.“
3035929	La Sicilia e la Sardegna sono isole italiane.	3035939	Sizilien und Sardinien sind italienische Inseln.
3035616	La mia insegnante di storia è una vecchia portoghese.	3035981	Meine Geschichtslehrerin ist eine alte Portugiesin.
3039648	Dopo che Marco si è riposato un po', si alza, si lava, si veste e si prepara per uscire.	3039773	Nachdem sich Mark etwas ausgeruht hat, steht er auf, wäscht sich, zieht sich an und macht sich zum Hinausgehen fertig.
3039631	Non dimenticherò la gentilezza di Maria.	3039777	Ich werde die Liebenswürdigkeit von Maria nicht vergessen.
3039510	Prima mangerò e poi leggerò il giornale.	3039778	Erst werde ich essen und dann die Zeitung lesen.
3039464	Che cosa farai dopo che sarai guarito?	3039787	Was wirst du tun, wenn du wieder gesund bist?
3042259	La sua ironia è fuori luogo.	3042268	Seine Ironie ist fehl am Platz.
1767371	Bisogna fargli sapere chi sei.	3044416	Man muss ihnen erklären, wer du bist.
636142	Ogni volta che leggo questo romanzo, penso che sia veramente interessante.	3044453	Jedes Mal, wenn ich diesen Roman lese, finde ich ihn sehr interessant.
1117946	Da consumarsi preferibilmente entro il 20 novembre.	3045978	Mindestens haltbar bis zum zwanzigsten November.
2786116	Lui è tanto generoso quanto ricco.	3051838	Er ist so spendabel wie reich.
2786116	Lui è tanto generoso quanto ricco.	3051839	Er ist genauso freigiebig wie reich.
2786116	Lui è tanto generoso quanto ricco.	3051840	Er ist ebenso großzügig wie reich.
1035851	Prendi questa medicina e ti sentirai molto meglio.	3051949	Nimm diese Medizin und du wirst dich viel besser fühlen.
2042006	Noi li credevamo onesti.	3051992	Wir hielten sie für ehrlich.
1221895	Cosa vorrebbe dimostrare in quel modo?	3053749	Was möchte er damit beweisen?
1221895	Cosa vorrebbe dimostrare in quel modo?	3053754	Was möchte sie damit zeigen?
1221895	Cosa vorrebbe dimostrare in quel modo?	3053763	Was möchten Sie auf diese Weise darlegen?
3054144	Chi è quell'uomo? — Chi? L'uomo con cui parlavo prima?	3054534	„Wer ist der Mann da?“ – „Wer? Der Mann mit dem ich vorher gesprochen habe?“
3052523	Quale cravatta metti? — Metto quella che ho comprato ieri.	3054536	„Was für eine Krawatte ziehst du an?“ – „Ich ziehe die an, die ich gestern gekauft habe.“
3052481	Dammi quel libro, dammelo subito!	3054539	Gib mir das Buch da! Gib’s mir sofort!
876830	Per piacere rispondi a tutte le domande.	3059756	Bitte beantworte alle Fragen.
2991017	Perché non chiamate il servizio clienti?	3059813	Warum fragt ihr nicht den Kundendienst?
883368	Donna al volante pericolo costante.	3063452	Sitzt eine Frau am Steuer, wird die Fahrt oft ungeheuer.
3063757	Dal dentista mi sono fatto controllare i denti.	3063901	Beim Zahnarzt ließ ich mir die Zähne nachsehen.
1903502	Volevo leggerli.	3063938	Ich wollte sie lesen.
2926564	Tom lasciò un po' di soldi per Mary.	3063972	Tom ließ Mary etwas Geld da.
2095197	Avrei dovuto ascoltare Tom.	3065401	Ich hätte Tom zuhören sollen.
3067162	La crisi attuale è strutturale.	3067165	Die gegenwärtige Krise ist eine Strukturkrise.
3067299	La crisi attuale non è solo di natura economica.	3067300	Die gegenwärtige Krise ist nicht nur ökonomischer Natur.
3069274	Molte persone sono morte nell'incidente aereo.	3069278	Bei dem Flugunglück starben viele Menschen.
3070750	Il mare ha sempre qualcosa da raccontare.	3070756	Das Meer weiß stets etwas zu erzählen.
3073222	Lei non è mio padre!	3073458	Sie sind nicht mein Vater!
3073184	Mi chiedo se Tom lavori mai la domenica.	3073487	Ich frage mich, ob Tom jemals am Sonntag arbeitet.
3073183	I miei capelli sono ancora bagnati.	3073492	Mein Haar ist noch nass.
977813	Il secondo posto è il primo posto dei perdenti.	3073665	Der zweite Platz ist der erste Platz der Verlierer.
2736469	Sareste sorpresi di ciò che potete imparare in una settimana.	3073674	Ihr wärt überrascht, was ihr in einer Woche alles lernen könnt.
2443750	Giorgio Napolitano resterà in carica fino al termine del mandato, che scade a maggio. Il Presidente della Repubblica ha promesso di fare ogni sforzo affinché venga finalmente formato un nuovo governo.	3074676	Giorgio Napolitano verbleibt bis zum Ende seines Mandats, welches im Mai ausläuft, im Amt. Der Präsident der Republik hat versprochen, alles in seiner Macht Stehende zu tun, damit endlich eine neue Regierung gebildet wird.
1760905	Lui va in bici.	3074732	Er fährt Fahrrad.
1509415	Te lo dicono loro.	3074733	Sie sagen es dir.
1524004	Sembra che Tom sia depresso stamattina.	3074957	Tom sieht heute Morgen deprimiert aus.
3075004	Se sapete dove si può comprare la pazienza ditemelo.	3075005	Wenn ihr wisst, wo man Geduld kaufen kann, gebt mir Bescheid.
2822869	Tom è nato in Australia.	3075139	Tom ist in Australien geboren.
2822869	Tom è nato in Australia.	3075142	Tom wurde in Australien geboren.
710769	È in conferenza.	3075442	Er ist in einer Besprechung.
710769	È in conferenza.	3075443	Sie ist in einem Meeting.
3076044	Adesso ne abbiamo addirittura due.	3076048	Jetzt haben wir sogar zwei davon.
3076039	Non sarebbe leale!	3076049	Das wäre nicht legal!
3075972	Se non lo sai tu chi cazzo lo può sapere?	3076072	Wenn du es nicht weißt, wer zum Teufel kann es dann wissen?
3075971	L'unica cosa da fare è provare.	3076073	Das Einzige, was man tun kann, ist es zu versuchen.
3075969	Sono lesbica o sono etero?	3076074	Bin ich lesbisch oder hetero?
3075968	Anche tu hai trovato l'anima gemella.	3076075	Auch du hast deinen Seelenverwandten gefunden.
2852801	Starò col bebè se vuole andare.	3077029	Ich bleibe bei dem Baby, wenn Sie weggehen wollen.
2852801	Starò col bebè se vuole andare.	3077031	Ich werde bei dem Baby bleiben, wenn er gehen will.
2852801	Starò col bebè se vuole andare.	3077032	Ich bleibe bei dem Baby, wenn sie gehen will.
2416885	Quante foto ci sono in questo album?	3077588	Wie viele Fotos sind in diesem Album?
3078244	Mi piace il colore del disegno!	3078454	Mir gefällt die Farbe der Zeichnung!
3083456	Vivo qui da cinque anni.	3083605	Ich lebe seit fünf Jahren hier.
3083450	Starò via per due settimane.	3083606	Ich bin für zwei Wochen weg.
3083430	Marco ha parlato per due ore.	3083609	Mark hat zwei Stunden lang geredet.
3083418	Lavoro tre giorni alla settimana.	3083610	Ich arbeite drei Tage in der Woche.
3083416	È a due chilometri da qui.	3083611	Es ist zwei Kilometer von hier.
3083398	Sono uscito di casa verso le otto.	3083612	Ich bin gegen acht von zu Hause fortgegangen.
3083377	È la nave per Genova?	3083613	Fährt das Schiff nach Genua?
3088580	In Italia a troppa gente piace rubare.	3088590	In Italien gibt es zu viele Leute, die gern stehlen.
3088962	Le pantofole sono sotto il letto.	3089103	Die Hausschuhe sind unterm Bett.
3088896	L'ho vista piangere.	3089108	Ich habe sie weinen gesehen.
3088892	L'ho visto piangere.	3089110	Ich habe ihn weinen gesehen.
3092035	L'ipocondria colpisce gli uomini colti e abituati a ragionare.	3092047	Die Hypochondrie befällt die gebildeten und grüblerischen Menschen.
3093417	Sii un po' più specifico!	3093422	Werde doch mal etwas konkreter!
3095650	Se avessi avuto tempo, ti avrei accompagnato.	3095742	Hätte ich Zeit gehabt, hätte ich dich begleitet.
3095623	Voglio sapere la verità.	3095743	Ich will die Wahrheit wissen.
2427057	I gufi hanno gli occhi grandi.	3098463	Uhus haben große Augen.
3099581	Mi avete infettato voi!	3099583	Ihr habt mich angesteckt!
3101067	L'Italia ha due catene montuose, le Alpi e gli Appennini.	3101075	Italien hat zwei Gebirgsketten, die Alpen und die Apenninen.
3102017	Un efficace metodo per impedire all'umidità di diffondersi consiste nel tagliare la muratura con una macchina apposita e collocare nella fessura in tal modo creata una lamina di resina sintetica.	3102059	Eine wirksame Methode, um die Ausbreitung von Feuchtigkeit zu verhindern, besteht darin, das Mauerwerk mit einer speziellen Maschine aufzuschneiden und in den auf diese Weise geschaffenen Spalt Kunstharzplatten einzulegen.
3102631	Un rimedio efficace per tenere lontana l'umidità consiste nell'isolare la parete contro il terrapieno mediante un'intercapedine riempita di pietrame secco.	3102636	Ein wirksame Maßnahme zum Fernhalten von Feuchtigkeit, besteht darin, die Mauer gegenüber der Erdanschüttung durch einen mit trocken Steinen verfüllten Zwischenraum abzudämmen.
3102890	Non mi piace quando qualcuno insiste su una cosa.	3102902	Ich mag es nicht, wenn jemand auf etwas beharrt.
3103042	Sulle pareti di casa nostra si formarono macchie di umido.	3103043	An den Wänden unseres Hauses bildeten sich Feuchtigkeitsflecken.
3104096	Mi tolsi le scarpe.	3104723	Ich zog mir dir die Schuhe aus.
3104095	Mi sono tolta le scarpe.	3104724	Ich habe mir die Schuhe ausgezogen.
3104089	L'apprendimento delle lingue non è una gara a breve distanza; è una maratona.	3104730	Sprachen zu lernen ist kein Kurzstreckenlauf; es ist ein Marathon.
3104068	Lei ha preso la mia bicicletta davanti ai miei occhi; non me l'ha nemmeno chiesta!	3104787	Sie hat mir mein Fahrrad vor meinen Augen weggenommen; sie hat mich nicht einmal gefragt!
3104067	Ha preso la mia bicicletta davanti ai miei occhi; non me l'ha nemmeno chiesta!	3104792	Er hat mir mein Fahrrad vor meinen Augen weggenommen; er hat mich nicht einmal gefragt!
3104062	Non possiamo dirlo a nessuno.	3104800	Wir können es niemandem sagen.
3104060	Tom sa che è vero.	3104802	Thomas weiß, dass es wahr ist.
3104059	È probabile che lui passi l'esame.	3104805	Es ist wahrscheinlich, dass er die Prüfung besteht.
3104058	È probabile che passi l'esame.	3104807	Es ist wahrscheinlich, dass sie die Prüfung besteht.
3104049	In casa mia mi sento come un lupo addomesticato.	3104810	In meinem Haus fühle ich mich wie ein gezähmter Wolf.
3104047	Mi fate venire solo la voglia di affogare nel mio vomito.	3104813	Ihr weckt in mir nur die Lust, in meiner eigenen Kotze zu ersaufen.
3104039	Lei è lo sceriffo?	3104815	Sie ist der Sheriff?
1409582	Noi giovani cambieremmo volentieri lavoro ogni tanto, se avessimo effettivamente un lavoro da cambiare.	3105239	Wir jungen Leute würden gerne hin und wieder die Arbeit wechseln, wenn wir denn eine Arbeit zum Wechseln hätten.
662924	Cosa pensi di queste persone?	3105285	Was hältst du von diesen Leuten?
662924	Cosa pensi di queste persone?	3105287	Was denkst du über diese Leute?
1439050	Ho da studiare un sacco anch'io!	3105422	Ich hab auch noch ordentlich was zu lernen!
353439	Quel bambino lì sarà il fratello di Tom.	3105424	Der Junge dort wird Toms Bruder sein.
3105906	In aggiunta a quella somma mi deve ancora dieci dollari.	3106142	Zusätzlich zu dieser Summe schuldet er mir noch zehn Dollar.
3111938	Io non ho paura dei russi.	3111940	Ich habe keine Angst vor den Russen.
3118016	Con l'attuale dicitura possono partecipare anche i rappresentanti dei länder tedeschi e dei viceministri italiani.	3118022	Beim derzeitigen Wortlaut können auch die Vertreter der deutschen Bundesländer und der italienischen Vizeminister teilnehmen.
3116702	Ho un orologio prodotto in Giappone che tiene il tempo molto bene.	3124686	Ich habe eine in Japan hergestellte Uhr, die sehr genau geht.
3007335	Ero ancora a casa.	3131893	Ich war noch zuhause.
985205	Questo l'ha scritto lui?	3131953	Das hat er geschrieben?
3140457	Ha ottenuto un lavoro part-time in modo che potesse studiare all'università.	3140471	Sie hat eine Teilzeitarbeit gefunden, so dass sie an der Universität studieren kann.
3140938	Anche i sogni irraggiungibili si possono avverare?	3140941	Können selbst unerreichbare Träume wahr werden?
2878521	Quando si chiarirà questo mistero?	3143614	Wann wird sich dieses Rätsel klären?
1828255	Non mi disturbi, sto studiando una cosa difficile.	3143615	Stör mich nicht, ich studiere eine schwierige Angelegenheit.
2939407	Li condividerò con te.	3143616	Ich werde sie mit dir teilen.
3014827	Tom pensa di poter riconoscere quando Mary sta mentendo.	3143617	Thomas glaubt, er könne erkennen, wann Maria lügt.
2561046	Ne ero sicuro.	3143618	Dessen war ich mir sicher.
2901427	Ho visto il treno entrare nella stazione.	3143620	Ich sah den Zug in den Bahnhof einfahren.
3083187	Sei italiano? — No, non sono italiano.	3144910	„Bist du Italiener?“ – „Nein, das bin ich nicht.“
3107533	Dovete lavorare per salvare il vostro matrimonio.	3145188	Sie müssen daran arbeiten, Ihre Ehe zu retten.
2554190	Ti troverò.	3145238	Ich werde dich finden.
569601	Non riesco proprio a classificare il suo accento straniero.	3145239	Es gelingt mir nicht, seinen Akzent einzuordnen.
2808511	Tom ha fatto irruzione.	3145241	Thomas ist eingebrochen.
2021656	Tom dovrebbe essere qui.	3145242	Thomas sollte hier sein.
3040409	Noi dobbiamo dividerci.	3145243	Wir müssen uns aufteilen.
2190428	Tom sta bluffando.	3145244	Thomas blufft.
2002365	Tom non riesce a partire.	3145245	Thomas kann nicht weggehen.
1455503	L'avete guardato?	3145246	Habt ihr es beobachtet?
2967954	Ma statevene a casa che è meglio.	3145247	Aber es ist besser zu Hause zu bleiben.
1535909	Voglio che rinnovi la casa.	3145249	Ich möchte, dass du das Haus sanierst.
2686890	Lui ha bisogno di voi.	3145250	Er braucht Sie.
993692	Ho fatto un'enorme coglionata.	3145251	Ich habe einen Riesenunsinn gemacht.
1211169	Molti illustri filosofi e poeti vengono da Atene.	3147500	Viele berühmte Philosophen und Dichter stammen aus Athen.
1988959	Dobbiamo prenderci le misure.	3148014	Wir müssen Maßnahmen ergreifen.
3117546	L'uomo è descritto con più attenzione della donna.	3148019	Der Mann ist mit größerer Aufmerksamkeit beschrieben als die Frau.
1345594	Dobbiamo rimpolpare la nostra organizzazione.	3148023	Wir müssen unsere Organisation stärken.
1671237	Non c'è nessuno che vuole andare lì.	3148025	Es gibt niemanden, der dahin gehen möchte.
3154559	Non voglio mangiare questo.	3154569	Ich will das nicht essen.
3155044	Muovi il culo!	3155051	Beweg deinen Arsch!
3156514	Ho finito di scrivere.	3156519	Ich bin mit dem Schreiben fertig.
3157127	Non mi piace il modo in cui mi parla.	3157133	Mir gefällt nicht, wie er mit mir spricht.
3158625	Il signor Nero oggi non c'è.	3158626	Herr Schwarz ist heute nicht da.
3158770	Per i posti di assistenti assumono sia donne che uomini.	3158772	Als Assistenten werden sowohl Frauen als auch Männer eingestellt.
3160826	Mia sorella mi ha aperto la porta.	3160827	Meine Schwester öffnete mir die Tür.
3163666	Recentemente ha dato alla luce un bambino e si trova in libertà provvisoria.	3163686	Sie hat jüngst ein Kind bekommen und genießt derzeit Haftverschonung.
2191760	Sono tornati.	3173683	Sie sind wieder da.
3181412	Pregustavo già un tranquillo fine settimana.	3181413	Ich habe mich schon auf eine ruhiges Wochenende gefreut.
3181427	Non ci hanno raccontato niente.	3181428	Sie haben uns nichts erzählt.
1083153	Il nuovo progetto di legge sarà discusso in parlamento.	3184490	Die neue Gesetzvorlage wird im Parlament diskutiert werden.
3212938	Mia nonna è molto anziana.	3212940	Meine Großmutter ist sehr alt.
3212951	Tuo figlio deve fare più attenzione a scuola.	3212967	Dein Sohn muss in der Schule besser aufpassen.
3212987	Ci siamo conosciuti a una festa.	3212989	Wir haben uns auf einem Fest kennengelernt.
3213018	Gli allievi di questa scuola indossano un'uniforme.	3213024	Die Schüler dieser Schule tragen eine Uniform.
3213045	A che età hai cominciato a suonare il pianoforte?	3213049	In welchem Alter hast du begonnen, Klavier zu spielen?
2752321	Tom ha chiuso a chiave la porta.	3213490	Tom schloss die Tür ab.
2752321	Tom ha chiuso a chiave la porta.	3213492	Tom hat die Türe abgeschlossen.
2431568	L'abbiamo provata.	3213580	Wir haben es versucht.
996000	Buona fortuna con il suo lavoro!	3218015	Viel Glück bei Ihrer Arbeit!
2835099	Non lo conosco, né mi interessa conoscerlo.	3218016	Weder kenne ich ihn, noch interessiert mich ihn kennenzulernen.
2065267	Io pensavo che Tom stesse dormendo.	3218024	Ich dachte, dass Tom schlafe.
3097179	Facciamo colazione e poi usciamo.	3224630	Frühstücken wir und gehen dann raus.
3097179	Facciamo colazione e poi usciamo.	3224633	Lasst uns frühstücken und dann rausgehen.
3011005	Purtroppo, come sai, non potevo permettermelo.	3224784	Aber wie du weißt, konnte ich es mir nicht leisten.
3225640	Lei ha circa la vostra età.	3225737	Sie ist ungefähr in eurem Alter.
3225632	Ha circa la sua età.	3225763	Er ist ungefähr in Ihrem Alter.
1835970	Credo sia necessario che tu mangi di più.	3233302	Ich glaube, du musst mehr essen.
1996762	Io apprezzo la tua fiducia in me.	3233306	Ich weiß dein Vertrauen in mich zu schätzen.
1529371	Quale preferisci?	3233311	Welches ist dir lieber?
1529371	Quale preferisci?	3233312	Welches ziehst du vor?
1529371	Quale preferisci?	3233314	Welches bevorzugst du?
1518557	Lui si comportò male.	3233316	Er hat sich schlecht benommen.
620652	Uno è rosso e l'altro è bianco.	3233376	Einer ist rot und der andere weiß.
3233307	Il medico ha mandato il paziente vivo all'obitorio.	3234254	Der Arzt hat den lebenden Patienten ins Leichenschauhaus bringen lassen.
3233327	Il suo sogno è di lavorare in un obitorio.	3234278	Es ist ihr Traum, im Leichenschauhaus zu arbeiten.
1606292	Qual è una buona terapia per l'insonnia?	3235083	Was ist eine gute Therapie gegen Schlaflosigkeit?
3237819	Non voglio restare qui.	3238002	Ich will hier nicht bleiben.
3237694	Io non ho ancora pagato Tom.	3238014	Ich habe Tom noch nicht bezahlt.
3219858	Sono solo dei ciarlatani?	3238401	Sind sie lediglich Scharlatane?
3183187	Mi abbracceresti?	3239232	Würdest du mich umarmen?
1100012	Ha preso parte alla discussione ieri?	3239243	Haben Sie gestern an der Diskussion teilgenommen?
1100012	Ha preso parte alla discussione ieri?	3239244	Hat er sich gestern an der Diskussion beteiligt?
1100012	Ha preso parte alla discussione ieri?	3239246	War sie gestern an der Diskussion beteiligt?
2477551	Loro hanno bisogno di qualche direzione.	3239253	Sie brauchen etwas Führung.
2697179	Lasci questo paese.	3239304	Verlasse dieses Land.
2523761	C'è un tavolo.	3239320	Da ist ein Tisch.
1800899	Guardate quel gatto. È del signor Brown.	3239325	Seht mal die Katze da. Das ist die von Herrn Brown.
1830119	È un classico.	3239330	Das ist ein Klassiker.
3239440	Gridava ma nessuno la sentiva.	3239450	Sie schrie, aber keiner hörte sie.
1221434	Ma chi si compra queste cuffie?	3245539	Aber wer kauft sich diese Kopfhörer?
547096	Il rospo divenne un principe.	3245548	Der Frosch wurde ein Prinz.
2845188	Mary sta mostrando dei segni di una grave depressione.	3245997	Mary zeigt Anzeichen einer schweren Depression.
2455836	Prendiamoci un bicchiere di champagne.	3247232	Lasst uns ein Glas Champagner trinken.
3247590	Tom aveva 30 anni.	3247598	Tom war dreißig Jahre alt.
1184293	Vado al cinema ogni tre giorni, facendo la media.	3248204	Ich gehe durchschnittlich drei Mal pro Woche ins Kino.
2962516	La creatività è ovunque.	3249423	Kreativität ist allgegenwärtig.
949680	Le persone anziane si raffreddano facilmente.	3249479	Alte Leute erkälten sich schnell.
3250018	La mia morosa è molto bella.	3250025	Meine Freundin ist wunderschön.
3252886	Conosco qualche parole di francese, quel tanto che basta per farmi capire.	3252895	Ich kenne ein paar französische Wörter, gerade genug, um mich verständlich zu machen.
855847	L'esperimento è fallito.	3254776	Das Experiment ist gescheitert.
3255769	Ma come siamo carine nella nostra bella casetta!	3255806	Was sind wir doch niedlich in unserem hübschen Häuschen!
1762754	L'unica situazione in cui è giusto raccogliere un uccellino è se l'animale è ferito. Negli altri casi è più che sufficiente toglierlo dalla strada e collocarlo in un cespuglio, sopra un davanzale, sopra un albero eccetera. E lasciare che i genitori continuino a prendersene cura. È la natura, ragazzi; meno si interviene e meglio è!	3256129	Die einzige Situation, in der man einen Vogel mitnehmen darf, ist, wenn das Tier verletzt ist. In anderen Fällen reicht es vollkommen aus, ihn von der Straße zu nehmen und ihn in einen Busch, auf ein Fensterbrett, einen Baum oder etwas Ähnliches zu setzen. Und überlasst es den Eltern, sich weiter um ihn zu kümmern. Das ist die Natur, Kinder; je weniger man eingreift, desto besser!
3262886	Dov'è il sole?	3262935	Wo ist die Sonne?
3262877	Ho visto uno simile.	3262940	Ich habe ein ähnliches gesehen.
3262877	Ho visto uno simile.	3262942	Ich habe einen ähnlichen gesehen.
3262877	Ho visto uno simile.	3262943	Ich habe eine ähnliche gesehen.
3262887	Ci sta mettendo duramente alla prova!	3262947	Er stellt uns ernsthaft auf die Probe!
3262876	Ciò nonostante, io voglio vederla.	3262948	Trotzdem will ich sie sehen.
3262874	È molto nuvoloso, penso che pioverà.	3262950	Es ist stark bewölkt, ich glaube, es wird regnen.
3262869	Una nuvola nasconde il sole.	3262958	Eine Wolke verbirgt die Sonne.
3262860	Parcheggiate la macchina all'ombra.	3262960	Parkt das Auto im Schatten.
3262856	Sia Tom che Mary si fidavano di John.	3262963	Sowohl Tom als auch Mary vertrauten John.
2172800	Lei è famosa come dottoressa.	3263098	Sie ist als Ärztin berühmt.
3263115	È cominciata l'estate.	3263468	Der Sommer hat begonnen.
1193422	Portate vostra sorella la prossima volta.	3271671	Bringt nächstes Mal eure Schwester mit.
1891574	Queste analisi storiche sono di parte e non obiettive.	3271806	Diese historischen Analysen sind parteiisch und nicht objektiv.
1513678	Allora non sono l'unico.	3277590	Dann bin ich nicht der Einzige.
2960717	Io sarò libero stasera.	3278547	Ich bin heute Abend frei.
3175613	Io ero uno degli studenti migliori della classe.	3278574	Ich war einer der klassenbesten Schüler.
3175613	Io ero uno degli studenti migliori della classe.	3278575	Ich war einer der besten Schüler der Klasse.
3102429	Quand'è stata l'ultima volta che vi siete connessi a Internet?	3278631	Wann war das letzte Mal, dass ihr ins Internet gegangen seid?
3102429	Quand'è stata l'ultima volta che vi siete connessi a Internet?	3278634	Wann war das letzte Mal, dass Sie sich mit dem Internet verbunden haben?
411822	Ho aiutato mia madre a pulire la cucina.	3278663	Ich habe meiner Mutter geholfen, die Küche zu putzen.
3157546	La mia amica Judy è in Olanda con sua zia Greta.	3280336	Meine Freundin Judy ist mit ihrer Tante Greta in Holland.
3299702	Complimenti per questo programma che è sempre interessantisimo.	3299703	Herzlichen Glückwunsch zu diesem Programm, das immer ungeheuer interessant ist.
1588096	La polizia è arrivata sulla scena dell'incidente.	3304909	Die Polizei hat den Unfallort erreicht.
3157759	"Da quanto tempo siete amici?" "Da quando abbiamo tre anni, e non abbiamo mai litigato."	3307927	„Wie lange seid ihr schon Freunde?“ - „Seit wir drei Jahre alt waren, und wir haben uns nie gestritten.“
3222601	Io voglio qualcuno con cui parlare.	3307958	Ich möchte jemanden, mit dem ich sprechen könnte.
1684520	La sua telefonata lo mandò in sollucchero.	3317988	Ihr Anruf hat ihn hoch erfreut.
3282150	In Italia vivete ancora all'età della pietra.	3318334	Ihr lebt in Italien noch in der Steinzeit.
3117956	Slovenia, Cipro e Slovacchia hanno l'euro.	3319833	Slowenien, Zypern und die Slowakei haben den Euro.
2504549	Dovete fare spazio per il televisore.	3321529	Ihr müsst Platz für den Fernseher schaffen.
3185721	Allora perché mi eviti?	3321533	Also warum weichst du mir aus?
3185721	Allora perché mi eviti?	3321534	Warum meidest du mich dann?
3155240	Morirò per lei.	3321535	Ich werde für sie sterben.
3155240	Morirò per lei.	3321536	Ich werde für Sie sterben.
3240928	Sono abbastanza curioso.	3321568	Ich bin ziemlich neugierig.
2992378	Chi hai già fatto arrestare?	3321571	Wen hast du schon verhaften lassen?
2560256	Saremo in grado di vincere l'Apocalisse?	3321602	Werden wir die Apokalypse überstehen können?
2921039	Ho finito il mio sandwich.	3323618	Ich habe mein Sandwich aufgegessen.
1113244	Tom ci insegna il francese.	3323655	Tom unterrichtet uns in Französisch.
1689005	Un uccello è volato sull'albero.	3323680	Ein Vogel flog auf den Baum.
1689005	Un uccello è volato sull'albero.	3323681	Ein Vogel ist auf den Baum geflogen.
3328686	Siete utenti registrati?	3328691	Seid ihr registrierte Benutzer?
3328685	Siete utenti registrati.	3328693	Ihr seid registrierte Benutzer.
3328679	Mi mancavi, mare!	3328704	Du hast mir gefehlt, Meer!
3328677	Vi capirete alla perfezione!	3328710	Ihr werdet euch perfekt verstehen!
3328673	Noi siamo separate.	3328726	Wir sind getrennt.
3328661	Chi compra avorio dovrebbe finire così!	3328755	Jemand, der Elfenbein kauft, sollte so enden!
3328662	Chi compra avorio dovrebbe finire così?	3328756	Sollte jemand, der Elfenbein kauft, so enden?
3328657	Sembra che svaniscano.	3328758	Sie scheinen sich in Luft aufzulösen.
1123971	Tom è arrivato a Boston ieri.	3335779	Tom kam gestern in Boston an.
3328667	Ancora sette giorni poi rivedo la mia bimbina!	3338133	Noch sieben Tage, dann sehe ich meine Süße wieder!
1859911	Questa carne rimane congelata finché non si cucina.	3339532	Dieses Fleisch bleibt bis zur Zubereitung gefroren.
1859911	Questa carne rimane congelata finché non si cucina.	3339534	Dieses Fleisch verbleibt bis zur Zubereitung in gefrorenem Zustand.
3339233	Il direttore fornì i chiarimenti che riteneva necessari.	3340544	Der Direktor gab die von ihm als notwendig erachteten Erklärungen.
1990106	Lei è più bella di qualsiasi altra ragazza.	3340650	Sie ist schöner als jedes andere Mädchen.
1990106	Lei è più bella di qualsiasi altra ragazza.	3340651	Sie sind schöner als jedes andere Mädchen.
2262458	Tom e Mary concordano.	3340662	Tom und Mary stimmen überein.
1979720	Le vacanze estive iniziano in luglio.	3340678	Die Sommerferien fangen im Juli an.
3197526	Andiamo a fare surf?	3340699	Gehen wir surfen?
3343183	Qualcuno sa pronunciare questa parola?	3343262	Kann einer dieses Wort aussprechen?
3343926	Tom non sa né leggere né scrivere.	3343934	Tom kann weder lesen noch schreiben.
2985139	Chi non ama le bestie, non ama i cristiani.	3350998	Wer die Tiere nicht liebt, liebt auch nicht die Christen.
3352813	L'unico giorno libero che ho lo volevo passare in piscina e invece è brutto tempo.	3352820	An seinem einzigen freien Tag, den er im Schwimmbad verbringen wollte, herrscht hingegen schlechtes Wetter.
3358437	Le frasi cambiano significato se si cambia la punteggiatura.	3358487	Die Bedeutung der Sätze verändert sich, wenn man die Zeichensetzung ändert.
3364494	Sono difficili da capire le donne?	3364681	Ist es schwer, Frauen zu verstehen?
3364493	Sono difficili da capire le donne.	3364682	Es ist schwer, Frauen zu verstehen.
3364487	Io mi occuperò di tutto.	3364683	Ich kümmere mich um alles.
3364480	Avrebbe voluto che il bel cane appartenesse a lei.	3364684	Sie wollte, dass der schöne Hund ihr gehöre.
3364476	Avete avuto notizie dalla vostra amica di recente?	3364685	Hast du keine Nachrichten von deinem Freund in letzter Zeit gehört?
3364471	Hai avuto notizie dal tuo amico di recente?	3364686	Hast Du von deinem Freund in letzter Zeit gehört?
2917017	Io sono totalmente soddisfatto della mia nuova casa.	3367937	Ich bin mit meinem neuen Haus völlig zufrieden.
3137789	Voi non tendete ad avere mal d'auto?	3368035	Wird euch nicht im Auto leicht übel?
2874959	Fate parte del problema.	3369320	Ihr seid Teil des Problems.
2612054	Loro stanno lavorando al momento?	3369322	Arbeiten sie gerade?
2163773	Io sono una cittadina degli Stati Uniti.	3369387	Ich bin eine Bürgerin der Vereinigten Staaten.
2941539	Non posso aspettare qui così.	3369610	Ich kann hier nicht so warten.
2553727	Mi sono sposata.	3369616	Ich habe geheiratet.
3116666	Non siamo restate a casa ieri.	3369743	Wir sind gestern nicht zu Hause geblieben.
3284400	Quando sono andato a trovare Ken stava studiando.	3369817	Als ich Ken besucht habe, lernte er.
3149637	Lo sapete che non mi piacciono le uova.	3369879	Ihr wisst doch, dass ich keine Eier mag.
3369955	Il suo miagolio incessante ha allarmato ogni cane in un raggio di 500 piedi.	3369961	Sein unaufhörliches Miauen hat jeden Hund in einem Umkreis von fünfhundert Fuß in Alarmzustand versetzt.
3372510	Da giovane ero peggio, molto peggio di come sono ora!	3372523	In meiner Jugend war ich noch viel schlimmer als jetzt!
3375709	Dato che faremo tutti vacanze diverse, cosa ne dite di fare un giorno tutti insieme al mare?	3375954	Da wir alle getrennt Urlaub machen, wie wäre es mit einem gemeinsamen Tag am Strand?
3375705	Cosa ne dite di fare un giorno tutti insieme al mare?	3375955	Wie wäre es mit einem gemeinsamen Tag am Strand?
3375703	Lui è stato trattato bene ma era ancora spaventato.	3375956	Er wurde gut behandelt, hat aber immer noch Angst.
3375668	Vuole farmi credere che quest'estate in Italia non ci sarà un solo festival musicale con ospiti stranieri?	3375958	Möchten Sie, dass ich glaube, dass es in diesem Sommer in Italien kein einziges Musikfestival mit ausländischen Gästen gibt?
2163607	Hanno annullato il festival.	3375962	Sie haben das Festival abgesagt.
3380797	Di che colore era il cavallo bianco di Napoleone?	3380805	Welche Farbe hatte das weiße Pferd Napoleons?
3380797	Di che colore era il cavallo bianco di Napoleone?	3380806	Welche Farbe hatte der Schimmel von Napoleon?
3075993	Sei ancora arrabbiata?	3383615	Bist du noch aufgebracht?
3387899	Tu sei un allenatore, io no.	3387902	Du bist Trainer, nicht ich.
3387999	Noi viaggeremo se l'automobile è pronta.	3388475	Wir werden abreisen, wenn das Auto fertig ist.
1677139	Ti farò un video.	3388487	Ich werde dir ein Video machen.
3388972	Ho trent'anni.	3389190	Ich bin 30 Jahre alt.
3388935	George il Solitario è deceduto.	3389199	Der einsame George ist verstorben.
3388922	Lavoro duramente in giardino la mattina.	3389202	Ich arbeite morgens hart im Garten.
3388918	Non so suonare molto bene la chitarra.	3389224	Ich kann nicht sehr gut Gitarre spielen.
3388744	Io l'ho detto per compiacere mia madre.	3389247	Ich habe es gesagt, um meiner Mutter zu gefallen.
3388743	L'ho detto per compiacere mia madre.	3389250	Ich sagte das, um meiner Mutter zu gefallen.
3392517	Buon compleanno, piccola mia. Sei la mia vita e mi hai reso una persona migliore.	3392526	Herzlichen Glückwunsch zum Geburtstag, meine Kleine! Du bist mein Leben und hast einen besseren Menschen aus mir gemacht.
3112110	Io preferirei andare a nuotare.	3394715	Ich würde lieber schwimmen gehen.
3112110	Io preferirei andare a nuotare.	3394718	Ich ginge lieber schwimmen.
2695376	Lui è il mio amico il cui nome è Jack.	3394856	Er ist mein Freund und heißt Jack.
2142779	Non faccia rumore, sto studiando.	3395632	Lärmen Sie nicht, ich lerne!
2846521	Io non so nulla di Tom.	3395646	Ich weiß nichts über Tom.
622128	Siete belle.	3395654	Ihr seid schön.
3146638	Guardare e non toccare è una cosa da imparare.	3395726	Das Berühren der Figüren mit den Pfoten ist verboten.
2838596	Il fuoco è spento.	3395790	Das Feuer ist erloschen.
3400414	Voi eravate al concerto?	3400429	Waren Sie im Konzert?
3405783	Sto cercando il numero di telefono del servizio di consegna della pizzeria in via Rose.	3406620	Ich suche gerade die Telefonnummer des Lieferservice der Pizzabäckerei in der Rosenstraße.
3412007	Vai a casa!	3412012	Geh nach Hause!
3416167	Non sapevo che fossimo parenti. Ho scelto che sei mio nipote! O preferivi zio?	3416710	Ich wusste nicht, wie du zur Familie gehörst. Ich entschied mich, dass du mein Neffe bist! Oder bevorzugst du Onkel?
3416160	A Tom piaceva lavorare qui.	3416712	Tom genoss es, hier zu arbeiten.
3416158	In estate è sempre il momento giusto per un buon gelato.	3416713	Im Sommer ist es immer die richtige Zeit für ein gutes Eis.
3418769	Non ci crederà, ma anche a me fanno lo stesso effetto!	3418797	Sie werden es nicht glauben, aber auch auf mich haben sie die gleiche Wirkung!
3418764	Hai assolutamente ragione!	3418837	Du hast vollkommen recht!
3420510	Molte mamme che lavorano sono piene di sensi di colpa.	3420513	Viele arbeitende Mütter sind voller Schuldgefühle.
3420818	Ma come cavolo è possibile?	3420832	Wie zum Kuckuck ist das möglich?
3421136	Il Palazzo dei Normanni costruito nel punto più elevato dell'antico nucleo cittadino è oggi sede dell'Assemblea regionale siciliana.	3421142	Der auf dem höchsten Punkt des alten Stadtkerns erbaute Palast der Normannen ist heute Sitz der Sizilianischen Regionalversammlung.
3421433	"Quali sono i generi più venduti?" — "I libri più venduti sono quelli per bambini e ragazzi."	3421438	„Welche Genres verkaufen sich am besten?“ — „Am besten verkaufen sich Kinder- und Jugendbücher.“
3421486	Quali sono le difficoltà di questo lavoro?	3421493	Welche Schwierigkeiten gibt es bei dieser Arbeit?
3421525	Che belle donne!	3421526	Was für schöne Frauen!
3421601	Qual è la differenza fra una libreria in un piccolo centro e in una grande città?	3421602	Was ist der Unterschied zwischen einer Buchhandlung in einem kleinen Ort und in einer großen Stadt?
3421677	Gli italiani sono molto simpatici.	3421678	Die Italiener sind sehr nett.
3421682	Che lingue parlate in famiglia?	3421711	Welche Sprachen werden in Ihrer Familie gesprochen?
3421682	Che lingue parlate in famiglia?	3421712	Welche Sprachen werden in deiner Familie gesprochen?
3421682	Che lingue parlate in famiglia?	3421713	Welche Sprachen werden in eurer Familie gesprochen?
3425206	Dobbiamo preparare il duetto?	3425213	Müssen wir das Duett vorbereiten?
3425202	Sai già cosa devi fare.	3425215	Du weißt bereits, was zu tun ist.
3106326	Tom è seduto da solo sotto quell'albero laggiù.	3425370	Tom sitzt allein unter diesem Baum dort.
3106326	Tom è seduto da solo sotto quell'albero laggiù.	3425372	Tom sitzt allein unter dem Baum dort drüben.
3425602	Insieme ai miei fratelli gestisco un ristorante nel centro storico della città.	3425766	Zusammen mit meinen Brüdern führe ich ein Restaurant im Zentrum der Altstadt.
3426023	Questo è stato motivo per me per intraprendere lo stesso tipo di carriera.	3426024	Dies war für mich der Grund, ebenfalls eine derartige Laufbahn einzuschlagen.
3437671	Dovremmo celebrare la vittoria.	3437706	Wir sollten den Sieg feiern.
3440266	Irritarsi per una critica vuol dire riconoscere di averla meritata.	3440268	Sich über eine Kritik zu ärgern, heißt einzugestehen, dass sie berechtigt ist.
3440266	Irritarsi per una critica vuol dire riconoscere di averla meritata.	3440278	Wer sich über Kritik ärgert gibt zu, dass sie berechtigt ist.
3441099	Ma cosa sono quelle cose rosse, carne o cipolle?	3441102	Was ist denn dieses rote Zeug da, Fleisch oder Zwiebel?
3441267	La gente sta diventando troppo intelligente?	3441293	Werden die Menschen zu intelligent?
2168405	Sono una berlinese.	3443937	Ich bin eine Berlinerin.
2168405	Sono una berlinese.	3443938	Ich bin Berlinerin.
3322108	Lo sapete che Tom sta dicendo la verità.	3456296	Ihr wisst, dass Tom die Wahrheit sagt.
1311038	Questo ti può servire.	3456317	Das hier könnte dir nützen.
3024542	Sei andato a Boston, giusto?	3457624	Du bist nach Boston gegangen, stimmt's?
2515071	È triste.	3459046	Er ist traurig.
2515071	È triste.	3459047	Sie ist traurig.
2515071	È triste.	3459048	Es ist traurig.
2515071	È triste.	3459049	Sie sind traurig.
3462639	Continua la protesta, sarà un autunno caldo!	3462643	Der Protest geht weiter; es wird ein heißer Herbst!
3463028	Mai perdere la speranza!	3463034	Gib die Hoffnung nie auf!
3463028	Mai perdere la speranza!	3463036	Nie die Hoffnung verlieren!
3463030	La mente viaggia!	3463052	Der Geist kann fliegen!
2041970	Lo devo prendere come un complimento?	3464420	Soll ich das als Kompliment auffassen?
3469723	Secondo il parere di Maria l'Italia è un Paese dove tutti parlano e nessuno ascolta.	3469729	Nach der Meinung von Maria ist Italien ein Land, in dem alle reden und niemand zuhört.
3472683	Eri bellissima ieri sera!	3472692	Gestern Abend war es wunderschön!
3056928	Io giuro di non avere mai mangiato niente di più buono.	3473184	Ich schwöre, ich habe nie etwas Besseres gegessen.
2863462	Si addormentò tra le sue braccia.	3473225	Er schlief in ihren Armen ein.
3025026	Voi chi conoscete a Boston?	3480826	Wen kennt ihr in Boston?
3482062	Vuoi essere più felice?	3482066	Möchtest du glücklicher sein?
3190799	La faccio io in casa.	3482081	Ich mache es zu Hause.
3113334	Ti dico un piccolo segreto.	3482123	Ich verrate dir ein kleines Geheimnis.
3378557	Voi siete le più veloci.	3482169	Ihr seid die Schnellsten.
3139188	Vai a dormire?	3482174	Gehst du schlafen?
3483303	Secondo me stai solo cercando di creare problemi.	3483311	Meiner Auffassung nach geht es Ihnen lediglich darum, Probleme zu schaffen.
1117291	Grazie di esistere!	3483610	Danke, dass es dich gibt.
3484428	Andate tutti al diavolo!	3484448	Dann fahrt doch alle in die Hölle!
3106332	Ho sognato di venire in classe nudo.	3487541	Ich habe geträumt, ich käme nackt in die Klasse.
2449763	Hai mai guardato il sumo?	3487621	Hast du schon mal Sumo geschaut?
3188493	Ho capito che sei una brava ragazza.	3488085	Ich habe verstanden, dass du ein braves Mädchen bist.
3490910	Non so il francese, ancora meno il greco.	3490913	Ich kann kein Französisch, noch weniger Griechisch.
3490912	È un romanzo all'acqua di rose.	3490934	Es ist ein sentimentaler Roman.
3490903	Amo il venerdì!	3490935	Ich liebe den Freitag!
3490899	Non è razzista, è la pura verità.	3490938	Es ist nicht rassistisch, es ist die reine Wahrheit.
3490944	Quale giunta ha approvato i lavori?	3490959	Welcher Ausschuss hat die Arbeiten genehmigt?
3490940	Da qualche parte nel mondo la giustizia funziona?	3490975	In welchem Teil der Welt funktioniert die Gerechtigkeit?
3331840	Potete restare?	3491245	Könnt ihr bleiben?
3493766	Lei è ancora vergine?	3493776	Sind Sie noch Virgo intacta?
3494798	Ci sono ancora italiani che difendono un presidente fantoccio?	3495075	Gibt es immer noch Italiener, die einen Marionettenpräsidenten verteidigen?
3494797	Ci sono ancora italiani che difendono un presidente fantoccio.	3495077	Es gibt immer noch Italiener, die einen Marionettenpräsidenten verteidigen.
3496007	È passato troppo tempo per fargli pagare la multa.	3496016	Es ist schon zu viel Zeit verstrichen, um ihn die Strafe noch zahlen zu lassen.
3496462	Finalmente eravamo a casa!	3496519	Endlich waren wir zu Hause.
3496461	Quando pensavate di ritornare negli Stati Uniti?	3496733	Wann denkt ihr aus den Vereinigten Staaten zurückzukommen?
2864911	Lui abita dall'altra parte del fiume.	3497337	Er wohnt auf der anderen Seite des Flusses.
2436982	Io ho bisogno di informazioni.	3497401	Ich brauche Informationen.
2436982	Io ho bisogno di informazioni.	3497402	Ich benötige Informationen.
3203038	Ogni donna merita un uomo che la guardi ogni giorno, come se fosse la prima volta.	3497404	Jede Frau verdient einen Mann, der sie jeden Tag so ansieht, als sei es das erste Mal.
3338021	Questo è l'unico stile disponibile?	3497415	Dies ist der einzige verfügbare Stil?
3328840	Non c'era niente che Tom potesse fare a riguardo.	3497417	Es gab nichts, was Tom diesbezüglich hätte tun können.
3252252	Sembravi sorpresa.	3497419	Du sahst überrascht aus.
3252252	Sembravi sorpresa.	3497420	Du hast überrascht ausgesehen.
2395650	Qual è la sua sinfonia preferita?	3497582	Welche ist Ihre Lieblingssinfonie?
2395650	Qual è la sua sinfonia preferita?	3497585	Welches ist ihre Lieblingssinfonie?
2395650	Qual è la sua sinfonia preferita?	3497588	Welche ist seine Lieblingssinfonie?
2386355	Lui è rimasto sott'acqua per tre minuti.	3497590	Er ist drei Minuten unter Wasser geblieben.
3345146	Alcune persone pensano che il francese sia veramente difficile da imparare.	3497845	Einige Leute denken, dass Französisch wirklch schwer erlernbar ist.
3498991	Quale di questi paesi è il più grande? Il Giappone o l'Inghilterra?	3499235	Welches dieser Länder ist das größere? Japan oder England?
3498980	A me mancano così tanto i miei genitori.	3499236	Meine Eltern fehlen mir so sehr!
3499271	Hai detto una grande verità.	3499278	Da hast du ein wahres Wort gesprochen.
3503060	Il mio computer si sta comportando in modo strano.	3503061	Mein Computer macht seltsame Dinge.
3503060	Il mio computer si sta comportando in modo strano.	3503062	Mein Computer macht komische Sachen.
3503209	Non l'hanno visto.	3503217	Sie haben es nicht gesehen.
2170787	Quanto è lontana dalla prossima città?	3505273	Wie weit ist es von der nächsten Stadt entfernt?
3208223	Il problema non sono loro, ma chi li ha votati.	3505437	Das Problem sind nicht sie, sondern die, die sie gewählt haben.
3507003	Perché le donne parlano per enigmi ma vogliono risposte chiare?	3507004	Warum sprechen die Frauen in Rätseln, erwarten aber eindeutige Antworten auf ihre Fragen?
3358650	Quando era ragazzo, mi piaceva molto giocare a scacchi.	3507227	Als ich ein Junge war, spielte ich gern Schach.
3507551	Non puoi lasciarmi così.	3507555	Du kannst mich nicht so verlassen.
1250576	Un inglese, uno scozzese, un irlandese, un gallese, un gurkha, un lettone, un turco, un australiano, un tedesco, un americano, un egiziano, un giapponese, un messicano, uno spagnolo, un russo, un polacco, un lituano, un giordano, un neozelandese, uno svedese, un finlandese, un israelita, un rumeno, un bulgaro, un serbo, uno svizzero, un greco, un singaporiano, un italiano, un norvegese, un argentino, un libico e un sudafricano andarono in un locale notturno. Il buttafuori disse: "Mi dispiace, non posso farvi entrare senza un tailandese."	3509644	Ein Engländer, ein Schotte, ein Ire, ein Waliser, ein Gurkha, ein Lette, ein Türke, ein Australier, ein Deutscher, ein Amerikaner, ein Ägypter, ein Japaner, ein Mexikaner, ein Spanier, ein Russe, ein Pole, ein Litauer, ein Jordanier, ein Neuseeländer, ein Schwede, ein Finne, ein Israeli, ein Rumäne, ein Bulgare, ein Serbe, ein Schweizer, ein Grieche, ein Singapurer, ein Italiener, ein Norweger, ein Argentinier, ein Libyer und ein Südafrikaner gingen in ein Nachtlokal. Der Türsteher sagte: "Es tut mir leid, ich kann euch ohne einen Thailänder nicht reinlassen."
758833	Ho alcune buone notizie in serbo per te.	3509647	Ich habe einige gute Nachrichten für dich in petto.
1282553	Il solo segreto che le donne riescono a serbare è ciò che non sanno.	3509650	Das einzige Geheimnis, das Frauen für sich behalten können, ist dasjenige, das sie nicht kennen.
1816444	Ha insegnato l'inglese in Serbia per due anni.	3509652	Er hat in Serbien zwei Jahre lang Englisch gelehrt.
3509960	Può creare confusione all'inizio.	3509966	Das kann anfangs Verwirrung stiften.
3375247	Non voglio giocare con Tom.	3515703	Ich will nicht mit Tom spielen.
3517501	La mia vicina di casa è gentile.	3517526	Meine Nachbarin ist nett.
3518936	Io mi sono ridicolizzato.	3518941	Ich habe mich lächerlich gemacht.
3522327	Questo corso d’acqua è stato utilizzato per gettare detriti.	3522329	Dieser Wasserlauf ist zur Verkippung von Müll genutzt worden.
3467077	Siamo ossessionati dalla vita.	3527980	Wir sind vom Leben besessen.
3528492	"Dire pane al pane, vino al vino", significa parlare chiaro.	3528494	„Die Dinge beim Namen nennen“, bedeutet, etwas klar und deutlich zu sagen.
3530039	Delle volte le cose sono più complicate di quelle che sembrano.	3530052	Zuweilen sind die Dinge komplizierter, als es scheint.
3530073	Il fattore che in ultima istanza è determinante nella storia è la produzione e la riproduzione della vita reale.	3530077	Der Faktor, der in der Geschichte letztlich entscheidend ist, das ist die Produktion und Reproduktion des wirklichen Lebens.
3193036	Ho passato bene la Pasqua.	3530296	Ich habe Ostern gut verbracht.
2774532	Tu hai finito tutti gli esami.	3530441	Du hast alle Prüfungen absolviert.
2189495	Non c'è bisogno di andare a scuola oggi.	3530443	Ihr braucht heute nicht in die Schule zu gehen.
2498353	Amiamo noi stessi prima degli altri.	3530510	Wir lieben uns selbst mehr als die anderen.
2189280	È l'unica persona che conosco a Boston.	3530544	Sie sind die einzige Person, die ich in Boston kenne.
2189280	È l'unica persona che conosco a Boston.	3530545	Er ist die einzige Person, die ich in Boston kenne.
2189280	È l'unica persona che conosco a Boston.	3530547	Sie ist die einzige Person, die ich in Boston kenne.
3278910	La rivoluzione è finita?	3530736	Ist die Revolution beendet?
612717	Potresti indicarmi la strada per la stazione?	3530774	Könntest du mir den Weg zum Bahnhof zeigen?
3300037	Qualcuno avrebbe i cataloghi di storia sociale dell'arte da vendermi o da farmi fotocopiare?	3531796	Könnte mir jemand die Kataloge der Sozialgeschichte der Kunst verkaufen oder mir zum Kopieren überlassen?
3531975	Piove molto nel tuo paese?	3532216	Regnet es in deinem Land viel?
3531979	Fai esattamente come ti ho detto.	3532226	Mache es genau so, wie ich es dir gesagt habe.
3531984	Tu non segui le regole.	3532244	Du hältst dich nicht an die Regeln.
3531987	Non c'è nessuno nella tua stanza.	3532267	In deinem Zimmer ist niemand.
3531988	Vai nella tua stanza.	3532311	Gehe in dein Zimmer!
3534947	Perché sei così occupato oggi?	3535014	Warum bist du heute so beschäftigt?
3534950	Perché è così occupata oggi?	3535016	Warum sind Sie heute so beschäftigt?
3359145	"Maria, sbrigati, siamo già in ritardo." "Non sono pronta, lasciami tranquilla!"	3535921	„Maria, beeil dich! Wir sind schon zu spät.“ – „Ich bin noch nicht fertig. Lass mich in Ruhe!“
3538658	Vive lontana da me.	3538661	Sie wohnt weit weg von mir.
3538683	Mi sono innamorato di una ragazza che abita molto lontano da me.	3538687	Ich habe mich in ein Mädchen verliebt, das sehr weit entfernt von mir wohnt.
3538665	Mi sono innamorata di un ragazzo che vive lontano da me.	3538738	Ich habe mich in einen Jungen verliebt, der weit entfernt von mir wohnt.
3538877	Maria disse la stessa cosa, ma in un modo più diplomatico.	3538929	Maria sagte das Gleiche, jedoch in diplomatischeren Worten.
3541631	È per quello che certi veterani non hanno mai voluto parlare della guerra.	3541819	Das ist der Grund, warum einige Veteranen nie über den Krieg sprechen wollten.
3541621	Tom finse di essere mio fratello.	3541820	Tom gab vor, mein Bruder zu sein.
3542096	Ho cambiato entrambe le frasi.	3542098	Ich habe beide Sätze geändert.
2347179	Non potete negare che ciò che Tom sta dicendo è vero.	3544953	Ihr könnt nicht abstreiten, dass das, was Tom sagt, wahr ist.
2347179	Non potete negare che ciò che Tom sta dicendo è vero.	3544955	Ihr könnt nicht leugnen, dass es stimmt, was Tom sagt.
3545638	Tom rispetta le persone più anziane di lui.	3545832	Tom respektiert Menschen, die älter sind als er.
3545637	Lui è più alto di suo fratello?	3545833	Ist er größer als sein Bruder?
3545628	Se tu mi avessi aiutato, te ne sarei stato grato.	3545834	Wenn du mir geholfen hättest, wäre ich dir dankbar gewesen.
3545625	La tua stanza è proprio pulita.	3545835	Dein Zimmer ist wirklich sauber.
3547366	Io penso che Tom sia eroico.	3547562	Ich denke, Tom ist heroisch.
3547363	Penso che Tom sappia il perché.	3547563	Ich denke, dass Tom weiß warum.
3547996	Forse i nostri amministratori hanno qualche responsabilità in tutto questo?	3548040	Vielleicht tragen unsere Administratoren eine gewisse Verantwortung für all das?
3548209	Mi hanno insegnato che quando uno ha un problema bisogna utilizzare tutti i mezzi a disposizione, soprattutto la tenacia.	3548215	Mir wurde beigebracht, dass man, wenn man ein Problem hat, alle verfügbaren Mittel einsetzen muss, vor allem die Hartnäckigkeit.
3553386	In prossimità dell'equatore il clima è caldo e umido in ogni stagione dell'anno.	3553405	In Äquatornähe ist das Klima zu jeder Jahreszeit warm und feucht.
2833441	E chi ci ferma più?	3557610	Und wer wird uns stoppen?
3133315	Volevamo aspettare.	3557981	Wir wollten warten.
3558488	Tom è modesto.	3558502	Tom ist bescheiden.
2190917	Non siate terrorizzati.	3559202	Erschrecke dich nicht!
1804588	Non ho più l'età per certe cose.	3565619	Für gewisse Dinge bin ich schon zu alt.
3570655	Ho bisogno che tu abbia bisogno di me.	3570657	Ich brauche es, dass du mich brauchst.
3570682	Ti amo e lo sai.	3570685	Ich liebe dich, und das weißt du.
3157504	Chi vuole mangiare del gelato?	3571028	Wer möchte ein Eis essen?
3580698	Io non penso che significhi qualcosa.	3588424	Ich denke nicht, dass es etwas bedeutet.
3575782	Ci vorrebbe un ettaro di terra.	3588432	Das erfordert einen Hektar Land.
3503404	Non riusciva a concentrarsi sulla conversazione.	3588436	Sie schaffte es nicht, sich auf die Unterhaltung zu konzentrieren.
3055625	Noi non abbiamo niente da nascondere.	3588602	Wir haben nichts zu verbergen.
3025124	Roosevelt pensa di creare un cartello petrolifero.	3588747	Roosevelt gedenkt ein Erdölkartell zu gründen.
2577080	Sto studiando la grammatica francese.	3591467	Ich lerne französische Grammatik.
2174880	Le mie cugine abitano accanto alla spiaggia.	3591474	Meine Kusinen wohnen beim Strand.
3328409	Non le abbiamo?	3594813	Haben wir sie nicht?
3291017	Scusa, ma preferirei non rispondere.	3594814	Entschuldigung, aber ich würde es vorziehen, nicht zu antworten.
3274764	Sei mai andato a Boston?	3594816	Bist du schon mal in Boston gewesen?
3274764	Sei mai andato a Boston?	3594817	Warst du schon mal in Boston?
3350453	Noi abbiamo una sorpresa speciale per voi ragazzi!	3594941	Wir haben eine besondere Überraschung für euch Jungs!
3298647	Non ascolta i suoi genitori.	3594945	Sie hört nicht auf ihre Eltern.
3379490	Sono stata in grado di nuotare fino all'altra parte del fiume.	3595059	Ich war in der Lage, über den Fluss zu schwimmen.
3326091	Ma tutti tu li trovi?	3595061	Aber findest du sie alle?
2733675	Di venti studentesse, solo una ha letto il libro.	3596837	Von zwanzig Studentinnen hat nur eine das Buch gelesen.
3149808	Lo sappiamo che ti piace Tom.	3597138	Wir wissen, dass Tom dir gefällt.
3597205	Domani è Ognissanti?	3597209	Ist morgen Allerheiligen?
3481086	Io non sono sua figlia.	3597318	Ich bin nicht ihre Tochter.
3481086	Io non sono sua figlia.	3597319	Ich bin nicht seine Tochter.
3481086	Io non sono sua figlia.	3597320	Ich bin nicht Ihre Tochter.
3495736	Non riesco ancora a credere che Tom odia Mary.	3603951	Ich kann immer noch nicht glauben, dass Tom Mary hasst.
3352772	Sono sicura che avremmo dovuto voltare a sinistra prima.	3603958	Ich bin sicher, dass wir vorher nach links hätten abbiegen müssen.
2362917	Tom non parlerà con nessuno.	3604206	Tom wird mit niemandem sprechen.
2286589	Sono sicuro che le piace il suo nuovo impiego.	3604224	Ich bin sicher, dass Ihnen Ihre neue Arbeit gefällt.
2286589	Sono sicuro che le piace il suo nuovo impiego.	3604228	Ich bin sicher, dass sie ihren neuen Job mag.
2286589	Sono sicuro che le piace il suo nuovo impiego.	3604232	Ich bin sicher, dass er seinen neuen Job gut findet.
2779597	Cosa vuoi essere?	3604325	Was willst du sein?
2701564	Di cosa sei preoccupato?	3604335	Was beschäftigt dich?
2701564	Di cosa sei preoccupato?	3604338	Worüber bist du besorgt?
2448285	Io non credo che Tom sia il killer.	3604349	Ich glaube nicht, dass Tom der Killer ist.
2448285	Io non credo che Tom sia il killer.	3604351	Ich glaube nicht, dass Tom der Mörder ist.
3397238	Sei uscita da una brutta esperienza?	3613994	Schließt du das aus eigener schlechter Erfahrung?
3013162	Non si potrebbe ricordare tutti quelli che hanno sofferto?	3621972	Kann man sich nicht all jener erinnern, die gelitten haben?
2914183	Non gli era permesso di rimanere in silenzio.	3621974	Es war ihm nicht gestattet, Schweigen zu bewahren.
3622494	La Cina è forse l'unico paese al mondo dove la temperatura viene controllata dal governo.	3622549	China ist vielleicht das einzige Land der Erde, wo die Regierung die Temperatur unter Kontrolle hat.
3622581	Il Sole diventerà una gigante rossa tra circa cinque miliardi di anni.	3622608	Die Sonne wird in circa fünf Milliarden Jahren zu einem roten Riesen werden.
3621553	Più grande è un oggetto, più forte è la sua attrazione gravitazionale.	3622611	Je größer ein Gegenstand ist, desto stärker ist die von ihm ausgehende Schwerkraft.
3621240	Alcuni animali dormono ininterrottamente per tutto l'inverno.	3622614	Einige Tiere schlafen ohne Unterbrechung den ganzen Winter lang.
3482265	Non aiutate i poveri.	3623780	Ihr helft den Armen nicht.
3291150	Il rock non morirà mai!	3623784	Der Rock wird niemals sterben!
3233129	Ma se chiudessimo gli stadi?	3625888	Aber wenn wir die Stadien schlössen?
3480491	Non esaminate bene le cose?	3626215	Untersucht ihr die Dinge nicht gründlich?
3318246	Cosa pensi che voglia Tom?	3626255	Was, denkst du, will Tom?
3237183	Sono i nostri amici più cari.	3626322	Sie sind unsere engsten Freunde.
2698181	Paghi tu?	3626324	Zahlst du?
2698181	Paghi tu?	3626325	Bezahlst du?
2414945	Potevo dire dal suo accento che era un francese.	3626332	Anhand seines Akzentes konnte ich sagen, dass er Franzose war.
2414945	Potevo dire dal suo accento che era un francese.	3626333	Aufgrund seines Akzentes wusste ich, dass er Franzose war.
3627154	Noi non riusciamo a vedere la luce ultravioletta, ma gli insetti sì.	3627369	Wir schaffen es nicht, das ultraviolette Licht zu sehen, aber die Insekten schon.
3627090	Il nostro Sole è soltanto una delle stelle che compongono la galassia denominata Via Lattea.	3627390	Unsere Sonne ist nur einer der Sterne, die die Galaxie bilden, die man Milchstraße nennt.
2102493	Madonna smetterà mai di cantare?	3627962	Wird Madonna je aufhören zu singen?
2998339	E allora che facciamo per migliorare la situazione?	3628100	Und, was machen wir jetzt, um die Situation zu verbessern?
1470716	Cos'è una presentazione?	3628150	Was ist eine Präsentation?
1470716	Cos'è una presentazione?	3628152	Was ist eine Vorstellung?
2888924	Loro vogliono conoscervi.	3628160	Sie wollen euch kennenlernen.
3266131	Dopo la tempesta c'è sempre il sole.	3628320	Nach dem Sturm scheint immer die Sonne.
2697850	Voi non avete vergogna?	3628364	Schämt ihr euch nicht?
3187645	Ben fatto, figlio.	3628430	Gut gemacht, Junge.
2729677	Quando parte per Boston?	3628613	Wann reist er nach Boston ab?
2729677	Quando parte per Boston?	3628615	Wann macht sie sich nach Boston auf?
2729677	Quando parte per Boston?	3628616	Wann begeben Sie sich nach Boston?
3187062	È un uomo d'onore.	3630360	Er ist ein Ehrenmann.
2930522	Io sono sicura che lei è molto occupata.	3630401	Ich bin mir sicher, dass sie sehr beschäftigt ist.
3348850	Se qui c'è scritto Allegro, tu devi eseguire Allegro.	3630487	Wenn hier Allegro steht, musst du auch Allegro spielen.
2821784	Tom è abbastanza buono.	3630588	Tom ist ziemlich gut.
2930033	Cosa pensa che sia successo qui?	3630619	Was, glauben Sie, ist hier passiert?
3615622	I fossili sono fatti di pietra. Sono pietre che hanno assunto la forma di animali o piante morti.	3631430	Fossilien bestehen aus Stein. Es sind Steine, die die Form von toten Tieren oder Pflanzen angenommen haben.
3564466	Scusate il ritardo ma non mi è stato facile trovare il tempo per questo incontro.	3631436	Verzeihen Sie die Verspätung, aber es war nicht einfach, mir die Zeit für dieses Treffen freizumachen.
2823745	Si immagini sulla cima di una montagna.	3639699	Stellen Sie sich vor, Sie wären auf dem Gipfel eines Berges.
3465198	Il resto sono luoghi comuni?	3640216	Der Rest sind Gemeinplätze?
1946451	Non ci sono entrata per mesi!	3640425	Da war ich schon monatelang nicht mehr drin!
3174309	Devi stupirla e lasciarla a bocca aperta!	3640477	Du musst sie erstaunen und mit offenem Mund zurücklassen!
3641399	Il Fondo europeo di sviluppo regionale ha già finanziato molte scuole alberghiere.	3641400	Der Europäische Fonds für regionale Entwicklung hat bereits viele Hotelfachschulen finanziert.
3641407	Il settore alberghiero attualmente è caratterizzato da una concorrenza crescente.	3641416	Derzeit ist das Hotelgewerbe durch zunehmende Konkurrenz gekennzeichnet.
3641514	Il nostro paese ha già finanziato molti progetti internazionali.	3641515	Unser Land hat schon viele internationale Projekte finanziert.
3267036	Non si può dividere il cielo.	3641780	Man kann den Himmel nicht teilen.
2395161	Oggi è il compleanno della mia amica.	3641870	Heute ist der Geburtstag meiner Freundin.
3086918	In bocca a lupo per tutto.	3641879	Viel Glück für alles.
3504802	Penso a lei per tutto il giorno.	3641899	Ich denke den ganzen Tag an sie.
3504802	Penso a lei per tutto il giorno.	3641901	Ich denke den ganzen Tag an Sie.
2827887	I pompieri mettono sempre in pericolo la loro vita.	3641953	Feuerwehrleute bringen ständig ihr Leben in Gefahr.
2729702	Io non riesco a risponderle immediatamente.	3641971	Ich kann Ihnen nicht sofort antworten.
3504543	È il più forte!	3648648	Er ist der Stärkste!
2194350	Lavoravo fino a notte fonda.	3650485	Ich arbeitete bis tief in die Nacht.
3632697	La Via Lattea comprende circa cento miliardi di stelle.	3653578	Die Milchstraße besteht aus ungefähr hundert Milliarden von Sternen.
3632694	Se ci fossero creature viventi su altri pianeti, che aspetto avrebbero?	3653584	Wenn es auf anderen Planeten Lebewesen gäbe, wie würden sie aussehen?
3631491	Non c'è alcuna prova convincente del fatto che questo pianeta sia mai stato visitato da alieni provenienti da un altro pianeta.	3653885	Es gibt keinen einzigen überzeugenden Beweis dafür, dass jemals Außerirdische von einem anderen Planeten ihren Fuß auf unseren Planeten gesetzt hätten.
3655106	Il mio amico Damiano è bravo a suonare la chitarra elettrica.	3655117	Mein Freund Damiano kann gut Elektrogitarre spielen.
3655109	Enrico è un tennista.	3655118	Enrico ist Tennisspieler.
3655110	C'è Maria in casa.	3655120	Maria ist im Haus.
3655108	Ieri Marco è venuto a casa mia.	3655121	Gestern kam mich Marco zu Hause besuchen.
3655107	Il telefono è sul tavolo.	3655122	Das Telefon ist auf dem Tisch.
3655099	Perse l'ultimo treno per un minuto.	3655126	Sie verpasste den letzten Zug um eine Minute.
3655098	Lui ha perso l'ultimo treno per un minuto.	3655128	Er hat den letzten Zug um eine Minute verpasst.
3655096	A regola c'è poca gente.	3655142	Normalerweise sind wenig Leute da.
3655078	Oggi mi sento nostalgica!	3655146	Heute habe ich Heimweh!
3655078	Oggi mi sento nostalgica!	3655158	Heute empfinde ich Sehnsucht!
3655012	Il mio cane è affettuoso.	3655194	Mein Hund hat einen liebevollen Charakter.
3655003	Tom ha sentito Mary suonare il pianoforte.	3655199	Tom hat Mary Klavier spielen gehört.
3654937	Tom è più intelligente di voi, sapete.	3655209	Wisst ihr, Tom ist intelligenter als ihr.
2955408	Quasi tutti quelli che conosco vogliono andare al concerto di domani.	3655742	Fast alle, die ich kenne, wollen das morgige Konzert besuchen.
2964695	Puoi tradurmi questa canzone?	3658077	Kannst du mir dieses Lied übersetzen?
865338	È mia convinzione che la conoscenza è potere.	3658693	Ich bin davon überzeugt, dass Wissen Macht bedeutet.
3088586	Lo so che è brutta la realtà, ma la si deve guardare in faccia.	3658695	Ich weiß, dass die Wirklichkeit schlimm ist, aber man muss ihr ins Gesicht sehen.
3088589	A me è sembrato un atteggiamento studiato.	3658697	Mir kam es wie ein einstudiertes Verhalten vor.
3088591	Ce la fate a toglierli tutti prima di Pasqua?	3658699	Schafft ihr es, vor Ostern alle zu entfernen?
3088596	So che oggi avete un annuncio da fare.	3658706	Ich weiß, dass ihr heute etwas mitzuteilen habt.
3088597	Non mi sono dimenticata.	3658707	Ich habe mich nicht vergessen.
3364386	Ti servono ancora le frasi?	3658725	Nützen dir die Sätze noch?
3364395	Parlo raramente al telefono.	3658726	Ich telefoniere kaum.
3364399	Manca davvero poco ed è quasi tutto pronto.	3658733	Es fehlt wirklich nicht mehr viel und es ist praktisch alles fertig.
2743470	Tom non rimarrà molto più a lungo.	3659272	Tom wird nicht mehr lange bleiben.
2559715	Io la distruggerò.	3661313	Ich werde sie zerstören.
2559715	Io la distruggerò.	3661314	Ich zerstöre es.
2960771	Controllai il computer di Tom.	3661319	Ich kontrollierte Toms Computer.
2960771	Controllai il computer di Tom.	3661320	Ich überprüfte Toms Computer.
2960771	Controllai il computer di Tom.	3661321	Ich habe Toms Computer geprüft.
2960771	Controllai il computer di Tom.	3661322	Ich habe Toms Computer gesteuert.
2689436	Qualcuno l'ha visto.	3661558	Jemand hat Sie gesehen.
2689436	Qualcuno l'ha visto.	3661559	Jemand hat ihn gesehen.
2689436	Qualcuno l'ha visto.	3661560	Jemand hat es gesehen.
3462790	Sono stati abbandonati.	3661563	Sie wurden verlassen.
3462790	Sono stati abbandonati.	3661565	Sie wurden aufgegeben.
3397739	Sono tutti innocenti.	3661566	Sie sind alle unschuldig.
3157660	Grazie in anticipo a chi mi aiuterà!	3661669	Danke im Voraus an meine Helfer!
3310483	Voi avete perso gli occhiali.	3662600	Ihr habt die Brille verloren.
2706136	Tom lo fece con facilità.	3662648	Tom machte es mit Leichtigkeit.
2961434	Noi non ti chiederemmo di farlo.	3662736	Wir würden dich nicht bitten, das zu tun.
2823801	Tom vuole essere popolare a scuola.	3662740	Tom will in der Schule beliebt sein.
3407174	Io sto mandando un messaggio a Tom.	3662849	Ich schreibe gerade eine Nachricht an Tom.
2522526	Non è lo stesso.	3662901	Das ist nicht dasselbe.
1504302	Lei vive in un mondo parallelo tutto suo.	3663009	Sie lebt in ihrer ganz eigenen Parallelwelt.
3662988	Quello che ha detto lui ieri non è vero.	3663163	Was er gestern gesagt hat, stimmt nicht.
1504305	Questo giro me la sono vista brutta.	3663346	Dieses Mal hatte ich große Schwierigkeiten.
3664586	Hai una strana concezione di evoluzione.	3664659	Du hast eine merkwürdige Vorstellung von Evolution.
3667096	Le mie preghiere sono state esaudite.	3667099	Meine Gebete sind erhört worden.
1504304	La prima cosa ce l'ho di base.	3667234	Das erste Ding habe ich als Grundausstattung.
3671529	Grazie a tutti per la bellissima giornata di ieri. Senza di voi non sarebbe stata così.	3671549	Danke an alle für den gestrigen wundervollen Tag! Ohne euch wäre es nicht so gewesen.
3671537	Sia Tom che Mary sono figli unici.	3671554	Sowohl Tom wie Mary sind Einzelkinder.
3671534	Non c'era alcun gatto.	3671556	Da war keine Katze.
3671533	Non c'erano gatti.	3671559	Da waren keine Katzen.
3671421	Sapete cosa regalarmi per Natale?	3671567	Wisst ihr, was ihr mir zu Weihnachten schenken könnt?
3671421	Sapete cosa regalarmi per Natale?	3671569	Wisst ihr, was ihr mir zu Weihnachten schenkt?
3671420	Sapete cosa regalarmi per Natale.	3671570	Ihr wisst, was ihr mir zu Weihnachten schenken könnt.
3671415	Chissà perché mi siete venuti in mente voi due.	3671575	Wer weiß, warum ihr zwei mir in den Sinn gekommen seid.
3671412	È previsto un referendum?	3671578	Ist ein Referendum vorgesehen?
3671412	È previsto un referendum?	3671581	Ist ein Volksentscheid vorgesehen?
3671411	Sembrava tanto una brava persona.	3671597	Er machte den starken Eindruck, tüchtig zu sein.
3671410	In Florida i cartelli sono così?	3671602	Sehen die Verkehrsschilder in Florida so aus?
3671409	In Florida i cartelli sono così.	3671607	In Florida sehen die Verkehrsschilder so aus.
3671408	I cartelli sono così?	3671609	Sehen die Verkehrsschilder so aus?
3671407	I cartelli sono così.	3671615	Die Verkehrsschilder sehen so aus.
3672185	In attesa di un cortese riscontro, porgiamo distinti saluti.	3672187	In Erwartung Ihrer freundlichen Antwort und mit hochachtungsvollen Grüßen.
3676293	Che paese strano!	3676300	Was für ein seltsames Land!
3676240	Che facciamo, li lasciamo?	3676305	Was machen wir? Lassen wir sie?
3676238	Io continuo a rimanere basito.	3676314	Ich fühle mich immer noch benommen.
3676233	Speriamo che la storia ci abbia insegnato qualcosa e che non si commettano altri errori simili!	3676318	Hoffen wir, dass uns die Geschichte etwas gelehrt hat und nicht weitere Fehler dieser Art begangen werden.
3676232	È stato sparso troppo sangue.	3676324	Es ist zu viel Blut vergossen worden.
3676231	Speriamo proprio di no!	3676332	Wir hoffen wirklich, dass es nicht der Fall ist!
3676230	Tocca a voi dirmi un segreto.	3676333	Ihr seid an der Reihe, mir ein Geheimnis zu verraten.
3676228	Tocca a te dirmi un segreto.	3676335	Du bist an der Reihe, mir ein Geheimnis zu verraten.
3676229	Tocca a lei dirmi un segreto.	3676339	Sie sind an der Reihe, mir ein Geheimnis zu verraten.
3676220	Buon pomeriggio anche a te!	3676365	Dir auch einen guten Nachmittag!
3676375	Voi siete superficiali e materialiste.	3676377	Ihr seid oberflächlich und materialistisch.
3551680	Devi crederci.	3681823	Du musst daran glauben.
2602943	Sia Tom che Mary vivono a Boston.	3682397	Sowohl Tom als auch Mary leben in Boston.
3042481	Mio fratello è un tatuatore molto famoso.	3682480	Mein Bruder ist ein sehr berühmter Tätowierer.
2894509	Non mi faccia ripetere!	3682485	Lassen Sie mich das nicht wiederholen!
2495548	Io non voglio sentire ciò che avete fatto ieri.	3683772	Ich will nicht hören, was ihr gestern gemacht habt.
3690539	Nel vedere questo presepe mi sono commosso.	3690597	Beim Anblick dieser Krippe war ich ergriffen.
3690539	Nel vedere questo presepe mi sono commosso.	3690599	Beim Anblick dieser Krippe fühlte ich mich gerührt.
3690543	Benvenuta anche da parte del cane dei vicini!	3690612	Selbst vom Hund der Nachbarn wurde ich wilkommen geheißen.
799621	Ho un gattino e una gattina.	3690626	Ich habe einen Kater und eine Katze.
3694649	Non c'è più burro in frigo.	3694729	Es ist keine Butter mehr im Kühlschrank.
3696215	Io non mi ricordo di te.	3696248	Ich erinnere mich nicht an dich.
3696595	Che fanno i pompieri quando non ci sono incendi?	3696731	Was tun die Feuerwehrleute, wenn es keine Brände gibt?
3701145	Perché non lo facciamo anche in Italia?	3701146	Wieso machen wir das nicht auch in Italien?
3119199	Solo il 30% della popolazione irlandese sa parlare il gaelico.	3701267	Nur 30 % der irischen Bevölkerung spricht Gälisch.
2200537	Non ci sono arance sul tavolo.	3707270	Es liegen keine Orangen auf dem Tisch.
3338186	Hai preso un bel voto, complimenti!	3716367	Du hast eine gute Note bekommen. Alle Achtung!
3711300	La Luna brilla perché riflette la luce del Sole.	3718894	Der Mond scheint, weil er das Sonnenlicht reflektiert.
3690970	Ha maggiore successo nello studio delle lingue, chi non ha paura di sbagliare, chi non teme il giudizio degli altri.	3718895	Den größten Erfolg im Sprachstudium hat, wer sich nicht vor Fehlern fürchtet und keine Angst vor dem Urteil anderer hat.
3739232	Non esiste alcuna cosa come la magia nera.	3739251	So etwas wie schwarze Magie gibt es nicht.
3338176	Mi dispiace, hai preso un brutto voto.	3741869	Tut mir leid, du hast eine schlechte Note bekommen.
3338175	Ho preso un brutto voto.	3741872	Ich habe eine schlechte Note bekommen.
2942892	Qual è il salario minimo in Turchia?	3749728	Was ist der Mindestlohn in der Türkei?
2855642	Si ricorda di te.	3749729	Sie erinnert sich an dich.
2808122	Io do a Marc il quaderno.	3749730	Ich gebe Marc das Heft.
2455474	Abbiamo bisogno di un po' più di legna da ardere.	3750866	Wir brauchen noch etwas mehr Brennholz.
2752217	Lei non disse una parola.	3751112	Sie sagte kein Wort.
3591234	È lui che si ritira!	3751292	Er ist es, der sich zurückzieht!
3557283	Non saremmo dovute venire.	3751294	Wir hätten nicht kommen sollen.
3334333	"Ma sei in ferie?" "Sì, per una settimana."	3751297	„Bist du denn in Urlaub?“ „Ja, eine Woche.“
2917031	Sono un uomo prudente.	3751501	Ich bin ein vorsichtiger Mann.
1979930	I monasteri erano generalmente ricchi e avevano molto potere a livello locale.	3752789	Die Klöster waren im Allgemeinen reich und hatten viel Macht auf lokaler Ebene.
3355451	Per questo motivo ho pagato così poco per il volo da Palermo a Monaco.	3752790	Aus diesem Grund habe ich so wenig für den Flug von Palermo nach München bezahlt.
1211302	Il tè dei monaci tibetani era buono.	3752791	Der Tee der tibetanischen Mönche war gut.
2562671	È finalmente finita.	3753443	Es ist endlich fertig.
2562671	È finalmente finita.	3753444	Sie ist endlich fertig.
3378466	Lui ha più di mille libri.	3753447	Er hat mehr als tausend Bücher.
3378466	Lui ha più di mille libri.	3753448	Er hat über tausend Bücher.
3264475	Ho sempre pensato che Tom e Mary si sarebbero sposati.	3753449	Ich habe immer gedacht, Tom und Mary hätten geheiratet.
2846347	Per piacere, non dica nulla.	3753498	Bitte sagen Sie nichts.
2715999	Io feci qualche chiamata.	3753767	Ich tätigte ein paar Anrufe.
2868505	Voi siete ancora in contatto con lui?	3755098	Habt ihr noch Kontakt mit ihm?
1701600	Il tuo è più grande del mio.	3755100	Deiner ist größer als meiner.
1701600	Il tuo è più grande del mio.	3755103	Der deine ist größer als der meine.
1701600	Il tuo è più grande del mio.	3755104	Das deine ist größer als das meine.
3549291	Io non rimarrò.	3755107	Ich bleibe nicht.
3549291	Io non rimarrò.	3755108	Ich werde nicht bleiben.
3541380	È un suggerimento molto buono.	3755110	Das ist eine sehr gute Anregung.
3336850	Qui ci sono le entrate e qui ci sono le uscite.	3755115	Hier sind die Eingänge und hier sind die Ausgänge.
3755087	Gli do asilo politico a casa mia.	3755122	Ich gewähre ihr politisches Asyl bei mir zu Hause.
3755084	Sei davvero tu nella foto?	3755123	Bist das wirklich du auf dem Foto?
3754580	Il giovedì è un giorno inutile.	3755124	Der Donnerstag ist ein unnützer Tag.
3754549	Lo sapevo che non sai giocare.	3755126	Ich wusste, dass du nicht spielen kannst.
3754508	Non ho termini adatti per qualificarlo.	3755127	Mir fehlen die passenden Begriffe, um ihn zu beschreiben.
3754397	Continuate a fare ciò che avete sempre fatto?	3755128	Macht ihr weiter mit dem, was ihr immer schon getan habt?
3754396	Continuate a fare ciò che avete sempre fatto.	3755129	Macht weiter mit dem, was ihr immer schon getan habt!
3754385	Forse non l'hai ben capita.	3755131	Vielleicht hast du sie nicht richtig verstanden.
3754262	È l'unico giornale che mi convince.	3755136	Es ist die einzige Zeitung, die mich überzeugt.
3754254	Ci trattano come imbecilli.	3755140	Sie behandeln uns wie Idioten.
3754251	L'articolo conferma la mia opinione.	3755142	Der Artikel bestätigt meine Auffassung.
3753982	Se non ti va bene, sei libero di andare altrove.	3755165	Wenn es dir nicht recht ist, steht es dir frei, woandershin zu gehen.
3753376	Il problema è molto più complesso.	3755175	Das Problem ist weit vielschichtiger.
3752781	Ma chi l'ha scritto questo pezzo?	3755176	Aber wer hat dieses Stück eigentlich geschrieben?
3752760	Il dubbio è lecito.	3755182	Zweifeln ist erlaubt.
3752682	Dicci il tuo segreto!	3755185	Verrate uns dein Geheimnis!
3752680	Stanotte non riuscirò a prendere sonno.	3755186	Heute Nacht werde ich nicht einschlafen können.
3752668	L'articolo parla di tutt'altro.	3755190	Der Artikel spricht über etwas ganz anderes.
3752663	Qua hai pienamente ragione!	3755191	Hier hast du vollkommen recht!
3752055	Usa il cervello la prossima volta anziché partorire stronzate incommentabili.	3755203	Schalte das nächste Mal dein Hirn ein, bevor du solche unsägliche Scheiße verzapfst!
3751834	La nostra cultura è già morta.	3755219	Unsere Kultur ist bereits tot.
3751791	Probabilmente sei troppo vecchio per capire.	3755224	Wahrscheinlich bist du zu alt, um das zu verstehen.
3751788	Ogni posto ha una storia da raccontare.	3755227	Jeder Ort hat eine Geschichte zu erzählen.
3751780	Sarebbe bello se fosse vero.	3755233	Es wäre schön, wenn das stimmen würde.
3751735	Il problema è proprio il fanatismo, non la libertà di stampa.	3755237	Das Problem ist ja gerade der Fanatismus und nicht die Pressefreiheit.
3751732	Evidentemente non conoscete il fanatismo di certa gente.	3755240	Offensichtlich kennt ihr noch nicht den Fanatismus gewisser Leute.
1844155	È inutile fuggire, prima o poi dobbiamo confrontarci con la solitudine, dobbiamo imparare a stare bene con la persona con cui non possiamo fare a meno di rimanere soli: noi stessi.	3757174	Es ist zwecklos, zu fliehen, früher oder später müssen wir uns der Einsamkeit stellen, müssen wir lernen, uns mit dem Menschen gut zu stellen, den wir selbst dann nicht entbehren können, wenn wir allein sind: mit uns selbst.
3757808	C'è ancora bisogno di spiegare queste cose?	3757811	Muss man diese Sachen noch erklären?
3757808	C'è ancora bisogno di spiegare queste cose?	3757813	Besteht bei diesen Sachen noch Erklärungsbedarf?
3757807	C'è ancora bisogno di spiegare queste cose.	3757816	Es besteht bei diesen Sachen noch Erklärungsbedarf.
3758048	La musica è parte di me.	3758867	Die Musik ist ein Teil von mir.
1535852	I germi sono troppo minuscoli per essere visti coi nostri occhi.	3759107	Die Keime sind zu winzig, um sie mit bloßem Auge sehen zu können.
3027040	I Re Magi donarono a Gesù Bambino oro, mirra e incenso.	3759166	Die Heiligen Drei Könige schenkten dem Jesuskind Gold, Myrrhe und Weihrauch.
3759261	Lei sa qualcosa che io non so?	3759572	Wissen Sie etwas, was ich nicht weiß?
1195695	Le mascelle flessibili e la pelle estremamente elastica consentono ai serpenti di ingerire prede molto più grandi della loro stessa testa.	3760565	Die gelenkigen Kiefer und die äußerst dehnbare Haut erlauben es den Schlangen, Beutetiere zu verschlingen, die viel größer sind als ihr eigener Kopf.
3761323	Il servizio è attivo tutti i giorni, mattina e pomeriggio.	3761856	Die Dienstleistung steht alle Tage zur Verfügung, vormittags und nachmittags.
3164974	È affidabile.	3763580	Sie ist vertrauenswürdig.
3166406	È affidabile?	3763582	Ist er vertrauenswürdig?
3166406	È affidabile?	3763583	Ist sie vertrauenswürdig?
628055	Hai affidato la pecora al lupo.	3763597	Du hast das Schaf dem Wolf anvertraut.
3015554	Per piacere, aiutatemi.	3764049	Bitte helft mir.
3015554	Per piacere, aiutatemi.	3764050	Helft mir bitte!
2484502	Mia madre mi ha preparato un caffè e poi è uscita in tempo per prendere l'autobus.	3764206	Meine Mutter hat mir einen Kaffee gemacht und ist dann rechtzeitig aufgebrochen, um den Bus zu kriegen.
3333797	Ha chiamato i medici?	3764282	Hat er die Ärzte gerufen?
3333797	Ha chiamato i medici?	3764283	Hat sie die Ärzte angerufen?
3333797	Ha chiamato i medici?	3764284	Haben Sie die Mediziner gerufen?
2487579	Mio padre ha acconsentito a farmi andare all'estero.	3764323	Mein Vater hat zugestimmt, mich ins Ausland zu schicken.
3750266	Mi piace camminare a piedi nudi sull'erba.	3764846	Ich laufe gerne barfuß übers Gras.
3765016	Ogni sera vado a letto alle dieci.	3765059	Jeden Abend gehe ich um zehn ins Bett.
2256843	Mi sono precipitato alla casa solo per trovarla vuota.	3765888	Ich bin zum Haus gestürzt, nur um es dann leer vorzufinden.
3635295	Vorrei un altro po' di burro.	3766351	Ich hätte gern noch etwas Butter.
2967032	Uscite fuori da lì.	3766363	Geht hier raus.
3222337	Io sono venuto per parlare con Tom.	3766398	Ich bin gekommen, um mit Tom zu sprechen.
3222337	Io sono venuto per parlare con Tom.	3766399	Ich kam, um mit Tom zu reden.
3290933	È un uomo attivo.	3766501	Er ist ein aktiver Mann.
3290933	È un uomo attivo.	3766503	Er ist ein aktiver Mensch.
2808944	Era mia.	3766638	Das war meine.
2018649	Tom ha parlato con Mary.	3766707	Tom sprach mit Mary.
2018649	Tom ha parlato con Mary.	3766708	Tom hat mit Mary gesprochen.
1889205	Apprezzerei una risposta.	3766711	Ich würde eine Antwort begrüßen.
2339289	Possa la tua anima riposare in pace.	3766767	Möge deine Seele friedlich ruhen.
2339289	Possa la tua anima riposare in pace.	3766768	Deine Seele ruhe in Frieden.
3412527	Lasciate perdere. Non ne vale la pena.	3766947	Lasst es sein. Es lohnt sich nicht.
3768269	Tutto è perdonato.	3768277	Es ist alles verziehen.
3145935	Chi non ha testa abbia gambe. Chi non ha testa abbia almeno buone gambe.	3768644	Was man nicht im Kopf hat, hat man in den Beinen. Wenn man's nicht im Kopf hat, sollte man zumindest gute Beine haben.
3502755	Andate tutti a casa!	3768659	Geht alle nach Hause!
2190574	Tom è andato.	3768753	Tom ist gegangen.
2825172	Tom vive in una piccola casa dall'altra parte della città.	3768807	Tom wohnt in einem kleinen Haus auf der anderen Seite der Stadt.
2181518	Questa è gente che non vale niente.	3769914	Dies sind Leute, die nichts taugen.
2181518	Questa è gente che non vale niente.	3769915	Dies sind nichtsnutzige Leute.
1389667	Sono così stanco che non posso continuare.	3769928	Ich bin zu müde, um weiterzumachen.
1389667	Sono così stanco che non posso continuare.	3769930	Ich bin so müde, dass ich nicht mehr weitermachen kann.
1389667	Sono così stanco che non posso continuare.	3769931	Ich bin zu erschöpft, um fortzufahren.
3769969	Potrebbe essere una coincidenza.	3769973	Es könnte ein Zufall sein.
3404260	Pensi che qualcuno ci stia guardando?	3769981	Denkst du, dass uns jemand beobachtet?
3769933	Questa foto deve vincere un premio!	3769982	Dieses Foto ist preisverdächtig.
3367908	Tutti tranne Joe sono andati alla festa.	3769986	Alle außer Joe sind zur Party gegangen.
3367908	Tutti tranne Joe sono andati alla festa.	3769989	Mit Ausnahme von Joe gingen alle zu der Fete.
3484668	Il mio appartamento è come il tuo.	3770025	Meine Wohnung ist wie deine.
3460938	Questo è il lavoro che potrebbe fare?	3770030	Dies ist die Arbeit, die er machen könnte?
3460938	Questo è il lavoro che potrebbe fare?	3770032	Dies ist der Job, den sie machen könnte?
3460938	Questo è il lavoro che potrebbe fare?	3770033	Dies ist die Arbeit, die Sie machen könnten?
3343595	Sarò a Rio questo weekend.	3770072	Ich bin dieses Wochenende in Rio.
3343595	Sarò a Rio questo weekend.	3770073	Ich werde dieses Wochenende in Rio sein.
3013341	Benissimo, si accomodi pure.	3770431	Sehr gut, bitte machen Sie es sich bequem.
3770616	Tu conosci Tom meglio di tutti noi.	3770656	Du kennst Tom besser als wir alle.
3770958	So esattamente dove sei.	3771073	Ich weiß genau, wo du bist.
1566090	Vuoi fare qualcosa?	3771735	Willst du was machen?
2779581	Siete in un posto sicuro.	3771997	Ihr seid an einem sicheren Ort.
3772523	Ma io non sono così!	3772532	Aber ich bin nicht so!
3636633	Loro continuano a chiamare.	3781503	Sie hören nicht auf anzurufen.
2377773	Abito a Boston ora.	3781516	Ich wohne jetzt in Boston.
3236221	Quindi cosa pensava di questo pony qui?	3781563	Was hältst du von diesem Pony hier?
2574854	Ho provato a trovare Tom.	3782725	Ich habe versucht, Tom zu finden.
2574854	Ho provato a trovare Tom.	3782726	Ich versuchte, Tom zu finden.
2560353	Finisci la storia.	3783863	Beende die Geschichte.
3784036	Mi piace indossare un orologio.	3784054	Ich mag eine Uhr tragen.
3592980	Tom ha una barca.	3784921	Tom hat ein Boot.
3504823	Mia sorella soffre di autismo?	3784924	Meine Schwester ist autistisch?
2945640	Avrebbe dovuto tenerlo segreto.	3784928	Er hätte es geheim halten sollen.
2945640	Avrebbe dovuto tenerlo segreto.	3784930	Sie hätte es geheim halten sollen.
2945640	Avrebbe dovuto tenerlo segreto.	3784931	Sie hätten es geheim halten sollen.
3489478	Io ho qualche domanda da farti.	3785104	Ich habe einige Fragen an dich.
3489478	Io ho qualche domanda da farti.	3785105	Ich habe dir ein paar Fragen zu stellen.
3545092	Potrà farlo.	3786893	Er kann das machen.
3545092	Potrà farlo.	3786894	Sie wird das tun können.
3545092	Potrà farlo.	3786895	Sie dürften das hinkriegen.
3354615	Quando do il segnale, avvia la macchina.	3786897	Wenn ich Bescheid sage, starte die Maschine.
2573709	Questa pagina non è mai stata divertente.	3787339	Diese Seite ist nie lustig gewesen.
2573709	Questa pagina non è mai stata divertente.	3787341	Diese Seite war niemals lustig.
2734851	Io non ti incolperei.	3787445	Ich gäbe dir nicht die Schuld.
2734851	Io non ti incolperei.	3787458	Ich würde dich nicht beschuldigen.
2480390	Sei motivata.	3795348	Sie sind motiviert.
2480398	Voi siete motivati.	3795356	Ihr seid motiviert.
3786038	Anche un orologio fermo segna l'ora giusta due volte al giorno.	3800852	Auch eine defekte Uhr zeigt zweimal am Tag die richtige Zeit an.
3833947	Dove si trovano i miei giornali?	3834006	Wo sind meine Zeitungen geblieben?
2551326	Avete vinto?	3837615	Habt ihr gewonnen?
3813747	Ha riparato il tavolo rotto.	3837630	Er hat den kaputten Tisch repariert.
3813747	Ha riparato il tavolo rotto.	3837632	Sie hat den zerbrochenen Tisch repariert.
3398320	Guarda cosa faccio io per te!	3837639	Schau, was ich für dich tue!
2687297	Vivete a San Pietroburgo.	3840331	Ihr lebt in St. Petersburg.
2687297	Vivete a San Pietroburgo.	3840332	Ihr wohnt in St. Petersburg.
3537428	Tom una volta mangiava fuori ogni giorno, però adesso non se lo può permettere.	3840355	Tom ist früher jeden Tag essen gegangen, aber heute kann er sich das nicht mehr leisten.
2565859	Non ti ho mai dimenticato.	3840470	Ich habe dich nie vergessen.
3804082	È lontano da qui a Boston?	3840476	Ist es weit von hier nach Boston?
3804082	È lontano da qui a Boston?	3840477	Ist Boston weit von hier?
3145799	Ad ognuno la sua croce.	3840538	Jeder hat sein Kreuz zu tragen.
2844733	I test del DNA hanno mostrato che era innocente.	3840675	Die DNS-Tests bewiesen, dass sie unschuldig war.
3287504	Buona giornata a tutti!	3842676	Allen einen guten Tag!
3262434	Io vi ho mai mentito?	3842935	Habe ich euch je belogen?
3358568	Mi potete dire quando sarà di ritorno Tom?	3843103	Könnt ihr mir sagen, wann Tom zurück sein wird?
3103262	Il ragazzo è assente da scuola da otto giorni.	3843109	Der Junge ist seit acht Tagen nicht in der Schule.
3103262	Il ragazzo è assente da scuola da otto giorni.	3843111	Der Junge fehlt seit acht Tagen in der Schule.
3309636	Lei dice che sono bello.	3843377	Sie sagt, dass ich schön bin.
3309636	Lei dice che sono bello.	3843379	Sie sagt, ich sei schön.
3268773	Non so giocare bene a carte e faccio poco i cruciverba.	3843385	Ich spiele nicht gut Karten und mache selten Kreuzworträtsel.
3168957	Lasciatelo libero lì.	3843410	Lasst ihn dort frei.
2582371	Sei una sospettata.	3843418	Du bist eine Verdächtige.
2829467	Ho sentito il suono della battaglia.	3843569	Ich hörte den Schlachtenlärm.
2829467	Ho sentito il suono della battaglia.	3843570	Ich habe den Lärm der Schlacht gehört.
2715695	Smettila di essere così curioso.	3843599	Hör auf, so neugierig zu sein.
2981752	Hai trovato una soluzione?	3845738	Hast du eine Lösung gefunden?
2262503	Loro hanno sorriso a Tom.	3854882	Sie haben Tom angelächelt.
2436819	A Tom piacciono gli spaghetti.	3854921	Tom mag Spaghetti.
2697104	Voi possedete una farmacia?	3855245	Habt ihr eine Apotheke?
2697104	Voi possedete una farmacia?	3855246	Gehört euch eine Apotheke?
3102650	Lei pensa che Mary sia troppo grassa per essere una cheerleader?	3855253	Glauben Sie, dass Mary zu dick ist, um Cheerleader zu sein?
2620515	Tom non voleva che Mary guidasse la sua auto.	3857192	Tom wollte nicht, dass Mary sein Auto fuhr.
1923034	Prova a controllarti.	3857239	Versuche dich zu beherrschen.
1923034	Prova a controllarti.	3857240	Er versucht, dich zu kontrollieren.
1923034	Prova a controllarti.	3857243	Sie versucht, dich zu kontrollieren.
2687162	Lo seguivamo da cinque mesi.	3857266	Wir folgten ihm fünf Monate.
2687162	Lo seguivamo da cinque mesi.	3857267	Wir sind ihm fünf Monate lang gefolgt.
2436735	Preparai dei piani.	3857382	Ich machte Pläne.
2436735	Preparai dei piani.	3857384	Ich habe Pläne gemacht.
2023142	Io ho un'amica che vive a Londra.	3857389	Ich habe eine Freundin, die in London lebt.
2023142	Io ho un'amica che vive a Londra.	3857390	Ich habe eine Freundin, die in London wohnt.
3673718	Io sono troppo stanca.	3857583	Ich bin zu müde.
3859905	Le biciclette legate alle transenne saranno rimosse.	3860023	Die an die Absperrungen angeschlossenen Fahrräder werden beseitigt.
3348360	Abolite tutti gli altri partiti, così la gente non avrà più il disturbo di dover votare.	3860103	Schafft alle anderen Parteien ab, dann haben die Leute nicht mehr das Problem, wählen zu müssen.
2899869	Ci aiuterete o no?	3860111	Helft ihr uns oder nicht?
3272230	Sto cercando di risolvere dei problemi informatici.	3860227	Ich versuche, informationstechnische Probleme zu lösen.
3272230	Sto cercando di risolvere dei problemi informatici.	3860228	Ich probiere gerade, Informatik-Probleme zu lösen.
3007566	Lei deve aiutarla.	3860229	Sie müssen ihr helfen.
3007566	Lei deve aiutarla.	3860230	Sie muss ihr helfen.
1646274	Le giornate sono abbastanza lunghe.	3860330	Die Tage sind lang genug.
1646274	Le giornate sono abbastanza lunghe.	3860333	Die Tage sind ziemlich lang.
2211374	Voi non sapete niente, vero?	3860504	Ihr wisst nichts, wie?
3397712	Era questo che intendevo.	3860544	Das war es, was ich beabsichtigte.
3306303	Tom sembrava pronto ad andarsene.	3863399	Tom schien bereit zu gehen.
3157572	L'ultima frase è questa.	3863401	Der letzte Satz ist dieser.
3005542	Io non vi lascerò morire.	3863491	Ich lasse euch nicht sterben.
3005542	Io non vi lascerò morire.	3863492	Ich werde euch nicht sterben lassen.
2262565	Tom non ha mai pensato al futuro.	3863600	Tom hat nie an die Zukunft gedacht.
3511912	Non è la prima volta che accade?	3863638	Ist das nicht das erste Mal, dass das passiert?
3511912	Non è la prima volta che accade?	3863640	Das geschieht nicht zum ersten Mal?
3294703	Non dimenticherò mai questa visione.	3863645	Ich werde diesen Anblick niemals vergessen.
3194183	Temo sia così per davvero!	3863653	Ich fürchte wirklich, dass es so ist!
3863598	Ti aspetto nel ristorante.	3863727	Ich warte im Restaurant auf dich.
3863588	Io non riesco ad aprire la porta.	3863728	Ich schaffe es nicht, die Tür zu öffnen.
3863584	Posso aprire la porta?	3863729	Kann ich die Tür öffnen?
3863756	Questo inverno è troppo freddo!	3863793	Diesen Winter ist es sehr kalt.
3525333	Ho bisogno di un portacenere.	3865608	Ich brauche einen Aschenbecher.
3070985	Il tuo treno parte dal binario dieci.	3865614	Dein Zug fährt von Gleis zehn.
2882616	Perché Tom era in prigione?	3865619	Warum war Tom im Gefängnis?
2882616	Perché Tom era in prigione?	3865621	Warum ist Tom im Gefängnis gewesen?
3869323	Prima di firmarlo, leggilo attentamente.	3869341	Ehe du ihn unterschreibst, lies ihn dir aufmerksam durch.
3869310	All'inizio del libro c'è un indice.	3869342	Am Anfang des Buches befindet sich ein Inhaltsverzeichnis.
3869292	Posso andare da Venezia a Milano senza cambiare treno?	3869344	Kann ich ohne Umsteigen von Venedig nach Mailand fahren?
3869270	Ricordo il giorno in cui ti ho incontrato.	3869346	Ich erinnere mich an den Tag, an dem ich dich kennengelernt habe.
3516660	Spero che tutti siano arrivati sani e salvi.	3869559	Ich hoffe, dass alle wohlbehalten angekommen sind.
3869680	Tom era scontento.	3869813	Tom war unzufrieden.
3869399	Pensate che Tom l'abbia comprato?	3869824	Denkt ihr, dass Tom es kaufte?
3869392	Tom sembra essere davvero felice.	3869831	Tom sieht wirklich glücklich aus.
3869268	Perché sei triste? — Perché Marco è partito ieri.	3869838	„Warum bist du traurig?“ – „Weil Marco gestern abgereist ist.“
3869177	Non perda il treno questo pomeriggio!	3869844	Verpasse nicht den Zug diesen Nachmittag!
3870675	Ma la droga dove l'ha nascosta?	3870678	Aber wo sind die Drogen versteckt?
1996825	Lei è strana.	3870919	Sie ist komisch.
1996825	Lei è strana.	3870920	Sie sind komisch.
2596270	Non dovevo restare.	3870923	Ich musste nicht bleiben.
3494574	Andate ad aiutare vostro fratello.	3870928	Geht und helft eurem Bruder.
2191186	Tom è annegato.	3870939	Tom ist ertrunken.
3653915	Posso avere un po' di privacy, per piacere?	3870961	Kann ich bitte ein wenig Privatsphäre haben?
2711247	Perché a Tom non piace questo hotel?	3870967	Warum mag Tom dieses Hotel nicht?
3665760	Non l'ha mai detto.	3870968	Er hat es nie gesagt.
1255564	Dammi tempo.	3870972	Gib mir Zeit!
3794841	Tom ha risposto al suo telefono.	3870979	Tom ist ans Telefon gegangen.
3582038	Dov'è il Nilo?	3870981	Wo ist der Nil?
2742648	Non ci sono commenti.	3870983	Es gibt keine Kommentare.
2485770	Butti fuori Tom.	3870984	Schmeiß Tom raus!
3018766	È incredibilmente bello.	3870990	Es ist unglaublich schön.
3161548	Tom ha fatto le domande sbagliate.	3870991	Tom stellte die falschen Fragen.
3654544	Dimmi se Carlo viene.	3870993	Sag mir, ob Carlo kommt.
3351995	Perché volete incontrare Tom?	3871074	Warum wollt ihr Tom kennenlernen?
410958	A tutti i miei amici piace il calcio.	3871080	Alle meine Freunde lieben Fußball.
2714753	Non posso venire perché sono a Londra.	3871085	Ich kann nicht kommen, da ich in London bin.
3770993	Abbiamo aspettato fuori.	3871089	Wir warteten draußen.
3816113	Tom ha bisogno di un po' d'acqua.	3871091	Tom braucht ein wenig Wasser.
2552578	Possiamo farlo?	3871094	Können wir es tun?
2559410	Ha un fratello maggiore.	3874779	Er hat einen älteren Bruder.
2559410	Ha un fratello maggiore.	3874780	Sie haben einen älteren Bruder.
3875133	Lo hanno eliminato fisicamente?	3875142	Ist sie physisch eliminiert?
3057571	La ditta pubblicò una nuova rivista.	3876468	Die Firma hat eine neue Zeitschrift herausgegeben.
2954374	Speriamo sia un buon auspicio.	3876598	Hoffen wir, es ist ein gutes Vorzeichen!
3046340	Quanti regali hai ricevuto?	3878727	Wie viele Geschenke hast du bekommen?
3090743	Quanti libri hai comprato?	3878730	Wie viele Bücher hast du gekauft?
3257096	Ho sentito dire che era ammalato.	3879339	Ich hörte, er sei krank.
3015421	Dove pensi che sia andato Tom?	3879341	Was denkst du, wo Tom hingegangen ist?
3015421	Dove pensi che sia andato Tom?	3879343	Wohin, denkst du, ist Tom gegangen?
2862968	Io non riesco ad essere felice quando Tom è così triste.	3879345	Ich kann nicht glücklich sein, wenn Tom so traurig ist.
2842889	So che dovete tornare a Boston.	3879349	Ich weiß, dass ihr nach Boston zurück müsst.
2762216	Io non voglio il denaro.	3879350	Ich will das Geld nicht.
2200928	La fotografia è sulla chiavetta USB.	3879381	Das Foto ist auf dem USB-Stick.
2200928	La fotografia è sulla chiavetta USB.	3879385	Die Fotografie befindet sich auf dem USB-Stick.
3640926	Lo hanno accolto a braccia aperte.	3885888	Sie haben ihn mit offenen Armen empfangen.
3640927	Lo hanno accolto a braccia aperte?	3885889	Sie haben ihn mit offenen Armen empfangen?
1406235	Qui piove a dirotto.	3885915	Hier regnet es in Strömen.
3617134	Sta piovendo a dirotto da ore ormai.	3885920	Schon stundenlang regnet es in Strömen.
2181614	Io comincio domani.	3889162	Ich beginne morgen.
2801204	È un anello magnifico!	3889619	Das ist ein wunderschöner Ring!
2189137	Usciranno dalla lezione fra quaranta minuti.	3894542	Sie werden in vierzig Minuten aus dem Unterricht kommen.
3240330	Avete la Guinness qui?	3894679	Haben Sie Guinness?
3042142	Non c'era alcun mobilio in quella stanza.	3894682	Es waren keinerlei Möbel in dem Raum.
3575645	Voi avete paura della morte?	3896498	Habt ihr Angst vor dem Tod?
3575645	Voi avete paura della morte?	3896501	Fürchtet ihr den Tod?
3277033	Se lei potesse venire, io sarei veramente felice.	3898478	Wenn Sie kommen könnten, wäre ich wirklich glücklich.
3277033	Se lei potesse venire, io sarei veramente felice.	3898481	Wenn sie kommen könnte, wäre ich wirklich glücklich.
3218866	Allora lasciatemi perdere.	3898483	Dann lasst mich doch verlieren.
3475632	Vorrei vedere quella giacca rossa in vetrina.	3898488	Ich möchte mir die rote Jacke im Schaufenster gerne mal anschauen.
3430247	Tu non sei invitata a pranzo.	3898496	Du bist nicht zum Mittagessen eingeladen.
2562821	Mia sorella è un genio!	3898596	Meine Schwester ist ein Genie!
3678149	È vero che Tom non sa leggere o scrivere?	3923839	Stimmt es, dass Tom nicht lesen oder schreiben kann?
2582725	Non traduco per te!	3923840	Ich übersetze nicht für dich!
1522014	Prova a pensarci.	3923844	Versuch, darüber nachzudenken.
2478369	"Dov'è il mio sandwich?" "È in cucina."	3923859	„Wo ist mein Sandwich?“ – „In der Küche.“
3427296	Il Paradiso esiste?	3923869	Gibt es das Paradies?
3795464	Ha fumato una sigaretta.	3923872	Sie hat eine Zigarette geraucht.
3275189	Voglio raccontarvi una storia.	3923875	Ich will euch eine Geschichte erzählen.
2943943	Io voglio sapere il suo nome.	3925695	Ich will sein Namen wissen.
3275385	Penso che Tom sia fortunato.	3925744	Ich denke, Tom sei glücklich.
3811113	Hai abbaiato.	3925993	Du hast gebellt.
2477731	Ci serve uno strumento con cui aprirlo.	3926157	Wir brauchen ein Werkzeug, mit dem wir es öffnen können.
3928304	Tom cadde in acqua.	3928319	Tom ist ins Wasser gefallen.
3237291	È semplicemente fantastica!	3928682	Das ist schlichtweg phantastisch!
3237291	È semplicemente fantastica!	3928684	Das ist einfach phantastisch!
3485921	Si lavi le mani prima di ogni pasto.	3928716	Waschen Sie sich die Hände vor jedem Essen.
3409846	Stai guardando?	3928718	Schaust du zu?
3000230	Io penso di voler restare.	3928795	Ich denke, ich will bleiben.
3000230	Io penso di voler restare.	3928796	Ich glaube, ich will bleiben.
2727291	Non conosco Boston così bene.	3932753	Ich kenne Boston nicht so gut.
3512070	Questo rumore incessante mi fa impazzire.	3932800	Dieser ständige Lärm macht mich verrückt.
3058499	Non c'è alcuna risposta giusta a questa domanda.	3932811	Es gibt keine richtige Antwort auf diese Frage.
2693085	Il libro è stato scritto da Giannis.	3932872	Das Buch wurde von Jannis geschrieben.
2693085	Il libro è stato scritto da Giannis.	3932873	Das Buch ist von Jannis geschrieben worden.
2886712	Lei andrà a casa con il naso rotto!	3932917	Sie wird mit gebrochener Nase nach Hause gehen!
2886712	Lei andrà a casa con il naso rotto!	3932918	Sie werden mit einer gebrochenen Nase nach Hause gehen!
2191131	Tom lo sa.	3933842	Tom weiß es.
2930446	Quando l'ha incontrato?	3935005	Wann hat er ihn getroffen?
2930446	Quando l'ha incontrato?	3935006	Wann hat sie ihn getroffen?
2930446	Quando l'ha incontrato?	3935008	Wann haben Sie ihn getroffen?
2363088	Tom non sarà un problema.	3935018	Tom wird kein Problem sein.
2822770	Tom vuole restare celibe.	3935243	Tom will ledig bleiben.
3814594	Lui giocava.	3935288	Er spielte.
2882618	Perché Tom ha trascorso del tempo in prigione?	3935292	Warum hat Tom Zeit im Gefängnis verbracht?
3050233	Merita un premio.	3935297	Sie verdienen einen Preis.
1335587	In un incontro di pugilato combattono due pesi massimi. Uno spettatore seduto in prima fila continua ad urlare: “Marco, pestalo! Pestalo forte!” Il suo vicino di posto ad un certo punto gli chiede: “Lei è un sostenitore di Marco?” “No”, risponde l’altro. “Sono il dentista del suo avversario!”	3935650	Zwei Schwergewichte begegneten sich in einem Boxkampf. Ein Zuschauer in der ersten Reihe hörte nicht auf zu schreien: „Hau rein, Mark! Hau richtig rein!“ Nach gewisser Zeit fragte ihn sein Platznachbar: „Sind Sie ein Fan von Mark?“ „Nein“, sagte der andere, „ich bin der Zahnarzt des Gegners.”
3440677	Parti domani, giusto?	3939857	Du reist morgen ab, richtig?
3837412	Tom è ragionevole.	3939863	Tom ist vernünftig.
2480504	Ci sono molte cose da vedere a Parigi.	3939865	Es gibt viele Dinge, die man in Paris sehen kann.
2362673	È questo il negozio dove compri le tue scarpe?	3939866	Ist es dieser Laden, wo du deine Schuhe kaufst?
1713959	Il soldato sta andando via.	3939868	Der Soldat geht weg.
1313230	Ero spaventata quando la vidi.	3939874	Ich war erschrocken, als ich sie sah.
3816726	Lei mentiva.	3939889	Sie log.
1441850	Per favore, quanto costa questa cosa?	3939892	Wie viel kostet dieses Ding, bitte?
3460132	Il suo articolo mi ha delusa.	3939896	Sein Artikel hat mich enttäuscht.
3647151	Siamo pronti da un'ora.	3939899	Wir sind seit einer Stunde bereit.
3874511	Mi dispiace, ma non posso aiutarla.	3939902	Verzeihung! Aber ich kann Ihnen nicht helfen.
3833526	Tu non avevi paura.	3939903	Du hattest keine Angst.
3504788	Siete a Napoli?	3939904	Seid ihr in Neapel?
2881409	Sono venuto qui per imparare.	3942736	Ich bin hier, um zu lernen.
2729163	Sappiamo molte cose.	3942737	Wir wissen viel.
3944483	Ti ho già detto cosa penso.	3944562	Ich habe dir schon gesagt, was ich denke.
3167213	Piacerebbe a tutti voi.	3944924	Es würde euch allen gefallen.
3167213	Piacerebbe a tutti voi.	3944925	Er würde euch allen gefallen.
3167213	Piacerebbe a tutti voi.	3944926	Sie würde euch allen gefallen.
1931399	Karam è un nuovo professore.	3945101	Karam ist ein neuer Professor.
1931399	Karam è un nuovo professore.	3945102	Karam ist ein neuer Lehrer.
2856715	Sembrava che Tom stesse preparandosi per andarsene.	3945126	Es schien, dass Tom sich zum Gehen bereit machte.
1535792	Solo io ne ho avuto l'onore?	3945145	Bin ich der Einzige, der diese Ehre hatte?
3432078	Nessuno rinnega il passato.	3947111	Keiner verleugnet die Vergangenheit.
3432079	Nessuno rinnega il passato?	3947114	Keiner verleugnet die Vergangenheit?
2823449	Lei ricorda il suo primo bacio?	3948296	Erinnern Sie sich an Ihren ersten Kuss?
2282136	Tu non hai una vita.	3948300	Du hast kein Leben.
2922693	Ho pranzato.	3948305	Ich habe Mittag gegessen.
2555844	Io odio il francese.	3948310	Ich hasse Französisch.
3811647	Noi abbiamo parlato con nostro zio al telefono.	3948319	Wir haben mit unseren Onkel am Telefon gesprochen.
3505080	Mi sarebbe piaciuto molto ricevere una risposta.	3948338	Es würde mich freuen, eine Antwort zu bekommen.
3407101	Tu ci sarai sempre.	3948353	Du wirst immer dort sein.
3672660	Voglio solo essere un buon vicino.	3948365	Ich will nur ein guter Nachbar sein.
3811290	Sei mai stato a Teheran?	3948371	Bist du je in Teheran gewesen?
3512641	Ha invitato Tom alla festa?	3948377	Haben Sie Tom zur Party eingeladen?
2028458	Tom è stato accusato?	3948381	Wurde Tom beschuldigt?
2717415	Io penso che siate perfette.	3948384	Ich denke, dass ihr perfekt seid.
3371394	Quando si è sposato?	3948389	Wann haben Sie geheiratet?
2377569	A me piace questa giacca.	3948391	Mir gefällt diese Jacke.
2602314	Questo non è cibo.	3948394	Das ist kein Essen.
2713880	Tom non può guidare.	3948395	Tom kann nicht fahren.
2439938	Perché vi siete arrampicati sul tetto di casa sua?	3948404	Warum seid ihr auf unser Hausdach geklettert?
1273794	Ti sento ancora qui anche se non ci sei più.	3948405	Ich höre dich hier noch, auch wenn du nicht mehr da bist.
3462873	Mi serve un po' di latte per i miei cereali.	3948415	Ich brauche ein wenig Milch für meine Cornflakes.
2848095	Vi penserò oggi.	3948418	Ich werde heute an euch denken.
2436789	Se gli spaghetti si appiccicano quando li lancia contro il muro, sono pronti.	3949578	Wenn die Spaghetti hängenbleiben, wenn Sie sie an die Mauer werfen, dann sind sie fertig.
2436787	Se gli spaghetti si appiccicano quando li lanci contro il muro, sono pronti.	3949586	Wenn die Spaghetti hängenbleiben, wenn du sie an die Mauer wirfst, dann sind sie fertig.
2436790	Se gli spaghetti si appiccicano quando li lanciate contro il muro, sono pronti.	3949587	Wenn die Spaghetti hängenbleiben, wenn ihr sie an die Mauer werft, dann sind sie fertig.
2134603	Viviamo in un periodo difficile.	3955046	Wir leben in einer schwierigen Zeit.
3322479	Tom è stato qui soltanto per tre notti.	3955047	Tom ist nur für drei Nächte hier geblieben.
1574450	Tom riconobbe il vecchio uomo, però non sapeva il suo nome.	3955050	Tom erkannte den alten Mann wieder, doch er wusste sein Name nicht.
2865370	Io ho davvero bisogno di farmi una doccia.	3955053	Ich muss mich wirklich duschen.
1839020	Dove si trova questa?	3955054	Wo findet man die?
3380149	Non dire a nessuno che ho voluto guardarlo.	3955057	Sage niemand, dass ich es anschauen wollte.
3221802	Io non sono uno dei tuoi soldati.	3955064	Ich bin nicht einer deiner Soldaten.
1254530	Tom dovrebbe saperlo.	3955074	Tom müsste es wissen.
3863624	Tom è sano di mente, vero?	3955086	Tom ist geistig gesund, richtig?
2609756	Tom continuò a suonare.	3955088	Tom spielte weiter.
2865586	Lei vi ha avvisati.	3955093	Sie hat euch gewarnt.
2799767	Sto pensando di aprire un negozio.	3957881	Ich denke, ich eröffne ein Laden.
3852995	Non voglio più lavorare per voi.	3957883	Ich will nicht mehr für euch arbeiten.
3889756	Tom mi ha fatto vedere come si fa la pizza.	3957885	Tom hat mir gezeigt, wie man Pizza macht.
3351574	Le ragazze sono svenute.	3957903	Die Mädchen sind in Ohnmacht gefallen.
3965621	Lui sa guidare?	3965657	Kann er Auto fahren?
3965164	Lei aiuta sua moglie a casa?	3965665	Helfen Sie Ihrer Frau zu Hause?
2913975	Tom corse per raggiungere Mary.	3966663	Tom rannte, um Maria einzuholen.
3537920	Sbrigati o non lo raggiungerai.	3966727	Beeil dich, sonst holst du ihn nicht ein!
670726	Potreste parlare un po' più lentament?	3973844	Könnt ihr ein bisschen langsamer sprechen?
3187988	Vuoi vederlo?	3973848	Willst du es sehen?
1990045	Spero che Tom dica di no.	3973850	Ich hoffe, Tom sagt nein.
3849249	Loro hanno steso il bucato.	3973852	Sie haben die Wäsche aufgehängt.
3251762	Tom si sta ubriacando.	3973894	Tom betrinkt sich.
3981369	Voi non avevate bisogno di denaro.	3981383	Du brauchst kein Geld.
3994188	La pizza sta cuocendo nel forno.	3994194	Die Pizza bäckt im Ofen.
3318398	Mi hai messo in una strana situazione.	4004526	Du hast mich in eine seltsame Situation gebracht.
2069172	Io richiedo che gli studenti siano sempre puntuali.	4004556	Ich verlange, dass die Studenten immer pünktlich sind.
4005799	Oggi ero in chiesa.	4006043	Heute war ich in der Kirche.
4005755	Che notizia meravigliosa!	4006057	Was für eine wunderbare Nachricht!
4004880	No, io ero a casa!	4006078	Doch, ich war zu Hause!
4004465	Ma non si vede niente!	4006090	Aber man sieht gar nichts!
3157709	Sono anni che non fumo.	4007088	Ich rauche schon seit Jahren nicht mehr.
3010749	Sono sicuro che loro stanno parlando di noi.	4007533	Ich bin sicher, sie sprechen über uns.
3010749	Sono sicuro che loro stanno parlando di noi.	4007537	Ich bin mir sicher, dass sie über uns sprechen.
2559216	Ho bisogno di un po' di tè.	4007561	Ich brauche etwas Tee.
2974113	Mostrami l'audiocassetta.	4007659	Zeig mir die Kassette.
2132683	Qual è la tua applicazione per iPhone preferita?	4018347	Was ist deine Lieblings-App fürs iPhone?
2132683	Qual è la tua applicazione per iPhone preferita?	4018349	Welche ist deine Lieblings-iPhone-App?
3787141	Hai mai formulato delle ipotesi su questo strano fenomeno?	4019848	Hast du je Hypothesen über dieses seltsame Phänomen aufgestellt?
3970504	E io crepavo di paura!	4024314	Ich bin vor Angst fast gestorben!
3343913	È quello che si ricorda Tom.	4024315	Das ist es, woran Tom sich erinnert.
3343434	Non parlare mentre mangi.	4024318	Sprich nicht beim Essen.
2159925	C'è un'ambasciata svedese a Washington D.C..	4024773	Es gibt eine schwedische Botschaft in Washington D. C.
2969942	Lui è prigioniero, però è innocente.	4024834	Er sitzt im Gefängnis, aber er ist unschuldig.
3475435	Mio padre va al lavoro in auto.	4049975	Mein Vater fährt mit dem Auto zur Arbeit.
2712415	Chopin era un musicista polacco.	4052268	Chopin war ein polnischer Musiker.
2433369	A me piace il blu.	4053136	Ich mag Blau.
2433369	A me piace il blu.	4053138	Mir gefällt Blau.
2462579	La mia vicina ha rinnovato completamente la sua casa.	4053443	Meine Nachbarin hat ihr Haus völlig renoviert.
3952586	I due uomini erano come fuoco e acqua.	4074455	Die zwei Männer waren wie Feuer und Wasser.
535840	Guglielmo da Occam fu un frate francescano inglese.	4074487	William of Occam war ein englischer Franziskanermönch.
383581	Per favore, togliti le scarpe prima di entrare in casa.	4074519	Bitte zieh dir vor dem Eintritt die Schuhe aus.
4075158	Non mi interessa lavorare gratuitamente.	4076603	Arbeiten ohne Bezahlung interessiert mich nicht.
428065	Sei la mia migliore amica.	4077116	Du bist meine beste Freundin.
3488310	Era il mio migliore amico.	4077127	Er war mein bester Freund.
3807528	Fu la mia migliore amica.	4077129	Sie war meine beste Freundin.
1845436	Il film inizierà tra pochi minuti.	4084777	Der Film fängt in ein paar Minuten an.
3121431	I nostri ospiti arriveranno tra pochi minuti.	4084793	Unsere Gäste kommen in ein paar Minuten an.
3121431	I nostri ospiti arriveranno tra pochi minuti.	4084794	Unsere Gäste treffen in ein paar Minuten ein.
3987347	Ho un esame tra pochi minuti e verrò sicuramente bocciato.	4084803	In ein paar Minuten habe ich eine Prüfung, und ich werde bestimmt durchfallen.
4094703	Chi manca?	4094742	Wer fehlt?
3256497	Non c'è elettricità nella camera.	4118908	Es gibt keinen Strom in dem Zimmer.
3256497	Non c'è elettricità nella camera.	4118909	Der Raum hat keinen Strom.
2448919	Sappiamo come passare l'estate.	4122588	Wir wissen, wie wir den Sommer verbringen werden.
2602297	Queste sono reali.	4122890	Diese sind echt.
2602297	Queste sono reali.	4122893	Diese sind wirklich.
2602297	Queste sono reali.	4122895	Diese sind real.
3761749	Sono andati a pescare.	4123441	Sie sind angeln gegangen.
3761749	Sono andati a pescare.	4123442	Sie sind fischen gegangen.
3406491	Io non voglio avere niente a che fare con lei.	4123477	Ich will nichts mit Ihnen zu tun haben.
3406491	Io non voglio avere niente a che fare con lei.	4123478	Ich will nichts mit ihr zu tun haben.
2964228	Qual è il suo parco nazionale preferito?	4126397	Welcher ist sein Lieblings-Nationalpark?
2964228	Qual è il suo parco nazionale preferito?	4126398	Welcher ist ihr Lieblings-Nationalpark?
2964228	Qual è il suo parco nazionale preferito?	4126399	Was ist Ihr Lieblings-Nationalpark?
3268474	Domenica è importante andare a votare?	4126422	Ist es wichtig, Sonntag wählen zu gehen?
1204350	Gli hai telefonato?	4128617	Hast du ihn angerufen?
4155208	Sei così romantica.	4157079	Du bist so romantisch!
3432801	Quindi, lo capite?	4157163	Also,verstehst du es?
3473611	Che intendi dire?	4157178	Was beabsichtigst du zu sagen?
724498	Quale frutto è verde?	4157843	Welche Frucht ist grün?
3603372	Dai del cibo ai senzatetto.	4157863	Gib den Obdachlosen zu essen!
4165577	È iniziato tutto con lui.	4165606	Alles hat mit ihm angefangen.
4165577	È iniziato tutto con lui.	4165607	Alles hat mit ihm begonnen.
814373	Ti manderò una lettera.	4178790	Ich schicke dir einen Brief.
814373	Ti manderò una lettera.	4178794	Ich werde dir einen Brief schicken.
3557720	Io le ho detto che ero interessato.	4179711	Ich sagte ihr, ich sei interessiert.
3557720	Io le ho detto che ero interessato.	4179713	Ich bedeutete ihr mein Interesse.
3557720	Io le ho detto che ero interessato.	4179714	Ich sagte ihr, dass ich interessiert wäre.
3160939	Un mio amico mi ha aggiustato la bici ieri.	4179717	Einer meiner Freunde hat mir gestern mein Rad repariert.
1328577	Quanti anni aveva nella prima foto?	4184708	Wie alt war er auf dem ersten Foto?
1328577	Quanti anni aveva nella prima foto?	4184709	Wie alt war sie auf dem ersten Foto?
2702591	Tom lo spiegò.	4186617	Tom hat es erklärt.
1613718	La ragazza aveva un nastro giallo nei capelli.	4186704	Das Mädchen trug eine gelbe Schleife im Haar.
4188930	Possiamo aprire la finestra.	4188938	Wir können das Fenster öffnen.
4171455	Non riesco a dimenticare i suoi occhi.	4193201	Ich kann ihre Augen nicht vergessen.
4171454	Tom sapeva che Mary non lo amava.	4193216	Tom wusste, dass Maria ihn nicht liebte.
4171451	Tom e io ci amiamo.	4193228	Tom und ich lieben einander.
4171448	Hai letto l'articolo?	4193249	Haben Sie den Artikel gelesen?
4171448	Hai letto l'articolo?	4193253	Hast du den Artikel gelesen?
4171447	Per favore, scrivete la risposta su questo pezzo di carta.	4193262	Bitte schreibt die Antwort auf dieses Stück Papier.
3001398	Io non ho speso proprio nulla.	4193287	Ich habe nichts ausgegeben.
4193267	Mi è venuta una fitta allo stomaco!	4193291	Ich habe einen stechenden Schmerz im Magen!
2435931	Ho perso il controllo.	4205993	Ich verlor die Kontrolle.
2435931	Ho perso il controllo.	4205995	Ich habe die Kontrolle verloren.
3302624	Penso sia ora io vada a letto.	4206014	Ich denke, es ist Zeit für mich, ins Bett zu gehen.
2560898	Io dissi la verità.	4208909	Ich habe die Wahrheit gesagt.
2560898	Io dissi la verità.	4208910	Ich sprach die Wahrheit.
2414982	Vietato ai minori.	4212045	Für Minderjährige verboten!
3636874	Dovrebbe essere vietato.	4212046	Es gehört verboten.
3636875	Dovrebbe essere vietato?	4212047	Es gehört verboten?
4162975	È severamente vietato.	4212049	Es ist streng verboten.
3511691	L'autostop in Italia è vietato.	4212050	Per Anhalter fahren ist in Italien verboten.
3511692	L'autostop in Italia è vietato?	4212051	Per Anhalter fahren ist in Italien verboten?
993695	Un comandante deve comandare ordini ai suoi sottoposti.	4216715	Ein Kommandant darf seinen Untergebenen Befehle erteilen.
1613952	Il capitano diede l'ordine ai sottoposti di fare fuoco.	4216730	Der Hauptmann gab seinen Untergebenen den Befehl zu feuern.
1765895	Chissà che mangeremo in futuro.	4216889	Wer weiß, was wir zukünftig einmal essen werden.
2790917	Ti piacerebbe avere dei figli in futuro?	4216907	Würdest du gerne einmal Kinder haben wollen?
2790922	In futuro vorrei avere almeno due figli.	4216916	Ich würde einmal gerne wenigstens zwei Kinder haben wollen.
2829383	Lui vuole essere uno scienziato in futuro.	4216921	Er will einmal Wissenschaftler werden.
3398371	Come possiamo sperare in un futuro migliore?	4216926	Wie können wir auf eine bessere Zukunft hoffen?
694024	Nessuno sa cosa accadrà nel futuro.	4216933	Keiner weiß, was in Zukunft passieren wird.
694024	Nessuno sa cosa accadrà nel futuro.	4216934	Keiner weiß, was in der Zukunft passieren wird.
1280545	Ha lasciato l'impresa.	4229414	Er hat die Firma verlassen.
3347310	La Biennale di Venezia è una mostra d'arte contemporanea che si svolge ogni due anni.	4229439	Die Biennale von Venedig ist eine Ausstellung zeitgenössischer Kunst, die alle zwei Jahre stattfindet.
2318011	Mi lasciai spingere dalle onde.	4229451	Ich ließ mich von den Wellen treiben.
3549922	Mi chiedo che cosa spinga le persone a fare cose simili.	4229470	Ich frage mich, was die Leute dazu bringt, so etwas zu tun.
3998955	Abbiamo un contratto.	4230781	Wir haben einen Vertrag.
653749	Ha contratto l'AIDS.	4230787	Er hat sich AIDS zugezogen.
2234205	Guarda attentamente il contratto.	4230796	Sehen Sie sich den Vertrag aufmerksam an.
4000916	Tom firmò il contratto.	4230805	Tom unterzeichnete den Vertrag.
2374920	Ho appena firmato il contratto.	4230809	Ich habe gerade den Vertrag unterzeichnet.
2696996	Aveva un contratto di lavoro.	4230813	Er hatte einen Arbeitsvertrag.
3165160	Aveva appena firmato un nuovo contratto.	4230819	Er hatte gerade einen neuen Vertrag unterzeichnet.
3165160	Aveva appena firmato un nuovo contratto.	4230822	Sie hatte gerade einen neuen Vertrag unterzeichnet.
3213204	Ho un contratto a tempo indeterminato.	4230824	Ich habe einen unbefristeten Vertrag.
3231690	Ecco la chiave, ecco il contratto.	4230827	Hier ist der Schlüssel, und hier ist der Vertrag.
1302678	I due paesi negoziarono un trattato.	4230842	Die beiden Länder handelten einen Vertrag aus.
1302677	I due paesi hanno negoziato un trattato.	4230845	Die beiden Länder haben einen Vertrag ausgehandelt.
3103808	Ha realizzato i suoi obiettivi?	4235213	Hat er seine Ziele erreicht?
4237901	Questa è una delle più belle?	4237911	Ist diese eine von den Schönsten?
4242633	Io non correggo nulla.	4242645	Ich korrigiere nichts.
4242633	Io non correggo nulla.	4242647	Ich berichtige nichts.
4242658	Io non taglio nulla.	4242661	Ich schneide nichts ab.
4243354	Ci si può fidare di te?	4243371	Kann man dir vertrauen?
2056781	Un organismo unicellulare è costituito da una sola cellula.	4251491	Ein einzelliger Organismus besteht aus einer einzigen Zelle.
4251839	Dovresti chiamare Marika. È il suo compleanno oggi.	4251850	Du solltest Marika anrufen. Es ist heute ihr Geburtstag.
4075176	Facendo si impara.	4254948	Indem man tut, lernt man!
3644272	Dovreste chiamare Tom.	4257952	Ihr solltet Tom anrufen.
4258039	Qualcuno è interessato a imparare delle cose nuove?	4258086	Gibt es jemanden, der Interesse hat, neue Dinge zu lernen?
3857449	Ottima scelta!	4260106	Eine hervorragende Wahl!
2578495	Non avrò scelta.	4260128	Ich werde keine Wahl haben.
2844833	Hai scelto bene.	4260144	Du hast gut gewählt.
3191299	Non ha scelta.	4260145	Er hat keine Wahl.
3191299	Non ha scelta.	4260147	Sie hat keine Wahl.
1081968	Quali colori avete scelto?	4260154	Welche Farben habt ihr euch ausgesucht?
4263106	Come siete intransigenti!	4263153	Wie hartnäckig ihr doch seid!
4262799	Lei vuole ballare.	4263155	Sie möchte tanzen.
4262792	Alla tua salute!	4263156	Auf dein Wohl!
4266350	Ogni volta che sento questa canzone, penso al suo sorriso.	4266361	Jedes Mal, wenn ich dieses Lied höre, denke ich an ihr Lächeln.
4266350	Ogni volta che sento questa canzone, penso al suo sorriso.	4266362	Jedes Mal, wenn ich dieses Lied höre, denke ich an sein Lächeln.
3525853	Avete già finito?	4267158	Habt ihr es schon getan?
3525852	Ha già finito?	4267159	Hat er es schon gemacht?
3480182	Il male è ovunque.	4270583	Das Böse ist überall.
1100006	Il frutto andò a male.	4270584	Das Obst wurde schlecht.
2715736	Hai il mal di stomaco?	4270630	Hast du Bauchweh?
2715737	Ha il mal di stomaco?	4270632	Hat er Bauchweh?
2715737	Ha il mal di stomaco?	4270635	Hat sie Bauchweh?
3156347	Hai il mal di denti?	4270638	Hast du Zahnschmerzen?
3156347	Hai il mal di denti?	4270640	Hast du Zahnweh?
3758500	Hai il mal di testa?	4270644	Hast du Kopfweh?
4205612	Aveva il mal di stomaco.	4270650	Er hatte Bauchweh.
4205612	Aveva il mal di stomaco.	4270651	Sie hatte Bauchweh.
3103890	Io ho un piano migliore.	4284151	Ich habe einen besseren Plan.
3264947	Io ho un nuovo piano.	4284152	Ich habe einen neuen Plan.
4121967	Ho un piano. Non preoccuparti.	4284156	Ich habe einen Plan. Mach dir keine Sorgen.
4121968	Ho un piano. Non preoccupatevi.	4284157	Ich habe einen Plan. Macht euch keine Sorgen.
3265003	Tom sta lavorando su un nuovo piano.	4284166	Tom ist dabei, einen neuen Plan auszuarbeiten.
3810747	Per il momento, non ho un piano.	4284170	Im Augenblick habe ich keinen Plan.
3108595	Io voglio oppormi a un piano così folle.	4284172	Ich möchte mich gegen einen solch irrsinnigen Plan aussprechen.
4262545	Sto cercando di pensare a un piano migliore.	4284173	Ich bin dabei, mir einen besseren Plan zu überlegen.
4293716	Si trova di fronte a un bivio.	4293718	Sie befindet sich an einem Scheideweg.
4293716	Si trova di fronte a un bivio.	4293719	Er befindet sich an einem Scheideweg.
4293751	Con i soldi che ho guadagnato, posso vivere agiatamente per il resto dei miei giorni.	4293755	Mit dem von mir verdienten Geld kann ich bis ans Ende meiner Tage in Wohlstand leben.
1099774	Le sue grandi entrate gli consentivano di vivere nell'agiatezza.	4293758	Seine großen Einnahmen erlaubten ihm ein Leben in Wohlstand.
4295252	Noi siamo disposte a imparare.	4295260	Wir sind lernbereit.
2001444	E come diavolo pensi che tutto ciò sia attuabile?	4295888	Und wie zum Teufel glaubst du, soll man das alles bewerkstelligen?
4295897	Non possiamo mai perdere di vista l'attuabilità del regolamento.	4295900	Wir dürfen nie die Durchführbarkeit der Vorschriften aus dem Auge verlieren.
1991094	Naturalmente è di difficile attuazione e c'è bisogno che tutti vigilino.	4295912	Das ist natürlich schwer umzusetzen und es ist erforderlich, dass alle darauf Acht geben.
4295973	Questi bambini sono esposti al rischio di carenze alimentari e fanno fatica a concentrarsi a scuola.	4295978	Diese Kinder sind der Gefahr mangelhafter Ernährung ausgesetzt und es fällt ihnen schwer, sich in der Schule zu konzentrieren.
4296053	Questo lo posso fare anch'io.	4296054	Das kann ich auch.
4192971	Questa commedia deve finire!	4298858	Diese Komödie muss ein Ende haben!
3971615	Succede tutte le volte?	4300651	Geschieht das jedes Mal?
4258596	Devi dirmi qualcosa.	4304648	Du musst mir etwas sagen.
4309802	Ti prego, non mi rendere le cose più difficili di quanto già sono.	4309806	Bitte mache mir die Dinge nicht schwerer, als sie es schon sind.
4309809	Questo non rende la cosa più facile.	4309811	Das macht die Sache nicht einfacher.
4310551	Lascia che ti spieghi con un esempio.	4310554	Lass mich dir dies anhand eines Beispiels erklären.
4310584	Non siamo più all’età della pietra.	4310587	Wir leben nicht mehr in der Steinzeit.
4310613	Vado regolarmente in palestra.	4310614	Ich gehe regelmäßig ins Fitnessstudio.
4313894	Credo tu sia davvero molto impegnato.	4313896	Ich glaube, du bist wirklich sehr beschäftigt.
3838109	Tom è imperturbabile.	4314827	Tom ist unerschütterlich.
3643251	Non lodi se stesso.	4314836	Lobe dich nicht selbst!
3375253	Ognuno bada a se stesso.	4314839	Jeder sieht zu, wo er bleibt.
3375253	Ognuno bada a se stesso.	4314840	Jeder ist auf seinen eigenen Vorteil bedacht.
4314843	È scandaloso che i bambini siano abbandonati a se stessi.	4314844	Es ist skandalös, dass die Kinder sich selbst überlassen sind.
4314851	Nel suo campo è veramente un esperto.	4314857	Er ist wirklich ein Experte auf seinem Gebiet.
4314851	Nel suo campo è veramente un esperto.	4314858	Er ist wirklich ein Meister seines Fachs.
4314867	Mi piacciono gli esercizi pratici.	4314868	Mir gefallen die praktischen Übungen.
4317749	Noi siamo chi siamo.	4317771	Wir sind, wer wir sind.
4316961	Ho sempre detto che il tuo cellulare non ha mai funzionato bene.	4317775	Ich habe immer gesagt, dass dein Handy nie gut funktioniert hat.
3828776	Parla velocemente.	4318481	Sie spricht schnell.
3828783	Parlano velocemente.	4318483	Sie sprechen schnell.
691439	Ho ricevuto una cartolina di Natale da mio fratello in Italia.	4319907	Ich habe eine Weihnachtskarte von meinem Bruder in Italien bekommen.
2945633	Mi avete regalato un futuro.	4319941	Ihr habt mir eine Zukunft gegeben.
2945633	Mi avete regalato un futuro.	4319942	Sie haben mir eine Zukunft geschenkt.
2479577	Non posso fidarmi di lei.	4320109	Ich kann mich nicht auf sie verlassen.
2479577	Non posso fidarmi di lei.	4320111	Ich kann ihr nicht trauen.
2479577	Non posso fidarmi di lei.	4320113	Ich kann mich nicht auf Sie verlassen.
2479577	Non posso fidarmi di lei.	4320114	Ich kann Ihnen nicht trauen.
3220200	Sono già informati.	4331948	Sie sind schon informiert.
3220200	Sono già informati.	4331949	Sie sind bereits informiert.
3503452	Chiuda la porta, per piacere.	4331965	Machen Sie bitte die Türe zu.
1475659	Mandami le foto.	4342045	Schick mir die Fotos.
3190655	Mandami le tue.	4342061	Schick mir deine.
3334067	Mandami una copia.	4342071	Schick mir eine Kopie.
2488475	Potrebbe funzionare.	4343360	Das könnte funktionieren.
2488475	Potrebbe funzionare.	4343361	Das könnte klappen.
2488475	Potrebbe funzionare.	4343362	Das könnte gehen.
2970631	Volevo solo tranquillizzare Tom.	4349903	Ich wollte Tom nur beruhigen.
1154110	Tranquillizzati, è solo uno spaventapasseri.	4349909	Immer mit der Ruhe! Es ist nur eine Vogelscheuche.
4363158	Questo è un giorno speciale per tutte noi.	4363172	Das ist für uns alle ein besonderer Tag.
1148084	Tom chiaramente non capisce il francese molto bene.	4402306	Tom versteht offensichtlich Französisch nicht sehr gut.
1152900	Chiaramente Tom non capisce molto bene il francese.	4402309	Offensichtlich versteht Tom nicht sehr gut Französisch.
992730	Il calciatore ha fatto un errore madornale.	4420803	Dem Spieler ist ein eklatanter Fehler unterlaufen.
4420948	Nel tuo frigo i prodotti si conservano meglio, se eviti un sovraccarico.	4420963	Die Waren in deinem Kühlschrank halten sich besser, wenn du eine Überfüllung vermeidest.
4420982	Questo è il cassetto delle posate.	4420983	Dies ist die Besteckschublade.
4420982	Questo è il cassetto delle posate.	4420984	Das ist der Besteckkasten.
4421087	Cosa c'è nel tuo frigorifero?	4421090	Was hast du in deinem Kühlschrank?
4421087	Cosa c'è nel tuo frigorifero?	4421091	Was ist in deinem Kühlschrank?
4421112	Questa marmellata d'arance è buonissima.	4421113	Diese Orangenmarmelade ist sehr gut.
4421245	Cosa c'è nella tua dispensa?	4421249	Was ist in deiner Speisekammer?
4421245	Cosa c'è nella tua dispensa?	4421259	Was hast du in deinem Vorratsschrank?
4267530	A quale ufficio bisogna rivolgersi?	4423004	An welche Behörde muss man sich wenden?
4196814	Non so come rivolgermi a te.	4423005	Ich weiß nicht, wie ich dich anreden soll.
4196821	Non so come rivolgermi a lei.	4423006	Ich weiß nicht, wie ich Sie anreden soll.
3376069	Le parti della nostra faccia sono la fronte, gli occhi, il naso, le guance, le orecchie, il mento e la bocca.	4424407	Die Teile unseres Gesichts sind die Stirn, die Augen, die Nase, die Wangen, die Ohren, das Kinn und der Mund.
1828257	Queste tende sono molto sporche, laviamole.	4424492	Diese Gardinen sind sehr schmutzig. Wir wollen sie mal waschen.
2586571	Qui si vedono già le prime tende!	4424493	Hier sieht man schon die ersten Zelte!
374537	Capisce il francese.	4430297	Er versteht Französisch.
374537	Capisce il francese.	4430300	Sie versteht Französisch.
4405883	Si sta rigirando nella tomba.	4432667	Er dreht sich im Grab um.
4405883	Si sta rigirando nella tomba.	4432668	Sie dreht sich im Grab um.
3035707	Voglio imparare a suonare il flauto dolce.	4436704	Ich möchte Blockflöte spielen lernen.
1549367	Vuole imparare a cucinare.	4436728	Er will kochen lernen.
2233969	Dovrà imparare a cucinare.	4436737	Sie werden kochen lernen müssen.
2552966	Quando ha imparato a nuotare?	4437271	Wann haben Sie schwimmen gelernt?
2552966	Quando ha imparato a nuotare?	4437278	Wann hat er schwimmen gelernt?
2552966	Quando ha imparato a nuotare?	4437281	Wann hat sie schwimmen gelernt?
2823028	Tom vuole imparare a nuotare.	4437284	Tom will schwimmen lernen.
2833363	Imparò il latino a scuola.	4437291	Er hat Latein auf der Schule gelernt.
3382355	Voglio imparare a parlare francese.	4437307	Ich will Französisch sprechen lernen.
3497662	Imparò a guidare in Irlanda.	4437311	Er hat in Irland fahren gelernt.
3573841	Dove hai imparato a guidare?	4437318	Wo hast du fahren gelernt?
3573843	Dove ha imparato a guidare?	4437325	Wo haben Sie fahren gelernt?
3573843	Dove ha imparato a guidare?	4437328	Wo hat er fahren gelernt?
3573843	Dove ha imparato a guidare?	4437329	Wo hat sie fahren gelernt?
3240436	Hai solo una scelta.	4438259	Du hast nur eine Wahl.
3240437	Hai solo una scelta?	4438260	Du hast nur eine Wahl?
2278034	Non ci sarà una scelta.	4438264	Es wird keine Wahl geben.
2758147	Hai fatto una scelta saggia.	4438267	Du hast eine kluge Wahl getroffen.
2758148	Ha fatto una scelta saggia.	4438268	Er hat eine kluge Wahl getroffen.
2758149	Avete fatto una scelta saggia.	4438270	Ihr habt eine kluge Wahl getroffen.
2178309	Non scegliere è già una scelta.	4438285	Nicht wählen ist bereits eine Wahl.
2523772	Non ci sono scelte.	4438304	Es gibt keine Wahlmöglichkeiten.
3553994	Ci sono anche altre scelte.	4438306	Es gibt auch noch andere Wahlmöglichkeiten.
3553995	Ci sono anche altre scelte?	4438308	Es gibt auch noch andere Wahlmöglichkeiten?
4436063	Qual è la marca del tuo cellulare?	4439037	Was ist die Marke von deinem Mobiltelefon?
3849664	Davo ragione a Tom.	4443530	Ich gab Tom recht.
3798509	Tom dà tutto per scontato.	4443560	Tom hält alles für selbstverständlich.
2193868	È possibile.	4446260	Das kann sein.
4169485	È possibile?	4446264	Kann das sein?
4393	Non è possibile.	4446269	Das kann nicht sein.
1538641	È davvero possibile?	4446271	Kann das wirklich sein?
1455156	Il tappeto era coperto di peli di gatto.	4451279	Der Teppich war voller Katzenhaare.
950364	Stanno entrambi bene.	4451906	Es geht ihnen beiden gut.
2463414	Siete entrambi folli.	4451909	Ihr seid beide verrückt.
4452257	Ogni spettatore compra un biglietto.	4452263	Jeder Zuschauer kauft eine Karte.
1502407	Guardò l'orologio. Erano le undici passate.	4453369	Er schaute auf die Uhr. Es war elf Uhr vorbei.
1502407	Guardò l'orologio. Erano le undici passate.	4453370	Sie schaute auf die Uhr. Es war elf Uhr vorbei.
3157530	Sono passate tre settimane da quando Mark si è rotto il braccio.	4453375	Drei Monate sind vorbei, seit Mark sich den Arm gebrochen hat.
3360826	Sono passate tre settimane da quando Mark si è rotto un braccio.	4453377	Drei Wochen sind vorbei, seit Mark sich einen Arm gebrochen hat.
621019	Ho guardato il mio orologio e ho notato che erano le cinque passate.	4453379	Ich habe auf meine Uhr geschaut und festgestellt, dass es fünf Uhr vorbei war.
399349	Entra pure.	4453440	Komm nur herein.
399349	Entra pure.	4453443	Komm doch herein.
1068279	Tom non ebbe tempo per finire il suo rapporto.	4453448	Tom hatte keine Zeit seinen Bericht fertig zu schreiben.
1068279	Tom non ebbe tempo per finire il suo rapporto.	4453449	Tom hatte keine Zeit seinen Bericht fertigzuschreiben.
2816741	Arrivo subito con delle bibite.	4453453	Ich komme gleich mit den Getränken wieder.
2523729	C'erano dei sopravvissuti.	4453457	Es gab Überlebende.
1010988	Fumare ha molto a che fare con il cancro.	4453474	Rauchen hat viel mit Krebs zu tun.
1010988	Fumare ha molto a che fare con il cancro.	4453475	Rauchen steht in einem engen Zusammenhang mit Krebs.
3247475	Dai, dateci tregua!	4453497	Los, gebt euch eine Atempause.
2298419	Sono xenofoba.	4453632	Ich bin fremdenfeindlich.
2298419	Sono xenofoba.	4453633	Ich bin xenophob.
2172318	Non so chi sia la moglie di Tom.	4453636	Ich weiß nicht, wer Toms Frau ist.
2190655	Tom è interessante.	4453750	Tom ist interessant.
2252451	Lui è stanco di leggere.	4453852	Er ist vom Lesen müde.
1996114	È sufficiente conoscere il bene per evitare il male?	4454230	Genügt es, das Gute zu kennen, um das Schlechte zu umgehen?
4274720	Teneteci informate.	4455339	Haltet uns auf dem Laufenden.
2864909	Abita dall'altra parte del fiume.	4455481	Sie wohnt auf der anderen Seite des Flusses.
634470	"Aix-la-Chapelle" in tedesco si dice Aachen.	4457338	"Aix-la-Chapelle" heißt auf Deutsch Aachen.
4463711	Voi siete la mia unica speranza.	4463743	Sie sind meine einzige Hoffnung.
4463709	Lei è la mia unica speranza.	4463745	Sie ist meine einzige Hoffnung.
1405146	Abbiamo imparato che la terra gira attorno al sole.	4467594	Wir haben gelernt, dass sich die Erde um die Sonne dreht.
3220945	Lo capirebbe anche un bambino.	4472428	Selbst ein Baby würde es verstehen.
4472495	Non ti avrei mai conosciuta.	4472506	Ich würde dich nie gekannt haben.
4472512	Tuo padre ti avrebbe dato tutto.	4472523	Dein Vater hätte dir alles gegeben.
4180086	Continuano a non capire.	4473686	Sie verstehen immer noch nicht.
4180087	Continuano a non capire?	4473687	Sie verstehen immer noch nicht?
4428432	Continui a non capire?	4473692	Verstehst du immer noch nicht?
4428433	Continua a non capire?	4473694	Verstehen Sie immer noch nicht?
4428433	Continua a non capire?	4473695	Versteht er immer noch nicht?
4428433	Continua a non capire?	4473696	Versteht sie immer noch nicht?
4428434	Continuate a non capire?	4473703	Versteht ihr immer noch nicht?
4473928	Ci sono troppi codici da ricordare.	4473933	Man muss zu viele Codes behalten.
4474622	Il soggetto è diverso.	4474628	Das Thema ist ein anderes.
4474649	Hai espresso il tuo argomento.	4474660	Du hast dein Argument vorgetragen.
4475274	Ho una mappa del mondo.	4475301	Ich habe eine Weltkarte.
1240428	Amano stare in un ambiente sporco.	4475448	Sie leben ganz gerne in einer verwahrlosten Umgebung.
1851388	Quante domestiche vuole assumere quella signora?	4475930	Wie viele Hausmädchen will diese Dame einstellen?
2262509	Tom di solito è con i suoi amici.	4475934	Tom ist normalerweise mit seinen Freunden zusammen.
4476393	Questo pane è duro come una roccia.	4476408	Dieses Brot ist so hart wie Stein.
2721050	Sei di cattivo umore?	4476516	Bist du schlecht gelaunt?
3103053	Lei era di cattivo umore con suo fratello.	4476524	Sie war auf ihren Bruder schlecht zu sprechen.
4477181	Credo che lei non abbia avuto alcuna risposta.	4477185	Ich glaube, dass sie keine Antwort bekommen hat.
4477181	Credo che lei non abbia avuto alcuna risposta.	4477202	Ich glaube, sie hat keine Antwort bekommen.
4477206	Cosa pensi che io abbia fatto?	4477209	Was denkst du, was ich getan habe?
4477654	Qualcosa mi dice che lei le abbia trovate.	4477668	Ich habe so das Gefühl, dass sie sie gefunden hat.
4477933	Non so quando il marito abbia chiamato.	4477944	Ich weiß nicht, wann der Ehemann angerufen hat.
4479003	Ho bisogno di qualche buon consiglio.	4479033	Ich brauche ein paar gute Tipps.
4481524	Credevo che la chiave aprisse tutto.	4481533	Ich dachte, der Schlüssel öffnet alles.
3372780	Aspettiamo con ansia il giorno della sua laurea.	4482104	Wir freuen uns auf den Tag seiner Graduierung.
2023197	Io ho provato ad avvisarla.	4483081	Ich versuchte, Sie zu warnen.
3408597	Fra poco vai al gabbio anche tu?	4483385	Gehst du über kurz oder lang auch in den Knast?
3166359	Fra poco vai al gabbio anche tu.	4483386	Über kurz oder lang gehst du auch in den Knast.
3310643	Potete sedervi ovunque vogliate.	4484088	Du kannst dich setzen, wohin du willst.
3310643	Potete sedervi ovunque vogliate.	4484089	Sie können sich setzen, wohin Sie wollen.
2449135	Uno dei proiettili ha danneggiato la sua spina dorsale.	4484125	Eine der Kugeln hat seine Wirbelsäule beschädigt.
3600422	È così pieno di errori che sono esploso.	4484298	Das ist so voller Fehler, dass ich explodiert bin.
4485299	Chi lo fermerà?	4485323	Wer wird ihn aufhalten?
1700888	Lei con chi vive?	4488299	Mit wem leben Sie zusammen?
1700888	Lei con chi vive?	4488300	Mit wem lebt sie zusammen?
2553680	Tornate qui!	4488308	Kommt hierher zurück!
2553680	Tornate qui!	4488309	Kommt zurück!
1316537	Non aprire mai la portiera di una macchina in movimento.	4488365	Öffne nie die Tür eines fahrenden Autos.
1187362	Te l'avevo detto quando eravamo a cena.	4488368	Ich hatte es dir beim Abendessen gesagt.
4504960	Siamo certamente i migliori.	4504968	Wir sind sicher die besten.
4504980	Generalmente mangiamo a tavola tutti insieme.	4504990	Normalerweise essen wir alle gemeinsam am Tisch.
3128481	Ho deciso di andarmene da Boston.	4507170	Ich habe beschlossen, Boston zu verlassen.
3128481	Ho deciso di andarmene da Boston.	4507171	Ich beschloss, von Boston fortzugehen.
3128481	Ho deciso di andarmene da Boston.	4507173	Ich habe mich entschieden, Boston den Rücken zu kehren.
3121590	Il fidanzato di Andrea ha chiamato mia madre ieri.	4507174	Andreas Verlobter hat meine Mutter gestern angerufen.
4509401	Volevano rubare la macchina.	4509405	Sie wollten das Auto stehlen.
4223870	Credo di potervi aiutare a trovare Tom.	4509446	Ich glaube, ich kann euch helfen, Tom zu finden.
4223870	Credo di potervi aiutare a trovare Tom.	4509447	Ich denke, ich kann Ihnen dabei helfen, Tom zu finden.
749906	La miseria gli ha insegnato a farcela da solo.	4509598	Die Armut hat ihn gelehrt, auf eigenen Beinen zu stehen.
4511543	Voi state cercando di farmi ubriacare?	4511550	Versucht ihr, mich betrunken zu machen?
3556992	Penso che Tom abbia ucciso Mary.	4511570	Ich denke, dass Tom Mary getötet hat.
2013726	È una delle mie versioni preferite.	4511627	Es ist eine meiner Lieblings-Versionen.
2776543	Jiro fece uno schizzo del Monte Fuji.	4514072	Jiro skizzierte den Fuji.
3485416	Avete un ombrello?	4514095	Habt ihr einen Schirm?
3485416	Avete un ombrello?	4514096	Habt ihr einen Regenschirm?
2457905	Come va, figlio?	4514260	Wie geht es dir, mein Sohn?
4516927	Tom è ancora attivo.	4516940	Tom ist noch aktiv.
4516921	Quelli sono i fatti.	4516943	Das sind die Fakten.
4516883	Tutti gli altri stanno bene.	4516948	Allen anderen geht es gut.
4461391	Questa è mia moglie.	4525663	Dies ist meine Frau.
4461391	Questa è mia moglie.	4525664	Dies ist meine Gattin.
3511547	Sono appassionato di calcio.	4528131	Ich bin Fußballfan.
3065026	È famoso come pianista.	4528133	Er ist als Pianist berühmt.
3065026	È famoso come pianista.	4528134	Er ist berühmt als Klavierspieler.
2416986	Ha mai nuotato in un lago?	4528280	Ist er je in einem See geschwommen?
2416986	Ha mai nuotato in un lago?	4528283	Ist sie schon mal in einem See geschwommen?
2416986	Ha mai nuotato in un lago?	4528285	Sind Sie jemals in einem See geschwommen?
4272827	L'esame era semplicissimo.	4534382	Die Prüfung war sehr einfach.
3872504	E ci raccontano che bisogna combattere i terroristi?	4534567	Und sie erzählen uns, dass man die Terroristen bekämpfen muss?
4534638	Sono un dormiglione.	4534647	Ich bin ein Spätaufsteher.
3858336	Non possono tollerare gesti di affetto.	4534663	Sie können Gesten der Zuneigung nicht dulden.
4298971	Tom ha detto a suo figlio di non mangiare con la bocca aperta.	4534673	Tom sagte zu seinem Sohn, er solle nicht mit offenem Mund essen.
4298971	Tom ha detto a suo figlio di non mangiare con la bocca aperta.	4534678	Tom hat zu seinem Sohn gesagt, er solle nicht mit offenem Mund essen.
4257459	Credo sia anche giusto.	4534738	Ich glaube, das ist auch gerecht.
4257459	Credo sia anche giusto.	4534739	Ich denke, das ist auch richtig.
4540873	Arriva finalmente la primavera!	4540875	Endlich ist es Frühling geworden!
4540866	Il vino è la poesia della terra.	4540878	Der Wein ist die Poesie der Erde.
4540835	Ha piovuto ininterrottamente durante tutta la settimana scorsa.	4540884	Es hat die gesamte letzte Woche lang ununterbrochen geregnet.
4540835	Ha piovuto ininterrottamente durante tutta la settimana scorsa.	4540885	Es hat die ganze vergangene Woche lang unablässig geregnet.
4540835	Ha piovuto ininterrottamente durante tutta la settimana scorsa.	4540886	Es hat während der gesamten vergangenen Woche ohne Unterlass geregnet.
4542507	Mia nonna era troppo cattolica; ogni mattina andava alla messa delle otto e si confessava tre volte alla settimana.	4542535	Meine Großmutter war zu katholisch; jeden Morgen ging sie um acht zur Messe und zur Beichte ging sie drei Mal pro Woche.
4542533	Tutto cambia dopo una guerra.	4542546	Nach einem Krieg ändert sich alles.
4542533	Tutto cambia dopo una guerra.	4542547	Nach einem Krieg verändert sich alles.
4542504	Si sedette a tavola, si versò un bicchiere di vino bianco e attese.	4542568	Er setzte sich an den Tisch, goss sich ein Glas Weißwein ein und wartete.
4542500	Chi non legge ignora il piacere che può dare la parola scritta, il piacere di abbandonarsi all'immaginazione, alla bellezza dell'invenzione letteraria.	4542599	Wer nicht liest, kennt nicht das Vergnügen, welches das geschriebene Wort bereiten kann, das Vergnügen, sich der Phantasie hinzugeben und der Schönheit der literarischen Erfindung.
4548936	Scivolavate.	4548941	Ihr rutscht.
1816492	Lui ha lavorato un anno e mezzo nei Paesi Bassi.	4548945	Er hat anderthalb Jahre in den Niederlanden gearbeitet.
4548946	Peter non è dentro ora.	4548952	Peter ist gerade nicht drinnen.
4212905	Loro parlano in continuazione.	4553838	Sie reden ununterbrochen.
4212905	Loro parlano in continuazione.	4553841	Sie reden ohne Unterlass.
1949190	Tutti devono lavorare assieme.	4573904	Alle müssen zusammenarbeiten.
3301401	Ci lasci da soli per un momento.	4574191	Lass uns für einen Moment allein.
2555168	Io sono occupato, Tom.	4575027	Ich bin beschäftigt, Tom.
2140358	Non parli così impudentemente.	4575087	Sprich nicht so unverschämt.
2809123	Non posso giocare a questo gioco. Non mi piace.	4579881	Ich kann dieses Spiel nicht spielen. Es gefällt mir nicht.
4589387	C'è un ufficio informazioni turistiche?	4589388	Gibt es hier ein Fremdenverkehrsamt?
4589394	Può indicarmi sulla cartina come arrivarci?	4589398	Könnten Sie mir auf der Karte zeigen, wie ich dorthin komme?
4608957	Nessuno di noi ti aiuterà.	4608964	Keiner von uns wird dir helfen.
4610295	Dio è importante nella vostra vita?	4610309	Spielt Gott in eurem Leben eine wichtige Rolle?
4634764	Quando scoppiò la Seconda Guerra Mondiale?	4634770	Wann ist der Zweite Weltkrieg ausgebrochen?
4634856	Ditegli che non lo farò.	4634862	Sag ihm, dass ich das nicht tun werde!
1561695	Non c'è niente di meglio di una passeggiata.	4637515	Es gibt nichts Besseres als einen Spaziergang.
2193941	È costoso.	4639275	Es ist teuer.
4564548	Troppo costoso!	4639276	Zu teuer!
2486122	È terribilmente costoso.	4639279	Es ist irrsinnig teuer.
3001328	Tom comprò una chitarra costosa.	4639281	Tom hat sich eine teure Gitarre gekauft.
3071157	Penso che sia troppo costoso.	4639283	Ich denke, das ist zu teuer.
1237783	Tom non aveva molto cibo da mangiare.	4643257	Tom hatte nicht viel zu essen.
3509444	Tom era bello quando aveva vent'anni.	4643274	Tom war in seinen Zwanzigern attraktiv.
3554142	Prendine tre alla volta.	4643288	Nimm drei auf einmal.
1448582	Io sono un perdente.	4643291	Ich bin ein Verlierer.
4363428	È inutile lamentarsi del tempo.	4643302	Es ist unnötig über das Wetter zu klagen.
3505702	Sia Tom che Mary sembravano tristi.	4643308	Sowohl Tom als auch Mary sahen beide traurig aus.
3029290	Spero che ciò funzionerà.	4643328	Ich hoffe, dass das funktioniert.
1128663	In ogni caso, è troppo tardi.	4643352	Auf jeden Fall ist es zu spät.
3550189	La foto è un po' sfocata.	4645792	Das Foto is etwas unscharf.
3550189	La foto è un po' sfocata.	4645794	Das Foto ist ein bisschen unscharf.
3550190	La foto è un po' sfocata?	4645795	Das Foto ist etwas unscharf?
3550190	La foto è un po' sfocata?	4645796	Das Foto ist ein bisschen unscharf?
4475434	Spero di rivederla presto.	4652632	Ich hoffe, Sie bald wiederzusehen.
1552751	Ti assicuro il mio supporto.	4678653	Du kannst dir meiner Unterstützung sicher sein.
1552752	Vi assicuro il mio supporto.	4678658	Ihr könnt euch meiner Unterstützung sicher sein.
1552753	Le assicuro il mio supporto.	4678662	Sie können sich meiner Unterstützung sicher sein.
4292772	Questo ripaga tutte le fatiche!	4700178	Das ist der Lohn für alle Mühen.
1227328	Meno male che c'è qualcuno che apprezza le mie fatiche.	4700179	Zum Glück ist einer da, der meine Anstrengungen schätzt.
1931688	I cavalli venivano sepolti assieme ai guerrieri.	4702446	Die Pferde wurden zusammen mit den Kriegern begraben.
3020704	I racconti venivano principalmente pubblicati sui giornali.	4702450	Die Erzählungen wurden hauptsächlich in Zeitschriften veröffentlicht.
3300107	Le parole venivano da una lingua molto antica.	4702453	Die Wörter entstammten einer ganz alten Sprache.
3021310	Molti giovani venivano obbligati a fare il servizio di leva.	4702457	Viele junge Männer wurden dazu verpflichtet, Wehrdienst zu leisten.
3025400	I terreni venivano distribuiti tra le varie comunità di contadini.	4703363	Die Grundstücke wurden unter den verschiedenen bäuerlichen Gemeinschaften verteilt.
3368003	Oggi va così.	4710644	Heute geht es gut.
1979288	I buoni amici sono come le stelle. Non li vedi sempre, però sai che sono sempre lì.	4711043	Gute Freunde sind wie Sterne. Du siehst sie nicht immer, aber du weißt, dass sie immer da sind.
995758	Sei solo un ubriacone.	4711139	Du bist nur ein Säufer.
4711633	Questo articolo è pieno di bugie.	4711742	Dieser Artikel ist voller Lügen.
2487465	Dovete conoscere le mie bambine.	4711786	Du musst meine Kinder treffen.
2487465	Dovete conoscere le mie bambine.	4711787	Sie müssen meine Kinder treffen.
3652528	È così bello.	4711817	Es ist so schön.
4711569	La mia famiglia è grande e felice.	4713388	Meine Familie ist groß und glücklich.
4711111	In bocca al lupo per l'esame.	4713390	Viel Glück für die Prüfung.
4711093	Hai portato il libro?	4713394	Hast du das Buch gebracht?
4710805	Qual è il vostro uccello preferito?	4713441	Was ist euer Lieblingsvogel?
4710694	Quelle scarpe sono desuete.	4713483	Diese Schuhe sind ungewohnt.
4710249	Io non ho mai visto la Torre Eiffel.	4713487	Ich habe nie den Eiffelturm gesehen.
4715061	Tom piegò la lettera e la mise nella busta.	4715077	Tom faltete den Brief und steckte ihn in einen Umschlag.
4718300	Che silenzio di tomba che c'è in questa biblioteca!	4718310	Was für eine Grabesstille in dieser Bibliothek herrscht!
763697	L'eccesso di offerta porta a un calo dei prezzi.	4719982	Ein Überangebot zieht sinkende Preise nach sich.
2972755	Tu vuoi davvero andare di nuovo a Boston?	4720378	Willst du wirklich wieder nach Boston gehen?
4722840	Tom ha passato il pomeriggio con Mary.	4722866	Tom hat den Nachmittag mit Mary verbracht.
2132677	Lei vuole un iPad mini.	4723747	Sie will ein iPad mini.
3830411	Lei accende delle candele nella sua camera.	4723796	Sie zündet die Kerzen in ihrem Zimmer an.
2429093	Ebbi una premonizione.	4726750	Ich hatte eine Vorahnung.
4733733	Io ho un appuntamento stasera.	4733771	Ich habe heute Abend einen Termin.
4733701	Chi sono gli incapaci in questa situazione?	4733780	Wer sind in dieser Situation die Unfähigen?
3114319	Non volevo andare, però dovevo.	4734158	Ich wollte nicht fortgehen, aber ich musste.
3310464	Hai perso i tuoi occhiali.	4736245	Du hast deine Brille verloren.
1226505	A proposito, qual è il tuo indirizzo?	4737707	Übrigens, was ist deine Adresse?
3691893	Mamma, qual è l'indirizzo di Babbo Natale? Vorrei mandargli una lettera.	4737709	Mama, was ist die Adresse vom Weihnachtsmann? Ich möchte ihm einen Brief schicken.
4738123	Guardate, vi farò vedere.	4738132	Schaut her, ich zeig es euch.
4738122	Guardi, le farò vedere.	4738134	Schauen Sie her, ich zeig es Ihnen.
4738121	Guarda, ti farò vedere.	4738137	Schau her, ich zeig es dir.
4738114	Vuole del denaro?	4738141	Möchten Sie Geld?
4738087	Lei vuole chiaramente andare.	4738147	Sie will eindeutig gehen.
4738068	Io mi stavo facendo una doccia un momento fa.	4738150	Vor einem Augenblick stand ich noch unter der Dusche.
3313659	Thomas uccise il ratto con un bastone.	4744009	Thomas tötete die Ratte mit einem Stock.
1506214	Ti sei strinata?	4750455	Bist du verwirrt?
4758815	Il sole abbronza la mia pelle.	4759266	Die Sonne bräunt meine Haut.
1088868	Finge di essere entusiasta quando il suo capo è nei paraggi.	4767810	Er spielt den Begeisterten, wenn sein Chef in der Nähe ist.
3067430	Che cosa vuoi esattamente?	4773714	Was genau willst du?
4774605	Io ho visto la ragazza.	4774618	Ich habe das Mädchen gesehen.
4633489	Dimmi cosa hai fatto a Tokyo.	4775280	Sag mir, was du in Tokio gemacht hast.
2715740	Sì, ho il mal di stomaco.	4783983	Ja, ich habe Bauchschmerzen.
2715740	Sì, ho il mal di stomaco.	4783984	Ja, ich habe Bauchweh.
3260546	Ho il mal di testa stamattina.	4783987	Ich habe heute Morgen Kopfschmerzen.
3477408	A volte ho il mal di stomaco.	4783992	Manchmal habe ich Bauchschmerzen.
4787745	In questo momento c'è un forte temporale estivo nella mia città.	4796382	In diesem Moment geht ein starkes Gewitter in meiner Stadt nieder.
4805180	Il mio orologio mi segnala che sto parlando da troppo tempo.	4805187	Meine Uhr weist mich darauf hin, dass ich schon zu lange rede.
3564727	Ci conosciamo per caso?	4807658	Kennen wir uns vielleicht?
3766457	È per caso contagioso?	4807666	Ist es vielleicht ansteckend?
1516086	Non succede nulla per caso.	4807679	Nichts ereignet sich zufällig.
1246374	Se n'è andato poco fa.	4814705	Er ist vor einer Weile gegangen.
1006608	Ti insegnerò a pattinare domenica prossima.	4814789	Nächsten Sonntag werde ich dir beibringen, wie man skatet.
3776856	È suonata la campanella?	4819832	Hat es geklingelt?
4820385	Non a tutti brasiliani piace il carnevale.	4820680	Nicht alle Brasilianer mögen den Karneval.
1536841	Non le piace?	4824521	Es gefällt Ihnen nicht?
1536838	Non ti piace?	4824524	Es gefällt dir nicht?
1536840	Non vi piace?	4824531	Es gefällt euch nicht?
1536841	Non le piace?	4824533	Es gefällt ihr nicht?
632174	Non mi piace niente.	4824547	Mir gefällt nichts.
795234	Non mi piace camminare.	4824557	Zu Fuß gehen mag ich nicht.
1606604	Lui non le piaceva.	4824559	Er gefiel ihr nicht.
1530124	Ho bisogno di un nuovo cavo USB.	4826618	Ich brauche ein neues USB-Kabel.
1455489	Il tuo portafoglio è sull'impianto televisivo.	4828959	Deine Brieftasche liegt auf dem Fernsehgerät.
3151686	Come posso collegare il mio iPod all'impianto stereo di una macchina?	4828960	Wie kann ich meinen iPod an die Stereoanlage eines Autos anschließen?
4829452	L'ispirazione viene scrivendo.	4829455	Die Inspiration kommt beim Schreiben.
4829452	L'ispirazione viene scrivendo.	4829457	Die Einfälle kommen beim Schreiben.
3782535	La situazione ci sta sfuggendo di mano.	4830178	Die Situation entgleitet uns.
4830183	Il famoso nodo gordiano venne tagliato con un colpo di spada.	4830186	Der berühmte gordische Knoten wurde mit einem Schwert durchhauen.
4832037	La violenza non può essere giustificata.	4832041	Gewalt lässt sich nicht rechtfertigen.
3304619	Non mi sono mai fidato di lei e non lo farò mai.	4834473	Ich habe ihm niemals vertraut und werde es niemals tun.
2602476	Mary è la mia morosa.	4834476	Maria ist meine Freundin.
4834489	Il buio e il silenzio della notte nascondono i più segreti pensieri.	4834494	Dunkelheit und Stille der Nacht bergen die geheimsten Gedanken.
2189191	Sfortunatamente si è rotto una gamba nell'incidente.	4834498	Leider hat er sich bei dem Unfall den Fuß gebrochen.
3751477	Non hanno parlato.	4834529	Sie haben nicht geredet.
4837105	Mi piacciono quel tipo di polizieschi dove il colpevole viene pian piano messo alle strette.	4837117	Mir gefallen Polizisten jenes Schlages, von dem der Täter nach und nach in die Enge getrieben wird.
4843869	In linea di principio, nulla da obiettare!	4843874	Grundsätzlich ist dagegen nichts einzuwenden!
1718027	Lo annoveriamo tra i nostri amici più stretti.	4846509	Wir zählen ihn zu unseren engsten Freunden.
2362796	Tom non ti chiederà un centesimo.	4847132	Tom wird keinen Cent von dir verlangen.
906086	Accetto l'offerta.	4847136	Ich akzeptiere das Angebot.
3461306	E dire che hai studiato!	4847155	Und das, wo du studiert hast!
3561628	Ci capiamo adesso?	4847169	Verstehen wir uns jetzt?
2988868	Consiglio di guardarli entrambi.	4847247	Ich empfehle, sie beide zu behalten.
2742543	Tom non sarà felice di vedervi.	4847252	Tom wird nicht glücklich sein, euch zu sehen.
3653565	Lo so che stai mentendo.	4847308	Ich weiß, dass du lügst.
3594629	Decolleremo tra qualche minuto.	4847816	Wir heben in ein paar Minuten ab.
1451501	Guardate! L'aereo sta decollando.	4847829	Schaut! Das Flugzeug hebt ab.
3420837	Quando decolla il tuo aereo?	4847838	Wann startet dein Flugzeug?
3420838	Quando decolla il suo aereo?	4847839	Wann startet Ihr Flugzeug?
3420838	Quando decolla il suo aereo?	4847840	Wann startet sein Flugzeug?
947446	L'aereo è decollato alle sette.	4847852	Das Flugzeug ist um sieben gestartet.
2870161	Il mio computer non si avvia più.	4847862	Mein Computer startet nicht mehr.
3020408	Alcune espressioni servono solo ad avviare o mantenere relazioni interpersonali.	4847864	Manche Redensarten haben nur den Zweck, zwischenmenschliche Beziehungen einzuleiten oder aufrechtzuerhalten.
3058714	Tommaso è montato in macchina e ha avviato il motore.	4847865	Tom ist ins Auto gestiegen und hat den Motor angelassen.
4847877	Non riuscirò più a smettere di ridere?	4848099	Kann ich denn gar nicht mehr aufhören zu lachen?
4847917	Tom è stato colpito da una macchina.	4848111	Tom wurde von einem Auto angefahren.
4849679	Pur avendo molti soldi, vivono modestamente.	4849681	Obwohl sie viel Geld haben, leben sie bescheiden.
4852514	La mia valigia è stata persa.	4852518	Mein Reisekoffer ist verloren gegangen.
4852514	La mia valigia è stata persa.	4852519	Mein Koffer ist verloren gegangen.
4853061	Rispetto le tue opinioni e il tuo diritto di esprimerle.	4853065	Ich respektiere deine Auffassungen und dein Recht, sie zum Ausdruck zu bringen.
4856308	Nel mio giardino c'è un albero di limone.	4857087	In meinem Garten steht ein Zitronenbaum.
4853097	Buona notte e dolci sogni!	4857098	Gute Nacht und träume schön!
1246304	Mi ha detto di farlo.	4857833	Er sagte mir, ich solle das tun.
1246304	Mi ha detto di farlo.	4857834	Sie hat mir gesagt, dass ich das machen soll.
4856297	L'acqua è un bene prezioso.	4859058	Wasser ist ein kostbares Gut.
4862990	Chiunque salva una vita, salva il mondo intero.	4862992	Ein jeder, der ein Leben rettet, rettet die ganze Welt.
1980045	Nell'Alto Medioevo si mangia meglio rispetto al Basso Medioevo.	4863062	Im Spätmittelalter aß man besser als im Frühmittelalter.
3751069	Ha molti fazzoletti.	4863083	Sie hat viele Taschentücher.
4865650	"La lotta per il diritto" è un saggio giuridico ammirevole del celebre giurista tedesco Rudolf von Ihering.	4866148	„Der Kampf ums Recht“ ist ein bewunderungswürdiger rechtswissenschaftlicher Essay des berühmten deutschen Juristen Rudolf von Ihering.
2844821	Musa è un tipo davvero interessante.	4868038	Musa ist ein wirklich interessanter Typ.
4057263	Che metafora maldestra!	4868091	Was für eine unpassende Metapher!
4057263	Che metafora maldestra!	4868093	Welch eine ungeschickte Metapher!
1461817	Io credo che lui conoscerà il successo.	4868172	Ich glaube, er wird Erfolg haben.
4264256	Puoi contare su di noi.	4868193	Du kannst auf uns zählen.
4264256	Puoi contare su di noi.	4868194	Du kannst dich auf uns verlasssen.
1240428	Amano stare in un ambiente sporco.	4872849	Inmitten von Dreck fühlen sie sich wohl.
4565210	Ti prego di non fumare nel mio salotto.	4873512	Ich bitte dich, in meinem Wohnzimmer nicht zu rauchen.
4873543	Lo devi fare immediatamente.	4873556	Du musst das sofort machen.
4876102	Mi è sempre piaciuto osservare i movimenti delle forze della natura.	4876230	Ich habe schon immer gern den Regungen der Naturkräfte zugesehen.
4876229	La natura prevede anche questo.	4876231	Auch das hat die Natur vorgesehen.
4876243	Ci sono storie che ci fanno pensare e crescere insieme.	4876252	Es gibt Geschichten, die lassen uns nachdenklich werden und zusammen wachsen.
2777419	Loro giocarono a strip poker.	4877531	Sie spielten Strip Poker.
2777419	Loro giocarono a strip poker.	4877532	Sie haben Strip Poker gespielt.
1984931	Si evolvono.	4877562	Sie entwickeln sich.
2837437	So che Pauline lo detesta.	4877642	Ich weiß, Pauline verabscheut ihn.
4878321	La condizione della donna è la misura della civiltà di un paese.	4878337	Die Stellung der Frau ist das Maß für das zivilisatorische Niveau eines Landes.
3015404	Mi sta dicendo cosa fare?	4879897	Sagen Sie mir, was ich machen soll?
3015404	Mi sta dicendo cosa fare?	4879898	Sagt er mir, was ich tun soll?
3015404	Mi sta dicendo cosa fare?	4879900	Sagt sie mir, was zu tun ist?
1415091	Ma davvero esiste gente così?	4880646	Gibt es denn wirklich solche Leute?
4880786	I cretini sono altri!	4880796	Die Idioten sind die anderen!
4880783	La cravatta blu e i calzini porpora stonano un po'.	4880829	Der blaue Schlips und die roten Socken beißen sich ein wenig.
4880766	Secondo alcuni la spiritualità è la chiave della felicità.	4880866	Manche Menschen sind der Auffassung, die Spiritualität sei der Schlüssel zum Glück.
4880872	È stato ammalato per molti mesi.	4880878	Er war viele Monate lang krank.
4880876	Taglia il pane con il coltello.	4880886	Schneide das Brot mit dem Messer.
4880861	C'è sporcizia dappertutto.	4880894	Überall ist Dreck.
4880861	C'è sporcizia dappertutto.	4880895	Überall ist Schmutz.
4880861	C'è sporcizia dappertutto.	4880897	Überall herrscht Unsauberkeit.
4880855	Tenterò di spiegarti che cosa è successo.	4880900	Ich werde versuchen, dir zu erklären, was geschehen ist.
4880813	Lei fa finta di essere d'accordo, ma poi fa quello che vuole.	4880915	Sie tun so, als wären Sie einverstanden, machen dann aber doch, was Sie wollen.
4880813	Lei fa finta di essere d'accordo, ma poi fa quello che vuole.	4880916	Sie tut so, als wäre sie einverstanden, macht dann aber doch, was sie will.
4880906	Chi di voi parla bene il francese?	4880928	Wer von euch spricht gut französisch?
4880929	Mi hanno mandato via.	4880956	Sie haben mich weggeschickt.
4880929	Mi hanno mandato via.	4880957	Ich wurde weggeschickt.
4880925	È una persona affidabile, ne sono sicuro.	4880963	Er ist eine vertrauenswürdige Person, dessen bin ich mir sicher.
4880925	È una persona affidabile, ne sono sicuro.	4880964	Sie ist ein verlässlicher Mensch, da bin ich mir sicher.
4880869	Ti telefono tra le sei e le otto.	4880968	Ich werde dich zwischen sechs und acht anrufen.
4880974	Mi piace camminare sulle foglie secche d'autunno.	4880978	Ich mag es, über das Herbstlaub zu schreiten.
4880984	Mi piacciono i colori caldi dell’autunno, la luce sfumata, la nebbia ed i tappeti di foglie secche.	4880992	Mir gefallen die warmen Farben des Herbstes, das rauchige Licht, der Nebel und die Matten aus welkem Laub.
1216953	Di tutte le perversioni sessuali, la castità è la più strana.	4881782	Von allen sexuellen Perversionen ist die Keuschheit die Seltsamste.
633823	Andarono al parco la mattina seguente.	4882635	Am Morgen darauf gingen sie zum Park.
1497499	E che ne dici di un caffè?	4882681	Und was hältst du von einem Kaffee?
1497499	E che ne dici di un caffè?	4882683	Und was würdest du zu einem Kaffee sagen?
4866076	Pian piano il lavoro è diventato sempre più difficile.	4882804	Die Arbeit ist allmählich immer schwieriger geworden.
2507972	Tutti hanno lodato il suo eroismo.	4882819	Alle haben seinen Heldenmut gelobt.
2507972	Tutti hanno lodato il suo eroismo.	4882820	Alle lobten seinen Heldenmut.
999333	Il dovere dovrebbe venire prima di tutto il resto.	4882826	Die Pflicht sollte vor allem anderen den Vorrang haben.
351070	Arriverà a Kyoto domani.	4882834	Sie wird morgen in Kyoto ankommen.
4462131	Noi non sappiamo molto sulla sua vita privata.	4883187	Wir wissen nicht viel über ihr Privatleben.
4883576	I fichi maturi hanno la polpa dolce e morbida.	4883587	Die reifen Feigen haben ein süßes und weiches Fruchtfleisch.
4883584	Mi piace scrivere accarezzata dalla luce del  pomeriggio.	4883626	Ich mag es, zu schreiben, während mich das Licht des Nachmittags streichelt.
4883594	Ti voglio accarezzare.	4884283	Ich möchte dich streicheln.
4883585	No, non è questo che volevo dire.	4884292	Nein, das war nicht das, was ich sagen wollte.
4883578	Queste colline sono perfette per un’escursione a cavallo.	4884299	Diese Hügel eignen sich bestens für einen Reitausflug.
4883578	Queste colline sono perfette per un’escursione a cavallo.	4884301	Diese Hügel sind ideal für einen Ausritt.
4884539	Le forme d'amore sono infinite, basta scegliere quella che ci rendi più felice.	4884548	Es gibt unendlich viele Arten von Liebe; es reicht, die zu wählen, die uns am meisten glücklich macht.
4886254	Il preludio alla pioggia d'estate è sempre così: nuvole scure, un vento caldo e umido, una finestra aperta, e le tende che iniziano a danzare al vento.	4886346	Das Vorspiel zum Sommerregen ist immer so: dunkle Wolken, ein warmer und feuchter Wind, ein offenes Fenster und Vorhänge, die im Wind zu tanzen beginnen.
4886412	Ogni lettore, quando legge, legge se stesso. L'opera dello scrittore è soltanto una specie di strumento ottico che egli offre al lettore per permettergli di discernere quello che, senza libro, non avrebbe forse visto in se stesso.	4886476	Jeder Leser ist, wenn er liest, nur ein Leser seiner selbst. Das Werk des Schriftstellers ist lediglich eine Art von optischem Instrument, das der Autor dem Leser reicht, damit er erkennen möge, was er in sich selbst vielleicht sonst nicht hätte erschauen können.
4887124	Grazie per questa bella traduzione.	4887126	Danke für diese schöne Übersetzung.
4886416	Ho letto l'articolo e ora ne faccio un riassunto.	4889421	Ich habe den Artikel gelesen und schreibe jetzt eine Zusammenfassung.
4892561	Molti rifugiati sono arrivati con aspettative altissime.	4892563	Viele Flüchtlinge sind mit sehr großen Erwartungen angekommen.
4892569	Per produrre il meglio vino è necessario, prima di tutto, ottenere le migliori uve.	4892577	Um den besten Wein zu produzieren, ist es zunächst einmal erforderlich, sich die besten Trauben zu beschaffen.
4893162	Tom risparmiò molto denaro.	4893169	Tom sparte viel Geld.
4894648	Nessuno nasce maestro.	4894649	Niemand wird als Meister geboren.
4532863	Avrei voluto scriverti due parole, giusto per sentirti vicino, ma non sapevo da dove cominciare.	4895297	Ich wollte dir ein paar Worte schreiben, einfach um mich dir nahe zu fühlen, aber ich wusste nicht, wo ich anfangen sollte.
4895304	Posso chiederti quali sono le tue intenzioni?	4895327	Darf ich dich fragen, was deine Absichten sind?
4895355	Cosa posso fare per rallegrarti?	4895395	Was kann ich tun, um dich aufzuheitern?
4895439	Grazie di avermi pensato!	4895442	Danke, dass du an mich gedacht hast!
4895439	Grazie di avermi pensato!	4895443	Danke, dass Sie an mich gedacht haben!
4895439	Grazie di avermi pensato!	4895444	Danke, dass ihr an mich gedacht habt!
3710121	Il sangue dov'è?	4896491	Wo ist das Blut?
4897392	Aiuto! Ho visto un pescecane!	4897397	Hilfe! Ich habe einen Hai gesehen!
4897392	Aiuto! Ho visto un pescecane!	4897398	Zu Hilfe! Ich habe einen Haifisch gesehen!
4897456	La soluzione era davanti ai miei occhi, ma non l'ho vista.	4897466	Die Lösung stand mir vor den Augen, doch ich sah sie nicht.
4897542	Voglio stendere un braccio e sentirti al mio fianco.	4897564	Ich möchte einen Arm ausstrecken und spüren, dass du neben mir bist.
3361424	Questa sera mangeremo in giardino a lume di candela.	4899073	Heute Abend essen wir im Garten bei Kerzenbeleuchtung.
3361424	Questa sera mangeremo in giardino a lume di candela.	4899074	Heute Abend essen wir im Garten bei Kerzenschein.
4900456	A noi non manca fiducia in se stessi.	4900457	Es fehlt uns nicht an Selbstvertrauen.
4900532	Il direttore del teatro ha congelato l'allegria del pubblico con una notizia triste.	4900547	Eine traurige Mitteilung des Theaterdirektors ließ die Heiterkeit des Publikums gefrieren.
4901229	Qual è la tua ricetta per il successo?	4901232	Was ist dein Erfolgsrezept?
4208681	Ha una famiglia in Germania?	4901518	Hat er Familie in Deutschland?
4208681	Ha una famiglia in Germania?	4901519	Hat sie Familie in Deutschland?
3930316	Vivevamo a Parigi prima.	4901525	Wir lebten zuerst in Paris.
3930316	Vivevamo a Parigi prima.	4901526	Wir wohnten vorher in Paris.
3930316	Vivevamo a Parigi prima.	4901527	Wir haben davor in Paris gewohnt.
4297944	È perché tu sei una ragazza.	4901654	Das ist, weil du ein Mädchen bist.
4863130	Io resterò più a lungo la prossima volta.	4901688	Ich werde nächstes Mal länger bleiben.
4863130	Io resterò più a lungo la prossima volta.	4901689	Das nächste Mal bleibe ich länger.
4902351	Il tempo passa e inevitabilmente cambia circostanze, situazioni e persone.	4902353	Die Zeit vergeht und verändert unweigerlich Umstände, Situationen und Menschen.
4411421	Non sei cambiato per niente.	4903036	Du hast dich kein bisschen verändert.
4904058	Cosa sta venendo cucinato in cucina?	4904066	Was wird in der Küche gekocht?
4904064	Che sta venendo cucinato in cucina?	4904068	Was kocht man in der Küche?
4904193	Il tuo è un commento ironico, vero?	4904242	Dein Kommentar ist ironisch gemeint, stimmts?
4903486	Mi fa ridere certa gente.	4904281	Gewisse Leute machen mich lachen.
4903486	Mi fa ridere certa gente.	4904282	Gewisse Leute bringen mich zum Lachen.
4903486	Mi fa ridere certa gente.	4904284	Über gewisse Leute kann ich nur lachen.
4904344	Che sfortuna! Perché questo è capitato proprio a me?	4904353	Was für ein Pech! Warum ist das ausgerechnet mir passiert?
4904452	Perché mi va tutto storto?	4904455	Warum geht bei mir alles schief?
4905426	Parla l'italiano fluentemente, davvero perfettamente.	4905430	Er spricht fließend Italienisch, wirklich perfekt.
4905426	Parla l'italiano fluentemente, davvero perfettamente.	4905432	Sie spricht fließend Italienisch, wirklich perfekt.
4905918	L'amore vero è incondizionato.	4906267	Wahre Liebe ist bedingungslos.
3061493	Il mio stomaco impazzisce.	4906347	Mein Magen spielt verrückt.
2759684	Io sono stato il primo fidanzato di sua madre.	4906803	Ich war der erste Freund Ihrer Mutter.
2759684	Io sono stato il primo fidanzato di sua madre.	4906804	Ich war der erste Freund seiner Mutter.
2759684	Io sono stato il primo fidanzato di sua madre.	4906805	Ich war der erste Freund ihrer Mutter.
4059090	Dormi un po' adesso.	4906810	Schlaf jetzt ein bisschen.
4059090	Dormi un po' adesso.	4906811	Schlaf jetzt etwas.
3815236	Voi avevate dei begli occhi.	4906818	Ihr hattet schöne Augen.
3815236	Voi avevate dei begli occhi.	4906819	Sie hatten schöne Augen.
4908169	Mi compiaccio di vederla bene.	4908171	Es freut mich zu sehen, dass es Ihnen gut geht.
4908209	Ho creato l'abitudine di andare a letto molto tardi, troppo tardi.	4908215	Ich habe es mir zur Gewohnheit gemacht, spät ins Bett zu gehen, viel zu spät.
4908209	Ho creato l'abitudine di andare a letto molto tardi, troppo tardi.	4908217	Ich habe mich daran gewöhnt, spät ins Bett zu gehen, viel zu spät.
4908209	Ho creato l'abitudine di andare a letto molto tardi, troppo tardi.	4908218	Ich habe es mir angewöhnt, spät ins Bett zu gehen, viel zu spät.
4908189	Un piccolo istante è stato sufficiente per lui riconoscere negli occhi della ragazza la stessa fiamma che ardeva nel suo cuore.	4908229	Ein kurzer Moment reichte ihm, um in den Augen des Mädchens die gleiche Flamme zu entdecken, die in seinem Herzen brannte.
4908207	Per tutto il pomeriggio no scambiammo una sola parola.	4908234	Den ganzen Nachmittag haben wir uns angeschwiegen.
4908207	Per tutto il pomeriggio no scambiammo una sola parola.	4908237	Den ganzen Nachmittag über haben wir kein einziges Wort gewechselt.
4908207	Per tutto il pomeriggio no scambiammo una sola parola.	4908238	Den ganzen Nachmittag lang haben wir nicht ein einziges Wort gewechselt.
4908243	Ti prego di darmi una risposta sincera.	4908330	Ich bitte dich um eine ehrliche Antwort.
4908243	Ti prego di darmi una risposta sincera.	4908331	Ich bitte dich, mir eine ehrliche Antwort zu geben.
4909375	L'invidioso è infelice.	4909379	Der Geizige ist unglücklich.
2966357	Auguro a Bersani una pronta guarigione!	4909383	Ich wünsche Bersani eine baldige Genesung.
4911580	Alla Luna piena è stata data la colpa del bacio.	4911862	Man gab dem Vollmond die Schuld an dem Kuss.
4912875	Grazie a tutti di cuore!	4912909	Allen einen herzlichen Dank!
4913003	Fulmini, tuoni e lampi sono manifestazioni della natura.	4913040	Blitz und Donner sind Naturerscheinungen.
4910804	La vecchia signora ha parlato con una semplicità commovente.	4913720	Die alte Dame sprach mit einer rührenden Einfachheit.
2433206	Io ho fallito.	4914954	Ich bin gescheitert.
4915149	Una sensazione di dubbio e incertezza si insinuò nel mio cuore.	4915150	Ein Gefühl des Zweifels und der Unsicherheit schlich sich in mein Herz.
4915163	Che cosa ti impedisce di farlo?	4915164	Was hindert dich, das zu tun?
4915172	Provare paura è perfettamente normale.	4915176	Angst zu empfinden, ist vollkommen normal.
4915177	Aiutami ad aiutare altre persone.	4915179	Hilf mir, anderen Menschen zu helfen.
4915180	Dovete provare sconfiggere la paura di fallire.	4915181	Sie müssen versuchen, die Angst vor dem Scheitern zu besiegen.
4915184	La paura di fallire è una delle paure più diffuse del mondo.	4915189	Die Angst zu scheitern ist eine der am weitesten verbreiten Ängste der Welt.
4915197	Pian piano l'entusiasmo lascia spazio ai dubbi e all'incertezza.	4915199	Allmählich macht die Begeisterung Zweifeln und Unsicherheit Platz.
4914468	Non far storie!	4915996	Mach keine Geschichten!
4916980	L’autunno viene spesso associato ad immagini malinconiche, eppure per me l'autunno è un misto di poesia e di spiritualità.	4917000	Der Herbst wird oft mit schwermütigen Vorstellungen in Verbindung gebracht, aber für mich ist der Herbst eine Mischung aus Poesie und Spiritualität.
4917023	Posso dire per esperienza che questo metodo funziona.	4917025	Ich kann aus Erfahrung sagen, dass diese Methode funktioniert.
4916981	I vigneti e la natura circostante si accendono dei colori del sole e della terra, ricchi di mille sfumature che ci parlano della bellezza della vita.	4917430	Die Weinberge und die umliegende Natur entzünden sich in den Farben der Sonne und der Erde, mit ihrer Fülle voll von tausend Tönen, die zu uns von der Schönheit des Lebens sprechen.
4919210	Io sono un fallito.	4919214	Ich bin ein Versager.
4919302	Perché devo subire questa tortura?	4919307	Warum muss ich mich dieser Tortur unterziehen?
4919302	Perché devo subire questa tortura?	4919309	Warum muss ich diese Folter erdulden?
4919302	Perché devo subire questa tortura?	4919320	Warum muss ich mich dieser Folterqual aussetzen?
4919416	Non vedo perché dovremmo continuare a torturarci.	4919420	Ich sehe nicht ein, weshalb wir einander noch länger quälen sollten.
4919422	Ho sprecato un sacco di tempo.	4919424	Ich habe eine Menge Zeit verschwendet.
4919438	Per una qualche ragione ho letto "m" e non "n".	4919447	Aus irgendeinem Grund habe ich „m“ gelesen und nicht „n“.
4919464	Siete un tizio piccolo e brutto.	4919465	Sie sind ein hässlicher kleiner Kerl.
4919694	All'interno del cassetto ho trovato biglietti, fotografie e un fascio di lettere legate da un nastro rosso.	4919705	Im Inneren der Schublade fand ich Eintrittskarten, Fotos und ein mit einem roten Band zusammengebundenes Bündel Briefe.
4919694	All'interno del cassetto ho trovato biglietti, fotografie e un fascio di lettere legate da un nastro rosso.	4919706	Im Inneren der Schublade habe ich Kärtchen, Fotos und ein mit einem roten Band zusammengebundenes Bündel Briefe gefunden.
4919789	A volte mi sento sopraffatto dalle mie stesse aspettative.	4919790	Manchmal fühle ich mich von meinen eigenen Erwartungen überfordert.
4919699	Dentro il libro ho trovato una vecchia fotografia in bianco e nero.	4920127	In dem Buch habe ich ein altes Schwarz-weiß-Foto gefunden.
4919700	Ho trovato una vecchia fotografia di noi due.	4920132	Ich habe ein altes Foto von uns beiden gefunden.
4919701	Nell'armadio della cucina ho trovato una scatola piena di cioccolatini.	4920135	Im Küchenschrank habe ich eine Schachtel voll Pralinen gefunden.
4920303	Come è possibile liberarsi dalla paura di fallire?	4920305	Wie kann man sich von der Angst zu versagen frei machen?
4920331	Mi sembra di avere tutto, ma dentro sento il vuoto.	4920335	Ich scheine alles zu haben, aber im Inneren fühle ich eine Leere.
4920780	Molte persone sono paralizzate dalla paura di fallire.	4920781	Viele Menschen lähmt die Angst zu versagen.
4920804	Molti pensieri negativi ed esperienze dolorose si sono accumulati nello zaino della tua psiche.	4920826	Im Rucksack deiner Psyche haben sich viele negative Gedanken und schmerzhafte Erfahrungen angesammelt.
4922208	La memoria è come una scatola piena di segreti, sorprese e anche piccole e dispettosi diavoletti.	4922317	Die Erinnerung ist wie ein Kästchen voller Geheimnisse und Überraschungen, aber auch ausgelassener Teufelchen.
4922714	Perché che non vuoi riconoscere la verità?	4922868	Warum willst du die Wahrheit nicht erkennen?
4922709	Il tavolo è coperto con vari tipi di frutta.	4922871	Der Tisch ist gedeckt mit allerlei Obst.
4922693	Tutto sprigionava vita e luce in quel boschetto.	4922879	Alles in diesem Hain strahlt Licht und Leben aus.
4922689	Al sole le foglie delle vigne assumono colori che vanno dal giallo a tutta la scala cromatica dei rossi, dal marrone all'arancione, fino ad arrivare al viola.	4922957	In der Sonne nehmen die Weinblätter Farben an, die von Gelb über sämtliche Abtönungen von Rot, Braun und Orange changieren, um schließlich Violett zu erreichen.
4922686	Molte persone quando arriva l'autunno soffrono d'una forma lieve di depressione che può essere curata con la terapia della luce.	4923141	Wenn der Herbst kommt, leiden viele Menschen an einer milden Form der Depression, die mit Lichttherapie behandelt werden kann.
4922687	Ho preparato per te una lista di desideri completa di dieci cose da fare durante l'autunno.	4923160	Ich habe für dich eine ganze Wunschliste mit zehn Dingen vorbereitet, die man im Herbst tun kann.
4922681	Si insinua dentro di me il dubbio, misto alla curiosità.	4923260	Mich beschleicht ein Zweifel, mit Neugier gepaart.
4925246	Gli ideogrammi giapponesi sono un'affascinante sfida.	4925248	Die japanischen Schriftzeichen sind eine faszinierende Herausforderung.
4925415	Io detesto l'eccessivo uso delle parole straniere, specialmente quando non sono necessarie.	4925416	Ich verabscheue den übermäßigen Gebrauch von Fremdwörtern, vor allem dann, wenn sie unnötig sind.
4922679	Se ti penso mi invade la malinconia e il mio sguardo vaga nel vuoto.	4925550	Denke ich an dich, überkommt mich Schwermut und mein Blick geht ins Leere.
4525799	La vita è fatta di giorni che non significano niente e momenti che significano tutto.	4925580	Das Leben besteht aus Tagen, die nichts, und Augenblicken, die alles bedeuten.
4925583	Mi piace questa frase piena di significato.	4925585	Mir gefällt dieser bedeutungsvolle Satz.
4923245	Dopo solstizio d'estate, le giornate cominciano lentamente ad accorciarsi.	4925588	Nach der Sommersonnenwende beginnen die Tage allmählich kürzer zu werden.
4534706	La sintonia tra due persone si misura in quante spiegazioni non hanno bisogno di dare.	4925595	Die Harmonie zwischen zwei Menschen misst sich daran, wie viele Erklärungen sie sich nicht zu geben brauchen.
4925601	Chi è capace di capire, non ha bisogno di spiegazioni.	4925604	Wer fähig ist, zu verstehen, braucht keine Erklärung.
4926735	Nascondersi non serve.	4926737	Sich zu verstecken hilft nicht.
4929033	Hai mai dormito sotto le stelle?	4929048	Hast du jemals unterm Sternenzelt geschlafen?
4929165	Non c'è spettacolo più bello, e al contempo più inquietante, che la natura possa offrire di un bel temporale con tanto di lampi e tuoni.	4929358	Es gibt kein Schauspiel, das schöner und zugleich beängstigender ist als dasjenige, welches die Natur während einem richtigen Gewitter mit jeder Menge Blitz und Donner bietet.
4528043	Mi hanno insegnato a camminare a testa alta, perché nessuno è così importante da farmi abbassare lo sguardo.	4929381	Man hat mich gelehrt, erhobenen Hauptes zu gehen, denn niemand ist so bedeutsam, dass er mich veranlassen würde den Blick zu senken.
4929431	Ma questa è un'altra storia.	4929993	Aber das ist eine andere Geschichte.
4933217	Mi piacciono i fiori di primavera, la luna in autunno, le brezze dell'estate, la nebbia d'inverno.	4933231	Ich mag die Frühlingsblumen, den Herbstmond, die Brisen des Sommers, den Winternebel.
4933430	Le api hanno una capacità cognitiva evoluta.	4933545	Die Bienen haben eine entwickelte Erkenntnisfähigkeit.
4933425	Ho vinto il primo premio in un prestigioso concorso culinario.	4933560	Ich habe in einem renommierten Kochwettbewerb den ersten Preis gewonnen.
4551847	Lui non si è dimostrato troppo romantico.	4933575	Er hat nicht viel Sinn für Romantik bewiesen.
4553446	Quando era giovane, per guadagnare da vivere, mio nonno suonava il piano in una casa di tolleranza.	4933597	In seiner Jugend spielte mein Großvater in einem Bordell Klavier, um sich seinen Lebensunterhalt zu verdienen.
4933357	Questa mattina la maledetta sveglia non ha funzionato.	4933620	Heute Morgen hat der verdammte Wecker nicht geklingelt.
4933382	La Patagonia, situata nell'extremo sud del Sudamerica, è una regione ricca di risorse naturali di incomparabile bellezza.	4933641	Das weit im Süden von Südamerika gelegene Patagonien ist eine an natürlichen Ressourcen reiche Region von unvergleichlicher Schönheit.
4933209	Libera la tua mente da tutti i pensieri inutili.	4933658	Befreie deinen Geist von allen unnützen Gedanken.
4933207	Una metà di me ha sonno, l'altra metá ancora non si è svegliata.	4933677	Eine Hälfte von mir ist schläfrig, die andere Hälfte ist noch nicht aufgewacht.
4933207	Una metà di me ha sonno, l'altra metá ancora non si è svegliata.	4933678	Eine Hälfte von mir ist verschlafen, die andere schläft noch.
4532847	Questo profumo lascia sulla pelle una piacevole sensazione di morbidezza.	4933737	Dieses Parfüm verleiht der Haut ein angenehmes Gefühl von Weichheit.
4532847	Questo profumo lascia sulla pelle una piacevole sensazione di morbidezza.	4933739	Dieses Parfüm hinterlässt auf der Haut ein angenehmes Gefühl von Zartheit.
4725037	A Tom non piacciono le banane.	4933840	Tom mag keine Bananen.
4935348	Se questo non è vero, è una buona bugia.	4935431	Ist dies nicht wahr, so ist es gut gelogen.
4935348	Se questo non è vero, è una buona bugia.	4935444	Ist dies nicht Wahrheit, sondern Lüge, so wurde sie gar fein gesponnen.
4935348	Se questo non è vero, è una buona bugia.	4935445	Ist dies nicht Wahrheit, sondern Lüge, so wurde sie geschickt ersonnen.
3034254	Abbiamo qualcos'altro di cui parlare allora.	4935803	Wir haben noch andere Dinge zu besprechen.
4573570	Alla fine del processo il giudice ha pronunciato la sentenza.	4937100	Am Ende des Prozesses hat der Richter das Urteil gesprochen.
4939274	Non riesco proprio a rammentare questa cosa.	4940434	Ich kann mich nicht mehr so richtig an diese Sache erinnern.
2058426	Bisognerà aspettare.	4940719	Es ist nötig zu warten.
4940712	Non c'è cura per la calvizie.	4940741	Kahlköpfigkeit lässt sich nicht heilen.
4940847	A dire la verità, mi dispiace un po' che tu non sia innamorato di me.	4941881	Um die Wahrheit zu sagen; es missbehagt mir ein wenig, dass du nicht in mich verliebt bist.
814065	Ho smesso di fumare.	4944305	Ich habe mit dem Rauchen Schluss gemacht.
4944639	La vita e la morte sono le due facce della stessa moneta.	4944648	Das Leben und der Tod sind die zwei Seiten einer Münze.
4946747	Lui uscirà domani?	4946820	Geht er morgen aus?
4946742	Lei uscirà domani?	4946827	Geht sie morgen aus?
4946742	Lei uscirà domani?	4946829	Gehen Sie morgen aus?
4576397	Mi puoi tirare fuori da qui?	4949320	Kannst du mich hier rausbringen?
3358334	Abbiamo dovuto interrompere il lavoro, perché s'è messo a piovere.	4949331	Wir mussten die Arbeit unterbrechen, da es anfing zu regnen.
3358334	Abbiamo dovuto interrompere il lavoro, perché s'è messo a piovere.	4949332	Wir mussten die Arbeit unterbrechen, da es zu regnen begann.
2068106	Devo andare al lavoro adesso.	4949405	Ich muss jetzt zur Arbeit gehen.
2068106	Devo andare al lavoro adesso.	4949406	Ich muss jetzt zur Arbeit.
3988153	È lui che mi provoca!	4949462	Er ist es, der mich provoziert!
2194062	Funziona.	4949723	Es funktioniert.
4947675	La vaniglia è una spezia, ottenuta dai frutti di una orchidea.	4950833	Vanille ist ein Gewürz, das man aus den Früchten einer Orchidee gewinnt.
4935963	A dire il vero, non so nemmeno da dove iniziare a cercare lavoro.	4951626	Ehrlich gesagt, weiß ich nicht einmal, wo ich mit der Arbeitssuche beginnen soll.
627744	Viaggerai da solo?	4954109	Reist du alleine?
1082246	Vengo da Milano.	4954111	Ich komme aus Mailand.
1233488	Veniamo da Roma.	4954116	Wir kommen aus Rom.
1244818	Dipende da voi.	4954119	Das hängt von euch ab.
1244819	Dipende da lei.	4954120	Das hängt von Ihnen ab.
1244819	Dipende da lei.	4954121	Das hängt von ihr ab.
4957338	A me piacerebbe pulire la mia casa prima che tornino i miei genitori.	4957705	Ich möchte meine Wohnung saubermachen, bevor meine Eltern zurückkehren.
4958151	Tom scrisse il suo numero di telefono su un tovagliolo e lo passò a Mary.	4958195	Tom schrieb seine Telefonnummer auf eine Serviette und reichte sie Maria.
4958150	Tom ha scritto il suo numero di telefono su un tovagliolo e l'ha passato a Mary.	4958197	Tom hat seine Telefonnummer auf eine Serviette geschrieben und sie Maria gereicht.
4958113	Tom è sempre stato in grado di ottenere ciò che vuole.	4958234	Tom versteht immer zu erreichen, was er will.
4193541	Quelle che sono presenti sono tutte giapponesi.	4959549	Alle Anwesenden sind Japanerinnen.
3505613	Io non voglio altri problemi con Tom.	4959569	Ich will nicht noch mehr Probleme mit Tom.
3505613	Io non voglio altri problemi con Tom.	4959570	Ich will nicht noch mehr Schwierigkeiten mit Tom.
3898176	Mi fa piacere che lei sia d'accordo.	4959574	Es gefällt mir, dass Sie einverstanden sind.
3898176	Mi fa piacere che lei sia d'accordo.	4959577	Ich finde es gut, dass sie einverstanden ist.
4959561	Noi abbiamo giocato a carte dopo cena.	4959579	Nach dem Abendessen haben wir Karten gespielt.
3356000	Vi risponderò quando vi deciderete ad ascoltarmi.	4959818	Ich antworte euch, wenn ihr beschlossen habt, mir zuzuhören.
3356000	Vi risponderò quando vi deciderete ad ascoltarmi.	4959820	Ich werde Ihnen antworten, wenn Sie sich entschieden haben, mich anzuhören.
1739763	Nessuno dei candidati si è accorto dell'errore?	4959832	Keiner der Kandidaten hat den Fehler bemerkt?
1739763	Nessuno dei candidati si è accorto dell'errore?	4959833	Keiner der Kandidaten war sich des Fehlers bewusst?
4959874	Ciò che le ha detto Tom è vero.	4960000	Was Tom Ihnen gesagt hat, stimmt.
4959873	Ciò che vi ha detto Tom è vero.	4960002	Was Tom euch gesagt hat, stimmt.
4959872	Ciò che ti ha detto Tom è vero.	4960004	Was Tom dir gesagt hat, stimmt.
2200353	Fai attenzione vicino alla finestra.	4961928	Sei in der Nähe des Fensters vorsichtig.
3156367	Io preferisco la marmellata.	4961971	Ich ziehe Marmelade vor.
3156367	Io preferisco la marmellata.	4961972	Ich habe lieber Marmelade.
4960595	Nella luce autunnale sembra che gli alberi sono delineati a matita nera.	4962224	Im herbstlichen Licht scheint es, als seien die Bäume mit einem schwarzen Stift skizziert worden.
4962346	Questa è una storia piena di intrighi, amori, inganni e segreti.	4962355	Dies ist eine Geschichte voller Intrigen, Liebe, Verrat und Geheimnisse.
4962353	Ma dove sei stato? Ti ho aspettato tutta la notte.	4962367	Aber wo bist du gewesen? Ich habe die ganze Nacht auf dich gewartet.
4962363	La ragazza si voltò di nuovo verso lo specchio, esaminando la propria immagine.	4962377	Das Mädchen wandte sich wieder dem Spiegel zu, um ihr eigenes Bild zu prüfen.
4962373	I nostri sguardi si incrociarono per un istante.	4962389	Unsere Blicke begegneten sich für einen Augenblick.
4962381	Forse un giorno mi capirai.	4962392	Vielleicht wirst du mich eines Tages verstehen.
4962398	Forse un giorno ti accorgerai che ti manco.	4962408	Vielleicht wirst du eines Tages merken, dass du mich vermisst.
4962440	Mi piace guardare le persone negli occhi quando ci parlo.	4962446	Ich sehe Menschen gern in die Augen, wenn ich mit ihnen spreche.
4962449	Vuoi fidarti di me?	4962456	Möchtest du dich mir anvertrauen?
4962522	Ti porto a fare una passeggiata fra i vigneti.	4964811	Ich nehme dich mit auf einen Spaziergang durch die Weingärten.
4962518	Ti va di fare una passeggiata al chiaro di luna sulla spiaggia?	4964836	Hast du Lust auf einen Strandpaziergang im Mondenschein?
4967056	Ti piacerebbe andare al mare e guardare i pescatori di telline al tramonto?	4967060	Möchtest du an den Strand gehen und bei Sonnenuntergang den Muschelfischern zuschauen?
4969140	Lo terrò sicuramente d'occhio.	4969299	Ich werde ihn auf jeden Fall im Auge behalten.
4971365	È impossibile non lasciarsi catturare dai fantastici colori autunnali delle foglie degli alberi.	4971372	Es ist unmöglich, sich dem Zauber der fantastischen herbstlichen Farben des Laubs zu entziehen.
4971423	Angeli e demoni aspettano la notte per entrare in nostri sogni.	4971447	Engel und Dämonen warten die Nacht ab, um in unsere Träume einzutreten.
4971416	Prendi l’ombrello, il cielo è nuvoloso.	4971458	Nimm den Schirm; der Himmel ist bewölkt.
4971461	Voglio un avvocato. Ho diritto a una telefonata!	4971462	Ich will einen Anwalt. Ich habe das Recht zu telefonieren!
4974524	Il fiume ora è in secca e la poca acqua rimasta è infestata da zanzare.	4974569	Der Fluss ist jetzt ausgetrocknet und das wenige verbliebene Wasser wird von Mückenschwärmen heimgesucht.
4974538	La garanzia di un lavoro ben fatto è la passione che viene messa per realizzarlo.	4974580	Das Unterpfand für eine gute Arbeit ist die Leidenschaft, mit der sie ausgeführt wird.
4553450	Sono diventata rossa come un pomodoro.	4976980	Ich bin so rot wie eine Tomate geworden.
4553451	Sono disposta a prendere in considerazione altre proposte.	4976981	Ich bin bereit, andere Vorschläge in Erwägung zu ziehen.
3048647	Amore e tosse si fanno conoscere.	4977239	Liebe und Husten bleiben nicht verborgen.
4982026	Stanisław Jerzy Lec una volta disse: "Capita di dover tacere per essere ascoltati".	4982324	Stanisław Jerzy Lec sagte einmal: „Manchmal muss man schweigen, um sich Gehör zu verschaffen.“
4982104	La spirale è una delle forme geometriche più diffuse in natura.	4982793	Die Spirale ist eine der in der Natur am weitesten verbreiteten geometrischen Formen.
4984417	Ora basta! O tu accetti o rifiuti la mia proposta.	4984423	Jetzt reicht es mir! Entweder du akzeptierst meinen Vorschlag oder nicht.
4225374	Io voglio condividere questo con lei.	4990122	Ich will das mit dir teilen.
4991604	L'anno scorso ho letto più di cinquanta libri.	4991606	Im vergangenen Jahr habe ich mehr als fünfhundert Bücher gelesen.
4991599	Leggere è un piacere che non tutti si concedono.	4991663	Das Lesen ist ein Vergnügen, das sich nicht alle gönnen.
864998	Non gettare alcun oggetto dal finestrino.	4995481	Nichts aus dem Fenster werfen.
4998975	I marciapiedi sono coperti da un tappeto di foglie rosse e l'aria ha l'odore inconfondibile di terra bagnata.	4998984	Die Gehwege sind mit einem Teppich aus roten Blättern bedeckt und die Luft hat den unverkennbaren Geruch nasser Erde.
4998948	Bene, basta con le immagini poetiche.	4999025	Gut, genug der poetischen Bilder.
4999070	Era il mio problema maggiore.	4999102	Das war mein größtes Problem.
5002059	La morte è una cosa triste, ma la vita va avanti.	5004242	Der Tod ist eine traurige Angelegenheit, aber das Leben geht weiter.
5016937	Non ho detto che non puoi dire la tua opinione.	5017005	Ich habe nicht gesagt, dass du nicht deine Meinung sagen kannst.
1798068	Non mi sembra che la situazione sia migliorata.	5018511	Ich habe nicht den Eindruck, dass sich die Lage gebessert hat.
5019669	Quando pronuncio la parola Silenzio, lo distruggo.	5019838	Spreche ich das Wort Stille aus, zerstöre ich sie.
5022259	La tua opinione non è molto importante per me.	5023087	Deine Meinung kümmert mich wenig.
5023125	Questo frasario mi è molto utile.	5023136	Dieser Sprachführer ist mir sehr von Nutzen.
3607226	Con il matrimonio la donna diventa libera; ma l'uomo perde la sua libertà.	5027496	Das Weib wird durch die Ehe frei; der Mann verliert dadurch seine Freiheit.
3607335	L'uomo è l'unico animale che deve lavorare.	5027533	Der Mensch ist das einzige Tier, das arbeiten muss.
5030957	Ho tanta voglia di vederti.	5036764	Ich möchte dich so gern sehen.
4999211	Dalla cucina arriva un profumo di limone e noce moscata.	5050053	Aus der Küche kommt ein Duft von Zitronen und Muskatnüssen.
5050614	La pioggia colpisce i vetri delle finestre.	5050625	Der Regen klopft an die Fensterscheiben.
1816471	Sono una camionista.	5051260	Ich bin Lastwagenfahrerin.
1816471	Sono una camionista.	5051262	Ich bin Lasterfahrerin.
5054607	Ha un immenso problema.	5054665	Sie hat ein Riesenproblem.
5054607	Ha un immenso problema.	5054667	Er hat ein riesiges Problem.
5054607	Ha un immenso problema.	5054668	Sie hat ein riesiges Problem.
5055016	Se non è vero, è molto ben trovato.	5055019	Ist's auch nicht wahr, so ist's doch gut erfunden.
4772698	"Dove hai messo i miei libri?" "Li ho messi lì, sul tavolo."	5064607	„Wo hast du meine Bücher hingetan?“ — „Ich habe sie dort auf den Tisch gelegt.“
2421475	La donna ideale per me dovrà essere proporzionata, intelligente e poliglotta.	5069322	Die ideale Frau für mich muss wohlproportioniert, intelligent und polyglott sein.
5071026	La mia vita ora ha un senso!	5071028	Jetzt hat mein Leben einen Sinn!
3809227	Marika vive ancora con i suoi genitori?	5071703	Lebt Marika noch bei ihren Eltern?
3809230	Parla di libertà.	5071706	Er spricht von Freiheit.
3809232	Marika pensa ancora a me?	5071709	Denkt Marika immer noch an mich?
3809242	Dov'è Marika ora?	5071713	Wo ist Marika jetzt?
3809244	Sono la Morte.	5071717	Ich bin der Tod.
2832569	Che giornata meravigliosa!	5071722	Was für ein wunderbarer Tag!
2832610	Ho bisogno di vederti stasera.	5071724	Ich muss dich heute Abend sehen.
2829333	Ti ho mandato dei fiori.	5071731	Ich schickte dir Blumen.
2829333	Ti ho mandato dei fiori.	5071732	Ich habe dir Blumen geschickt.
2829334	Vi ho mandato dei fiori.	5071742	Ich schickte euch Blumen.
2829334	Vi ho mandato dei fiori.	5071743	Ich habe euch Blumen geschickt.
2829336	Non mi hanno sparato.	5071747	Ich habe nicht geschossen.
4251956	Tom è affettuoso.	5072439	Tom ist zärtlich.
4251956	Tom è affettuoso.	5072440	Tom ist liebevoll.
4118012	Tom è piuttosto ingenuo.	5072488	Tom ist ziemlich naiv.
3539180	Tom è giovane e ingenuo.	5072494	Tom ist jung und naiv.
5017988	Roberto è un nome brasiliano.	5079758	Roberto ist ein brasilianischer Name.
5083850	Sono commosso e senza parole.	5083852	Ich bin gerührt und sprachlos.
5083850	Sono commosso e senza parole.	5083853	Mir fehlen vor Rührung die Worte.
3794699	Hai della protezione solare?	5085821	Hast du ein Sonnenschutzmittel?
3139759	Che bel sorriso solare!	5085823	Was für ein wunderbares, strahlendes Lächeln!
3794703	Ha della protezione solare?	5085824	Haben Sie ein Sonnenschutzmittel?
999986	L'energia solare non minaccia l'ambiente.	5085825	Sonnenenergie bedroht nicht die Umwelt.
999986	L'energia solare non minaccia l'ambiente.	5085826	Sonnenenergie ist umweltfreundlich.
4610280	Ci sarà un'eclissi solare totale domani.	5085827	Morgen gibt es eine totale Sonnenfinsternis.
5098949	Come distinguere una cotta dal vero amore? La cotta è un capriccio del cuore; l'amore, un progetto.	5098963	Wie Verliebtheit von wahrer Liebe unterscheiden? Verliebtheit ist eine Laune des Herzens; Liebe, ein Projekt.
1548746	Ora ho bisogno di una nuova idea.	5132576	Ich brauche jetzt eine neue Idee.
1679246	Lui è stato ugualmente sorpreso.	5155834	Er war genauso überrascht.
1460855	Hai usato la carta igienica?	5162377	Hast du Toilettenpapier benutzt?
1000816	Non meno di 50 passeggeri sono stati uccisi.	5168616	Nicht weniger als 50 Passagiere wurden getötet.
5169013	Parliamo di professionalità?	5169034	Sprechen wir von Professionalität?
5171811	Sono ancora in vacanza.	5171827	Ich bin noch im Urlaub.
1949272	Possiamo batterla!	5171840	Wir können sie schlagen!
5171818	Ho solamente trent'anni.	5171851	Ich bin erst dreißig.
5171818	Ho solamente trent'anni.	5171852	Ich bin erst dreißig Jahre alt.
5171819	Io ho solamente trent'anni.	5171853	Ich bin erst 30 Jahre alt.
5170426	Perché lui è così silenzioso?	5171919	Warum ist er so still?
5170366	Tom chiuse la finestra.	5171921	Tom schloss das Fenster.
5170334	Quando è il suo compleanno?	5171923	Wann ist sein Geburtstag?
5170334	Quando è il suo compleanno?	5171924	Wann ist ihr Geburtstag?
5167746	So già questo.	5171934	Ich weiß das schon.
5172342	Io ho l'autorità di fare questo.	5172348	Ich habe die Befugnis, dies zu tun.
5172269	Hai mai visto un rondone?	5172352	Hast du nie einen Mauersegler gesehen?
5171831	Io sono felice, molto felice.	5172354	Ich bin glücklich, sehr glücklich.
5171829	Io non sono disonesta.	5172356	Ich bin nicht unehrlich.
5171829	Io non sono disonesta.	5172358	Ich bin nicht unehrenhaft.
5172282	Avete mai visto l'interno di un nido di rondoni con dentro dei rondinotti?	5172361	Habt ihr nie das Innere von einem Mauerseglernest mit Mauerseglerküken drin gesehen?
5172282	Avete mai visto l'interno di un nido di rondoni con dentro dei rondinotti?	5172362	Habt ihr nie das Innere eines Mauerseglernestes mit Mauerseglerküken drin gesehen?
5172282	Avete mai visto l'interno di un nido di rondoni con dentro dei rondinotti?	5172363	Habt ihr nie das Innere eines Mauerseglernests mit Mauerseglerküken drin gesehen?
5171823	Io non sono ancora soddisfatta.	5172369	Ich bin noch nicht zufrieden.
5171810	Io sono ancora molto attiva.	5172381	Ich bin noch sehr aktiv.
5171805	Io sono stanca di lottare.	5172385	Ich habe das Kämpfen satt.
5171800	Sono stanco di lottare.	5172389	Ich bin des Kämpfens müde.
5172394	Che cos'ha disegnato Walt Disney?	5172395	Was hat Walt Disney gezeichnet?
626331	L'ho visto.	5172399	Ich habe es gesehen.
5172961	Tom ha abitato qui per tre anni.	5172969	Tom hat hier für drei Jahre gewohnt.
5172961	Tom ha abitato qui per tre anni.	5172970	Tom hat hier drei Jahre lang gewohnt.
5172960	Tom ha vissuto qui per tre anni.	5172972	Tom hat hier für drei Jahre gelebt.
5172960	Tom ha vissuto qui per tre anni.	5172973	Tom hat hier drei Jahre lang gelebt.
5172958	Posso prendere in prestito questo libro?	5172975	Kann ich mir dieses Buch ausleihen?
5172958	Posso prendere in prestito questo libro?	5172976	Kann ich mir dieses Buch ausborgen?
5172958	Posso prendere in prestito questo libro?	5172977	Kann ich mir dieses Buch borgen?
5172958	Posso prendere in prestito questo libro?	5172979	Darf ich mir dieses Buch ausleihen?
5172958	Posso prendere in prestito questo libro?	5172980	Darf ich mir dieses Buch ausborgen?
5172958	Posso prendere in prestito questo libro?	5172981	Darf ich mir dieses Buch borgen?
5172874	Lui ha ignorato i consigli di sua madre.	5172984	Er hat die Ratschläge seiner Mutter ignoriert.
5172873	Ha ignorato i consigli di sua madre.	5172987	Sie hat die Ratschläge ihrer Mutter ignoriert.
5172872	Lui ha ignorato il consiglio di sua madre.	5172998	Er hat den Rat seiner Mutter ignoriert.
5172871	Ha ignorato il consiglio di sua madre.	5173000	Sie hat den Rat ihrer Mutter ignoriert.
5172866	"Mai!" "Ovviamente no."	5173012	„Niemals!“ - „Natürlich nicht.“
5172866	"Mai!" "Ovviamente no."	5173013	„Niemals!“ - „Selbstverständlich nicht.“
5172866	"Mai!" "Ovviamente no."	5173014	„Nie!“ - „Natürlich nicht.“
5172866	"Mai!" "Ovviamente no."	5173015	„Nie!“ - „Selbstverständlich nicht.“
5172994	Mi chiedo se questo funzioni davvero.	5173197	Ich frage mich, ob das wirklich funktioniert.
5172968	Voi imparerete l'inglese?	5173198	Ihr werdet Englisch lernen?
5172968	Voi imparerete l'inglese?	5173418	Lernt ihr Englisch?
5172966	Lei imparerà l'inglese?	5173437	Sie wird Englisch lernen?
5172966	Lei imparerà l'inglese?	5173439	Wird sie Englisch lernen?
5172966	Lei imparerà l'inglese?	5173440	Werden Sie Englisch lernen?
5172966	Lei imparerà l'inglese?	5173441	Sie werden Englisch lernen?
5172965	Imparerà l'inglese?	5173454	Er wird Englisch lernen?
5172965	Imparerà l'inglese?	5173455	Wird er Englisch lernen?
5175789	Accomodatevi.	5175872	Kommt herein.
5175789	Accomodatevi.	5175875	Nehmt Platz.
5175646	Avete comprato questo per me?	5175878	Habt ihr das für mich gekauft?
5175646	Avete comprato questo per me?	5175879	Habt ihr dies für mich gekauft?
5175645	Ha comprato questo per me?	5175881	Hat er das für mich gekauft?
5175645	Ha comprato questo per me?	5175882	Hat sie das für mich gekauft?
5175645	Ha comprato questo per me?	5175883	Hat er dies für mich gekauft?
5175645	Ha comprato questo per me?	5175885	Hat sie dies für mich gekauft?
5175645	Ha comprato questo per me?	5175886	Haben Sie das für mich gekauft?
5175645	Ha comprato questo per me?	5175888	Haben Sie dies für mich gekauft?
5175644	Hai comprato questo per me?	5175890	Hast du das für mich gekauft?
5175644	Hai comprato questo per me?	5175893	Hast du dies für mich gekauft?
5175653	Io ho capito perché la macchina non funzionava.	5175898	Ich habe verstanden, warum das Auto nicht funktionierte.
5175653	Io ho capito perché la macchina non funzionava.	5175901	Ich habe kapiert, warum das Auto nicht funktionierte.
5175653	Io ho capito perché la macchina non funzionava.	5175905	Ich habe begriffen, warum das Auto nicht funktionierte.
5185756	La grammatica è molto difficile.	5186910	Die Grammatik ist sehr schwer.
5185756	La grammatica è molto difficile.	5186911	Die Grammatik ist sehr schwierig.
5186669	Da quanto tempo sta studiando l'esperanto?	5186915	Wie lange lernt er schon Esperanto?
5186669	Da quanto tempo sta studiando l'esperanto?	5186920	Wie lange lernt sie schon Esperanto?
5186670	Da quanto tempo state studiando l'esperanto?	5186922	Wie lange lernt ihr schon Esperanto?
5185726	Lui è vile.	5186923	Er ist feige.
5185725	È vile.	5186925	Sie ist feige.
5185725	È vile.	5186926	Sie sind feige.
5185720	Ho trovato il mio posto.	5186928	Ich habe meinen Platz gefunden.
5197283	Non avere paura di parlare con lui.	5197341	Hab keine Angst, mit ihm zu reden.
5197282	Tom non ha ancora scritto la lettera.	5197348	Tom hat noch nicht den Brief geschrieben.
5197333	Tom sta andando al mercato in questo momento?	5197350	Geht Tom gerade zum Markt?
5201338	Da una piccola scintilla, può nascere una grande fiamma.	5201357	Aus einem winzigen Funken kann eine mächtige Flamme entstehen.
1509968	L'ho svegliato.	5202185	Ich habe ihn geweckt.
1509968	L'ho svegliato.	5202187	Ich habe ihn aufgeweckt.
4562453	Qual era il loro obiettivo?	5207447	Was war deren Ziel?
5217446	Io penso che Tom mi stesse mentendo.	5217454	Ich glaube, Tom hat mich angelogen.
5235547	Voi non abitate nel mio quartiere.	5235567	Ihr wohnt nicht in meinem Stadtviertel.
5235547	Voi non abitate nel mio quartiere.	5235568	Ihr wohnt nicht in meinem Stadtteil.
5235543	Voi non vivete nel mio quartiere.	5235571	Ihr lebt nicht in meinem Stadtviertel.
5235543	Voi non vivete nel mio quartiere.	5235572	Ihr lebt nicht in meinem Stadtteil.
5235541	Lei non vive nel mio quartiere.	5235575	Sie lebt nicht in meinem Stadtviertel.
5235541	Lei non vive nel mio quartiere.	5235576	Sie lebt nicht in meinem Stadtteil.
2187355	Lui non vive nel mio quartiere.	5235580	Er lebt nicht in meinem Stadtteil.
2187355	Lui non vive nel mio quartiere.	5235581	Er lebt nicht in meinem Stadtviertel.
2187359	Non abita nel mio quartiere.	5235587	Er wohnt nicht in meinem Stadtviertel.
2187359	Non abita nel mio quartiere.	5235588	Sie wohnt nicht in meinem Stadtviertel.
2187359	Non abita nel mio quartiere.	5235590	Er wohnt nicht in meinem Stadtteil.
2187359	Non abita nel mio quartiere.	5235591	Sie wohnt nicht in meinem Stadtteil.
5235319	Il vino è buono.	5235598	Der Wein ist gut.
5234418	Le lezioni cominciano domani.	5235600	Der Unterricht beginnt morgen.
5234417	Le lezioni iniziano domani.	5235602	Der Unterricht fängt morgen an.
5234411	Lui è sicuro?	5235605	Ist er sich sicher?
2020896	È sicuro?	5235606	Sind Sie sich sicher?
2020896	È sicuro?	5235608	Ist es sicher?
4987894	Abbiamo due bimbi!	5264422	Wir haben zwei kleine Kinder!
4987894	Abbiamo due bimbi!	5264424	Wir haben zwei Jungs!
3145538	Chi ha paura dell'ombra propria non si muova.	5267189	Wer sich vor dem eigenen Schatten fürchtet, kommt nicht voran.
4488804	Voglio riposarmi.	5267502	Ich möchte mich ausruhen.
4247397	Tom non è assonnato.	5267508	Tom ist nicht müde.
4247397	Tom non è assonnato.	5267509	Tom ist nicht schläfrig.
2710589	Mi chiedo perché sono così assonnato.	5267510	Ich frage mich, warum ich so müde bin.
2710590	Io mi chiedo perché sono così assonnato.	5267512	Ich frage mich, warum ich so schläfrig bin.
3576022	No, non sono assonnato.	5268462	Nein, ich bin nicht müde.
374308	Il lunedì segue la domenica.	5269195	Der Montag folgt auf den Sonntag.
864050	La pioggia mi segue dappertutto!	5269207	Der Regen verfolgt mich überallhin.
1992573	Le ragioni sono come segue.	5269211	Die Gründe sind wie folgt.
4993722	C'è ancora gente che lo segue?	5269250	Gibt es noch Leute, die ihm folgen?
3607258	Chi segue gli altri non arriva mai primo.	5269261	Wer anderen folgt, kommt nie als erster an.
3814954	Ci lavavamo.	5283781	Wir wuschen uns.
3792476	Si lavavano.	5283782	Sie wuschen sich.
5283812	È qui.	5284083	Es ist hier.
5282008	La scuola è finita.	5284139	Die Schule ist aus.
3838805	Questo è il gatto di Tom.	5284163	Das ist die Katze von Tom.
5279332	Nuotare con i delfini è pericoloso.	5284165	Mit Delfinen zu schwimmen ist gefährlich.
2579461	Fai una pausa.	5305237	Mach eine Pause.
3034545	Sono in pausa.	5305238	Ich bin in der Pause.
3861307	Prendiamoci una piccola pausa.	5305401	Lass uns eine kurze Pause machen.
3538730	Dobbiamo parlare, tesoro.	5305429	Wir müssen sprechen, Schatz.
4620155	Tesoro, dove sei adesso?	5305430	Schatz, wo bist du jetzt?
4947320	Marie si avvicina.	5305475	Marie näherte sich.
4947322	Lei si avvicina.	5305477	Sie näherte sich.
3397637	Siamo il paese dei pagliacci?	5318907	Wir sind das Land der Clowns?
5333672	Lo rifiuta per ripicca.	5333674	Er lehnt es aus Trotz ab.
5333672	Lo rifiuta per ripicca.	5333675	Sie lehnt es aus Trotz ab.
5333681	Ti consiglio non rifiutarlo per ripicca, perché altrimenti ti pentiresti di non aver fatto questo.	5333684	Ich rate dir, es nicht aus Trotz abzulehnen, denn sonst würdest du es bereuen, es nicht gemacht zu haben.
5333666	Nel portabagagli ci sono cinque valigie.	5333686	Im Kofferraum sind fünf Koffer.
5333667	Il nostro portabagagli è troppo piccolo.	5333688	Unser Kofferraum ist zu klein.
5336613	Abbiamo rinvenuto il cadavere lì.	5336614	Wir haben die Leiche dort gefunden.
5336613	Abbiamo rinvenuto il cadavere lì.	5336615	Wir haben den Leichnam dort gefunden.
5257191	Il suo cadavere non fu mai rinvenuto.	5336617	Sein Leichnam wurde nie gefunden.
5257191	Il suo cadavere non fu mai rinvenuto.	5336619	Ihre Leiche wurde nie gefunden.
5257191	Il suo cadavere non fu mai rinvenuto.	5336620	Ihr Leichnam wurde nie gefunden.
5257190	Il cadavere non è ancora stato rinvenuto.	5336623	Die Leiche wurde noch nicht gefunden.
5257190	Il cadavere non è ancora stato rinvenuto.	5336624	Der Leichnam wurde noch nicht gefunden.
5336638	Ho rinvenuto il mio cellulare sotto il divano.	5336641	Ich habe mein Handy unter dem Sofa wiedergefunden.
5336638	Ho rinvenuto il mio cellulare sotto il divano.	5336643	Ich habe mein Handy unter dem Sofa gefunden.
4278019	Il gatto insegue lo scoiattolo.	5338048	Die Katze verfolgt das Eichhörnchen.
4278019	Il gatto insegue lo scoiattolo.	5338049	Die Katze jagt das Eichhörnchen.
3850074	Stamattina ho visto uno scoiattolo.	5338060	Heute Morgen habe ich ein Eichhörnchen gesehen.
5073318	Ho visto uno scoiattolo stamattina.	5338062	Ich habe heute Morgen ein Eichhörnchen gesehen.
5337551	Lo scoiattolo ha mangiato la nocciola.	5338069	Das Eichhörnchen hat die Nuss gegessen.
5337551	Lo scoiattolo ha mangiato la nocciola.	5338070	Das Eichhörnchen hat die Haselnuss gegessen.
5337551	Lo scoiattolo ha mangiato la nocciola.	5338073	Das Eichhörnchen hat die Nuss gefressen.
5337551	Lo scoiattolo ha mangiato la nocciola.	5338074	Das Eichhörnchen hat die Haselnuss gefressen.
3222370	Questo scoiattolo è allergico alle noci.	5338081	Dieses Eichhörnchen hat eine Allergie gegen Nüsse.
3222370	Questo scoiattolo è allergico alle noci.	5338083	Dieses Eichhörnchen ist allergisch gegen Nüsse.
3893800	Non sono la tua sorellina.	5343044	Ich bin nicht dein Schwesterchen.
795951	Maria risponde alla domanda del professore.	5348354	Maria antwortet auf die Frage des Lehrers.
795951	Maria risponde alla domanda del professore.	5348357	Maria beantwortet die Frage des Lehrers.
4847529	Sei curiosa?	5351340	Seid ihr neugierig?
2698251	Le avete parlato di recente?	5351386	Hast du in letzter Zeit mit ihr gesprochen?
5352381	Questo è facile!	5352408	Das ist leicht!
5401980	Il suo impermeabile è viola.	5401982	Ihr Regenmantel ist violett.
992404	Lei è di buon umore oggi.	5415152	Sie sind heute guter Laune.
3860568	È proibito mangiare nella sala riunioni.	5415628	Es ist verboten, im Sitzungssaal zu essen.
1699863	Che la partita cominci.	5415713	Das Spiel möge beginnen.
666699	Sapevo di essermi rotto il polso nel momento in cui sono caduto.	5415726	In dem Moment, als ich gefallen bin, wusste ich, dass ich mir das Handgelenk gebrochen hatte.
4522961	Aspetterà.	5415733	Sie wird warten.
4718113	Io dovrei veramente sapere la risposta.	5415735	Ich sollte die Antwort wirklich wissen.
5418073	Lui cominciò a imparare l'inglese.	5419091	Er begann, Englisch zu lernen.
5418073	Lui cominciò a imparare l'inglese.	5419094	Er fing an, Englisch zu lernen.
5418069	Lui ha cominciato a imparare l'inglese.	5419113	Er hat begonnen, Englisch zu lernen.
5418069	Lui ha cominciato a imparare l'inglese.	5419114	Er hat angefangen, Englisch zu lernen.
5418067	Ha cominciato a imparare l'inglese.	5419120	Sie hat begonnen, Englisch zu lernen.
5418067	Ha cominciato a imparare l'inglese.	5419121	Sie hat angefangen, Englisch zu lernen.
3355539	Se continua così, siamo rovinati.	5430342	Wenn es so weitergeht, sind wir ruiniert.
3770917	Lui ci mostrò un bel cappello.	5430412	Er hat uns einen schönen Hut gezeigt.
4106538	Tom mi ha mandato la sua fotografia.	5430807	Tom hat mir sein Foto geschickt.
4106538	Tom mi ha mandato la sua fotografia.	5430810	Tom hat mir sein Foto gesandt.
3672683	Sto solo provando ad essere una brava vicina.	5430892	Ich versuche nur eine gute Nachbarin zu sein.
4946187	Che cosa puoi dirci riguardo a questo dipinto?	5430930	Was kannst du uns zu diesem Gemälde sagen?
4946187	Che cosa puoi dirci riguardo a questo dipinto?	5430931	Was kannst du uns über dieses Gemälde sagen?
4946187	Che cosa puoi dirci riguardo a questo dipinto?	5430932	Was kannst du uns bezüglich dieses Gemäldes sagen?
4946187	Che cosa puoi dirci riguardo a questo dipinto?	5430933	Was kannst du uns in Bezug auf dieses Gemälde sagen?
1666760	Londra, dove vivo, era famosa per la sua nebbia.	5434300	London, wo ich lebe, war früher wegen seines Nebels berüchtigt.
4133969	Loro sono veloci come un leopardo.	5434341	Sie sind schnell wie ein Leopard.
4133969	Loro sono veloci come un leopardo.	5434342	Sie sind so schnell wie ein Leopard.
4405376	Io tornerò a lavorare domani.	5434350	Morgen gehe ich wieder zur Arbeit.
4405376	Io tornerò a lavorare domani.	5434351	Ab morgen arbeite ich wieder.
2443669	Mi regalò un bouquet di fiori.	5438294	Sie schenkte mir einen Blumenstrauß.
4503163	Tom mi chiese di restare.	5438384	Tom bat mich zu bleiben.
5347915	Voi siete quasi morte.	5438467	Ihr seid fast tot.
5347915	Voi siete quasi morte.	5438469	Ihr seid so gut wie tot.
5347915	Voi siete quasi morte.	5438470	Ihr seid praktisch tot.
2377718	Io vivo qui ora.	5438503	Ich wohne jetzt hier.
2377718	Io vivo qui ora.	5438504	Ich lebe jetzt hier.
4741391	L'ho pagato in euro.	5438611	Ich habe es in Euro bezahlt.
4932663	Il regime razzista e colonialista di questo paese deve essere assolutamente essere boicottato.	5438624	Das rassistische und kolonialistische Regime dieses Landes muss auf jeden Fall boykottiert werden.
980895	In questo momento qual è il tasso di cambio tra yen e yuan?	5443636	Wie ist momentan der Wechselkurs von Yen zu Yuan?
2098159	In realtà sono nato a Boston.	5443693	Tatsächlich bin ich in Boston geboren.
5444924	All'arrembaggio!	5444935	Auf zum Entern!
5444924	All'arrembaggio!	5444937	Entern!
5451527	Tom si è fatto il nuovo passaporto?	5451540	Hat sich Tom den neuen Pass ausstellen lassen?
611906	Cambia la bandiera per piacere.	5455270	Bitte ändere die Flagge.
611906	Cambia la bandiera per piacere.	5455271	Bitte ändern Sie die Flagge.
1356243	Loro hanno accesso alla biblioteca.	5456304	Sie haben Zugang zur Bibliothek.
5456670	Mi piace il profumo del caffè appena fatto.	5456671	Mir gefällt der Duft von frisch gebrühtem Kaffee.
5456670	Mi piace il profumo del caffè appena fatto.	5456672	Ich mag das Aroma von frisch gemachtem Kaffee.
5476483	Tom ha sorriso e detto di si.	5476601	Tom hat gelächelt und ja gesagt.
5477486	La polizia ci troverà se restiamo qui.	5477611	Die Polizei wird uns finden, wenn wir hier bleiben.
5355872	Io sono invitato?	5500158	Ich bin eingeladen?
5511017	Mary ha tenuto un webinar su come cuocere correttamente in forno i pirozhki.	5511033	Maria hat ein Webinar über richtiges Piroggenbacken gehalten.
5511028	Tom si è provato le scarpe.	5511117	Tom hat die Schuhe anprobiert.
5513549	Oggi c'è luna piena.	5513557	Heute ist Vollmond.
3841609	Il ventunesimo secolo inizia nel 2001.	5554084	Das 21. Jahrhundert beginnt 2001.
5563164	Tom sta lavando la macchina.	5563365	Tom wäscht gerade das Auto.
2020226	A me è piaciuta la vostra storia.	5569194	Mir hat eure Geschichte gefallen.
716314	Le scimmie sono superiori ai cani in quanto a intelligenza.	5569337	Affen übertreffen Hunde in puncto Intelligenz.
838283	Ann mi diede questo regalo.	5569370	Ann hat mir dieses Geschenk gegeben.
5005411	Ho mangiato cose ottime.	5569379	Ich habe erstklassige Sachen gegessen.
5156147	Io parto stasera.	5569388	Ich breche heute Abend auf.
2995102	Tu sei mai stata alla fine del mondo?	5569398	Warst du schon mal am Ende der Welt?
5593120	Sarà quel che sarà.	5593261	Was sein wird, wird sein.
5592826	Tom probabilmente è in palestra.	5593272	Tom ist wahrscheinlich in der Sporthalle.
4827862	La amate davvero?	5613548	Liebst du sie wirklich?
3074176	Faccio molta fatica a crederlo.	5636437	Es fällt mir sehr schwer, das zu glauben.
4247674	Faccio fatica a capire, però.	5636447	Es fällt mir aber schwer, das zu verstehen.
3067988	Faccio fatica a fare tutto.	5636448	Es ist schwer für mich, alles zu machen.
1548409	Faccio fatica a concentrarmi.	5636449	Ich habe Mühe, mich zu konzentrieren.
4618983	Io faccio un po' fatica.	5636450	Ich habe ein wenig Mühe damit.
4618983	Io faccio un po' fatica.	5636451	Es ist ein bisschen schwierig für mich.
716403	A volte faccio fatica a parlare inglese.	5636452	Manchmal macht es mir Mühe, Englisch zu sprechen.
716403	A volte faccio fatica a parlare inglese.	5636453	Manchmal fällt es mir schwer, Englisch zu sprechen.
716403	A volte faccio fatica a parlare inglese.	5636455	Manchmal habe ich Mühe damit, Englisch zu sprechen.
5419306	Faccio fatica a svegliarmi prima delle sei.	5636457	Ich habe Mühe, vor sechs Uhr aufzuwachen.
5419306	Faccio fatica a svegliarmi prima delle sei.	5636458	Ich habe Mühe, vor sechs Uhr wach zu werden.
3423482	Faccio veramente fatica a capire i motivi di certe scelte.	5636465	Es fällt mir wirklich schwer, die Gründe für bestimmte Entscheidungen zu verstehen.
5458749	Faccio fatica a capire il francese, se parlato velocemente.	5636466	Ich habe Mühe, Französisch zu verstehen, wenn es schnell gesprochen wird.
4618998	Io faccio fatica a darti disponibilità sicura per quei giorni.	5636467	Ich habe Mühe, dir für diesen Tag meine Verfügbarkeit sicher zuzusagen.
4618998	Io faccio fatica a darti disponibilità sicura per quei giorni.	5636468	Ich habe Mühe, dir für diesen Tag eine fixe Zusage zu machen.
3761069	Faccio fatica a capire perché sia così importante stabilire di chi fosse il missile.	5636469	Es ist schwer zu verstehen, warum es so wichtig ist, festzulegen von wem die Rakete sei.
4213917	Andiamo quasi ogni giorno su Internet.	5654638	Wir gehen praktisch jeden Tag ins Internet.
4213917	Andiamo quasi ogni giorno su Internet.	5654645	Wir surfen praktisch jeden Tag im Internet.
4213917	Andiamo quasi ogni giorno su Internet.	5654656	Wir sind fast jeden Tag im Internet.
1194462	Abito qui da parecchio tempo.	5661860	Ich wohne hier schon sehr lange.
1194464	Ho insegnato per parecchio tempo.	5661861	Ich habe lange Zeit unterrichtet.
3420372	Lui ha bevuto parecchio ieri.	5661867	Er hat gestern eine Menge getrunken.
4227093	Il libro è parecchio diverso.	5661869	Das Buch ist ganz anders.
5677883	Conosco quel nome.	5677921	Den Namen kenne ich.
5677888	Ho perso l'autocontrollo.	5677924	Ich verlor die Beherrschung.
5677890	Sono uscito di me.	5677925	Ich bin außer mir!
5677893	Tom sa come mentire.	5677926	Tom kann gut lügen.
5677896	Ho bisogno della scala.	5677927	Ich brauche die Leiter.
5677897	Abbiamo bisogno della scala.	5677931	Wir brauchen die Leiter.
5677898	Lui ha bisogno della scala.	5677935	Er braucht die Leiter.
5677899	Tom ha bisogno della scala.	5677944	Tom braucht die Leiter.
4190253	Preferiscono un posto dal lato finestrino.	5685386	Sie bevorzugen einen Fensterplatz.
967829	Entra. Insisto.	5702095	Komm herein! Ich bestehe darauf.
1157675	Entra!	5702098	Tritt ein!
4461162	Entra.	5702103	Er kommt herein.
4461162	Entra.	5702105	Sie kommt herein.
5707675	Credevi a Babbo Natale quando eri piccolo?	5707941	Hast du an den Weihnachtsmann geglaubt, als du klein warst?
2553667	Lava i piatti.	5719771	Wasch das Geschirr!
2553667	Lava i piatti.	5719787	Er wäscht das Geschirr.
2553667	Lava i piatti.	5719789	Sie wäscht das Geschirr.
5399138	Tom non è andato a scuola ieri perché non voleva.	5762687	Tom ist gestern nicht zur Schule gegangen, weil er nicht wollte.
5763093	Lo può ripetere, per favore?	5763103	Können Sie es bitte wiederholen?
5764447	Noi non la possiamo aiutare.	5764459	Wir können ihr nicht helfen.
2512013	La nostra professoressa ci ha detto quando iniziare.	5765370	Unsere Lehrerin hat uns gesagt, wann wir anfangen sollen.
3761011	Il tuo amico è noioso.	5769996	Dein Freund ist langweilig.
3761020	Il tuo amico è fastidioso.	5770003	Dein Freund ist lästig.
5750943	Questo viene da me.	5778013	Das kommt von mir.
5800764	E per questo era necessario svegliarmi nel cuore della notte?	5800863	Und deshalb war es nötig, mich mitten in der Nacht zu wecken?
5800752	Ancora non riesco a credere di aver vinto.	5800865	Ich kann es immer noch nicht fassen, dass ich gewonnen habe.
5800645	Non penso che Tom sappia ballare.	5800870	Ich glaube nicht, dass Tom tanzen kann.
5800644	Si può anche insegnare a ballare ad un orso.	5800875	Man kann auch einem Bären das Tanzen beibringen.
947717	Arrivo subito.	5816360	Ich komme gleich an.
1548433	Quando piove prende l'autobus.	5836924	Wenn es regnet, fährt er mit dem Bus.
3116471	Non ho potuto fare a meno di esprimere la mia opinione.	5845474	Ich konnte nicht anders, als meine Meinung zu sagen.
2681886	Spiacente, non capisco.	5907169	Tut mir leid, ich versteh das nicht.
2681888	Spiacente, però non capisco.	5907171	Tut mir leid, aber ich versteh es nicht.
2681888	Spiacente, però non capisco.	5907172	Tut mir leid, aber ich versteh nichts.
5352439	Spiacente, ma non capisco.	5907230	Tut mir leid, aber ich versteh das nicht.
3028360	Spiacente, ha il numero sbagliato.	5907233	Tut mir leid, Sie sind falsch verbunden.
3270946	Non capisco l'ungherese, spiacente.	5907237	Ich verstehe kein Ungarisch; tut mir leid.
3013383	Spiacente, non sono bravo a spiegare.	5907271	Tut mir leid, ich kann Sachen nicht gut erklären.
1332736	La sorella di Joao si chiama Joana.	5931776	Joaos Schwester heißt Joana.
5676967	Andammo a Boston.	5931783	Wir gingen nach Boston.
5676967	Andammo a Boston.	5931784	Wir sind nach Boston gegangen.
5867733	Non può vincere.	5931791	Er kann nicht gewinnen.
5867733	Non può vincere.	5931793	Sie kann nicht siegen.
5867733	Non può vincere.	5931795	Sie können nicht gewinnen.
4166983	Sono allergico agli antibiotici.	5931797	Ich bin gegen Antibiotika allergisch.
4166983	Sono allergico agli antibiotici.	5931799	Ich reagiere allergisch auf Antibiotika.
4947853	Loro parlano solo in finlandese con i loro figli.	5931886	Sie sprechen mit ihren Kindern nur Finnisch.
2520197	Con chi ci va?	5931972	Mit wem gehen Sie hin?
2520197	Con chi ci va?	5931974	Mit wem geht er hin?
2520197	Con chi ci va?	5931975	Mit wem geht sie hin?
4221709	Bach non vi dice niente?	5931991	Sagt Bach euch nichts?
4999617	Marie è uscita a mangiare.	5932040	Marie ist essen gegangen.
3507731	Mi sembra un po' forzata la cosa.	5946943	Die Sache scheint mir etwas forciert.
388798	Ero in ritardo a scuola.	5946960	Ich kam zu spät zur Schule.
5725071	Ehi, di cosa sta ridendo?	5949211	He, worüber lacht er?
5725071	Ehi, di cosa sta ridendo?	5949213	Sag mal, worüber lacht sie?
5725071	Ehi, di cosa sta ridendo?	5949216	Ähm, worüber lachen Sie?
1482370	La sua risposta era logica.	5949241	Seine Antwort war logisch.
1482370	La sua risposta era logica.	5949243	Ihre Antwort war logisch.
4600966	Ogni giorno le ho scritto una lettera.	5949269	Jeden Tag habe ich ihr einen Brief geschrieben.
4146449	Viene sempre criticato.	5949279	Er wird immer kritisiert.
4146449	Viene sempre criticato.	5949280	Man kritisiert sie ständig.
4400089	Staremo bene senza di lei.	5972056	Wir können gut auf sie verzichten.
3113955	Sei stato a Londra?	5972064	Warst du in London?
5161003	Spero di sposare quella donna un giorno.	5972085	Ich hoffe diese Frau eines Tages zu heiraten.
3855951	Puoi consigliare un altro hotel?	5972088	Kannst du ein anderes Hotel empfehlen?
4143792	Riesci a crederci? Siamo in Cina!	5972093	Kannst du das glauben? Wir sind in China!
5980150	Tom è qualcono di cui non ci si può fidare.	5980155	Tom ist jemand, dem man nicht trauen kann.
5980160	Ho un'amica il cui padre è un insegnante.	5980169	Ich habe eine Freundin, deren Vater Lehrer ist.
4596517	Arriva l'autobus.	5989967	Der Bus kommt an.
2477787	Io insegno ai bambini da zero a cinque anni.	5989974	Ich unterrichte Kinder im Alter von null bis fünf Jahren.
5994052	Non provo sentimenti per lui.	5994061	Ich empfinde nichts für ihn.
5611315	Noi saremo di ritorno il prima possibile.	5995919	Wir werden so bald wie möglich zurück sein.
5611315	Noi saremo di ritorno il prima possibile.	5995920	Wir kommen baldmöglichst zurück.
3223607	Era una scena da filmare!	5995935	Das war eine filmreife Szene!
3572364	Tu non sei l'unico ad essere impegnato.	5995937	Du bist nicht der Einzige, der beschäftigt ist.
2975628	Molte fotografie sono posizionate sulla scrivania di Xiaoding.	5995968	Viele Fotos stehen auf Xiaodings Schreibtisch.
4509969	È una domanda semplice?	5995986	Ist das eine einfache Frage?
3352109	Era sul punto di svenire.	6001530	Er war einer Ohnmacht nahe.
3352112	Lei era sul punto di svenire.	6001533	Sie war einer Ohnmacht nahe.
3827615	Loro hanno consultato il medico.	6002797	Sie haben ärztlichen Rat eingeholt.
5769058	Quella notte sono andato a letto presto.	6007710	In jener Nacht ging ich früh zu Bett.
6018752	Volete vederla?	6018762	Möchten Sie sie sehen?
4670346	Tom ha molto tempo.	6020957	Tom hat viel Zeit.
3518912	Accettammo il suo invito.	6020989	Wir nahmen seine Einladung an.
3518912	Accettammo il suo invito.	6020990	Wir nahmen ihre Einladung an.
3518912	Accettammo il suo invito.	6020992	Wir haben Ihre Einladung angenommen.
6021609	Mi si è addormentata la mano.	6021634	Die Hand ist mir eingeschlafen.
6021605	Il piede ha cinque dita.	6021635	Ein Fuß hat fünf Zehen.
6021601	Non mi fa male niente.	6021636	Mir tut nichts weh.
6021598	Quante dita ha il piede di uno struzzo?	6021637	Wie viele Zehen hat ein Straußenfuß?
3666548	Tom mi ha baciato la mano.	6021645	Tom hat mir die Hand geküsst.
3342391	OK, avete vinto.	6023051	Gut, ihr habt gewonnen.
3589410	La scorsa estate ho fatto un viaggio in Italia.	6023308	Letzten Sommer machte ich eine Italienreise.
3924210	Abbiamo dormito nel treno.	6023328	Wir haben im Zug geschlafen.
987585	Per ora non posso dire nulla.	6023370	Im Moment kann ich nichts sagen.
4841451	Le questioni sono due?	6023376	Es sind zwei Fragen?
2424317	Ho sempre voluto studiare il francese.	6023456	Ich wollte immer Französisch studieren.
6031484	Non c'era nessuno a fermarla.	6031663	Es gab keinen, der sie aufhalten konnte.
6031483	Non c'era nessuno a fermarlo.	6031664	Es gab keinen, der ihn aufhalten konnte.
6031470	Lasciamo decidere Tom.	6031665	Lassen wir Tom entscheiden.
4251671	Perché non impara l'inglese?	6034515	Warum lernt er kein Englisch?
4251671	Perché non impara l'inglese?	6034516	Wieso lernt sie kein Englisch?
4251671	Perché non impara l'inglese?	6034517	Weshalb lernen Sie kein Englisch?
4848220	Io non ho ancora detto di no, in realtà.	6034520	Ich habe noch nicht wirklich nein gesagt.
5651395	Tom diede al suo gatto un po' di latte.	6034535	Tom gab seiner Katze etwas Milch.
5651395	Tom diede al suo gatto un po' di latte.	6034536	Tom hat seiner Katze ein bisschen Milch gegeben.
4166832	Lei ti porterà all'aeroporto.	6034594	Sie bringt dich zum Flughafen.
5567554	Lei sembra confusa.	6034626	Sie scheint verwirrt zu sein.
5567554	Lei sembra confusa.	6034628	Sie machen einen verwirrten Eindruck.
6034785	Non ho bisogno di andare da nessuna parte oggi.	6034953	Heute brauche ich nirgendwo hinzugehen.
6034779	Tutte le nostre richieste sono state soddisfatte.	6034955	Alle unsere Bedürfnisse sind befriedigt.
6034773	Non ho mai avuto questo problema prima.	6034956	Diesem Problem bin ich nie zuvor begegnet.
6034764	Finalmente qualcuno parlò.	6034957	Endlich sagte einer was.
1255616	Uscì.	6036261	Er ging raus.
1255616	Uscì.	6036262	Er ging hinaus.
1717968	Non ha lasciato alcun messaggio.	6036335	Sie hat keine Nachricht hinterlassen.
1717968	Non ha lasciato alcun messaggio.	6036336	Sie haben keine Nachricht hinterlassen.
2522148	Andateglielo a dire.	6036346	Geht und sagt es ihm.
5201943	Lo corregga, per piacere.	6036361	Berichtigen Sie es bitte.
5201943	Lo corregga, per piacere.	6036362	Bitte korrigieren Sie ihn.
5692540	Lo vorresti rivedere?	6036367	Möchtest du ihn wiedersehen?
4509134	Qua non ci abita nessuno.	6036473	Hier wohnt keiner.
4509134	Qua non ci abita nessuno.	6036474	Hier wohnt niemand.
5074168	Siete attivi.	6036574	Ihr seid aktiv.
5711182	Lasciatemi rimanere.	6037044	Lass mich bleiben.
6038469	Dovete essere pazze.	6038499	Ihr müsst verrückt sein.
6038469	Dovete essere pazze.	6038500	Ihr müsst wahnsinnig sein.
1387644	Avete sentito questa storia?	6038502	Habt ihr diese Geschichte gehört?
6038467	Deve essere pazza.	6038503	Sie muss verrückt sein.
6038467	Deve essere pazza.	6038505	Sie müssen verrückt sein.
6038467	Deve essere pazza.	6038506	Sie muss wahnsinnig sein.
6038467	Deve essere pazza.	6038508	Sie müssen wahnsinnig sein.
6038465	Deve essere pazzo.	6038511	Er muss verrückt sein.
6038465	Deve essere pazzo.	6038512	Er muss wahnsinnig sein.
6038463	Devi essere pazza.	6038516	Du musst wahnsinnig sein.
6038460	Siete più belle che mai.	6038520	Ihr seid schöner als je zuvor.
6038460	Siete più belle che mai.	6038521	Ihr seid schöner denn je zuvor.
6038460	Siete più belle che mai.	6038522	Ihr seid schöner denn je.
6038458	È più bella che mai.	6038525	Es ist schöner als je zuvor.
6038458	È più bella che mai.	6038526	Sie ist schöner als je zuvor.
6038458	È più bella che mai.	6038527	Sie sind schöner als je zuvor.
6038458	È più bella che mai.	6038529	Es ist schöner denn je zuvor.
6038458	È più bella che mai.	6038530	Sie ist schöner denn je zuvor.
6038458	È più bella che mai.	6038531	Sie sind schöner denn je zuvor.
6038458	È più bella che mai.	6038533	Es ist schöner denn je.
6038458	È più bella che mai.	6038535	Sie ist schöner denn je.
6038458	È più bella che mai.	6038536	Sie sind schöner denn je.
6038475	Quest'anno, San Valentino cade di domenica.	6038540	Dieses Jahr fällt der Valentinstag auf einen Sonntag.
6038475	Quest'anno, San Valentino cade di domenica.	6038541	Dieses Jahr fällt Valentinstag auf einen Sonntag.
6038475	Quest'anno, San Valentino cade di domenica.	6038542	Der Valentinstag fällt dieses Jahr auf einen Sonntag.
6038475	Quest'anno, San Valentino cade di domenica.	6038544	Valentinstag fällt dieses Jahr auf einen Sonntag.
6034785	Non ho bisogno di andare da nessuna parte oggi.	6038648	Ich habe nicht das Bedürfnis, heute irgendwo hinzugehen.
351263	Mio fratello mangia il doppio di me.	6038661	Mein Bruder isst doppelt so viel wie ich.
4085643	Li vedremo stasera.	6038682	Wir werden sie heute Abend sehen.
6051361	Il museo è interessante.	6051763	Das Museum ist interessant.
4269001	Corregga gli errori.	6065563	Korrigieren Sie die Fehler.
4269001	Corregga gli errori.	6065565	Berichtigen Sie die Fehler.
3088896	L'ho vista piangere.	6081473	Ich habe sie weinen sehen.
6086537	Non riesco più a fidarmi di lui.	6086539	Ich kann ihm nicht länger vertrauen.
6092084	Tom e Mary sono gemelli?	6092096	Sind Tom und Marie Zwillinge?
4772903	Perché hai lasciato la festa così presto?	6100700	Warum hast du die Party so früh verlassen?
1740707	Canto quasi ogni giorno.	6106445	Ich singe fast jeden Tag.
2796585	Lui canta molto bene.	6106447	Er singt sehr gut.
2796586	Lei canta molto bene.	6106448	Sie singt sehr gut.
2821761	Tom non sa cantare.	6106450	Tom kann nicht singen.
3022962	Accidenti, io canto stasera!	6109161	Ach du Schreck! Ich singe heute Abend.
3073186	Non sei mio padre!	6111616	Du bist nicht mein Vater!
3132152	Non cambierà.	6111621	Er wird sich nicht ändern.
3132152	Non cambierà.	6111623	Sie wird sich nicht ändern.
4526606	Questa non è una brutta cosa.	6111684	Das ist keine schlechte Sache.
4722692	Che tempo bizzarro!	6111924	Was für ein seltsames Wetter!
4722692	Che tempo bizzarro!	6111925	Was für eine seltsame Zeit!
5562168	Non ditelo a mia madre.	6111996	Sagt meiner Mutter nichts davon.
6112526	Perché qualcuno impara le lingue più velocemente di altri?	6112530	Warum lernen manche Menschen Sprachen schneller als andere?
4162277	Farà qualche foto.	6114419	Er wird ein paar Fotos machen.
4162277	Farà qualche foto.	6114420	Sie wird einige Fotos machen.
3682278	Sai quanto bene le voglio?	6117547	Weißt du, wie sehr ich sie liebe?
4644666	Io non posso capire Tom.	6117553	Ich kann Tom nicht verstehen.
3509935	Ti meriti il meglio.	6117554	Du verdienst das Beste.
3352991	La campagna elettorale ebbe successo e lei vinse le elezioni.	6117558	Die Wahlkampagne verlief erfolgreich und sie gewann die Wahl.
3891897	Vai lì e parla con lei.	6154183	Geh dorthin und sprich mit ihr.
2551083	Tom mi piace.	6154184	Ich mag Tom.
5982352	Tom non dimentica mai niente.	6154191	Tom hat mich nie vergessen.
5912619	Gli disse qualcosa.	6154192	Sie sagte irgendetwas zu ihm.
5630956	Non ci ha aiutato.	6154193	Das hat uns nicht geholfen.
5081865	Mi sono sentita piuttosto sola.	6154194	Ich fühle mich ziemlich allein.
4729179	A te piace il tè?	6154195	Magst du den Tee?
4344485	Tom lavora per una banca del cibo.	6154196	Tom arbeitet für eine Nahrungsmittelbank.
4146276	Ha un libro da leggere?	6154197	Hast du ein Buch zum Lesen?
3412653	Un SUV nero si fermò davanti all'hotel.	6154198	Ein schwarzer SUV hielt vor dem Hotel.
4741497	Io devo darle questo?	6154199	Muss ich dir das geben?
3543256	Penso che Tom stia finalmente dormendo.	6154200	Ich denke, dass Tom endlich schläft.
3471800	Io voglio sapere da dove viene Tom.	6154201	Ich möchte wissen, woher Tom kommt.
3118148	Il primo ad essere designato è il Presidente della Commissione.	6154202	Der erste, der ernannt wurde, war der Präsident der Kommission.
2622722	Tom non disse il suo segreto a Mary.	6154203	Tom erzählte Mary sein Geheimnis nicht.
2215021	Sono stata in grado di risolvere la questione stamattina.	6154204	Ich war in der Lage, die Frage diesen Morgen zu lösen.
1055405	Quando sei a Monaco?	6154205	Wann bist du in München?
4228062	Perché non la lasci decidere?	6154210	Warum lässt du sie nicht entscheiden?
3495187	Non hanno fatto bene.	6154211	Sie haben es nicht gut gemacht.
1055405	Quando sei a Monaco?	6158268	Wann bist du in Monaco?
6156783	Dove si trova Monaco?	6158272	Wo ist Monaco?
1428512	Sarà terribile.	6174035	Es wird schrecklich sein.
5631082	Hai dello shampoo?	6176123	Hast du etwas Shampoo?
4724983	Tom non ha un cappello addosso.	6176126	Tom hat keinen Hut auf.
4230252	Loro sono pronte per voi.	6176128	Sie sind bereit für euch.
6211233	Comprai questo per noi.	6211391	Ich habe das für uns gekauft.
6211230	La aspettai fuori.	6211392	Ich wartete draußen auf sie.
6211207	Tom potrebbe avermi seguita.	6211393	Tom könnte mir gefolgt sein.
6214148	Il punto interrogativo e il punto esclamativo per fortuna danno pochi problemi.	6214152	Glücklicherweise bereiten das Fragezeichen und das Ausrufezeichen kaum Schwierigkeiten.
6216963	Sapete dove trovarlo?	6216966	Wissen Sie, wo er zu finden ist?
6216953	Lo aiutai a pulire la vasca da bagno.	6216979	Ich half ihm, die Badewanne zu säubern.
6216953	Lo aiutai a pulire la vasca da bagno.	6216980	Ich half ihm, die Badewanne zu reinigen.
6216953	Lo aiutai a pulire la vasca da bagno.	6216981	Ich half ihm, die Badewanne sauber zu machen.
6216950	L'ho aiutato a pulire la vasca.	6216982	Ich habe ihm geholfen, die Badewanne zu säubern.
6216950	L'ho aiutato a pulire la vasca.	6216983	Ich habe ihm geholfen, die Badewanne sauber zu machen.
6216950	L'ho aiutato a pulire la vasca.	6216984	Ich habe ihm geholfen, die Badewanne zu reinigen.
6217329	È facile fare delle semplici addizioni.	6217343	Es ist leicht, einfache Additionen vorzunehmen.
6217354	Alcuni problemi matematici sono molto difficili.	6217360	Einige mathematische Probleme sind sehr schwierig.
6217369	Ho acconsentito ad aiutarlo.	6217409	Ich habe mich bereit erklärt, ihm zu helfen.
6217408	Nessuno sembra conoscerlo.	6217411	Keiner scheint ihn zu kennen.
6217416	Doveva avere molta sete perché quando me ne sono andato c'erano due bottiglie piene d'acqua e quando sono ritornato erano tutte quante vuote.	6217440	Er muss sehr durstig gewesen sein, denn als ich ging, waren zwei Flaschen mit Wasser gefüllt, und als ich zurückkam waren alle beide leer.
6217416	Doveva avere molta sete perché quando me ne sono andato c'erano due bottiglie piene d'acqua e quando sono ritornato erano tutte quante vuote.	6217441	Sie muss sehr durstig gewesen sein, denn als ich ging, waren zwei Flaschen mit Wasser gefüllt, und als ich zurückkam, waren alle beide leer.
6217445	Ci potete aiutare a trovare il pescecane che ha deglutito i denti falsi di mio nonno?	6217448	Können Sie mir helfen, den Hai zu finden, der die dritten Zähne meines Großvaters verschluckt hat?
6217451	Stiamo facendo questo correttamente?	6217452	Machen wir das richtig?
6217455	Può darle un passaggio a casa?	6217460	Kannst du sie nach Hause fahren?
6217463	Ero così stanco che mi sono addormentato sul duro pavimento di marmo.	6217464	Ich war so müde, dass ich auf dem harten Marmorfußboden eingeschlafen bin.
6217477	La sua borsa era molto leggera.	6217483	Ihre Tasche war sehr leicht.
6217493	La borsa di lui era molto pesante.	6217495	Seine Tasche war sehr schwer.
6217501	La borsa di lei era molto pesante perché piena di grossi libri.	6217503	Ihre Tasche war sehr schwer, weil sie voller dicker Bücher war.
6217705	Mi piace mangiare zuppa calda quando fuori il tempo è freddo.	6217714	Ich mag es, eine heiße Suppe zu essen, wenn draußen kaltes Wetter herrscht.
6217768	Lei di solito si alza dal letto cinque minuti dopo essersi svegliata.	6217774	Sie steht gewöhnlich fünf Minuten nach dem Aufwachen auf.
6217900	Lui di solito si fa un bagno la sera.	6217912	Er nimmt gewöhnlich abends ein Bad.
6217943	Lei di solito si fa una doccia la mattina.	6217947	Gewöhnlich duscht sie sich am Morgen.
6217953	Lei di solito beve caffè qualche volta al giorno.	6217955	Sie trinkt in der Regel mehrmals am Tag einen Kaffee.
6217982	Lui mangia una colazione completa ogni giorno.	6217984	Er isst an jedem Tag ein vollständiges Frühstück.
6218222	Dov'è il mio succo di mele?	6218227	Wo ist mein Apfelsaft?
6285102	La prima notte fu orribile.	6285103	Die erste Nacht war schrecklich.
5652111	Mostrami cosa hai fatto finora.	6286752	Zeig mir, was du bisher gemacht hast.
2409620	Giochiamo di nuovo a questo gioco.	6289222	Spielen wir dieses Spiel nochmal.
2409620	Giochiamo di nuovo a questo gioco.	6289227	Lasst uns dieses Spiel noch einmal spielen.
5712367	Tom le ha seguite.	6289277	Tom ist ihnen gefolgt.
5712367	Tom le ha seguite.	6289279	Tom folgte ihnen.
5056616	Tom quando se ne andrà da Boston?	6290699	Wann wird Tom Boston verlassen?
5230359	Iniziamo con te.	6290700	Fangen wir mit dir an.
5230359	Iniziamo con te.	6290702	Fangen wir bei dir an.
5230381	Ne vuole uno?	6290703	Wollen Sie eins?
5230381	Ne vuole uno?	6290704	Will er eins?
5230381	Ne vuole uno?	6290705	Will sie eins?
1410600	Non dormo più.	6290842	Ich schlafe nicht mehr.
5984886	Quanto tempo ci hai messo a scrivere questo libro?	6290918	Wie lange hast du gebraucht, um dieses Buch zu schreiben?
3533286	Quando riesce a venire a casa mia?	6291208	Wann schaffen Sie es, zu mir nach Hause zu kommen?
3533286	Quando riesce a venire a casa mia?	6291210	Wann kann er zu mir nach Hause kommen?
3533286	Quando riesce a venire a casa mia?	6291211	Wann ist es ihr möglich, zu mir nach Hause zu kommen?
3756234	Vi darò un passaggio.	6291230	Ich nehme Sie mit.
6294773	Maria ha subito un altro colpo devastante.	6294774	Maria hat einen weiteren verheerenden Schlag erlitten.
6294772	Ma il punto è un altro.	6294776	Aber es geht hier um etwas anderes.
6295135	La Svizzera è un paese di immigrazione da lunga data.	6295174	Die Schweiz ist seit vielen Jahren ein Einwanderungsland.
6297291	È sempre di buon umore.	6297297	Sie ist stets in guter Laune.
5285469	Lei c'era?	6304462	Waren Sie da?
5285469	Lei c'era?	6304463	War sie da?
5285469	Lei c'era?	6304464	War er da?
5052886	Dove si trova il padre di Tom?	6304469	Wo ist Toms Vater?
5052886	Dove si trova il padre di Tom?	6304470	Wo befindet sich Toms Vater?
2819646	Ho 38.9 di febbre.	6328660	Ich habe 38,9 Fieber.
2819646	Ho 38.9 di febbre.	6328661	Ich habe achtunddreißig neun Fieber.
6366545	Ti ricordi come cominciò il nostro amore?	6366548	Erinnerst du dich, wie unsere Liebe begann?
6367946	Non litighiamo mai, ma spesso ci prendiamo a botte.	6367976	Wir streiten uns nie, aber wir prügeln uns des Öfteren.
6376686	Io avrei fatto la stessa cosa.	6377329	Ich hätte dasselbe getan.
6376661	Avremmo potuto prendere un taxi.	6377333	Wir hätten ein Taxi nehmen können.
5159435	Avete bevuto una birra a pranzo, vero?	6382177	Ihr habt ein Bier zum Mittagessen getrunken, oder?
4960552	A prima vista sembra che questa idea è destinata al fallimento.	6382180	Auf den ersten Blick sieht es so aus, als ob diese Idee zum Scheitern verurteilt ist.
5227947	Io non ho parlato con Tom per mesi.	6392497	Ich habe seit Monaten nicht mehr mit Tom gesprochen.
4363116	Che film vuole davvero vedere?	6392498	Welchen Film willst du wirklich gern ansehen?
1242462	Voi andate a piedi al vulcano?	6392503	Geht ihr zu Fuß zum Vulkan?
1082992	Ci ha dato tutte le informazioni che ha potuto.	6392505	Sie hat uns alle Informationen gegeben, die sie hatte.
5492124	Ritorna al tuo posto.	6392507	Geh auf deinen Platz zurück.
4504704	Erano sorpresi.	6392508	Sie waren überrascht.
4952258	Perseo decapitò Medusa.	6447045	Perseus köpfte Medusa.
4952258	Perseo decapitò Medusa.	6447046	Perseus enthauptete Medusa.
3341349	Per me è una delle cose più deprimenti che mi possano capitare.	6453517	Für mich ist es eines der deprimierndsten Dinge, dass sie mich verstehen können.
1106703	Penso che non accetterà la proposta.	6453521	Ich denke, dass er den Vorschlag nicht akzeptieren wird.
3889989	Noi siamo pronti ad andare se tu lo sei.	6453526	Wir sind bereit zu gehen, wenn du es bist.
3406352	Tom non sa cosa vuole davvero.	6453529	Tom weiß nicht, was er wirklich will.
3264340	Almeno non eri sola in casa.	6453534	Zumindest warst du nicht allein im Haus.
2993809	Lei ha dato da mangiare ai pappagalli?	6453537	Hat sie die Papageien gefüttert?
2882714	Non vorrebbe poter volare?	6453538	Würdest du nicht gerne fliegen können?
2723538	Voi non sapete guidare.	6453540	Ihr könnt nicht fahren.
3264340	Almeno non eri sola in casa.	6487952	Wenigstens warst du nicht alleine zu Hause.
4279542	Mi hanno rubato il passaporto.	6553685	Man hat mir den Pass geklaut.
4279542	Mi hanno rubato il passaporto.	6553687	Mir wurde der Pass gestohlen.
2714802	Lei non verrà punita.	6556876	Sie wird nicht bestraft werden.
2714802	Lei non verrà punita.	6556878	Man wird Sie nicht bestrafen.
2714802	Lei non verrà punita.	6556879	Man wird sie nicht bestrafen.
2714802	Lei non verrà punita.	6556880	Sie werden nicht bestraft werden.
6559830	FORTRAN è un linguaggio di programmazione.	6559836	FORTRAN ist eine Programmiersprache.
5635760	Metti un francobollo sulla busta.	6563241	Kleb eine Briefmarke auf den Umschlag.
2706547	Voglio ritornare in Spagna.	6563250	Ich will nach Spanien zurückkehren.
2900309	Venerdì è la fine.	6563251	Freitag ist Schluss.
2900309	Venerdì è la fine.	6563252	Freitag ist das Ende.
6571361	Tom e Mary hanno mangiato allo stesso ristorante messicano.	6571433	Tom und Mary aßen im selben mexikanischen Restaurant.
6571355	Questo ristorante accetta soltanto contanti.	6571434	Dieses Restaurant akzeptiert nur Bargeld.
6139964	A Sami piaceva il sorriso di Layla.	6588218	Sami mochte Laylas Lächeln.
1158397	Non dimenticare!	6595484	Vergiss nicht!
6607025	È forse il più noto artista contemporaneo.	6607027	Er ist vielleicht der bekannteste zeitgenössische Künstler.
6611498	Questa soprano dispone di una voce argentina e gioiosa.	6611668	Diese Sopranistin verfügt über eine silberhelle, fröhliche Stimme.
6611760	Questa mela, me la mangerò subito.	6611761	Diesen Apfel werde ich sofort essen.
6617359	Pensavo che Mary avrebbe chiesto a Tom di andare a Boston con lei.	6617396	Ich dachte, Maria hätte Tom gefragt, ob er mit ihr nach Boston geht.
6617332	Uno dei caffé più buoni che abbia bevuto é quello del bar di tuo fratello.	6617398	Einer der besten Kaffees, die ich je getrunken habe, ist der aus der Bar deines Bruders.
6616419	Vive su un'isola.	6617399	Er lebt auf einer Insel.
6616412	Non parla mai.	6617400	Er spricht nicht mehr.
6616405	Non è l'unico.	6617401	Er ist nicht der einzige.
6616398	Nessuno ha chiamato.	6617402	Niemand hat gerufen.
6619861	Una fotografia riproducente la madre dell'autore era appesa al muro.	6619863	An der Wand hing ein Foto, auf dem die Mutter des Autors abgebildet war.
3985113	Che onore!	6629462	Welche Ehre!
6629885	Venivano sempre in gruppi di due o di tre.	6629887	Sie kamen immer zu zweit oder zu dritt.
3508946	Aspetto solo la risposta.	6639830	Ich warte nur auf die Antwort.
3139838	Tom mi ha detto che non è più interessato a voi.	6639831	Tom hat mir gesagt, dass er nicht mehr an euch interessiert ist.
2723798	Io so da dove cominciare.	6639832	Ich weiß, wo man anfangen muss.
2455472	Molto bene. E lei?	6639834	Sehr gut. Und sie?
1978790	Come sta andando il tuo weekend finora?	6639836	Wie ist dein Wochenende bis jetzt?
6609534	Mi piace il pepe.	6639837	Ich mag den Pfeffer.
6004549	Ho vissuto in Australia per qualche anno.	6639841	Ich habe ein paar Jahre in Australien gelebt.
5651930	Mary non è la donna di Tom.	6639842	Mary ist nicht Toms Frau.
1255709	Mangia molto.	6692366	Sie isst viel.
5982352	Tom non dimentica mai niente.	6704754	Tom vergisst nie etwas.
4555166	Le tue parole riscaldano il mio cuore.	6715099	Bei deinen Worten wird’s mir warm ums Herz.
4553455	Mia zia aveva una collezione di bambole di porcellana.	6715100	Meine Tante hatte eine Porzellanpuppensammlung.
6784216	Dopo che morì suo padre, Tom cominciò a bere tanto.	6784250	Nachdem sein Vater gestorben war, hat Tom angefangen, so viel zu trinken.
6784214	L'ho fatto per qualche anno.	6784251	Das habe ich vor einigen Jahren gemacht.
6784215	Tom non sa nemmeno dove sono io.	6784254	Tom weiß nicht einmal, wo ich bin.
6784198	Il futuro è nelle vostre mani.	6784255	Die Zukunft liegt in euren Händen.
6784199	Il futuro è nelle tue mani.	6784257	Die Zukunft liegt in deinen Händen.
6784195	Wellington è considerata la città più ventosa al mondo.	6784261	Wellington gilt als die windreichste Stadt der Welt.
6784184	Io starò a casa questa sera.	6784262	Ich bin heute Abend zu Hause.
6784185	Resterò a casa questa sera.	6784263	Ich bleibe heute Abend zu Hause.
4244334	La gente è complicata.	6785522	Die Leute sind kompliziert.
3298008	Mi ha portato una tazza di tè senza zucchero.	6785536	Er brachte mir eine Tasse Tee ohne Zucker.
3298008	Mi ha portato una tazza di tè senza zucchero.	6785538	Sie brachte mir eine Tasse Tee ohne Zucker.
5982368	Probabilmente conosci questo film già a memoria.	6821455	Wahrscheinlich kennst du diesen Film schon auswendig.
6128842	Perché non lo possiamo dire a loro?	6821456	Warum können wir es ihnen nicht sagen?
5151708	Loro hanno finito la corsa.	6821460	Sie haben den Kurs abgeschlossen.
3339236	Il direttore parlò chiaramente.	6821466	Der Regisseur spricht deutlich.
5898859	Per favore, dammi un'altra tazza di caffè.	6821471	Bitte gib mir noch eine Tasse Kaffee.
5673325	Passami il vino.	6821474	Reiche mir den Wein.
5633778	Quello che hai detto ha convinto Tom.	6821475	Was du gesagt hast, hat Tom überzeugt.
4700836	Lei ha ripristinato la mia fede nell'umanità.	6821479	Sie hat meinen Glauben in die Menschheit wiederhergestellt.
5523614	Giocare sui binari è pericoloso.	6833905	Auf den Bahngleisen spielen ist gefährlich.
6833443	"Questa roba non la mangio". - "E cosa mangi?".	6837652	„Dieses Zeug, das ess ich nicht.“ – „Und was isst du?“
5234372	Ho bisogno di luce.	6837675	Ich brauche Licht.
4844794	Ricordati di spegnere la luce.	6837689	Denke daran, das Licht auszumachen.
2777349	Di colpo si spense la luce.	6837691	Auf einmal ging das Licht aus.
3190040	Ho dimenticato di spegnere la luce.	6837696	Ich habe vergessen, das Licht auszumachen.
3099681	Ti sei dimenticato di spegnere la luce.	6837714	Du hast vergessen, das Licht auszumachen.
1099965	La nostra insegnante ci dà molti compiti.	6840210	Unsere Lehrerin gibt uns viele Hausaufgaben.
6866854	Tom soffre di ofidiofobia.	6866863	Tom leidet unter einer Schlangenphobie.
5898859	Per favore, dammi un'altra tazza di caffè.	6871804	Bitte bring mir noch eine Tasse Kaffee.
5190451	È il mio bisnonno.	6876565	Er ist mein Urgroßvater.
995961	Il mio bisnonno è ultracentenario.	6876566	Mein Urgroßvater ist über hundert Jahre alt.
6903012	Lo faccio non solo per i soldi.	6904995	Das tu ich nicht einfach des Geldes wegen.
6933254	Natura non rompe sua legge.	6937457	Die Natur bricht niemals ihre Gesetze.
6969635	Ho un'amica che è andata a scuola con Tom.	6970761	Ich habe eine Freundin, die mit Tom zur Schule gegangen ist.
6969635	Ho un'amica che è andata a scuola con Tom.	6970762	Ich habe eine Freundin, die mit Tom auf die Schule gegangen ist.
6969637	Siamo andati a teatro.	6970766	Wir sind ins Theater gegangen.
6969632	Ho un amico che è andato a scuola con Tom.	6970769	Ich habe einen Freund, der mit Tom zur Schule gegangen ist.
6969632	Ho un amico che è andato a scuola con Tom.	6970770	Ich habe einen Freund, der mit Tom auf die Schule gegangen ist.
2889382	Qualcuno ha preso il mio ombrello.	6978676	Irgendjemand hat meinen Regenschirm genommen.
3329081	Lei ha studiato.	6978679	Sie hat gelernt.
5073163	Io ero in grado di ammirare il suo corpo.	6978716	Ich war in der Lage seinen Körper zu bewundern.
4951920	Ho perso il libro che mi avete prestato.	6978721	Ich habe das Buch verloren, das ihr mir ausgeliehen habt.
4522150	Posso darle un autografo se vuole.	6978732	Ich kann dir ein Autogramm geben, wenn du willst.
4414027	Ho una moglie e una famiglia.	6978735	Ich habe eine Frau und eine Familie.
3546727	Io voglio l'indirizzo.	6978739	Ich will die Adresse.
2215503	Io non voglio che lei si ferisca.	6978747	Ich will nicht, dass sie verletzt wird.
6757553	"Di che nazionalità erano le tue professoresse?" "Cinese."	6978758	„Welche Nationalität hatten deine Professorinnen?“ – „Chinesisch.“
4886386	Non so se sei felice o no.	6978771	Ich weiß nicht, ob sie glücklich ist oder nicht.
5509662	Io so ascoltare.	6978782	Ich weiß zuzuhören.
5964130	Quale piano?	7005105	Welcher Stock?
5964130	Quale piano?	7005106	Welches Stockwerk?
388461	Ha un piano?	7005109	Haben Sie ein Piano?
7032379	Io studio molto francese.	7032688	Ich lerne viel Französisch.
7032350	Pagherò il pranzo.	7032701	Ich bezahle das Mittagessen.
7032325	Tom si offrì di aiutare.	7032706	Tom hat seine Hilfe angeboten.
7032328	Nessuno ascoltava il discorso.	7032707	Keiner hörte der Ansprache zu.
7032314	Cosa fa Tom ogni giorno?	7032709	Was tut Tom jeden Tag?
7032296	Quanti anni pensa che abbia Tom?	7032712	Was glauben Sie, wie alt Tom ist?
7032297	Quanti anni pensate che abbia Tom?	7032713	Was glaubt ihr, wie alt Tom ist?
7032294	Quanti anni pensi che abbia Tom?	7032715	Was glaubst du, wie alt Tom ist?
7032285	Non è ancora ora di andare a casa.	7032718	Es ist noch nicht an der Zeit, nach Hause zu gehen.
7032285	Non è ancora ora di andare a casa.	7032721	Es ist noch nicht Zeit, nach Hause zu gehen.
7032287	Aspettiamo un po'.	7032724	Warten wir noch ein bisschen!
7032277	Siamo fortunati che Tom non sia qui con noi.	7032728	Wir haben Glück, dass Tom nicht bei uns ist.
7032277	Siamo fortunati che Tom non sia qui con noi.	7032731	Wir können von Glück sagen, dass Tom nicht bei uns ist.
7036253	Prendo una macedonia di frutta e nient'altro.	7036326	Ich nehme einen Obstsalat und sonst nichts.
7036251	"Cosa ordino per te?" - "Solo una macedonia di frutta".	7036327	„Was bestelle ich für dich?“ – „Nur einen Obstsalat.“
7036252	"Cosa ordino per te?" - "Una macedonia di frutta e nient'altro".	7036328	„Was bestelle ich für dich?“ – „Einen Obstsalat und sonst nichts.“
7036168	In giugno la famiglia Jackson ha dato in sposa la figlia maggiore, e in settembre c'è il matrimonio della più piccola.	7036333	Im Juni hat die Familie Jackson die älteste Tochter verheiratet, und im September ist die Hochzeit der jüngsten.
7036167	Dovrai venire un'altra volta.	7036334	Du musst noch einmal kommen.
7036167	Dovrai venire un'altra volta.	7036335	Du musst wiederkommen.
7036116	Non siamo ancora decollati.	7037047	Wir sind noch nicht gestartet.
7036118	Siamo già decollati?	7037048	Sind wir schon gestartet?
7036118	Siamo già decollati?	7037050	Haben wir schon abgehoben?
7036122	Tom stesso ha cucito un bottone strappato.	7037055	Tom hat selbst einen abgerissenen Knopf angenäht.
7036113	Siamo già atterrati?	7037068	Sind wir schon gelandet?
7036114	Non siamo ancora atterrati.	7037071	Wir sind noch nicht gelandet.
7036108	Con una nebbia così è difficile scorgere qualcosa.	7037078	Bei einem Nebel wie diesem ist es schwierig, etwas wahrzunehmen.
7036086	Le olive vanno tagliate o lasciate intere?	7037090	Werden die Oliven durchgeschnitten oder ganz gelassen?
7050722	Tom ha detto che non va alla festa di Mary.	7050731	Tom hat gesagt, dass er nicht zu Marys Party geht.
7050724	Tom non è un tassista, vero?	7050743	Tom ist kein Taxifahrer. Stimmt’s?
7050723	Tom ci aiuterà, vero?	7050744	Tom wird uns helfen. Stimmt’s?
7050721	Tom ha intenzione di andare domani, vero?	7050745	Tom beabsichtigt, morgen wegzugehen. Stimmt’s?
7050718	Tom è uno psichiatra, vero?	7050746	Tom ist Psychiater. Stimmt’s?
7050714	Tom sta facendo una pausa, vero?	7050747	Tom macht gerade Pause. Stimmt's?
7050716	Tom sta bevendo del tè, vero?	7050748	Tom trinkt gerade Tee. Stimmt’s?
3227484	Non ho rinnovato l'abbonamento.	7072164	Ich habe das Abonnement nicht verlängert.
7124343	Per quale motivo in questo mondo ci sono bagni solo per il corpo e non per l'anima?	7124939	Aus welchem Grund gibt es in dieser Welt nur Bäder für den Körper und nicht für die Seele?
7124305	Tom chiamò durante la sua assenza.	7124948	Tom hat während Ihrer Abwesenheit angerufen.
7124302	Tom ha chiamato durante la tua assenza.	7124950	Tom hat während deiner Abwesenheit angerufen.
7124306	Tom ha chiamato durante la vostra assenza.	7124955	Tom hat während eurer Abwesenheit angerufen.
7124308	Tom è ritornato dopo molti anni.	7124959	Nach vielen Jahren ist Tom zurückgekommen.
7124240	Votare dovrebbe essere obbligatorio?	7124967	Wählen sollte verpflichtend sein.
7132588	Mi devo sbrigare un po'.	7132589	Ich muss mich ein bisschen sputen.
7132810	Siamo appena tornati.	7132814	Wir sind gerade zurückgekommen.
3875070	Ami davvero Tom?	7132831	Liebst du Tom wirklich?
7132913	Tutti sono in vacanza.	7132915	Alle sind im Urlaub.
7141559	La pizza è fredda.	7141564	Die Pizza ist kalt.
7154218	Buongiorno, come posso aiutarti?	7154230	Guten Tag, wie kann ich dir helfen?
7154218	Buongiorno, come posso aiutarti?	7154231	Guten Morgen, wie kann ich dir helfen?
911127	Buongiorno, come posso aiutarla?	7154236	Guten Morgen, wie kann ich Ihnen helfen?
911129	Buongiorno, come posso aiutarvi?	7154240	Guten Tag, wie kann ich euch helfen?
911129	Buongiorno, come posso aiutarvi?	7154243	Guten Morgen, wie kann ich euch helfen?
7154250	Siamo in balcone.	7154251	Wir sind auf dem Balkon.
7196211	C'era troppa gente in spiaggia.	7196213	Da waren zu viele Leute am Strand.
949485	Mi sono appena alzato.	7196333	Ich bin gerade erst aufgestanden.
7196369	Come va il tirocinio?	7196371	Wie läuft das Praktikum?
7196423	Siamo appena partiti.	7196424	Wir sind gerade losgefahren.
7196446	Non ho nulla da dire su questo.	7196447	Dazu habe ich nichts zu sagen.
7196450	Abbiamo tanti compiti.	7196451	Wir haben viele Hausaufgaben.
7201272	Sto per compiere trent'anni.	7201273	Ich werde bald dreißig.
5541276	So che ha cose più importanti da fare.	7293898	Ich weiß, dass du wichtigere Dinge zu tun hast.
1865470	Lui camminava avanti e indietro.	7362489	Er lief hin und her.
5339426	Non pensi che sia strana?	7362491	Findest du nicht, dass es seltsam ist?
929179	Lei risponde alle domande?	7362494	Hat sie auf die Frage geantwortet?
6745552	"Di che nazionalità sono i tuoi parenti?" "Messicana."	7362497	"Welche Nationalität haben deine Eltern?" "Mexikanisch."
6632673	La mia amica è inglese?	7362499	Ist meine Freundin Engländerin?
5826062	Io li ho già incontrati.	7467825	Ich bin ihnen schon begegnet.
5826067	Li ho già conosciuti.	7467826	Ich habe sie schon kennengelernt.
5680555	Tom non mi ha dato niente per Natale.	7530154	Tom hat mir nichts zu Weihnachten geschenkt.
2992567	Andiamo a incontrare Tom.	7530156	Lasst uns Tom treffen.
5837556	Non parli il francese?	7530159	Sprichst du kein Französisch?
3511847	Io organizzerò un incontro con loro.	7530162	Ich werde ein Treffen mit ihnen organisieren.
2839660	Le scarpe sono sotto il letto.	7530164	Die Schuhe sind unter dem Bett.
5596210	Il giorno seguente lui si sentì un po' meglio.	7530166	Am nächsten Morgen fühlte er sich ein bisschen besser.
6930039	Lei ha la nostra offerta.	7530168	Sie haben unser Angebot.
6471256	Io e Tom siamo sposati adesso.	7530170	Ich und Tom sind jetzt Eheleute.
3833757	Lei arriva alle due e mezza e Marie arriva un po' più tardi.	7530175	Sie kam um halb drei an und Marie kam ein bisschen später an.
2159810	Io visitai Hollywood mentre ero a Los Angeles.	7530179	Ich habe Hollywood besucht, als ich in Los Angeles war.
3798954	Perché ha portato il suo ukulele?	7530184	Warum hat er seine Ukulele mitgebracht?
1185158	Il suo metodo di insegnamento dell'inglese è assurdo.	7530190	Deine Methode Englisch zu lehren ist absurd.
6720787	Hai il passaporto sudafricano?	7530192	Hast du den südafrikanischen Pass?
2465524	Mangi a casa?	7530194	Isst du zuhause?
2399632	Voi ragazzi siete squilibrati!	7549853	Ihr Jungs habt sie nicht mehr alle!
2928673	Chi è questo squilibrato?	7549855	Wer ist dieser Verrückte?
3057145	Si è comportato come uno squilibrato.	7549856	Er hat sich wie ein Verrückter aufgeführt.
4887938	Non lo posso ancora fare.	7580775	Ich kann es noch nicht machen.
1278492	Io sono solo andata là ad aiutare.	7686726	Ich bin nur hingegangen, um zu helfen.
4786519	Bene, a quanto pare provi qualcosa per Tom.	7704873	Schön, allem Anschein nach empfindest du etwas für Tom.
7783824	A me non piacciono i miei vicini.	7783867	Mir gefallen meine Nachbarn nicht.
7783825	Non mi piacciono le mie vicine.	7783869	Mir gefallen meine Nachbarinnen nicht.
431783	Chi ben comincia è a metà dell'opera.	7802445	Wer gut beginnt, hat das Werk schon zur Hälfte geschafft.
3408617	Il meglio è il nemico del bene.	7802481	Das Bessere ist der Feind des Guten.
7802161	Qual è la tua scusa?	7802976	Was ist deine Entschuldigung?
7804669	Ho riconosciuto il mio errore.	7804736	Ich habe meinen Fehler erkannt.
3756232	Noi non ci conosciamo.	7807183	Wir kennen einander nicht.
5313042	Noi non ci arrenderemo.	7807201	Wir werden uns nicht ergeben.
3566762	È un lusso che noi non ci possiamo permettere.	7807202	Das ist ein Luxus, den wir uns nicht erlauben können.
5164549	Noi non ci possiamo più fidare di Tom.	7807204	Wir können Tom nicht mehr vertrauen.
3607211	Se perderai anche tutti i tuoi beni non disperare: potranno essere ritrovati. Se perderai l'onore, non disperare: forse potrai ricostruirti una nuova fama. Ma se perderai il coraggio, ogni via di ripresa ti sarà preclusa.	7812113	Gut verloren — etwas verloren! Musst rasch dich besinnen und neues gewinnen. Ehre verloren — viel verloren! Musst Ruhm gewinnen, da werden die Leute sich anders besinnen. Mut verloren — alles verloren! Da wäre es besser, nicht geboren.
2847628	Non parliamo la stessa lingua.	7812942	Wir sprechen nicht dieselbe Sprache.
6144847	Non parlo la sua lingua.	7812944	Ich spreche seine Sprache nicht.
6144847	Non parlo la sua lingua.	7812945	Ich spreche ihre Sprache nicht.
2432526	Lui non parla la mia lingua.	7812948	Er spricht meine Sprache nicht.
2432528	Lei non parla la mia lingua.	7812949	Sie spricht meine Sprache nicht.
7813585	È successo davvero?	7831376	Ist es wirklich passiert?
7867619	Non siete al sicuro qui.	7868961	Hier seid ihr nicht sicher.
7867621	Tom ci ha consigliato di non andare.	7868967	Tom hat uns geraten, nicht zu gehen.
7867606	Ai bambini dovrebbe essere insegnato a dire la verità.	7868971	Kindern sollte man beibringen, die Wahrheit zu sagen.
7867602	Tom l'ha spiegato molto bene.	7868975	Tom hat das sehr gut erklärt.
7867593	Tom sta ancora lavorando per voi?	7868978	Arbeitet Tom immer noch für euch?
7867594	Tom sta ancora lavorando per lei?	7868980	Arbeitet Tom immer noch für Sie?
6445909	Perché sei sempre così lento?	7898904	Warum bist du immer so langsam?
2816092	Portami dell'aceto e dell'olio, per piacere.	7898908	Bring mir bitte Essig und Öl.
6445913	Perché siete sempre così lenti?	7898913	Warum seid ihr immer so langsam?
4090506	Lei è in questa fotografia?	7903373	Sind Sie auf diesem Foto?
6919102	Probabilmente Tom ci ha detto la verità.	7903383	Wahrscheinlich hat uns Tom die Wahrheit gesagt.
5053628	Che tipo di musica suonano?	7903421	Was für eine Musik spielen sie?
612687	Chiedimi qualcosa di più semplice.	7929419	Frag mich etwas Einfacheres.
1199365	Spero che tu abbia trovato qualcosa alla fine.	7929420	Ich hoffe, dass du letzten Endes etwas gefunden hast.
730483	Perché non vieni al cinema con me?	7998574	Warum kommst du mit mir nicht ins Kino?
4068169	Noi siamo tutti relativamente stanchi.	7998577	Wir sind alle verhältnismäßig müde.
5898715	Vorrei un caffè.	8056929	Ich hätte gern einen Espresso.
4478792	Non vale la pena continuare a leggere.	8060050	Es lohnt sich nicht weiterzulesen.
4899015	Non funzionerà mai.	8080459	Das funktioniert nie.
5290711	Io sono sicura che la madre di Tom è fiera.	8089201	Ich bin mir sicher, dass Toms Mutter stolz ist.
8089536	Chi è il nuovo ospite?	8089538	Wer ist der neue Gast?
7862831	A lei piace la birra?	8097126	Mögen Sie Bier?
3966304	Tornano ora.	8097129	Sie kommen jetzt zurück.
3041845	Io sono a Modena.	8097131	Ich bin in Modena.
5064436	Sa che ho ragione.	8115292	Sie wissen, dass ich recht habe.
6571810	Ho tre figlie.	8240866	Ich habe drei Töchter.
2580152	Come stanno i bambini?	8272321	Was machen die Kinder?
8294918	Dice che si sta divertendo.	8298688	Er sagt, er hat Spaß.
8294877	Sapete come raggiungermi?	8298691	Wisst ihr, wie ihr mich erreichen könnt?
3501701	Noi abbiamo celebrato il Natale con un pranzo in famiglia.	8348397	Wir haben Weihnachten mit einem Familienmittagessen gefeiert.
6612306	Il mio migliore amico è cinese.	8366588	Mein bester Freund ist Chinese.
3613921	Io ho visto Tom al bar ieri notte.	8366591	Ich habe Tom gestern Abend in der Bar gesehen.
3013299	"Roma" è un anagramma di "amor".	8366592	"Roma" ist ein Anagramm von "amor".
6574689	Tom e Mary stanno guardando la CNN.	8366595	Tom und Mary schauen CNN.
7893490	Tom è sempre circondato da persone.	8366604	Tom ist immer von Menschen umgeben.
6999767	"Dove andate in vacanza?" "In Corea."	8366607	"Wohin geht ihr in den Urlaub?" "Nach Korea."
4137964	Ha bisogno di un avvocato.	8367886	Sie braucht einen Anwalt.
5629982	Tom ha escogitato qualcosa di nuovo.	8383319	Tom hat sich etwas Neues ausgedacht.
7643833	So che non siamo ricche.	8437248	Ich weiß wir sind nicht reich.
3043037	Cosa ti ha morso?	8437420	Was hat dich gebissen?
5328528	È la mia vicina.	8437964	Sie ist meine Nachbarin.
8475778	Lei nuota.	8475858	Sie schwimmen.
8478152	Ha bisogno di acqua.	8478166	Sie braucht Wasser.
8478256	Lei ha bisogno di acqua.	8478266	Sie brauchen Wasser.
8480173	Lei ha una domanda.	8480181	Sie haben eine Frage.
8480327	Voi avete una domanda.	8480336	Ihr habt eine Frage.
6680754	Non ho dei gatti.	8490987	Ich habe keine Katzen.
3690264	Mi potete mostrare dove mi trovo su questa piantina?	8492792	Kannst du mir meinen Standpunkt auf dieser Karte zeigen?
2200432	Ero sposato.	8492878	Ich war verheiratet.
6553146	Layla usò la carta di credito di sua madre.	8492887	Layla benutzte die Kreditkarte ihrer Mutter.
8493894	Ha i baffi.	8493902	Er hat einen Schnurrbart.
5463488	Vivo e lavoro qui.	8496502	Ich lebe und arbeite hier.
8585072	Tom è un pantofolaio.	8585088	Tom ist eine Couchknolle.
8668565	Aprì di nuovo i suoi occhi.	8668571	Er öffnete seine Augen wieder.
8668649	Buon ritorno a casa.	8668663	Gute Heimfahrt.
8668650	Come si chiamava tua madre?	8668667	Wie hieß doch noch schnell deine Mutter?
3424760	A me piace parlare con voi.	8697911	Ich mag es, mit dir zu sprechen.
2565876	Voglio mangiare qui.	8697930	Ich möchte hier essen.
3016038	A te piace giocare a golf?	8697931	Magst du es, Golf zu spielen?
7424082	Per lavoro andiamo in Bielorussia.	8697934	Für die Arbeit gehe ich nach Weißrussland.
6987278	Non vuole andare in Camerun.	8697936	Sie will nicht nach Kamerun gehen.
7931612	Gioca a baseball?	8709800	Spielt er Baseball?
7931612	Gioca a baseball?	8709801	Spielt sie Baseball?
2564206	Sto venendo punito.	8738515	Ich werde bestraft.
4751458	C'è sempre così tanta gente qui?	8749327	Sind hier immer so viele Menschen?
602272	Pranziamo!	8763356	Lasst uns mittagessen!
8691860	È ancora là, vero?	8795624	Er ist noch immer hier, nicht wahr?
8691860	È ancora là, vero?	8795627	Sie ist noch immer hier, nicht wahr?
8691859	È ancora lì, vero?	8795633	Er ist noch immer dort, nicht wahr?
8691859	È ancora lì, vero?	8795635	Sie ist noch immer dort, nicht wahr?
8806623	L'aurora, con le rosee sue dita, carezza di fiori lo stuolo.	8806690	Die Morgendämmerung mit ihren rosigen Fingern streichelt die Menge mit Blumen.
8821857	Amo le lingue semitiche.	8821861	Ich liebe semitische Sprachen.
1803059	Mia sorella ha recitato il ruolo principale.	8831954	Meine Schwester hat die Hauptrolle gespielt.
1295834	Non potrei essere più d'accordo!	8835957	Ich könnte nicht mehr zustimmen!
3902832	Finalmente qualcuno d'accordo con me!	8836130	Endlich stimmt mir jemand zu!
8839032	Sono stata ingannata molte volte.	8841628	Ich bin viele Male getäuscht worden.
8872334	Tutto ciò che possiamo fare è aspettare.	8872421	Das Einzige, was wir tun können, ist warten.
995514	Il mondo è bello perché è vario.	8908343	Die Welt ist schön, weil sie vielfältig ist.
3421962	Sono bellissimi tutti e quattro.	8919717	Alle vier sind wunderschön.
3230385	È già successo più volte.	8992837	Es ist schon mehrmals passiert.
1633972	Pur avendolo visto più volte, non sapremmo riconoscerlo.	8992953	Obwohl wir es mehrmals gesehen haben, würden wir nicht wissen, wie wir es erkennen sollen.
3398566	Ci si confronta, ci si scambiano pareri ed opinioni, ma il tutto avviene nel più profondo rispetto dell'altro, anche qualora non si condividano le stesse idee.	9019393	Wir vergleichen, wir tauschen Standpunkte und Meinungen aus, aber alles geschieht im tiefsten Respekt des anderen, auch wenn wir nicht dieselben Ideen gemeinsam haben.
9079390	Ha un alibi impeccabile.	9082096	Sie hat ein einwandfreies Alibi.
9079390	Ha un alibi impeccabile.	9082099	Er hat ein einwandfreies Alibi.
3145606	L'imbecille cade sulla schiena e si sbuccia il naso.	9099279	Der Tolpatsch fällt auf den Rücken und schlägt sich die Nase auf.
3689289	Parliamo due lingue straniere.	9177304	Wir sprechen zwei Fremdsprachen.
3472741	Non giudico nessuno.	9224480	Ich verurteile niemanden.
5289861	Tu copi le mie frasi.	9563905	Du kopierst meine Sätze.
5289861	Tu copi le mie frasi.	9563906	Du sagst meine Sätze nach.
3120424	L'italiano si gode la vita.	9844337	Der Italiener genießt das Leben.
8011852	Perché sei sempre così impaziente?	9927032	Warum bist du immer so ungeduldig?
6917349	Spiegami il motivo del tuo ritardo a scuola.	9927034	Erkläre mir, warum du zu spät zur Schule kommst.
4333418	È davvero un peccato che non possiate venire.	9927121	Es ist wirklich schade, dass ihr nicht kommen könnt.
6685234	Questa era la mia dichiarazione d'amore.	9927862	Das war meine Liebeserklärung.
6635223	Tu sai che odio gli spinaci.	9927868	Du weißt, dass ich Spinat hasse.
6635223	Tu sai che odio gli spinaci.	9927869	Du weißt, dass ich Spinat verabscheue.
5535262	Deve esistere un modo per attraversare il fiume.	9928303	Es muss eine Möglichkeit geben, den Fluss zu überqueren.
7151895	Io devo leggere questo.	9930597	Ich muss das hier lesen.
6726477	Hanno visitato la Spagna?	9941874	Haben sie Spanien besucht?
3358547	Questo alfiere non può stare sulla casella nera.	9951984	Dieser Läufer kann nicht im schwarzen Feld sein.
9967019	Prenderò l'ascensore.	9971336	Ich nehme den Aufzug.
2159784	Il signor Jackson si è trasferito recentemente a Tokyo da Los Angeles.	10011938	Mr. Jackson ist vor kurzem von Los Angeles nach Tōkyō versetzt worden.
6083767	Tom ha molte amiche?	10103883	Hat Tom viele Freundinnen?
4946563	Io dirò sempre la verità.	10116800	Ich werde immer die Wahrheit sagen.
5499624	Odio quando i ragazzi fanno questo.	10121110	Ich hasse es, wenn Jungs das machen.
10141324	Non credo che Tom sia un avvocato.	10145990	Ich glaube nicht, dass Tom Anwalt ist.
633520	Sono d'accordo con il tuo piano.	10162535	Mit deinem Plan bin ich einverstanden.
10208511	Il software non traduce bene come me.	10208537	Software übersetzt nicht so gut wie ich.
2945339	Qua sembrate tutte principesse e tutti principi azzurri!	10302796	Hier sieht ihr aus wie jede Prinzessin und jeder bezaubernde Prinz.
5237327	La vita umana è come un pendolo che oscilla incessantemente fra noia e dolore, con intervalli fugaci, e per di più illusori, di piacere e gioia.	10325985	Das menschliche Leben ist wie ein Pendel, das unaufhörlich zwischen Langeweile und Schmerz pendelt, mit flüchtigen und vor allem illusorischen Intervallen von Lust und Freude.
10431099	Ho incontrato Sherie nel vicolo il 23 di settembre di 2021 sull'isola di Lulu. Ha sangue di amerindi cri e francesi. Ha zanne di vampira artificiali perché è gotica. Sto scherzando sul fatto che la sua stagione di Halloween preferita sta arrivando. Siamo d'accordo che oggi Halloween è triste per i bambini a causa della pandemia.	10431658	Ich traf Sherie am 23. September 2021 in der Gasse auf Insel Lulu. Sie hat Blut von Cree-Indianern und Franzosen. Sie hat künstliche Vampirzähne, weil sie gotisch ist. Ich scherze, dass ihre Lieblings-Halloween-Saison bevorsteht. Wir sind uns einig, dass Halloween heute aufgrund der Pandemie für Kinder traurig ist.
2319759	L'uomo, per vivere, ha bisogno di alimenti, che consistono in cibi e in bevande.	10458280	Zum Leben braucht der Mensch Nahrung, die aus Speisen und Getränken besteht.
10462571	La belladonna cresce nei boschi ombrosi.	10462636	Die Tollkirsche wächst in schattigen Wäldern.
10462572	È meglio non avvicinarsi a quella pianta!	10462706	Man tut besser daran, sich dieser Pflanze nicht zu nähern!
1458100	Così fan tutte.	10483875	So machen's alle.
8990557	Tom e Mary si sono dati un bacio d'addio.	10514714	Tom und Maria gaben sich einen Abschiedskuss.
5987098	Io sono molto più coraggiosa di Tom.	10633204	Ich bin viel mutiger als Tom.
3048891	Donna buona vale una corona.	10634741	Eine gute Frau braucht eine Krone.
3347619	Di giorno in giorno imparo un po' meglio il tedesco.	10636821	Von Tag zu Tag lerne ich ein bisschen mehr Deutsch.
3455016	Che Dio la benedica.	10643546	Gott segne dich.
3455016	Che Dio la benedica.	10643548	Gott segne Sie.
3455016	Che Dio la benedica.	10643551	Gott vergelt's!
5688449	Sei ancora assonnata, vero?	10645377	Immer noch schläfrig, nicht wahr?
10677579	Il diavolo si nasconde dietro la croce.	10677967	Der Teufel lauert hinter dem Kreuze.
1739915	Mostra Tatoeba ai suoi amici?	10753927	Wirst du Tatoeba deinen Freunden zeigen?
10819887	Le persone più belle non sono perfette, sono speciali.	10819895	Die schönsten Menschen sind nicht perfekt, sie sind etwas Besonderes.
10892860	Quante persone verranno alla tua festa?	10892941	Wie viele Personen werden zu deiner Party kommen?
4710683	Ormai questo è un termine desueto.	10946225	Dieser Begriff ist inzwischen überholt.
4270504	Traditrice!	10948897	Verräterin!
11114681	Si dice spesso che il mondo diventa sempre più piccolo.	11115049	Man sagt oft, dass die Welt immer kleiner wird.
11145428	Sulla parete ci sono quattro quadri.	11146520	An der Wand hängen vier Gemälde.
5574338	C'è scuro nell'ufficio di Tom.	11172069	Es ist dunkel in Toms Büro.
5574340	Tom lanciò la moneta.	11172097	Tom warf die Münze.
5574387	Lei gli urlò contro.	11172843	Sie hat ihn angeschrien.
5574392	Guardate! Sta arrivando!	11172846	Schau mal! Sie kommt!
5574421	Ovviamente vuoi aiutare.	11172987	Natürlich möchtest du helfen.
5574425	Ho una storia da raccontare.	11173032	Ich habe eine Geschichte zu erzählen.
5574429	Nessuno sospettava di Tom.	11173064	Niemand verdächtigte Tom.
5574430	Non ti disturba?	11173081	Stört dich das nicht?
10836830	È una buona applicazione per cominciare a fare sport.	11177908	Es ist eine gute App, um damit zu beginnen, Sport zu treiben.
10836836	Da noi la neve si vede poco.	11177931	Wir sehen wenig Schnee hier.
6916670	Perché non aiuta mai?	11234158	Warum helfen Sie nie?
6916669	Perché non aiuti mai?	11234163	Warum hilfst du nie?
6916671	Perché non aiutate mai?	11234164	Warum helft ihr nie?
5240892	Si è arrotolato le maniche.	11391458	Er hat die Ärmel hochgekrempelt.
11463128	Questa frase contiene cinque parole.	11463133	Dieser Satz enthält fünf Wörter.
5563699	Tom non ha alcuna scelta.	11517567	Tom hat keine Wahl.
11547425	Che cosa ho fatto perché tu sia così cattivo con me?	11547427	Was habe ich denn getan, dass du so gemein zu mir bist?
11575828	La ragazza di Tom è russa.	11577599	Toms Freundin ist Russin.
3239424	Mi manchi tanto, amore!	11593031	Ich vermisse dich so sehr meine Liebe.
2293900	Se uno sta male, ma crede di star bene, è più felice di uno che sta bene, ma crede di star male.	11603218	Wenn es jemandem schlecht geht, er aber der Meinung ist, es gehe ihm gut, dann ist er glücklicher als jemand, dem es zwar gut geht, der aber der Meinung ist, es gehe ihm schlecht.
11605831	Oggi Tom cucina.	11606031	Heute kocht Tom.
1582989	Ripudiamo la violenza.	11606167	Wir lehnen Gewalt ab.
5570962	Tutti gli uomini devono morire un giorno o l'altro.	11608447	Alle Menschen müssen früher oder später sterben.
11600497	Il tifone ha distrutto molte case.	11608607	Der Taifun hat viele Häuser zerstört.
10631462	Il pesciolino d'argento, anche chiamato lepisma, è un piccolo insetto che si nutre di amidi.	11618740	Das Silberfischchen, auch Lepisma genannt, ist ein kleines Insekt, das sich von Stärke ernährt.
11629073	Sono straniera.	11652459	Ich bin Ausländerin.
756691	Non parlo cinese.	11653855	Ich spreche nicht chinesisch.
11661798	L'alfabeto sloveno si compone di 25 lettere: a, b, c, č, d, e, f, g, h, i, j, k, l, m, n, o, p, r, s, š, t, u, v, z, ž.	11661809	Das slowenische Alphabet besteht aus 25 Buchstaben: a, b, c, č, d, e, f, g, h, i, j, k, l, m, n, o, p, r, s, š, t, u, v, z, ž.
11730554	La vita è complicata.	11730558	Das Leben ist kompliziert.
10269477	La tua calligrafia è terribile.	11741038	Deine Handschrift ist schrecklich.
11789367	Il coccodrillo è un rettile.	11789369	Das Krokodil ist ein Reptil.
11822136	Purtroppo la mia adolescenza è passata senza che me ne accorgessi.	11822158	Leider ist meine Jugend vergangen, ohne dass ich es bemerkt hätte.
11827286	Il mio nome mi piace.	11827297	Mein Name gefällt mir.
11854294	Mio padre era algerino.	11854341	Mein Vater war Algerier.
11874707	Sto ancora vivendo con i miei genitori.	11874715	Ich lebe immer noch mit meinen Eltern.
11874707	Sto ancora vivendo con i miei genitori.	11874718	Ich lebe noch immer mit meinen Eltern.
5673252	L'hanno trovata?	11883929	Haben sie sie gefunden?
3214412	Il contesto è molto importante.	11886836	Der Kontext ist sehr wichtig.
7272853	In Germania si parla il tedesco.	11896090	In Deutschland spricht man deutsch.
11896095	In Egitto si parla arabo.	11896097	In Ägypten spricht man arabisch.
11898100	Tom ama la musica indiana.	11899127	Tom liebt die indische Musik.
7275416	I bambini amano i cani.	11910537	Kinder lieben Hunde.
3056818	I topi sono piccoli.	11910546	Mäuse sind klein.
4754411	Dimentica i tuoi problemi.	11956957	Vergiss deine Probleme.
5890970	È un cervo?	11971686	Ist das ein Hirsch?
11043661	Taninna ha telefonato.	11983386	Tanina hat angerufen.
12039581	Con la pioggia i fiumi crescono.	12039753	Mit dem Regen schwellen die Flüsse an.
6071283	È come un brutto sogno.	12143900	Es ist wie ein böser Traum.
12150670	Non sa dove aspettarlo.	12150673	Er weiß nicht, wo er auf ihn warten soll.
2295765	Ieri ha fatto bel tempo.	12159729	Gestern hatten wir schönes Wetter.
3485575	Fai schifo!	12162380	Du gehst mir auf die Nerven!
3485584	È sempre bello ritrovare le vecchie amicizie.	12162385	Es ist immer schön, alte Freunde wieder zu treffen.
12176492	Ho davvero bisogno di mangiare qualcosa.	12176495	Ich muss unbedingt etwas essen.
3165433	Magari fosse davvero così!	12211099	Wenn es nur wirklich so wäre!
3155335	Visiterò Roma quest'estate.	12214677	Ich werde Rom diesen Sommer besichtigen.
1589385	Dice una cosa e ne fa un altra.	12267691	Sie sagt das eine und macht das andere.
1589385	Dice una cosa e ne fa un altra.	12267698	Er sagt das eine und macht das andere.
2151638	La lasci lì.	12267755	Lassen Sie sie dort.
4465227	Guardi lì.	12268182	Schauen Sie dort!
2070593	Pensavo che avesse capito.	12275786	Ich dachte, Sie hätten das verstanden.
4782168	Stia a casa.	12276208	Bleiben Sie zu Hause.
4632587	Per favore scriva qui la sua data di nascita.	12276887	Bitte geben Sie hier Ihr Geburtsdatum ein.
1255703	Glielo lasci fare.	12285198	Überlassen Sie das ihm.
1255703	Glielo lasci fare.	12285201	Lassen Sie ihn das machen.
1255703	Glielo lasci fare.	12285221	Lassen Sie sie das machen.
1869364	Ha assolutamente ragione.	12289234	Er hat komplett recht.
1869364	Ha assolutamente ragione.	12289236	Sie hat absolut recht.
1869364	Ha assolutamente ragione.	12289238	Da haben sie absolut recht.
11722566	Dove sono i pesci?	12289461	Wo sind die Fische?
11039237	Mary disse che era a scuola.	12290197	Mary sagte, dass sie in der Schule war.
2252448	Ha veramente fatto sesso?	12290491	Hatte er wirklich Sex?
3159936	Vuole provare?	12303164	Wollen Sie mal versuchen?
5489088	Qualcos'altro? È tutto?	12308100	Etwas anderes? Das wär's?
418605	Ci sono molti libri, non trovi?	12308217	Es gibt viele Bücher, findest du nicht?
1574463	Porti la chiave.	12309402	Bringen Sie den Schlüssel.
1563086	Vale oro.	12309413	Sie sind Gold wert.
2992838	Riesci a vedere la foto?	12321834	Kannst du das Bild sehen?
8102866	È molto felice che la sua squadra abbia vinto.	12330889	Sie ist sehr froh, dass ihre Mannschaft gewonnen hat.
3252269	Sembra sorpresa.	12335608	Sie wirken überrascht.
3252269	Sembra sorpresa.	12335610	Sie wirkt überrascht.
3252269	Sembra sorpresa.	12335611	Er wirkt überrascht.
7530455	Mi ha detto che è annoiato.	12339924	Er hat mir gesagt, dass ihm langweilig ist.
6751170	"Di che nazionalità erano le sue sorelle?" "Lettone."	12341858	„Welche Nationalität hatten ihre Schwestern?“ – „Die lettische.“
6751170	"Di che nazionalità erano le sue sorelle?" "Lettone."	12341859	„Welche Nationalität hatten Ihre Schwestern?“ – „Die lettische.“
6751170	"Di che nazionalità erano le sue sorelle?" "Lettone."	12341860	„Welche Nationalität hatten seine Schwestern?“ – „Die lettische.“
12344552	Anche i dizionari commettono errori.	12344556	Sogar Wörterbücher machen Fehler.
4555197	Cosa potevo dire?	12359194	Was konnte ich sagen?
12363125	Sai come arrivare alla stazione ferroviaria?	12363168	Weißt du, wie man zum Bahnhof kommt?
1522547	Non vi farò scappare.	12374821	Ihr kommt mir nicht davon.
2285383	È il benvenuto qui.	12384101	Sie sind hier willkommen.
625003	Per piacere muoviti!	12384105	Mach bitte vorwärts!
1492543	Rimane sempre il mio sogno.	12390782	Es bleibt immer mein Traum.
2374586	Mi aiuti.	12393192	Helfen Sie mir.
12397184	Tom è uno di noi.	12397185	Tom ist einer von uns.
1523828	Puoi venire alle nove?	12398503	Kannst du um neun vorbeikommen?
12398821	La zuppa sta bollendo.	12398822	Die Suppe kocht.
10835934	L'acqua comincia a bollire.	12399250	Das Wasser beginnt zu kochen.
4488270	Tom sta chiedendo come sia possibile.	12399597	Tom fragt, wie das möglich ist.
7124169	Tom non era sulla scena del crimine.	12400560	Tom ist nicht am Tatort gewesen.
1543085	È la mia unica speranza.	12401861	Er ist meine einzige Hoffnung.
3104039	Lei è lo sceriffo?	12402844	Sind Sie der Sheriff?
3479058	Beh, la prenda.	12402848	Na gut, nehmen Sie sie.
3479058	Beh, la prenda.	12402849	Na gut, nehmen Sie's.
1529265	Lo lascio andare.	12404314	Ich lasse ihn gehen.
7815610	Ho molte amiche giapponesi.	12407516	Ich habe viele japanische Freundinnen.
2191832	Danzeranno.	12408612	Sie werden tanzen.
3507074	Ha imparato la sua lezione?	12411148	Haben Sie Ihre Lektion gelernt?
3507074	Ha imparato la sua lezione?	12411149	Hat er seine Lektion gelernt?
3507074	Ha imparato la sua lezione?	12411150	Hat sie ihre Lektion gelernt?
12411057	I mammiferi producono latte.	12411210	Säugetiere produzieren Milch.
8007626	Ha detto che lo avrebbe fatto domani.	12436340	Sie hat gesagt, daß sie das morgen tun würde.
3086069	È il mio eroe.	12440420	Sie sind mein Held.
2484021	Me li dia.	12440431	Geben Sie sie mir.
12441537	Ha una malattia ai reni.	12441543	Sie hat eine Nierenerkrankung.
3658662	Chi pensate di essere?	12444701	Für wen haltet ihr euch eigentlich?
3209749	State attenti.	12444705	Gebt Acht!
926749	Alla prossima stazione deve scendere.	12444709	Beim nächsten Bahnhof müssen Sie aussteigen.
11033619	È una banca?	12449614	Ist es eine Bank?
4475880	Vorrei farle visita.	12451899	Ich würde Sie gerne besuchen.
4475880	Vorrei farle visita.	12451900	Ich würde sie gerne besuchen.
1946401	È la mia principessa.	12451903	Sie ist meine Prinzessin.
3863277	Chiamate a casa!	12454237	Ruft zuhause an!
1225371	Direi che ci siamo tutti.	12455618	Ich würde sagen, wir sind alle hier.
1068332	Continui!	12455941	Machen Sie weiter!
3653712	Provi!	12457305	Versuchen Sie mal!
2716292	Mi dica quale scegliere.	12457310	Sagen Sie mir, welches ich wählen soll.
4251498	Non conosce i due in questione?	12459104	Kennt er die zwei nicht, von denen ich rede?
4251498	Non conosce i due in questione?	12459105	Kennt er die beiden nicht, von denen ich rede?
4568667	Lo tenga.	12462642	Behalten Sie's.
1530337	Sembra contenta.	12462649	Sie sieht zufrieden aus.
2018996	Dove andrai?	12465823	Wo wirst du hingehen?
2347808	Cosa vi tiene alzati la notte?	12465826	Was hält euch nachts wach?
2347808	Cosa vi tiene alzati la notte?	12465827	Was hält Sie nachts wach?
3829545	Non posso dirle tutto.	12465829	Ich kann ihr nicht alles erzählen.
2495804	Non giochi in strada.	12465866	Spielen Sie nicht auf der Straße.
2778714	Siate serie.	12470666	Bleibt mal auf dem Boden der Tatsachen!
3637637	Controlla il tuo ordine.	12470668	Überprüf deine Bestellung.
645611	Cosa sarete?	12470673	Was wollt ihr mal werden?
12471249	Scaccia le talpe dal suo giardino.	12471251	Sie vertreibt Maulwürfe aus ihrem Garten.
2038104	È ancora sposata?	12471416	Ist sie noch verheiratet?
2038104	È ancora sposata?	12471417	Sind Sie noch verheiratet?
10114405	La camicia è macchiata.	12474239	Das Hemd ist fleckig.
440127	Entrate!	12475205	Kommt rein!
1574462	Portate la chiave.	12481150	Bringt den Schlüssel mit.
1885781	Grazie per il tuo interesse.	12488391	Danke für dein Interesse.
2437887	Gli credete?	12488393	Glaubt ihr ihm?
3272081	Non deve suonare.	12489834	Sie darf nicht spielen.
3272081	Non deve suonare.	12489836	Sie dürfen nicht spielen.
3272081	Non deve suonare.	12489838	Er darf nicht spielen.
2582056	È sveglio?	12495592	Ist er wach?
3396251	Quando ha preso una moto?	12495598	Wann hat er sich denn ein Motorrad zugelegt?
3396251	Quando ha preso una moto?	12495600	Wann hat sie sich denn ein Motorrad zugelegt?
3340062	Ha usato questa tavola.	12497438	Sie haben diesen Tisch benutzt.
3340062	Ha usato questa tavola.	12497439	Er hat diesen Tisch benutzt.
2708252	Vivi in questo quartiere?	12497441	Lebst du in diesem Stadtviertel?
12498231	Ho il suo indirizzo.	12498233	Ich habe seine Adresse.
12498231	Ho il suo indirizzo.	12498234	Ich habe ihre Adresse.
388809	Aprite la bocca!	12499270	Öffnet den Mund!
8024433	Perché non stai indossando il tuo cappello?	12500483	Warum trägst du deinen Hut nicht?
4359970	Qual è la sua opinione?	12500767	Was ist Ihre Meinung?
3756034	È americana?	12500803	Ist sie Amerikanerin?
2074458	Posso parlarti in privato?	12500810	Kann ich dich unter vier Augen sprechen?
3514056	In quale scuola superiore è andata?	12503052	Welche Oberschule haben Sie besucht?
3514056	In quale scuola superiore è andata?	12503053	Welche Oberschule hat sie besucht?
3941858	Lavora lentamente.	12503085	Arbeite langsam.
2233849	È passata col rosso.	12503096	Sie hat eine rote Ampel überfahren.
2233849	È passata col rosso.	12503097	Sie haben eine rote Ampel überfahren.
1157731	Si sieda!	12503108	Hinsetzen!
9816041	Penso di essere una persona molto fortunata.	12504232	Ich denke, ich bin ein sehr glücklicher Mensch.
12506594	Mary dice che sarà qui domani.	12506601	Mary sagt, dass sie morgen hier sein wird.
838724	Dovreste andare a letto.	12507391	Ihr solltet schlafen gehen.
2732865	Mi mostri.	12507398	Zeigen Sie's mir!
2298620	Dorme?	12510963	Schlafen Sie?
381443	Vorrei farvi visita.	12510974	Ich würde euch gerne besuchen.
12517862	Mary sta tornando al suo albergo.	12517867	Mary kehrt in ihr Hotel zurück.
3294098	È un criminale?	12525298	Ist er ein Krimineller?
3294098	È un criminale?	12525300	Sind Sie ein Krimineller?
2773605	Mi piace come ragioni.	12525303	Ich mag, wie du argumentierst.
2773605	Mi piace come ragioni.	12525306	Mir gefällt, wie du argumentierst.
1237833	Starà ancora meglio.	12525309	Sie werden sogar noch besser sein.
1237833	Starà ancora meglio.	12525310	Er wird sogar noch besser sein.
1237833	Starà ancora meglio.	12525311	Es wird sogar noch besser sein.
4387257	Non siete poveri.	12527183	Ihr seid nicht arm.
3256846	Le fa male mentre respira?	12527185	Schmerzt es beim Atmen?
3256846	Le fa male mentre respira?	12527188	Schmerzt es Sie beim Atmen?
1297625	Parli chiaramente.	12527206	Sprechen Sie deutlich!
1297625	Parli chiaramente.	12527207	Du sprichst deutlich.
4237974	Lo faccia!	12537022	Machen Sie's!
1207389	Ci pensi.	12537025	Überlegen Sie es sich.
2733903	Non lo prenda seriamente.	12540773	Nehmen Sie es nicht so ernst!
1344064	Mi creda.	12540774	Glauben Sie mir.
2374587	Aiutatemi.	12545915	Helft mir.
12467030	Non posso permettermi di perdere il lavoro.	12569653	Ich kann es mir nicht leisten, die Arbeit zu verlieren.
12467030	Non posso permettermi di perdere il lavoro.	12569654	Ich kann es mir nicht erlauben, die Arbeit zu verlieren.
11776958	Ho ricaricato il mio telefono.	12586026	Ich habe mein Telefon aufgeladen.
5730222	Le tribù zulu dell'Africa del Sud hanno una prorpia lingua.	12586651	Der Stamm der Zulu in Südafrika hat eine eigene Sprache.
3633590	Ha una carta di credito?	12590051	Hat er eine Kreditkarte?
3633590	Ha una carta di credito?	12590052	Hat sie eine Kreditkarte?
4817638	Non ho niente da darle.	12590054	Ich habe nichts, was ich Ihnen geben könnte.
4817638	Non ho niente da darle.	12590055	Ich habe nichts, was ich ihr geben könnte.
4403685	Vi sta usando.	12592351	Er nutzt euch aus.
4403685	Vi sta usando.	12592352	Sie nutzt euch aus.
8088073	Sapeva che avrebbe vinto?	12593134	Wußte er, daß er gewinnen würde?
8088073	Sapeva che avrebbe vinto?	12593135	Wußte sie, daß sie gewinnen würde?
12594067	Tutto era nuovo.	12594068	Alles war neu.
3636781	È il proprietario di questa casa?	12594890	Ist er der Eigentümer dieses Hauses?
3636781	È il proprietario di questa casa?	12594891	Gehört dieses Haus Ihnen?
1405101	Ha ottenuto una risposta?	12594895	Haben Sie eine Antwort bekommen?
1084055	Avanti, saremo in ritardo se non si muove.	12594901	Beeilen Sie sich! Sonst kommen wir zu spät.
2737927	Perché non risponde?	12596961	Warum antwortet sie nicht?
2737927	Perché non risponde?	12596962	Warum antwortet er nicht?
2510512	Non la lascerò mai.	12597191	Ich werde sie nie verlassen.
1830314	Non farà errori.	12599776	Sie wird sich doch nicht irren.
1830314	Non farà errori.	12599777	Er wird sich doch nicht irren.
1830314	Non farà errori.	12599778	Sie werden sich doch nicht irren.
2036455	Vi ho trovati.	12599791	Ich habe euch gefunden.
4507216	Lo farete?	12599793	Werdet ihr das tun?
3898173	Era la tua idea?	12599804	War das deine Idee?
1074542	Potreste aver ragione.	12601298	Ihr könntet recht haben.
719308	Parla spagnolo?	12601299	Spricht sie spanisch?
719308	Parla spagnolo?	12601300	Spricht er spanisch?
2587818	Perde tempo.	12601305	Er verschwendet Zeit.
2587818	Perde tempo.	12601306	Sie verschwendet Zeit.
4623468	Per favore, gli versi un bicchiere di birra.	12606233	Bitte gießen Sie ihm ein Glas Bier ein.
2028114	Mi sta seguendo?	12607486	Folgt sie mir?
2028114	Mi sta seguendo?	12607487	Folgt er mir?
2685999	Lei ha delle amiche?	12609366	Hat sie Freundinnen?
2685999	Lei ha delle amiche?	12609369	Haben Sie Freundinnen?
4201097	Vi piacerà.	12609370	Ihr werdet es mögen.
4201097	Vi piacerà.	12609371	Ihr werdet sie mögen.
1316547	Siete così dolci!	12614152	Ihr seid so süß!
10046057	Crede di poter vincere.	12614178	Er glaubt, dass er gewinnen kann.
10046057	Crede di poter vincere.	12614179	Er glaubt, dass er siegen kann.
645608	Cosa vi ha svegliato?	12616434	Was hat euch geweckt?
7525121	Dove ha trovato il suo gatto?	12618486	Wo hat sie ihre Katze gefunden?
12620702	Lui le piace e lei gli piace.	12621335	Er gefällt ihr und sie gefällt ihm.
12621342	Lei gli piace e lui le piace.	12621346	Sie gefällt ihm und er gefällt ihr.
2797619	Si merita il premio.	12636589	Sie verdient den Preis.
2797619	Si merita il premio.	12636590	Sie verdienen den Preis.
960748	Mi racconti una storia vera.	12639065	Du erzählst mir eine wahre Geschichte.
1671399	Lei quando scrive?	12639159	Wann schreiben Sie?
4605337	Fa male! Smettetela!	12639163	Das tut weh! Hört auf damit!
1996790	Usi questa.	12639170	Nehmen Sie die hier!
3359566	Siete molto aperti.	12639175	Ihr seid sehr aufgeschlossen.
1814470	Siate pazienti.	12645191	Habt Geduld.
3624655	Mi porterà lì?	12645210	Bringen Sie mich dahin?
3624655	Mi porterà lì?	12645211	Bringt sie mich dahin?
3624655	Mi porterà lì?	12645212	Bringt er mich dahin?
2215928	Non mi tratti come un bambino.	12645216	Behandeln Sie mich nicht wie ein Kind.
2440063	La apprezzo.	12649994	Ich schätze sie.
2440063	La apprezzo.	12649995	Ich schätze Sie.
2440063	La apprezzo.	12649998	Das schätze ich.
3378308	A cosa è interessato?	12650075	Wofür interessierst er sich?
3552427	È un tale porco.	12650284	Er ist so ein Schwein!
3552427	È un tale porco.	12650285	Sie ist so ein Schwein!
3552427	È un tale porco.	12650288	Sie sind so ein Schwein!
3567013	Mi amava?	12654062	Liebte sie mich?
3567013	Mi amava?	12654063	Liebte er mich?
3010779	Non chieda soldi.	12654067	Bitten Sie nicht um Geld.
12656612	È nubile.	12656615	Sie ist ledig.
412809	Non vorremmo andare, ma dobbiamo.	12657984	Wir möchten nicht gehen, aber wir müssen.
3961099	Non ritornare.	12657987	Komm nicht zurück.
1725385	È disgustoso!	12657993	Das ist ekelhaft!
1725385	È disgustoso!	12657995	Er ist ekelhaft!
1725385	È disgustoso!	12657996	Sie sind ekelhaft!
4588331	Non troverà il mio punto debole.	12657999	Sie werden meinen Schwachpunkt nicht finden.
4588331	Non troverà il mio punto debole.	12658000	Sie wird meinen Schwachpunkt nicht finden.
4588331	Non troverà il mio punto debole.	12658001	Er wird meinen Schwachpunkt nicht finden.
1244730	Mi perdoni!	12658007	Vergeben Sie mir!
2415084	Sia sincero con me!	12661318	Seien Sie ehrlich mit mir!
3474974	Domani te la mando.	12668457	Ich schick sie dir morgen.
3050226	Meriti un premio.	12668462	Du verdienst einen Preis.
1924675	Avete una penna?	12668464	Haben Sie was zum Schreiben?
1271654	Siete fortunati.	12668468	Da habt ihr Glück gehabt.
3802961	È in biblioteca?	12668471	Ist sie in der Bibliothek?
3802961	È in biblioteca?	12668472	Ist er in der Bibliothek?
3802961	È in biblioteca?	12668473	Sind Sie in der Bibliothek?
736782	Non vi piace il baseball?	12668475	Mögt ihr Baseball nicht?
1081656	Vedrà.	12668503	Er wird sehen.
1081656	Vedrà.	12668505	Sie wird sehen.
1115446	Andatevene.	12671600	Haut ab!
1115446	Andatevene.	12671602	Verschwindet!
1728610	Dovrete lavorare molto.	12671611	Ihr werdet viel arbeiten müssen.
3138864	Si controlli!	12671612	Beherrschen Sie sich!
3075501	Hai una rivista giapponese?	12676620	Hast du eine japanische Zeitschrift?
12686836	I pomodori maturi sono rossi.	12686866	Reife Tomaten sind rot.
3236335	È orgoglioso di suo padre?	12687144	Sind Sie stolz auf Ihren Vater?
3236335	È orgoglioso di suo padre?	12687145	Ist sie stolz auf ihren Vater?
3236335	È orgoglioso di suo padre?	12687146	Ist er stolz auf seinen Vater?
2839842	Perché si è fermata?	12687151	Warum hat sie aufgehört?
2586516	Vuoi un po' di zuppa?	12687152	Willst du etwas Suppe?
4237977	Fatelo!	12687154	Macht es!
3636865	Saluti i suoi amici.	12689506	Grüßen Sie Ihre Freunde.
2795388	Non mi serviva il tuo aiuto.	12689514	Ich brauchte deine Hilfe nicht.
3509340	Hey, aspettami.	12692669	He, wart auf mich.
2068349	Penso che siate troppo difficili.	12694848	Ich glaube, ihr seid zu wählerisch.
2950784	Ditemi dove andate!	12697347	Sagt mir, wohin ihr geht!
12177234	Il contratto di lavoro era corredato da un elenco completo dei benefici e degli obblighi per entrambe le parti.	12699465	Dem Arbeitsvertrag lag eine vollständige Auflistung der Leistungen und Pflichten beider Parteien bei.
653761	Fermatevi!	12700968	Hört jetzt auf!
653761	Fermatevi!	12700969	Schluss damit!
1687526	Non lo tocchi!	12700970	Fassen Sie das nicht an!
4819586	Si tiri indietro.	12700973	Gehen Sie zurück.
4126699	Provi a non preoccuparsi.	12703545	Versuchen Sie, sich keine Sorgen zu machen!
1255258	Seguitemi.	12706955	Folgt mir.
10208467	Lavorò come dottore per quarant'anni.	12707259	Er arbeitete vierzig Jahre als Arzt.
2028221	Le puzza il fiato.	12712513	Sie haben Mundgeruch.
2028221	Le puzza il fiato.	12712514	Sie hat Mundgeruch.
4571409	Me lo mandi!	12722277	Schicken Sie's mir!
3353888	Avreste potuto farlo?	12722279	Hättet ihr es gekonnt?
1257126	È cambiata.	12722280	Sie hat sich verändert.
1257126	È cambiata.	12722281	Sie haben sich verändert.
4580795	Me la spieghi.	12724221	Erklären Sie's mir.
4829236	Siete così strani.	12724252	Ihr seid so merkwürdig.
4489693	La ucciderò.	12724260	Ich werde sie umbringen.
12726442	La pelliccia protegge gli animali dal freddo.	12726448	Das Fell schützt die Tiere vor Kälte.
1996807	Lasciatelo.	12728960	Lasst es gut sein.
1996807	Lasciatelo.	12728962	Lasst ihn sein.
3483061	Devi fermarti.	12728974	Du musst anhalten.
3247608	Come può esserne così sicuro?	12731527	Wie können Sie sich so sicher sein?
3247608	Come può esserne così sicuro?	12731528	Wie kann er sich so sicher sein?
3380242	Hai provato a gridare?	12731530	Hast du versucht zu schreien?
3787654	Non suoni in questa stanza.	12733969	Spielen Sie nicht in diesem Zimmer.
3047517	Dovrebbe pagare i suoi debiti.	12743991	Sie sollten Ihre Schulden bezahlen.
3047517	Dovrebbe pagare i suoi debiti.	12743993	Sie sollte ihre Schulden bezahlen.
3047517	Dovrebbe pagare i suoi debiti.	12743994	Er sollte seine Schulden bezahlen.
4292093	Non sia nervosa.	12744023	Seien Sie nicht nervös!
3857628	Io non le scrivo.	12744027	Ich schreibe ihr nicht.
12744793	La capitale della Corea del Nord è Pyongyang.	12744852	Die Hauptstadt Nordkoreas ist Pjöngjang.
1996796	Mi sposi.	12747717	Heiraten Sie mich.
3290895	Faccia attenzione a non mettersi nei guai.	12749898	Passen Sie auf, dass Sie keine Schwierigkeiten bekommen.
1260036	Le piace la frutta.	12755222	Sie mag Obst.
4312820	Dove ha passato le vacanze?	12755224	Wo haben Sie Ihre Ferien verbracht?
5349615	Tom è in grado di guidare un camion?	12756550	Kann Tom einen LKW fahren?
1511753	Essi avranno il denaro, voi non avrete le terre.	12757368	Sie werden Geld haben, ihr werdet nicht das Land haben.
672788	Correte.	12757383	Ihr lauft.
3209877	Rispondete!	12759394	Antwortet!
4405965	Ha ancora molto da imparare sulle relazioni.	12759412	Er muss noch viel über Beziehungen lernen.
4405965	Ha ancora molto da imparare sulle relazioni.	12759413	Sie muss noch viel über Beziehungen lernen.
4405965	Ha ancora molto da imparare sulle relazioni.	12759414	Sie müssen noch viel über Beziehungen lernen.
5676710	Dov'è il bancomat più vicino?	12759942	Wo ist der nächste Bankomat?
12761873	In questa frase manca una virgola.	12761945	In diesem Satz fehlt ein Beistrich.
3515976	Non vi fermate qua.	12763136	Haltet nicht hier!
3211533	So che ha un tema da scrivere.	12766376	Ich weiß, dass sie noch einen Aufsatz schreiben muss.
3211533	So che ha un tema da scrivere.	12766378	Ich weiß, dass er noch einen Aufsatz schreiben muss.
2582049	Fatevi da parte.	12771392	Geht zur Seite!
2186575	Non siete normali.	12771393	Ihr seid nicht normal.
3479053	Beh, prendetelo.	12779292	Gut, nehmt es.
2996663	Pensavo ci foste dentro.	12779293	Ich dachte, ihr würdet darauf abfahren.
3468352	Ricordiamoli per com'erano.	12780649	Erinnern wir uns so an sie, wie sie waren.
11442500	Sembra semplice.	12785270	Es scheint einfach.
5276860	Il problema è oltre la mia comprensione.	12791826	Das Problem liegt außerhalb meines Verständnisses.
1860904	Lo amavo sinceramente.	12798667	Ich liebte ihn aufrichtig.
2565043	Cambi il soggetto.	12798672	Wechseln Sie das Thema.
3222543	Le svegli.	12798675	Wecken Sie sie auf.
3411280	Può fermarlo?	12799930	Können Sie es sein lassen?
3411280	Può fermarlo?	12799931	Können Sie damit aufhören?
3411280	Può fermarlo?	12799933	Können Sie ihn stoppen?
2224603	È sordo?	12799934	Ist er taub?
1739638	Io le posso insegnare qualcosa.	12799936	Ich kann Ihnen etwas beibringen.
1739638	Io le posso insegnare qualcosa.	12799937	Ich kann ihr etwas beibringen.
1996784	Usate questa.	12806969	Nehmt die hier.
4362350	Deve essersi sbagliato.	12806984	Er muss sich irren.
1329318	Il nostro problema è che non abbiamo fondi.	12816010	Nur haben wir leider kein Geld.
11628577	Ha mentito sulla sua età.	12822701	Sie hat über ihr Alter gelogen.
9267330	Non credo che tu mi capisca.	12825277	Ich glaube nicht, dass du mich verstehst.
4463644	Comunque chi è?	12830342	Wer ist er überhaupt?
4463644	Comunque chi è?	12830343	Wer ist sie überhaupt?
3209874	Risponda!	12834187	Antworten Sie!
2932785	Mettetevi le scarpe.	12834307	Zieht eure Schuhe an.
622150	A che ora chiudete?	12839663	Um wie viel Uhr schliesst ihr?
12841572	Grazie, ecco il suo conto.	12841573	Danke, hier ist Ihre Rechnung.
1226152	Mi spaventa.	12841911	Er macht mir Angst.
1226152	Mi spaventa.	12841914	Sie macht mir Angst.
1226152	Mi spaventa.	12841915	Sie machen mir Angst.
2999993	Io amo i partiti.	12841916	Ich liebe Parteien.
3607580	Per quanto resterà?	12841918	Wie lange wird er bleiben?
3607580	Per quanto resterà?	12841919	Wie lange wird sie bleiben?
1237924	Mi è mancata!	12844983	Sie hat mir gefehlt.
1237924	Mi è mancata!	12844985	Sie haben mir gefehlt!
1550220	Alzi la voce.	12844988	Sprechen Sie lauter.
1972963	Ascoltatemi.	12844992	Hört mir zu.
3637724	Ho qualcosa da darvi.	12854734	Ich möchte euch etwas geben.
2686233	Riesce a catturare il pollo?	12854737	Können Sie das Huhn fangen?
4746802	Perché non rallenta un poco?	12856527	Warum lässt er es nicht etwas langsamer angehen?
4746802	Perché non rallenta un poco?	12856528	Warum lässt sie es nicht etwas langsamer angehen?
1003977	Vi amo tantissimo.	12858919	Ich liebe euch so sehr.
3852590	È brava in matematica?	12858930	Ist sie gut in Mathematik?
3852590	È brava in matematica?	12858931	Sind Sie gut in Mathematik?
7726925	Pensa di essere infallibile.	12860717	Sie glaubt, unfehlbar zu sein.
868142	Vorresti un po' di insalata?	12862659	Hättest du gern Salat?
868142	Vorresti un po' di insalata?	12862661	Magst du etwas Salat?
2674207	Portala fuori da qui.	12867778	Bring sie hier raus.
4473805	Non ha detto la parola magica.	12867780	Sie haben das Zauberwort nicht gesagt.
5540912	Parla più piano che puoi. I bambini dormono.	12868830	Sprich so leise, wie du kannst! Die Kinder schlafen.
3638541	Non sembra convinta.	12869271	Sie scheint nicht überzeugt zu sein.
3638541	Non sembra convinta.	12869272	Sie scheinen nicht überzeugt zu sein.
3594515	Finisca di bere il suo latte.	12870422	Trinken Sie Ihre Milch.
2037843	Cosa indossa?	12882800	Was hat sie an?
2037843	Cosa indossa?	12882801	Was hat er an?
3482978	Deve mantenere le promesse che fa.	12885768	Er muss halten, was er verspricht.
3482978	Deve mantenere le promesse che fa.	12885769	Sie muss halten, was sie verspricht.
3588868	Immagino che tu non riesca a farlo.	12885774	Ich nehme an, dass du es nicht schaffst.
1073723	Non sapevo che sareste venuti.	12896501	Ich wusste nicht, dass ihr kommen würdet.
4522328	Scende?	12896507	Steigt sie aus?
4522328	Scende?	12896508	Steigt er aus?
3653713	Provate!	12896512	Versucht's mal!
3418683	I suoi pantaloni sono sporchi.	12897777	Ihre Hose ist dreckig.
3418683	I suoi pantaloni sono sporchi.	12897778	Seine Hose ist dreckig.
4258424	Preparatevi a morire.	12901190	Macht euch bereit zu sterben!
1199395	È così misterioso.	12905344	Er ist so geheimnisvoll.
12909874	Sami ha riordinato il suo armadio.	12909875	Sami räumte seinen Schrank auf.
1281045	Accendi la TV.	12914005	Mach den Fernseher an.
3379195	Penso di avervi capite.	12914024	Ich denke, ich habe euch verstanden.
4566213	Siate gentili.	12919001	Seid nett!
1996817	Non muoia.	12919031	Sterben Sie nicht!
1032563	Mi sono liberato di tutti i libri.	12930440	Ich habe mich von allen Büchern entledigt.
1645158	Che sta facendo?	12937772	Was macht er gerade?
2516180	Non vi fidate dei vostri istinti?	12937783	Vertraut ihr euern Instinkten nicht?
1307811	È single?	12957622	Sind Sie Junggeselle?
1538321	Non sia timido.	12972879	Seien Sie nicht so schüchtern.
2960265	È una disgrazia per questa famiglia!	12972880	Sie ist eine Schande für diese Familie!
2960265	È una disgrazia per questa famiglia!	12972881	Er ist eine Schande für diese Familie!
2555832	Non compri quella.	12974508	Kaufen Sie das nicht!
2555832	Non compri quella.	12974509	Kaufen Sie nicht die!
4864663	Grazie per i suoi sforzi.	12974512	Danke für Ihre Bemühungen.
3346432	Penso che voi siate interessanti.	12989787	Ich finde euch interessant.
4560355	Guidi lentamente.	13004630	Fahren Sie langsam.
3840859	Ha guidato.	13008127	Er ist gefahren.
3840859	Ha guidato.	13008128	Sie ist gefahren.
3102347	Sono sicuro che penserà a qualcosa.	13008129	Ich bin mir sicher, dass Ihnen etwas einfällt.
1506541	Come siete pesanti!	13008133	Wie schwer ihr seid!
3353932	Ci spiace, ma la persona che stai cercando di contattare non è disponibile.	13008140	Es tut uns leid, aber die Person, die du erreichen willst, ist nicht verfügbar.
3899491	Non vi dimenticate di me.	13011037	Vergesst mich nicht.
1669732	Dove siete nati?	13013056	Wo wurdet ihr geboren?
3050358	Vi suggerisco di non farlo.	13013058	Ich rate euch, das nicht zu tun.
3607004	Siete finite nei guai?	13015235	Seid ihr in Schwierigkeiten geraten?
6955904	Dove ha trovato questo anello?	13022392	Wo hat sie diesen Ring gefunden?
6955904	Dove ha trovato questo anello?	13022393	Wo haben Sie diesen Ring gefunden?
13023298	Vuole essere più papista del Papa.	13023299	Er will päpstlicher sein als der Papst.
4356754	Salti!	13070857	Springen Sie!
774251	Ho parlato personalmente con il capo.	13075683	Ich sprach selbst mit dem Chef.
774251	Ho parlato personalmente con il capo.	13075684	Ich sprach persönlich mit dem Chef.
4654649	Non è spaventata?	13079097	Hat sie keine Angst?
4654649	Non è spaventata?	13079098	Haben Sie keine Angst?
2895825	Può tenere il libro.	13099969	Sie dürfen das Buch behalten.
714596	Vorrei cenare con voi.	13113099	Ich möchte mit euch zu Abend essen.
2413822	Calmatevi!	13115310	Beruhigt euch!
2929108	Siete orribili.	13124115	Ihr seid grässlich.
1244728	Perdonatemi!	13124117	Vergebt mir!
3279893	Portatemi il giornale.	13125667	Bringt mir die Zeitung.
1550285	Vi ho sentiti.	13125680	Ich habe euch gehört.
3164743	Vorrei ringraziarti per la tua collaborazione.	13128423	Ich möchte dir für die Mitarbeit danken.
2755927	Sembrate stupidi.	13128427	Ihr seht dumm aus.
1257124	Siete cambiate.	13128429	Ihr habt euch verändert.
662868	Era completamente incazzato.	13139455	Er war richtig wütend.
2997959	Quanto pesa sua figlia?	13147139	Wie viel wiegt Ihre Tochter?
3595274	Spero di rivederla.	13151241	Ich hoffe, Sie wieder zu sehen.
3595274	Spero di rivederla.	13151242	Ich hoffe, sie wieder zu sehen.
4484591	Sono americane?	13154917	Sind sie Amerikanerinnen?
1916318	È omicidio volontario.	13156094	Das ist vorsätzliche Tötung.
3040192	Quali scarpe si metterà?	13160811	Welche Schuhe ziehen Sie an?
3375374	Non chiedete.	13160818	Fragt nicht.
7536484	Loro parlano sempre di se stesse.	13163302	Sie reden immer über sich selbst.
13109960	Possono vedere una casa.	13186990	Sie können ein Haus sehen.
11760333	Quando ha comprato queste uova?	13189112	Wann haben Sie diese Eier gekauft?
11760334	Quando avete comprato queste uova?	13189117	Wann habt ihr diese Eier gekauft?
5348534	Guardarono tutti.	13191029	Sie schauten alle hin.
5778369	Acquistò un appartamento.	13197753	Sie hat eine Wohnung gekauft.
13105608	Il dottore si è arrabbiato.	13197770	Der Arzt wurde wütend.
13105608	Il dottore si è arrabbiato.	13197772	Der Arzt ist wütend geworden.
5119308	Marie ha affamato i cani.	13198476	Marie hat die Hunde verhungern lassen.
5119311	Tom non ha affamato i cani.	13198498	Tom hat die Hunde nicht verhungern lassen.
11017438	Non capisco questo problema di matematica.	13198561	Ich verstehe diese Matheaufgabe nicht.
350346	Lascerai un messaggio?	13206820	Soll ich etwas von dir ausrichten?
5616416	Tom ha un piano?	13224027	Hat Tom einen Plan?
5470304	Sarai a casa per Natale?	13227875	Wirst du zu Weihnachten zu Hause sein?
5470308	Sarete a casa per Natale?	13227876	Werdet ihr zu Weihnachten zu Hause sein?
5470307	Lei sarà a casa per Natale?	13227877	Werden Sie zu Weihnachten zu Hause sein?
4252544	È tutto normale?	13240679	Ist alles normal?
955019	È eccitato?	13242633	Ist er aufgeregt?
8005413	Potrebbe essere nel suo ufficio.	13270509	Sie könnte in seinem Büro sein.
8005413	Potrebbe essere nel suo ufficio.	13270510	Sie könnte bei sich im Büro sein.
8645130	Tom di solito aggiunge del latte al suo caffè.	13272171	Tom gibt normalerweise Milch in seinen Kaffee.
8087333	È già nel suo ufficio.	13281229	Er ist schon im Büro.
3594126	Siete lì?	13282437	Seid ihr da?
13282743	In quanti eravamo?	13282749	Wie viele von uns waren dort?
13282819	Intanto il primo errore fu di far venire Tom che per via dell'ulcera allo stomaco prende fuoco per ogni nonnulla.	13282821	Der erste Fehler bestand unterdessen darin, Tom einzuladen, der wegen seines Magengeschwürs bei jeder Kleinigkeit in Flammen aufgeht.
700445	Dovreste conoscerlo.	13292112	Das solltet ihr kennen.
6671054	A me non piace molto lo sport.	13310787	Ich mag Sport nicht besonders.
7046533	A Tom piace il colore arancione.	13310820	Tom mag orange.
9121117	Queste differenze non hanno importanza.	13318669	Diese Unterschiede sind nicht wichtig.
3348248	Facebook e Twitter non sono la stessa cosa, perché Twitter è un microblog.	13318670	Facebook und Twitter sind nicht die selbe Sache, da Twitter ein Mikroblog ist.
4839423	Ha perso credibilità.	13320357	Er hat seine Glaubwürdigkeit verloren.
4839423	Ha perso credibilità.	13320359	Sie hat ihre Glaubwürdigkeit verloren.
4724753	Io ho partecipato al seminario.	13323128	Ich habe am Seminar teilgenommen.
13325880	Chi ha spedito questa lettera?	13325903	Wer hat diesen Brief geschickt?
13325949	La lettera non è firmata.	13325965	Der Brief ist nicht unterschrieben.
13335955	I vigili del fuoco sono arrivati rapidamente e hanno salvato la famiglia dalla casa in fiamme.	13335956	Die Feuerwehr traf schnell ein und rettete die Familie aus dem brennenden Haus.
13335983	Anche i vigili del fuoco hanno partecipato alle operazioni di salvataggio durante l’alluvione.	13335984	Auch die Feuerwehr hat sich an den Rettungsaktionen während der Überschwemmung beteiligt.
3222522	Che hai fatto con quel denaro?	13347513	Was hast du mit dem Geld gemacht?
11778076	Non bevo vodka!	13347881	Ich trinke keinen Wodka!
8267101	Pensa che morirà presto.	13354435	Sie glaubt, daß sie bald sterben wird.
13362647	Il cambiamento climatico è un problema serio.	13362657	Der Klimawandel ist ein ernstes Problem.
5587561	Entrambi eravamo brilli.	13378483	Wir waren beide beschwipst.
4721770	Un lato positivo c'è.	13384560	Es gibt eine positive Seite.
3751507	Io vivo in una città vicino a Boston.	13388378	Ich wohne in einer Stadt in der Nähe von Boston.
1640256	Io sono un fan del presidente dell'Uruguay.	13388638	Ich bin ein Fan vom Präsidenten von Uruguay.
1475816	Io sono nelle vostre mani.	13388740	Ich bin in euren Händen.
6697894	Tom è estroverso, ma Mary non lo è.	13388857	Tom ist extrovertiert, aber Mary nicht.
11012013	La luna non è tanto luminosa quanto il sole.	13388874	Der Mond ist nicht so hell wie die Sonne.
7047456	Tom è un pianista dotato.	13396358	Tom ist ein begabter Pianist.
12567335	Voglio mangiare una banana.	13396607	Ich will eine Banane essen.
10458041	Molti contadini morirono durante la siccità.	13400834	Viele Bauern starben während der Dürre.
6442561	Tom voleva mangiare pizza.	13402094	Tom wollte Pizza essen.
4492766	Tom è molto popolare, vero?	13404887	Tom ist sehr beliebt, stimmt's?
6536707	Tom ha criticato Mary.	13404894	Tom hat Mary kritisiert.
7906442	Cosa mangia il pellicano?	13405009	Was frisst der Pelikan?
