363782	Wynocha z mego życia!	379329	Геть з мого життя!
383637	Nie pamiętam twojego imienia.	383641	Не пам'ятаю твого імені.
403746	A może filiżankę gorącej kawy?	406377	А може філіжанку гарячої кави?
356048	Dała mu zegarek.	409475	Вона дала йому годинник.
409940	On ma wielką rodzinę.	409941	У нього велика родина.
409958	Uważaj, samochód!	409965	Обережно, машина!
364709	Ciekawe, czemu go nie było.	411356	Цікаво, чому його не було.
356414	Co gotujesz?	411357	Що готуєш?
357902	Szklanka jest pełna mleka.	423507	Склянка повна молока.
480737	To był najlepszy dzień mojego życia.	480742	Це був найкращий день мого життя.
354010	Ludzie posiadają poglądy; przekonania zaś posiadają ludzi.	489928	Люди мають погляди; а переконання мають людей.
348659	Proszę pana, zostawił pan zapalniczkę na stole!	489974	Добродію, ви залишили на столі запальничку.
416763	Bez wysiłku nie ma widoków na sukces.	490132	Не доклавши зусиль, годі й сподіватися на успіх.
348632	On ją kocha.	490217	Він її кохає.
440441	On nigdy nie łamie danego słowa.	490244	Він ніколи не порушує своїх обіцянок.
440430	Nie będzie mu trudno wprowadzić ten plan w życie.	490265	Йому не буде складно втілити цей план у життя.
356448	Im ma więcej wolnego czasu, tym jest szczęśliwszy.	490279	Чим більше в нього вільного часу, тим він щасливіший.
355977	Umrzemy, prędzej czy później.	490290	Ми помремо, рано чи пізно.
368955	Skąd się wziął ten patafian?	490312	Звідки взявся цей йолоп?
361195	Czy to jest człowiek, którego żona zginęła w wypadku?	490321	Чи це той чоловік, дружина якого загинула в аварії?
357971	Znał francuski.	490375	Він знав французьку.
356483	Nazywam się Hashimoto.	490421	Моє прізвище Хашімото.
358714	Pływanie to dla mnie rozrywka.	490644	Для мене плавання - це розвага.
358715	Gdybym tylko wyszedł z domu 5 minut wcześniej...	490647	Якби ж я вийшов з дому на 5 хвилин раніше...
358718	Przypuśćmy, że on tu jest.	490650	Припустімо, що він тут.
358719	Znaleźli w śniegu ślady niedźwiedzia.	490652	Вони знайшли ведмежі сліди на снігу.
367620	Stewardessa podchodzi do chłopaków.	490657	Стюардеса підходить до хлопців.
364589	Poparzył sobie język gorącą herbatą.	490659	Він обпік собі язика гарячим чаєм.
357357	Do kogo należy ten parasol?	490664	Чия це парасолька?
350027	Musimy go natychmiast zabrać do szpitala! Jest ciężko ranny!	490666	Його треба негайно відвезти в лікарню! Він серйозно поранений!
362951	Przetłumaczysz mi to sprawozdanie na włoski?	490669	Ти перекладеш мені цей звіт італійською?
352239	Jak możecie zinterpretować ten fragment wiersza?	491209	Як ви можете витлумачити цей фрагмент вірша?
352242	On zadziera nosa.	491210	Він задирає носа.
352245	Miałem skończyć tę robotę wczoraj, ale nie dałem rady.	491212	Я мав закінчити цю роботу вчора, але так і не зміг.
416283	Warto posłuchać jego historii.	491245	Варто послухати його історії.
357741	Odpoczywaliśmy tam tydzień.	491428	Ми відпочивали там тиждень.
355536	Bardzo dziękuję za pańską uprzejmość.	492199	Дуже вам дякую за вашу доброту.
357716	W poniedziałek jestem najbardziej zajęty.	492458	У понеділок я зайнятий найбільше.
366605	Zrobiła dobre wrażenie na dyrektorze banku.	492490	Вона справила добре враження на директора банку.
366607	Przepraszam, czy to miejsce jest zajęte?	492493	Перепрошую, це місце зайняте?
366608	Gdybym miał pieniądze, pojechałbym w podróż dookoła świata.	492497	Якби я мав гроші, то поїхав би в навколосвітню подорож.
366610	Moje oceny poprawiły się w drugim semestrze.	492502	В другому семестрі мої оцінки покращилися.
359115	Ta rzeka ma 500 mil długości.	492511	Ця ріка 500 миль завдовжки.
364518	Kierowcy autobusów dziś strajkują.	492560	Сьогодні страйкують водії автобусів.
367018	Proszę spojrzeć na ten rysunek.	492598	Будь ласка, погляньте на цей малюнок.
356345	Kyoto nie jest tak duże, jak Osaka.	492618	Кіото - не таке велике місто, як Осака.
365511	Podwiozę cię na dworzec.	492700	Я тебе підвезу до вокзалу.
492692	Dziecko płakało całą noc.	492706	Дитина плакала всю ніч.
360110	Kot śpi na krześle.	492710	Кіт спить на стільці.
350078	To nie takie proste, z wyjątkiem tego tu.	492731	Це не так просто, за винятком оцього.
369441	Nieznany mężczyzna chodził chodnikiem tam i z powrotem.	493325	Невідомий чоловік ходив туди-сюди по тротуару.
362960	Z twojego milczenia wnioskuję, że nie jesteś zadowolony z mojej odpowiedzi.	493327	З твоєї мовчанки я роблю висновок, що ти не задоволений моєю відповіддю.
360137	Nie mogli znaleźć miejsca.	493329	Вони не могли знайти це місце.
361829	Niepokoję się o twoje zdrowie.	493332	Я занепокоєний твоїм здоров'ям.
355890	Ta książka należy do szkolnej biblioteki.	493336	Ця книжка належить шкільній бібліотеці.
369106	Wydałem 3 tys. jenów na nową płytę.	493338	Я витратив 3 тис. йен на новий компакт-диск.
404469	Postąpił za moją radą.	493342	Він вчинив за моєю порадою.
352410	Jeśli nie ma pan tego programu, można go teraz ściągnąć.	493346	Якщо в вас немає цієї програми, то її можна зараз стягнути.
366942	Musiał opuścić wioskę.	493347	Він мусив поїхати з села.
401164	Wysyłam ją do Kalifornii.	493350	Я відсилаю її до Каліфорнії.
364761	W pewnym sensie jest artystą.	493352	У певному сенсі він артист.
350725	Na dworzec jest 10 minut piechotą.	493354	До вокзалу 10 хвилин пішки.
442958	Szedł wolno, by dziecko mogło za nim nadążyć.	493357	Він ішов повільно, щоб дитина встигала за ним.
351934	Wiedzę zyskujemy tylko poprzez naukę.	493361	Знання можна отримати лише через навчання.
358854	Bardzo mi było przykro po usłyszeniu tej wiadomośći.	493366	Мені було дуже прикро почути цю новину.
457330	Może być dumny ze swojego ojca.	493367	Він може пишатися своїм батьком.
457330	Może być dumny ze swojego ojca.	493370	Він може бути гордий за свого батька.
363659	Pojechaliśmy do Hakaty odwiedzić babcię.	493375	Ми поїхали до Хакати навідати бабцю.
348683	Doprawdy? A myślałem, że wyjdzie za mąż jako ostatnia.	493380	Справді? А я думав, вона вийде заміж останньою.
365756	Słowa podróżują przez przestrzeń.	493381	Слова подорожують всесвітом.
361893	Eksport broni został zakazany.	493385	Експорт зброї було заборонено.
352191	Cześć, chciałem tylko powiedzieć, że twój problem jest rozwiązany.	493387	Привіт, я лише хотів тебе повідомити, що твоя проблема вирішилася.
356412	Co czytasz?	493389	Що ти читаєш?
440716	Mówię trochę po japońsku.	493390	Я трохи говорю японською.
364142	No, nie było tak źle.	493392	Ну, було не так вже й погано.
460985	Ona nie tylko jest miła, ale i uczciwa.	493394	Вона не тільки добра, але й чесна.
355861	Jak długo czekałeś?	493395	Скільки ти чекав?
349012	Są dobrą parą.	493397	Вони - гарна пара.
355450	Omawiali plany przyjęcia.	493406	Вони обговорювали план вечірки.
393014	Przy okazji, czy byłeś kiedyś w Hokkaido?	493410	До речі, ти колись був у Хоккайдо?
350728	Rzuciła mnie po prostu dlatego, że mało zarabiałem.	493412	Вона мене кинула лише тому, що я мало заробляв.
363743	Ile kosztuje ta suknia?	493415	Скільки коштує ця сукня?
364619	Ma 30 metrów długości.	493419	Є 30 метрів завдовжки.
366117	Gdzie jest wyjście ewakuacyjne?	493421	Де аварійний вихід?
366117	Gdzie jest wyjście ewakuacyjne?	493422	Де знаходиться евакуаційний вихід?
364548	Nie odkładaj słuchawki.	493424	Не клади трубку.
364548	Nie odkładaj słuchawki.	493425	Не клади слухавку.
359828	Po co mam to robić?	493427	Чому я маю це робити?
415219	Czarno-białe telewizory wyszły z mody.	493428	Чорно-білі телевізори вийшли з моди.
357749	Poproszę filiżankę herbaty.	493434	Чашку чаю, будь ласка.
357749	Poproszę filiżankę herbaty.	493435	Прошу одну чашку чаю.
363630	To są ludzie, którzy mieszkają obok.	493437	Це люди, що мешкають поряд.
393322	Kupiliśmy samochód za 12 000$	493438	Ми купили машину за 12 тис. доларів.
395369	Czy to 223-1374?	493440	Це 223-1374?
411620	Nie pozwól mu tego dotykać.	493442	Не дозволяй йому торкатися цього.
366155	Spotkałem Freda na ulicy.	493444	Я зустрів Фреда на вулиці.
369722	Nie ma usprawiedliwienia dla jego zachowania.	493448	Його поведінці немає виправдання.
362524	Czekałem ponad dwie godziny.	493449	Я чекав більше двох годин.
357732	Zaprzyjaźnił się z kilkoma wieśniakami.	493453	Він подружився з кількома селянами.
355485	Chciałbym mieć takiego przyjaciela jak ty.	493456	Я б хотів мати такого друга, як ти.
357411	Ten zwyczaj ma większość rodzin.	493460	Цього звичаю дотримуються багато родин.
358690	Powiedziała szefowi, o czym myśli.	493461	Вона сказала начальнику те, про що думала.
349098	Państwo nie zdołało sprostać oczekiwaniom obywateli.	493462	Держава не змогла виправдати очікування громадян.
440612	Co jest w środku?	493464	Що всередині?
358888	Daj mi jeszcze jedną szansę.	493465	Дай мені ще один шанс.
349397	Nie mogę sobie przypomnieć jego nazwiska.	493469	Не можу згадати його імені.
360324	Nigdy nie zapomnę tego, co mi powiedziałeś.	493473	Я ніколи не забуду те, що ти мені розповів.
350065	Nie czuję się dobrze.	493474	Я погано почуваюся.
350065	Nie czuję się dobrze.	493475	Мені зле.
484527	Mamo, mogę iść popływać?	493479	Мамо, а можна, я піду поплаваю?
484527	Mamo, mogę iść popływać?	493480	Мамо, можна піти поплавати?
366222	Byłem na zwolnieniu lekarskim.	493481	Він був на лікарняному.
349362	Jeszcze nie wrócił z gór.	493482	Він ще не повернувся з гір.
368058	To bezowocne naciskać go dalej.	493486	Тиснути на нього далі даремно.
361175	Z trudem skończyłem zadanie domowe.	493489	Я з трудом закінчив домашнє завдання.
355870	Jestem przedsiębiorcą.	493490	Я підприємець.
349042	Powiedział mi, że pojedzie do Wenecji.	493492	Він мені сказав, що поїде до Венеції.
360118	Przytulił ją.	493493	Він її обняв.
360118	Przytulił ją.	493494	Він притулив її до себе.
440730	Ta firma obsługuje Berlin, Wiedeń i Hamburg.	493497	Ця компанія обслуговує Берлін, Відень і Гамбург.
351350	Tym pociągiem dojedziesz dwa razy szybciej.	493498	Цим потягом ти доїдеш у два рази швидше.
362004	Często myślę o mojej zmarłej matce.	493499	Я часто думаю про мою покійну матір.
459112	W ogóle nie jestem zainteresowany polityką.	493501	Політика мене взагалі не цікавить.
459112	W ogóle nie jestem zainteresowany polityką.	493502	Я взагалі не цікавлюся політикою.
409999	Zdołałem zdobyć pierwszą nagrodę.	493504	Я зміг виграти перший приз.
448819	On lubi grać w tenisa.	493506	Він любить грати в теніс.
351375	Jakim okresem historycznym się pan zajmuje?	493509	Яким історичним періодом ви займаєтеся?
351298	Czy muszę przejść operację?	493511	Чи мені потрібна операція?
351298	Czy muszę przejść operację?	493512	Мені треба зробити операцію?
348625	Spójrz na dom z czerwonym dachem.	493521	Поглянь на будинок з червоним дахом.
348625	Spójrz na dom z czerwonym dachem.	493522	Подивися на будинок з червоним дахом.
348626	Pogoda pogarszała się z upływem dnia.	493524	Протягом дня погода погіршилася.
418291	Pojechała do Paryża, by studiować balet.	493528	Вона поїхала до Парижа навчатися балету.
367055	Na razie!	493530	Па-па!
367055	Na razie!	493531	Бувай!
367055	Na razie!	493532	Побачимось пізніше!
368093	Liczyłem na niego.	493533	Я покладався на нього.
368093	Liczyłem na niego.	493534	Я розраховував на нього.
360989	Znaleźliśmy na podwórku biednego, małego kotka.	493536	Ми знайшли на подвір'ї бідне котеня.
351566	Jestem leworęczny.	493537	Я шульга.
357237	Wąż zmienił skórę.	493538	Змія скинула шкіру.
440480	Szkoda, że przegapiłem szansę spotkania się z nią.	493540	Шкода, що я проґавив можливість з нею зустрітися.
353181	Po wyjściu z toalety myjmy ręce!	493543	Після туалету ми повинні мити руки!
353181	Po wyjściu z toalety myjmy ręce!	493544	Миймо руки після туалету!
406294	Ja też lubię angielski.	493547	Я теж люблю англійську.
351554	Gram hobbystycznie na fortepanie.	494430	Моє хобі - грати на фортепіано.
368140	On nie ma już siły.	494495	В нього більше немає сил.
349567	Zadaniem żołnierzy było zniszczenie tego mostu.	494516	Солдати мали завдання - знищити той міст.
359763	Skończyłeś się już pakować?	494525	Ти вже закінчив складати речі?
361700	Ta droga prowadzi na lotnisko.	494553	Ця дорога веде до аеропорту.
357317	Zapominanie o zadaniach domowych świadczy o nieuwadze.	494562	Забувати про домашні завдання - це ознака неуважності.
441198	Głupca każdy bije.	494569	Дурного всяк ударить.
354678	Zasad musi być mało, a co ważniejsze, muszą być proste.	494579	Правил має бути небагато і, що важливіше, вони повинні бути прості.
350731	Nasza szkoła jest na wzgórzu.	494594	Наша школа стоїть на пагорбі.
349619	Dlaczego ja?	494653	Чому я?
364167	Jest emerytem. Nie było mu łatwo.	494673	Він пенсіонер. Йому нелегко жилося.
355378	To, czym dziś jestem, zawdzięczam ojcu.	494674	Якби не мій батько, я не став би тим, ким є сьогодні.
369704	Ludzie wierzą w to, w co chcą wierzyć.	494675	Люди вірять у те, в що хочуть вірити.
457368	Moje buty są brązowe.	494676	У мене коричневе взуття.
404523	Chłopak pofarbował włosy, chcąc, by go zauważono.	494677	Хлопець пофарбував волосся - він хотів, щоб на нього звернули увагу.
366224	To bardzo duże jabłka.	494678	Ці яблука дуже великі.
351340	Co by z nami było, gdyby nagle wybuchła wojna?	494679	Що було б з нами, якби зненацька почалася війна?
366715	Czyżby ona sama nie miała wad?	494682	А хіба сама вона - бездоганна?
362435	Mój ojciec świetnie pływał w młodości.	494685	Мій батько дуже добре плавав у молодості.
410715	To mój stary przyjaciel.	494686	Це мій давній друг.
404025	Powinniśmy byli przyjść wcześniej.	494688	Ми мали би прийти раніше.
358836	On zawsze narzeka na szefa.	494689	Він завжди нарікає на свого начальника.
359277	Ta mapa się przydaje podczas jazdy samochodem.	494692	Ця мапа стає в пригоді під час поїздок машиною.
357715	Stypendium umożliwiło mu dalszą naukę.	494694	Стипендія дала мені змогу продовжувати навчання.
358934	Wyjdź zaraz, jeśli nie chcesz się spóźnić na zebranie.	494696	Якщо не хочеш спізнитися на збори, виходь негайно.
357682	Korporacja Toyota ogłosiła, że usunie 1000 pozycji tego roku.	494700	Корпорація "Тойота" оголосила, що цього року скоротить1000 робочих місць.
352405	Kobieta, której mąż nie żyje, to wdowa.	494706	Жінка, в якої помер чоловік, - це вдова.
358887	Wkrótce się przyzwyczaisz do występowania publicznie.	494710	Ти скоро звикнеш виступати перед публікою.
351952	Ogólnie rzecz biorąc, Japończycy są konserwatywni.	494714	Загалом японці - консервативні люди.
357608	Naoliwiłem rower.	495271	Я змастив велосипед.
357609	Po szkole już się nie uczę.	495272	Після школи я не вчуся.
357610	Proszę przyjść, kiedy panu będzie wygodnie.	495273	Приходьте, коли вам буде зручно.
357612	Myślisz, że jest podobny do ojca?	495275	Ти думаєш, що він схожий на батька?
357612	Myślisz, że jest podobny do ojca?	495276	Думаєш, він подібний до батька?
357614	W zeszłym tygodniu moja waga wzrosła o kolejne 5 funtów.	495277	Минулого тижня я набрав майже п'ять фунтів.
357616	Co za zbieg okoliczności!	495279	Який збіг обставин!
357618	Kiedy już wpisze pan nazwisko, proszę również wpisać datę.	495282	Коли ви впишете своє ім'я, поставте також дату.
357619	Prawie nic nie zjadła.	495284	Вона майже нічого не з'їла.
357620	Może mi pan podać sól?	495286	Можете мені передати сіль?
357621	Podasz mi sól?	495287	Передаси мені сіль?
357623	Doznał urazu grając w rugby.	495289	Він отримав травму під час гри у регбі.
357625	Nie znajduję logiki w jego argumentacji.	495290	Я не знаходжу логіку в його аргументації.
357625	Nie znajduję logiki w jego argumentacji.	495291	Не бачу логіки в його аргументах.
357627	On śpi jak dziecko.	495294	Він спить як дитина.
357629	Jeśli nie rozumiesz znaczenia tego słowa, sprawdź w słowniku.	495298	Якщо ти не розумієш значення цього слова, то подивися у словнику.
357863	Ekspres wyjeżdża o szóstej i przyjeżdża do Tokio o dziewiątej.	496231	Експрес вирушає о шостій і прибуває в Токіо о дев'ятій.
360201	Gram w grę video.	496233	Я бавлюся у відеогру.
365559	Pozwoliła mu jechać samemu.	496239	Вона дозволила йому поїхати самому.
360090	Od rana przeczytałem trzy książki.	496324	Я зранку прочитав три книжки.
395616	Amerykanie są bardzo przyjaźni.	496750	Американці - дуже товариські.
352463	Mija 10 lat, od kiedy przyjechał do Japonii.	496757	Минуло десять років, відколи він приїхав до Японії.
359196	Śpię w swoim pokoju.	496778	Я сплю у себе в кімнаті.
365669	Dzieci pochłonięte były zabawą.	496785	Діти були захоплені грою.
357993	Musimy iść po schodach, bo winda jest zepsuta.	496921	Доведеться йти сходами, бо ліфт поламаний.
357993	Musimy iść po schodach, bo winda jest zepsuta.	496922	Мусимо йти сходами, бо ліфт не працює.
356499	Kiedy byłem w szkole średniej, często siedziałem do późna w nocy.	498660	Коли я ходив до школи, то часто засиджувався до пізньої ночі.
356500	Wskutek deszczu nie mogliśmy pojechać na piknik.	498666	Через дощ ми не змогли поїхати на пікнік.
356503	Mój najlepszy przyjaciel zawsze daje mi dobre rady.	498683	Мій найліпший друг завжди дає мені добрі поради.
356504	Ten supermarket ma dostawy tylko w soboty.	498685	Цей супермаркет має доставку тільки по суботах.
356505	Nalegałem, by zmienić pierwotny plan.	498689	Я наполягав на тому, щоб змінити початковий план.
356506	Poprosiłem, by zamiótł podłogę.	498695	Я попросив його підмести підлогу.
356507	Dał nam nie tylko ubrania, ale i trochę pieniędzy.	498711	Він дав нам не тільки одяг, але й трохи грошей.
356509	Po pierwsze, nie mamy teraz pieniędzy.	498719	По-перше, ми не маємо зараз грошей.
356510	Mamy czarnego i białego psa.	498724	У нас є чорний і білий собаки.
356514	Czy on często dzwoni do domu, do rodziców?	498728	Чи часто він телефонує додому, до батьків?
356517	Jestem głodny.	498733	Я голодний!
356526	Zapomniałem go zapytać.	498749	Я забув його спитати.
349485	Przed wyjściem zamykaj drzwi.	498959	Перед виходом замикай двері.
495068	Ten śpiewak-amator bez trudu wygrał turniej piosenki.	498962	Цей співак-аматор без зусиль виграв пісенний конкурс.
368144	Próbowaliśmy wykonać ten eksperyment.	498963	Ми намагались провести цей експеримент.
403728	Ile zapłaciłaś za tę suknię?	498964	Скільки ти заплатила за цю сукню?
364542	Pielęgniarka zmierzyła gorączkę.	498965	Медсестра виміряла температуру.
352958	Ona nie gra na fortepianie.	498966	Вона не грає на фортепіано.
415303	On ma niewielkie doświadczenie jako nauczyciel.	498967	Він має небагато досвіду як вчитель.
351385	Fredowi spodobała się Jane i zaczęli się spotykać.	498968	Фредові сподобалась Джейн, і вони почали зустрічатись.
369023	On uczy się do późna w nocy.	498969	Він вчиться до пізньої ночі.
354045	Gdybyśmy tylko mieli ogród!	498972	Якби ми тільки мали сад!
360014	Twoje wyniki egzaminu są znakomite.	498973	Твої результати іспиту чудові.
366069	Nieznajomy podszedł do mnie.	498980	Незнайомець підійшов до мене.
355719	W tej książce jest dużo pięknych ilustracji.	498982	У цій книжці багато красивих ілюстрацій.
349071	Świeczka sama zgasła.	498984	Свічка сама згасла.
451122	Jack zbiera znaczki.	498986	Джек колекціонує марки.
386543	To najlepszy sposób, aby rozwiązać ten problem.	498990	Це найліпший спосіб вирішити цю проблему.
401169	Poeci często porównują śmierć do snu.	498992	Поети часто порівнюють смерть зі сном.
349247	Pojechał do Anglii, by studiować literaturę angielską.	498995	Він поїхав до Англії вивчати англійську літературу.
415296	Powiedział, że chciałby zostać naukowcem.	498998	Він розповів, що хотів би стати науковцем.
363671	Tom ma wąsy.	499000	Том має вуса.
359862	Myślę, że on ma rację.	499001	Думаю, що він має рацію.
349492	Wstyd mi za siebie.	499003	Мені за себе соромно.
415419	Droga tu wznosi się łagodnie w górę.	499004	Тут дорога трохи підіймається вгору.
363533	Zeszli z tego drzewa.	499007	Вони злізли з цього дерева.
362509	Ciotka przysłała mi prezent urodzinowy.	499009	Тітка надіслала мені подарунок на день народження.
410182	Oto długopis dla pana.	499011	Ось ручка для вас.
366251	Mów możliwie wyraźnie.	499013	Говори якнайчіткіше.
495069	Jestem zmęczony i chcę iść spać.	499016	Я втомився й хочу піти спати.
367056	Pożyczę ci jeden, jeśli chcesz.	499017	Позичу тобі один, якщо хочеш.
355888	Czy możesz mi wyjaśnić, jak działa zmywarka?	499019	Чи можеш мені пояснити, як працює посудомийна машина?
393061	Został wykluczony z drużyny.	499022	Його виключили з команди.
440440	Po drodze ze szkoły złapał nas deszcz.	499025	По дорозі зі школи нас захопив дощ.
362477	Jane ma mnóstwo rzeczy do prania.	499028	Джейн має багато речей, які треба випрати.
351965	Ona nie jest lekarką?	499029	Вона не лікар?
368033	O ile mi wiadomo, ta plotka nie jest prawdą.	499034	Наскільки мені відомо, та плітка не правдива.
458184	Był pokryty błotem od głowy do stóp.	499036	Був покритий грязюкою від голови до п’ят.
355233	W butelce jest jeszcze trochę mleka.	499039	В пляшці є ще трохи молока.
362842	Skradli mi kieszonkowy kalkulatorek.	499043	У мене вкрали кишеньковий калькулятор.
368873	Jest szanowany przez wszystkich.	499045	Його усі поважають.
361779	Wyglądał na chorego.	499049	Мав хворий вигляд.
461058	On studiuje na Harwardzie.	499051	Він навчається в Гарварді.
352217	Nie wkładaj tego mokrego ręcznika do torby.	499058	Не клади цього мокрого рушника до сумки.
459124	Jestem wysoki.	499060	Я високий.
366086	Czy są pokoje dwuosobowe?	499063	Чи маєте двомісні кімнати?
364574	Zerwałem dla niej stokrotkę.	499067	Я зірвав для неї квітку стокроток.
354677	„Kiedy wrócisz?” „Wszystko zależy od pogody.”	499071	"Коли повернешся?" "Все залежить від погоди"
355251	Jego córka wyrosła na piękną kobietę.	499074	З його дочки виросла вродлива жінка.
362540	Będę tam jutro.	499077	Буду там завтра.
358735	Te drzwi wiodą do sypialni.	499079	Ті двері ведуть до спальні.
368897	Jeden za wszystkich, wszyscy za jednego - oto gra zespołowa.	499082	Один за всіх, всі за одного — ось це і є командна гра.
356535	Niedziela to ostatni dzień tygodnia.	499085	Неділя — це останній день тижня.
451085	Wiesz dlaczego niebo jest niebieskie?	499090	Чи ти знаєш, чому небо блакитне?
355493	Nie mogę żyć bez ciebie.	499093	Не можу жити без тебе.
362373	Wokół niego zbierał się tłum.	499096	Навколо нього збирався натовп.
354068	To film dla dorosłych.	499098	Це фільм для дорослих.
366724	Szkoła wymienia wodę w basenie raz na miesiąc.	499101	Школа міняє воду в басейні раз на місяць.
355435	Nie mówi po angielsku, a tym bardziej po francusku.	499105	Він не розмовляє англійською, а французькою і поготів.
358723	To duża mapa Niemiec.	499113	Це велика карта Німеччини.
359180	Jedna trzecia mieszkańców tego kraju to analfabeci.	499121	Третина мешканців цієї країни неписьменні.
364273	On za dużo pije.	499126	Він забагато п’є.
363176	Niektórzy chłopcy grają w tenisa, a inni w piłkę.	499129	Деякі хлопці грають в теніс, а інші в футбол.
359802	W tym tygodniu mam urlop.	499134	Маю відпустку на цьому тижні.
352224	Przyjechał autobusem czy pociągiem?	499136	Ти приїхав поїздом чи автобусом?
352222	Nie lubię ciepłych zim.	499138	Не люблю теплих зим.
350029	Telewizja niszczy życie rodzinne.	499141	Телевізор руйнує родинне життя.
412947	Wszedł oknem.	499144	Він зайшов через вікно.
406271	Przyszedł już?	499146	Він вже прийшов?
357065	Pudełko, które znalazł, było puste.	499149	Коробка, яку я знайшов, була пуста.
359189	Poszła do domu.	499151	Вона пішла додому.
358945	Koło mojego domu jest park.	499152	Біля мого дому є парк.
368391	Nazwali psa Shiro.	499153	Вони назвали собаку Широ.
364186	Pojadę po niego o piątej.	499155	Я заїду за ним о п’ятій.
364611	Nie wiem, czy on przyjdzie, czy nie.	499157	Не знаю, чи він прийде чи ні.
402709	Krytycy czasem sami nie wiedzą, co krytykują.	499160	Часом критики не знають, що критикують.
361626	Czekaj na swoją kolej.	499163	Чекай на свою чергу.
415217	Ona zawsze ubiera się na czarno.	499164	Вона завжди вбирається у чорне.
410375	On wszystko, co robi, robi na swój sposób.	499170	Він усе, що робить, робить у свій спосіб.
442981	To nie fair.	499175	Це не чесно.
365065	Sam to wiem.	499180	Сам це знаю.
365210	Tom wreszcie rzucił palenie.	499184	Том нарешті кинув курити.
402676	Masz ubezpieczenie medyczne?	499189	Ти маєш медичну страховку?
456942	Zaszła w ciążę.	499193	Вона завагітніла.
360199	Mów wyraźnie, aby każdy cię słyszał.	499199	Говори чітко, щоб кожен чув.
362932	Kiedy wybuchła II wojna światowa?	499200	Коли розпочалась Друга світова війна?
351292	Nie strać tej szansy.	499752	Не змарнуй цієї можливості.
348946	Trwa budowa nowej szkoły.	499754	Триває будівництво нової школи.
361872	Gdy mnie zobaczyli, nagle zamilkli.	499755	Коли вони мене побачили, то раптово замовкли.
360310	Ma 30 metrów szerokości.	499756	Це 30 метрів завширшки.
360320	Za pieniądze nie kupisz wolności.	499757	Свободи за гроші не купиш.
355764	Jedź za tym samochodem.	499759	Їдь за цим авто.
356438	Już go nie kocham.	499761	Я вже не кохаю його.
363191	Jaka jest grubość tej deski?	499765	Яка товщина цієї дошки?
357731	Nie rozumiem, co mówisz.	499768	Я не розумію, що ти кажеш.
358864	Zadziwiające, ale ożenił się z piękną aktorką.	500044	Хай як це дивно, та він одружився з красунею-акторкою.
450233	Jej matka przyjeżdża pociągiem o 9:10.	500101	Її мати приїздить поїздом о 9:10.
360954	Znam ich.	500102	Я знаю їх.
393065	David ma tak dużo dziewczyn, że nie pamięta ich wszystkich imion.	500103	У Давида так багато дівчат, що він не пам’ятає усіх їхніх імен.
348673	Dobre pytanie.	500104	Добре питання.
415414	Ona ma nadzieję, że któregoś dnia zostanie śpiewaczką.	500105	Вона сподівається, що колись стане співачкою.
365736	Pospiesz się, bo nie złapiemy pociągu!	500106	Поспішай, бо не встигнемо на поїзд!
364655	Ojciec jeszcze nie wrócił.	500107	Батько ще не повернувся.
372480	To jest japońska lalka.	500109	Це японська лялька.
450188	Siostra zawsze ma porządek w pokoju.	500110	У сестри завжди лад у кімнаті.
365056	On boi się tego psa.	500112	Він боїться того собаки.
357368	Czy on dziś czuje się lepiej?	500113	Чи він сьогодні почувається ліпше?
349590	Ona nie chce być zależna od rodziców.	500114	Воне не хоче залежати від батьків.
353930	To ich dom.	500116	Це їхній будинок.
460931	On ma raka płuc.	500117	У нього рак легенів.
360126	Poczułem nagły ból głowy.	500118	Я відчув раптовий біль у голові.
361076	Jak ją poznałeś?	500119	Як ти з нею познайомився?
413006	Towary dla panów są w sprzedaży na trzecim piętrze.	500189	Товари для чоловіків продаються на третьому поверсі.
461123	Z kijanek rozwijają się żaby.	500190	З ополоників виростають жаби.
355892	To są moje ołówki.	500192	Це мої олівці.
410000	Ona lubi spacerować samotnie.	500193	Вона любить гуляти на самоті.
366718	Ta książka nie jest tak łatwa jak tamta.	500196	Ця книжка не така проста, як та.
353148	Nazywa się Tomoyuki Ogura.	500199	Його звати Томоюкі Оґура.
363629	To są moje płyty.	500201	Це мої диски.
361056	Co niedziela chodzę do kościoła.	500202	Щонеділі я ходжу до церкви.
448824	Ona szyje sukienkę.	500203	Вона шиє плаття.
404474	Nie ma najmniejszych wątpliwości.	500206	Нема найменшого сумніву.
352868	Pracuje nad swoją nową książką już dwa miesiące.	500207	Він працює над своєю новою книжкою вже два місяці.
360235	Śnieg padał cztery dni.	500209	Сніг йшов чотири дні.
356431	Zamroź rybę i mięso.	500269	Заморозь рибу й м’ясо.
364553	Jestem pewien, że widziałem ją dwa lata temu.	500272	Я впевнений, що бачив її два роки тому.
363680	Nie martw się o nas.	500274	Не хвилюйся про нас.
365517	Nie mogę podejść do egzaminu, bo jestem chory.	500275	Не можу складати іспит, бо я захворів.
362449	Co dzień na śniadanie jem gotowane jajko.	500277	Щодня на сніданок я їм варене яйце.
480759	Wczoraj przybył do Tokio.	500278	Він вчора приїхав до Токіо.
352170	Japonki żenią się średnio w wieku 25 lat.	500283	Японські жінки виходять заміж у середньому в 25 років.
367059	Dlaczego nie wziąłeś mapy, jak wychodziłeś?	500285	Чому не взяв карти, як виходив?
348705	Mój ojciec jest nieco staromodny.	500286	Мій батько є дещо старомодним.
351363	Zostałem zwolniony bez ostrzeżenia.	500287	Мене звільнили без попередження.
348715	Było już późno, więc wróciłem do domu.	500288	Вже було пізно, тому я повернувся додому.
364032	Ilu pasażerów jest na tym statku?	500290	Скільки пасажирів є на цьому кораблі?
351960	Niewielu jest ludzi dożywających 90-tki.	500291	Небагато людей доживає до дев’яноста років.
354009	Jutro jest nowy dzień.	500293	Завтра буде новий день.
358783	Ona umie dobrze szyć.	500294	Вона вміє добре шити.
366660	Ta brama jest zamknięta przez cały rok.	500298	Ці ворота замкнено протягом всього року.
364703	Nie jedz za dużo lodów i spagetti.	500300	Не їж багато морозива й спагеті.
365221	Czy ten autobus jedzie na plażę?	500301	Чи цей автобус їде до пляжу?
351494	Nie rozumiem, co masz na myśli.	500304	Не розумію, що ти маєш на увазі.
351547	Podziel pizzę na trzy osoby.	500306	Поділи піцу на трьох.
364900	Ten podręcznik jest napisany prostym angielskim.	500308	Цей підручник написано простою англійською мовою.
357721	Nie chciałem, by tak się stało.	500309	Я не хотів, щоб так сталось.
356352	Mam kota i psa.	500311	Маю кота й собаку.
364558	Niektórych studentów nie interesuje historia Japonii.	500312	Деяких студентів не цікавить історія Японії.
410389	On mieszkał tu 10 lat temu.	500320	Він жив тут десять років тому.
366978	Pokazał mi, jak się pisze to słowo.	500324	Він показав мені, як пишеться це слово.
361199	Okazało się, że klatka była pusta.	500336	Виявилося, що клітка була порожня.
352690	Lubisz filmy SF?	500337	Тобі подобаються фантастичні фільми?
362913	Ukrył ten fakt przede mną.	500341	Він приховав цей факт від мене.
366576	Zarabianie pieniędzy to nie jest jedyny cel życia.	500342	Заробляти гроші - це не єдина мета в житті.
360087	Czytałem wczoraj tę książkę.	500348	Я читав учора цю книжку.
369703	Stłukłem sobie okulary, więc nie widziałem tablicy.	500351	Я розбив собі окуляри, тому не бачив дошки.
361677	Susan lubi słuchać muzyki.	500353	Сюзан любить слухати музику.
363068	Jakie danie pan poleca?	500354	Яку страву ви порекомендуєте?
369035	Musimy spać co najmniej 8 godzin dziennie.	500355	Ми повинні спати щодня принаймні вісім годин.
364068	Siedzieliśmy wokół ogniska.	500356	Ми сиділи навколо вогнища.
363569	Ludność wymiera.	500357	Населення вимирає.
357338	Planuję zaprosić wielu gości na ceremonię otwarcia.	500358	Планую запросити багатьох гостей на церемонію відкриття.
410001	Policja bada tę sprawę.	500359	Поліція розслідує цю справу.
363720	Pokażesz mi, co kupiłeś?	500360	Покажеш мені, що ти купив?
448798	Moje dochody są dwukrotnie wyższe od twoich.	500364	Мої доходи вдвічі більші, ніж твої.
368933	Musisz być posłuszny rodzicom.	501131	Ти повинен слухатися батьків.
368969	Jest ulubieńcem całej klasy.	501870	Він улюбленець усього класу.
355274	Tom oglądał wczoraj telewizję.	501871	Том учора дивився телевізор.
363103	Położyła dziecko spać.	503566	Поклала дитину спати.
349176	Masz rację.	503579	Твоя правда.
369004	Podarowaliśmy mu zegarek.	503580	Ми подарували йому годинник.
368905	Chodźmy na obiad.	503583	Ходімо обідати!
365187	II wojna światowa skończyła się w 1945 roku.	503594	Друга світова війна закінчилася тисяча дев’ятсот сорок п’ятого року.
448916	On nie mówi po naszemu.	503597	Він не говорить по-нашому.
368401	Nagle zgasły światła.	503601	Раптово згасло світло.
409956	Wczoraj rano było bardzo zimno.	503604	Вчора вранці було дуже холодно.
365091	Lubię psy, a moja siostra koty.	503606	Я люблю собак, моя сестра - котів.
365608	Ona ma nierówne zęby.	503611	У неї нерівні зуби.
352394	Tu się nie mogę z tobą zgodzić.	503613	Тут не можу з тобою погодитись.
369247	Wczoraj wieczorem ukradziono mi rower.	503656	Вчора ввечері в мене вкрали велосипеда.
369247	Wczoraj wieczorem ukradziono mi rower.	503902	Вчора ввечері мені вкрали ровер.
502033	Moja cierpliwość się skończyła.	504742	Мені терпіння урвалось.
403153	Wciąż nie porzucała nadziei, że jej pies odnajdzie się żywy.	505238	Вона не облишала надії, що її собака знайдеться живим.
366535	Jak mi pan radzi, co mam powiedzieć?	506057	Порадьте мені, що я маю сказати.
506133	Polak, Węgier - dwa bratanki, i do szabli, i do szklanki.	506162	Поляк та угорець - добра парочка, і до шаблі і до чарочки.
372412	Słońce świeci.	507808	Сонце світить.
368113	Kultura niszczy język.	508614	Культура нищить мову.
352474	Było tak nudno, że usnąłem.	509162	Було так нудно, що я заснув.
348974	Idź spać.	509861	Йди спати.
355589	Któż nie zna tego problemu?	511771	Хто ж не знає цієї проблеми?
367689	Pamiętasz to tajemnicze morderstwo?	511779	Пам'ятаєш те загадкове вбивство?
355446	Kiedy jest zły, zawsze krzyczy na mnie.	511841	Коли він злий, то завжди на мене кричить.
355304	Młodemu inżynierowi brakowało doświadczenia.	511989	Молодому інженеру бракувало досвіду.
355792	Zebranie jest w przyszły czwartek.	513142	Нарада відбудеться наступного четверга.
512391	Masz czyste ręce?	513384	В тебе чисті руки?
355411	Wielu młodych mieszkańców wsi pragnie mieszkać w mieście.	513698	Багато хто з сільської молоді прагне мешкати в місті.
355411	Wielu młodych mieszkańców wsi pragnie mieszkać w mieście.	513699	Багато хто з молодих селян прагнуть жити в місті.
359285	Nie widział nikogo.	513879	Він нікого не бачив.
456986	Nie, chcę zapłacić gotówką.	514764	Ні, я хочу заплатити готівкою.
403036	On nie jest wyższy ode mnie.	514772	Він не вищий за мене.
354083	Nie wolno palić w tym pokoju.	515504	В цій кімнаті не можна палити.
357284	Pożar szybko ugaszono.	515808	Пожежу швидко загасили.
349391	Błyskawica poprzedza grom.	515809	Блискавка передує грому.
364342	Małe dziewczynki lubią bawić się lalkami.	515811	Малі дівчатка люблять бавитися ляльками.
349244	Objaśni mi pan drogę na stację metra?	515812	Поясніть, будь ласка, як дійти до станції метро.
357419	Powinniśmy schować trochę pieniędzy na czarną godzinę.	515813	Ми повинні заощадити трохи грошей на чорний день.
362901	Nie wiem, czy przyjdzie czy nie.	515815	Я не знаю, чи він прийде, чи ні.
360036	Szukam okularów.	515817	Я шукаю окуляри.
355983	On często jeździ za granicę.	515818	Він часто їздить закордон.
349632	Ja również go nie znałem.	515820	Я теж його не знав.
349448	Posprzątaj pokój.	515824	Приберися в кімнаті.
349448	Posprzątaj pokój.	515825	Поприбирай в кімнаті.
458440	To budzi we mnie odrazę.	515826	В мене це викликає відразу.
358031	Na stole jest pomarańcza.	515827	На столі лежить апельсин.
362557	Możesz zostać tam gdzie jesteś.	515828	Можеш залишитися там, де ти є.
495063	Widać od razu, że jest zakochany.	515832	Зразу видно, що він закоханий.
357295	Muszę kupić ten słownik, choćby kosztował 10 tys. jenów.	516013	Я мушу придбати того словника, навіть якщо він коштуватиме 10 000 йєн.
357744	Ważne są czyny, nie słowa.	518110	Важливі дії, а не слова.
361897	Na ziemię!	520226	На землю!
516557	Co jadłeś wczoraj wieczorem?	520952	Що ти їв учора ввечері?
365707	On ma poczucie odpowiedzialności.	520959	Він має почуття відповідальності.
364583	Spieszyła się, by się nie spóźnić.	521037	Вона спішила, щоб не запізнитися.
360079	W wolnym czasie piszę wiersze.	521041	У вільний час я пишу вірші.
354050	Już jest za późno.	522894	Вже запізно.
354050	Już jest za późno.	522895	Вже занадто пізно.
522922	Wąsy rosną pod nosem.	522926	Вуса ростуть під носом.
355283	Zawsze myśli przede wszystkim o własnej korzyści.	522948	Він зажди передусім думає про власну вигоду.
356437	Już jej nie kocham.	522972	Я вже її не кохаю.
535775	Rząd wysłał misję za granicę.	535858	Уряд вислав посланців за кордон.
535538	Może mi pan powiedzieć, gdzie można kupić bilety.	535860	Скажіть де можна купити білети.
535523	Nie mogę już z nim wytrzymać.	535864	Я вже з ним не можу витримати.
535452	Czas pokaże.	535866	Час покаже.
535296	Jego stara baba siedzi na progu, a przed babą — rozbite koryto.	535868	Його стара баба сидить на порозі, а перед бабою - розбите корито.
535296	Jego stara baba siedzi na progu, a przed babą — rozbite koryto.	535869	Його стара сидить на порозі, а перед нею - розбите корито.
450215	Czy w najbliższej przyszłości będzie trzęsienie ziemi?	536267	Чи буде в найближчому майбутньому землетрус?
502240	On dobrze jeździ na koniu.	536326	Він добре їздить верхи на коні.
403546	Nie pamiętam, kiedy go pierwszy raz spotkałem.	547260	Я не пам'ятаю, коли його зустрів уперше.
403546	Nie pamiętam, kiedy go pierwszy raz spotkałem.	547262	Я не пам'ятаю, коли я зустрів його у перший раз.
363038	Nie ma kto opiekować się tym pacjentem.	547324	Немає кому піклуватися про цього пацієнта.
363038	Nie ma kto opiekować się tym pacjentem.	547325	Немає кому обходити цього пацієнта.
363038	Nie ma kto opiekować się tym pacjentem.	547327	Немає кому доглядати цього пацієнта
363038	Nie ma kto opiekować się tym pacjentem.	547328	Немає кому опікуватися цим пацієнтом.
539862	Ona nie mogła powiedzieć czegoś takiego.	548507	Вона не могла такого сказати.
351881	Chodźmy grać w baseball!	548581	Ходімо грати у бейсбол!
349030	Poproszę do hotelu Hilton.	551207	В готель "Хілтон", прошу.
366630	Nie ma mowy. Dziś jest za zimno.	551448	Нема й мови. Сьогодні занадто холодно.
366630	Nie ma mowy. Dziś jest za zimno.	551449	Про це нема мови. Нині занадто зимно.
503798	Nie potrzebuję twojej pomocy.	552779	Я не потребую твоєї помочі.
358698	Dokąd idziemy?	553596	Куди ми йдемо?
358698	Dokąd idziemy?	553598	Куди йдемо?
351932	Cóż za piękna pogoda!	555552	Яка гарна погода!
357349	Reszty nie trzeba.	555723	Решти не треба.
350770	On jest pełen energii.	556287	Він повний енергії.
357273	Wolność osobista to istota demokracji.	558161	Особиста свобода - сутність демократії.
356924	Już pora iść spać.	558164	Вже пора йти спати.
558248	Zamknij drzwi.	558254	Замкни двері.
558250	Poczekaj chwileczkę.	558261	Пожди хвилинку.
365194	Musisz rozpatrywać ten problem w całości.	559312	Ти маєш розглядати цю проблему в цілому.
560173	To już koniec.	560185	Це вже кінець.
354100	Pokazała mi swój nowy samochód.	583163	Вона показала мені свою нову машину.
525821	Wszystkie drogi prowadzą do Rzymu.	591369	Усі шляхи ведуть до Риму.
591371	Jeden za wszystkich, wszyscy za jednego.	591376	Один за всіх, усі за одного.
593135	Kot śpi na kanapie.	593147	Кіт спить на дивані.
526851	Dlaczego nie śpisz jeszcze tak późno?	593164	Чого ти ще не спиш так пізно?
410033	Zbudowano most.	596614	Збудовано міст.
596723	Pożyczę ci tą książkę.	596726	Я тобі позичу цю книжку.
598919	Schowałem się pod stołem.	598920	Я сховався під столом.
566489	To zależy od ciebie.	598921	Це залежить від тебе.
364024	Chciałbym ci pomóc.	602558	Я б хотів тобі допомогти.
359806	Muszę nauczyć się tego wiersza na pamięć.	603622	Я мушу вивчити цього вірша напам'ять.
358880	Tego właśnie potrzebowałem.	603795	Саме це мені було потрібно.
355230	Nie obchodzi mnie, co powiedzą.	605609	Мене не обходить те, що вони кажуть.
355230	Nie obchodzi mnie, co powiedzą.	605611	Мене не стосується те, що вони кажуть.
351963	Dziękuję za zaproszenie, ale...	605643	Дякую за запрошення, але...
605924	Kiedy to się skończy?	606706	Коли це закінчиться?
366666	Wszyscy go lubimy.	607463	Ми всі його любимо.
498431	Mój miecz jest być może tępy, ale na kogoś takiego jak ty zupełnie wystarczy.	614161	Мій меч може й тупий, але на такого як ти як раз стане.
544754	Jestem biedny.	620471	Я бідний.
621790	Zapomniałem twojego numeru telefonu.	622090	Я забув твій номер телефону.
621789	Warto odwiedzić Kuala Lumpur.	622091	Варто відвідати Куала-Лумпур.
621784	Ken usiadł obok mnie.	622092	Кен сів коло мене.
621784	Ken usiadł obok mnie.	622093	Кен сів поруч зі мною.
621593	Daj mi butelkę wina.	622094	Дай мені пляшку вина.
621592	Nie możemy istnieć bez wody.	622095	Ми не можемо існувати без води.
621328	Żenię się w następną sobotę.	622096	Я одружуюся наступної суботи.
621327	Wychodzę za mąż w następną sobotę.	622097	Я вихожу заміж наступної суботи.
457422	On lubi grać w piłkę nożną.	623499	Він любить грати у футбол.
525397	Jak śmiesz jej mówić takie rzeczy.	623500	Як ти смієш їй казати такі речі.
579960	Bill włączył telewizor.	623501	Білл увімкнув телевізор.
522751	Kiedy się obudziłem, było już prawie południe.	623502	Коли я прокинувся, була вже майже 12-а дня.
596559	Delfiny są niezwykle inteligentnymi zwierzętami.	623505	Дельфіни - надзвичайно розумні тварини.
591962	Zrobię to jeśli mi zapłacą.	623506	Я зроблю це, якщо мені заплатять.
495054	Przeziębiłem się.	623507	Я простудився.
600746	Mówi się, że miłość jest ślepa.	623510	Кажуть, що любов сліпа.
365065	Sam to wiem.	623511	Я це й сам знаю.
366587	Dzieci poszły już do szkoły.	623518	Діти вже пішли до школи.
614911	Pójdę do przodu.	623519	Я піду вперед.
592685	Złoto jest znacznie cięższe od wody.	623520	Золото набагато важче за воду.
357086	Widziałem, jak skacze.	623522	Я бачив, як він плигає.
357086	Widziałem, jak skacze.	623523	Я бачив, як він скаче.
605888	Masz kiepską pamięć.	623525	У тебе погана пам'ять!
358903	Mama posprzątała stół.	629368	Мама прибрала зі столу.
569869	Jesteś blady.	629548	Ти блідий.
632845	W następnym roku będę miał szesnaście lat.	633108	У наступному році мені буде шістнадцять років.
632009	To najnowszy komputer.	633117	Це найновіший комп'ютер.
635806	Słyszę coś.	635815	Я щось чую.
635811	Które oko cię boli?	635819	Котре око тобі болить?
629819	Słowniki Daijisen i Daijin są bardzo do siebie podobne.	636115	Словники Дайдзісен та Дайдзірін дуже подібні одне до одного.
532896	Ona dała swojemu ojcu krawat.	645508	Вона дала батькові краватку.
348631	Jestem w ciąży.	645835	Я вагітна.
521497	W tej pracy można zarobić 10 tys. jenów dziennie.	651711	На цій роботі можна заробляти 10 тис. єн на день.
606289	Pij swoją herbatę, bo będzie zimna.	659000	Пий свій чай, бо охолоне.
366955	Osobiście nigdy nie widziałem UFO.	659017	Я сам ніколи не бачив НЛО.
349130	Jesteś wielką miłością mego życia.	670272	Ти велика любов мого життя.
566291	Pocałuj mnie.	670281	Поцілуй мене.
359131	Ted długo na nią czekał.	678715	Тед довго на неї чекав.
351547	Podziel pizzę na trzy osoby.	701547	Розділи піцу на трьох.
355229	Z czego to jest zrobione?	717100	З чого воно зроблене?
532115	Straciłem wiarę.	725702	Я втратив віру.
404488	Dziwna sprawa.	725707	Дивна справа.
626049	Czas wstawać.	725879	Час вставати.
626049	Czas wstawać.	725880	Пора вставати.
364248	Czy może pan mówić wolniej?	749544	Можете говорити повільніше?
348635	Jutro mnie nie ma.	749547	Завтра мене нема.
363696	To nasz najbliższy sąsiad.	749549	Це наш найближчий сусід.
363696	To nasz najbliższy sąsiad.	749550	Це наш найближчий сусіда.
363220	Nie śmiej się z niego.	753650	Не смійся з нього.
754505	Młody człowiek pożegnał się ze swoimi przyjaciółmi i krewnymi.	754512	Молодий чоловік попрощався зі своїми друзями та родичами.
754505	Młody człowiek pożegnał się ze swoimi przyjaciółmi i krewnymi.	754514	Хлопчина попрощався зі своїми друзями та родичами.
528199	Dawni Lucek i Basia są teraz Ludwikiem i Barbarą.	755561	Колишні Люцек і Бася тепер уже Людвік і Барбара.
587009	Nie jestem nauczycielem.	849698	Я не вчитель.
353184	To twój pies. Gdzie jest mój?	849804	Це твоя собака. А де моя?
885013	Możesz mi proszę dać twój numer komórki?	885022	Дай мені, будь ласка, номер твого мобільного.
921460	Znam dwie Wieńczysławy. Jedna z nich, brunetka, to koleżanka z pracy. Druga, blondynka, jest studentką w naszej szkole.	926350	Знаю дві Вєнчислави. Одна з них, брунетка, - моя подруга з роботи. Друга, білявка, - навчається в нашій школі.
596491	Prawie nie ma książek.	926364	Майже немає книжок.
923177	Dzieci bawiły się w grupie.	938204	Діти гралися гуртом.
593449	W moim śnie śniłem, że śniłem.	940141	Мені приснився сон у моєму сні.
745377	To bardzo dziwne, że on nic na ten temat nie wie.	1034740	Дуже дивно, що він нічого з цього приводу не знає.
959239	Czy pamiętasz, gdzie się spotkaliśmy po raz pierwszy?	1034741	Пам'ятаєш, де ми зустрілися вперше?
735942	Karen kupiła wiele rzeczy na pchlim targu.	1034743	Карен купила багато речей на блошиному ринку.
908264	Bardzo chciał pojechać do Stanów.	1034744	Він дуже хотів поїхати до Штатів.
903402	Nie ma potrzeby tak krzyczeć.	1104614	Нема потреби так кричати.
903402	Nie ma potrzeby tak krzyczeć.	1104616	Не треба так кричати.
527534	On jest za gruby, by szybko biec.	1105601	Він занадто товстий, щоб швидко бігати.
527534	On jest za gruby, by szybko biec.	1105604	Він занадто грубий, щоб хутко бігти.
625132	Chciałbym zrobić jej niespodziankę.	1114766	Я б хотів зробити їй сюрприз.
403746	A może filiżankę gorącej kawy?	1116580	А може чашку гарячої кави?
951173	Pochowała swego jedynego syna.	1118444	Вона поховала свого єдиного сина.
859059	Zna pan jakiś klub gejowski?	1118567	Ви знаєте якийсь ґей-клуб?
527762	Mam wiele zdjęć.	1118664	В мене багато фото.
527762	Mam wiele zdjęć.	1118666	В мене багато знімків.
527762	Mam wiele zdjęć.	1118667	Маю багато фото.
1118791	Masz krzywo zawiązany krawat.	1119926	У тебе криво зав'язана краватка.
1118620	Kiedy mieszkaliśmy w Nowym Jorku, wynajmowaliśmy mieszkanie.	1119928	Коли ми жили у Нью-Йорку, то винаймали квартиру.
525640	Jestem policjantem z zawodu.	1168631	Я працюю поліцейським.
357616	Co za zbieg okoliczności!	1227777	Який збіг!
756944	Mamy czworokątny stół.	1518337	У нас квадратний стіл.
361817	Ona mieszka na wsi.	1557543	Вона живе в селі.
361817	Ona mieszka na wsi.	1557544	Вона мешкає у селі.
732911	On szybko liczy.	1565250	Він швидко лічить.
732911	On szybko liczy.	1565251	Він швидко рахує.
730351	Każde dziecko ma własny pokój.	1572604	Кожна дитина має свою власну кімнату.
597873	Chciałbym się z nią ożenić.	1573990	Я хотів би з нею одружитися.
1007345	Kurwa!	1575612	Курва!
361637	Przepraszam za spóźnienie.	1577307	Перепрошую за запізнення.
361637	Przepraszam za spóźnienie.	1577308	Пробачте за запізнення.
1579939	Mleko bez cukru nie jest słodkie.	1579943	Молоко без цукру несолодке.
1359695	Gdzie jesteś teraz?	1585815	Де ти зараз?
1585817	Stanisław Lem – polski pisarz, filozof i futurolog, przedstawiciel nurtu fantastyki naukowej.	1585820	Станіслав Лем – польський письменник, філософ та футуролог, представник жанру наукової фантастики.
1585826	Książki Stanisława Lema zostały przetłumaczone na 41 języków i osiągnęły łączny nakład ponad 30 mln egzemplarzy.	1585830	Книжки Станіслава Лема були перекладені на 41 мову і досягли загального тиражу в 30 мільйонів екземплярів.
1333778	A może zagramy w baseballa?	1589360	Може пограймо в бейсбол?
1589359	Czy Pan Nakamura jest w domu?	1589362	Чи пан Накамура вдома?
935805	Próbowałem rozwiązać ten problem.	1610025	Я намагався вирішити цю задачу.
516387	Wszystko w porządku.	1611260	Все в порядку.
516387	Wszystko w porządku.	1611261	Все добре.
536116	Ona też ma swoje wady.	1611679	Вона теж має свої вади.
1614951	Masło wyrabia się ze śmietany.	1615154	Масло збивають з вершків.
608778	On wskoczył do wody.	1627873	Вiн плигнув у воду.
402678	Planowy przylot - godzina 19:00.	1627966	Лiтак приземлиться о 19:00.
1636030	Znam tego chłopaka.	1636786	Я знаю цього хлопця.
973069	On się ewidentnie pomylił.	1639780	Очевидно, що він помилився.
349476	To nie może być prawda.	1639782	То не може бути правдою.
1794702	OK! chodźmy!	1794711	Гаразд! Ходім!
1555165	Tu jest moje serce.	1817926	Тут моє серце.
1555165	Tu jest moje serce.	1817928	Тут є моє серце.
525192	Ken chce rower.	1818006	Кен хоче ровера.
525192	Ken chce rower.	1818008	Кен хоче ровер.
1550586	Dlaczego płaczecie?	1818034	Чому ви плачете?
349476	To nie może być prawda.	1863094	Це не може бути правда.
1861502	Czy można włączyć telewizor?	1863129	Можна увімкнути телевізор?
1870681	Nigdy nie prosiłem o to.	1874320	Я ніколи не просив про це.
625414	Książka jest mała.	2155075	Книга маленька.
524562	Będziemy okropnie tęsknić jeżeli opuścisz Japonię.	2426104	Будемо дуже сумувати якщо залишиш Японію.
915159	Kiedy usłyszała tę wiadomość, aż podskoczyła z radości.	2432740	Коли почула цю новину, аж підскочила з радості.
404413	Lubię wrzucać kostkę lodu do kawy, bo zwykle jest za gorąca.	2599328	Я люблю кинути кубик льоду в мій кофе, оскільки він зазвичай гарячий
404417	Zachowywał się, jakby wszystkie rozumy pozjadał.	2599358	Він поводив себе, як ніби все знає.
404424	Nie bardzo chcę prosić go o cokolwiek.	2599381	Я не дуже хочу просити його щось.
404426	Nie czytam po włosku, a cóż dopiero mówić o pisaniu.	2599383	Я не читаю по-італійськи, не кажучи вже про говоріння і письмо.
404427	Nie umiem grać nawet na gitarze, a cóż dopiero na skrzypcach.	2599386	Я не вмію грати на гітарі, не кажучи вже про скрипку
404429	To dziecko nie umie chodzić, a cóż mówić o bieganiu.	2599388	Ця дитина не вміє ходити, а тим більш бігати.
404431	Ona ma wrodzone zdolności artystyczne.	2599389	Вона має вроджені артистичні здібності.
404434	Cóż za piękny ogród!	2599396	Який гарний садок!
1186135	On jest takim trudnym dzieckiem.	2627396	Він — така важка дитина.
2607655	Opowiedz mi coś o sobie i twojej rodzinie.	2655876	Розкажи мені щось про себе і свою родину.
2607590	Zawsze kiedy się spotykamy, on narzeka na swoją żonę.	2655912	Завжди, коли його зустрічаю, він нарікає на свою жінку.
352668	W pobliżu nie było nikogo.	2658558	Поблизу не було нікого.
1211492	Dopiero co pojechał.	2658561	Він щойно поїхав.
1348757	Nikt nie ma monopolu na prawdę.	2661225	Ніхто не має монополії на правду.
1350350	Stół z powyłamywanymi nogami.	2666160	Стіл із виламаними ніжками.
2757254	Ukąsiła mnie pszczoła.	2757262	Мене вкусила бджола.
349176	Masz rację.	2804863	Маєш рацію.
1353734	Pierdol się.	2835058	Пішов на хуй!
1353734	Pierdol się.	2835060	Пішов в сраку!
1007341	Czekam tu na ciebie prawie pół godziny.	2894621	Я чекав майже півгодини.
349347	Pojechała do Niemiec studiować medycynę.	2894628	Він поїхав до Німеччини, щоб вивчати медицину.
585854	Zgadzam się z jego zdaniem.	2928963	Я згоден з його думкою.
623569	To musi być zrobione na jutro.	3268158	Це мусить бути зроблено на завтра.
703986	Dlaczego mnie kochasz?	3268169	Чому ти кохаєш мене?
364679	Wszyscy go szanują.	3268195	Всі шанують його.
3729499	Myślę, że Tom wygra.	3729509	Вважаю, що Том переможе.
3464583	Chcesz mnie zabić?	3764572	Ти хочеш вбити мене?
4837847	Tom chce popcorn.	4844482	Том хоче попкорн.
1284532	Muszę się przyznać, że się myliłem.	4890299	Мушу визнати, що я помилявся.
369259	Nie miałem zamiaru sprawiać takiego wrażenia.	4919991	Я не хотів так вразити тебе.
3897191	Czy Tom jest chrześcijaninem?	4998404	Чи Том християнин?
5014772	Czułam się zagubiona bez niego.	5014813	Без нього я відчувала себе загубленою.
528338	Przedstawiłem Marię moim rodzicom.	5029611	Я представив Марію моїм батькам.
929481	To nie ma żadnego związku z tobą.	5046384	Це ніяк не пов'язано з тобою.
929481	To nie ma żadnego związku z tobą.	5046388	Це не має до тебе жодного стосунку.
2144802	Umieram.	5144870	Помираю.
456981	To wszystko, dziękuję.	5394376	Це все, дякую.
5698740	"Nie masz nawet pojęcia, jakie mam problemy jako elfka z powodu moich uszu", skarżyła się Maria, leśny elf.	5698752	"Ти не маєш жодного поняття, які я маю проблеми як ельфійка з приводу моїх вух," — скаржилася Марія, лісний ельф.
5701395	Mógłbym opowiadać ci o pszczelarstwie godzinami, ale nie chcę cię zanudzać.	5701404	Я міг би годинами розповідати про бджолярство, але не хочу вам надокучати.
3805742	Nie zrozumiałam pana.	5702518	Я вас не зрозуміла.
5702913	On słucha radia.	5702919	Він слухає радіо.
959653	Rozmawiasz ze swoim psem?	5703651	Ти розмовляєш зі своїм собакою?
366106	Znam ją dobrze, jestem jej przyjacielem.	5706760	Я знаю її добре. Вона моя подруга.
3582012	Co one sobie myślały?	5713101	Що вони собі думали?
5629691	Wesołych świąt.	5713207	Веселих свят.
4158023	Tom musiał to zrobić.	5715316	Том мусив це зробити.
4787370	Tom chciał, żeby Mary posprzątała w dużym pokoju.	5715654	Том хотів, щоб Мері прибрала у великій кімнаті.
1590772	Tom się zbliża do trzydziestki.	5715830	Тому майже тридцять.
627680	Chciałbym cię zobaczyć.	5716090	Я хотів би тебе побачити.
898709	Kiedy mam karmić psa?	5716374	Коли я маю годувати собаку?
2289998	Mam nadzieję, że Tom już idzie.	5718189	Сподіваюся, що Том вже йде.
5718826	Mary położyła Tomowi głowę na ramieniu.	5718836	Мері поклала голову на плече Тому.
968920	Pomożesz mi z tym stołem?	5719995	Допоможеш мені з цим столом?
552501	Znam te kobiety.	5720787	Я знаю тих жінок.
5722418	Dlaczego uciekasz?	5722422	Чому ти тікаєш?
5722420	Chcesz zostawić wiadomość?	5722429	Ти хочеш залишити повідомлення?
3125664	Wierzę w jej opowieść.	5724233	Я вірю її розповіді.
1735701	Ile mamy paliwa?	5724236	Скільки у нас палива?
3452625	Mogę pomóc, jeśli chcesz.	5724242	Я можу допомогти, якщо хочеш.
3665199	On wygląda podejrzanie.	5724247	Він виглядає підозріло.
2127428	Nie piję dużo piwa.	5724260	Я не п'ю багато пива.
712412	Im wcześniej zaczniemy, tym szybciej skończymy.	5724275	Чим швидше почнемо, тим швидше закінчимо.
529669	Jutro są jej urodziny.	5724298	Завтра в неї день народження.
2178036	Kawa pachnie dobrze.	5728312	Кава добре пахне.
530579	Ludzie doceniają klarowność.	5730356	Люди цінують ясність.
357715	Stypendium umożliwiło mu dalszą naukę.	5730361	Стипендія дала йому змогу продовжувати навчання.
4916701	W ogóle nie rozumiesz angielskiego.	5734150	Ти взагалі не розумієш англійської.
722435	Czy już zdecydowałeś, kogo zaprosisz na imprezę?	5734326	Ти вже вирішив, кого запросити на вечірку?
382586	Oto jest pytanie.	5734367	Ось в чому питання.
1348561	Kot je mysz.	5734375	Кіт їсть мишу.
351384	Nie ma naukowych podstaw dla tych twierdzeń.	5734378	Немає наукових підстав для цих тверджень.
1205123	To jest kostka lodu.	5734380	Це кубик льоду.
2838171	Muszę przebrać się.	5734382	Я повинен переодягнутися.
3745345	Krzesło i podnóżek stoją pod ścianą.	5734388	Крісло та ослінчик для ніг стоять під стіною.
4097598	Myślisz, że Tom jest częścią problemu?	5734389	Ти думаєш, що Том є частиною проблеми?
4550584	Możesz przestać.	5734392	Ти можеш припинити.
3295015	Ona jest dziewczyną czy kobietą?	5734402	Вона дівчинка чи жінка?
4716833	Tak, właśnie o to chodzi!	5734407	Так, власне про це й мова!
352946	To dziecko jeszcze nie chodzi.	5734411	Ця дитина ще не ходить.
532349	Daj mi więcej mleka!	5734415	Дай мені більше молока!
362406	Muszę chodzić do szkoły piechotą.	5734416	Я мушу ходити до школи пішки.
363170	Oczywiście, jest piękna, ale ma swoje wady.	5734417	Звичайно ж вона гарна, але має свої вади.
415269	Dlaczego przyjechał pan do Japonii?	5734418	Чому ви приїхали до Японії?
749222	Ojca nie ma w domu.	5734419	Батька немає вдома.
525569	Co robisz dziś wieczorem?	5734421	Що ти робиш сьогодні ввечері?
2153048	Możesz iść teraz do domu jeśli chcesz.	5734424	Можеш іти зараз додому, якщо хочеш.
2778285	Ten nowy model samochodu jest bardzo popularny.	5734426	Ця нова модель автомобіля дуже популярна.
3875745	Tom prawie nigdy nie słucha radia.	5734427	Том майже ніколи не слухає радіо.
4209644	Tom nie jest tak biedny, jak większość myśli.	5734428	Том не такий бідний, як вважає більшість.
355264	Pies jest biały.	5734431	Пес білий.
3880015	Wy dwaj zrujnowaliście mi życie.	5734436	Ви двоє зруйнували мені життя.
3050329	Nie jestem tak głupi jak myślisz.	5734439	Я не такий дурний, як ти думаєш.
3430034	Ona ma złotą kartę kredytową.	5734440	У неї є золота кредитна картка.
3828787	Tom często jeździł do Bostonu.	5734441	Том часто їздив до Бостона.
4939058	To może się nie zdarzyć.	5734442	Цього може не трапитися.
4953345	To nie zdarza się bardzo często.	5734443	Таке не дуже часто трапляється.
460699	Co ty, u diabła, robisz?!	5734444	Що ти, до біса, робиш?!
733077	Kiedy zadzwonił telefon, właśnie wychodziliśmy.	5734452	Коли задзвонив телефон, ми власне виходили.
3749828	Czy jesteś ubrana?	5734455	Ти одягнена?
735946	Ależ było ciężko...!	5734457	Але ж було тяжко!
1583662	Tutaj nic nie ma.	5734458	Тут нічого немає.
558240	Co ona powiedziała?	5734459	Що вона сказала?
753786	Mama kupiła żółty parasol mojemu młodszemu bratu.	5734496	Мама купила жовту парасольку моєму молодшему брату.
416731	Pokazał mi, jak piec ciasto.	5734505	Він показав мені, як пекти торт.
3502541	Wiem, że Tom nie jest idiotą.	5734506	Я знаю, що Том — не ідіот.
970403	On naprawdę jest chory.	5734514	Він насправді хворий.
714923	To jest jej T-shirt. Tamten T-shirt też jest jej.	5734531	Це її футболка. Он та футболка — також її.
735866	Lew jest królem zwierząt.	5734538	Лев — цар звірів.
415215	Ona bardzo boi się ciemności.	5734548	Вона дуже боїться темряви.
888425	Możemy się spotkać jutro o 10?	5734551	Можемо зустрітися завтра о 10?
888425	Możemy się spotkać jutro o 10?	5734552	Можемо зустрітися завтра о десятій?
3450307	On mówi, że pije, żeby zapomnieć.	5734558	Він говорить, що п'є для того, щоб забути.
3713574	Ktoś dzwoni.	5734562	Хтось дзвонить.
355666	Jest kilka powodów mojej gorączki.	5734565	Є кілька причин моєї лихоманки.
5700095	Zapasowe koło jest w bagażniku.	5734567	Запасне колесо — в багажнику.
5700095	Zapasowe koło jest w bagażniku.	5734568	Запаска в багажнику.
608215	Pożyczę ci ten słownik.	5734571	Я тобі позичу цей словник.
3545435	Mój brat nie mówi w ogóle po angielsku.	5734572	Мій брат взагалі не говорить англійскою.
3032310	Nie wiem, co Tom z tym zrobił.	5734583	Я не знаю, що зробив з цим Том.
355254	Moje hobby to zbieranie starych zabawek.	5734585	Моє хобі — колекціонування старих іграшок.
4735311	Nie sądzę, żeby Tom kogoś zabił.	5734586	Я не думаю, що Том когось вбив.
1552397	Nasze góry nie są bardzo wysokie. Wasze są znacznie większe.	5734588	Наші гори не дуже високі. Ваші значно вищі.
416773	Narysował na ścianie linię prostą.	5734591	Він намалював на стіні пряму лінію.
566481	Myślę, że mam rację.	5734598	Я думаю, що маю рацію.
904535	Co pan zrobi?	5734634	Що ви зробите?
2244488	Zawołaj go, proszę.	5734737	Поклич його, будь ласка.
3410638	Na ulicy było wielu ludzi.	5734743	На вулиці було багато людей.
4658530	Ulica jest zamknięta.	5739088	Вулиця закрита.
3851428	Tom jest bardzo wysoki, prawda?	5739089	Том дуже високий, правда?
351539	Bardzo boli mnie ząb.	5739090	У мене сильно болить зуб.
4738829	Ja też nic nie rozumiałem.	5739093	Я теж нічого не розумів.
1569003	Trudno jest z nim rozmawiać.	5739099	З ним важко розмовляти.
3841225	Nie zrobię ci krzywdy.	5739100	Я тобі не зашкоджу.
1147688	Moja mama jest bardzo dobrą kucharką.	5739102	Моя мама — дуже добра кухарка.
944265	W tym sklepie wisi wiele obrazów.	5739105	В цьому магазині вісить багато картин.
3314216	Pieniądze, które mu obiecano, nie były, według niego, wystarczającym wynagrodzeniem za taką posługę.	5739108	Гроші, які йому пообіцяли, не були, згідно з його словами, достатньою винагородою за таку послугу.
570467	To pudełko było za ciężkie.	5739110	Ця коробка була заважка.
3954774	Wycieczka została odwołana z powodu silnej burzy.	5739113	Подорож було скасовано із-за сильного шторму.
3677234	Helios jest greckim bogiem słońca.	5739114	Геліос — грецький бог сонця.
924472	On popiera demokratów.	5739116	Він підтримує демократів.
355887	On nie umie sobie radzić z trudnymi sytuacjami.	5739117	Він не вміє давати собі раду зі складними ситуаціями.
350067	Następnego lata chciałbym pojechać na Hawaje.	5739118	Наступного літа я хотів би поїхати на Гаваї.
1550581	Ona urodziła się w Ameryce.	5739119	Вона народилася в Америці.
350036	Ten most powstał dwa lata temu.	5739120	Цей міст побудували два роки тому.
2350642	Japonia to piękny kraj.	5739121	Японія — гарна країна.
3421771	Tom nie zamierza czekać.	5739122	Том не збирається чекати.
3641178	Powinienem był najpierw zapytać Toma.	5739123	Я повинен був перш за все запитати Тома.
4837519	To ważne dla Toma.	5739124	Це важливо для Тома.
5441250	Jestem studentką drugiego roku.	5739125	Я студентка другого курсу.
5629945	Tom drzemał.	5739126	Том дрімав.
358897	On nie lubi sportu. Ja też nie.	5739127	Він не любить спорт. І я також.
758355	Kiedy jestem głodny, boli mnie brzuch.	5739128	Коли я голодний, у мене болить живіт.
403041	On jest bardzo wrażliwy.	5739129	Він дуже вразливий.
928181	Mamy jeszcze mnóstwo czasu.	5739130	У нас ще багато часу.
531881	Osiągnęła sukces dzięki ciężkiej pracy.	5739131	Вона досягла успіху завдяки важкій праці.
352291	Trudno było rozwiązać tę łamigłówkę.	5739132	Цю головоломку було складно розв'язати.
3296838	Dzieci często robią głupie rzeczy.	5739134	Діти часто роблять дурниці.
921665	Uważam, że Magdalena jest bardzo ładna.	5739136	Я вважаю, що Магдалена — дуже гарна.
597164	Mary właśnie wróciła do domu.	5739139	Мері щойно повернулася додому.
525165	Wyszła za mąż w wieku siedemnastu lat.	5739141	Вона одружилася у сімнадцятирічному віці.
831021	Nie ma nawet mowy.	5739142	Навіть мови немає.
880438	On ma zawsze najlepsze wyniki w klasie.	5739146	У нього завжди найращі результати в класі.
880438	On ma zawsze najlepsze wyniki w klasie.	5739147	У нього завжди найращі оцінки в класі.
5224617	Gdzie w Helsinkach mieszkasz?	5739149	Де в Гельсінках ти живеш?
676841	Gdzie jest dworzec kolejowy?	5739151	Де залізничний вокзал?
676841	Gdzie jest dworzec kolejowy?	5739152	Де залізнична станція?
3049808	To jest jabłoń.	5739153	Це яблуня.
365318	Ona wydaje dużo pieniędzy na ubrania.	5739154	Вона витрачає багато грошей на одяг.
4923237	Stan zdrowia Toma jest naprawdę dobry.	5739156	Стан здоров'я Тома наспраді добрий.
2736440	Wypiłeś ten sok pomarańczowy?	5739158	Ти випив цей апельсиновий сік?
365077	Pojechałem z nimi do Nikko.	5739159	Я поїхав з ними до Нікко.
1171241	Jedziemy w góry.	5739160	Ми йдемо в гори.
3018009	Ona jest płaska jak deska.	5739161	Вона пласка як дошка.
3930134	W jakim języku mówią w Egipcie?	5739162	Якою мовою говорять в Єгипті?
3446255	Następny, proszę.	5739163	Наступний, будь ласка.
361310	Boże, usłysz mnie!	5739168	Боже, почуй мене!
2402989	Teraz tego nie potrzebujesz.	5739196	Ти зараз цього не потребуєш.
3127357	Tom był w więzieniu.	5739257	Том був у в'язниці.
361714	Poszedłem w kierunku parku.	5739289	Я пішов у напрямку парку.
565968	Aoi dobrze tańczy.	5739301	Аой добре танцює.
965067	Nie potrzebuję twoich pieniędzy. Potrzebny mi twój czas.	5739307	Мені не потрібні твої гроші. Мені потрібен твій час.
2587230	Nie wiem zupełnie nic.	5739309	Я взагалі нічого не знаю.
3757015	Przyszliśmy cię stąd wypuścić.	5739312	Ми прийшли, щоб тебе звідси випустити.
993838	Moim celem jest nauczenie się angielskiego na tyle, bym nie musiał wozić ze sobą w podróż słownika.	5739315	Моя мета — вивчити англійську настільки, щоб не я не мусив возити з собою в подорож словник.
440429	Mogę wyjść na spacer?	5739318	Можна вийти на прогулянку?
4639561	Dlaczego nie powiedzieliście mi tego wcześniej?	5739321	Чому ви не сказали мені цього раніше?
513478	Mam coraz mniej czasu na czytanie.	5739325	У мене все менше часу на читання.
3710571	Wyszła za mąż jak tylko skończyła studia.	5739386	Вона одружилася відразу після закінчення навчання.
404530	Proszę nie dotykać kwiatów.	5739389	Не торкайтеся квітів, будь ласка.
531859	Na półce na książki są tylko książki.	5739391	На книжковій поличці лише книжки.
602432	Złapali go na kradzieży.	5739393	Його спіймали на крадіжці.
722410	W nocy było bardzo gorąco, więc źle spałem.	5739396	Вночі було дуже спекотно, із-за того я погано спав.
2770501	Zbladł, kiedy ją zobaczył.	5739397	Він зблід, коли її побачив.
980972	Mój tata chodzi codziennie na spacer.	5739400	Мій тато щоденно ходить на прогулянку.
355440	Grałem z mistrzem.	5739401	Я грав з чемпіоном.
1067127	Gdzie mogę kupić program?	5739405	Де я можу купити програму?
440589	To moi koledzy z klasy.	5739408	Це мої однокласники.
937898	Odważysz się ją zapytać?	5739443	Наважишся у неї запитати?
1613956	Znam esperanto jak język ojczysty.	5739452	Я знаю есперанто, як рідну мову.
361067	Jest niezamężna.	5739458	Вона незаміжня.
3851726	Nie musisz jutro przychodzić do biura.	5739463	Ти не зобов'язаний завтра приходити до офісу.
3778863	Ktoś musi zapłacić cenę.	5739466	Хтось мусить заплатити ціну.
3838653	Tom przyszedł nas odwiedzić trzy dni temu.	5739471	Том прийшов відвідати нас три дні тому.
356490	Judy jest inteligentna.	5739498	Джуді розумна.
3738597	To może Ci pomóc.	5739499	Це може тобі допомогти.
831737	Nie ciągnij mnie za rękaw.	5739504	Не тягни мене за рукав.
3649426	Mówiłeś po niemiecku?	5739507	Ти розмовляв німецькою?
2211923	Przelatujemy nad Pacyfikiem.	5739509	Ми пролітаємо над Тихим океаном.
365188	Czary zmieniły księcia w żabę.	5739510	Чари перетворили принца у жабу.
736899	Ukraina nie powinna była pozbywać się broni atomowej.	5739590	Україна не повинна була позбуватися ядерної зброї.
3243618	Oczywiście, że ona zna angielski.	5739640	Звичайно ж, вона знає англійську.
629953	Przyjechała samochodem.	5739642	Вона приїхала машиною.
1405258	To są prezenty dla moich przyjaciół.	5739643	Це подарунки для моїх друзів.
5383389	Tom pije tylko butelkowaną wodę.	5739644	Том п'є лише бутильовану воду.
2202233	Ten miecz jest w dobrym stanie.	5739645	Цей меч у доброму стані.
613696	Ken jest dobry w pływaniu.	5739649	Кен добре плаває.
3415901	Mamy wielu przyjaciół.	5739710	У нас є багато друзів.
900906	Ojciec mówi świetnie po angielsku.	5739711	Батько добре говорить англійською.
600768	Czy mogę rozmawiać z panią Brown?	5739712	Чи я можу поговорити з пані Браун?
2248069	Mike bardzo lubi zwierzęta.	5739717	Майку дуже подобаються тварини.
4156268	Dlaczego nikt nie pomaga Tomowi?	5739718	Чому ніхто не допомагає Тому?
365489	W czerwcu jest dużo deszczowych dni.	5739721	У червні багато дощових днів.
1085567	Czy to samczyk, czy samiczka?	5739722	Це самець чи самка?
4406454	Ptak odleciał.	5739723	Птах відлетів.
410376	Mieli większość w parlamencie.	5739791	У них була більшість у парламенті.
593120	Dziewczynka boi się psów.	5739793	Дівчинка боїться собак.
751578	Ona nie ma wrogów.	5739795	У неї немає ворогів.
826731	Dlaczego mi nie uwierzyłeś?	5739797	Чому ти мені не повірив?
901442	Jestem freelancerem w Japonii.	5739800	Я фрілансер у Японії.
354668	Chodź szybko!	5739802	Йди швидко!
3812968	Musisz mi pomóc.	5739804	Ти мусиш мені допомогти.
384508	Czytaliście już dzisiejszą gazetę?	5739822	Ви вже читали сьогоднішню газету?
1350280	Pies zjadł zegarek oraz japoński wentylator.	5739824	Собака з'їв годинник та японський вентилятор.
458432	Poproszę mój klucz do pokoju.	5739831	Мій ключ від кімнати, будь ласка.
933024	Byłem zdrowym dzieckiem.	5739833	Я був здоровою дитиною.
1181765	Zawsze dotrzymywałam słowa.	5739848	Я завжди дотримувалася свого слова.
3750026	Nic nie zrobili.	5739854	Вони нічого не зробили.
1593402	Cześć, mam na imię Pekka. Jak masz na imię?	5739863	Привіт, мене звати Пекка. Як тебе звати?
2921085	On cię wykorzystuje.	5739868	Він тебе використовує.
524997	Miałeś sporo czasu.	5739877	В тебе було багато часу.
457386	Mój krawat jest pomarańczowy.	5739880	Моя краватка помаранчова.
841755	Mój brat jest zdrowy.	5739881	Мій брат здоровий.
2830787	Zeszlej nocy snilam o Tobie	5739900	Ти мені снився минулої ночі.
959747	Nie płacz, wszystko będzie dobrze.	5739915	Не плач, все буде добре.
5280291	Byłem w wannie.	5739921	Я був у ванні.
1515210	Kto kradnie, zasługuje na karę.	5739927	Хто краде, заслуговує на покарання.
566300	Życie - śmiertelna choroba przenoszona drogą płciową.	5739930	Життя — смертельна хвороба, що передається статевим шляхом.
5488143	Wiewiórka wspięła się na drzewo.	5739937	Білка забралася на дерево.
880603	Natychmiast wysłaliśmy go do szpitala.	5739946	Ми миттєво направили його до лікарні.
2060301	Gdzie kupiłeś kwiaty?	5739947	Де ти купив квіти?
2060307	Gdzie kupiłaś kwiaty?	5739950	Де ти купила квіти?
758272	Las był wtedy spokojny.	5739959	Ліс був тоді спокійний.
838997	Jestem głodnym pająkiem.	5739961	Я голодний павук.
5491852	Julia śpiewa.	5739962	Юля співає.
4359711	Właśnie usłyszałem, że Tom i Maria przeprowadzają się do Bostonu.	5739963	Я щойно почув, що Том та Мері переїжджають до Бостона.
4544357	Nie sądzę, że Tom i Mary kiedykolwiek zostaną przyjaciółmi.	5739965	Я не думаю, що Том і Мері коли-небудь стануть друзями.
540107	Ta plaża to raj dla surferów.	5739967	Цей пляж — рай для серферів.
2586969	Na jego twarzy pojawiła się wysypka.	5739972	На його обличчі з'явився висип.
608205	Mam dwie bratanice.	5739979	У мене дві племінниці.
406215	Daniela zadzwoniła do mnie do domu.	5739984	Даніела зателефонувала мені додому.
4940347	Tom przestał chodzić do szkoły.	5739985	Том перестав ходити до школи.
3649915	Tom został wybrany na kapitana.	5739987	Тома обрали капітаном.
544538	To jest książka.	5739992	Це книга.
2183687	Nie widzę dobrego psa, lecz dobrego konia.	5739995	Я не бачу доброго собаку, лише доброго коня.
588382	Muszę oddać tę książkę przed sobotą.	5740011	Я повинен повернути цю книжку до суботи.
943593	Jak tylko się rodzimy, zaczynamy umierać.	5740016	Як тільки ми народжуємося, ми починаємо помирати.
355874	Ona rzadko je śniadanie.	5740023	Вона рідко снідає.
3101242	Wszyscy ludzie są śmiertelni.	5740034	Всі люди смертні.
1002721	Długopis został wynaleziony w roku 1938 przez dwóch braci, Węgrów, i wszedł do sprzedaży najpierw w Argentynie.	5740037	Кулькова ручка була винайдена в 1938 році двома братами-угорцями, а в продажу вона вперше з'явилася в Аргентині.
349051	Poczta przychodzi przed południem.	5740044	Пошта приходить до полудня.
4467769	Alkoholizm zrujnował mi życie.	5740053	Алкоголізм зруйнував моє життя.
366073	Mam głupie pytanie.	5740109	Маю дурне питання.
349184	Rozmawiałem z przyjaciółmi.	5740116	Я розмовляв з друзями.
1444233	Gdzie mieszka twoja babcia?	5740132	Де живе твоя бабуся?
354071	Było zimno i wiał silny wiatr.	5740135	Було холодно і дув сильний вітер.
369059	Nie tylko Jim, jego rodzice też są chorzy.	5740173	Не лише Джим, але і його батьки хворі.
1058570	On nie zna nikogo z nas.	5740183	Він не знає нікого з нас.
3841746	Teraz znam odpowiedzi.	5740250	Тепер я знаю відповідь.
1464103	To była bezpodstawna plotka.	5740271	Це була безпідставна плітка.
600461	Akira gra dobrze w tenisa.	5740355	Акіра добре грає в теніс.
2809482	Tym razem moim celem jest Paryż.	5740396	Цього разу моя мета - Париж.
1169120	On dobrze mówi.	5740420	Він добре розмовляє.
3701175	Mieszkam na Białorusi i jestem z tego dumny.	5740429	Живу в Білорусі й цим пишаюся.
927156	Powinieneś powiedzieć mu prawdę.	5740430	Ти повинен розповісти йому правду.
4558493	Ile miałeś lat, kiedy twoi rodzice się rozwiedli?	5740442	Скільки тобі було років, коли твої батьки розлучилися?
4104434	Nie będzie łatwo.	5741749	Легко не буде.
3872020	Kot lubi ze mną spać.	5743353	Кіт любить зі мною спати.
2905787	Mieszkam pod lasem.	5749419	Я живу біля лісу.
3662183	Pokaż mi, co masz w torbie.	5749420	Покажи мені, що у тебе в сумці.
367153	Przyjmijmy, że był to komplement.	5749428	Будемо вважати це компліментом.
349392	Często chodzę do kina.	5749431	Я часто ходжу в кіно.
356875	Ciągle do mnie dzwoniła.	5749453	Вона постійно мені телефонувала.
4940209	Naprawdę myślisz, że to się nie zdarzy?	5749475	Ти й справді думаєш, що цього не станеться?
1822339	W naszym ogrodzie jest niewielki staw.	5749489	В нашому саду є ставок.
5441508	Pies biega szybko.	5749502	Собака швидко бігає.
349995	Jest tam kto?	5749505	Є там хто?
3446232	Jest tu ktoś?	5749507	Є тут хто?
3584806	Zrób zdjęcie swoim telefonem.	5749510	Зроби фото своїм телефоном.
353131	Nie wiem, kiedy on przyjdzie.	5749511	Я не знаю, коли він прийде.
3590877	Czy to jest bolesne?	5749523	Це боляче?
4359830	Jak mogłaś tego nie zauważyć?	5749528	Як ти могла цього не зауважити?
2139006	Wyjdźmy wcześniej.	5749531	Давайте вийдемо раніше.
1215577	On jest zwykłym pracownikiem biura.	5749535	Він звичайний офісний працівник.
403529	Czy moglibyśmy się spotkać jutro?	5749549	Ми можемо зустрітися завтра?
497366	Jak mówi się "kot" po hiszpańsku?	5749552	Як сказати "кішка" іспанською?
2981928	Czy można tu kupić ziemniaki?	5749562	Чи можна тут купити картоплю?
590847	Kiedy się pojawił, właśnie o nim rozmawialiśmy.	5751031	Коли він з'явився, ми власне розмовляли про нього.
3502765	Kupiłem to w zeszłym tygodniu.	5751126	Я купив це минулого тижня.
1827282	Mam dwóch przyjaciół z zagranicy.	5751127	У мене є два закордонних друга.
929424	Jack jest starszy od mnie trzy lata.	5751129	Джек старший на три роки від мене.
357078	Będzie w Japonii przez całe dwa lata.	5751133	Він буде в Японії цілих два роки.
1637737	Przeczytaj tę książkę.	5751137	Прочитай цю книжку.
356043	Nie ma przyjaciół, z którymi mógłby pogadać.	5751138	У нього немає друзів, з якими він міг би поговорити.
3605016	Bateria w telefonie szybko mi się rozładowuje.	5751141	Акумулятор в моєму телефоні швидко розряджається.
3495443	Tom nie chciał z nikim rozmawiać.	5751148	Том не хотів ні з ким розмовляти.
4658255	Tom interesuje się matematyką.	5751167	Том цікавиться математикою.
933347	Ona lubi malować.	5751172	Вона любить малювати.
849083	W jakich językach mówisz biegle?	5751174	Якими мовами ти говориш вільно?
771820	Napisałem list po angielsku.	5751176	Я написав лист англійською.
2403176	Tom chciał się ożenić z Mary.	5751179	Том хотів одружитися з Мері.
2809404	Kto jest twoim najciekawszym przyjacielem?	5751187	Хто твій найцікавіший друг?
3807890	Tom, Mary i John są w kuchni.	5751215	Том, Мері та Джон - на кухні.
1491019	Pogoda była bardzo dobra.	5751216	Погода була дуже добра.
1222316	Nikt nie chciał o tym rozmawiać.	5751247	Ніхто не хотів про це говорити.
1828154	Ona nie kocha swojego męża.	5751251	Вона не кохає свого чоловіка.
360468	Jego choroba to może być rak.	5751255	Його хвороба може бути раком.
610624	Wygląda na smutną.	5751328	Вона виглядає сумною.
2287441	Jestem okropnym tancerzem.	5751342	Я жахливий танцюрист.
3781359	Znasz Toma osobiście?	5751355	Ти знаєш Тома особисто?
3683926	Cena tego komputera jest bardzo niska.	5751410	Ціна цього комп'ютера дуже низька.
351973	To jej samochód.	5751431	Це її машина.
773939	Marysia chce zostać nauczycielką.	5751435	Мері хоче стати вчителькою.
352502	To niedaleko od Paryża.	5751456	Це недалеко від Парижу.
609466	Myślę, że on nie przyjdzie.	5751460	Я думаю, що він не прийде.
613050	To ty jesteś winien temu wypadkowi.	5751485	Ти не винний в цій аварії.
598285	To był okropny dzień.	5751496	Це був жахливий день.
360948	Karp to moja ulubiona ryba.	5751521	Карп - моя улюблена риба.
1353930	Nie lubi tenisa.	5751522	Йому не подобається теніс.
3051480	Nie żartujesz, nie?	5753147	Не жартуєш, ні?
368862	Za 10 minut samolot startuje.	5753149	Літак злітає за 10 хвилин.
2246876	Wszyscy myśleliśmy, że byłeś żonaty.	5753151	Ми всі думали, що ти був одружений.
959026	W pokoju było gorąco.	5753158	В кімнаті було спекотно.
364125	Pańskie dziąsła są w kiepskim stanie.	5753159	Ваші ясна в поганому стані.
3671769	Mam tatuaż.	5753161	У мене є татуювання.
3152114	Nie ma sensu winić się nawzajem, musimy znaleźć rozwiązanie.	5753162	Немає сенсу звинувачувати один одного, ми повинні знайти рішення.
2495943	Nie można być trochę w ciąży.	5753164	Не можна бути трохи вагітною.
1895914	Dziś nie jestem zajęty.	5753165	Я сьогодні не зайнятий.
3806061	"Czy mógłbym do ciebie zadzwonić dzisiaj wieczorem?" "Oczywiście."	5753168	"Можна тобі зателефонувати сьогодні ввечері?" — "Звичайно."
4156717	Tom wyjechał za granicę uczyć się francuskiego.	5753177	Том поїхав за кордон вчити французьку.
521531	Żałuję, że to powiedziałem.	5753179	Я шкодую, що я це сказав.
4728127	Nie możemy pozwolić im zabić Toma.	5753182	Ми не можемо дозволити їм вбити Тома.
882143	Czy ona mówi po francusku?	5753195	Вона говорить французькою?
3757109	Poznałam go wczoraj.	5753538	Я познайомилася з ним учора.
357225	Lepiej zrób tak jak mówią.	5753542	Краще зроби так, як вони говорять.
579864	Czy już do niej dzwoniłeś?	5753543	Ти вже зателефонував їй?
696443	Pobędę tu czas jakiś.	5753550	Я побуду тут якийсь час.
3781448	Byłem tam dwa razy.	5753552	Я був там двічі.
4917262	Monocykl ma jedno koło.	5753557	Уніцикл має одне колесо.
1144278	Teraz ja czytam, ty czytasz i on czyta; wszyscy czytamy.	5753641	Зараз я читаю, ти читаєш, і він читає; ми всі читаємо.
516483	Smith jest znakomitym skrzypkiem.	5753647	Сміт — видатний скрипаль.
3960415	To będzie długa zima.	5753663	Це буде довга зима.
897427	Co lubisz jeść?	5753667	Що ти любиш їсти?
3736098	Tom miał wielu przyjaciół.	5753685	У Тома було багато друзів.
989370	Trudno jest wychowywać cudze dziecko.	5753690	Важко виховувати чужу дитину.
989369	Nie jest łatwo wychowywać nie swoje dziecko.	5753694	Нелегко виховувати не свою дитину.
3846631	Tom przygotowywał śniadanie.	5753695	Том готував сніданок.
3438241	Nigdy nie mieliśmy z tym problemów.	5753696	У нас ніколи не було з цим проблем.
1632533	Kto napisał ten wiersz?	5753700	Хто написав цей вірш?
575733	Pomylił mnie z moim bratem bliźniakiem.	5753702	Він переплутав мене з моїм братом-близнюком.
2287435	Mam dwie czerwone rybki.	5753703	У мене є дві червоні рибки.
3587225	Wiele się nauczyłem od Toma.	5753704	Я багато чому навчився у Тома.
368447	Byłem zmęczony, więc nic mi się nie chciało.	5753774	Я був втомлений, тому мені нічого не хотілося робити.
3662173	Tom zachował się bardzo źle.	5753775	Том поводився дуже погано.
525089	Zbudował nowy dom.	5753790	Він побудував новий будинок.
930272	Bardzo proszę, nie irytuj się.	5753818	Дуже прошу, не злися.
758271	Ona ma proporcjonalną figurę.	5753831	У неї пропорційна фігура.
368425	Ojciec pojechał na ryby.	5753838	Батько поїхав на риболовлю.
368959	Mam w ręku książkę.	5753844	У мене в руці книжка.
3865617	Powinienem był cię najpierw spytać?	5753845	Я повинен був тебе спершу спитати?
361767	Jego plan został odrzucony.	5753849	Його план було відхилено.
3479577	Nikomu już nie ufam.	5753858	Я більше нікому не вірю.
629907	Muzyka nie zna granic.	5753902	Музика не знає кордонів.
524410	Cristiano Ronaldo jest piłkarzem.	5753907	Кріштіану Роналду — футболіст.
415265	Masz oczy czerwone od płaczu.	5753909	Твої очі червоні від сліз.
1410357	Kiedy przyszedłeś?	5753912	Ти коли приїхав?
2186104	Rzeka jest długa.	5753913	Річка довга.
1411443	Ona dała mu sweter.	5753995	Вона дала йому светер.
1409846	Ottawa jest stolicą Kanady.	5753997	Оттава — столиця Канади.
553155	Plotka jest nieprawdziwa.	5754906	Плітка неправдива.
1612709	Interesuje mnie muzyka.	5756916	Мене цікавить музика.
3846785	Szukaj dalej.	5756943	Шукай далі.
4716826	Co on tam robi?	5758465	Що він там робить?
4733045	Kręgowce zwykle mają zęby.	5758638	Хребетні зазвичай мають зуби.
3412484	To jest kłamstwo!	5758642	Це брехня!
1273577	Mogę cię o coś prosić?	5758797	Можна тебе про щось попросити?
495067	Stracił przytomność i upadł na plecy.	5758809	Він знепритомнів і впав на спину.
592013	Wczoraj otrzymałem jej list.	5758811	Я отримав її лист вчора.
820819	Ten pokój ma dwa okna.	5758827	Ця кімната має два вікна.
898713	Poczuł, że coś lezie mu po nodze.	5758828	Він відчув, що щось повзе по його нозі.
951295	Mieszkam tu od 1990 roku.	5758830	Я тут живу з тисяча дев'ятсот дев'яностого року.
3713582	Jesteś zbyt młody na miłość.	5758836	Ти замолодий для кохання.
563486	To imitacja.	5758840	Це імітація.
859020	Rozmawialiśmy o wielu rzeczach.	5758841	Ми розмовляли про багато речей.
2734186	Zobaczyłam dziś gwiazdę.	5758842	Я сьогодні бачила зірку.
356004	Jak myślisz, ile mam lat?	5758853	Як ти думаєш, скільки мені років?
742377	On szybko pływa.	5758863	Він швидко плаває.
1349378	Wszyscy czegoś chcemy.	5758864	Ми всі чогось хочемо.
2972496	Czy jesteś duchem?	5758868	Ти привид?
597938	To jasne, że nie masz racji.	5758869	Ясно, що ти не маєш рації.
527584	Wspomnij mnie od czasu do czasu.	5758883	Згадуй про мене час від часу.
409968	Gdzie pan mieszka?	5758893	Де ви живете?
349185	Film zaczął się o drugiej.	5758898	Фільм розпочався о другій.
3835966	Nie byłam wtedy mężatką.	5758901	Я тоді не була заміжня.
3085213	Zamierzam to zrobić.	5758910	Я збираюся це зробити.
959570	Słyszysz coś?	5758916	Ти щось чуєш?
3430158	Juliana powiedziała mi, że jesteś z São Paulo.	5758923	Юліана розповіла мені, що ти з Сан-Паулу.
999265	On bardzo ufa swojej żonie.	5758924	Він дуже довіряє своїй дружині.
2403052	Nie mamy dowodów.	5758927	Ми не маємо доказів.
2940748	Nie mam książek.	5758928	У мене немає книжок.
5097490	On jest zajęty.	5758929	Він зайнятий.
3749944	Też tak myślałam.	5758965	Я теж так думала.
3502547	Tom mógłby się pospieszyć.	5758982	Том міг би поспішити.
4228900	Tom musiał znać prawdę.	5758983	Том мусив знати правду.
2987391	Chodź tu i siadaj.	5758985	Йди сюди і сідай.
3373925	Byliśmy sąsiadami.	5758997	Ми були сусідами.
1065873	Jest Anglikiem, ale mieszka w Indiach.	5758998	Він англієць, але мешкає в Індії.
5198120	Nie chcę mu przerywać.	5759004	Я не хочу його перебивати.
3407574	Co oni tam robią?	5759010	Що вони там роблять?
2493642	Chłopcy poszli na północ.	5759018	Хлопці пішли на північ.
2186134	Kogo nie ma?	5759019	Кого немає?
3032217	Nie chcemy nic od ciebie.	5759020	Ми нічого від тебе не хочемо.
3579430	To dom, w którym ten poeta mieszkał, kiedy był dzieckiem.	5759022	Це будинок, в якому мешкав цей поет, коли був дитиною.
3805762	Mam krowę.	5759028	У мене є корова.
351343	Jesteś aniołem!	5759031	Ти ангел!
4939089	Co się stało na spotkaniu?	5759034	Що сталося на зустрічі?
368456	Czy jest zamężna?	5759039	Вона заміжня?
3099907	Nie wiadomo, ilu z nich przetrwało.	5759049	Невідомо, скільки з них вижило.
357717	Wszystko mi jedno, czy przyjdzie, czy nie.	5759066	Мені все одно, чи він прийде, чи ні.
1166442	Niektórzy studenci byli z Azji, a inni z Europy.	5759080	Деякі студенти були з Азії, а інші — з Європи.
3637398	Ona mówi po angielsku.	5759082	Вона говорить англійською.
3996383	Kiedy przyjechałeś do Australii?	5759086	Коли ти приїхав до Австралії?
586373	Czy zamierzasz śpiewać?	5759109	Ти збираєшся співати?
4491118	Tom zrobił kanapki.	5759119	Том зробив бутерброди.
773290	On wiecznie zadaje głupie pytania.	5759123	Він вічно задає дурні питання.
603035	Numer mojego telefonu to 789.	5759147	Мій номер телефону — сімсот вісімдесят дев'ять.
4478820	Karaluchy są insektami.	5759149	Таргани — комахи.
967060	Widziałem UFO.	5759150	Я бачив НЛО.
919360	Pojechał w ważnej sprawie do Osaki.	5759152	Він поїхав до Осаки у важливій справі.
925801	Czy ona odważy się wejść do lasu?	5759173	Вона відважитися увійти до лісу?
2456879	Nie wychodź!	5759176	Не виходь!
5068096	Nie wychodźcie!	5759178	Не виходьте!
5664920	Jesteś sumienny.	5759179	Ти сумлінний.
534062	Chcę kupić zegarek, taki jak ma Jack.	5759181	Я хочу купити годинник, такий самий, як у Джека.
3127358	Chcesz być znowu w mojej drużynie?	5759182	Хочеш бути знову в моїй команді?
4717927	Każdy jest kowalem swojego losu.	5759184	Кожна людина — коваль свого щастя.
776477	Zwróciłem się do niego o poradę.	5759187	Я звернувся до нього за порадою.
591352	Moja siostra ma trzy lata.	5759195	Моїй сестрі три роки.
3805763	Tom umarł w Rzymie.	5759212	Том помер в Римі.
3926302	Po co uczysz się angielskiego?	5759213	Навіщо ти вчиш англійську?
5629852	Tom pomógł.	5759214	Том допоміг.
2218849	Jesteś taki silny.	5759215	Ти такий сильний.
355893	To są nasze książki.	5759219	Це наші книжки.
1591777	Potrzebuję pomocy.	5759222	Мені потрібна допомога.
531669	Dlaczego jesteś taki smutny?	5759235	Чому ти такий засмучений?
2120202	Jeśli jutro będzie padać, nie pójdą.	5759239	Якщо завтра дощитиме, вони не підуть.
945831	Białe zaczynają i wygrywają.	5759241	Білі починають і виграють.
5650321	Tańczyli.	5759245	Вони танцювали.
360423	Nie podoba mi się ten zegarek.	5759248	Не подобається мені цей годинник.
359248	Odwiedza mnie prawie codziennie.	5759254	Він відвідує мене майже щоденно.
3935415	Lepiej zostań ze mną.	5759255	Краще залишся зі мною.
656209	Jest czternasta czterdzieści pięć.	5759257	Зараз чотирнадцять сорок п'ять.
970335	Jest mistrzynią w piłce nożnej.	5759275	Вона - чемпіон з футболу.
956953	W tym sklepie sprzedają cukier i sól.	5759276	В цьому магазині продається цукор та сіль.
3484237	Hej, wy! Uspokójcie się!	5759279	Гей, ви! Заспокойтеся!
360999	Uważam, że ta książka jest nudna.	5759280	Я вважаю, що ця книжка нудна.
530430	Zrobiłem lalkę dla Anny.	5759282	Я зробив ляльку для Анни.
981791	Idziesz czy zostajesz?	5759283	Йдеш чи лишаєшся?
2247361	Jestem dumna z jego uczciwości.	5759284	Я пишаюся його чесністю.
534070	Najgorsze jeszcze przed nami.	5759285	Найгірше ще попереду.
4482456	Ile kosztuje butelka piwa?	5759286	Скільки коштує пляшка пива?
4658244	Tom miesza mąkę z cukrem.	5759287	Том змішує борошно з цукром.
4246391	Ta piosenka jest mi znana.	5759288	Ця пісня мені знайома.
1456731	Wyprałem mojego T-shirta.	5759289	Я виправ свою футболку.
643780	Był chory, więc opuścił szkołę.	5759290	Він хворів, тому пропустив заняття в школі.
717359	Musiał czekać dwie godziny na dworcu.	5759292	Він мусив чекати на вокзалі дві години.
2680573	Wymień to.	5759293	Заміни це.
3960505	Nic nie zostało.	5759294	Нічого не залишилося.
3759797	Czy mogłabyś podać mi słownik?	5759297	Ти могла би подати мені словник?
2185985	Tojeść jest do jedzenia.	5759301	Вербозілля можна їсти.
840208	Co pan sobie życzy na deser: lody czy świeże owoce?	5759309	Що ви бажаєте на десерт, морозиво чи свіжі фрукти?
5190308	Tom i Mary byli przyjaciółmi.	5759311	Том та Мері були друзями.
1626358	Zaśpiewajmy!	5759317	Заспіваймо!
982563	Jego przemówienie trwało trzy godziny.	5759319	Його промова тривала три години.
977239	Kupiliśmy nowy dom za 80 tys. dolarów.	5759583	Ми купили новий будинок за вісімдесят тисяч доларів.
358876	Masz psa, prawda?	5761275	У тебе є собака, правда?
3438603	Tom szuka pracy.	5761282	Том шукає роботу.
361185	Wszyscy ją chwalą.	5761309	Всі її хвалять.
1636475	Jestem gotowy, by Ci pomóc.	5761310	Я готовий тобі допомогти.
5388488	Zadowolony?	5761312	Задоволені?
3495345	Zostań na obiad.	5761324	Залишся на обід.
2155332	Troje z nich zaczęło się śmiać.	5761326	Троє з них почали сміятися.
2239256	Mam siedmiu przyjaciół. A ilu ty masz?	5761327	У мене сім друзів. А у тебе?
352911	Chyba był chory.	5761329	Він, мабуть, був хворий.
5488127	Ta wiewiórka ma alergię na orzechy.	5761343	У цієї білки алергія на горіхи.
1350993	Trzymaj psa na smyczy.	5761368	Тримай собаку на прив'язі.
3745222	Dlaczego winda nie działa?	5761369	Чому не працює ліфт?
643773	Winda jest nieczynna. Proszę korzystać ze schodów.	5761370	Ліфт не працює. Будь ласка, користуйтеся сходами.
3048179	Jestem pewien, że Tom cię polubi.	5761371	Я впевнений, що ти сподобаєшся Тому.
600300	Ja wiem wszystko.	5761374	Я знаю все.
2679970	Tom nie wygląda staro.	5761375	Том не виглядає старим.
968987	Tom spał na plecach.	5761377	Том спав на спині.
368966	Ten polityk zasługuje na szacunek.	5761385	Цей політик заслуговує на повагу.
991235	Ona uczy angielskiego.	5761389	Вона викладає англійську.
367721	Ta herbata jest znakomita.	5761392	Це відмінний чай.
459120	Jestem z Egiptu.	5761393	Я з Єгипту.
1452403	Ile kosztuje kilogram pomidorów?	5761394	Скільки коштує кілограм помідорів?
4289240	Jak mogę dodać tagi do zdania?	5761396	Як я можу додати теги до речення?
3546767	Otwieraj drzwi ostrożnie.	5761398	Відчиняй двері обережно.
730565	Ten plan zadowala wszystkich.	5761406	Цей план задовільняє всіх.
527330	Czym mogę ci pomóc?	5761408	Чим я можу тобі допомогти?
4328338	Jestem zajęta.	5761410	Я зайнята.
364623	Ta zupa jest za słona.	5761414	Цей суп пересолений.
364623	Ta zupa jest za słona.	5761415	Цей суп засолоний.
3660538	Przestań udawać, że wszystko jest w porządku. Nie jest.	5761422	Перестань удавати, що все в порядку. Це не так.
365769	Telewizor się zepsuł.	5761428	Телевізор зіпсувався.
574999	Czy potrzebujesz karetkę?	5761429	Тобі потрібна швидка?
2785232	Gram w ogrodzie.	5761484	Я граю в саду.
606067	Tak, chętnie.	5761568	Так, охоче.
929187	Nie wiesz, czy jutro będzie padać?	5761579	Не знаєш, чи завтра дощитиме?
1409709	Lubię herbatę.	5761582	Мені подобається чай.
348810	Kiedy się urodziła?	5761595	Коли вона народилася?
3111443	Nie jestem idiotą.	5761597	Я не ідіот.
4872952	Oddaj mi to.	5761606	Віддай мені це.
3034908	Jesteś dla mnie wyjątkowy.	5762033	Ти для мене винятковий.
1734690	Zablokowałeś mnie na Facebooku, a teraz zginiesz.	5764007	Ти заблокував мене на Фейсбуці, і зараз ти помреш.
3589486	Nadal nie wiemy, co powoduje migreny.	5764081	Ми й досі не знаємо, що є причиною мігрені.
3416419	Tom nie powiedział do mnie nic.	5764370	Том мені нічого не сказав.
3587300	Ktoś zmarł.	5764371	Хтось помер.
3743843	Ile to jest dwa plus trzy?	5764373	Скільки буде два плюс три?
3384225	Zostanę bogiem nowego świata.	5764390	Я стану богом нового світу.
768826	Przyczyną problemu jest brak komunikacji między działami.	5764424	Причина проблеми — брак комунікації між відділами.
5665136	Jesteś nieefektywny.	5764460	Ти неефективний.
716925	Przykro mi, że tak uważasz.	5764480	Мені прикро, що ти так вважаєш.
3657569	Liczymy na waszą pomoc.	5764493	Розраховуємо на вашу допомогу.
2810320	To nie w twoim stylu.	5764503	Це не в твоєму стилі.
592291	Uczęszczam do szkoły państwowej.	5764507	Я ходжу до державної школи.
4124374	Nie możesz im tego dać.	5764509	Ти не можеш їм того дати.
1186134	Mam chandrę.	5764512	У мене хандра.
2587075	Jesteś brzydki.	5764514	Ти бридкий.
4615200	Obiecanki cacanki.	5764523	Обіцянки — цяцянки.
1113015	Uwielbiam jeść żelki!	5764534	Я люблю їсти желейні цукерки!
2587142	Mam żółty samochód.	5764538	У мене жовта машина.
2587144	Mam niebieski samochód.	5764539	У мене блакитна машина.
2587145	Mam czerwony samochód.	5764540	У мене червона машина.
2826561	Jakie znasz języki?	5764541	Які ти знаєш мови?
3605022	Muszę naładować telefon.	5764543	Я мушу зарядити телефон.
3745148	Jaki elegancki kapelusik.	5764544	Який елегантний капелюшок.
750572	Im więcej ludzi, tym praca łatwiejsza.	5764546	Чим більше людей, тим легша праця.
3750056	Pijam gorzką kawę.	5764568	Я п'ю гірку каву.
933343	Dlaczego kłamiesz?	5764594	Чому ти брешеш?
919621	Otwórz swoje serce.	5764606	Відкрий своє серце.
3715108	Może Tom wie coś.	5764609	Може, Том щось знає.
529565	Pociąg jeszcze nie przyjechał.	5766413	Потяг ще не приїхав.
3048267	To jest nasz obowiązek.	5766414	Це наш обов'язок.
3749884	Widziałem światło.	5766416	Я бачив світло.
3749885	Widziałam światło.	5766418	Я бачила світло.
2193076	Czy masz płaskostopie?	5766419	У тебе плоскостопість?
2587077	Jesteś bardzo brzydki.	5766420	Ти дуже бридкий.
2587135	Torba jest brązowa.	5766422	Сумка коричнева.
3743803	Lubię tasować karty.	5766423	Я люблю тасувати карти.
2178486	Wszyscy ludzie są nudni.	5766424	Всі люди нудні.
2830041	Nikt mnie nie słyszy.	5766425	Ніхто мене не чує.
3743458	Programiści zaokrąglają do 1024.	5766426	Програмісти заокруглюють до 1024.
3745022	Czas wracać do domu.	5766429	Час повертатися додому.
3749882	Czy lubisz kuchnię turecką?	5766431	Тобі подобається турецька кухня?
3943050	Co ty im robisz?	5766432	Що ти їм робиш?
4264314	Kiedy wracasz do domu?	5766433	Коли ти повертаєшся додому?
4790351	Proszę, mów troszkę wolniej.	5766434	Будь ласка, говори трохи повільніше.
4910252	To jest biedna rodzina.	5766436	Це бідна родина.
2178574	Ryba psuje się od głowy.	5766438	Риба псується з голови.
3528776	Już byłem u twojego ojca.	5766441	Я вже був у твого батька.
364698	To już duży chłopak.	5766444	Він вже великий хлопець.
3051146	To nie może być zrobione.	5766446	Це не може бути зроблено.
1085682	Zrobiłem odkrycie.	5766448	Я зробив відкриття.
4017732	Nie jest aż tak gorąco.	5766450	Не так вже й спекотно.
547292	Wybacz mi, proszę!	5766451	Пробач мені, будь ласка!
4165170	On jest dla niej zbyt stary.	5766452	Він для неї застарий.
349413	To była nowa książka.	5766457	Це була нова книжка.
943644	Szkoda, że Mary nie ma poczucia humoru.	5766460	Шкода, що Мері не має почуття гумору.
966894	Musiałem dopłacić pięć dolarów.	5766465	Я мусив доплатити п'ять доларів.
3018037	Ona gra z nimi w pokera.	5766467	Вона грає з ними в покер.
523401	Pobiegł do jeziora.	5766472	Він побіг до озера.
754192	Bardzo dziękuję za piękną pocztówkę.	5766473	Дуже дякую за чудову листівку.
1575767	Mieszkałem w Bydgoszczy.	5766478	Я жив у Бидгощі.
3817497	Dlaczego Tom to robił?	5766485	Навіщо Том це робив?
5636925	Tom obiecał.	5766486	Том обіцяв.
4813096	To jest duże zwierzę.	5766503	Це велика тварина.
960912	Te ceny są absurdalne!	5766505	Ці ціни абсурдні!
1133659	Spokojnie! Ile bym nie wypił, nie ma to wpływu na moje prowadzenie samochodu.	5766514	Спокійно! Скільби би я не випив, то не впливає на моє керування машиною.
3247189	Bardzo mi się „Tatoeba” podoba.	5766515	Мені дуже подобається сайт Татоеба.
355987	Autobus przyjechał spóźniony 10 minut.	5766672	Автобус приїхав із запізненням на десять хвилин.
3576112	Biegasz codziennie?	5766678	Ти бігаєш щоденно?
591095	Ona mówi dobrze po hiszpańsku.	5766679	Вона добре говорить іспанською.
353936	To jedyna droga do najbliższego miasta.	5766694	Це єдина дорога до найближчого міста.
531772	Central Park jest niedaleko mojej pracy.	5766696	Центральний парк недалеко від моєї роботи.
4790196	Tomowi niczego nie brakuje.	5766697	Тому нічого не бракує.
959577	Lubisz surfing?	5766759	Тобі подобається серфінг?
498421	Szczęśliwej drogi.	5766787	Щасливої дороги.
571129	Jego koncert był bardzo dobry.	5766801	Його концерт був дуже добрий.
364228	Te fakty poznali wszyscy.	5773561	Про ці факти дізналися всі.
999489	Lepiej poczekać na następny autobus.	5773870	Краще почекати на наступний автобус.
4453871	Nie kupili chleba.	5773874	Вони не купили хліба.
352883	Przykro mi, że nie dotrzymałem obietnicy.	5773882	Мені прикро, що я не дотримався обіцянки.
919524	Dziadek mówi bardzo wolno.	5773891	Дід говорить дуже повільно.
3099772	Zrobiliśmy to kilka razy.	5773893	Ми зробили це кілька разів.
406202	Była na granicy samobójstwa.	5773897	Вона була на межі самогубства.
4917178	Oni mieszkają przy plaży.	5773904	Вони мешкають біля пляжу.
351976	Mój młodszy brat jeszcze śpi.	5773910	Мій молодший брат ще спить.
837850	To nieistotne.	5773914	Це неістотно.
4647933	Nie mam zamiaru tego jeść.	5774798	Я не збираюся це їсти.
355905	To zupełnie nowy produkt.	5775667	Це абсолютно новий продукт.
2583269	No dobrze, noc jest bardzo długa, prawda?	5775668	Ну добре, ніч дуже довга, чи не так?
4197508	Rosjanie są zdolni nazywać braćmi ludzi, których mordują, a których kraj obracają w ruinę.	5783491	Росіяни здатні називати братами людей, яких вбивають, і чию країну обертають в руїну.
756648	Naprawdę chcesz tego?	5784317	Ти справді цього хочеш?
1583663	W jej pokoju nic nie ma.	5784328	В її кімнаті нема нічого.
3050199	Jego matka jest Amerykanką.	5784329	Його мати — американка.
3985854	Tom chce wiedzieć, co się stało.	5784331	Том хоче знати, що сталося.
602620	Pływasz o wiele lepiej od niego.	5784338	Ти плаваєш набагато краще за нього.
915156	Jego siostra za dużo myśli o modzie.	5784340	Його сестра забагато думає про моду.
930385	Przerwali rozmowę.	5784342	Вони припинили розмовляти.
936381	Zrobiła sobie zdjęcie z aktorem.	5784345	Вона сфотографувалася з актором.
2206287	Pisz piórem kulkowym.	5784347	Пиши кульковою ручкою.
3070692	Pamiętasz tamten dzień?	5784359	Пам'ятаєш той день?
3587221	Nie czytam książek.	5784360	Я не читаю книжок.
4716967	Tom miał wielu wrogów.	5784362	Том мав багато ворогів.
754197	Lepiej trzymać się od niego z daleka.	5784409	Ліпше триматися від нього подалі.
826735	Wierzysz w UFO?	5784410	Ти віриш у НЛО?
1002569	Musiałem iść do domu piechotą.	5784435	Я мусив йти додому пішки.
3750053	Spójrz na tamten.	5784441	Подивись на он той.
1218395	Nic nie jadłam od rana.	5784578	Я з ранку нічого не їла.
1218394	Nic nie jadłem od rana.	5784579	Я від ранку нічого не їв.
702137	Czy zagrasz ze mną?	5787801	Пограєш зі мною?
1000640	Uwielbiam arabski.	5787805	Я люблю арабську мову.
615787	Następny, proszę!	5787823	Наступний, будь ласка!
3004462	Uważa się, że "Hamlet" jest najciekawszą sztuką, jaką kiedykolwiek napisano.	5789705	Вважається, що "Гамлет" — одна з найцікавіших п'єс, що коли-небудь була написана.
3634335	Tom kupił mały domek na cichej ulicy.	5790768	Том купив малий будинок на тихій вулиці.
661335	Nie lubię pić.	5792083	Я не люблю пити.
970396	Sto lat!	5792111	Здоров'я на сто років!
2587138	Moneta jest złota.	5792119	Монета золота.
2587140	Mam zielony samochód.	5792120	У мене зелена машина.
4649121	A czemu nie?	5792127	А чому ні?
1846108	Tak, to mój słownik.	5792135	Так, це мій словник.
1846160	Ja jestem z Grecji.	5792137	Я з Греції.
1863841	Jestem ci bardzo wdzięczna	5792141	Я тобі дуже вдячна.
2242378	Byliśmy u twojej matki.	5792144	Ми були у твоєї матері.
2251856	Chcę z nim porozmawiać.	5792146	Я хочу з ним поговорити.
914751	To jest człowiek, którego dobrze znam.	5792153	Це людина, яку я добре знаю.
842069	Nie karm tego psa.	5792155	Не годуй цього собаку.
3868089	Czekasz na kogoś?	5792157	Ти на когось чекаєш?
3834817	Spróbuję się dowiedzieć, gdzie mieszka Tom.	5792161	Я спробую довідатися, де мешкає Том.
1563261	Jestem niezdarny.	5792163	Я нездара.
722454	We Włoszech zawsze świeci słońce.	5792176	В Італії завжди світить сонце.
4270383	Ile mamy dzisiaj stopni?	5792186	Скільки сьогодні градусів?
5166379	On ci nie pomoże.	5792188	Він тобі не допоможе.
836353	Twój angielski bardzo się poprawił.	5792191	Твоя англійська сильно покращилася.
3038403	Jesteśmy z Bostonu.	5792193	Ми з Бостона.
2693137	Moja matka jest dobrą kobietą.	5792195	Моя мама — добра жінка.
3807873	Zadajesz dużo pytań, czyż nie?	5792196	Ти ставиш багато питань, чи не так?
5221594	Tom twierdzi, że Mary kłamie.	5792224	Том стверджує, що Мері бреше.
366701	Tom nie umie jeszcze pływać.	5792283	Том ще не вміє плавати.
495074	Jasne, że się mylisz.	5792306	Ясно, що ти помиляєшся.
543528	Nie mam zamiaru tego sprzedawać.	5792307	Я не маю наміру це продавати.
4884245	Tom jest młody ale wie co robi.	5792310	Том молодий, але знає, що робить.
1270157	On boi się pływać.	5792341	Він боїться плавати.
999292	Mówię po angielsku codziennie.	5792343	Я щоденно розмовляю англійською.
602611	Ojciec jest w pokoju.	5792347	Батько в кімнаті.
2900735	Jestem zmęczony, ale nie mogę zasnąć.	5792351	Я втомлений, але не можу заснути.
3038379	Zawsze jesteśmy weseli.	5793066	Ми завжди веселі.
418304	Jest 1000 filmów, które trzeba zobaczyć przed śmiercią.	5793151	Є тисяча фільмів, які треба подивитися перед смертю.
543382	Czy wierzysz w boga?	5794362	Чи ти віриш в бога?
362542	Miał przy sobie broń.	5794823	Він мав із собою зброю.
582841	Gdzie pan będzie?	5795370	Де ви будете?
3427672	Nawet nie mam dziewczyny.	5796058	У мене навіть немає дівчини.
2406004	Słyszysz?	5796318	Чуєш?
356896	Ona mieszka za granicą.	5796505	Вона живе за кордоном.
361202	Nie wątpię w jego sukces.	5796506	Я не сумніваюся в його успіху.
2774839	Nie zwracaj na mnie uwagi.	5798256	Не звертай на мене уваги.
3881834	Moi klienci nigdy nie narzekają.	5798990	Мої клієнти ніколи не нарікають.
5150699	Mieszkam w Helsinkach.	5800739	Я мешкаю в Гельсінкі.
3373930	Wojna trwała cztery lata.	5802581	Війна тривала чотири роки.
365126	On ma co najmniej 60 lat.	5804891	Йому принаймі шістдесят років.
1353201	Dziś są wybory w Polsce.	5805510	Сьогодні в Польщі вибори.
676814	Opuścił kolejkę.	5806215	Він пропустив свою чергу.
2586971	Czy to zdanie jest poprawne?	5806295	Це речення правильне?
415323	Widząc to, zaczerwieniła się.	5806317	Побачивши це, вона почервоніла.
2868337	Ona rozebrała się.	5806322	Вона роздягнулася.
1007351	Ciężarówka ostro skręciła w lewo.	5806334	Вантажівка різко повернула наліво.
5136109	One rozumieją, że to ważne.	5806342	Вони розуміють, що це важливо.
531648	Zawsze będziemy przyjaciółmi.	5806358	Ми завжди будемо друзями.
1659882	Czy mieszkasz sam?	5806376	Ти живеш сам?
2063371	Nie mam pojęcia co to jest.	5808652	Не маю уяви, що це.
3127244	Tęskniliśmy za Tomem.	5810107	Ми сумували за Томом.
4101597	Emily słuchała muzyki.	5812565	Емілі слухала музику.
348728	Pracowała wyłącznie dla pieniędzy.	5823591	Вона працювала винятково заради грошей.
451114	Nie zapomnij swoich łyżew.	5823611	Не забудь свої ковзани.
2330556	Czy to jabłko jest żółte?	5823646	Це яблуко жовте?
360455	On ma aż dwanaścioro dzieci.	5823701	У нього аж дванадцять дітей.
544394	Czy pożyczysz mi trochę pieniędzy?	5823704	Позичиш мені трохи грошей?
2705284	Tęsknię za tobą kiedy cię tu nie ma.	5823706	Я сумую за тобою, коли тебе тут нема.
668695	Twoja koszula domaga się prania.	5832359	Твою сорочку потрібно випрати.
3373920	Pochodzę z Iranu.	5832507	Я з Ірану за походженням.
359898	Rachunek jest do zapłaty dzisiaj.	5833287	Рахунок треба оплатити сьогодні.
627660	On jest dumny ze swojej punktualności.	5833290	Він пишається своєю пунктуальністю.
352423	Zrobię, jak radzisz.	5833322	Я зроблю так, як ти радиш.
1716760	Zęby lwa są ostre.	5833493	Зуби лева гострі.
1716760	Zęby lwa są ostre.	5833494	У лева гострі зуби.
526132	Czy masz już brodę?	5836785	У тебе вже є борода?
1350200	Nadciąga kryzys.	5836888	Криза наближається.
3987889	Oszczędzaj wodę!	5836891	Заощаджуй воду!
2175903	W wolności nadzieja.	5836896	У свободі надія.
1860278	Lubię jeździć konno.	5836901	Я люблю їздити верхи.
2178447	Jesteś dusza towarzystwa.	5836906	Ти душа компанії.
1618811	Ola idzie do lekarza.	5836917	Оля йде до лікаря.
930242	Jak wytłumaczysz swoje spóźnienie?	5838531	Як ти поясниш своє запізнення?
569983	On był świadkiem morderstwa.	5838578	Він був свідком убивства.
945809	Mój kot wyszedł spod stołu.	5838581	Мій кіт вийшов з-під столу.
2155297	Bardzo lubię pomarańcze.	5838583	Я дуже люблю апельсини.
3997736	Gdzie jest Pana walizka?	5838584	Де ваша валіза?
2145663	Naprawdę chcesz to zrobić?	5838588	Ти насправді хочеш це зробити?
3216920	W tym klubie jest więcej niż 50 członków.	5838590	У цьому клубі більше п'ятидесяти членів.
3736568	Widzieliśmy to.	5838591	Ми це бачили.
3933414	Tom dość często jada lunch w tej restauracji.	5838594	Том досить часто обідає в тому ресторані.
4931202	Mogę iść do domu?	5838596	Можна мені піти додому?
5629837	Tom wysłuchał.	5838598	Том вислухав.
3736569	Widzieliśmy go.	5838606	Ми його бачили.
897798	Na twoim miejscu postąpiłbym inaczej.	5838631	На твоєму місці я би поступив інакше.
760421	Pora spać!	5838636	Час спати!
502020	Ludzie domagali się ukarania tego przestępcy.	5839089	Люди домагалися покарання цього злочинця.
5014508	Ja zawsze chciałem napisać książkę dla dzieci.	5840724	Я завжди хотів написати книжку для дітей.
360288	Pojechałem taksówką, bo padało.	5846546	Я поїхав на таксі, бо йшов дощ.
669645	Ten człowiek umierał.	5847338	Цей чоловік помирав.
461123	Z kijanek rozwijają się żaby.	5857721	З пуголовків виростають жаби.
412950	Wykluczyli Johna z tego klubu.	5862479	Вони виключили Джона з того клубу.
354029	Nie mamy cukru.	5868735	У нас немає цукру.
5868727	Tom też tańczy.	5868738	Том також танцює.
404467	Wczoraj ćwiczyła wymowę angielską.	5869749	Вчора вона практикувала англійську вимову.
4546186	W moim miasteczku jest zamek.	5869949	У моєму містечку є замок.
525566	Nowa sekretarka pisze szybciej niż poprzednia.	5875988	Нова секретартка пише швидше від попередньої.
3851811	Tom cię potrzebuje.	5876029	Том потребує тебе.
3851811	Tom cię potrzebuje.	5876030	Ти потрібен Тому.
442726	Gdybym był zdrowy, byłbym szczęśliwy.	5876462	Якби я був здоровий, я був би щасливий.
5882379	Dlaczego Tom nie chce iść?	5882393	Чому Том не хоче йти?
5882567	Codziennie jem obiad w tej restauracji.	5882571	Я щодня обідаю в цьому ресторані.
2239451	Ona mogła znać odpowiedź.	5886279	Вона могла знати відповідь.
572013	Dzwoniłem do niego wczoraj.	5886482	Я телефонував йому вчора.
5887737	Każdy chce być przyjacielem Toma.	5887907	Кожен хоче бути другом Тома.
5882738	Jadłeś już lunch?	5889666	Ти вже пообідав?
613592	Moje mieszkanie jest niedaleko.	5889788	Моя квартира недалеко.
4917277	Którego rodzica przypominasz bardziej?	5890451	На кого з батьків ти схожий більше?
766168	Widziałem go w telewizji, ale nie osobiście.	5890490	Я бачив його по телевізору, але не особисто.
410007	Skończę w ciągu godziny.	5891561	Я закінчу протягом години.
1350153	On chyba obraził się na mnie.	5895954	Він, мабуть, на мене образився.
1348785	Dobranoc wszystkim, którzy jeszcze nie śpią.	5895955	Добраніч усім, хто ще не спить.
1357178	Przeczytałem w gazecie , że ludzie rozpaczają.	5895959	Я прочитав у газеті, що люди у розпачі.
591804	O co ci chodzi?	5896144	Про що йде мова?
591804	O co ci chodzi?	5896145	Про що мова?
591528	Tylko Mary przyszła.	5896157	Прийшла лише Мері.
5652008	Potrzebuję tego.	5899921	Мені це потрібно.
352980	Chcesz coś do picia?	5900668	Хочеш щось випити?
349074	Ojciec zabronił mi czytać książki w łóżku.	5901435	Батько заборонив мені читати книжки в ліжку.
402678	Planowy przylot - godzina 19:00.	5907138	Плановий приліт - о дев'ятнадцятій годині.
3677213	Jestem przekonany, że Tom jest niewinny.	5907415	Я переконаний, що Том невинний.
945850	Chciałbym pojechać na Hawaje.	5908436	Я хотів би поїхати на Гаваї.
4413901	Wszystkie dzieci dostały prezent.	5908499	Всі діти отримали подарунок.
5910631	Twoje imię to Tom, prawda?	5910632	Тебе звати Томом, правда?
983735	Może mi Pan powiedzieć, co się dzieje?	5911778	Ви можете мені сказати, що діється?
983735	Może mi Pan powiedzieć, co się dzieje?	5911779	Ви можете мені сказати, що відбувається?
4359799	Hej, co to jest?	5914578	Гей, що це?
1169117	On rozmawia przez telefon.	5924989	Він розмовляє по телефону.
367658	Skończyłem już zadanie domowe.	5928597	Я вже зробив домашню роботу.
3853045	Nigdy więcej mnie nie zobaczysz.	5930845	Ти більше ніколи мене не побачиш.
3430415	Tom jest bardzo łatwowierny.	5946721	Том дуже легковірний.
722205	Pomyliła mnie z moim bratem.	5948361	Вона сплутала мене з моїм братом.
366134	W ogrodzie są piękne kwiaty.	5948996	У саду є гарні квіти.
495061	W matematyce on nie ma sobie równych.	5952166	Він не має собі рівних в математиці.
5954563	Ateny są stolicą Grecji.	5954568	Афіни — столиця Греції.
358870	Dał jej książkę.	5954598	Він дав їй книжку.
3926298	Co trzymasz w ręce?	5956822	Що ти тримаєш в руці?
5966766	Szantażował mnie.	5966885	Він шантажував мене.
5932974	Komputery są bardzo użyteczne.	5973698	Комп'ютери дуже корисні.
745299	Słoń to bardzo duże zwierzę.	6020796	Слон — дуже велика тварина.
723819	Czasami patrzyłem w niebo.	6034406	Я іноді дивився в небо.
5196970	Daj mi trochę więcej czasu.	6039308	Дай мені трохи більше часу.
2265145	Żadna szczepionka nie zabezpieczy przed tą chorobą.	6041666	Жодне щеплення не убезпечить від цієї хвороби.
2282492	Dużo pracowałem w tym tygodniu.	6056742	Я багато працював на цьому тижні.
4855241	Tom tego nie widział.	6077907	Том цього не бачив.
961016	To prawda, że ukradł perłę.	6084299	Це правда, що він украв перлину.
533663	Połowa pracowników wzięła dzień wolny.	6084460	Половина працівників взяли відпустку на один день.
366159	Chcesz iść z nami?	6084476	Хочеш піти з нами?
3297223	Jak by to wyglądało?	6091792	Як би це виглядало?
566804	Mieszkam niedaleko.	6097107	Я живу недалеко.
363542	Zrobiła to sama.	6098400	Вона зробила це сама.
357627	On śpi jak dziecko.	6101498	Він спить як дитя.
2105512	Jego samochód ma dwa lata.	6146680	Його машині два роки.
6154523	Chciałbym kupić dwa bilety ulgowe.	6154524	Я хотів би купити два пільгових квитки.
6138345	Spotkałem ją przypadkowo.	6154525	Я зустрів її випадково.
6155683	Wygląda trochę jak macka ośmiornicy.	6155691	Трохи схоже на щупальце восьминога.
6155719	Cóż to było za widowisko!	6155728	Яке це було видовище!
6155776	Kalmar to zwierzę morskie.	6155779	Кальмар — морська тварина.
6155800	Co wiesz o aksamicie?	6155808	Що ти знаєш про оксамит?
357299	Nasza szkoła znajduje się w centrum miasta.	6157140	Наша школа знаходиться в центрі міста.
6157203	Byłam zbyt szczęśliwa aby spać.	6157218	Я була занадто щаслива, щоб спати.
6157299	Tom lubi pieniądze.	6157301	Том любить гроші.
3703926	Tom lubi swoją pracę.	6157528	Том любить свою роботу.
6157568	Uważam, że to prawda.	6157576	Я вважаю, що це правда.
6157637	Nic nie robimy.	6157642	Ми нічого не робимо.
6161018	Czy aligator i krokodyl to nie to samo?	6161024	Чи алігатор та крокодил — це не одне й те саме?
6161026	To była naprawdę piękna kołysanka.	6161041	Це була дійсно гарна колискова.
6160938	Czekam na twoją odpowiedź.	6161042	Я чекаю на твою відповідь.
393345	Mój dziadek lubi spacerować.	6176313	Мій дідусь любить гуляти.
6207808	W Biblii jest napisane, że Ziemia została stworzona przez Boga.	6207810	В Біблії написано, що Землю створив бог.
6207833	Czego te dzieci tam w ogóle szukały?	6207834	Що ці діти там взагалі шукали?
1983780	Nie mój cyrk, nie moje małpy.	6277277	Не мій цирк, не мої мавпи.
1983780	Nie mój cyrk, nie moje małpy.	6277279	Це не моя проблема.
6300160	Czy one w ogóle czytały tę książkę?	6300165	Вони взагалі читали цю книжку?
6300257	Szanowała nawet wrogów.	6300267	Вона шанувала навіть ворогів.
4359896	Straciłem dużo pieniędzy.	6301044	Я втратив багато грошей.
6308371	To nie dotyczy uczniów.	6308375	Це не стосується учнів.
348795	Zaraz wracam.	6317069	Зараз повернуся.
3285519	Mam temperaturę.	6318749	У мене температура.
2976932	Spóźniłem się na pociąg.	6367880	Я запізнився на потяг.
6320985	Słuchaj głosu swego serca!	6368097	Слухай голос свого серця!
1735718	Prawidłowo zrozumiałeś.	6376352	Ти правильно зрозумів.
566811	Byłem zajęty wczoraj.	6385996	Я вчора був зайнятий.
6386531	Przetłumaczyłeś wszystkie zdania.	6386534	Ти переклав усі речення.
6386532	Przetłumaczyłaś wszystkie zdania.	6386536	Ти переклала всі речення.
3846629	Tom zrobił śniadanie.	6388824	Том зробив сніданок.
1220878	W pokoju zapanowała cisza.	6399941	У кімнаті запанувала тиша.
4625389	Żeby cię diabli wzięli!	6405809	Чорти б тебе позабирали!
3016112	Jego wpływ nadal jest silny.	6440802	Його вплив ще сильний.
6405772	Bez paniki!	6441047	Без паніки!
731977	Strasznie mi przykro.	6445248	Мені дуже прикро.
5377713	Pojadę następnym autobusem.	6446646	Я поїду наступним автобусом.
766143	Nie zrozumiałem, co pan powiedział.	6450150	Я не зрозумів, що ви сказали.
590699	Mój brat mówi bardzo szybko.	6451260	Мій брат говорить дуже швидко.
6451738	Mój nowy scyzoryk ma wiele przydatnych funkcji.	6451743	Мій новий цизорик має багато корисних функцій.
6451738	Mój nowy scyzoryk ma wiele przydatnych funkcji.	6451744	Мій новий складаний ніж має багато корисних функцій.
6452200	Ten plan zadziała.	6452207	Цей план спрацює.
4735390	Kocham baseball.	6460612	Я люблю бейсбол.
959463	Zdradził przyjaciół dla pieniędzy.	6461750	Він зрадив друзів заради грошей.
349163	Udało nam się!	6463013	Нам вдалося!
933370	Interesuje się pan muzyką?	6470032	Вас цікавить музика?
4111338	On jest trochę nieśmiały.	6471699	Він трохи несміливий.
366624	Pociąg składa się z 15 wagonów.	6480020	Потяг складається з п'ятнадцяти вагонів.
4327782	Nie słyszałaś, że cię wołałam?	6482431	Чи ти чув як я волав?
4327782	Nie słyszałaś, że cię wołałam?	6482434	Чи ти чув що я кличу?
3744785	Trzeba działać!	6533035	Треба діяти!
362402	Johnowi podoba się ta pielęgniarka.	6590829	Джону подобається ця медсестра.
6441688	Tom spróbuję znowu.	6591206	Том спробує знову.
6598880	Tom traci kontrolę.	6598881	Том втрачає контроль.
560204	Każdy może to zrobić.	6626513	Кожен може це зробити.
601359	W książce brakuje dwóch stron.	6631717	У книжці бракує двох сторінок.
601359	W książce brakuje dwóch stron.	6631718	У книжці не вистачає двох сторінок.
1355949	Tom ma specyficzne poczucie humoru.	6633630	Том має специфічне почуття гумору.
6634125	Ten sklep spożywczy sprzedaje tylko organiczną żywność.	6634131	У цьому продовольчому магазині продається лише органічна їжа.
5627196	Zaczekaj tutaj.	6635698	Зачекай тут.
5934762	Wiesz może gdzie mieszka Tom?	6637988	Може знаєш, де живе Том?
4716911	Zazwyczaj to dobry znak.	6639743	Зазвичай, це добрий знак.
938897	Jestem dumny z mojej punktualności.	6640068	Я пишаюся своєю пунктуальністю.
3634724	Nie za bardzo lubię podróżować.	6645981	Я не занадто сильно люблю подорожувати.
745264	Księżyc świeci w nocy.	6668193	Місяць світить вночі.
6676834	Tom często gubi klucze.	6676845	Том часто губить ключі.
6678975	Karakan to potoczna nazwa karalucha.	6678983	Польскою мовою "karakan" — це розмовне слово, що означає "тарган".
6680132	Rośliny potrzebują światła słonecznego i wody.	6680134	Рослини потребують сонячного світла й води.
6680132	Rośliny potrzebują światła słonecznego i wody.	6680135	Рослинам потрібні сонячне світло й вода.
6682391	Mam dwa pytania.	6682645	Я маю два питання.
6684232	Sól się skończyła.	6684234	Сіль закінчилася.
6688741	Bardzo mało o tym wiemy.	6688742	Ми дуже мало про це знаємо.
6688759	Czy to prawda, że słonie mają dobrą pamięć?	6688816	Це правда, що слони мають добру пам'ять?
6684214	Syn był dla niej wszystkim.	6688817	Син був для неї всім.
923203	Kiedy ją pan poznał?	6691672	Коли ви з нею познайомилися?
2403189	Tom niósł bukiet kwiatów.	6718715	Том ніс букет квітів.
2725504	Twoja matka jest bardzo młoda, prawda?	6719208	Твоя мати дуже молода, правда?
1626377	Czy lubi pan deszcz?	6729543	Ви любите дощ?
6729546	Uwaga, zły pies!	6729548	Обережно, злий собака!
3951181	To był twój błąd.	6739281	Це була твоя помилка.
3749965	Napiszę do Toma.	6741167	Я напишу Тому.
1112450	Ile osób nie żyje?	6750962	Скільки осіб загинуло?
5366900	Przepraszam...	6760260	Перепрошую...
6763098	Gdzie jest jadalnia?	6763202	Де їдальня?
1414773	Dziękujemy.	6767889	Дякуємо.
6769224	Jestem pewien na 99%.	6770442	Я певен на 99%.
6771327	To dobra strategia.	6771334	Це добра стратегія.
6771341	Tom jest brzuchomówcą.	6771423	Том черевомовець.
6775038	Idź na swoje miejsce.	6775222	Йди на своє місце.
3873628	Już rozmawiałem z Tomem.	6784451	Я вже розмовляв із Томом.
4837658	Przeczytałeś to?	6787403	Ти це прочитав?
356879	Spieszyłem się, więc musiałem wziąć taksówkę.	6827679	Я поспішав, тому я був змушений взяти таксі.
6883677	Czasami zapominamy zrobić rzeczy, które trzeba zrobić.	6883686	Іноді ми забуваємо зробити речі, які треба зробити.
1240161	Jak się miewa Twoja mama?	6885435	Як справи у твоєї мами?
355487	Tony mówi po angielsku równie dobrze jak ty.	6886557	Тоні говорить англійською так само добре, як і ти.
4644253	Zapytałem go, gdzie mieszka.	6895106	Я запитав його, де він мешкає.
4644253	Zapytałem go, gdzie mieszka.	6895107	Я запитав його, де він живе.
3817529	Mam wieści.	6946590	Маю новини.
349251	Japonia to kraj przemysłowy.	6953430	Японія — промислова країна.
525029	Nie jest już taka jak dziesięć lat temu.	7128270	Вона вже не така, як десять років тому.
7140829	Mój wujek jest bardzo bogaty.	7140856	Мій дядько дуже багатий.
7165586	Tom nadmuchuje balon.	7165591	Том надуває кульку.
7165611	Źle się to skończyło.	7165619	Це погано скінчилося.
7166428	Nie chcę, żeby ludzie o tym wiedzieli.	7166434	Я не хочу, щоб люди про це знали.
2470056	Tom wyrzucił śmieci.	7206582	Том викинув сміття.
1474252	Kto się tym zajmie?	7216282	Хто цим займеться?
6557884	Dobrze powiedziane!	7266955	Добре сказано!
3685500	To już nie stanowi problemu.	7298898	Це вже не становить проблеми.
7330465	Nie spodziewałam się, że wrócisz tak szybko.	7330468	Я не сподівалася, що ти так швидко повернешся.
7321624	Co robicie?	7330948	Що робите?
7303748	Podłoga była bardzo zimna.	7334309	Підлога була дуже холодна.
7335513	Mieszkasz w Tokio, co nie?	7335516	Ти мешкаєш у Токіо, так?
7335521	Istnieje wiele gwiazd większych od naszego Słońca.	7335524	Існує багато зірок, більших від нашого Сонця.
6154776	Czy jesteś Japonką?	7422843	Ти японка?
952178	Proszę się odwrócić.	7427248	Поверніться, будь ласка.
7434183	Dlaczego on się zawsze spóźnia?	7434252	Чому він завжди запізнюється?
7434154	Na co mu dwa rowery?	7434254	Навіщо йому два велосипеди?
4721620	Nie jesteś moją matką.	7557095	Ти не моя мама.
367597	Co zrobił Jean?	7667283	Що зробив Жан?
7677768	Pokaż mi to.	7677775	Покажи мені це.
2435408	Studiuję język angielski.	7703634	Я вивчаю англійську мову.
6160728	Przyszłam.	7842608	Я прийшла.
7868723	Czy jesteście uprzedzeni?	7868831	Ви упереджені?
2372626	Te skarpetki śmierdzą.	7870245	Ці шкарпетки смердять.
7123479	Nie prowokuj mnie.	7881184	Не провокуй мене.
7881189	Tom pozwolił nam pomóc Mary.	7881195	Том дозволив нам допомогти Мері.
7881858	Potrzebny nam plan B?	7881865	Нам потрібний план Б?
7881904	Tom chce całusa.	7881913	Том хоче поцілунок.
7909001	Lubię twoje koty.	7909012	Мені подобаються твої коти.
2759085	Oni jedzą nożem i widelcem.	7958834	Вони їдять ножем та виделкою.
2759085	Oni jedzą nożem i widelcem.	7958838	Вони їдять за допомогою ножа та виделки.
751424	A przy okazji, ile pan ma lat?	7967621	До речі, скільки вам років?
7983116	Lubisz swoje imię?	7983117	Тобі подобається твоє ім'я?
3887836	Oczekiwałam o wiele więcej.	8035091	Я очікувала набагато більшого.
8016863	One nas nie znają.	8083054	Вони нас не знають.
7972246	Mówisz jak dziecko.	8083464	Ти розмовляєш як дитина.
4400831	Czy to wasze zdjęcia?	8128163	Це ваші фотографії?
6859092	Zauważyłeś, że Tom na ciebie patrzył?	8167360	Ти зауважив, що Том на тебе дивився?
8178598	Mary jest ślepa na jedno oko.	8178606	Мере сліпа на одне око.
1410357	Kiedy przyszedłeś?	8223889	Ти коли прийшов?
5665572	Ma siedemnaście lat.	8241111	Їй сімнадцять років.
5665572	Ma siedemnaście lat.	8241112	Їй сімнадцять.
8253383	Muszę pracować.	8253929	Я мушу працювати.
8180191	Czego potrzebujesz?	8253950	Чого ти потребуєш?
7821522	Tom pracuje sam.	8253962	Том працює сам.
7821521	Tom był sam.	8253963	Том був сам.
7886528	Należeli do klasy średniej.	8254070	Вони належали до середнього класу.
7886474	Książka spadła na podłogę.	8254074	Книжка впала на підлогу.
8254328	Bzdura!	8254339	Бздура!
2912959	Ramię Toma musiało być amputowane.	8282654	Руку Тома треба було ампутувати.
8347292	Porządek musi być.	8347298	Порядок мусить бути.
8347292	Porządek musi być.	8347299	Порядок має бути.
360449	Wziął książkę z półki.	8408334	Він взяв книжку з полки.
8543051	Nikt mnie nie potrzebuje.	8543056	Я нікому не потрібен.
8543051	Nikt mnie nie potrzebuje.	8543057	Я нікому не потрібна.
497352	Ta kobieta mówi po hiszpańsku.	8616538	Ця жінка говорить іспанською.
8620917	Znalazłam!	8620928	Знайшла!
8664056	Nie ma żadnych podstaw do skargi.	8664079	Немає жодних підстав для скарги.
8667383	Wystarczy na dziś.	8667501	На сьогодні вистачить.
8667383	Wystarczy na dziś.	8667502	Вистачить на сьогодні.
8732815	Lubisz Mozarta?	8732817	Тобі подобається Моцарт?
8732815	Lubisz Mozarta?	8732818	Ти любиш Моцарта?
8734597	Co my tu mamy?	8734602	Що ми тут маємо?
8761015	Mam problemy.	8761019	Я маю проблеми.
8761436	Mam pamięć złotej rybki.	8761438	У мене пам'ять, як у золотої рибки.
8765636	Mamy czas?	8765645	Ми маємо час?
8765636	Mamy czas?	8765647	У нас є час?
8770328	W pokoju było zimno.	8770331	В кімнаті було холодно.
8770447	Tom kupił samochód.	8770453	Том купив машину.
8771017	Daj mi swój zegarek.	8771018	Дай мені свій годинник.
8771041	Co możesz mi dać?	8771043	Що ти можеш мені дати?
8771384	Ma pan drobne?	8771387	У вас є дрібні гроші?
8772828	Ignorujemy Toma.	8772841	Ми ігноруємо Тома.
8775828	Brzmi podejrzanie.	8775834	Звучить підозріло.
358828	Kto gra na fortepianie?	8898722	Хто грає на фортепіано?
4837543	Tom mieszka nade mną.	8917116	Том мешкає наді мною.
8917555	Włącz telewizor.	8917568	Увімкни телевізор.
8918709	Zbudowano go ponad 500 lat temu.	8918715	Його було збудовано понад 500 років тому.
8921345	Herbata jest ciepła.	8921354	Чай теплий.
8926249	Tom mieszka w Rzymie.	8927773	Том мешкає в Римі.
3851797	Tom czegoś potrzebuje.	9011279	Том чогось потребує.
7881720	Rozumiecie po szwedzku.	9088594	Розумієте шведську мову.
7881720	Rozumiecie po szwedzku.	9088598	Розумієте по-шведськи.
2395716	Nie zawsze jest łatwo odróżnić dobrą książkę od złej.	9193706	Не завжди легко відрізнити гарну книжку від поганої.
9612662	Grzegorz Brzęczyszczykiewicz, Chrząszczyżewoszyce, powiat Łękołody.	9613325	Ґжеґож Бженчищикевіч, Хжонщижевошице, повіт Ленколоди.
9679527	Znam drogę.	9679553	Я знаю дорогу.
4830205	Jeśli kupisz mi loda, dam ci buziaka.	9962845	Якщо купиш мені морозива, я дам тобі цьом-цьом.
4953277	Koszyk był pusty.	9983911	Кошик був пустий.
8178417	Brama jest teraz otwarta.	10038156	Ворота зараз відчинені.
8746870	To taki miły dzień.	10038171	Це такий гарний день.
8612670	Kolory są żywe.	10038180	Кольори живі.
8789473	Prześcieradła są czyste.	10038189	Простирадла чисті.
8802783	To jest wyzwanie.	10038198	Це є виклик.
6603211	Wiedzą, że jesteśmy policjantami.	10038217	Вони знають, що ми поліцейські.
6160285	Nie rozpraszajmy się.	10038235	Не будемо відволікатися.
8213713	Będzie świetnie.	10038252	Все буде чудово.
1184584	Ta nowa sukienka świetnie na tobie leży.	10038272	Це нове плаття тобі чудово підходить.
3744904	Moje skarpetki znów są dziurawe.	10041966	Мої шкарпетки знову діряві.
9347976	Obiad stygnie.	10070806	Обід холоне.
713546	Obiad na stole!	10070808	Обід на столі!
6300560	Obiad był ugotowany.	10070823	Обід був готовий.
8506605	Tom ugotował obiad.	10070827	Том приготував обід.
722352	Cieszę się, że zdał.	10072074	Я радий, що склав іспит.
3116515	Cieszę się twoim sukcesem.	10072085	Я радий твоєму успіху.
527738	Cieszę się, że ją widzę.	10072099	Я радий її бачити.
3787861	Cieszę się, że się zgadzamy.	10072118	Я радий, що ми прийшли до згоди.
6392751	Cieszę się, że to zrobiliśmy.	10072121	Я радий, що ми це зробили.
2849224	Ludzkie ciało jest jakąś maszyną.	10072186	Людське тіло є якоюсь машиною.
1660318	Bardzo lubię tę piosenkę; ma dobry rytm i można do niej tańczyć.	10074212	Мені дуже подобається ця пісня: вона має хороший ритм і під неї можна танцювати.
516393	Wyszukiwanie w słowniku słowa, które widzimy po raz pierwszy, to dobry zwyczaj.	10074217	Пошук у словнику слова, яке бачимо вперше, є доброю звичкою.
3002144	Tom nie uważa, że występ Mary był bardzo dobry.	10074221	Том не вважає, що виступ Марі був дуже добрим.
3951227	Miałem zły tydzień.	10074241	У мене був поганий тиждень.
3614494	Mamy większe problemy.	10074279	У нас більше проблем.
3614494	Mamy większe problemy.	10074282	Ми маємо більше проблем.
3992301	Mam większe problemy.	10074284	У мене більше проблем.
3992301	Mam większe problemy.	10074287	Я маю більше проблем.
899500	Czy są większe rozmiary?	10074293	Чи є більші розміри?
7960635	Odwiedziliśmy wszystkie większe miasta.	10074299	Ми відвідали усі великі міста.
556052	Tokio jest większe od Jokohamy.	10074307	Токіо більше, ніж Йокогама.
1660152	Miasta są większe od wsi.	10074315	Міста більші за селища.
919473	Czy jest większe nieszczęście niż utrata wzroku?	10074329	Чи є більшим за нещастя, ніж втрата зору?
4768650	Tokio jest większe niż jakiekolwiek inne miasto w Japonii.	10074335	Токіо є більшим, ніж будь-яке інше місто у Японії.
3631031	Spróbuj sam.	10077746	Спробуй сам.
6396839	Popracuję sam.	10077747	Я попрацюю сам.
349253	Sam się obudził.	10077751	Він прокинувся сам.
836341	Sam to zrobił.	10077752	Він сам це зробив.
3656352	Nie wiem, jaki powinien być kolejny krok.	10077757	Я не знаю, який буде наступний крок.
357710	Wstyd mi to zrobić.	10081897	Мені соромно це робити.
10077494	Masz na sobie moje okulary?	10081902	Ти носиш мої окуляри?
10073225	Przetłumacz to.	10081943	Переклади це.
10073187	Do szkoły idziemy pół godziny.	10081948	Ми йдемо до школи півгодини.
3033946	Byłem w Bostonie sporo razy.	10133797	Я був у Бостоні багато разів.
4388686	Ilekroć chcemy wyrazić własne myśli używamy języka.	10133810	Щоразу, коли ми хочемо висловити свої власні думки, ми користуємось мовою.
5183886	Bardzo rzadko go widuję.	10133812	Дуже рідко його бачу.
3926574	Tom nie lubił Mary.	10133818	Том не полюбляв Мері.
9671454	Śpiewam teraz.	10133819	Я зараз співаю.
826344	Nie wiem, czy trzeba skręcić w prawo, czy w lewo.	10133830	Не знаю, чи треба повертати праворуч, чи ліворуч.
543514	Te dzieci nie mają nikogo, kto by się nimi opiekował.	10133838	Ці діти не мають нікого, хто би про них піклувався.
968958	Pracownicy mogą zastrajkować, żeby wymusić wyższe pensje albo żeby poprawić warunki pracy.	10133841	Робітники можуть влаштувати страйк, щоби домогтися вищих зарплат або поліпшити умови праці.
629940	Po co jedziesz do Tokio?	10133844	Навіщо ти їдеш до Токіо?
9427025	Nie zdążyłem.	10133846	Я не встиг.
3457391	Nikt nie może zaprzeczać, że Leanne jest moją dziewczyną.	10133848	Ніхто не можете заперечити, що Ліен є моєю дівчиною.
960882	Pana Jonesa, o ile mi wiadomo, tu nie było.	10133850	Пана Джонса, наскільки мені відомо, тут не було.
564934	George miał złamane serce.	10133852	Джордж мав розбите серце.
9550388	Oni wiedzą o tym.	10133854	Вони про це знають.
3945304	Tom był prawdziwym bohaterem.	10133856	Том був справжнім героєм.
361065	W końcu poniósł porażkę.	10133862	Врешті-решт він програв.
6160950	Mój brat często płacze.	10133863	Мій брат часто плаче.
611688	On stracił świadomość.	10133864	Він втратив свідомість.
1046563	Ja mam czarnego i białego psa.	10133865	У мене є чорний та білий пес.
1046563	Ja mam czarnego i białego psa.	10133866	Я маю чорного та білого пса.
440514	Wzdłuż ulicy ciągną się sklepy.	10133869	Вздовж вулиці тягнуться магазини.
5926940	Ufacie jej?	10133871	Ви їй довіряєте?
4940690	Będzie padać śnieg.	10133876	Буде йти сніг.
4940690	Będzie padać śnieg.	10133877	Сніжитиме.
3088567	Mógłbyś wyjaśnić mi sens tego zdania?	10133880	Ти міг би пояснити мені сенс цього речення?
3464145	Chcę być taki jak ona.	10133883	Хочу бути таким, як вона.
2319446	Nie mam sióstr.	10133887	В мене нема сестер.
2319446	Nie mam sióstr.	10133888	В мене немає сестер.
2319446	Nie mam sióstr.	10133890	Я не маю сестер.
593075	On jest człowiekiem.	10135170	Він є людиною.
351529	Wycieczka potrwa co najmniej osiem godzin.	10135174	Екскурсія триватиме не менше вісьмох годин.
6360118	Spotkałam go w styczniu.	10135176	Я зустріла його у січні.
6441702	Tom nigdy nie pyta dlaczego.	10135179	Том ніколи не питає, чому.
814389	Mariko uczyła się nie tylko angielskiego, ale i niemieckiego.	10135180	Маріко вивчала не тільки англійську, але й німецьку.
8771186	Co słyszysz?	10135182	Що чуєш?
349628	Jesteś młodym Amerykaninem.	10135186	Ти молодий американець.
948004	Ten tłumacz włada pięcioma językami.	10135188	Цей перекладач володіє п'ятьма мовами.
540595	Człowiek, którego widzieliśmy w parku, to był p. Hill.	10135193	Людина, яку ми бачили у парку, — пан Гілл.
701598	Naprawdę piękna pogoda.	10135198	Погода насправді гарна.
701598	Naprawdę piękna pogoda.	10135199	Погода дійсно гарна.
731905	Nie udało mu się z powodu braku pieniędzy.	10135202	Йому це не вдалося через брак коштів.
970422	Połowa bananów w koszu była zepsuta.	10135204	Половина бананів у кошику була зіпсована.
969944	Przepraszam, że tak często zawracam panu głowę.	10135206	Пробачте, що так часто морочу Вам голову.
3499969	Czemu nie jesteś w Bostonie?	10135207	Чому ти не в Бостоні?
350098	Nie widziałem go od zeszłej niedzieli.	10135208	Я його не бачив з минулої неділі.
3502508	Zdaje mi się, że wiem, kim jest ten drugi człowiek.	10135211	Мені здається, що я знаю, ким є та друга людина.
2278798	Dlaczego ona zniszczyła moją konsolę do gier?	10135222	Навіщо вона зламала мою ігрову консоль?
8745528	Spójrz w dół.	10135226	Подивись униз.
3108914	On sprzedaje radia.	10135228	Він продає радіо.
3108914	On sprzedaje radia.	10135230	Він продає радіоприймачі.
364061	Warto przeczytać tę opowieść.	10135238	Це оповідання варто прочитати.
3894941	To jest niebezpieczny świat.	10135239	Це небезпечний світ.
3806184	Powiedziałem do Toma po francusku.	10135241	Я розмовляв з Томом французькою.
1215299	Mam kilka piór.	10135246	Я маю декілька ручок.
3584702	Poradziła jej, by nie jechała.	10135251	Вона їй порадила не їхати.
358807	Prawda, byłem w niej zakochany.	10135254	Правда, я був в неї закоханий.
6739745	Jakie metody płatności są dostępne?	10135264	Які способи сплати доступні?
6533121	Mój starszy brat w zeszłym miesiącu wybudował sobie dom.	10135266	Мій старший брат минулого місяця збудував собі дім.
360135	Proszę dużo śmietanki do kawy.	10135273	Буль ласка, побільше вершків до кави.
3744912	Jego zachowanie było dziwne i niepokojące.	10135278	Його поведінка була дивною та неспокійною.
3682711	Jestem z Francji.	10135284	Я з Франції.
7868659	Cookie to mój pies.	10135286	Кукі — то мій собака.
4789183	To nie wygląda na bardzo trudne.	10135292	Це не виглядає дуже складним.
4789183	To nie wygląda na bardzo trudne.	10135293	Це не здається занадто трудним.
529593	Wczoraj bawiłem się z Tony.	10135294	Вчора я бавився з Тоні.
982439	Tym razem spróbuję.	10135298	Цього разу я спробую.
6159932	Tom poprosił Mary, żeby włożyła niebieską sukienkę.	10135303	Том попросив Мері, щоби вона надягла блакитну сукню.
6159932	Tom poprosił Mary, żeby włożyła niebieską sukienkę.	10135305	Том попросив Мері надягти блакитну сукню.
533636	Bardzo chciałbym to wiedzieć.	10135329	Я би дуже хотів це знати.
8745302	Jestem w dobrym nastroju.	10135331	В мене гарний настрій.
8745302	Jestem w dobrym nastroju.	10135332	Я перебуваю у гарному настрої.
734282	Ludzie często narzekają na pogodę.	10135333	Люди часто нарікають на погоду.
919544	Przybrała pozę damy.	10135338	Вона прийняла позу дами.
3655607	Mój samolot miał przylecieć o 14:30.	10135339	Мій літак мав прилетіти о 14:30.
691897	To nie takie proste!	10135341	Це не так просто!
357290	Proszę poczekać do piątej, wtedy powinien wrócić.	10135342	Будь ласка, зачекайте до п'ятої години, тоді він повинен повернутись.
3026101	Dziewczyna poszła do lasu, żeby poszukać grzybów.	10135350	Дівчина пішла до лісу за грибами.
3026101	Dziewczyna poszła do lasu, żeby poszukać grzybów.	10135351	Дівчина пішла до лісу, щоб пошукати гриби.
751767	Dziękuję za pomoc.	10135353	Дякую за допомогу!
735756	Przepraszam za kłopot.	10135354	Вибачте за клопоти.
7970950	Jest w swojej sypialni, prawda?	10135355	Вона в своїй спальні, правда?
1133675	On nawet piwa nie pije, a cóż dopiero whisky.	10135361	Він навіть пива не п'є, що вже там казати про віскі.
1133675	On nawet piwa nie pije, a cóż dopiero whisky.	10135362	Він навіть пива не п'є, куди вже там віскі.
720296	Chętnie ci pomogę, w miarę możliwości.	10135365	З радістю тобі допоможу, в міру можливостей.
1353069	Tamta gwiazda widoczna jest gołym okiem.	10135367	Цю зірку видно неозброєним оком.
4725732	Nie miałem nigdy samochodu.	10135368	В мене ніколи не було машини.
4725732	Nie miałem nigdy samochodu.	10135369	Я ніколи не мав автівки.
5700265	Kto akceptuje siebie samego, wiele osiągnie.	10135375	Той, хто приймає себе самого, досягне багато.
925779	Nie jest łatwo przekuć idee w czyn.	10135377	Не так легко перетворити ідею в дійсність.
6322306	Nie zamawiałem tego.	10135379	Я цього не замовляв.
7757316	Żelazo jest twardsze niż złoto.	10135388	Залізо твердіше за золото.
776496	Pracowali, żeby pomagać ludziom.	10135392	Вони працювали, щоб допомагати людям.
3744665	Od sanego rana mam dobry humor.	10135394	З самого ранку я у доброму гуморі.
776461	Spadły prawie wszystkie liście.	10135397	Опало майже все листя.
639811	Wuj szczodrze daje pieniądze.	10135400	Мій дядько щедро дає гроші.
448872	Zaprzeczył, by miał coś wspólnego z tym wypadkiem.	10135402	Він заперечив, що мав щось спільне з тією пригодою.
7610544	Wiedza bez zdrowego rozsądku zaprowadzi cię donikąd.	10135405	Знання без здорового глузду не приводить нікуди.
522769	Usiadł koło niej.	10135406	Він сів біля неї.
745413	Łąka, na której często graliśmy w baseballa, teraz jest całkowicie zabudowana domami.	10135408	Луг, на якому ми часто грали в бейсбол, зараз повністю забудований будинками.
3716104	Nauczyciel poprosił mnie o przepisanie eseju.	10135412	Вчитель попросил мене переписати твір.
1964286	Od dzieciństwa nie chorowałem.	10135413	Я з дитинства не хворів.
440456	Jest w niej zakochany bez pamięci.	10135414	Він закоханий в неї без пам'яті.
3881855	Nigdy więcej nie zakładaj tego krawatu.	10135416	Ніколи більше не надягай цю краватку.
8608365	Racja!	10135417	Маєш рацію!
8608365	Racja!	10135421	Маєте рацію!
621324	Być może Laura była chora.	10135429	Можливо, Лаура хворіла.
621324	Być może Laura była chora.	10135430	Може бути, Лаура була хвора.
6156404	Samolot leciał na wschód.	10135432	Літак летів на схід.
728425	On nigdy się nie pojawia przed dziewiątą.	10135437	Він ніколи не з'являється раніше дев'ятої.
3032254	Tom parkuje samochód.	10135438	Том паркує автівку.
750525	Musisz przyznać, że się myliłeś.	10135439	Ти мусиш визнати, що помилявся.
532954	On ma video.	10135441	В нього є відео.
532954	On ma video.	10135442	Він має відео.
645929	Niekiedy porównuje się życie do sceny.	10135444	Інколи життя порівнюється зі сценою.
352948	Nie było go w szkole, bo był chory.	10135446	Його не було в школі, бо він хворів.
3711118	Musi w tym być coś ciężkiego.	10135448	В цьому мусить бути щось важке.
6406197	Podeszłam do mężczyzny pijącego piwo.	10135452	Я підійшла до чоловіка, що пив пиво.
6554085	Nie chcą umierać.	10135453	Вони не хочуть помирати.
3960504	Nie zrobiliśmy nic.	10135458	Ми не зробили нічого.
3962046	To ja zaproponowałem, żeby Tom zatrudnił ochroniarza.	10135463	Це я запропонував, щоби Том взяв на роботу охоронця.
3962046	To ja zaproponowałem, żeby Tom zatrudnił ochroniarza.	10135467	Це я запропонував, щоби Том найняв охоронця.
457777	On prawie nie pracuje.	10135469	Він майже не працює.
1603791	Ujawniła tajemnicę.	10135477	Вона видала таємницю.
502062	Nie mógł wykonać tej pracy sam.	10135478	Він не міг виконати ту працю самотужки.
7183310	Ten zegarek na rękę jest bardzo cenny.	10135480	Цей наручний годинник є дуже цінним.
365746	Prognoza na jutro nie jest dobra.	10135483	Прогноз на завтра не є добрим.
365746	Prognoza na jutro nie jest dobra.	10135493	Прогноз погоди на завтра недобрий.
3528769	Szukam twojej siostry. Gdzie ona jest?	10135498	Я шукаю твою сестру. Де вона є?
392991	Wyjaśniła, że nie może uczestniczyć w tym spotkaniu.	10135501	Вона пояснила, що не може взяти участь у цій зустрічі.
3518425	Nawet nie wiem gdzie.	10135506	Навіть не знаю, де.
765875	Skąd mam wiedzieć, co mówię, zanim nie usłyszę tego, co myślę?	10135521	Звідки я маю знати, що говорю, допоки не почую того, що думаю?
3656381	Ona była świecącym przykładem dla ludzi zewsząd.	10135523	Вона була яскравим прикладом для людей звідусіль.
9684321	Ona powiedziała, że dużo się od niego nauczyła.	10135526	Вона розповіла, що багато чому від нього навчилася.
919563	Pójdę się przebrać.	10135530	Піду перевдягнутись.
3049292	On udaje że nie rozumie, ale tak naprawdę jest specjalistą w temacie.	10135535	Він вдає, що не розуміє, але насправді він є спеціалістом у цій галузі.
3049292	On udaje że nie rozumie, ale tak naprawdę jest specjalistą w temacie.	10135540	Він робить вигляд, що не розуміє, але насправді він спеціаліст у цій темі.
6313540	Zaśpiewajmy razem piosenkę.	10135546	Заспіваймо пісню разом.
1059729	Zaśpiewaj ze mną piosenkę.	10135548	Заспівай зі мною пісню.
593180	On nie jest politykiem a prawnikiem.	10135556	Він не політик, а юрист.
593180	On nie jest politykiem a prawnikiem.	10135558	Він є не політиком, а юристом.
3787906	Nie mów Tomowi, gdzie mieszkasz.	10135563	Не кажи Томові, де ти мешкаєш.
351540	Co za marnowanie wody!	10135565	Що за марнування води!
6371484	Nie oskarżaj Toma o to, co zrobiła Mary.	10135569	Не звинувачуй Тома в тому, що зробила Мері.
8772610	Czy Tom naprawdę wrócił?	10135572	Чи Том дійсно повернувся?
349630	Było jej przykro, że nikt jej nie zauważył.	10135574	Їй було прикро, що ніхто її не зауважив.
948171	Nie jestem w stanie tego zrozumieć.	10135576	Я не здатен це зрозуміти.
9637860	Jesteś w ogóle głodna?	10135583	Ти взагалі голодна?
540640	Mam taką nadzieję.	10135589	Є в мене така надія.
702872	Powtórzyłem jej ten wyraz kilkakrotnie.	10135593	Я повторив їй це слово декілька разів.
731943	Jestem wrażliwy na gorąco, więc latem nie wytrzymuję bez włączania klimatyzacji.	10135599	Я дуже вразливий до спеки, тому влітку не витримую без ввімкненого кондиціонеру.
4899803	Kiedy on zaczyna?	10135603	Коли він починає?
4899803	Kiedy on zaczyna?	10135604	Коли він розпочинає?
2832682	To zdanie nie jest po polsku.	10135606	Це речення не польською мовою.
3502597	Tom ma trudności w skupianiu uwagi.	10135610	Том має труднощі з концентрацією уваги.
350104	Jestem ciągle zajęty.	10135613	Я постійно зайнятий.
766089	Jak długo ważny jest ten bilet?	10135615	Як довго цей квиток є дійсним?
9684361	Zadzwonię do Toma następnym razem gdy będę w mieście.	10135619	Зателефоную до Тома наступного разу, коли буду в місті.
7727882	Mimo że pada śnieg, muszę iść.	10135644	Незважаючи на те, що йде сніг, я мушу йти.
7727882	Mimo że pada śnieg, muszę iść.	10135654	Хоч і йде сніг, я мушу йти.
3049337	Jorgen kocha swoją żonę.	10135662	Йорген кохає свою дружину.
6313627	Wiedzieliśmy, że Tom wróci.	10135668	Ми знали, що Том повернеться.
593312	Wszystko jest białe.	10135673	Усе біле.
8511346	Czy smakuje?	10135676	Смакує?
6373376	Na krześle siedział kot.	10135677	На стільці сидів кіт.
676221	Mam wrażenie, jakbym tu kiedyś był.	10135684	Таке враження, якби я тут вже колись бував.
6472235	Używamy komunikacji miejskiej.	10135687	Ми користуємось міським транспортом.
3400931	Czy mógłbyć przekazać Tomowi, że potrzebuję jego pomocy?	10137935	Ти міг би передати Томові, що я потребую його допомоги?
540111	Smażone pająki to regionalny przysmak w Kambodży.	10137936	Смажені павуки — то регіональний смаколик у Камбоджі.
4573262	Tom postanowił się nie odzywać, dopóki wszyscy pozostali nie wygłoszą swoich opinii.	10137949	Том вирішив не відзиватись, допоки всі інші не виголосять своїх поглядів.
8763036	Po prostu pozwól Tomowi odejść.	10137951	Просто дозволь Томові піти.
416752	Wysłuchała tego chłopaka.	10137953	Вона вислухала цього парубка.
416753	On nie ma dziewczyny.	10137954	В нього немає дівчини.
4881827	Był też inny powód.	10137955	Була також інша причина.
3377678	Byłem w bibliotece.	10137956	Я був в бібліотеці.
6207858	Twierdzą, że ramach gwarancji naprawiona zostanie każda usterka, niezależnie czy było to uszkodzenie mechaniczne, czy wada fabryczna.	10138199	Вони стрверджують, що в рамках гарантії буде відремонтовано кожну несправність, незалежно від того, чи це було механічне ушкодження, чи заводський брак.
6207859	Sprzęt wrócił z gwarancji, jednak usterka nie została naprawiona.	10138201	Обладнання повернулось з гарантійного ремонту, втім несправність не було усунено.
6207846	Usterka została naprawiona.	10138203	Несравність було усунено.
555321	Przez stulecia Kraków był stolicą Polski.	10138204	Протягом сторіч Краків був столицею Польщі.
553188	Ona łatwo łapie przeziębienie.	10138247	Вона швидко підхоплює застуду.
6154867	Zamiast grać w gry, powinienem robić coś bardziej produktywnego.	10138398	Замість того, щоб грати в ігри, я повинен робити щось продуктивніше.
10169053	Mamy nadzieję, że nikt nie zostanie ranny.	10169106	Сподіваємося, що ніхто не буде поранений.
10169053	Mamy nadzieję, że nikt nie zostanie ranny.	10169107	Ми плекаємо надію, що ніхто не буде поранений.
4006936	Nikomu nie otwieraj drzwi.	10179821	Нікому не відчиняй дверей.
10543146	Tom mi nie pomoże.	10543155	Том мені не допоможе.
10566233	Dobrze się bawiliśmy.	10566499	Ми добре побавилися.
10570572	Jesteś idiotką!	10570573	Ти ідіотка!
691890	Jesteś idiotą!	10570574	Ти ідіот!
10667885	To powolny proces.	10667893	Це повільний процес.
10696232	Mogę pożyczyć na chwilę twój telefon?	10696527	Я можу позичити на хвильку твій телефон?
10696227	Moje dziecko potrzebuje lekarza.	10696528	Моїй дитині потрібний лікар.
10696225	Nie jem wieprzowiny.	10696529	Я не їм свинини.
10696224	Zgwałcono mnie.	10696530	Мене згвалтували.
10696221	Poproszę bilet do Warszawy.	10696531	Попрошу квиток до Варшави.
10696221	Poproszę bilet do Warszawy.	10696532	Квиток до Варшави, будь ласка.
10696220	Jak długo musimy tu czekać?	10696533	Скільки ми тут мусимо чекати?
10696220	Jak długo musimy tu czekać?	10696534	Як довго ми тут мусимо чекати?
10696218	Pomożemy ci za darmo.	10696535	Ми вам допоможемо безкоштовно.
10696217	Poczekaj tutaj. Przyniosę ci coś do jedzenia.	10696536	Почекай тут. Я тобі принесу щось поїсти.
10696216	Czy masz rodzinę lub przyjaciół, u których mógłbyś zostać?	10696537	У тебе є родина чи друзі, у яких ти міг би зупинитися?
10696216	Czy masz rodzinę lub przyjaciół, u których mógłbyś zostać?	10696538	У тебе є сім'я чи друзі, у яких ти міг би зупинитися?
10696215	Mam gruźlicę.	10696539	В мене туберкульоз.
10696214	Ból przychodzi i odchodzi.	10696540	Біль приходить і уходить.
10599765	Upadłem.	10696541	Я упав.
10696212	Mam schizofrenię.	10696542	У мене шизофренія.
10696211	Mam padaczkę.	10696543	У мене епілепсія.
10696209	Mam białaczkę.	10696544	У мене лейкемія.
10696209	Mam białaczkę.	10696545	У мене лейкоз.
10696208	Miałem zawał serca.	10696546	У мене був інфаркт.
10696205	Zaraz do ciebie wrócę.	10696547	Я зараз до тебе повернуся.
10696204	Poczekaj w kolejce, proszę.	10696548	Почекай у черзі, будь ласка.
10696084	Numer Ambasady Ukrainy w Polsce to +48 (22) 629-34-46 lub (+48) 22 622 47 97.	10696549	Телефон посольства України в Польщі: +48 (22) 629-34-46 або (+48) 22 622 47 97.
10696075	Numer infolinii dla osób przekraczających granicę to +48 47 721 75 75.	10696550	Телефон інфолінії для осіб, що перетинають кордон: +48 47 721 75 75.
10696058	Potrzebny jest jakikolwiek dokument potwierdzający tożsamość np. dowód osobisty, paszport, prawo jazdy czy akt urodzenia.	10696551	Потрібний будь-який документ, що підтверджує особистість, наприклад ай-ді картка, паспорт, водійські права або свідоцтво про народження.
10696050	Nie wyjeżdżaj z Polski bez powiadamiania ambasady kraju, do którego się kierujesz.	10696552	Не виїжджай із Польщі, не повідомивши про це посольство країни, до якої ти прямуєш.
10696043	Najważniejsze informacje i numery telefonów znajdziesz na stronie www.ua.gov.pl.	10696553	Найважливішу інформацію та телефонні номери ти можеш знайти на сторінці www.ua.gov.pl.
10696038	Jeśli jesteś w niebezpieczeństwie, krzycz "POMOCY!".	10696554	Якщо ти в небезпеці, кричи "POMOCY!" ("ПОМОЦИ!", перекладається "допоможіть").
10696035	Możesz sprawdzić, czy można im zaufać?	10696555	Можеш дізнатися, чи можна їм довіряти?
10696034	Można zaufać tym ludziom?	10696556	Цим людям можна довіряти?
10696023	Jeśli ktoś jest natarczywy, wołaj o pomoc!	10696557	Якщо хтось настирливий, клич на допомогу!
10696021	Nie wsiadaj do samochodu z nieznajomymi!	10696558	Не сідай до машини з незнайомцями!
10695943	Tam są ciepłe ubrania.	10696559	Там є теплий одяг.
10695936	Musisz zaczekać.	10696560	Мусиш зачекати.
10695935	Pojedź z nimi.	10696561	Поїдь із ними.
10695934	Pojedźcie z nimi.	10696562	Поїдьте з ними.
10695933	Miejscowa rodzina zaoferowała wam nocleg.	10696563	Місцева родина запропонувала вам нічліг.
10695933	Miejscowa rodzina zaoferowała wam nocleg.	10696564	Місцева сім'я запропонувала вам нічліг.
10695932	Jak ma na imię twoje dziecko?	10696565	Як звуть твою дитину?
10695931	To rozmówki, pomogą ci się porozumieć.	10696566	Це розмовник, він допоможе тобі в спілкуванні.
10695930	Zaraz ktoś po was przyjedzie.	10696567	За вами скоро хтось приїде.
10695929	Nie oddalajcie się od siebie.	10696568	Не відходьте один від одного.
10695927	Tam możesz naładować telefon.	10696569	Там ти зможеш зарядити телефон.
10695918	Tam dostaniesz ciepły posiłek.	10696570	Там три отримаєш гарячу їжу.
10695907	Jestem chrześcijaninem.	10696571	Я християнин.
10695903	Jakiej jesteś wiary?	10696572	Яка твоя релігія?
10695903	Jakiej jesteś wiary?	10696573	Якої ти дотримуєшся релігії?
10695902	Jeśli nie masz więcej pytań, idź tam.	10696574	Якщо в тебе більше немає питань, іди туди.
10695725	Mówisz po ukraińsku, czy po rosyjsku?	10696864	Ти розмовляєш українською чи російською?
10695737	Czy rodzina lub znajomi przyjadą cię odebrać?	10696872	Чи сім'я або знайомі приїдуть тебе забрати?
10695721	Tam jest sala, w której bawią się dzieci. Możesz zaprowadzić tam swoje dziecko.	10696880	Там є кімната, в якій граються діти. Можеш відвести свою дитину туди.
10695719	Zawiozę cię w bezpieczne miejsce.	10696885	Я відвезу тебе у безпечне місце.
10695718	Zawiozę was w bezpieczne miejsce.	10696888	Я відвезу вас у безпечне місце.
10695714	Nie mówię w twoim języku, odpowiadaj na pytania tylko „tak” lub „nie”.	10696898	Я не знаю твоєї мови, відповідай на питання лише «тай» або «ні».
10695710	Zapisz na tej kartce leki, których potrzebujesz.	10696905	Запиши на цій картці ліки, які тобі потрібні.
10696576	Jestem prawosławny.	10696920	Я православний.
10695702	Masz rodzinę lub znajomych w Polsce?	10697077	Ти маєш родину або знайомих у Польщі?
10695704	Znasz numer telefonu do swoich krewnych?	10697078	Ти знаєш номер телефону своїх родичів?
10695707	Pomagamy za darmo. Jeśli ktoś będzie chciał od ciebie pieniądze, jest oszustem.	10697080	Ми допомогаємо безкоштовно; якщо хтось хотітеме від тебе грошей, це шахрай.
3664695	Jesteś ranny?	10697239	Ти поранений?
5662052	Jestem ranny.	10697241	Я поранений.
10695750	Biorę te leki od wielu lat.	10697242	Я приймаю ці ліки багато років.
10695749	To są leki, których używam.	10697243	Це ліки, які я використовую.
5188496	Moje dziecko jest chore.	10697244	Моя дитина хвора.
10695747	Mam HIV.	10697245	У мене ВІЛ.
10695745	Mam astmę.	10697246	У мене астма.
10695756	Boli mnie serce.	10697247	У мене болить серце.
8735302	Boli mnie klatka piersiowa.	10697248	У мене болить грудна клітка.
10695753	Boli, kiedy dotykam.	10697250	Болить, коли торкаюся.
10695752	Boli mnie tutaj.	10697251	Мені боляче тут.
10695778	Możesz mi to zapisać?	10697252	Можеш мені це записати?
10695777	Rozumiem po polsku.	10697253	Я розумію польську.
10695776	Nie rozumiem po polsku.	10697254	Я не розумію польську.
10695775	Rozumiesz po polsku?	10697255	Ти розумієш польську?
10695773	Nie mówię po polsku.	10697257	Я не розмовляю польською.
351969	Muszę zadzwonić.	10697261	Я мушу потелефонувати.
10695766	To moja matka.	10697263	Це моя мати.
10695786	Potrzebuję insuliny.	10697265	Мені потрібен інсулін.
10695784	Jestem uczulony na orzechy.	10697266	У мене алергія на горіхи.
8763006	Mam nietolerancję laktozy.	10697267	У мене непереносимість лактози.
6554257	Zaraz wrócę.	10697268	Я зараз повернуся.
10695781	Stań w kolejce.	10697269	Стань у чергу.
10695780	Musisz poczekać.	10697270	Ти мусиш почекати.
10695790	To mój dziadek.	10697271	Це мій дідусь.
10695789	To są moi dziadkowie.	10697273	Це мої дідусь і бабуся.
10695814	Toaleta jest tam.	10697276	Туалет там.
10695813	Lekarz jest tam.	10697277	Лікар там.
10695812	Czy to jedzenie jest halal?	10697278	Чи ця їжа халяльна?
10695802	Moje dziecko jest głodne.	10697279	Моя дитина голодна.
10695708	Cierpisz na choroby, które wymagają podawania leków?	10697317	Ти страждаєш захворюваннями, що вимагають прийому ліків?
10695801	Potrzebuję pieluch dla dziecka.	10697323	Мені потрібні пелюшки для дитини.
3049771	Nie potrzebujesz pieniędzy.	10697324	Тобі не потрібні гроші.
10695828	Nie dawaj nikomu pieniędzy.	10697325	Не давай нікому грошей.
10695826	Nie wiem, gdzie jest moja mama.	10697326	Я не знаю, де моя мама.
10695825	Nie wiem, gdzie jest mój tata.	10697327	Я не знаю, де мій тато.
10695824	Moje dziecko się zgubiło.	10697328	Моя дитина загубилася.
10695823	Pomożesz mi znaleźć moje dziecko?	10697329	Допоможеш мені знайти мою дитину?
10695822	Trzymajcie się całą rodziną, ponieważ łatwo się zgubić.	10697330	Тримайтеся всією сім'єю, бо легко загубитися.
10695820	Tutaj będziesz dzisiaj spać.	10697332	Тут ти будеш сьогодні спати.
10695818	Przygotuj dowód tożsamości.	10697334	Приготуй посвідчення особи.
1633286	Czy mogę jakoś pomóc?	10697336	Чи можу я якось допомогти?
10695840	Poczekam tutaj z tobą, nie martw się.	10697337	Я почекаю тут з тобою, не хвилюйся.
4049480	Możesz mi zaufać.	10697339	Ти можеш мені довіритися.
10695838	Dzieci mają pierwszeństwo.	10697340	Діти мають пріоритет.
10695834	Musisz chwilę zaczekać.	10697341	Ти мусиш трошки зачекати.
10695833	Ta osoba ci pomoże.	10697342	Ця людина тобі допоможе.
10695830	Wszystkie pociągi w kraju są dla ciebie darmowe.	10697344	Всі потяги в країні для тебе безкоштовні.
10695846	Gdzie mogę się pomodlić?	10697345	Де я можу помолитися?
10695845	Tam możesz się pomodlić.	10697346	Там ти можеш помолитися.
10695842	Tam jest kącik dla dzieci.	10697347	Там є куточок для дітей.
10695893	Chciałbym, by zbadał mnie mężczyzna.	10697351	Я б хотів, щоб мене оглянув чоловік.
10695885	Chciałabym, by zbadała mnie kobieta.	10697352	Я б хотіла, щоб мене оглянула жінка.
10695876	Kaplica jest tam.	10697353	Каплиця там.
10695873	Meczet jest tam.	10697354	Мечеть там.
10695872	Synagoga jest tam.	10697355	Синагога там.
10695871	Kościół jest tam.	10697358	Церква там.
10695868	Jesteś żydem?	10697360	Ти єврей?
10695864	Jesteś chrześcijaninem?	10697361	Ти християнин?
10695862	Jesteś muzułmaninem?	10697362	Ти мусульманин?
10719344	Nie jestem uchodźcą.	10719349	Я не біженець.
10715241	Wyślij znajomym zdjęcie tablicy rejestracyjnej samochodu, do którego wsiadasz.	10719356	Надішли знайомим фотографію реєстраційного номера автомобілю, о якого ти сідаєш.
10702721	Chcemy dotrzeć do granicy.	10719357	Ми хочемо дістатися до кордону.
10702005	Czy mogę prosić o maskę?	10719361	Можна мені маску, будь ласка?
10702004	Nie miałem szczepienia przypominającego przeciwko COVID.	10719365	Мені не зробили бустерного щеплення проти COVID.
10702000	To jest moja macocha.	10719369	Це моя мачуха.
10701995	To jest moja ciocia.	10719371	Це моя тітка.
10701991	Wezmę następny pociąg.	10719374	Я поїду наступним потягом.
10701991	Wezmę następny pociąg.	10719375	Я поїду наступним поїздом.
10701990	Gdzie mogę umyć ręce?	10719378	Де мені можна помити руки?
10720156	Jak przekonałeś Toma, by Ci pomógł?	10724362	Як ти переконав Тома, щоб він тобі допоміг?
10713758	Tom, co się stało?	10724381	Томе, що сталося?
10776646	Bilet, który kupiłaś, nie może być wykorzystany w godzinach szczytu.	10776649	Квиток, який ти купила, не може бути використаний в годину пік.
10776681	Komunikacja miejska w Warszawie jest bezpłatna dla uciekających przed wojną obywateli Ukrainy, którzy przybyli do Polski 24 lutego 2022 roku lub później.	10776682	Міський транспорт у Варшаві безкоштовний для жителів України, що втікли від войни, які прибули до Польщі 24 лютого 2022 року, або пізніше.
10843978	Nie mamy papieru.	10844138	У нас немає паперу.
10843978	Nie mamy papieru.	10844139	Ми не маємо паперу.
10925989	Nie pije w ogóle.	10956987	Він взагалі не п'є.
10925989	Nie pije w ogóle.	10956988	Вона взагалі не п'є.
1197597	Mój brzuch jest gruby.	11064859	Мій живіт товстий.
3655045	Byłem jedynym, który o tym wiedział.	11064861	Я був єдиним, хто знав про це.
2024187	Bardzo łatwy jest dostęp do Twoich prywatnych informacji.	11074663	Отримати доступ до твоєї особистої інформації дуже легко.
11533786	Niestety nie mam doświadczenia.	11533787	На жаль, у мене немає досвіду.
11533791	Prawie umarłem.	11533796	Я мало не помер.
11550824	Patrz, co kot przywlókł!	11558307	Подивись, що приволік кіт!
11573207	Gdzie jest wasza córka?	11573212	Де ваша донька?
11573213	Nikt nie może uciec.	11573215	Ніхто не може втекти.
11573205	Masz trzy godziny.	11573218	У тебе три години.
11573205	Masz trzy godziny.	11573219	Маєш три години.
11573205	Masz trzy godziny.	11573221	Ти маєш три години.
11573204	Ma pan trzy godziny.	11573223	У вас три години.
11573204	Ma pan trzy godziny.	11573224	Ви маєте три години.
11573204	Ma pan trzy godziny.	11573225	Маєте три години.
11581208	Obawiam się, że pański plan nie zadziała.	11583861	Боюся, ваш план не спрацює.
11619865	Przyjmuję tę propozycję.	11619871	Я приймаю цю пропозицію.
1100594	On też nie przyszedł.	11682042	Він теж не прийшов.
1100594	On też nie przyszedł.	11682043	І він не прийшов.
6483097	Ten mężczyzna jest stary czy młody?	12126310	Цей чоловік старий чи молодий?
12135766	Kupiliśmy łóżko kwadratowe.	12135768	Ми купили квадратне ліжко.
365079	Proszę spróbować dzisiaj.	12303940	Спробуйте сьогодні, будь ласка.
12585037	Jak nie urok, to sraczka.	12585042	Як не срачка, то пердячка.
12572571	Otwórz!	12585794	Відчиняй!
12820794	Tom pije szklankę wody na czczo codziennie rano.	12820796	Том випиває склянку води натще щоранку.
12889143	Tom nie jest autystą, tylko idiotą.	12890307	Том не аутист, а ідіот.
13030415	Gdyby zwykły człowiek robił innemu człowiekowi to, co chirurg, to poszedłby do więzienia.	13031774	Якби звичайна людина зробила іншій людині те, що робить хірург, вона б потрапила до в'язниці.
13032203	Internet nie działa.	13036375	Інтернет не працює.
13057973	Naprawdę chcesz wygrać?	13057977	Насправді хочеш виграти?
