367100	Em matemática, um quiver é um grafo direcionado.	367104	En mathématiques, un carquois est un graphe orienté.
383763	Dedico este livro à minha filha.	383768	Je dédie ce livre à ma fille.
383815	Há elevador?	383817	Y a-t-il un ascenseur ?
383866	Tenho duas sobrinhas.	383874	J'ai deux nièces.
383936	Nós glorificaremos o militar.	383945	Nous glorifions le militaire.
383938	Quero falar do meu amor.	383946	Je veux parler de mon amour.
383949	Ninguém falou comigo.	383954	Personne ne parle avec moi.
383957	Vem adormecer nos meus braços.	383964	Viens t'endormir dans mes bras.
384202	Eu odeio os meus vizinhos.	384204	Je déteste mes voisins.
384224	Eu tenho um amigo que me ama.	384225	J'ai un ami qui m'aime.
384224	Eu tenho um amigo que me ama.	384226	J'ai un copain qui m'aime.
384228	Como posso ajudar um amigo a deixar de fumar?	385216	Comment puis-je aider un ami à arrêter de fumer ?
389104	A minha língua não se encontra na lista!	389106	Ma langue ne se trouve pas dans la liste !
393854	Essa tecnologia é uma coisa incrível!	393857	Cette technologie est une chose incroyable !
395736	Quem sou eu?	395924	Qui suis-je ?
389316	Oi, esse é o departamento de recursos humanos?	397630	Bonjour, est-ce le département des ressources humaines ?
381680	Eu espero que a gente consiga manter contato.	431017	J'espère que l'on pourra garder le contact.
340705	A bomba atômica é uma séria ameaça para a humanidade.	431220	La bombe atomique est une sérieuse menace pour l'humanité.
377658	Devo ligar de volta para Ken?	432244	Dois-je rappeler Ken ?
423998	Ele perdeu o emprego.	432252	Il a perdu son emploi.
375938	Posso ficar com uma das suas fotos?	433271	Puis-je conserver une de vos photos ?
431074	Isso é de verdade?	433408	Est-ce vrai ?
341072	Eles gostam de Tsuneoki Ikeda.	433409	Ils aiment Tsuneoki Ikeda.
374994	Atualmente ele está morando em um apartamento.	433411	Actuellement, il vit dans un appartement.
423964	O médico o aconselhou a diminuir a bebida.	433412	Le docteur lui a conseillé de diminuer la boisson.
378314	Quando você terminou?	433418	Quand as-tu fini ?
378829	Eu vou trazer minha irmã para a festa.	433419	Je vais amener ma sœur à la fête.
347664	O dicionário contém cerca de meio milhão de palavras.	433420	Le dictionnaire contient environ un demi million de mots.
378222	Se pelo menos eu soubesse o seu endereço.	433423	Si seulement je connaissais son adresse.
393631	Você é filósofo, não é?	433425	Vous êtes philosophe, n'est-ce pas ?
347665	Três crianças estavam brincando no parque.	433428	Trois enfants jouaient dans le parc.
378472	A polícia vai já chegar na cena do crime.	433430	La police va bientôt arriver sur la scène du crime.
341156	Eu devo chegar lá pelas 9 horas.	433431	Je dois y être pour 9 heures.
421921	Está tudo bem! Não há necessidade de se sentir desconfortável.	433432	Tout va bien ! Aucune raison de se sentir mal à l'aise.
393753	Desligue a luz, por favor.	433433	Éteignez la lumière, s'il vous plait.
377714	Estou tentando fazer contato com a irmã dela.	433434	J'essaie de rentrer en contact avec sa sœur.
377717	O menino em pé ali é meu filho.	433435	Le petit garçon debout là-bas est mon fils.
380331	Eu o parabenizei pelo nascimento do filho dele.	433436	Je l'ai félicité pour la naissance de son fils.
384776	Meu pai tem um restaurante.	433437	Mon père a un restaurant.
384825	Meu tio trabalha nesse escritório.	433438	Mon oncle travaille dans ce bureau.
374895	Os gêmeos são indistinguíveis entre si.	433439	Les jumeaux sont indifférenciables entre eux.
419226	Ele é um bom advogado.	433440	Il est un bon avocat.
381733	Eu já estive em Sapporo.	433441	J'ai déjà été à Sapporo.
405365	Paul telefonou agorinha.	433442	Paul a téléphoné à l'instant.
381556	Você disse isso outro dia, não foi?	433443	Vous avez dit cela l'autre jour, n'est-ce pas ?
376477	Você usou uma camisinha para não engravidar, certo?	433445	Vous utilisez un préservatif pour ne pas tomber enceinte, n'est-ce pas ?
386053	O menino esticou o braço para pegar outra fatia de bolo.	433446	Le petit garçon tend le bras pour prendre une autre part de gâteau.
381774	Onde está o meu livro?	433447	Où est mon livre ?
376447	Ele não me deu nada para comer.	433448	Il ne m'a rien donné à manger.
401060	Eu gosto de matemática.	433449	J'adore les mathématiques.
385169	Ela espalhou a fofoca por toda a cidade.	433450	Elle a répandu la rumeur dans toute la ville.
391581	Adivinhe o que aconteceu comigo.	433452	Devine ce qu'il m'est arrivé.
386080	Eu nado bem.	433454	Je nage bien.
384762	Este livro é um resultado da pesquisa que ele fez com muito entusiasmo.	433455	Ce livre est le résultat d'une recherche qu'il a fait avec beaucoup d'enthousiasme.
383803	Você quer dançar?	433457	Voulez-vous danser ?
377694	Aqueles são os meus livros.	433459	Ceux-là sont mes livres.
341030	Ela está pensando em fazer alguns cursos em uma escola de culinária.	433460	Elle pense à prendre quelques cours dans une école culinaire.
421922	Você pode estudar, não importa a sua idade.	433461	Vous pouvez étudier, peu importe votre âge.
341079	Houve um engavetamento na rodovia.	433462	Il y a eu un carambolage sur l'autoroute.
351191	Ela está gravida por oito meses.	433463	Elle est enceinte de huit mois.
393574	Você pode ir lá.	433464	Vous pouvez aller là.
375198	Nós tínhamos guias nativos na nossa viagem para a montanha.	433465	Nous avions des guides locaux pour notre voyage à la montagne.
395202	A questão é se ela virá ou não.	435218	La question est s'il vient ou non.
378394	Eu direi isso: sou inocente.	435219	Je dirai ceci : je suis innocent.
341474	Eu gosto de ter um monte de coisas para fazer.	435220	J'aime avoir plein de choses à faire.
385177	Essa decisão depende do espaço e tempo disponível.	435221	Cette décision dépend de la place et du temps disponible.
385171	O gato estava brincando com um rato vivo.	435222	Le chat joue avec une souris vivante.
376520	Eu estou tentando lembrar.	435223	J'essaie de me souvenir.
381762	Tal comportamento pode causar um acidente.	435224	Un tel comportement peut causer un accident.
384215	O meu pai adora tocar guitarra.	435225	Mon père adore jouer de la guitare.
391560	Você não pode viver sem oxigênio.	435226	Tu ne peux pas vivre sans oxygène.
375167	Eles não usam cadeiras ou mesas.	435227	Ils n'utilisent pas de chaises, ni de tables.
347692	A escola começa na próxima segunda.	435228	L'école commence lundi prochain.
378226	O esforço valeu a pena porque eu passei no teste.	435229	L'effort en valait la peine car j'ai réussi le test.
431353	Corte as batatas.	435523	Coupe les patates.
431346	Nosso restaurante é melhor do que aquele outro.	435525	Notre restaurant est meilleur que l'autre.
431344	Mas eu não sei fazer kebabs!	435526	Mais je ne sais pas faire de kebabs !
431340	Quantos livros ele tem?	435527	Combien de livres a-t-il ?
431338	Você vai voltar amanhã?	435528	Tu reviens demain ?
431336	Nosso restaurante é o melhor.	435530	Notre restaurant est le meilleur.
431335	Também estamos sem ovos.	435532	Nous non plus nous n'avons plus d'œufs.
381610	A arma disparou por acidente.	437575	Le coup est parti accidentellement.
391492	Há algum cinema aqui perto?	439244	Y-a-t-il des cinémas près d'ici ?
369816	Qual o lugar mais bonito do mundo?‎	444944	Quel est le plus bel endroit du monde ?
369826	São dois livros sobre a situação social dos imigrantes em Portugal.	444945	Ces sont deux livres sur la situation sociale des émigrés au Portugal.
369842	Temos que desenvolver nossos talentos.	444946	Nous devons développer nos talents.
381493	Esse suéter azul é muito bonito.	446524	Ce pull bleu est très beau.
393752	Acenda a luz, por favor.	529243	Allume la lumière, s'il te plaît.
576955	Sadako sorriu para eles.	645658	Sadako leur a souri.
429550	Não deixes de me visitar, um destes dias.	651262	Ne manquez pas de venir me voir un de ces jours.
391493	O cão atravessou a rua.	693807	Le chien traversa la rue.
518936	Quando foi publicado este romance?	703016	Quand était-ce roman publié?
656751	Sou gay, e daí?	703020	Je suis homosexuel, et alors?
518975	O museu está aberto a partir das 9 horas da manhã.	728087	Le musée ouvre à 9 heures du matin.
530833	Segundo os jornais o indivíduo finalmente confessou.	728118	Selon les journaux, l'homme a finalement avoué.
730283	O portão da casa estava aberto.	730288	Le portail de la maison était ouvert.
384781	O golfe agora está ao alcance de todos.	755646	Le golf est maintenant accessible à tous.
517444	Este é o povoado onde nasceu meu pai.	755648	Ceci est le village où mon père est né.
729714	Você pode vir na hora que quiser.	755651	Vous pouvez venir quand vous voudrez.
375171	Pode me dar dinheiro?	755658	Peux-tu me donner de l'argent ?
748855	Eu acabei de voltar dos Estados Unidos ontem, então ainda estou pensando em inglês.	755660	Je reviens tout juste des États-Unis, je suis arrivé hier, c'est pourquoi je pense encore en anglais.
658044	Eles se casaram quando ainda eram novos.	755666	Ils se marièrent alors qu'ils étaient encore jeunes.
517589	Ele não teme a morte.	755668	Il n'a pas peur de mourir.
378375	O que você fez com sua câmera?	755669	Qu'as-tu fait avec ton appareil photo?
692814	O que cochicham um ao outro?	755676	Que se chuchotent-ils l'un à l'autre?
748979	Nosso time perdeu todos os jogos.	756244	Notre équipe a perdu tous les matchs.
391567	Essa máquina consegue imprimir 60 páginas por minuto.	756245	Cette machine arrive à imprimer 60 pages par minute.
517383	Em breve ele será pai.	756246	D'ici peu il sera père.
404313	O que médicos deviam fazer é salvar vidas e lutar contra a morte.	756248	Ce que les médecins devraient faire c'est sauver des vies et lutter contre la mort.
423997	Eu causei muitos problemas para ele.	756250	Je lui ai causé beaucoup de problèmes.
519542	Você pode abrir a janela?	756251	Tu peux ouvrir la fenêtre ?
423950	Abbott matou Mary.	756252	Abbott a tué Mary.
375204	Os irmãos nasceram com 12 anos de diferença.	756253	Les frères sont nés avec douze ans d'écart.
423920	Eu não preciso mais usar óculos.	756255	Je n'ai plus besoin de lunettes.
401063	Ele explorou a floresta amazônica.	756256	Il a exploré la forêt amazonienne.
729334	Você precisa começar logo.	756257	Tu dois commencer tout de suite.
729646	Quanto eu te devo?	756259	Combien je te dois?
720951	Estarei aí em um minuto.	756260	J'arrive dans une minute.
699111	Primeiro as damas.	756262	Honneur aux dames.
736199	Algumas pessoas não gostam de acordar cedo de manhã.	758571	Certaines personnes n'aiment pas se lever tôt le matin.
437700	Estou a fim de fazer compras.	772425	Je veux faire des courses.
729250	A bola voou pelo ar.	772426	La balle vola dans les airs.
770713	Qualquer um consegue fazer isso.	772430	N'importe qui peut faire cela.
391827	Masaru não vai conseguir terminar o trabalho em uma hora, vai?	772435	Masaru ne peut pas finir ce travail en une heure, n'est-ce pas?
760619	Estava começando a nevar.	772436	Il commençait à neiger.
734785	É tão grande!	772438	C'est tellement grand !
768934	A morte é o destino de todas as pessoas.	772440	La mort est le destin de chacun.
738162	Geralmente vou a pé à escola.	772444	Généralement, je vais à pied à l'école.
769897	Jimmy insistiu que eu o levasse ao zoológico.	772448	Jimmy a insisté pour que je l'emmène au zoo.
381539	Se você tiver um carro, você pode ir e vir o quanto quiser.	772452	Si tu avais une voiture, tu pourrais aller et venir quand tu veux.
576835	Alice fica bem de verde.	772453	Le vert va bien à Alice.
378299	Eu nasci há vinte anos atrás.	772454	Je suis né il y a 20 ans.
381487	Os preços subiram 50 por cento durante os últimos 10 anos.	772470	Durant les 10 dernières années, les prix ont augmenté de 50 pour cent.
683155	A mancha de café era difícil de tirar.	772474	La tâche de café était difficile à enlever.
375194	Jim está com um chapéu branco na cabeça.	772476	Jim a un chapeau blanc sur la tête.
382005	Eu sou uma parte importante.	772978	J'ai un rôle important.
728970	Encontramos um escritor.	772980	Nous avons rencontré un écrivain.
424060	Posso me sentar do seu lado?	772983	Puis-je m'asseoir à côté de toi?
380398	Eu fui vacinado contra a gripe.	772985	J'ai été vacciné contre la grippe.
341074	Não se pode fazer omeletes sem quebrar os ovos.	772991	On ne fait pas d'omelette sans casser les œufs.
424006	Elizabeth matou Alister a sangue frio.	772993	Elisabeth a tué Alister de sang froid.
418118	Essa é a cidade da qual eu falei a você.	772996	C'est la ville dont je t'ai parlé.
689799	Você pode me emprestar um grampeador?	773001	Pouvez-vous me prêter une agrafeuse?
774064	No meu sonho, sonhei que estava sonhando.	774068	Dans mon rêve, j'ai rêvé que j'étais en train de rêver.
627226	Tenho dois irmãos e três irmãs.	781323	J'ai deux frères et trois sœurs.
438189	É logo na esquina.	785704	Au coin de la rue !
770675	Nicole fala japonês muito bem.	792742	Nicole parle très bien le japonais.
395130	Você vai se sentir melhor.	865728	Tu iras mieux.
868962	O menino está pulando.	868970	Le garçon saute.
868992	O cavalo está pulando.	868998	Le cheval saute.
869000	A menina está pulando.	869004	La fille saute.
869027	O cachorro está pulando.	869031	Le chien saute.
879942	Grande é o poder do hábito.	879951	Grande est la force de l'habitude.
720970	Eles fizeram as pazes e viraram amigos de novo.	890747	Ils ont grandi et sont redevenus amis.
933788	Minha mãe fez algumas roupas novas.	935959	Ma mère a fait quelques vêtements nouveaux.
418132	A situação está pior do que eu pensava.	935981	La situation est pire que ce que je pensais.
828933	Você se especializa em quais aspectos da medicina chinesa?	936006	Vous vous spécialisez dans quelles parties de la médecine chinoise?
828934	Quais são as suas razões para praticar medicina chinesa no Reino Unido?	936015	Quelles sont vos raisons de pratiquer la médecine chinoise au Royaume-Uni ?
828937	Por favor, responda em chinês ou em inglês.	936017	S'il vous plaît, répondez en chinois ou en anglais.
828938	Quanto mais eu penso nisso, menos eu gosto.	936019	Plus j'y pense, moins j'aime.
828940	Jim entrou com cuidado no quarto para que ele não acordasse o bebê.	936023	Jim entra avec précaution dans la chambre afin de ne pas réveiller le bébé.
828944	Merda acontece.	936025	Il arrive une merde.
828950	"Que horas são agora?" "São 10 horas em ponto."	936030	« Quelle heure est-il à présent ? » « Il est 10 heures exactement. »
879260	Queria montar a cavalo.	936038	J'aimerais monter à cheval.
879262	Esta é uma simples sentença declarativa.	936043	C'est une simple phrase déclarative.
879263	A sala está sendo pintada por ele.	936049	La pièce est peinte par ses soins.
879264	A moça está visitando sua amiga.	936051	La jeune fille rend visite à son amie.
879266	Como está o tempo em Nova York?	936052	Quel temps fait-il à New York ?
879269	Sim, é bonito, mas não gosto da cor vermelha.	936053	Oui, c'est beau, mais je n'aime pas beaucoup la couleur rouge.
879270	De todos os meses, maio é o que eu mais gosto.	936054	De tous les mois, mai est celui que j'aime le plus.
879273	Meu namorado é jornalista.	936055	Mon copain est journaliste.
879276	Terminei de empacotar as minhas caixas.	936056	J'ai terminé de faire mes caisses.
879279	Devolva este livro assim que puder.	936061	Rendez le livre le plus tôt possible.
879286	Este chá está muito quente.	936067	Cette tisane est très chaude.
879288	A mulher prometeu que faria regime, deixaria de fumar e praticaria exercícios físicos.	936076	La femme promit de faire un régime, d'arrêter de fumer et de faire des exercices physiques.
879289	Ele está atrás de trabalho.	936092	Il cherche du travail.
879295	Adotar a nova política foi a melhor coisa que esta companhia já fez.	936097	Adopter la nouvelle politique est la meilleure chose que cette compagnie ait faite.
879296	Eu nunca tinha visto uma baleia tão grande.	936099	Je n'ai jamais vu de baleine aussi grande.
879299	Sente-se aqui e se esquente.	936105	Assieds-toi ici et réchauffe-toi.
879301	Eu estava saindo de casa quando Tom me ligou.	936108	J'étais sorti quand Tom m'a appelé.
879304	Jack nasceu em dez de agosto.	936115	Jacques est né le 10 août.
879306	Tenho mais duas cartas para escrever.	936118	J'ai encore deux lettres à écrire.
879408	Você já viu uma aranha tecendo uma teia?	936124	Vous avez déjà vu une araignée tissant une toile?
879409	Uma grande aranha estava tecendo uma teia.	936127	Une grosse araignée tissait une toile.
879437	Acalme-se!	936152	On se calme !
879443	Revisemos a lição 5.	936155	Nous allons réviser la leçon 5.
879445	Você não gosta da cozinha chinesa?	936157	Tu n'aimes pas la cuisine chinoise?
879446	Você dá muita importância ao que ele diz.	936160	Vous donnez beaucoup d'importance à ce qu'il dit.
879446	Você dá muita importância ao que ele diz.	936161	Tu donnes beaucoup d'importance à ce qu'il dit.
879457	Ele voltou antes das oito.	936168	Il revint avant huit heures.
879467	O homem fala inglês com um sotaque alemão.	936188	L'homme parle anglais avec un accent allemand.
879472	Eles são muito bons amigos.	936195	Ils sont très bons amis.
879485	Ele mora nesse bairro.	936203	Il habite dans ce quartier.
879489	Temos muito a fazer.	936205	Nous avons beaucoup à faire.
879491	Seu irmão é casado, mas não tem filhos.	936207	Son frère est marié, mais il n'a pas d'enfants.
879491	Seu irmão é casado, mas não tem filhos.	936209	Ton frère est marié, mais il n'a pas d'enfants.
879496	Onde está o jornal?	936211	Où est le journal ?
879504	A história sobre a menina saiu nas notícias.	936217	L'histoire de la jeune fille a paru dans les nouvelles.
879507	Você gosta de ficar sozinho?	936219	Tu aimes rester seul?
879507	Você gosta de ficar sozinho?	936220	Vous aimez rester seul?
879509	Acima de tudo, eles querem viver em paz.	936221	Par dessus tout, ils demandent à vivre en paix.
879511	Algum de vocês quer vir aqui e refazer o que eu acabei de fazer?	936228	Certains de vous veulent venir ici et refaire ce que je viens de faire?
879548	Eu posso lhe dar uma longa vida.	936234	Je peux vous donner une longue vie.
879552	Ela nasceu em 1946, em 19 de agosto, na Califórnia.	936239	Elle est née le 19 août 1946, en Californie.
879554	Eu lhe ensinei a nadar.	936243	Je lui ai appris à nager.
877956	Eu nunca o farei de novo.	936312	Je ne le ferai pas à nouveau.
877957	O castelo fica do outro lado do rio.	936315	Le château se trouve de l'autre côté de la rivière.
877959	Você deveria dizer a verdade.	936319	Vous devriez dire la vérité.
877965	Suas pinturas me parecem estranhas.	936326	Tes peintures me semblent curieuses.
877965	Suas pinturas me parecem estranhas.	936327	Vos peintures me semblent curieuses.
877965	Suas pinturas me parecem estranhas.	936329	Tes peintures me semblent étranges.
877965	Suas pinturas me parecem estranhas.	936330	Vos peintures me semblent étranges.
877965	Suas pinturas me parecem estranhas.	936331	Ses peintures me semblent étranges.
877965	Suas pinturas me parecem estranhas.	936332	Ses peintures me semblent curieuses.
877968	É só um sonho.	936333	C'est seulement un rêve.
879589	Ele é o comandante Joki.	936398	C'est le commandant Joki.
879591	O comandante Joki tem família.	936399	Le commandant Joki a une famille.
879602	O banho está pronto.	936402	Le bain est prêt.
879612	Nós moramos em Puistokatu.	936406	Nous vivons à Puistokatu.
879618	Bom dia, senhor Saari.	936408	Bonjour, Monsieur Saari.
880862	Bom dia, senhora Virtanen.	936411	Bonjour, Madame Virtanen.
880867	Nós estamos achando difícil decidir qual comprar.	936416	Nous trouvons qu'il est difficile de décider lequel acheter.
880871	Eu vi meus amigos ontem.	936421	J'ai vu mes amis hier.
880872	Eu me encontrei com meus amigos ontem.	936427	J'ai rencontré mes amis hier.
880883	O terremoto causou um tsunami de grandes proporções.	936434	Le tremblement de terre a causé un tsunami de grandes proportions.
880884	Todas as maçãs que caem são comidas pelos porcos.	936438	Toutes les pommes qui tombent sont de la nourriture pour les cochons.
880885	Estou muito preocupado.	936440	Je suis très ennuyé.
880888	Ele deu um fim na vida dele pulando de uma ponte.	936444	Il termina sa vie en sautant d'un pont.
880889	Ele se suicidou pulando de uma ponte.	936447	Il se suicida en tombant d'un pont.
880894	Hmm...	936451	Hum...
880895	Nós chamamos essa montanha de Tsurugidake.	936457	Nous appelons cette montagne Tsurugidake.
880901	O sonho dela é conhecer Paris.	936464	Son rêve est de connaître Paris.
880906	Preciso de férias!	936467	J'ai besoin de vacances !
901068	Saber é uma coisa, ensinar é outra por completo.	936795	Savoir est une chose, enseigner en est complètement une autre.
907596	O café é um dos principais produtos comercializados no Brasil.	936806	Le café est l'un des principaux produits commercialisés au Brésil.
904033	Não seria ótimo se existisse um pronome de gênero neutro para "ele" ou "ela" em inglês?	936814	Ce ne serait pas génial s'il existait un pronom neutre pour « il » ou « elle » en anglais ?
936796	À Mary, falta-lhe delicadeza.	936822	À Marie, il manque de la finesse.
424023	Eu vi Andrea saindo de casa.	936847	J'ai vu Andrée sortir de la maison.
892226	A casa está pegando fogo!	936849	La maison brûle !
899686	A febre diminuiu.	936851	La fièvre a diminué.
818323	Minha mãe está fazendo um bolo para o meu pai.	936852	Ma mère fait un gâteau pour mon père.
726729	O livro mais importante para aprender um idioma é, naturalmente, um dicionário.	936861	Le livre le plus important pour apprendre une langue est, naturellement, un dictionnaire.
771994	Vi que eles não estavam se entendendo.	937343	J'ai vu qu'ils ne s'entendaient pas bien.
772015	Não consigo pensar de outra maneira.	937345	Je n'arrive pas à penser d'une autre façon.
772028	Finalmente encontrei a resposta para a pergunta.	937347	Finalement, j'ai trouvé la réponse à la question.
772058	Todo dia assisto televisão.	937350	Je regarde la télévision tous les jours.
937336	Não adianta chorar sobre o leite derramado.	937354	Il ne sert à rien de pleurer sur le lait renversé.
748982	Minha mãe me fez tomar alguns remédios.	938963	Ma mère m'a fait prendre quelques médicaments.
655029	Eu estudaria húngaro, mas não tenho tempo.	938967	J’étudierais bien le hongrois, mais je n'ai pas de temps.
655071	Se eu tivesse tempo, com prazer te visitaria.	938968	Si j'avais le temps, je te rendrais visite avec plaisir.
655091	Meus pais me dissuadiram de viajar sozinho.	938969	Mes parents m'ont dissuadé de voyager seul.
651068	Você está procurando alguém?	938975	Vous cherchez quelqu'un ?
651068	Você está procurando alguém?	938976	Tu cherches quelqu'un ?
651079	Oi, o que é isso? Alguém fazendo teatro de rua ou coisa parecida?	938980	Salut, qu'est-ce que c'est ? Quelqu'un qui fait du théâtre de rue ou quelque chose comme ça ?
651080	Cadê ele?	938981	Où est-il ?
651577	Não entendi nada!	938984	Je n'ai rien compris !
651587	Para com isso!	938987	Arrête avec ça !
651609	Encontrei-o na multidão.	938994	Je l'ai trouvé dans la foule.
936797	Como está o vinho e como está a cerveja?	952791	Comment est le vin et comment est la bière ?
956633	Ele é professor de italiano.	956682	Il est professeur d'italien.
956632	Ela não é doutora.	956686	Elle n'est pas doctoresse.
732364	Quando você bebe café?	956946	Quand est-ce que tu bois du café ?
732364	Quando você bebe café?	956947	Quand est-ce que vous buvez du café ?
965888	Depois de ter comprimido o arquivo, envie-o para mim por e-mail.	965905	Après avoir compressé le fichier, envoyez-le-moi par e-mail.
989764	Eu estou em Portugal.	989769	Je suis au Portugal.
576825	Ele sabe ler.	1002964	Il peut lire.
871787	Estou vendo uma casa.	1004869	Je vois une maison.
1007530	Júlio César foi um imperador romano.	1007684	Jules César fut un empereur romain.
1007547	O reinado de Ramsés II durou 67 anos.	1007686	Le règne de Ramsès II dura 67 ans.
1007618	O pirata explicava por que a bússola aponta para o Norte.	1007687	Le pirate expliquait pourquoi la boussole pointe vers le nord.
1007641	A Torre Eiffel está cravada no coração de Paris.	1007688	La Tour Eiffel est clouée au cœur de Paris.
964500	O Brasil, a Rússia, a Índia e a China constituem o BRIC.	1019888	Le Brésil, la Russie, l'Inde et la Chine constituent les BRIC.
989956	Em 2001, o grupo financeiro Goldman Sachs concluiu que Brasil, Rússia, Índia e China serão os "tijolos" da economia mundial, dando origem ao acrônimo "BRIC".	1019943	En 2001, le groupe financier Goldman Sachs a conclu que le Brésil, la Russie, l'Inde et la Chine seront les « briques » de l'économie mondiale, donnant son origine à l'acronyme « BRIC ».
1020881	Fui ao supermercado.	1020890	Je suis allé au supermarché.
1007865	Café sem cafeína não tem gosto.	1021969	Le décaféiné n'a pas de goût.
1007865	Café sem cafeína não tem gosto.	1021970	Le déca, ça n'a pas de goût.
889394	Ela o visita duas vezes por ano.	1031620	Elle lui rend visite deux fois par an.
1004289	Para onde o Brasil se inclinar, se inclinará toda a América Latina.	1032976	Là où le Brésil se dirige, toute l'Amérique latine se dirigera.
1052113	Todos me perguntam como é ser daltônico.	1052125	Tous me demandent comment c'est d'être daltonien.
1052113	Todos me perguntam como é ser daltônico.	1052126	Tous me demandent comment ça fait d'être daltonien.
1059227	É preciso falar e escrever bem.	1059795	Il faut parler et écrire bien.
1064981	Meu coração é verde e amarelo.	1064994	Mon cœur est vert et jaune.
1072024	É só uma questão de adaptação.	1072209	Ce n'est qu'une question d'adaptation.
1032602	Eu costumava alimentar meu cachorro duas vezes por dia.	1076724	J'avais l'habitude de nourrir mon chien deux fois par jour.
1077309	O Brasil compreende vinte e seis estados.	1078415	Le Brésil compte vingt-six états.
1078904	Estudo numa escola municipal.	1079023	J'étudie dans une école communale.
1078906	Estudo numa escola privada.	1079024	J'étudie dans une école privée.
1078905	Estudo numa escola pública.	1079025	J'étudie dans une école publique.
972033	Eu queria pôr fim a esta situação trágica.	1080387	Je voudrais mettre un terme à cette situation tragique.
972016	A guerra sempre traz consequências trágicas.	1080448	La guerre entraîne toujours des conséquences tragiques.
971924	Você se lembra dos acontecimentos trágicos do 11 de setembro de 2001?	1080476	Te souviens-tu des événements tragiques du 11 septembre 2001 ?
970827	Não tem antídoto no refrigerador.	1080485	Il n'y a pas d'antidote au réfrigérateur.
970900	Você sabe o que quer dizer AMP?	1080487	Sais-tu ce qu'AMP signifie ?
993369	Meu amigo Enrique não foi à aula ontem, nem eu.	1088491	Mon ami Henri n'est pas allé en classe hier, et moi non plus.
993371	Vocês costumam ir ver peças de teatro?	1088500	Avez-vous l'habitude d'aller voir des pièces de théâtre ?
870723	Quem é Alvar Aalto?	1089459	Qui est Alvar Aalto?
996876	Minha namorada disse que é só uma separação temporária.	1099108	Ma copine a dit que ce n'était qu'une séparation temporaire.
1107333	Não sou nada. Nunca serei nada. Não posso querer ser nada. À parte isso, tenho em mim todos os sonhos do mundo.	1107336	Je ne suis rien. Jamais je ne serai rien. Je ne puis souhaiter être quoi que soit. Cela dit, je porte en moi tous les rêves du monde.
948904	A bicicleta roxa custa menos que a amarela.	1107540	Le vélo violet coûte moins cher que le jaune.
826360	Eu preciso de muitos livros.	1108016	J'ai besoin de beaucoup de livres.
931924	Você tem que fazer sempre a coisa correta.	1113127	Faites toujours ce qui est juste.
1116083	Estes lápis são da mesma cor.	1116385	Ces crayons sont de la même couleur.
1116084	Estas toalhas são de cores diferentes.	1116390	Ces serviettes sont de couleurs différentes.
1116087	Estes carros são do mesmo tipo.	1116394	Ces voitures sont du même type.
1116090	Estas bicicletas são de dois tipos diferentes.	1116397	Ces vélos sont de types différents.
1116092	Estes peixes são da mesma cor.	1116402	Ces poissons sont de la même couleur.
1116093	Estes pássaros são de cores diferentes.	1116407	Ces oiseaux sont de couleurs différentes.
1116095	As pessoas estão falando ao mesmo tempo.	1116410	Ces gens parlent en même temps.
1116100	Estas duas camisas são feitas do mesmo tecido.	1116415	Ces deux chemises sont faites du même tissu.
1116103	Estas duas calças são feitas de tecidos diferentes.	1116418	Ces deux pantalons sont faits de tissus différents.
1116106	Ambas as peças são de metal.	1116501	Les pièces sont toutes deux en métal.
1116107	Ambas as peças são de louça.	1116503	Les pièces sont toutes deux en porcelaine.
1116116	Estes insetos são de espécies diferentes.	1116504	Ces insectes sont d'espèces différentes.
1116117	Estes mamíferos são da mesma espécie.	1116507	Ces mammifères sont de la même espèce.
1116121	Somos de alturas diferentes. Ele é mais alto do que eu.	1116512	Nous ne sommes pas de la même taille. Il est plus grand que moi.
1116122	Um menino é mais alto do que o outro.	1116513	Un garçon est plus grand que l'autre.
1116123	Estas motocicletas são do mesmo tipo.	1116516	Ces motos sont du même type.
1116124	Estes computadores são de tipos diferentes.	1116518	Ces ordinateurs sont de types différents.
1116125	Minhas irmãs têm olhos da mesma cor.	1116519	Mes sœurs ont la même couleur d'yeux.
1116129	Temos olhos de cores diferentes.	1116520	Nous avons des couleurs d'yeux différentes.
1116130	Estas caixas são do mesmo tamanho.	1116521	Ces boîtes sont de la même taille.
1116132	Estes quadros são de tamanhos diferentes.	1116522	Ces tableaux sont de tailles différentes.
1116133	Todas as pessoas desta sala são do gênero masculino.	1116523	Tous les gens dans cette salle sont du sexe masculin.
1116136	Todas as pessoas desta sala são do mesmo gênero.	1116524	Tous les gens dans cette salle sont du même sexe.
1116140	Os níveis de água nestes copos são os mesmos.	1116525	Le niveau de l'eau dans ces verres est le même.
1116141	Os níveis de água nestes rios são diferentes.	1116527	Les niveaux de l'eau dans ces rivières sont différents.
1116142	O recipiente está cheio.	1116528	Le récipient est plein.
1116144	O recipiente está vazio.	1116529	Le récipient est vide.
1116146	Estes cadernos são da mesma grossura.	1116530	Ces cahiers sont de la même épaisseur.
996309	Qualidade é mais importante do que quantidade.	1129842	La qualité est plus importante que la quantité.
886715	Meu cachorro vai para sua casa.	1138252	Mon chien va dans sa niche.
1138387	Tom cometeu muitos erros.	1138391	Tom a fait beaucoup d'erreurs.
1153684	Não, pai!	1153688	Non, papa !
1153691	Você é uma bela mulher.	1153699	Tu es une belle femme.
972805	Onde fica a entrada do museu?	1156035	Où se trouve l'entrée du musée ?
768876	Eu quero visitar meu amigo na semana que vem.	1156058	J'aimerais rendre visite à un ami la semaine prochaine.
1156012	O copo está cheio d'água.	1158726	Le gobelet est plein d'eau.
1156012	O copo está cheio d'água.	1158727	Le verre est plein d'eau.
770632	Peguei um resfriado horrível.	1158774	J'ai attrapé un rhume carabiné.
770634	Estou com uma forte dor de cabeça.	1158776	J'ai des maux de tête.
1180501	Ana não tem irmãs.	1180504	Ana n'a pas de sœur.
1180863	Sou o mais velho dos três.	1180865	Je suis le plus âgé des trois.
1192151	Não dá para estudar com tanto barulho!	1192172	Impossible d'étudier avec autant de bruit !
1194188	Há uma estátua do professor em frente à escola.	1194190	Il y a une statue du professeur devant l'école.
1194196	Minha esposa está usando um vestido azul.	1194198	Ma femme porte une robe bleue.
1194199	Estou dando água aos cães.	1194201	Je donne de l'eau aux chiens.
1194193	Estou comendo frutas porque estou com fome.	1195277	Je mange des fruits parce que j'ai faim.
1194195	Os habitantes da ilha são altos e fortes.	1195281	Les habitants de l'île sont grands et forts.
1194182	Há uma mosca no café.	1195290	Il y a une mouche dans le café.
1194168	A clepsidra é um relógio de água.	1195295	La clepsydre est une horloge à eau.
1194159	Carlos Morel foi o primeiro pintor argentino.	1195301	Carlos Morel fut le premier peintre argentin.
1187030	Acho que ela se enganou.	1200083	Je crois qu'elle s'est trompée.
1186998	Alguém lhe mandou uma carta de São Paulo.	1200084	Quelqu'un t'a envoyé une lettre de São Paulo.
1180375	Escrevemos romances juntos.	1200086	Nous écrivons des romans ensemble.
1180357	Por que escreves uma mentira?	1200087	Pourquoi est-ce que tu écris un mensonge ?
417802	Ivo viu a uva.	1200100	Ivo vit le raisin.
1146417	É muito cedo.	1200101	Il est très tôt.
1020780	Água e gelo são a mesma substância em formas diferentes.	1200102	L'eau et la glace sont la même substance mais sous formes différentes.
1145708	Sou ainda iniciante.	1200103	Je suis encore débutant.
1134459	Gostei muito do artigo que li.	1200104	J'ai beaucoup aimé l'article que j'ai lu.
1162998	O cozinheiro está sentado na cozinha.	1200105	Le cuisinier est assis dans la cuisine.
1012138	Por que não há janelas nos banheiros dos aviões?	1200109	Pourquoi est-ce qu'il n'y a pas de fenêtre dans les toilettes des avions ?
1160967	Você lera.	1200111	Tu avais lu.
1160967	Você lera.	1200112	Vous aviez lu.
1200211	Seu filho desapareceu há sete anos.	1201569	Son fils a disparu il y a sept ans.
1200226	Gosto de comida exótica.	1201623	J'aime la nourriture exotique.
1201692	Não sou seu escravo!	1201727	Je ne suis pas ton esclave !
1201693	O trem se foi.	1201728	Le train est parti.
1201691	Sua vida é cheia de dor.	1201733	Sa vie est pleine de douleur.
1056168	O termo "clichê" é oriundo da língua francesa.	1233967	Le terme "cliché" vient de la langue française.
391337	Você não devia jogar beisebol aqui.	1251941	Tu ne devrais pas jouer au base-ball ici.
1272272	Adeus e boa sorte.	1272276	Adieu et bonne chance !
1278630	Ele é um homem de ação.	1278634	C'est un homme d'action.
1007643	O médico aconselhou ao homem que parasse de beber.	1296514	Le médecin conseilla à l'homme d'arrêter de boire.
1303078	Ela está sempre ocupada.	1303085	Elle est toujours occupée.
1304396	Eu vos dei a minha vida.	1305301	Je vous ai donné ma vie.
1304397	Agora vos ofereço a minha morte.	1305302	Maintenant je vous offre ma mort.
1304398	Nada receio.	1305305	Je ne crains rien.
1304353	Tive de renunciar.	1305307	J'ai dû renoncer.
1304349	Sigo o destino que me é imposto.	1305308	Je suis le destin qui m'est imposé.
1304372	Nada mais vos posso dar, a não ser meu sangue.	1305309	Je ne peux rien vous donner de plus, sauf mon sang.
1304391	Lutei contra a espoliação do Brasil.	1305311	J'ai lutté contre la spoliation du Brésil.
1304393	Lutei contra a espoliação do povo.	1305312	J'ai lutté contre la spoliation du peuple.
1249797	Tom não sabe o que Mary quer que ele compre para o seu aniversário.	1306629	Tom ne sait pas ce que Mary veut qu'il lui achète pour son anniversaire.
1077045	Não consigo enxergar nada. O para-brisa está muito sujo.	1312569	Je ne vois rien. Le pare-brise est très sale.
1312570	Seu coração está doente.	1312572	Son cœur est malade.
1312570	Seu coração está doente.	1312573	Ton cœur est malade.
1277523	Conhecem-se mais de um milhão de espécies de artrópodes.	1317926	On connaît plus d'un million d'espèces d'arthropodes.
1277519	Os crustáceos são artrópodes.	1317928	Les crustacés sont des arthropodes.
1277518	Os aracnídeos são artrópodes.	1317929	Les arachnides sont des arthropodes.
1277517	Os insetos são artrópodes.	1317930	Les insectes sont des arthropodes.
1320229	Feliz Natal, meu amor!	1320234	Joyeux Noël, mon amour !
1322230	Então eu parei de ler.	1322235	Alors j'ai arrêté de lire.
1322840	Quem quer um pouco de bolo?	1322842	Qui veut un peu de gâteau ?
950881	Os computadores são máquinas complexas.	1329501	Les ordinateurs sont des machines complexes.
976576	Você já viu o filme "A Caixa"?	1329505	Avez-vous déjà vu le film « La Boîte » ?
974520	O "soroban" é uma espécie de ábaco japonês.	1329506	Le « soroban » est un type d'abaque japonais.
977580	Por que você rasgou esta folha?	1329507	Pourquoi as-tu déchiré cette feuille ?
1331844	Todo homem é um cadáver em potencial.	1331852	Tout homme est un cadavre potentiel.
1331842	Quem ama a Maria amaria a Maria.	1331853	Qui aime Marie aimerait Marie.
1310804	Eu falo um pouco de espanhol.	1337637	Je parle un peu l'espagnol.
1310806	A vida é difícil.	1337651	La vie est difficile.
1129563	Eu gostaria de ir, mas não tenho carro.	1391719	J'aimerais y aller mais je n'ai pas de voiture.
1327286	Não se esqueça de que o adjetivo precisa concordar com o seu substantivo.	1397056	N'oubliez pas que l'adjectif doit s'accorder avec son substantif.
1402152	Acredito que Elvis ainda está vivo.	1402164	Je crois qu'Elvis est encore vivant.
1403154	Se possível, gostaria de ler mais sobre o tema.	1403617	Si possible, je voudrais lire plus à ce sujet.
966722	Tem um médico entre nós?	1406806	Y a-t-il un docteur parmi nous ?
981932	Estamos estudando as estrelas massivas.	1408663	Nous sommes en train d'étudier les étoiles massives.
1176310	Ele doa muito dinheiro ao projeto.	1417482	Elle donne beaucoup d'argent pour le projet.
1176263	Modernizar uma cidade custa caro.	1417484	Ça coûte cher de moderniser une ville.
1176254	Você conhece alguém que saiba pilotar um avião?	1417485	Connais-tu quelqu'un qui sache piloter un avion ?
1167677	O metrô funciona hoje até que horas?	1417487	Jusqu'à quelle heure fonctionne le métro ?
1167630	Que merda!	1417488	Quelle merde !
1157890	Eles o elegeram como seu representante.	1417490	Ils l'ont élu comme leur représentant.
1136410	Ela me forçou a beijá-la.	1417491	Elle m'a forcé à l'embrasser.
1136402	Não me force a fazer o que eu não quero.	1417492	Ne me force pas à faire ce que je ne veux pas.
1134468	A família é base para a vida toda.	1417493	La famille est la base de toute la vie.
1134470	Não consigo identificar o gênero deste texto.	1417495	Je n'arrive pas à identifier de quel genre de texte il s'agit.
1126355	Seu sorriso é falso.	1417497	Son sourire est faux.
1126348	Onde fica seu ateliê?	1417498	Où est son atelier ?
1126348	Onde fica seu ateliê?	1417499	Où est ton atelier ?
1126326	Ele não é cego desde que nasceu.	1417500	Il n'est pas aveugle de naissance.
1123387	Todo cliente tem seus direitos.	1417503	Chaque client a des droits.
1123378	Virou à direita ao invés de virar à esquerda.	1417504	Il a tourné à droite plutôt qu'à gauche.
1107472	Pai, onde estás?	1417505	Père, où es-tu ?
1105216	Sou amado de meus avós.	1417507	Je suis aimé de mes grands-parents.
1105207	Dá para contornar o país de trem.	1417509	Il est possible de contourner le pays en train.
1105095	O sol está alto.	1417510	Le soleil est haut.
1104935	Provaste do arroz?	1417511	As-tu goûté le riz ?
1091769	Quero saber apenas o que me concerne.	1417513	Je veux seulement savoir ce qui me concerne.
1091661	"Quer ir comigo ao baile?" "Sinto muito, mas não dá."	1417514	« Veux-tu aller au bal avec moi ? » « Je suis vraiment désolée, mais je ne peux pas. »
1091357	Vimos a ambos.	1417515	Nous les avons vus tous les deux.
431072	Eu quero meu dinheiro de volta.	1425726	Je veux récupérer mon argent.
1127324	Referimo-nos ao princípio mais geral de toda a física clássica, o da conservação da energia.	1430215	Nous nous référons au principe le plus général de toute la physique classique, celui de la conservation de l'énergie.
1145438	A primavera corresponde à infância, o verão às paixões; o outono representa a maturidade da vida e o inverno a velhice.	1430223	Le printemps correspond à l'enfance, l'été aux passions ; l'automne représente la maturité de la vie et l'hiver la vieillesse.
1145440	Não me meta em camisa de força, porque não estou louco.	1430226	Ne me mettez pas dans une camisole de force, parce que je ne suis pas fou.
1145444	O homem é um ser social.	1430229	L'homme est un être social.
1145450	Sem sombra de dúvida, o uso do Esperanto economiza muito tempo, dinheiro e trabalho.	1430233	Sans l'ombre d'un doute, l'usage de l'espéranto économise beaucoup de temps, d'argent et de travail.
1145452	O Esperanto é uma língua flexível, fácil de ser aprendida, praticável e memorável.	1430242	L'espéranto est une langue flexible, facile à apprendre, pratique et mémorisable.
1145456	O uso do Esperanto é mais fácil do que o uso de outras línguas.	1430245	L'usage de l'espéranto est plus facile que l'usage d'autres langues.
1145460	Que tipo de língua é o Esperanto?	1430247	Quelle sorte de langue est l'espéranto ?
1145482	Não falo depressa, mas compreendo bem.	1430256	Je ne parle pas vite, mais je comprends bien.
1145496	Eles vão às reuniões, mas não compreendem o Esperanto.	1430294	Ils vont aux réunions, mais ne comprennent pas l'espéranto.
429551	Muitas pessoas famosas apoiam o movimento.	1433559	Beaucoup de personnes célèbres soutiennent le mouvement.
431078	O câncer é um grande inimigo da humanidade.	1447387	Le cancer est le grand ennemi de l'humanité.
985165	Está claro?	1472210	C'est clair ?
1461998	Ela gosta muito de ir ao cinema.	1473190	Elle aime bien aller au cinéma.
893392	Eu sou doido de pedra.	1473240	Je suis complètement fou.
1412099	É muito complicado arquivar os e-mails neste site.	1473303	Il est trop compliqué d'archiver des e-mails sur ce site.
1075314	O mercado tornou-se um hipermercado.	1473322	Le marché est devenu un hypermarché.
990616	Ora, não me diga isso!	1482225	Bof ! Ne me dis pas ça !
992111	Esta chácara não é grande, mas suficiente para oferecer ar puro.	1482306	Cette ferme n'est pas grande, mais assez pour nous procurer de l'air frais.
1007693	Envia esta caixa ao homem que te mostrei ontem.	1484029	Envoie cette boîte à l'homme que je t'ai montré hier.
1485346	Ela apareceu no parque mesmo à hora marcada.	1487924	Elle s'est présentée dans le parc à l'heure convenue.
1485340	Agora não me lembro de mais nada.	1487938	Je ne me souviens de rien de plus maintenant.
1485343	Porque é que estás a fazer essa cara?	1487982	Pourquoi fais-tu cette tête ?
1485352	Eles não conseguiam parar de rir.	1487994	Ils ne pouvaient pas arrêter de rire.
1485349	Dás-me cabo da paciência!	1488000	Tu mets ma patience à bout !
1485373	Já disse tudo o que tinha a dizer.	1488002	J'ai tout dit.
1487962	Quantos anos tem esta árvore?	1488017	Cet arbre a quel âge ?
1487960	Esta árvore tem mais de cem anos.	1488020	Cet arbre a plus d'un siècle.
1487958	O prédio está em construção.	1488034	Le bâtiment est en construction.
1487955	A estrada foi alcatroada.	1488056	La route a été goudronnée.
1487965	Eles casaram em setembro.	1488069	Ils se sont mariés en septembre.
1487968	Qual é o carro mais rápido do mundo?	1488071	Quelle est la voiture la plus rapide du monde ?
1487954	A caneta ficou sem tinta.	1488086	Le stylo n'a plus d'encre.
1487966	Há muitas espécies em vias de extinção.	1488121	Il y a de nombreuses espèces en voie de disparition.
1419520	José é o juiz que vai apitar o jogo.	1490530	Joseph va arbitrer le match.
1421498	Assim você me mata!	1490536	Ta beauté me tue !
1419477	O ditador tomou o poder há 15 anos.	1490541	Le dictateur est arrivé au pouvoir il y a quinze ans.
1489082	Para conduzir é preciso uma licença.	1493802	Pour conduire, il faut un permis.
886628	Está quase na hora de o convidado chegar.	1501161	Il est presque l'heure que les invités arrivent.
1362872	Ele dormiu bem ontem à noite.	1510922	Il a bien dormi hier soir.
374945	Todos eles riram das suas piadas.	1513538	Ils ont tous ri de leurs blagues.
385162	Eles riram do erro dele.	1513539	Ils ont ri de leur erreur.
1249406	Tom chegou em casa às 6:30.	1514294	Tom est rentré à 6:30.
1373066	Estou desesperado.	1528581	Je suis désespéré.
423987	Todos os dois estudantes passaram em todos seus testes.	1530885	Chacun des deux étudiants a réussi tous leurs tests.
1537048	Este chapéu me custou dez dólares.	1537058	Ce chapeau m'a coûté dix dollars.
1292887	Nosso bebê nasceu saudável.	1567583	Notre bébé naquit en santé.
1292887	Nosso bebê nasceu saudável.	1567589	Notre bébé est né en bonne santé.
1567517	Pedro, você já viu o jornal?	1567794	Pierre, tu as déjà vu le journal ?
1567546	"Quod erat demonstrandum" é uma expressão latina muito usada em matemática que significa "como se queria demonstrar".	1567815	« Quod erat demonstrandum » est une expression latine très utilisée dans les mathématiques qui signifie « ce qu'il fallait démontrer ».
1459665	O que você está insinuando?	1567817	Tu insinues quoi ?
1567525	Nada é impossível no mundo da informática.	1567818	Rien n'est impossible dans le monde de l'informatique.
1567512	Eu disse para você não vir!	1567819	Je t'ai dit de ne pas venir !
1566830	Os cães têm medo de rojões.	1567821	Les chiens ont peur des feux d'artifices.
1485031	Desculpe-me, agora estou ocupada.	1568753	Je suis désolée, je suis occupée maintenant.
885500	Robert é brasileiro. O seu pai é canadense.	1570963	Robert est brésilien. Son père est canadien.
883056	Meu irmão não tem nada.	1570971	Mon frère n'a rien.
883039	Por que o bebê está chorando?	1570973	Pourquoi le bébé pleure-t-il ?
882937	Você joga futebol?	1570982	Joues-tu au foot ?
882432	Por favor, explique.	1570985	Merci d'expliquer.
882439	A mãe de Jesus estava lá.	1570988	La mère de Jésus y était.
882485	Seus nomes são Tom e Ken.	1570989	Ils s'appellent Tom et Ken.
881677	Fala-se francês e inglês no Canadá.	1570998	On parle français et anglais au Canada.
1424324	Ele tomou essa decisão.	1573073	Il prit cette décision.
1424324	Ele tomou essa decisão.	1573075	Il a pris cette décision.
1424231	Leia quantos livros puder.	1573077	Lis autant de livres que tu peux.
1424289	Fiz muitos amigos.	1573079	Je me suis fait beaucoup d'amis.
1424348	A história parece verdadeira.	1573081	L'histoire semble vraie.
1424289	Fiz muitos amigos.	1574731	Je me suis fait de nombreux amis.
1576701	Isto ainda é pior!	1576707	C'est encore pire !
1576275	Eu queria que o dia tivesse mais horas.	1576719	J'aimerais qu'il y ait plus d'heures dans une journée.
1576712	A casa tem jardim?	1576733	La maison a-t-elle un jardin ?
1576686	O comboio acabou de partir.	1576741	Le train vient de partir.
1576743	Tenho muitos livros no meu quarto.	1576746	J'ai beaucoup de livres dans ma chambre.
1576670	Isto é um filme que toda a gente devia ver.	1576750	C'est un film que tout le monde devrait voir.
1291709	Posso usar o telefone?	1576764	Puis-je utiliser le téléphone ?
1539577	Nós ouvimos música.	1576779	Nous avons écouté de la musique.
892291	A que horas fecha?	1576783	À quelle heure ferme-t-il ?
1546046	Pode falar mais devagar, por favor?	1576785	Pouvez-vous parler plus lentement, s'il vous plait ?
1546071	Trabalho como um escravo!	1576787	Je travaille comme un esclave !
1573686	Ó Deus, ninguém merece tamanha punição!	1576790	Ah mon Dieu, personne ne mérite pareille punition !
1581035	Esses olhos dizem tudo.	1581037	Ces yeux disent tout.
1302465	Ela foi gentil comigo.	1583223	Elle était gentille avec moi.
1583387	Poxa vida, ninguém traduz as minhas frases...	1583414	Hé, personne ne traduit mes phrases !
966825	O abacate é o fruto do abacateiro.	1586413	L'avocat est le fruit de l'avocatier.
1600546	Você está livre na quarta-feira?	1600549	Es-tu libre le mercredi ?
880514	Não tem de quê.	1609110	Il n'y a pas de quoi.
1234994	Às vezes ele ri de suas próprias gracinhas.	1618117	Des fois, il rigole de ses propres conneries.
1345303	O hidrogênio é o elemento mais leve.	1639980	L'hydrogène est l'élément le plus léger.
1657903	Não quero viver.	1657904	Je ne veux pas vivre.
1687745	Eu sei que ele sabe.	1687750	Je sais qu'il sait.
1694689	Hoje sonhei que tinha morrido.	1694809	Aujourd'hui, j'ai rêvé que j'étais mort.
1694689	Hoje sonhei que tinha morrido.	1694811	Aujourd'hui, j'ai rêvé que j'étais morte.
1694688	Você não vai morrer aqui.	1694814	Tu ne vas pas mourir ici.
1694674	Ele morreu fazendo o que gostava.	1694820	Il est mort en faisant ce qu'il aimait.
1694675	Podemos dizer que ele morreu feliz.	1694823	On peut dire qu'il est mort heureux.
1694667	Eu vou morrer, e quero que você fique aqui comigo.	1694828	Je vais mourir, et je veux que tu restes avec moi.
1694661	"Eu vou morrer?" "Não, você vai descansar."	1694836	« Vais-je mourir ? » « Non, tu vas reposer. »
1694660	"Eu vou morrer?" "Não, você vai dormir."	1694839	« Vais-je mourir ? » « Non, tu vas dormir. »
1694665	Maria morreu nos braços do padre.	1694840	Marie est morte dans les bras du prêtre.
1694655	Eu não sabia que ele tinha morrido.	1694842	Je ne savais pas qu'il était mort.
1694651	Onde o corpo foi encontrado?	1694844	Où a-t-on trouvé le corps ?
1694651	Onde o corpo foi encontrado?	1694845	Où trouva-t-on le corps ?
1694651	Onde o corpo foi encontrado?	1694849	Où le corps a-t-il été trouvé ?
1694638	A que horas será o enterro?	1694852	C'est à quelle heure, l'enterrement ?
1007626	O mistério permanece.	1701984	Le mystère reste entier.
1701937	Ninguém está interessado em saber quais as suas posições sexuais favoritas.	1704588	Personne n'est intéressé à connaître quelles sont vos positions sexuelles préférées.
1701938	Ninguém está interessado em saber com quantos anos você perdeu a virgindade.	1710496	Personne n'est intéressé à savoir à quel âge vous perdîtes votre virginité.
994303	Ele se propôs a pular na água apesar do frio.	1726489	Il s'est proposé de sauter dans l'eau malgré le froid.
1079542	Não vou jogar porque torci o tornozelo.	1726542	Je ne vais pas jouer parce que je me suis tordu la cheville.
1211761	Torci o pescoço enquanto dormia.	1726546	Je me suis tordu le cou en dormant.
414956	Socorram-me, subi no ônibus em Marrocos!	1729481	À l'aide, je suis monté dans le bus au Maroc !
1466452	Tom quer estar com Mary.	1747896	Tom veut être avec Marie.
1079651	Por que você está me contando isso?	1751183	Pourquoi me racontez-vous ça ?
977601	"Os Sertões", de Euclides da Cunha, é um livro enorme com mais de 300 folhas.	1751312	« Hautes Terres », de Euclides da Cunha, est un énorme livre de plus de 300 pages.
1010164	Meu avô vai à missa todos os domingos.	1806649	Mon grand-père va à la messe tous les dimanches.
1469646	Tom não gosta da maneira com que Maria trata João.	1829102	Tom n'aime pas la manière dont Marie traite Jean.
1836328	A resposta é 42.	1836329	La réponse est 42.
1011971	Esta proteína é importantíssima para o bom funcionamento do organismo.	1850341	Cette protéine est très importante pour le fonctionnement de l'organisme.
1900198	Eu nunca quis ser bombeiro.	1900201	Je n'ai jamais voulu devenir pompier.
1900287	Obrigado por aparecer.	1900300	Merci pour ta venue.
1900179	Seu primeiro nome era Tom.	1963301	Son prénom était Tom.
1953383	A cadeira de plástico é barata.	1963305	La chaise en plastique est bon marché.
1953385	Temos vinte e quatro cadeiras nesta sala de aula.	1963306	Nous avons vingt-quatre chaises dans cette salle de classe.
1953377	Preciso desse telefone.	1963307	J'ai besoin de ce téléphone.
1953369	Borboletas têm vida curta.	1963308	Les papillons ont la vie courte.
1953004	Eles moram em uma mansão.	1963309	Ils habitent dans un manoir.
1952662	Este casaco é pequeno demais.	1963310	Ce manteau est trop petit.
1952663	Este casaco cai bem em você.	1963311	Ce manteau te va bien.
1949312	Estes estudantes são coreanos.	1963313	Ces étudiants sont Coréens.
1989403	Chuta que é macumba!	1989495	Garde-t'en !
1989403	Chuta que é macumba!	1989496	Gardez-vous-en !
1949305	É cedo demais para ir para a cama.	1994559	Il est trop tôt pour aller au lit.
1218357	Isto é o que queremos de agora em diante.	1998667	C'est ce que nous voulons à partir de maintenant.
1218357	Isto é o que queremos de agora em diante.	1998668	C'est ce que nous voulons dorénavant.
1920535	Fazer exercícios físicos só de vez em quando pode trazer consequências sérias.	2004712	Faire des exercices physiques seulement de temps en temps peut avoir de sérieuses conséquences.
987640	É certo que amanhã o tempo estará bom.	2004713	C'est sûr que demain le temps sera beau.
1613257	No Japão as enfermeiras têm uma alta posição social?	2004714	Au Japon, les infirmières ont une haute position sociale?
1007736	O inventor do diafragma foi o doutor Mensiga.	2004715	L'inventeur du diaphragme était le docteur Mensiga.
1555631	Tom, atrás de você!	2004717	Tom, derrière toi !
1146929	Ei! Vamos rápido! Já é tarde!	2004719	He ! Allez, vite ! Il est déjà tard !
1713011	Barack Obama é o presidente dos Estados Unidos.	2004722	Barack Obama est le président des États-Unis d'Amérique.
1417030	Não acredite nas pessoas que dizem saber tudo.	2004723	Je ne crois pas les personnes qui disent tout connaître.
1846769	Então o motor parou repentinamente.	2005170	Puis le moteur s'arrêta brutalement.
1782697	Ele recusou-se a fazer comentários.	2005199	Il refusa de faire tout commentaire.
1869818	Lamento ter gritado com você.	2005249	Je suis navré d'avoir crié sur vous.
884351	Vá com calma e melhore logo.	2005285	Vas-y doucement et ça ira tout de suite mieux.
1822541	O dia está agradável para um piquenique.	2005294	La journée est agréable pour faire un pique-nique.
1582418	Filiberto tem duas vidas.	2005461	Philibert a deux vies.
909335	Agora ela sabe que com ele não se pode contar.	2009311	Maintenant elle sait qu'elle ne peut plus compter sur lui.
1797381	Júpiter era adorado pelos romanos.	2009718	Jupiter était adoré des romains.
1469016	Trabalho apressado nunca é bom.	2009720	Le travail vite fait, c'est jamais bon.
1797381	Júpiter era adorado pelos romanos.	2009721	Jupiter était adulé par les romains.
1232055	Dizem que essa fruta faz bem à saúde.	2009722	Ils disent que ce fruit est bon pour la santé.
871768	Estes quadros foram pintados por ele.	2009723	Ces tableaux ont été peints par lui.
1061515	Vou morar na Argentina, pois lá trabalharei.	2009724	Je vais vivre en Argentine, puis j'y travaillerai.
985318	Harry tem apenas 40 anos.	2009725	Harry a à peine 40 ans.
996344	Adoro vinhos antigos. Isto porque a qualidade do vinho depende diretamente de sua idade.	2009726	J'adore les vieux vins. Parce que la qualité du vin dépend directement de son âge.
1834266	Eu tenho um clipe no YouTube.	2009729	J'ai une vidéo sur Youtube.
1079692	Ele confessou os pecados ao pastor.	2009730	Il a confessé ses péchés au curé.
1902231	Ela tinha um bom coração.	2009790	Elle avait bon fond.
1902231	Ela tinha um bom coração.	2009791	Elle avait du cœur.
1382350	Não muito dura o favor do senhor.	2009795	La bienveillance d'un homme est de courte durée.
1232056	Todos estão falando mal dela.	2009796	Tous étaient en train de dire du mal d'elle.
381522	Eu entendo que está ficando quente de novo.	2009801	Je comprends qu'il fasse chaud de nouveau.
952646	Esta frase não tem autor.	2009805	Cette phrase n'a pas d'auteur.
1141542	Tenho estado estudando há duas horas.	2009806	J'étais en train d'étudier il y a deux heures.
1127878	Algumas pessoas gostam mais do mar, outras das montanhas.	2010919	Certaines personnes aiment plus la mer, d'autres la montagne.
1123358	Ainda estou com o mesmo problema do mês passado.	2010921	Je suis encore avec le même problème que le mois dernier.
1057387	As férias de verão terminaram.	2010922	Les vacances d'été sont finies.
1245221	Nosso professor vem para a escola de carro.	2010924	Notre professeur vient à l'école en voiture.
377630	É provável que ela ganhe o jogo.	2010930	C'est possible qu'elle gagne le jeu.
377630	É provável que ela ganhe o jogo.	2010931	Il est probable qu'elle gagne le jeu.
1551594	Estou melhor.	2010934	Je suis mieux.
1551594	Estou melhor.	2010936	Ça va mieux.
1718353	Você já cumprimentou Pfirsichbäumchen em alemão?	2010946	Avez-vous salué Pfirsichbäumchen en allemand ?
1400829	Esqueci de mandar cartões de Ano Novo aos meus amigos.	2010948	J'ai oublié d'envoyer des cartes postales du nouvel an à mes amis.
1536941	Por acaso você é Tom Norton?	2010950	Par hasard ne serait-ce pas vous Tom Norton?
1536941	Por acaso você é Tom Norton?	2010953	Par hasard, n'est-ce pas vous Tom Norton?
1940076	Estes livros são meus.	2010954	Ces livres sont les miens.
1940076	Estes livros são meus.	2010955	Ces livres sont miens.
897184	Eu sempre tomo um banho de manhã.	2010965	Je prends toujours un bain matinal.
1255860	Estava esperando um táxi.	2010969	J'étais en train d'attendre un taxi.
983199	Ele entregou-me uma carta nos últimos instantes de sua vida.	2010972	Il m'a donné une carte dans ses derniers instants de vie.
957748	Aqui cultivamos trigo.	2010974	Ici, nous cultivons le blé.
748865	O gato está na cadeira ou embaixo dela?	2010975	Le chat est sur ou sous la chaise?
1381406	Querendo ou não, você um dia certamente morrerá.	2010978	Que vous le vouliez ou non, un jour certainement vous mourrez.
881042	Eles não o sabem bem.	2010980	Ils ne le savent pas bien.
1588814	Por que você não lhe dá algumas flores?	2010986	Pourquoi vous ne lui donnez pas des fleurs?
1232025	Nós conversaremos sobre isso depois.	2010988	Nous parlerons de ça après.
965908	Ela recusou minha oferta.	2010989	Elle a refusé mon offre.
1784643	Não entendo este esquema.	2010991	Je ne comprends pas ce schéma.
1331795	Ele machucou a mão esquerda.	2010992	Il s'est fait mal à la main gauche.
1331795	Ele machucou a mão esquerda.	2010993	Il s'est blessé la main gauche.
1346345	Caramba, como isso é gostoso!	2010996	Ohhh! Succulent!
1346345	Caramba, como isso é gostoso!	2011000	Eh ben! Que c'est goutu!
1346345	Caramba, como isso é gostoso!	2011002	Wouah, c'est un délice!
826372	Por um segundo pensei que eu ia morrer.	2011005	Pendant une seconde, j'ai pensé que j'allais mourir.
1926894	Ela está cantando uma música ou tocando piano?	2011007	Elle est en train de chanter une chanson ou elle est en train de jouer du piano?
1105106	Você parece idiota.	2011008	Vous paraissez stupide.
1466500	Você poderia colocar um ponto ao fim de sua frase, por favor?	2013728	Pourriez-vous mettre un point à la fin de votre phrase, s'il vous plait?
1001359	Este carro vale uma nota.	2013746	Cette voiture vaut une fortune.
1701131	Atualmente, não o temos em estoque.	2013749	Actuellement nous ne l'avons pas en stock.
1873958	Ele não é homem para mim.	2013752	Ce n'est pas un homme fait pour moi.
1734960	Parece tudo certo no papel, mas será que vai funcionar?	2015407	Ça paraît correct sur le papier, mais est-ce que ça va marcher?
1190601	Você poderia abrir a janela, por favor?	2015423	Pourriez-vous ouvrir la fenêtre, s'il vous plait?
1075232	O herói tornou-se o vilão.	2015427	Le héros est devenu le méchant.
1298328	Tom foi para Boston.	2015429	Tom est parti pour Boston.
1128682	Eu estava assistindo televisão quando ele chegou.	2021623	Je regardais la télévision quand il arriva.
1902093	É divertido sair com ele.	2021624	C'est drôle de sortir avec lui.
1902093	É divertido sair com ele.	2021625	C'est divertissant de sortir avec lui.
1276819	O menino ainda está dormindo.	2021920	L'enfant est encore en train de dormir.
1940161	A minha tinta é melhor que a tua.	2021922	Ma peinture est meilleure que la tienne.
913233	Não tenho tempo para estar doente.	2021925	Je n'ai pas le temps de tomber malade.
720942	Posso falar com você por um minuto?	2021928	Puis-je vous parler une minute?
1091686	Agora não sabemos o que fazer.	2022363	Maintenant nous ne savons pas quoi faire.
1373292	Cumpriram o desejo dele.	2022368	On a satisfait son désir.
658888	Está tarde e de manhã acordaremos cedo.	2024216	Il est tard et demain on se réveille tôt.
2025420	Eu tenho de fazer isso agora.	2027457	Je dois le faire maintenant.
2025418	Eu gosto do seu nome.	2027461	J'aime ton prénom.
2025405	Vou comprar um carro.	2027489	J'achèterai une voiture.
2004498	Precisamos de um carro.	2029131	On a besoin d'une voiture.
1609028	Por que está sorrindo?	2029170	Pourquoi tu souris ?
1487847	Ele está na cozinha.	2029175	Il est à la cuisine.
1266789	Eu tenho oito irmãos.	2029176	J'ai huit frères.
1779078	Cantávamos no coral da igreja quando éramos crianças.	2029181	Nous avons chanté dans le chœur quand nous étions enfants.
2050416	Que doideira!	2050440	Quelle folie !
2068927	Esta história é muito famosa, todo mundo a conhece.	2068942	Cette histoire est très célèbre, tout le monde la connait.
1840946	Ela não tem carteira de motorista.	2094418	Elle n'a pas son permis de conduire.
1555572	Você sabe onde Tom está ficando?	2098570	Sais-tu où est resté Tom ?
1555572	Você sabe onde Tom está ficando?	2098574	Savez-vous où est resté Tom ?
1926570	Eu comi areia.	2117564	J'ai mangé du sable.
2141466	Fiquei pasmado com a resposta.	2143712	J'ai été étonné de la réponse.
2108533	É um sistema muito perigoso.	2151133	C'est un système très dangereux.
1469550	A polícia correu para o local com a denúncia de que haviam plantado uma bomba-relógio.	2151448	La police accourut sur les lieux, à l'annonce qu'une bombe à retardement y avait été déposée.
996254	Ligo porque perdi meu cartão de crédito.	2153133	J'ai appelé parce que j'ai perdu ma carte de crédit.
2182785	O professor escreve no quadro negro.	2182787	L'enseignant écrit au tableau.
2197691	Quase todos os estudantes desfrutam de sua vida escolar.	2210646	Presque tous les étudiants apprécient leur vie scolaire.
2197692	Olhando para seu relógio, ela disse: "Já são quatro horas."	2210649	Fixant sa montre, elle dit : « Il est déjà quatre heures. »
1799854	Desejam ir ao cinema ou ao teatro?	2210651	Voulez-vous aller au cinéma ou au théâtre ?
1150169	Você fala às tontas.	2443636	Vous parlez à tort et à travers.
1782549	A polícia ainda não pegou a pessoa que cometeu este crime horrível.	2508923	La police n'a pas encore arrêté la personne qui a commis ce crime horrible.
1593831	O marido de Maria não a culpa pelos problemas dele.	2508935	Le mari de Marie ne la blâme pas pour ses problèmes.
973975	Um tal Sr. Ono ligou para te ver.	2508982	Un certain M. Ono a appelé pour te voir.
1328045	Sempre aprendemos em Tatoeba!	2508995	On apprend toujours dans Tatoeba !
2569331	Ele nasceu nos EUA.	2569342	Il est né aux États-Unis.
382007	Nós queremos deixar uma Terra limpa e verde para os nossos descendentes.	2679747	Nous voulons laisser à nos descendants une Terre propre et verte.
631122	Se eu pudesse, eu desejaria tornar todo o mundo verde.	2679756	Si je le pouvais, je voudrais rendre le monde vert.
1021097	Há erva verde no campo.	2679762	Il y a de l'herbe verte sur le terrain.
1217818	Que cor preferem: o azul ou o verde?	2679777	Quelle couleur préfères-tu : le bleu ou le vert ?
1382368	Estávamos sentados debaixo de uma árvore verde.	2679783	Nous sommes assis sous un arbre vert.
1648736	Cortem a energia!	2707342	Coupez le courant !
1700965	Estamos fazendo perguntas ao prefeito.	2707378	Nous posons des questions au maire.
2179786	Talvez o que eu quero não importa mais.	2733079	Peut-être ce que je veux n'importe plus.
2733012	Acho que estou doente.	2734286	Je pense que je suis malade.
2733149	Bem que eu queria poder te ajudar.	2734297	Je voudrais bien pouvoir vous aider.
1920614	A chuva parou assim que eles entraram.	2746496	La pluie s'est terminée aussitôt qu'ils sont entrés.
438218	Hoje temos exame de inglês.	2747344	Aujourd'hui nous avons un examen d'anglais.
2433980	Ele não corre.	2747744	Il ne court pas.
1375149	Minha casa está construída.	2749856	Ma maison a été bâtie.
1495244	É a viagem mais longa da minha vida!	2753564	C'est le plus long voyage de ma vie!
1491778	Dois caçadores encontrados: ambos estão mortos.	2753565	Deux chasseurs trouvés : tous les deux sont morts.
1789149	"Experiência" é simplesmente o nome que damos aos nossos erros.	2753592	"Expérience" est simplement le nom que nous donnons à nos erreurs.
1417475	Estou fechando a minha loja.	2753672	Je suis en train de fermer mon magasin.
2180054	Disseram como?	2753692	Ils ont dit comment ?
1825878	A professora nos mostrou como usar um computador.	2753704	La professeur nous a montré comment utiliser un ordinateur.
2179838	Elas pagaram cinco dólares pela comida.	2753714	Elles ont payé cinq dollars pour la nourriture.
2438485	Eu gastei muito.	2753729	J'ai beaucoup dépensé.
1087925	Quem nasce na Suécia é sueco.	2753735	Quiconque naît en Suède est suédois.
1322724	A mamãe pode fazer este bolo sozinha.	2753740	Maman peut faire ce gâteau seule.
1656836	Tom aceitou o emprego que Mary lhe ofereceu.	2754883	Tom a accepté le travail que Mary lui a offert.
1320773	Ele ficou acordado a noite inteira.	2754887	Il est resté éveillé toute la nuit.
1410800	Tom alimenta o seu cachorro duas vezes por dia.	2754892	Tom donne à manger à son chien deux fois par jour.
880599	Há um hotel aqui.	2754898	Il y a un hôtel ici.
1508759	Mataram-no com uma espada.	2754913	Ils l'ont tué avec une épée.
1143367	Por que não quer que o saiba?	2754923	Pourquoi est-ce que tu ne veux pas que je le sache ?
1784628	Você me explicaria esse diagrama?	2754956	Voudriez-vous m'expliquer ce diagramme ?
1608433	As causas da enxaqueca são ainda desconhecidas.	2754958	Les causes de la migraine sont encore inconnues.
1091924	Ele contou aos amigos o segredo dele.	2754983	Il a raconté son secret à ses amis.
1795559	Exigiu-se dos estudantes que aprendessem a Constituição de cor.	2755035	Il fallait que les étudiants apprennent la Constitution par cœur.
1052751	A polícia desconfiou da carga do caminhão.	2755053	La police a eu des soupçons concernant la cargaison du camion.
1252097	Estava chovendo e o jogo foi cancelado.	2755103	Il pleuvait et le match a été annulé.
2441718	O comboio das 9:35 pára em Bambury.	2755113	Le train de 9:35 s'arrête à Bambury.
973526	Vou a Nova York semana que vem.	2756568	Je vais à New York la semaine prochaine.
1127890	Quem ouve sua voz gravada tem a sensação de estar escutando um estranho.	2756569	Qui entend sa voix enregistrée a la sensation d'écouter un étranger.
1707707	Aquilo não é seguro.	2756571	Ça n'est pas prudent.
2166814	Você quer votar?	2756575	Veux-tu voter ?
2175737	Cuide bem dele, que ele se recuperará logo.	2756610	Soignez-le bien, qu'il guérisse bientôt.
2418094	Agora ele me pertence.	2756612	Maintenant, il m'appartient.
2464412	Eu vou te ajudar se eu tiver terminado o meu trabalho pelas quatro.	2756683	Si je termine mon travail à quatre heures, je t'aiderai.
1155974	Tom mal reconheceu Mary.	2756704	Tom n'a guère reconnu Mary.
1233231	Quando eu morava nos Estados Unidos, jogava golfe com meus amigos.	2756710	Quand j'habitais aux États-Unis, je jouais au golf avec mes amis.
2213618	Mary queria terminar de preparar o café da manhã antes que Tom acordasse.	2756807	Mary voulait terminer la préparation du petit déjeuner avant que Tom ne se réveille.
1077164	Quer mais um pouco de sal na tua pipoca?	2756817	Voudriez-vous un peu plus de sel dans ses pop-corn ?
1537014	É o lugar mais feliz na Terra!	2756829	C'est l'endroit le plus heureux de la Terre !
1082702	Um homem como eu precisa de um chapéu.	2756848	Un homme comme moi a besoin d'un chapeau.
1909314	Não me odeie, por favor.	2756852	Ne me hais pas, s'il te plaît.
1837739	O acidente de trânsito aconteceu diante dos meus próprios olhos.	2756947	L'accident de la circulation s'est passé devant mes propres yeux.
1259698	Um urso escreveu a história.	2756965	Un ours a écrit l'histoire.
2395511	Obrigado por esse belo presente.	2756978	Merci pour ce beau cadeau.
965621	Receio que não possa aceitar seu convite.	2758997	J'ai peur de ne pas pouvoir accepter ton invitation.
1187001	Quem te disse isso é um mentiroso.	2759012	Celui qui t'a dit ça est un menteur.
1446701	Ele sempre come ovos sem sal e pimenta.	2759040	Il mange toujours ses œufs sans sel ni poivre.
1102832	Eu estou mais preocupado com você do que com o futuro do Japão.	2759135	Je m'inquiète plus pour toi que pour l'avenir du Japon.
2134027	Você tem tempo para vir amanhã?	2759149	Avez-vous du temps pour venir demain ?
965948	Ontem foi terça-feira, 2010, 26 de janeiro.	2759267	Hier, nous étions le mardi 26 janvier 2010.
2211237	Eu tenho preguiça de trabalhar.	2760230	J'ai la flemme de travailler.
935424	Ele foi o herói militar da Guerra Civil.	2760317	Il a été le héros militaire de la guerre civile.
658014	Pergunte a Trang se ela sairá hoje à noite.	2760414	Demandez à Trang si elle va sortir cette nuit.
1006379	Porque está sujo e molhado.	2761821	Parce qu'il est sale et mouillé.
2772532	Onde você quer morar?	2776717	Où est-ce que tu veux habiter ?
2781149	Meu pai ouve música clássica.	2782452	Mon père écoute de la musique classique.
1649348	Uma imagem vale mais que mil palavras.	2784173	Une image vaut mille mots.
2785898	Eu já nem sabia mais que esses sentimentos ainda existiam.	2785907	Je ne savais déjà même pas que ces sentiments existaient encore.
2785945	Tom finalmente foi ao médico.	2785948	Tom est finalement allé chez le médecin.
2786245	A ONU definiu 20 de novembro como Dia Mundial da Criança. Nessa data se celebra a aprovação da Declaração dos Direitos da Criança. No Brasil, o Dia da Criança é 12 de outubro.	2786258	L'ONU a fixé le 20 novembre comme Journée mondiale de l'enfance. À cette date, nous célébrons l'adoption de la Déclaration sur les droits de l'enfant. Au Brésil, la journée des enfants est le 12 octobre.
2786673	Feliz aniversário, caro amigo!	2786705	Joyeux anniversaire, cher ami !
2792108	O capuz não faz o monge.	2792135	Le capot ne fait pas le moine.
1005254	Seu senso de humor está começando a se manifestar.	2792483	Ton sens de l'humour commence à se manifester.
2792503	Tatoeba não é uma escola — é uma universidade!	2792526	Tatoeba n'est pas une école — c'est une université!
2793301	Não negues um favor a quem necessita, se tu podes fazê-lo.	2793312	Ne refuse pas un bienfait à qui y a droit quand il est en ton pouvoir de le faire.
2796261	Antes só do que mal acompanhado.	2796288	Mieux vaut seul que mal accompagné.
2796306	Não existe alegria sem dor.	2796310	Nul plaisir sans peine.
2796313	Mais vale amigo na praça que dinheiro na caixa.	2796317	Mieux vaut ami en place qu'argent en bourse.
2797868	A palavra Brasília tem quatro sílabas e oito letras.	2797881	Le mot Brasilia a quatre syllabes et huit lettres.
992207	Quem é a sua madrinha de batismo?	2798316	Qui est votre marraine ?
1915496	Vejo a cruz de ouro.	2800103	Je vois la croix dorée.
2781213	Tens o número do telefone dele?	2804292	As-tu son numéro de téléphone ?
2779737	Aqui está o link.	2804294	Voici le lien.
2765812	Eu disse que sim.	2804296	J'ai dit que oui.
2748818	Trarei um teclado novo para você.	2804309	Je t'apporterai un nouveau clavier.
2748756	Isso seria interessante.	2804310	Ce serait intéressant.
2748701	O espanhol é uma língua muito bela.	2804312	L'espagnol est une très belle langue.
877909	Não só de pão vive o homem.	2817110	Ce n'est pas de pain seul que vivra l'homme.
2825002	Ela detestava baunilha.	2825008	Elle détestait la vanille.
2834474	Que beleza tuas faces entre os brincos, teu pescoço, com colares!	2834486	Tes joues restent belles entre les pendeloques, et ton cou dans les colliers.
2836608	Levanta-te, minha amada, formosa minha, vem a mim!	2836611	Lève-toi, ma bien-aimée, ma belle, viens.
2863619	O rei não deveria dizer isso.	2863794	Que le roi ne parle pas ainsi !
973264	Eu tenho dois cães, três gatos e seis frangos.	2865966	J'ai deux chiens, trois chats et six poules.
1825803	Tom e Mary tem ido nadar juntos algumas vezes.	2865973	Tom et Mary sont partis nager ensemble de nombreuses fois.
1926467	Alguém sabe a língua japonesa?	2869420	Est-ce que quelqu'un parle la langue japonaise ici ?
977923	O que foi que Mari comprou ontem?	2871470	Qu'est-ce que Marie a acheté hier ?
1112631	Como estão seus avós? Faz tempo que não os vejo.	2879731	Comment ça va ? Ça fait longtemps que je ne vous ai pas vu.
1112631	Como estão seus avós? Faz tempo que não os vejo.	2879736	Comment allez-vous ? Ça fait longtemps que je ne vous ai pas vu.
2781219	É bom ser homossexual.	2946496	C'est bon d'être homosexuel.
2994328	A melhor maneira de ter um amigo é ser um amigo.	3000781	La meilleure façon d'avoir un ami est d'être un ami.
3069411	O fruto proibido é o mais doce .	3069416	Le fruit défendu est le fruit le plus doux.
3082626	Feliz Dia Internacional da Mulher!	3082630	Bonne Journée internationale des femmes !
1362909	A garotinha tem uma boneca nas mãos.	3112837	La petite fille tient une poupée dans ses mains.
944114	Se eu ligasse para todas as suas críticas, não estaria onde estou.	3112880	Si je me souciais de toutes tes critiques, je ne serais pas là où j'en suis.
1066620	Tudo o que Tom tem que fazer amanhã é ir à escola.	3113017	Tout ce que Tom aura à faire demain, c'est d'aller à l'école.
1079600	A minha namorada ainda não conhece os meus pais.	3127318	Ma petite-amie ne connaît pas encore mes parents.
1782000	Ela é a mãe do meu pai. É minha avó paterna.	3127334	Elle est la mère de mon père. C'est ma grand-mère paternelle.
3189527	O piano foi inventado no século XVIII por Bartolomeo Cristofori.	3189535	Le piano fut inventé au XVIIIe siècle par Bartoloméo Cristofori.
2169869	A meia-vida do actínio-224 é 2,7 horas.	3189591	La demi-vie de l'actinium-224 est de 2,7 heures.
3192329	Farei de tudo para ajudar.	3192810	Je ferai tout pour aider.
2483208	Um pequeno objeto se movia na escuridão.	3206876	Un petit objet s'est déplacé dans l'obscurité.
3209522	É indiferente seguir este caminho ou o outro.	3209535	Il est identique de suivre ce chemin ou l'autre.
3210162	Fui bastante claro?	3210175	Est-ce que ce fut assez clair ?
3210162	Fui bastante claro?	3210176	Est-ce que ça a été assez clair ?
3211149	Eu não quero voltar sozinho.	3211150	Je ne veux pas rentrer seul.
3211289	Por aqui, senhorita.	3211295	Par ici, mademoiselle.
3211365	É um serviço que estará brevemente disponível.	3211366	C'est un service qui sera bientôt disponible.
1926971	Esta parede é mais alta que essa.	3211550	Ce mur est plus grand que celui-là.
3192387	Era Portugal.	3211654	C'était le Portugal.
3211962	Este megafone não está funcionando.	3211970	Ce mégaphone ne marche pas.
3211962	Este megafone não está funcionando.	3211971	Ce mégaphone ne fonctionne pas.
3212817	Ele bebe muito.	3212818	Il boit beaucoup.
2651507	O Tom tem três irmãs.	3213364	Tom a trois sœurs.
785414	Ele está mais avançado que os outros estudantes.	3214849	Il est en avance sur les autres étudiants.
3214909	Tom acusou Mary de não ser honesta.	3214926	Tom a accusé Marie de ne pas être honnête.
3215981	Tem certeza que quer isso?	3215986	Es-tu sûr de vouloir ceci ?
3215981	Tem certeza que quer isso?	3215988	As-tu la certitude de vouloir ceci ?
3216552	Gostaria de uma ajuda com a bagagem?	3216578	Aimeriez-vous de l'aide avec les bagages ?
3216626	Vamos estudar japonês?	3216633	Allons-nous étudier le japonais ?
3216923	Mas se eu estivesse no Brasil, eu ia ter muito mais medo.	3216926	Mais si j'étais au Brésil, j'aurais bien plus peur.
1126440	A toranja dá numa toranjeira.	3216945	Un pamplemousse pousse sur un pamplemoussier.
3217383	Um alexandrino é um dodecassílabo.	3217386	Un alexandrin est un dodécasyllabe.
1632132	A primavera é uma estação gostosa.	3217956	Le printemps est une saison agréable.
3218205	Holly mora bem defronte à igreja.	3218210	Holly habite juste en face de l'église.
3219149	Ele falava sempre de um novo método, sem jamais descrevê-lo.	3219153	Il parlait toujours d'une nouvelle méthode, sans jamais l'avoir décrite.
3220766	Vocês devem atirar ao mesmo tempo.	3220780	Vous devez tirer au même moment.
3220766	Vocês devem atirar ao mesmo tempo.	3220784	Vous devez tirer simultanément.
3204759	Ela está aqui.	3225648	Elle est ici.
2691559	Ele é muito popular com as damas.	3226386	Il est très populaire auprès des dames.
1325364	O calendário gregoriano tem como referência o nascimento de Cristo.	3228164	Le calendrier grégorien prend pour référence la naissance du Christ.
1325364	O calendário gregoriano tem como referência o nascimento de Cristo.	3228168	Le calendrier grégorien prend pour origine la naissance du Christ.
1390854	Minha bicicleta foi roubada no museu.	3230554	Mon vélo a été volé au musée.
1390854	Minha bicicleta foi roubada no museu.	3230566	Ma bicyclette a été volée au musée.
3246162	Ondas suaves surgem no mar.	3246237	Les vagues douces surgissent en mer.
3245482	Onde fica o interruptor?	3246775	Où est l'interrupteur ?
3246966	Ao reler — e não raro corrigir — minhas frases em Tatoeba, tenho às vezes a impressão de estar redigindo o diário que eu sempre quis escrever.	3247021	En relisant — et souvent en corrigeant — mes phrases dans Tatoeba, j'ai parfois l'impression d'écrire le journal que j'ai toujours voulu écrire.
3247070	Você me lembra muito minha amiga Marina, ótima professora de russo.	3247226	Vous me rappelez tellement mon ami Marina, grand maître de russe.
3247865	Deixei de vez de ler o que ele escreve, porque não quero desaprender a interlíngua.	3247909	En définitive, j'ai cessé de lire ce qu'il écrit, parce que je ne veux pas désapprendre interlingua.
2687640	Isto é como levar água ao mar.	3248470	C'est comme apporter de l'eau à la mer.
3249506	Alberto gosta muito de fazer algo que Carlos, seu irmão, jamais faria.	3249522	Alberto aime faire quelque chose que Charles, son frère, ne ferait jamais.
3227046	O espetáculo durou duas horas.	3249550	Le spectacle a duré deux heures.
2661025	Você ouviu alguma coisa?	3249586	Avez-vous entendu quelque chose?
3249604	Ninguém entende o que eu sinto.	3249615	Personne ne comprend ce que je ressens.
3249620	Interlíngua tem cinco irmãs mais velhas.	3249633	Interlingua a cinq sœurs plus âgées.
3249683	Algumas pessoas acham que Tatoeba não é escola.	3249694	Certaines personnes pensent que Tatoeba n'est pas une école.
3250866	O mar está infestado de tubarões.	3250874	La mer est infestée de requins.
3251969	Guglielmo é o melhor aluno que eu conheço. Aprende instantaneamente e tem uma memória fenomenal.	3252006	Guglielmo est le meilleur élève que je connais. Il apprend instantanément et a une mémoire phénoménale.
3254836	Eu quero é ir em frente.	3255094	Ce que je veux, c'est aller en avant.
3254821	Mal se havia deitado na cama, Luciano adormeceu de pronto e começou a sonhar.	3255118	A peine était couché dans son lit, Luciano s'endormit aussitôt et se mit à rêver.
3254811	Os meninos desobedientes não podem ser felizes neste mundo.	3255190	Les garçons désobéissants ne peuvent pas être heureux dans ce monde.
3254810	Quero voltar para casa, onde meu pai me espera.	3255194	Je veux rentrer à la maison, où mon père m'attend.
3254808	Quero ir à escola e estudar de verdade.	3255203	Je veux aller à l'école et étudier efficacement.
3257170	O Mike sabe se defender.	3257180	Mike sait comment se défendre.
3262298	Eu sou de Paris, França.	3262301	Je viens de Paris, en France.
3188566	Millie está comendo uma maçã.	3281815	Millie mange une pomme.
3293058	O lobo e o cordeiro foram ao mesmo regato.	3293075	Le loup et l'agneau sont allés au même ruisseau.
3293119	Eu e tu lemos.	3293131	Nous lisons toi et moi.
3293808	O avião decolou às nove horas em ponto.	3293821	L'avion a décollé à neuf heures pile.
938385	Ambas as suas filhas são muito bonitas.	3299998	Ses deux filles sont très belles.
2780375	Estou entediado.	3307786	Je suis ennuyé.
2417258	Tom comeu todo o chocolate.	3307808	Tom a mangé tout le chocolat.
1376649	E os adjetivos, com qual vogal eles terminam?	3307811	Et les adjectifs, ils finissent par quelle voyelle ?
3344349	Sou Ricardo.	3346092	Je suis Ricardo.
3247512	Eu prefiro ser louco a ser triste.	3350319	Je préfère être fou plutôt que triste.
3363760	O FC Llorente foi rebaixado para a segunda divisão.	3363814	Le FC Llorente a été recalé en seconde division.
1392824	Tom não bebe cerveja.	3380494	Tom ne boit pas de bière.
3381648	Fiquei impressionado com o trabalho dela.	3381753	J'ai été impressionné par son travail.
3381645	Eu ligarei mais tarde.	3381758	J'appelerai plus tard.
3381636	Eu me pergunto onde pendurar a foto que ele me deu.	3381760	Je me demande où accrocher la photo qu'il m'a donnée.
3381635	Tom estava dirigindo o ônibus.	3381762	Tom conduisait le bus.
3381599	Tom teve que trabalhar até tarde ontem.	3381766	Hier, Tom a du travailler jusqu'à tard.
3380439	O que você me pediu ontem?	3381769	Qu'est-ce que tu m'as demandé hier ?
1909332	Yumi é uma de minhas amigas.	3383916	Yumi est une de mes amies.
2868787	Ela te respeita.	3384622	Elle te respecte.
2868787	Ela te respeita.	3384623	Elle vous respecte.
2804186	O padre é ateu.	3517813	Le prêtre est athée.
3520571	Nós não precisamos de um novo idioma auxiliar, o idioma inglês já cumpre esse papel.	3520574	Nous n'avons pas besoin d'une nouvelle langue auxiliaire, la langue anglaise remplit déjà ce rôle.
3528997	Tem alguém chamado Tom aqui?	3528999	Y a-t-il quelqu'un appelé Tom, là?
1392841	Quer saber de uma coisa? Neste mundo só há canalhas e hipócritas.	3556070	Vous voyez, dans ce monde il n'y a que des traîtres et des hypocrites.
2120909	Nós temos um bom parecer sobre a sua invenção.	3556179	Nous avons une bonne opinion de votre invention.
3566216	Qual é o planeta mais próximo do sol?	3566218	Quelle est la planète la plus proche du soleil ?
3566026	Eu não sei como os brasileiros dizem 'aardvark' em sua língua materna.	3566437	Je ne sais pas comment les Brésiliens disent « cochon de terre » dans leur langue maternelle.
3617112	A linha reta é o caminho mais curto entre dois pontos.	3617568	La ligne droite est le plus court chemin entre deux points.
1774982	Eu corrigi a frase depois de quase um mês sem resposta.	3629217	J'ai corrigé la phrase après presque un mois sans réponse.
3665293	A democracia foi originada na Grécia Antiga.	3665305	La démocratie est née dans la Grèce antique.
3665294	Um dos países que tenho mais vontade de visitar é a Grécia.	3665310	Un des pays que j'ai le plus envie de visiter, c'est la Grèce.
3665297	Não estou com vontade de falar com ninguém hoje.	3665312	Je n'ai envie de parler à personne aujourd'hui.
869387	Não estou muito por dentro das últimas tendências da informática.	3673221	Je ne suis pas trop au courant des dernières tendances en informatique.
3673078	Parecia que o Tom não estivesse interessado.	3673227	On aurait dit que Tom n'était pas intéressé.
3673077	Eu exijo demais?	3673231	J'exige de trop?
3673073	O Tom queria ter certeza.	3673233	Tom voulait être sûr.
3673064	Você poderia me trazer outra toalha quente?	3673234	Vous pourriez me ramener une autre serviette chaude?
3672853	Minha casa é sua.	3673235	Ma maison est tienne.
3672851	Preciso dormir agora.	3673236	J'ai besoin de dormir maintenant.
3672849	Ele escreve os caracteres chineses muito bem.	3673237	Il écrit très bien les caractères chinois.
3672847	Ontem Tom esteve comigo.	3673241	Hier, Tom était avec moi.
3672839	Os mexicanos se renderam.	3673244	Les Mexicains se rendirent.
3672837	O governador estava furioso.	3673245	Le gouverneur était furieux.
3672836	A decisão não é fácil.	3673246	La décision n'est pas facile.
3672835	Sessenta museus novos abriram.	3673247	Soixante nouveaux musées ouvrirent.
3672833	Muitos senadores se opuseram.	3673248	Beaucoup de sénateurs s'y opposèrent.
3672831	Muitos cientistas o conheciam.	3673250	Beaucoup de scientifiques le connaissaient.
3673081	Para tornar as coisas piores, havia vestígios de uma tempestade terrificante.	3673503	Pour rendre les choses pires, il y avait des signes d'une tempête terrifiante.
3673075	Assim que ele me viu, saiu correndo.	3673515	Quand il m'a vu, il sortit en courant.
3673065	Os cacarejos das galinhas sempre me fazem rir.	3673521	Les gloussements des poules me font toujours rire.
3672828	Como não sabia o que dizer, ficou calado.	3673523	Comme il ne savait quoi dire, il resta muet.
3672825	Tu precisas de uma bebida.	3673526	Tu as besoin d'une boisson.
3672824	Você precisa de uma bebida.	3673528	Vous avez besoin d'une boisson.
3672819	De qualquer forma, irei para a faculdade depois de me formar no ensino médio (antigo 'colegial')	3673531	Dans tous les cas, j'irai à l'université après m'être formé au lycée.
3672817	Foi publicado em 1969.	3673532	Ce fut publié en 1969.
3672815	Aconteceu em Milwaukee.	3673534	Cela arriva à Milwaukee.
3672814	Fomos para a praia.	3673535	Nous sommes allés à la plage.
3672809	Tom tem uma casa em Boston.	3673603	Tom a une maison à Boston.
3672807	Ele está aqui para te proteger.	3673604	Il est ici pour te protéger.
3672806	A manteiga é feita de leite de vaca.	3673606	Le beurre est fait de lait de vache.
3672797	Você é capaz de resolvê-lo?	3673607	Vous êtes capable de le résoudre?
3672793	Tom me perguntou se poderia assistir TV comigo.	3673611	Tom m'a demandé s'il pouvait regarder la télé avec moi.
3672772	Ela não tem que ir para a escola no sábado.	3673614	Elle n'a pas à aller à l'école le samedi.
3672768	Obrigado por ter falado sobre autismo.	3673615	Merci d'avoir parlé d'autisme.
3672759	A cidade de Recife é conhecida como "Veneza Brasileira".	3673617	La ville de Recife est connue comme "Venise Brésilienne".
3672749	Gostaria de saber mais sobre ciência.	3673618	J'aimerais en savoir plus sur la science.
3673637	Não é um assunto apropriado para ser discutido.	3673669	Ce n'est pas un sujet approprié pour être discuté.
3672811	Tom não virá para casa.	3673674	Tom ne viendra pas à la maison.
3672741	As mulheres não confiam em mim.	3673675	Les femmes ne se confient pas à moi.
3672140	Pelo fruto se conhece a árvore.	3673852	Par le fruit on connaît l'arbre.
3671989	Tenho uma tatuagem.	3673853	J'ai un tatouage.
3670801	Eu deveria ter trazido minha câmera.	3673857	J'aurais dû ramener ma caméra.
3670791	Sei onde e com quem você dormiu ontem à noite.	3673862	Je sais où et avec qui vous avez dormi hier soir.
3670790	Como é que é o seu planeta?	3673864	Comment est votre planète?
3670728	Não há grama na Lua.	3673872	Il n'y a pas d'herbe dans la Lune.
3673651	Ele dirigiu-se de carro para o trabalho apesar da tempestade.	3673884	Il est parti au travail malgré la tempête.
3672727	Eu tenho muitos amigos de Recife.	3674280	J'ai beaucoup d'amis de Recife.
3672155	Sua mãe estava de pé no umbral da porta.	3674281	Ta mère était debout sur le seuil de la porte.
3670726	Europa é uma lua de Júpiter.	3674283	Europa est une lune de Jupiter.
3670724	A lua está no céu.	3674284	La lune est dans le ciel.
3670723	Há lua cheia esta noite.	3674285	La lune est pleine cette nuit.
3670718	É lua cheia.	3674287	C'est la pleine lune.
3670717	Olhe para a lua.	3674288	Regarde vers la lune.
3670713	Ninguém é dono da lua.	3674289	Personne n'est maître de la lune.
3670711	A lua estava acima do horizonte.	3674290	La lune était au-dessus de l'horizon.
3670709	Eles não têm ideia de quais são nossos problemas.	3674291	Ils n'ont pas idée de quels sont nos problèmes.
3670185	Tom não tem ideia de quando Mary irá chegar.	3674293	Tom ne sait pas quand Mary arrivera.
3670184	O trânsito é pesado por aqui.	3674295	Le trafic est chargé par ici.
3670183	Estava querendo falar com você.	3674297	Je voulais parler avec toi.
3670175	Eu não quero dirigir.	3674299	Je ne veux pas diriger.
3670173	Vocês gostam de música?	3674302	Vous aimez la musique ?
3670172	Estou começando com a cerveja.	3674303	Je suis en train de commencer avec la bière.
3670171	John tentou resolver o problema em vão.	3674552	John a essayé de résoudre le problème, en vain.
3670170	John tentou, em vão, resolver o problema.	3674553	John a essayé, en vain, de résoudre le problème.
3670169	Vocês estão mesmo me ouvindo?	3674554	Vous êtes bien en train de m'entendre?
3670168	Você está mesmo me ouvindo?	3674555	Tu es bien en train de m'entendre?
3670167	Você pode me dar uma outra alternativa?	3674558	Peux-tu me donner une autre alternative ?
3670165	De repente, um homem parou na frente deles.	3674560	Tout à coup, un homme s'arrêta devant eux.
3670163	Eu estava tossindo.	3674562	J'étais en train de tousser.
3670162	Você não deveria ter voltado.	3674566	Tu n'aurais pas dû revenir.
3670161	Eu sei exatamente com quem Tom planeja se casar.	3674571	Je sais exactement avec qui Tom veut se marier.
3670160	Sei exatamente com quem Tom planeja se casar.	3674679	Je sais exactement avec qui Tom planifie de se marier.
3669266	Ele caiu do cavalo.	3674680	Il est tombé de cheval.
3669264	O cavalo é branco.	3674682	Le cheval est blanc.
3669260	Tom tem um cavalo.	3674685	Tom a un cheval.
3669259	Eu gosto de corridas de cavalos.	3674686	J'aime les courses de chevaux.
3669257	O cavalo está galopando.	3674687	Le cheval est en train de galoper.
3669256	O cavalo correu rápido.	3674689	Le cheval a couru rapidement.
3669255	Ela escova o cavalo.	3674690	Elle brosse le cheval.
3669254	Sou alérgico a cachorros.	3674693	Je suis allergique aux chiens.
3669093	Eu ainda estou muito assustado.	3674703	J'ai encore très peur.
3668875	Sou chata.	3674707	Je suis pénible.
3668875	Sou chata.	3674708	Je suis chiante.
3668873	Sou chato.	3674711	Je suis chiant.
3674899	Você não confia em nós?	3675043	Tu nous fais pas confiance?
3674877	Ele está no trabalho agora, mas retornará às sete.	3675045	Il est au travail en ce moment, mais sera de retour à sept heures.
3674860	Júpiter é muito grande.	3675048	Jupiter est très grand.
3674851	Acho que Tom é analfabeto.	3675050	Je pense que Tom est analphabète.
3674846	Eu não sei onde Tom está.	3675051	Je ne sais pas où est Tom.
2144863	A culpa é tua, realmente.	3706479	C'est vraiment de ta faute.
3836888	Eu estava cantando.	3836971	J'étais en train de chanter.
3836165	Ele é um verdadeiro muçulmano.	3836986	C'est un vrai musulman.
3836139	Aposto que ele ficou surpreso.	3836998	Je parie qu'il a été surpris.
3836126	Simplesmente quero ser normal como qualquer um.	3837000	Simplement je veux être normal comme les autres.
3836125	Tom tem amigos em posições elevadas.	3837015	Tom a des amis de position élevée.
3836215	Quero que você saiba quanto eu me arrependo.	3837026	Je veux que vous sachiez combien je regrette.
3836123	Onde diabo você esteve,Tom?	3837028	Où diable étiez vous, Tom?
3836121	Eles se sentaram na cozinha.	3837030	Ils se sont assis dans la cuisine.
3836120	Onde diabo você exatamente esteve, Maria?	3837032	Où diable étiez-vous exactement, Marie?
3836119	Maria morava com Tom nesse tempo.	3837037	Maria habitait avec Tom à cette époque.
3866896	Hoje é o último dia de janeiro.	3866899	Aujourd'hui est le dernier jour de janvier.
1412202	Os covardes morrem muitas vezes antes de sua morte.	3973053	Les lâches meurent bien des fois avant d'y passer.
3979694	A comida estava muito boa.	3980084	La nourriture était très bonne.
3993796	Traga-me leite.	3993836	Apporte-moi du lait.
340604	Eu quero uma bala.	4200077	Je voudrais un bonbon.
4209064	Não quero vê-la em minha casa nem mais um minuto.	4209097	Je ne veux plus la voir chez moi, pas même une seconde.
4209051	Consegui arrastar-me até a janela, mas ir além minhas forças não permitiram.	4209103	J'ai réussi à me traîner jusqu'à la fenêtre mais mes forces ne m'ont pas permis d'aller au-delà.
4208955	Escute-me mais um pouco.	4209104	Écoute-moi encore un peu.
4208928	Até agora não recebi de você mais nenhuma notícia.	4209107	Jusqu'à maintenant, je n'ai plus reçu aucune nouvelle de toi.
4208915	Hoje não vou mais a lugar nenhum.	4209109	Aujourd'hui je ne vais plus nulle part.
4208801	Ele foi embora e nunca mais voltou.	4209113	Il est parti et n'est jamais revenu.
4208789	Ele não a verá nunca mais.	4209115	Il ne la verra plus jamais.
4208756	Não diga nem mais uma palavra.	4209118	Ne dis plus un mot.
4208114	Os homens falam sobre as mulheres o tempo todo.	4209121	Les hommes parlent des femmes tout le temps.
4208085	Eu acho que é uma ótima ideia.	4209125	Je trouve que c'est une excellente idée.
4208083	Tom e eu temos muito em comum.	4209130	Tom et moi avons beaucoup en commun.
4208082	Por favor, não deixe que Tom veja você chorando.	4209131	S'il te plaît, ne laisse pas Tom te voir pleurer.
4208081	Tom sabe dançar?	4209134	Tom sait danser ?
4208080	Onde eu preciso virar?	4209138	Où est-ce que je dois tourner ?
2831386	O que eu estou comendo?	4232865	Qu'est-ce que je mange ?
1518001	Está bom, mas você pode fazer melhor.	4308139	C'est bien, mais vous pouvez faire mieux.
968318	O homem de repente começou a atirar com sua arma.	4309664	Tout à coup, l'homme a commencé à tirer avec son arme.
3984041	Em Tatoeba há muitas frases gramaticalmente corretas, mas estranhas e mal compreensíveis fora dos seus contextos.	4444151	Sur Tatoeba, il y a beaucoup de phrases grammaticalement correctes, mais étranges et peu compréhensibles hors de leurs contextes.
4445175	O ferro reage com o sódio?	4445368	Le fer réagit avec le sodium ?
4445165	Havia vidro quebrado em todo o chão.	4445370	Il y avait du verre cassé partout sur le sol.
4445160	Até agora, os meus esforços têm sido em vão.	4445371	Jusqu'à présent, mes efforts furent en vain.
4445159	Tudo o que eu me ponho a fazer dá errado.	4445372	Tout ce que je commence à faire, se termine mal.
1825575	Por que estou tão cansada?	4450264	Pourquoi suis-je si fatiguée ?
1075162	Um saco de farinha pesa um quilograma.	4450656	Un paquet de farine pèse un kilogramme.
4196504	João estuda durante o dia e trabalha durante a noite.	4452708	Jean étudie le jour et travaille la nuit.
4196499	"Você sabe de quem são estas chaves?" "Eu pensei que fossem suas."	4452712	« Vous savez à qui sont ces clefs ? » « Je pensais que c'étaient les vôtres. »
2550312	Qual é a previsão do tempo para hoje?	4453507	Quelle est la météo pour aujourd'hui?
2682119	Eu sei que você está escrevendo um livro.	4453631	Je sais que tu écris un livre en ce moment.
4457654	Meu gato adora camarão.	4457658	Mon chat adore les crevettes.
4448991	Meu gato ama camarão.	4457659	Mon chat aime les crevettes.
4457653	Eu aconselhei Tom a não comer o camarão.	4457661	J'ai conseillé à Tom de ne pas manger de crevettes.
4468869	Tom vai mudar o mundo	4472555	Tom va changer le monde.
4465398	Tom vai à igreja todos os domingos.	4472556	Tom va à l'église tous les dimanches.
4461753	É sua amiga.	4472557	C'est votre amie.
4461753	É sua amiga.	4472558	C'est son amie.
4460101	Elas estão assistindo aula.	4472559	Elles assistent à un cours.
4460100	Elas estão na biblioteca.	4472560	Elles sont à la bibliothèque.
4460098	Elas estão na escola.	4472562	Elles sont à l'école.
4480948	O esperanto é muito mais fácil que a interlíngua.	4480955	L'espéranto est beaucoup plus facile que l'interlingua.
2210518	Se vós vierdes, nós também viremos.	4484213	Si vous venez, nous venons aussi.
4484699	Alô! Quem está falando? Não está me reconhecendo? Sou eu, Aldo!	4486657	Allô ! Qui parle ? Tu ne me reconnais pas ? C'est moi, Aldo !
4485622	Eu fui forçado a mentir.	4486768	J'ai été obligé de mentir.
4485620	Forçaram-me a mentir.	4486770	Ils m'ont forcé à mentir.
4485605	Por que você está chorando? É só um filme!	4486773	Pourquoi tu pleures ? Ce n'est qu'un film !
4485508	As informações recebidas não correspondem à realidade.	4487651	Les informations reçues ne correspondent pas à la réalité.
4484553	A floresta amazônica é o pulmão verde do mundo.	4487654	La forêt amazonienne est le poumon vert du monde.
994369	Você deveria levar em conta seu estado mental.	4534236	Vous devriez prendre en compte votre état mental.
994368	Você deveria ter em conta seu estado mental.	4534239	Vous devriez tenir compte de votre état mental.
4543282	Depois de uma guerra, tudo muda.	4545018	Après une guerre, tout change.
4582824	Aqui há o suficiente para alimentar toda a família.	4582825	Ici il y a ce qu'il faut pour nourrir toute la famille.
4582823	Ele gosta de falar sobre si mesmo.	4582829	Il aime parler de lui-même.
4582817	Tom irá ficar aqui conosco por três meses.	4582833	Tom va rester ici avec nous trois mois.
1070061	Esse cachorro é macho ou fêmea?	4585428	Ce chien est-il un mâle ou une femelle?
1070070	O neônio é um gás nobre.	4585430	Le néon est un gaz noble.
1070075	É um livro de difícil compreensão.	4585434	Ce livre est difficile à comprendre.
1070100	Os antibióticos foram descobertos no início do século XX.	4585441	Les antibiotiques ont été découverts au début du XXe siècle.
4589503	O tempo destrói tudo.	4589520	Le temps détruit tout.
4569625	A saliva protege os dentes contra as cáries, ajuda na deglutição e inicia o processo de digestão.	4591620	La salive protège les dents contre les caries, aide à la déglutition et commence le processus de digestion.
4569627	No Brasil, existem muitas espécies de plantas medicinais.	4591623	Au Brésil il y a de nombreuses espèces de plantes médicinales.
4596919	Ele gostava de me contar histórias sobre a Índia.	4596949	Il aimait me raconter des histoires sur l'Inde.
2184479	Não, não tem ninguém.	4602219	Non, il n'y a personne.
4602174	Isto não acontece quase nunca.	4602227	Cela n'arrive presque jamais.
4602026	Permita-me beijar-te uma vez mais.	4602233	Permets-moi de t'embrasser encore une fois.
4602079	Você toma chá?	4602242	Vous prenez du thé ?
4600699	Esse é um crime contra a humanidade!	4602244	C'est un crime contre l'humanité !
4600638	Você parece feliz.	4602247	Vous avez l'air heureux.
4600634	O problema não é o Tom.	4602248	Le problème, ce n'est pas Tom.
4600554	Minha comida preferida é batata frita.	4602257	Mon plat préféré, ce sont les frites.
4600531	Eu duvido que exista essa palavra em Esperanto.	4602259	Je doute que ce mot existe en espéranto.
4600525	Suas respostas são totalmente infantis e absurdas.	4602270	Vos réponses sont totalement infantiles et absurdes.
4602305	Eles não vão nos ajudar...	4602307	Ils ne vont pas nous aider...
4602304	O que acontece se eu não comprar aquele carro?	4602312	Qu'est-ce qui arrivera si je n'achète pas cette voiture ?
4602296	Eu não consigo fazer isso, lamento.	4602316	Je ne suis pas d'accord pour faire ça, désolé.
4602295	Eu não posso fazer isso, lamento.	4602317	Je ne peux pas faire ça, désolé.
4602314	Boa noite e durmam bem!	4602322	Bonne nuit et dormez bien !
4602320	Quando você aprendeu a nadar?	4602328	Quand avez-vous appris à nager ?
4602251	Amar é sofrer.	4605456	Aimer, c'est souffrir.
4605533	Somos egoístas.	4605550	Nous sommes égoïstes.
2192069	Eu o vi de novo.	4620112	Je l'ai revu.
4630780	Estou procurando minhas chaves.	4630852	Je cherche mes clefs.
4631758	Abra a porta e deixe o cão entrar.	4631779	Ouvre la porte et laisse le chien entrer.
4631708	Você é meu convidado.	4631780	Vous êtes mon invité.
4649491	Eu trabalho com um computador.	4650315	Je travaille avec un ordinateur.
4649479	Ele gosta de comer cenouras cruas.	4650326	Elle aime manger des carottes crues.
4652217	Você não vai sentir nada.	4652569	Vous n'allez rien sentir.
4651887	Tom se pergunta se é verdade.	4652570	Tom se demande si c'est vrai.
2767595	Eu me sinto feliz hoje.	4653175	Je me sens si heureux aujourd'hui.
2115170	Controla-te.	4653185	Maîtrisez-vous.
4657709	Você tem certeza de que não tem nada ali?	4657790	Vous êtes sûr qu'il n'y a rien là-bas ?
4659764	Você sempre quer controlar tudo.	4659831	Vous voulez toujours tout contrôler.
4659564	Quase nunca me lembro dos meus sonhos.	4659836	Je ne me souviens presque jamais de mes rêves.
4659150	Tom mora na França, mas trabalha na Bélgica.	4659842	Tom habite en France, mais travaille en Belgique.
4659143	Tom é mais velho do que você.	4659846	Tom est plus vieux que vous.
4659096	Os cães têm donos. Os gatos têm empregados.	4659866	Les chiens ont des maîtres. Les chats ont des employés.
4671495	Já conversamos sobre isso antes.	4671510	Nous avons déjà parlé de cela avant.
4671482	Por que Tom está fazendo isso?	4671511	Pourquoi Tom fait-il cela ?
4671472	Você convidou o Tom?	4671514	Vous avez invité Tom ?
4671467	Eu odeio fazer isso.	4671515	Je déteste faire cela.
4678115	Eu esperava surpreender Tom.	4678216	J'espérais surprendre Tom.
4678004	Eu sei um pouquinho de muitas línguas estrangeiras, mas não sou fluente em nenhuma delas.	4678218	Je sais un petit peu de beaucoup de langues étrangères, mais je n'en parle couramment aucune.
4682155	Ela faz a comida ouvindo música.	4682266	Elle prépare le repas en écoutant de la musique.
1920500	A gente mora aqui desde janeiro.	4684940	On vit ici depuis janvier.
4698437	Você jamais deverá esquecer isso.	4698484	Vous ne devrez jamais oublier cela.
4701258	Tom me perguntou se eu estava com fome.	4701578	Tom me demanda si j'avais faim.
4700641	Tom não sabe tocar violão.	4701579	Tom ne sait pas jouer de la guitare.
4702614	O ataque terrorista em Paris chocou o mundo.	4703273	L'attaque terroriste à Paris a choqué le monde.
2184567	Eu conheço os autores.	4708701	Je connais les auteurs.
2105885	Você não tem autoridade.	4708702	Vous n'avez pas d'autorité.
2852358	Eles respeitam a autoridade.	4708707	Ils respectent l'autorité.
2105846	Com que autoridade dizes isso?	4708711	Avec quelle autorité dis-tu cela ?
2631509	O autor deste livro morreu.	4708712	L'auteur de ce livre est mort.
4712154	Isso aconteceu naturalmente.	4712418	Ceci est arrivé naturellement.
4711894	Não perca seu senso de humor.	4712419	Ne perdez pas votre sens de l'humour.
4711805	Todos estavam vestidos de preto.	4712424	Tous étaient vêtus de noir.
4711800	Eu era bem jovem quando te conheci.	4712425	J'étais bien jeune quand je t'ai connu.
4711771	Precisamos de baterias novas.	4712426	Nous avons besoin de batteries neuves.
4711760	Eu também falo francês.	4712428	Moi aussi je parle français.
4711734	Um burro com colar de ouro ainda é um burro.	4712434	Un âne avec un collier en or reste un âne.
4713037	Esse é o nosso planeta.	4713434	C'est notre planète.
4713028	João não estava na escola ontem.	4713442	Jean n'était pas à l'école hier.
4713011	Eu irei ao hospital hoje.	4713447	J'irai à l'hôpital aujourd'hui.
4712988	Me sinto muito mal.	4713451	Je me sens très mal.
4712947	Não se aproxime deste cachorro.	4713456	Ne vous approchez pas de ce chien.
4712910	Caiu uma mosca na sopa!	4713465	Il y a une mouche qui est tombée dans la soupe !
4712860	O Tom está no hospital há três semanas.	4713467	Tom est à l'hôpital depuis trois semaines.
4712757	Tom não pode entrar.	4713468	Tom ne peut pas entrer.
4712755	Tom não pode continuar.	4713469	Tom ne peut pas continuer.
4712753	Tom chorou muito.	4713470	Tom a beaucoup pleuré.
4712745	Tom bebeu muito.	4713471	Tom a beaucoup bu.
4712445	Eu gostaria de viver no Brasil.	4713513	J'aimerais vivre au Brésil.
2188052	Bebam mais água.	4721574	Buvez plus d'eau.
4719247	Fevereiro tem vinte e nove dias nos anos bissextos.	4721592	Février a vingt-neuf jours les années bissextiles.
4740593	Você fez isso sozinha?	4740823	Vous avez fait ça toute seule ?
4739543	Estas frases são imprescindíveis.	4740835	Ces phrases sont indispensables.
4739052	Alguém deixou a torneira aberta.	4740840	Quelqu'un a laissé le robinet ouvert.
4738572	Posso traduzir este artigo para o português brasileiro e publicá-lo em meu blog?	4740847	Je peux traduire cet article en portugais du Brésil et le publier sur mon blog ?
4738216	Sem o sol, a vida é impossível.	4740854	Sans le soleil, la vie est impossible.
4743836	Eu gosto desse lugar.	4743840	J'aime cet endroit.
4523380	Sou responsável pelo que eu falo, não pelo que você entende.	4759935	Je suis responsable de ce que je dis, non de ce que vous comprenez.
1782724	Ken nunca esteve em Nova York.	4766904	Ken n'est jamais allé à New York.
4818491	Tom trabalha muito.	4818572	Tom travaille beaucoup.
4818476	Vocês são tímidos.	4818573	Vous êtes timides.
4818427	Você é surdo ou o quê?	4818576	Vous êtes sourd ou quoi ?
4818427	Você é surdo ou o quê?	4818579	Tu es sourd ou quoi ?
4818416	Eu não gosto da ideia de deixar o Tom sozinho.	4818581	Je n'aime pas l'idée de laisser Tom seul.
4818404	Você toca piano, não é?	4818587	Vous jouez du piano, n'est-ce pas ?
4818404	Você toca piano, não é?	4818588	Tu joues du piano, n'est-ce pas ?
4818401	Quero sorvete.	4818590	Je veux une glace.
4822808	Eu não sou de Boston.	4822820	Je ne suis pas de Boston.
4822807	Tom aceitou o nosso convite.	4822821	Tom a accepté notre invitation.
4822747	Lol, o quê?	4822824	Lol, quoi ?
4821960	Isso foi uma perda de tempo.	4822832	Cela a été une perte de temps.
4822858	Você é a nova assistente?	4822903	Vous êtes la nouvelle assistante ?
4825875	Ele comprou um carro novo.	4825959	Il a acheté une voiture neuve.
4825872	Estou incomodando?	4825960	Je te gêne ?
4825868	Tom estava no caminhão.	4825962	Tom était dans le camion.
4825850	Eu acho que vale a pena.	4825963	Je pense que cela vaut la peine.
4832954	Você conhece o Tom?	4832992	Vous connaissez Tom ?
4832953	Sou organizado.	4832993	Je suis organisé.
4824738	Realmente achas que posso ajudar-te?	4833130	Tu penses vraiment que je peux t'aider ?
4824732	Não posso te ajudar porque não entendo francês.	4833131	Je ne peux pas t'aider parce que je ne comprends pas le français.
4824714	Que língua usas no trabalho?	4833135	Quelle langue utilises-tu au travail ?
4824711	Lembrais-vos de quem sou eu?	4833137	Vous rappelez-vous qui je suis ?
4824694	Não sigas seu exemplo.	4833141	Ne suis pas son exemple.
4824678	Há cervejas na geladeira.	4833143	Il y a des bières au réfrigérateur.
4824672	Conheces os números romanos?	4833144	Tu connais les chiffres romains ?
1787242	Se nevar, os aviões não poderão decolar.	4848981	S'il neige, les avions ne pourront pas décoller.
4850238	Precisamos de música.	4850265	Nous avons besoin de musique.
4850480	Tom claramente está perdido.	4851427	Tom est clairement perdu.
4851828	Você tem que pelo menos tentar.	4852612	Vous devriez au moins essayer.
4862481	Posse lhe perguntar quais são as suas intenções?	4862517	Puis-je vous demander quelles sont vos intentions ?
4862441	Nada existe para sempre.	4862521	Rien n'existe pour toujours.
4876316	Eu sempre gostei de observar os movimentos das forças da natureza.	4876327	J'ai toujours aimé observer les mouvements des forces de la nature.
1900089	Falaremos sobre isso amanhã.	4876351	Nous parlerons de ça demain.
2778594	Você não pode viver sem água.	4876353	Vous ne pouvez pas vivre sans eau.
4916917	Eles mudaram de religião.	4917094	Ils ont changé de religion.
4916828	Ele se converteu ao catolicismo.	4917099	Il s'est converti au catholicisme.
4916818	Eu não sou católico.	4917101	Je ne suis pas catholique.
524347	Olá, eu sou Sepideh.	4948578	Bonjour! Je suis Sepideh.
4892430	Eu vi um ontem.	4991459	J'en ai vu un hier.
4892431	Eu vi uma ontem.	5057227	J'en ai vu une hier.
1088321	Gosto de ouvir o seu sotaque português.	5088538	J'aime entendre votre accent portugais.
5092357	Tom é mais rápido do que você imagina.	5092387	Tom est plus rapide que vous n'imaginez.
5092348	O nome do pai de Tom era João.	5092391	Le père de Tom s'appelait Jean.
5107496	Eu sei que o seu trabalho não é fácil.	5109272	Je sais que votre travail n'est pas facile.
5109712	Estou bem também.	5110225	Je vais bien aussi.
5149828	O menino caiu de medo quando viu um fantasma.	5149834	Le garçon est tombé de peur quand il a vu un fantôme.
5155031	O suco de morango é bom para a memória.	5155040	Le jus de fraise est bon pour la mémoire.
5156367	O catolicismo renega a ideia de reencarnação.	5156377	Le catholicisme renie l'idée de réincarnation.
4992153	Não vou esquecer.	5225239	Je n'oublierai pas.
2634424	Nem o Tom nem a Mary falam espanhol.	5233985	Ni Tom ni Mary ne parlent espagnol.
869472	Não quero atrapalhar.	5241056	Je ne veux pas déranger.
5241259	Tom era, de longe, o melhor.	5241739	Tom était de loin le meilleur.
5243137	Vivemos num mundo complicado.	5243439	Nous vivons dans un monde compliqué.
5243073	Vivemos num mundo muito complicado.	5243443	Nous vivons dans un monde très compliqué.
5242013	Eu não sei o telefone dela.	5243456	Je ne connais pas son numéro de téléphone.
5241236	Você realmente é irmão de Tom?	5243467	Vous êtes vraiment le frère de Tom ?
873473	Não fui eu quem comeu o último pedaço de bolo.	5247000	Ce n'est pas moi qui ai mangé la dernière part du gâteau.
5247856	Maria ensina ioga.	5247859	Marie enseigne le yoga.
5192724	Tom tem casa.	5367316	Tom a une maison.
1608973	Faz dois anos que eu estudo alemão.	5372943	J'apprends l'allemand depuis deux ans.
1608973	Faz dois anos que eu estudo alemão.	5372945	Cela fait deux ans que j'apprends l'allemand.
4697354	Não será possível.	5413863	Il ne sera pas possible.
5434684	A mulher é muito linda, quando ela passa, os homens ficam admirados por sua beleza.	5434756	La femme est très belle ; quand elle passe, les hommes sont impressionnés par sa beauté.
1834272	Ela levou um tombo feio.	5454054	Elle a fait une mauvaise chute.
5506321	Faça o que eu digo, não faça o que eu faço.	5507340	Faites ce que je dis, ne faites pas ce que je fais.
5506319	Quando você menos espera, ele pode atacar.	5507342	Quand vous vous y attendez le moins, il pourrait attaquer.
5506316	Eu gostaria de poder fazer mais por minha família.	5507345	Je voulais faire plus pour ma famille.
5709415	Apenas os amigos roubam os seus livros.	5709420	Seuls vos amis volent vos livres.
2550227	A que horas partiremos?	5762700	À quelle heure partira-t-on ?
5775700	Não há restrição.	5776605	Il n'y a pas de restriction.
5775700	Não há restrição.	5776607	Il n'y a aucune restriction.
5775699	Não existe restrição.	5776610	Il n'existe pas de restriction.
5775690	A corda é muito fraca.	5776611	La corde est très fragile.
1154259	Fui eu que peguei o livro.	5776618	C'est moi qui ai payé le livre.
1000379	Seu nome não consta na lista. Você não foi chamada para a festa.	5776621	Ton nom ne figure pas sur la liste. Tu n'es pas invité à la fête.
1810481	Se ela souber que fui eu quem mandou o presente, não vai aceitá-lo.	5776626	Si elle sait que c'est moi qui ai envoyé le cadeau, elle ne va pas l'accepter.
5769814	Não é a nossa política.	5776627	Ce n'est pas notre politique.
5769809	Sou um carpinteiro.	5776629	Je suis charpentier.
5769812	Falei com o Tom ao telefone.	5776630	J'ai parlé à Tom au téléphone.
5801448	Eu não acredito!	5801462	Je ne crois pas!
5807839	Quem chegou primeiro: a galinha ou o ovo?	5807840	Qui est venue en premier : la poule ou l'œuf ?
5918224	Estão atrasadas, como sempre.	5918265	Elles sont en retard, comme d'habitude.
3853834	A repetição é a mãe dos estudos.	5974940	La répétition est la mère des études.
5987944	É preciso arquivar.	5987950	Il faut archiver.
5990484	Elas utilizam este livro na aula de espanhol.	5990485	Elles utilisent ce livre en classe d'espagnol.
6002473	Todo mundo sabe que eu não gosto de Tom.	6002523	Tout le monde sait que je n'aime pas Tom.
6002471	O que aconteceu naquela noite?	6002525	Que s'est-il passé cette nuit là ?
6001982	Os pais de Mary não suportam Tom.	6002532	Le père de Mary ne supporte pas Tom.
6001043	Tom não precisa ir ao dentista.	6002536	Tom n'a pas besoin d'aller chez le dentiste.
6001042	Tom acha que eu amo Maria.	6002539	Tom pense que j'aime Marie.
6000245	Eu acho que este piano não tem sido afinado há anos.	6002552	Je pense que ce piano n'a pas été accordé depuis des années.
5999425	O incitamento ao suicídio é crime.	6002553	L'incitation au suicide est un crime.
5999422	Eu pensava que a senhora era médica.	6002554	Je croyais que vous étiez médecin.
6011402	Amanhã vai ser tarde demais.	6011409	Demain sera trop tard.
6016074	Tom se mudou de país.	6016142	Tom a changé de pays.
6016069	Tom elogiou muito Maria.	6016147	Tom a beaucoup complimenté Maria.
6015957	Ele partiu para Londres no começo de julho.	6016163	Il est parti à Londres début juillet.
6015773	Eu vejo vocês amanhã na escola.	6016169	Je vous vois demain à l'école.
6015768	Vocês acham que isso tem algum valor?	6016178	Pensez-vous que cela a une certaine valeur ?
6015756	Vocês querem ver algo engraçado?	6016183	Vous voulez voir quelque chose d'amusant ?
6015753	Nós precisamos de ajuda aqui.	6016186	On a besoin d'aide ici.
6015722	Isso acontece muito.	6016189	Cela arrive souvent.
6015718	Tom sabe que Maria não fala francês.	6016191	Tom sait que Maria ne parle pas français.
6015717	Eu preciso saber o que aconteceu com Tom.	6016194	J'ai besoin de savoir ce qui s'est passé avec Tom.
6015712	Maria ainda brinca com bonecas.	6016200	Maria joue encore avec des poupées.
6015711	Eu quero ir para Boston com Tom.	6016203	Je veux aller à Boston avec Tom.
6015710	Tom é muito imprevisível.	6016205	Tom est vraiment imprévisible.
6015709	Eu acho que Tom está bêbado.	6016206	Je crois que Tom est ivre.
6015707	Eu gostei dessa música.	6016211	J'ai aimé cette musique.
6015703	Tom é professor, não é?	6016215	Tom est professeur, n'est-ce pas ?
6015694	Tom ainda não descobriu o que Maria fez.	6016218	Tom n'a pas encore découvert ce que Maria a fait.
6015693	Tom gosta de cozinhar para Maria.	6016220	Tom aime cuisiner pour Maria.
6015690	O cachorro de Tom foi atropelado por um caminhão.	6016240	Le chien de Tom s'est fait renverser par un camion.
6015684	Aqui estão os livros que você pediu.	6016245	Voici les livres que vous avez demandés.
6015674	Você tem certeza de que não quer?	6016250	Vous êtes sûr que vous ne voulez pas ?
6015638	Você sabe onde você está, Tom?	6016252	Tu sais où tu es, Tom ?
6015631	Tom assustou as crianças.	6016255	Tom a effrayé les enfants.
6015629	Elas nasceram na Tailândia.	6016259	Elles sont nées en Thaïlande.
6015622	Tom perguntou à Mary se ela confiava em John.	6016268	Tom a demandé à Maria si elle avait confiance en João.
6015619	O carro de Tom pegou fogo.	6016271	La voiture de Tom a prit feu.
6015618	Tom adorou jogar futebol americano.	6016274	Tom a adoré jouer au football américain.
6015617	Tom adorou jogar futebol.	6016277	Tom a adoré jouer au football.
6015616	Tom assinou o documento.	6016279	Tom a signé le document.
6015611	Tom quer aprender a cantar em francês.	6016281	Tom veut apprendre à chanter en français.
6015608	O que aconteceu com o cachorro?	6016284	Que s'est-il passé avec le chien ?
6015523	Espero estar de volta lá pelas duas e meia.	6016289	J'espère être de retour autour de deux heures et demie.
6015521	Tom disse que precisava da nossa ajuda.	6016290	Tom a dit qu'il avait besoin de notre aide.
6015509	Nós esperávamos que vocês tivessem esquecido.	6016294	Nous espérions que vous auriez oublié.
6015502	Gostaria de perguntar algo.	6016308	J'aimerais demander quelque chose.
6028030	O seu livro mudou a minha vida.	6028833	Votre livre a changé ma vie.
6028014	Tom percebeu que Maria estava chorando.	6028838	Tom s'aperçut que Marie pleurait.
6044876	Quero passar o fim de semana com amigos.	6045203	Je veux passer la fin de la semaine avec des amis.
6044862	Não sei realmente o que fazer.	6045207	Je ne sais vraiment pas quoi faire.
6044631	Eu não sei o número de telefone de Tom.	6045214	Je ne connais pas le numéro de téléphone de Tom.
6041581	Pai nosso, que estais nos céus.	6045232	Notre père qui es aux cieux.
6041557	Tom tem três filhas.	6045257	Tom a trois filles.
6040028	Hoje, Maria vai se casar.	6045269	Aujourd'hui Marie va se marier.
6039571	Eu sonhei que estava sonhando.	6045280	J'ai rêvé que je rêvais.
6039047	Tom quer falar com Maria.	6045285	Tom veut parler avec Marie.
6037359	Estou reduzido a uma velha ruína.	6045300	Je suis réduit à l'état de vieille ruine.
6037079	O cubo verde não se move.	6045305	Le cube vert ne bouge pas.
6034663	Tom não quer falar contigo.	6045310	Tom ne veut pas parler avec toi.
6034650	Eu não quero sair com Tom.	6045311	Je ne veux pas sortir avec Tom.
6034643	Tom não deveria ter comido tanto.	6045312	Tom n'aurait pas dû manger autant.
6052984	Eles dançam a noite toda.	6053471	Ils dansent toute la nuit.
6052714	Você está saindo com alguém?	6053483	Tu sors avec quelqu'un ?
6052682	Tom sabia que era impossível.	6053489	Tom savait que c'était impossible.
6050995	Os colombianos falam Espanhol.	6053494	Les colombiens parlent espagnol.
6050981	O povo americano merece melhor.	6053495	Le peuple américain mérite mieux.
6050929	O povo falou.	6053496	Le peuple a parlé.
6054121	Tom é muito gordo.	6054481	Tom est très gros.
6054119	Eu quero uma cerveja.	6054482	Je voudrais une bière.
6054114	A partir de agora você é um de nós.	6054483	À partir de maintenant, tu es des nôtres.
6054113	Eu prefiro trabalhar por conta própria.	6054484	Je préfère travailler à mon compte.
6060696	Todos os bebês choram.	6060720	Tous les bébés pleurent.
6060671	As plantas precisam de água e luz solar.	6060723	Les plantes ont besoin d'eau et de lumière solaire.
6061492	Nosso futuro está em jogo.	6061735	Notre avenir est en jeu.
6063123	Perdi a cabeça.	6065274	J'ai perdu la tête.
6062982	Tom não tinha nada a perder.	6065275	Tom n'avait rien à perdre.
6065846	Não estou falando de você, Tom.	6067732	Je ne parle pas de vous, Tom.
6065846	Não estou falando de você, Tom.	6067735	Je ne parle pas de toi, Tom.
6065836	Tom deveria comer alguma coisa.	6067744	Tom devrait manger quelque chose.
6065826	Você não nos conhece.	6067746	Vous ne nous connaissez pas.
6065826	Você não nos conhece.	6067747	Tu ne nous connais pas.
6065824	Tom é um pouco mais alto que eu.	6067748	Tom est un peu plus grand que moi.
6065823	Eu tenho de ser imparcial.	6067751	Je dois être impartial.
6065801	Tom tentou pegar o coelho.	6067757	Tom essaya d'attraper le lapin.
6082455	Tu não estudaste História na escola?	6082737	Tu n'as pas étudié l'histoire à l'école ?
6087570	Maria está esperando uma filha.	6087745	Marie attend une fille.
6087568	Maria está esperando um filho.	6087746	Marie attend un garçon.
6158897	Tom, o que você está fazendo?	6197679	Tom, qu'est-ce que tu fais ?
6276956	Tatoeba é uma fonte de sabedoria.	6277382	Tatoeba est une source de sagesse.
6276956	Tatoeba é uma fonte de sabedoria.	6284308	Tatoeba est un puits de sagesse.
2968643	Deus me respeita quando eu trabalho; mas Deus me ama quando eu canto.	6285573	Dieu m'estime quand je travaille mais il m'aime quand je chante.
3425388	Esta é a coisa certa a fazer.	6286324	C'est la bonne chose à faire.
2656533	Não é aconselhável sair a esta hora.	6302560	Il n'est pas recommandé de sortir à cette heure-ci.
6298662	Tatoeba é uma caixinha de experiências e surpresas maravilhosas!	6304784	Tatoeba est une boîte pleine de merveilleuses expériences et surprises !
6127180	Tenho medo de vespas.	6332838	J'ai peur des guêpes.
6371508	Já começou a estudar francês?	6371914	As-tu déjà commencé à étudier le français ?
6391490	É melhor comprar que pedir emprestado.	6391498	Mieux vaut acheter qu'emprunter.
6461090	Não posso mentir para o Tom de novo.	6461092	Je ne peux pas encore mentir à Tom.
1377031	Todos nós somos pecadores.	6461100	Nous sommes tous des pécheurs.
1554687	Eles levaram dois anos para construir a casa.	6461101	Ils ont mis deux ans à construire la maison.
1789142	Queime o corpo.	6461102	Brûle le corps.
1825637	Este reino necessita de um novo rei.	6461103	Ce royaume a besoin d'un nouveau roi.
4696842	No meu tempo livre, escrevo poesias.	6461104	Pendant mon temps libre, j'écris des poèmes.
5006137	Eu provavelmente não lerei o relatório de Tom.	6461105	Je ne lirai probablement pas le rapport de Tom.
1200538	Vejo que você lê.	6461106	Je vois que tu lis.
996774	Levou-nos à estação.	6461108	Il nous a emmenés à la station.
998040	E o que eu devo fazer agora?	6461109	Et que dois-je faire maintenant ?
1075363	Depois do trabalho, vou diretamente para casa.	6461110	Après le travail, je vais directement à la maison.
1252064	Ela é um membro dessa organização.	6461112	Elle est un membre de cette organisation.
1272007	O que quer dizer este parágrafo?	6461114	Que veut dire ce paragraphe ?
1277623	Eu não gosto desta marca de cerveja.	6461115	Je n'aime pas cette marque de bière.
2466702	Árabe é difícil!	6461118	L'arabe est difficile !
2623958	É a primeira vez que alguém critica o meu trabalho.	6461119	C'est la première fois que quelqu'un critique mon travail.
3326657	Ambos queremos a mesma coisa.	6461120	Nous voulons tous les deux la même chose.
3384638	Ela já chegou?	6461121	Elle est déjà arrivée ?
4712938	Eu venho da Espanha.	6461122	Je viens d'Espagne.
5030840	Tom se comporta como uma criança.	6461124	Tom se comporte comme un enfant.
5209251	Eu não gosto de falar francês.	6461126	Je n'aime pas parler français.
5315984	Nós ainda temos uma chance.	6461127	Nous avons encore une chance.
5639627	Tom quer caminhar.	6461128	Tom veut marcher.
5749722	Voltei!	6461129	Je suis revenu !
5917873	Eu não gosto de pessoas arrogantes.	6461131	Je n'aime pas les gens arrogants.
6095748	Eles subiram as escadas.	6461132	Ils ont monté les escaliers.
6163652	Há quanto tempo estão lá?	6461134	Depuis combien de temps sont-ils là-bas ?
4306292	Tom está usando sapatos novos.	6461137	Tom porte des nouvelles chaussures.
4357294	Use isso!	6461138	Utilise ça !
5552718	Tom e Maria estão cansados.	6461139	Tom et Maria sont fatigués.
1376607	Hoje está um tempo lindo e quente.	6461144	Aujourd'hui il fait beau et chaud.
4597767	Tom exagerou.	6461145	Tom a exagéré.
4259060	O que tem pés, mas não anda?	6461146	Qu'est-ce qui a des pieds, mais qui ne marche pas ?
1426161	O urânio tem de ser enriquecido antes de poder ser utilizado em armas nucleares.	6461147	L'uranium a besoin d'être enrichi avant de pouvoir être utilisé dans les armes nucléaires.
5016219	Você deixou a geladeira aberta.	6461148	Tu as laissé le réfrigérateur ouvert.
4819353	Eu tenho um site.	6461149	J'ai un site web.
4980007	O que você disse me surpreendeu.	6461150	Ce que vous avez dit m'a surpris.
5889579	Estou tão feliz por você ter vindo!	6461151	Je suis si heureux que tu sois venu !
6461079	Ainda há trabalho a ser feito.	6462251	Il y a encore du travail à faire.
6461070	Eu o vi na noite passada.	6462252	Je l'ai vu la nuit dernière.
6461067	De quem é este chá?	6462253	À qui est ce thé ?
6461060	Como você imagina o futuro da humanidade?	6462254	Comment imaginez-vous le futur de l'humanité ?
6461059	Eu não acho essa funcionalidade necessária.	6462255	Je ne pense pas que cette fonctionnalité soit nécessaire.
6461015	Você tem certeza de que não tem mais nada para comer?	6462256	Tu es sûr qu'il n'y a plus rien à manger ?
6460803	Eu sei que não é difícil.	6462257	Je sais que ce n'est pas difficile.
6460807	Não sou um chorão.	6462264	Je ne suis pas un pleurnicheur.
6460788	Por que você não me contou mais cedo?	6462271	Pourquoi ne me l'avez-vous pas dit plus tôt ?
6460792	O que você comeu hoje de manhã?	6462272	Qu'avez-vous mangé ce matin ?
6460782	Quero ficar com eles.	6462277	Je veux rester avec eux.
6460783	Quero ficar com elas.	6462278	Je veux rester avec elles.
6460769	Já bebi três xícaras de café.	6462284	J'ai déjà bu trois tasses de café.
6460574	Você não sabia?	6462295	Tu ne savais pas ?
6460543	Quero ser médico quando crescer.	6462305	Je veux être médecin quand je serai grand.
6460542	Dizem que errar é humano.	6462309	On dit que l'erreur est humaine.
6460499	Tom foi à praia.	6462314	Tom est allé à la plage.
6460503	Sou professor universitário.	6462319	Je suis professeur à l'université.
6460495	Eu sabia que era você.	6462320	Je savais que c'était toi.
6460379	É uma bicicleta nova.	6462322	C'est un vélo neuf.
6459351	Estou jogando golfe.	6462337	Je suis en train de jouer au golf.
6459350	Tom é mais baixo que eu.	6462343	Tom est plus petit que moi.
6459319	Não tenho mais detalhes.	6462348	Je n'ai pas plus de détails.
6459317	Vocês podem explicar isto?	6462350	Vous pouvez expliquer ça ?
6459320	Mary sabia que ela estava em perigo.	6462353	Mary savait qu'elle était en danger.
6459270	Há apenas mais uma cadeira.	6462364	Il n'y a plus qu'une chaise.
6459271	Não poderia ter sido pior.	6462366	Ça n'aurait pas pu être pire.
6459272	Tom nem mora mais em Boston.	6462367	Tom n'habite plus à Boston.
6459148	Apenas nos beijamos.	6462368	Nous nous sommes seulement embrassés.
6459149	Não sabia que vocês eram amigos.	6462369	Je ne savais pas que vous étiez amis.
6459142	Mary briga constantemente com seus pais.	6462370	Mary se dispute constamment avec ses parents.
5146107	Ele me perguntou o nome do pai de Maria.	6462371	Il m'a demandé le nom du père de Mary.
6458048	Tom quase nunca usa seu celular.	6462372	Tom n'utilise presque jamais son téléphone.
6458036	Me pergunto como aquilo aconteceu.	6462373	Je me demande comment cela est arrivé.
6463723	Tom não vai vir para casa.	6463912	Tom ne va pas venir à la maison.
6463724	Tom não beijará Mary.	6463913	Tom n'embrassera pas Mary.
6463722	Tom não vai beijar Mary.	6463915	Tom ne va pas embrasser Mary.
6462586	Eu sei, eu deveria ter chegado aqui mais cedo.	6463916	Je sais, j'aurais dû arriver ici plus tôt.
6462588	Eu sei que eu deveria ter chegado aqui mais cedo.	6463917	Je sais que j'aurais dû arriver ici plus tôt.
6462499	Tom não perdeu o ônibus.	6463920	Tom n'a pas raté le bus.
6462492	Tom parecia um pouco preocupado.	6463921	Tom semblait un peu inquiet.
6462500	Seu avô é muito carismático.	6463922	Ton grand-père est très charismatique.
6461934	Eu tentei chamar o Tom de novo.	6463924	J'ai essayé d'appeler Tom de nouveau.
6460828	O cachorro de Tom morreu.	6463925	Le chien de Tom est mort.
6449167	Na minha opinião, um museu é mais interessante do que um bar.	6463926	À mon avis, un musée est plus intéressant qu'un bar.
6460099	O zoológico não é longe daqui.	6463928	Le zoo n'est pas loin d'ici.
6460091	Tenho quarenta e cinco anos de idade.	6463929	J'ai quarante-cinq ans.
6459307	Não vou precisar da ajuda do Tom amanhã.	6463931	Je n'aurai pas besoin de l'aide de Tom demain.
6459301	Tom não era um suspeito.	6463932	Tom n'était pas un suspect.
6459289	Eles andaram lado a lado.	6463934	Ils ont marché côte à côte.
6459290	Preciso de uma lâmpada.	6463935	J'ai besoin d'une lampe.
6459161	Pense positivo.	6463936	Pense positivement.
6459163	Pensem positivo.	6463937	Pensez positivement.
6459153	Por que você não se olha no espelho?	6463938	Pourquoi tu ne te regardes pas dans le miroir ?
6459150	Eu sei que Tom não vai acreditar em mim.	6463939	Je sais que Tom ne va pas me croire.
6458039	Tom não teve sorte.	6463942	Tom n'a pas eu de chance.
6458042	Ele tentou se passar por um francês mas o seu sotaque o desmascarou.	6463943	Il a tenté de se faire passer pour un français mais son accent l'a démasqué.
6458043	Eu perdi meus amigos.	6463944	J'ai perdu mes amis.
6458035	É você quem veio me ver?	6463947	C'est toi qui est venu me voir ?
6457160	Você gosta da minha nova camisa?	6463953	Vous aimez ma nouvelle chemise ?
6457160	Você gosta da minha nova camisa?	6463956	Aimez-vous ma nouvelle chemise ?
6457162	Eu não estava em Boston na última semana.	6463960	Je n'étais pas à Boston la semaine dernière.
6457154	Eu ando.	6463963	Je marche.
6455901	Por que eu não posso ter o meu próprio quarto?	6463969	Pourquoi je ne peux pas avoir ma propre chambre ?
6455894	Você parece surpreso em me ver.	6463971	Vous avez l'air surpris de me voir.
6455891	Todos estão me observando.	6463972	Ils sont tous en train de m'observer.
6455892	Vou te mandar o pagamento hoje pelo Paypal.	6463975	Je vais t'envoyer le paiement aujourd'hui via Paypal.
1075211	A entrevista será tranquila, então não tem que se preocupar.	6464331	L'entretien sera décontracté, il n'y a donc pas à s'inquiéter.
6464073	Tom usava um chapéu preto.	6464338	Tom portait un chapeau noir.
6464071	Não me disseram nada.	6464339	On ne m'a rien dit.
6464062	Você se lembra desta música?	6464340	Tu te souviens de cette musique ?
6464049	Fui embora imediatamente.	6464342	Je suis tout de suite parti.
6464049	Fui embora imediatamente.	6464343	Je suis parti immédiatement.
6464044	Isto foi fácil demais.	6464344	C'était trop facile.
6464042	Poderia fechar as janelas, por favor?	6464346	Vous pouvez fermer les fenêtres, s'il vous plaît ?
6464025	Tom parece ser inteligente.	6464347	Tom a l'air d'être intelligent.
6464006	Eu sei que você sabe onde Tom está.	6464349	Je sais que tu sais où est Tom.
6464008	Meu irmão tem um cachorro.	6464351	Mon frère a un chien.
6464007	Tem cerveja no Havaí?	6464352	Il y a de la bière à Hawaï ?
6463995	Tom tentou me avisar.	6464355	Tom a essayé de me prévenir.
6463955	A pergunta foi feita em Inglês.	6464356	La question a été posée en anglais.
6446901	Eu sou muito mais pesado do que você.	6464359	Je pèse beaucoup plus lourd que toi.
6446852	Comprei um sanduíche.	6464362	J'ai acheté un sandwich.
6446396	Preciso de um chapéu.	6464363	J'ai besoin d'un chapeau.
6446137	Quero um sorvete de morango.	6464364	Je veux une glace à la fraise.
6446144	O edifício da universidade fica à esquerda da estação de metrô.	6464365	Le bâtiment de l'université est à gauche de la station de métro.
6446082	Preciso falar com o médico imediatamente.	6464366	J'ai besoin de parler au médecin immédiatement.
6443847	Isto seria aceitável?	6464367	Est-ce que ça serait acceptable ?
6443813	"Quem é você?" "Sou o Tom."	6464368	« Qui es-tu ? » « Je suis Tom. »
6443523	Eu não sabia a resposta.	6464371	Je ne connaissais pas la réponse.
6443515	Esta é a caneta de Tom.	6464373	C'est le stylo de Tom.
6443464	Meu cachorro não fez isso.	6464374	Mon chien n'a pas fait ça.
6397162	Isso é da Austrália.	6464379	Ça vient d'Australie.
6395630	Você parece convicto de que Tom pode fazer isso sozinho.	6464382	Vous avez l'air convaincu que Tom peut faire ça seul.
6398181	Eu coleciono antiguidades.	6464384	Je collectionne les antiquités.
6399827	A Copa do Mundo de futebol de 2022 será realizada no Catar.	6464386	La coupe du monde de football 2022 aura lieu au Qatar.
6399828	Minhas orelhas estão congelando.	6464388	Mes oreilles sont gelées.
6399820	Ela não é a minha namorada.	6464389	Elle n'est pas ma copine.
6400590	Por que os senhores escreveram este livro?	6464391	Pourquoi avez-vous écrit ce livre ?
6401798	Tom joga xadrez.	6464392	Tom joue aux échecs.
6402093	Ultimamente, mesmo dormindo tanto, ainda sinto que não durmo o suficiente.	6464393	Finalement, même en dormant autant, je sens que je ne dors pas assez.
6404963	Aquilo que parecia ser uma praia de areia branca eram, na verdade, milhões e milhões de pequenas conchas brancas.	6464402	Ce qui paraissait être une plage de sable blanc étaient, en réalité, des millions et des millions de petits coquillages blancs.
6405203	O destino decide quem entrará em sua vida, mas você decide quem fica.	6464407	Le destin décide qui entrera dans ta vie, mais c'est toi qui décides qui y restera.
6463694	Como alguém poderia dar um tiro nas próprias costas?	6464446	Comment quelqu'un pourrait se tirer dessus dans le dos ?
6462759	Ela não conseguiu achar o caminho de volta.	6464447	Elle n'a pas réussi à trouver le chemin du retour.
6462628	A maior parte da selva amazônica ainda é selvagem.	6464448	La majeure partie de la jungle amazonienne est encore vierge.
6462485	Meus pais moram em Boston.	6464450	Mes parents vivent à Boston.
6462465	Não quero ficar aqui sozinho.	6464451	Je ne veux pas rester seul ici.
2725870	A melhor maneira de aprender Francês é residir num país de língua francesa.	6464452	La meilleure façon d'apprendre le français est de vivre dans un pays francophone.
6464684	Tom não sabe onde o guarda-chuva dele está.	6464744	Tom ne sait pas où est son parapluie.
6464651	O menino faltou à escola ontem por estar doente.	6464745	Le garçon a manqué l'école hier parce qu'il était malade.
6464627	O macaco é inteligente por natureza.	6464746	Le singe est intelligent par nature.
6464612	Quem nada mais rápido: Tom ou Maria?	6464747	Qui nage le plus vite : Tom ou Maria ?
6464590	Se eu tiver tempo suficiente amanhã, vou fazer compras.	6464751	Si j'ai assez de temps demain, j'irai faire des courses.
6464562	Você se lembrou de comprar açúcar?	6464753	Tu t'es souvenu d'acheter du sucre ?
6464586	Tom sabe que você sabe?	6464754	Tom sait que tu sais ?
6464504	Maria seguiu secretamente seu filho para ver aonde ele estava indo quando deveria estar na escola.	6464759	Maria a suivi son fils en cachette pour voir où il allait au lieu d'être à l'école.
6464715	O avião perdeu parte de sua asa.	6465186	L'avion a perdu une partie de son aile.
6464657	Não gosto de morar aqui.	6465191	Je n'aime pas vivre ici.
6464659	Tom é três anos mais velho do que Maria.	6465194	Tom est de trois ans plus vieux que Maria.
6465416	Estou tentando conquistar o coração dela.	6465581	J'essaie de conquérir son cœur.
6465354	Eu me vesti rapidamente.	6465584	Je me suis habillé rapidement.
6459308	Os outros estão céticos.	6465591	Les autres sont sceptiques.
6459300	Você já terminou as suas compras de Natal?	6465601	Tu as déjà fini tes courses de Noël ?
6465773	Tom não sabe jogar pôquer.	6465840	Tom ne sait pas jouer au poker.
6465743	Ambos sabem falar francês.	6465843	Les deux savent parler français.
6465667	Eu descobri o segredo de Tom.	6465844	J'ai découvert le secret de Tom.
6464672	Tom, sua braguilha está aberta.	6465845	Tom, ta braguette est ouverte.
6465758	Tom tingiu o cabelo de verde.	6465849	Tom s'est teint les cheveux en vert.
6465749	Tom está enganado.	6465850	Tom se trompe.
6465767	Meus pais não suspeitaram de nada.	6465926	Mes parents ne se sont doutés de rien.
6465668	Eu precisava de mais dinheiro.	6465927	J'avais besoin de plus d'argent.
6465746	Você precisa se levantar.	6465928	Il faut que tu te lèves.
6465455	A conquista de Constantinopla nos exigiu seis anos.	6465929	La conquête de Constantinople nous a demandé six ans.
6467097	Isto é reciclável?	6467195	Est-ce que c'est recyclable ?
6467095	Você tirou o lixo?	6467200	Tu as sorti la poubelle ?
6467069	Deixe-a terminar a sua frase.	6467206	Laisse-la terminer sa phrase.
4728128	Agora estou morando em Pequim.	6467292	Maintenant je vis à Pékin.
736191	Vários presidentes americanos foram assassinados.	6467296	Plusieurs présidents américains furent assassinés.
868902	O ensino religioso é proibido em escolas públicas.	6467297	L'éducation religieuse est interdite dans les écoles publiques.
1778899	Acho que jamais saberemos o porquê.	6467305	Je pense que nous ne saurons jamais pourquoi.
2180103	Escreva o alfabeto em maiúsculas.	6467306	Écris l'alphabet en majuscules.
2482824	Eu tenho tudo que quero.	6467307	J'ai tout ce que je veux.
2686194	Usamos o transporte público.	6467312	Nous utilisons les transports publics.
2718579	Você deveria ter me avisado que isso ia acontecer.	6467313	Vous auriez dû me prévenir que cela allait arriver.
2852361	A dor está insuportável.	6467314	La douleur est insupportable.
3494353	Eu sabia que podia contar com você.	6467321	Je savais que je pouvais compter sur toi.
3594253	Eu falo inglês, e tu, que língua falas?	6467322	Je parle anglais, et toi, quelle langue parles-tu ?
5034250	Tom está ficando cego.	6467326	Tom est en train de devenir aveugle.
5116858	Eu peguei três peixes hoje.	6467328	J'ai attrapé trois poissons aujourd'hui.
5404836	É um dos livros mais conhecidos da literatura brasileira.	6467329	C'est l'un des livres les plus connus de la littérature brésilienne.
5570119	Tom quer um microscópio.	6467331	Tom veut un microscope.
5644824	Alguém roubou o meu relógio.	6467333	Quelqu'un m'a volé ma montre.
5080807	Tom nem estava lá.	6467336	Tom n'était même pas là.
881414	Ela ficará feliz em saber que você quer vê-la.	6467418	Elle sera heureuse d'apprendre que tu veux la voir.
998119	O "R" francês é semelhante ao "R" alemão, porém este último é mais gutural.	6467426	Le "R" français est similaire au "R" allemand, bien que ce dernier soit plus guttural.
999761	Sim, esta é a minha casa.	6467431	Oui, c'est ma maison.
1480722	A que distância está o mar?	6467439	À quelle distance se trouve la mer ?
1648664	Não é fundo o bastante.	6467441	Ce n'est pas assez profond.
1715257	Você é a única que a comprou.	6467442	Tu es la seule à l'avoir achetée.
2324577	Esta região mudou completamente.	6467443	Cette région a complètement changé.
5760090	Eu não sei surfar.	6467446	Je ne sais pas surfer.
6166493	Nós temos três cachorros.	6467447	Nous avons trois chiens.
4814857	Você chamou um médico?	6467449	Vous avez appelé un médecin ?
4814857	Você chamou um médico?	6467450	Avez-vous appelé un docteur ?
1459683	Agora está no hospital e está fora de perigo.	6467453	Maintenant il est à l'hôpital et il est hors de danger.
1054661	As crianças famintas comeram tudo o que havia sobre a mesa.	6467496	Les enfants affamés mangèrent tout ce qu'il y avait sur la table.
4989317	Você está me chamando de covarde?	6467498	Est-ce que tu me traites de lâche ?
1058138	Ter um filho vago como você é um desespero.	6467499	Avoir un fils paresseux comme toi est désespérant.
5047813	Tom vai matar Maria.	6467502	Tom va tuer Maria.
5132243	Tom e Maria eram jovens.	6467510	Tom et Maria étaient jeunes.
1779781	É verdade que os americanos adoram pizza.	6467514	C'est vrai que les américains adorent la pizza.
5643000	Tom queria dizer algo a Maria.	6467516	Tom voulait dire quelque chose à Maria.
3655867	Fizemos o melhor que podíamos para ajudá-los.	6467530	Nous avons fait de notre mieux pour les aider.
3585567	Não faça nenhum movimento súbito.	6467533	Ne fais pas de mouvement brusque.
5093575	O que disseram a você?	6467538	Qu'est-ce qu'on vous a dit ?
3055950	Não tinham rosas.	6467543	Ils n'avaient pas de roses.
1469734	Eu não estava presente à reunião.	6467545	Je n'étais pas présent à la réunion.
1013612	Não posso comer chocolate ao leite.	6467549	Je ne peux pas manger de chocolat au lait.
401336	Ela prometeu me escrever toda semana.	6467557	Elle a promis de m'écrire toutes les semaines.
4867222	Você está melhor do que eu.	6467558	Vous êtes meilleur que moi.
4815032	Eu durmo durante o dia e trabalho de noite.	6467566	Je dors le jour et je travaille la nuit.
3939141	A vida é uma série de escolhas.	6467569	La vie est une suite de choix.
5705443	Tom está bravo contigo, não está?	6467570	Tom est fâché contre toi, n'est-ce pas ?
5933617	Virei de metrô.	6467571	Je viendrai en métro.
3555908	Este pão não é fresco.	6467573	Ce pain n'est pas frais.
2633141	Esta mulher não é menos forte que um homem.	6467574	Cette femme n'est pas moins forte qu'un homme.
1863993	Tu és boa pessoa.	6467577	Tu es quelqu'un de bien.
5128545	Quando o Tom voltou de Boston?	6467582	Quand Tom est-il rentré de Boston ?
4962846	Tom recebeu um fax da Mary hoje de manhã.	6467585	Tom a reçu un fax de Mary ce matin.
6013611	Posso sentar no seu colo?	6467593	Je peux m'asseoir sur tes genoux ?
6205971	Quando dormimos, a temperatura corporal cai alguns graus.	6467594	Lorsque nous dormons, la température du corps chute de quelques degrés.
5642271	Nós já terminamos nosso trabalho.	6467596	Nous avons déjà fini notre travail.
5192847	Tom era jornalista.	6467598	Tom était journaliste.
5148835	Este livro me foi dado por Tom.	6467647	Ce livre m'a été offert par Tom.
4927540	A Mona Lisa é menor do que eu pensava.	6467654	La Joconde est plus petite que je ne le pensais.
4927540	A Mona Lisa é menor do que eu pensava.	6467658	La Joconde est plus petite que je le pensais.
5702189	Tom conversou com a Mary.	6467659	Tom discuta avec Mary.
5702189	Tom conversou com a Mary.	6467660	Tom a discuté avec Mary.
4575845	Macaco gosta muito de banana.	6467665	Les singes aiment beaucoup les bananes.
6096594	A edição original é excelente, mas a tradução portuguesa contém erros.	6467667	L'édition originale est excellente, mais la traduction portugaise contient des erreurs.
4873601	Olhe na Wikipédia.	6467669	Regarde sur Wikipédia.
5362696	Tom é jornalista.	6467670	Tom est journaliste.
960417	Que hora sai o trem para Boston?	6467671	À quelle heure part le train pour Boston ?
4896445	Se você está precisando de um amigo, compre um cão.	6467674	Si tu as besoin d'un ami, achète un chien.
2677285	A reunião prolongou-se até à meia-noite.	6467676	La réunion s'est prolongée jusqu'à minuit.
5394758	Eu quero este violão.	6467677	Je veux cette guitare.
1061294	Tenho fotos de São Francisco.	6467679	J'ai des photos de San Francisco.
5258421	Parece que Tom está bêbado de novo.	6467680	Il semble que Tom est encore ivre.
5258421	Parece que Tom está bêbado de novo.	6467682	On dirait que Tom est encore bourré.
2098656	Eu gostaria de aprender russo, mas meus amigos me contaram que é difícil.	6467701	J'aimerais apprendre le russe, mais mes amis m'ont dit que c'est difficile.
6070515	Eles estão jantando.	6467703	Ils sont en train de dîner.
5874850	Você recebeu a mensagem que eu te mandei ontem?	6467704	As-tu reçu le message que je t'ai envoyé hier ?
1644261	Eu tenho muito que fazer.	6467744	J'ai du pain sur la planche.
1789193	Louis Armstrong foi um músico norte-americano.	6467777	Louis Armstrong était un musicien américain.
5630298	Tom não tem medo de ninguém.	6467779	Tom n'a peur de personne.
4437430	Um dia, nós vamos entender.	6467781	Un jour, nous comprendrons.
1418586	Ele não pôde vir porque estava doente.	6467783	Il n'a pas pu venir parce qu'il était malade.
4732690	Este é o novo modelo.	6467784	Ceci est le nouveau modèle.
4732690	Este é o novo modelo.	6467785	C'est le nouveau modèle.
1706265	A que distância estamos?	6467786	À quelle distance sommes-nous ?
2468700	Um estrangeiro me ensinou inglês.	6467793	Un étranger m'a appris l'anglais.
6313555	Onde vivem teus pais?	6467795	Où habitent tes parents ?
6313555	Onde vivem teus pais?	6467798	Où vivent tes parents ?
6216270	Tom está molhado.	6467801	Tom est mouillé.
6291585	Quando tu podes vir à minha casa?	6467818	Quand peux-tu venir à la maison ?
3585919	Estou cansado e quero ir dormir.	6467820	Je suis fatigué et je veux aller dormir.
2668465	Quando se trata de memorizar palavras em inglês, não há quem o supere.	6467825	Quand il s'agit de mémoriser des mots en anglais, il n'y a personne qui le surpasse.
1201775	Quero fazer sexo com ela.	6467828	Je veux coucher avec elle.
6397209	O Tom retornou para a Austrália.	6467832	Tom est retourné en Australie.
2788024	Eu não pude consertar essa geladeira.	6467836	Je n'ai pas pu réparer ce réfrigérateur.
4971480	Vi você na televisão.	6467840	Je t'ai vu à la télévision.
4971480	Vi você na televisão.	6467842	Je t'ai vue à la télévision.
2179727	Nós não somos tão altos quanto Mary.	6467844	Nous ne sommes pas aussi grands que Mary.
4481025	Tom fez tudo o que pôde.	6467848	Tom a fait tout ce qu'il a pu.
4816009	Agora tente dormir.	6467854	Maintenant essaie de dormir.
4816009	Agora tente dormir.	6467855	Maintenant essaye de dormir.
4717230	Tom não é o culpado.	6467856	Tom n'est pas le coupable.
4819095	Você parece sério.	6467882	Vous semblez sérieux.
2342775	A placa dizia: "cuidado com o cachorro!".	6467885	La pancarte disait : « Attention au chien ! »
5190492	Tom nunca aprendeu como dirigir.	6467893	Tom n'a jamais appris à conduire.
1544153	Tente ficar calmo.	6467898	Essaye de rester calme.
5933383	Ela é bem insistente, não?	6467903	Elle est très insistante, n'est-ce pas ?
5872802	Não fui eu quem cortou o cabelo de Tom.	6467907	Ce n'est pas moi qui ai coupé les cheveux de Tom.
5127049	Precisamos aprender a trabalhar juntos.	6467913	Nous devons apprendre à travailler ensemble.
2105754	O computador é para mim?	6467914	L'ordinateur est pour moi ?
974137	Você tem que cumprir com o seu dever.	6467921	Tu dois accomplir ton devoir.
972789	Sua irmã não sabe nadar bem, não é mesmo?	6467922	Ta sœur ne sait pas bien nager, n'est-ce pas ?
3490274	Vou levar este aqui.	6467923	Je vais prendre celui-ci.
6122014	Não vejo a hora de começar.	6467924	Je suis impatient de commencer.
5261100	Eu não moro com o meu irmão.	6467925	Je n'habite pas avec mon frère.
4810127	Eu não consigo imaginar a vida sem música.	6467927	Je ne peux pas imaginer la vie sans musique.
2500551	Eu não consegui terminar o meu sanduíche.	6467928	Je n'ai pas pu finir mon sandwich.
1174974	As pétalas estão flutuando sobre a água.	6467929	Les pétales flottent sur l'eau.
3510664	Qual o peso dessa caixa?	6467931	Combien pèse cette boite ?
971707	O chefe elogiou-o por seu bom trabalho.	6467933	Le chef l'a félicité pour son bon travail.
3933169	Eu sou do norte da África.	6467934	Je suis d'Afrique du Nord.
924683	Eu nunca visitei Kagoshima, mas pretendo visitar este verão.	6467935	Je n'ai jamais visité Kagoshima, mais je compte y aller cet été.
5068122	Sou infinitamente grato por sua ajuda.	6467940	Je suis infiniment reconnaissant pour ton aide.
1378644	Nunca fumei.	6468000	Je n'ai jamais fumé.
6114493	Tudo isso é inacreditável.	6468008	Tout ça est incroyable.
6114493	Tudo isso é inacreditável.	6468009	Tout cela est incroyable.
1150884	Que bagatela!	6468010	Quelle bagatelle !
924678	Nunca o encontrei, mas o reconheço.	6468011	Je ne l'ai jamais rencontré, mais je le reconnais.
5836705	Eu espero que todo mundo esteja bem.	6468021	J'espère que tout le monde va bien.
5924574	Este guarda-chuva é seu?	6468029	Ce parapluie est à vous ?
4969398	Faça uma lista.	6468032	Fais une liste.
4354083	Tom me disse que estava muito cansado para estudar.	6468033	Tom m'a dit qu'il était trop fatigué pour étudier.
2561906	É muito difícil para mim.	6468035	C'est très difficile pour moi.
956543	Gostaria de morar perto de sua casa.	6468043	J'aimerais vivre près de chez toi.
4508019	Precisamos tentar alguma coisa.	6468049	Il faut qu'on tente quelque chose.
6469581	O professor separou os estudantes em grupos.	6470178	Le professeur a séparé les étudiants en groupes.
6469569	Tom está falando no telefone há horas.	6470187	Tom parle au téléphone depuis des heures.
6469533	Eu gostaria que você me ajudasse se você não tiver nada em particular para fazer.	6470189	J'aimerais que vous m'aidiez si vous n'avez rien à faire en particulier.
6469543	O motociclista ultrapassou o limite de velocidade.	6470192	Le motard a dépassé la limite de vitesse.
6469402	Não podemos mudar os fatos.	6470193	Nous ne pouvons pas changer les faits.
6469390	Sami não acreditava em Deus.	6470199	Sami ne croyait pas en Dieu.
6469383	Sami foi em uma viagem a negócios.	6470203	Sami est parti en voyage d'affaires.
6468419	Há algo importante do qual você não sabe.	6470209	Il y a quelque chose d'important que vous ne savez pas.
6468392	Sempre vou me lembrar da primeira vez que vi Tom.	6470210	Je me souviendrai toujours de la première fois que j'ai vu Tom.
6468372	Eu o conheço de vista mas na verdade nunca falei com ele.	6470215	Je le connais de vue mais en fait je n'ai jamais parlé avec lui.
6468366	Vocês podem conversar mais tarde.	6470220	Vous pouvez discuter plus tard.
6468367	Eu deixei uma mensagem para ele.	6470222	Je lui ai laissé un message.
6468348	Tecnicamente, ele ainda é um estudante.	6470237	Techniquement, il est toujours étudiant.
6468348	Tecnicamente, ele ainda é um estudante.	6470238	Techniquement, il est encore étudiant.
6469639	Estes pratos são pintados à mão.	6470244	Ces assiettes sont peintes à la main.
6469644	Layla pagou pelo táxi.	6470246	Layla a payé le taxi.
6469378	Sami morreu 24 horas após ser envenenado.	6470249	Sami est mort 24 heures après avoir été empoisonné.
6468394	Tom estacionou o seu carro em frente a um hidrante.	6470250	Tom gara sa voiture en face d'une bouche d'incendie.
6468282	Em países como a Noruega ou a Finlândia, há muita neve no inverno.	6470253	Dans les pays comme la Norvège ou la Finlande, il y a beaucoup de neige en hiver.
6468214	Nós também sentimos falta de você.	6470254	Tu nous manques aussi.
6468214	Nós também sentimos falta de você.	6470255	Vous nous manquez aussi.
6467725	Ele até aprendeu a fazer seus próprios telescópios para estudar o céu.	6470257	Il a même appris à faire ses propres télescopes pour étudier le ciel.
6466909	Tenho certeza de que o Tom não vai ganhar.	6470258	Je suis sûr que Tom ne va pas gagner.
6466909	Tenho certeza de que o Tom não vai ganhar.	6470259	Je suis sûre que Tom ne va pas gagner.
6467182	Não comprei porque estava muito caro.	6470260	Je ne l'ai pas acheté parce que c'était trop cher.
1466483	Tom e Mary estavam na mesma classe.	6470261	Tom et Mary étaient dans la même classe.
5941240	Você quer sorvete de quê?	6470262	Tu veux une glace à quoi ?
6469693	Sami era um pouco mais novo que Layla.	6470293	Sami était un peu plus jeune que Layla.
6469663	Os últimos dias da vida de Sami foram um inferno.	6470294	Les derniers jours de la vie de Sami furent un enfer.
6469630	Eu preciso de mais café.	6470296	J'ai besoin de plus de café.
6469657	Layla não é a única garota na vida de Sami.	6470298	Layla n'est pas la seule fille dans la vie de Sami.
6404989	Até julho, todos os meses ímpares têm trinta e um dias. A partir de agosto, todos os meses pares têm trinta e um dias.	6470301	Jusqu'à juillet, tous les mois impairs ont trente et un jours. À partir d'août, tous les mois pairs ont trente et un jours.
6405971	Sua camisa está manchada.	6470304	Ta chemise est tâchée.
6405945	Tu tens potencial.	6470305	Tu as du potentiel.
6405965	Você é uma das poucas amigas que tenho.	6470306	Tu es l'une des rares amies que j'ai.
6441168	Preciso aguar as flores.	6470307	Il faut que j'arrose les fleurs.
6441756	Eu raramente como frutos do mar.	6470310	Je mange rarement des fruits de mer.
6442987	Tom está preocupado contigo.	6470315	Tom est inquiet pour toi.
6443530	Os pais de Tom se divorciaram quando ele tinha treze anos.	6470318	Les parents de Tom ont divorcé quand il avait treize ans.
6443848	Cavalos e burros são diferentes.	6470326	Les chevaux et les ânes sont différents.
6449144	A vida é assim! Nada é fácil e nada é impossível.	6470327	La vie est comme ça ! Rien n'est facile et rien n'est impossible.
6449307	É difícil conversar com alguém que diz apenas "sim" e "não".	6470328	C'est difficile de discuter avec quelqu'un qui ne dit que "oui" et "non".
6449336	Para nós, é a temporada de cogumelos.	6470329	Pour nous, c'est la saison des champignons.
6453471	Meus pais não falam holandês.	6470331	Mes parents ne parlent pas hollandais.
6455867	Tom leu um artigo sobre o sistema solar.	6470334	Tom a lu un article à propos du système solaire.
6455423	Eu tentei ligar para o senhor.	6470336	J'ai essayé de vous joindre.
6455897	Tom nunca deveria ter vindo para Boston.	6470337	Tom n'aurait jamais dû venir à Boston.
6457126	Estou triste em te ver ir.	6470340	Je suis triste de te voir partir.
6457123	Aquela porta é a única saída.	6470341	Cette porte est la seule sortie.
6457143	Tom é pai de três.	6470343	Tom est père de trois enfants.
6469385	Sami ficou muito doente.	6470413	Sami est tombé très malade.
6460613	Tom subiu a colina.	6470442	Tom a monté la colline.
6460585	Sami caiu na água.	6470443	Sami est tombé dans l'eau.
6460507	Quer trocar de lugar?	6470446	Veux-tu changer de place ?
6460365	Ela lhe deu um beijo de adeus.	6470453	Elle lui donna un baiser d'adieu.
6460060	Quando você vai estar de férias?	6470454	Quand seras-tu en vacances ?
6460071	Você sabe se tem alguma farmácia por aqui?	6470455	Savez-vous s'il y a une pharmacie par ici ?
6460056	Por que ninguém me quer?	6470459	Pourquoi personne ne m'aime ?
6460048	Eu gostaria de comprar uma bebida.	6470461	J'aimerais acheter une boisson.
6459331	A chuva não parou e continuou durante o dia todo.	6470462	La pluie ne s'est pas arrêtée et a continué toute la journée.
6459322	Este é o trabalho pelo qual o Tom nos paga.	6470463	C'est le travail pour lequel Tom nous paie.
4922495	Eu tenho de renovar a minha carteira de motorista.	6470466	Je dois renouveler mon permis de conduire.
4770682	É muito difícil pra mim falar francês.	6470467	C'est très difficile pour moi de parler français.
3490109	Tom toca flauta.	6470468	Tom joue de la flûte.
4170932	Você viu onde Tom o escondeu?	6470469	Tu as vu où Tom l'a caché ?
5282146	Ela era amável.	6470475	Elle était aimable.
1882904	Talvez você tenha uma solução melhor.	6470484	Peut-être avez-vous une meilleure solution ?
1063076	De fato conheço-o, mas não me lembro de onde.	6470486	En fait je le connais, mais je ne me souviens pas d'où.
1822775	Os alunos estudiosos terão bons resultados.	6470487	Les élèves studieux auront de bons résultats.
2432187	É nosso dever sempre obedecer a lei.	6470490	C'est notre devoir de toujours obéir à la loi.
1487840	Uma vez que não é a estação chuvosa, não há necessidade para um guarda-chuva.	6470495	Comme ce n'est pas la saison des pluies, il n'y a pas besoin d'un parapluie.
6369664	Meu irmão e eu estamos na mesma turma.	6471317	Mon frère et moi sommes dans la même classe.
1799599	Eles estavam tão ocupados que nem se deram conta da hora.	6471318	Ils étaient tellement occupés qu'ils ne se sont pas rendus compte de l'heure.
6161253	Vou repetir isso para ti de uma vez por todas.	6471319	Je vais te le répéter une fois pour toutes.
5475291	Isso não é meio perigoso?	6471320	Ce n'est pas à moitié dangereux ?
3209214	Eu moro aqui desde 1993.	6471321	Je vis ici depuis 1993.
3973093	Um momento! Não desligue!	6471324	Un moment ! Ne raccrochez pas !
4705280	Você é holandesa, não é?	6471327	Tu es hollandaise, n'est-ce pas ?
4671651	Eu detesto essas malditas cigarras.	6471328	Je déteste ces maudites cigales.
4376670	A greve durou três dias.	6471331	La grève dura trois jours.
1424360	Tom lavou a louça para Mary.	6471335	Tom a fait la vaisselle pour Mary.
4826267	Como pode você viver sem música?	6471336	Comment peux-tu vivre sans musique ?
5165205	A minha irmã ainda mora com os nossos pais.	6471337	Ma sœur vit encore chez nos parents.
5366295	Janeiro é o primeiro mês do calendário gregoriano. Tem 31 dias.	6471340	Janvier est le premier mois du calendrier grégorien. Il a 31 jours.
5192697	Eu vou sentir muita falta dela.	6471341	Elle va beaucoup me manquer.
5914169	Por que escondeste isso de mim?	6471343	Pourquoi m'as-tu caché ça ?
1324312	Tom é um dos vizinhos de Mary.	6471347	Tom est l'un des voisins de Mary.
6299270	Tu estás de férias aqui?	6471348	Tu es ici en vacances ?
5287867	Eu gosto de escutar o canto dos pássaros.	6471349	J'aime écouter le chant des oiseaux.
3436361	Eu farei o que o Tom disser.	6473204	Je ferai ce que Tom dira.
2453868	Você não fala francês, fala?	6473209	Vous ne parlez pas français, n'est-ce pas ?
2744826	Em minha opinião, isto não vale nada.	6473219	À mon avis, ça ne vaut rien.
1723798	Tom se ofereceu para ajudar Maria a pagar por uma babá.	6473232	Tom se proposa pour aider Maria à payer une nounou.
1249001	Tom tem jogado no computador desde o meio-dia.	6473237	Tom joue sur l'ordinateur depuis ce midi.
4939959	Isso não é o que eu queria lhe mostrar.	6473245	Ce n'est pas ce que je voulais te montrer.
2583460	A função tangente é uma função periódica.	6473246	La fonction tangente est une fonction périodique.
1775206	Às vezes é necessário dizer a verdade.	6473247	Parfois il est nécessaire de dire la vérité.
6308606	Passamos por colinas verdejantes que brilhavam à luz dos primeiros raios de sol.	6473248	Nous sommes passés par des collines verdoyantes qui brillaient à la lumière des premiers rayons du soleil.
6133682	Quanto você cobra por lições?	6473249	Combien facturez-vous les leçons ?
5216402	Você acha que a situação mudará?	6473250	Tu penses que la situation va changer ?
2583463	A função tangente é uma função periódica e seu período é igual a π.	6473251	La fonction tangente est une fonction périodique et sa période est égale à π.
6389795	Estou começando a ficar assustado.	6473254	Je commence à avoir peur.
5150272	Eu não suporto este frio.	6473255	Je ne supporte pas ce froid.
6289695	As meninas entraram uma após a outra.	6473257	Les filles sont entrées l'une après l'autre.
6168213	Tom é mais velho que todos nós.	6473287	Tom est plus vieux que nous tous.
3762410	A vida nunca é fácil.	6473288	La vie n'est jamais facile.
5876249	Eu me considero um bom treinador.	6473289	Je pense être un bon entraîneur.
2871413	Não quero cortar meu cabelo.	6473290	Je ne veux pas me couper les cheveux.
3012272	Ela já estava grávida.	6473296	Elle était déjà enceinte.
1834268	Este vídeo já tem mais de um milhão de visualizações.	6473297	Cette vidéo a déjà plus de un million de vues.
1718321	Ele torceu o joelho durante uma partida de vôlei.	6473303	Il s'est foulé le genou pendant une partie de volley.
948147	Nunca me ocorreu que minhas palavras pudessem magoá-la.	6473306	Je ne me suis jamais rendu compte que mes mots pouvaient la blesser.
1380270	Por nada no mundo eu faria isso.	6473312	Je ne ferais ça pour rien au monde.
1351466	És a única pessoa que conheço em Boston.	6473313	Tu es la seule personne que je connais à Boston.
1104985	É tempo de lua cheia.	6473321	C'est une période de pleine lune.
869246	Lucy gosta de jogar tênis.	6473322	Lucy aime jouer au tennis.
5082463	Tom precisa perder um pouco de peso.	6473528	Tom a besoin de perdre un peu de poids.
5474035	Eu tenho medo deles.	6473530	Ils me font peur.
3129239	O tempo esfriou.	6473531	Le temps s'est refroidi.
4365383	A violência aumentou nos últimos anos.	6473532	La violence a augmenté ces dernières années.
2565983	Você está perdendo seu tempo.	6473533	Tu es en train de perdre ton temps.
1294029	Quando você aprendeu a dirigir?	6473534	Quand avez-vous appris à conduire ?
6164340	Eu não estava muito ocupado.	6473535	Je n'étais pas très occupé.
4814377	Ninguém mais consegue fazer isso.	6473537	Personne d'autre ne peut le faire.
5874265	Eu fiquei preocupado.	6473538	J'ai commencé à m'inquiéter.
1900214	Pegue uma só.	6473544	Prends-en juste une.
5940238	Retire o nome dele da lista.	6473552	Retirez son nom de la liste.
1050611	Bom, está ficando tarde. Agora vamos.	6473553	Bon, il commence à se faire tard. Allons-y maintenant.
4505871	Estamos passando a noite na casa do meu tio.	6473554	Nous passons la nuit chez mon oncle.
2751233	Essa saia é longa.	6473555	Cette jupe est longue.
1534369	Cem anos se passaram desde que o Titanic afundou.	6473557	Cent ans ont passé depuis que le Titanic a coulé.
6054803	Eu dormi com o rádio ligado.	6473560	J'ai dormi avec la radio allumée.
4609468	Vou cortar o cabelo na quarta.	6473561	Je vais me couper les cheveux mercredi.
2669080	Os ursos pandas vivem somente na China.	6473562	Les pandas vivent seulement en Chine.
6469393	Sami não recebeu nada.	6478400	Sami n'a rien reçu.
5361023	Eles sempre estão brigando.	6478403	Ils sont toujours en train de se bagarrer.
5129264	Você pode ir buscar o Tom?	6478407	Pouvez-vous aller chercher Tom ?
4817083	Tom não encontrou o que estava procurando.	6478409	Tom n'a pas trouvé ce qu'il cherchait.
4785871	Espere, Maria, é demasiado perigoso!	6478416	Attends, Maria, c'est trop dangereux !
4002859	Os macacos se alimentam de insetos, frutas e raízes.	6478419	Les singes se nourrissent d'insectes, de fruits et de racines.
3192880	Esta noite a terra tremeu.	6478421	Cette nuit la terre a tremblé.
5354854	Por que eu não percebi isto antes?	6478424	Pourquoi ne m'en suis-je pas aperçu avant ?
2939015	É extremamente caro.	6482954	C'est extrêmement cher.
959581	Não me denuncie.	6482956	Ne me dénoncez pas.
3995643	Eu disse: Solte sua arma!	6482958	J'ai dit : lâchez votre arme !
1602335	Tom e Mary não falam francês em casa.	6483971	Tom et Mary ne parlent pas français à la maison.
1380408	Eu não poderia viver sem você.	6483973	Je ne pourrais pas vivre sans toi.
5315311	Tom é um menino estúpido.	6562949	Tom est un garçon stupide.
5220738	Tom deve estar furioso com Maria.	6590324	Tom doit être furieux contre Marie.
4709948	Nunca dissemos que nós éramos canadenses.	6590333	Nous n'avons jamais dit que nous étions canadiens.
4571022	Você é de Boston?	6590334	Tu es de Boston ?
4571022	Você é de Boston?	6590335	Vous êtes de Boston ?
996544	Ele costuma comer peixe no jantar.	6604170	Il a l'habitude de manger du poisson au dîner.
6635215	Onde você comprou este café?	6636236	Où as-tu acheté ce café ?
6634155	Temos de proteger a floresta tropical.	6636237	Nous devons protéger la forêt tropicale.
6633076	Não estou com vontade de dormir.	6636243	Je n'ai pas envie de dormir.
6629599	Você gosta de ervilhas?	6636331	Est-ce que tu aimes les petits pois ?
6624523	Tenho de ir ao hospital amanhã.	6636333	Il faut que j'aille à l'hôpital demain.
6624160	Alguém abriu a porta.	6636334	Quelqu'un a ouvert la porte.
6624449	Eu sabia que Tom não estava dizendo a verdade.	6636335	Je savais que Tom ne disait pas la vérité.
6624453	Não foi fácil convencer Tom a ir embora.	6636336	Il n'a pas été facile de convaincre Tom de s'en aller.
6624157	Tom causou uma boa impressão.	6636337	Tom a fait bonne impression.
6624155	Tom pintou a porta de verde.	6636338	Tom a peint la porte en vert.
6624140	Tom tem um filho e uma filha.	6636340	Tom a un fils et une fille.
6624130	Tom e Mary se casaram há três anos.	6636342	Tom et Mary se sont mariés il y a trois ans.
6622375	Eu sei onde você está.	6636348	Je sais où tu es.
6622377	Eu sei onde vocês estão.	6636349	Je sais où vous êtes.
6622318	Como devagar.	6636353	Je mange lentement.
6109965	Tom pulou do penhasco.	6636410	Tom a sauté de la falaise.
5535158	Hoje faz vento.	6667769	Aujourd'hui il fait du vent.
5884246	Me sinto forte.	6671218	Je me sens fort.
6673049	Sami passou o dia com a sua filha.	6673119	Sami a passé la journée avec sa fille.
972718	Ações, não palavras.	6673945	Des actes et non pas des paroles.
6677239	Eu escutei alguém batendo na porta.	6677877	J'ai entendu quelqu'un frapper à la porte.
6669992	A sabedoria é a meta suprema.	6677890	La sagesse est l'objectif suprême.
6672357	A Grécia é um país adorável.	6677892	La Grèce est un pays merveilleux.
1050606	Parece estranho.	6682059	Ça parait étrange.
964809	A vida é assim.	6682275	La vie est ainsi.
4814217	Golfinhos não são peixes.	6682617	Les dauphins ne sont pas des poissons.
1373254	Com licença!	6682650	Excusez-moi !
6684543	O dado está lançado.	6684560	Le dé est jeté.
6684587	Os amantes são dementes.	6684597	Les amants sont insensés.
963524	Boca fechada não entra mosca.	6684654	Dans une bouche close, il n'entre point de mouche.
2454450	Eu estou cansada!	6685115	Je suis fatiguée !
3082174	Tenho uma ideia genial.	6687057	J'ai une idée géniale.
5870415	Não me pagam para isso.	6687076	Ils ne me paient pas pour ça.
5870470	Não me pagam muito.	6687078	Ils ne me paient pas beaucoup.
5870502	Eu não tenho alergias.	6687079	Je n'ai pas d'allergies.
5484548	Aguas passadas não movem moinhos.	6687770	Ce qui est passé est mort.
5484548	Aguas passadas não movem moinhos.	6687794	Le passé est passé, et ce qui est mort est mort.
5484355	O sol nasce para todos.	6687811	Le soleil se lève pour tous.
1462034	É uma múmia!	6687889	C'est une momie !
1459672	Até as paredes têm ouvidos.	6688117	Même les murs ont des oreilles.
6688149	Falo português.	6688151	Je parle portugais.
5870475	Tu és muito extrovertido.	6688812	Tu es très extraverti.
5870475	Tu és muito extrovertido.	6688851	Tu es très extroverti.
5484355	O sol nasce para todos.	6689189	Le soleil luit pour tout le monde.
5699310	O alemão é uma língua fascinante.	6689228	L'allemand est une langue fascinante.
5111432	A morte é certa.	6690798	La mort est certaine.
6690364	Domingo é o dia do Senhor.	6692582	Le dimanche est le Jour du Seigneur.
6170803	Ela parece mais velha.	6694853	Elle a l'air plus vieille.
4608569	No outono, as folhas caem das árvores.	6695838	En automne, les feuilles tombent des arbres.
1146033	Você fala português?	6695841	Parles-tu portugais ?
5221088	Eu gostaria de saber mais.	6695855	J'aimerais en savoir plus.
5955151	Ninguém sabe nada sobre eles.	6695901	Personne ne sait rien sur eux.
1388796	Não consegui encontrar aquela palavra no dicionário.	6695916	Je n'ai pas réussi à trouver ce mot dans le dictionnaire.
6696796	Você fala galego?	6696798	Parles-tu galicien ?
6696831	Você fala maltês?	6696833	Parles-tu le maltais ?
2993666	Ele fala alemão.	6704073	Il parle allemand.
5552231	Tendo reencontrado Tom na estação, Maria perguntou-lhe como foram suas férias.	6705255	Ayant rencontré Tom à la gare, Maria lui a demandé comment s'étaient passées ses vacances.
4482605	Recordo ainda – e nada mais me importa – / aqueles dias, de uma luz tão mansa, / que me deixavam sempre, de lembrança, / algum brinquedo novo à minha porta...	6705498	Je me souviens encore — et plus rien ne m'importe — de ces jours à la lumière si douce, qui me laissaient toujours, comme souvenir, quelque nouveau jouet à la porte.
6704155	A repetição é indispensável para aprender um idioma estrangeiro.	6705623	La répétition est indispensable pour apprendre une langue étrangère.
6706973	A prevenção é sempre a melhor solução.	6706987	La prévention est toujours la meilleure solution.
3202455	Donald era o nome do meu professor de inglês.	6707205	Donald était le prénom de mon professeur d'anglais.
3202455	Donald era o nome do meu professor de inglês.	6707214	Mon professeur d'anglais s'appelait Donald.
3423345	Isso realmente dói.	6709662	Ça fait vraiment mal.
4470992	Isso dói! Para!	6709672	Ça fait mal ! Arrête !
1592880	Ele não pôde ir à reunião porque estava doente.	6714708	Il n'a pu aller à la réunion parce qu'il était malade.
3498736	Posso fazer uma pergunta a ela?	6718522	Est-ce que je peux lui poser une question ?
5202860	Eu estou vendo o que você está fazendo.	6718672	Je vois ce que vous êtes en train de faire.
6080617	A questão é delicada.	6728156	La question est délicate.
6080848	Esta questão é controversa.	6728214	Cette question est controversée.
1056057	A questão só aceita uma interpretação.	6728226	La question ne permet qu'une seule interprétation.
2914993	Mas a questão não é essa.	6728238	Mais ce n'est pas la question.
2914993	Mas a questão não é essa.	6728241	Mais la question n'est pas là.
6090336	A questão é um tanto tendenciosa.	6728247	La question est un peu tendancieuse.
4068286	Quem gosta de mel não tem medo de abelha.	6731121	Si tu aimes le miel, ne crains pas les abeilles.
4068286	Quem gosta de mel não tem medo de abelha.	6731142	Celui qui veut du miel ne doit pas craindre les abeilles.
4068286	Quem gosta de mel não tem medo de abelha.	6731228	Tu aimes le miel, ne crains pas les abeilles.
4515077	O Tom não teme a morte.	6733266	Tom n'a pas peur de la mort.
1105133	O amor materno é incondicional.	6733638	L'amour maternel est inconditionnel.
6733966	Como se diz "por favor" em uólofe?	6733991	Comment dit-on "s'il vous plaît" en wolof ?
4481905	Foi um prazer conhecê-los, Sr. e Sra. Thompson. Eis o meu cartão.	6736415	Ce fut un plaisir de vous rencontrer, M. et Mme. Thompson. Voici ma carte.
6738623	Os anjos podem voar porque encaram a si mesmos com leveza.	6738691	Les anges peuvent voler parce qu'ils se savent légers.
990480	Este cão late muito.	6741777	Ce chien aboie beaucoup.
2681302	A prevenção é melhor do que a cura.	6742082	Prévenir vaut mieux que guérir.
6743249	Melhor um pássaro na mão do que dois voando.	6743260	Mieux vaut le passereau dans la main que la grue qui vole au loin.
978900	Comi um ovo estragado.	6758052	J'ai mangé un œuf avarié.
978902	Como saber se o ovo está podre ou não?	6758125	Comment savoir si un œuf est pourri ou pas ?
5147206	A água do mar é salgada.	6758162	L'eau de mer est salée.
2681302	A prevenção é melhor do que a cura.	6758200	La prévention vaut mieux que la guérison.
6760335	Comi um frango estragado.	6760336	J'ai mangé du poulet avarié.
2681302	A prevenção é melhor do que a cura.	6760898	La prévention est la meilleure des médecines.
4991405	Não há um caminho para a paz. A paz é o caminho.	6763837	Il n'y a pas de chemin vers la paix. La paix est le chemin.
2301191	Não existe caminho para o amor. O amor é o caminho.	6763845	Il n'existe aucun chemin vers l'amour. L'amour est le chemin.
963524	Boca fechada não entra mosca.	6763996	En close bouche, n'entre point mouche.
918152	Já viste um pôr-do-sol tão belo?	6773987	As-tu déjà vu un si beau coucher de soleil ?
4552400	Ele afirma ter visto um dragão.	6774081	Il affirme avoir vu un dragon.
1155673	Adoro essa música!	6774644	J'adore cette musique !
6774649	O gato está debaixo da cama.	6774651	Le chat est sous le lit.
3141226	Esta pele de cobra tem um desenho magnífico.	6775827	Cette peau de serpent a un dessin magnifique.
6775914	A boa fome, não há mau pão.	6776742	Qui a faim, mange tout pain.
6775914	A boa fome, não há mau pão.	6776750	À bonne faim, il n'y a pas de mauvais pain.
679693	A fome é o melhor tempero.	6776762	La faim est le meilleur des assaisonnements.
6132181	Ao pobre faltam muitas coisas, mas ao avarento falta tudo.	6777296	Beaucoup de choses manquent au pauvre, mais tout manque à l'avare.
2711826	A loja fica bem no centro da cidade.	6779669	Le magasin est situé en plein centre-ville.
5308138	Foi chocante.	6779918	C'était choquant.
1057102	Onde há fumaça há fogo.	6790189	Là où il y a de la fumée, il y a du feu.
6793502	Esta frase contém um erro.	6793569	Cette phrase contient une erreur.
6091437	Inteligência é a habilidade de se adaptar às mudanças.	6795263	L'intelligence est la capacité de s'adapter aux changements.
970336	Ela tem a capacidade de fazer duas coisas ao mesmo tempo.	6795662	Elle a la capacité de faire deux choses en même temps.
970336	Ela tem a capacidade de fazer duas coisas ao mesmo tempo.	6795663	Elle est capable de faire deux choses à la fois.
1139851	Essa tarefa é difícil.	6795773	Cette tâche est difficile.
1644602	Trabalha em vez de conversar!	6799139	Travaille au lieu de bavarder !
844921	Onde fica o zoológico?	6809280	Où se trouve le zoo ?
844922	Onde é que fica o jardim zoológico?	6809281	Où se trouve le jardin zoologique ?
5972333	Ele aprendeu rapidamente.	6812770	Il a appris vite.
1937737	Onde ela aprendeu italiano?	6812774	Où a-t-elle appris l'italien ?
1937736	Onde ele aprendeu italiano?	6812775	Où a-t-il appris l'italien ?
4388152	Nós somos o que somos.	6812797	Nous sommes ce que nous sommes.
6813168	Seja positiva.	6813200	Reste positive.
6044589	Precisamos agir!	6814664	Nous devons agir !
6548644	A amizade é um amor que nunca morre.	6815304	L'amitié est un amour qui ne meurt jamais.
6790910	É muito raro que isso aconteça.	6815775	Il est très rare qu'une telle chose arrive.
3105582	É claro que não. Isso é totalmente impossível.	6818023	Bien sûr que non. C'est absolument impossible.
3092499	Qual é a previsão do tempo para esta semana?	6818225	Quelle est la météo pour cette semaine ?
6814958	Eu amo vir aqui.	6818647	J'aime venir ici.
418234	É difícil ter boas ideias.	6834149	Il est difficile d'avoir de bonnes idées.
2817496	Bem-aventurados os pobres em espírito, porque deles é o Reino dos Céus.	6834706	Bienheureux les pauvres en esprit, car le Royaume des Cieux est à eux.
4081356	Esta frase não está correta.	6838263	Cette phrase n'est pas correcte.
963501	Cada macaco no seu galho.	6848484	Soyez plutôt maçon, si c'est votre talent.
2309785	Por favor, continue a sua história.	6910246	Continuez votre histoire, s'il vous plaît.
6942196	Tenho um gato preto.	6942211	J'ai un chat noir.
6942246	Tom é estudante, não é?	6942256	Tom est étudiant, n'est-ce pas ?
4679367	A colheita da uva é feita manualmente.	6956897	La récolte du raison est faite à la main.
6075296	Você deve se acostumar a duas coisas, para achar a vida suportável: o mau tempo e a injustiça dos homens.	6958884	Il y a deux choses auxquelles il faut se faire, sous peine de trouver la vie insupportable : ce sont les injures du temps et les injustices des hommes.
2663608	Cada instante de nossa vida é insubstituível.	6959144	Chaque instant de notre vie est irremplaçable.
6975481	Tudo o que vale a pena ser feito merece e exige ser bem feito.	6975485	Tout ce qui vaut la peine d'être fait mérite et exige d'être bien fait.
6166892	A vida é bela. Ninguém disse que seja simples.	6976953	La vie est belle. Personne n'a dit qu'elle était simple.
6991675	Ninguém sabe quem terá feito isso.	6993162	Personne ne sait qui a fait cela.
5552715	Tom gosta de feijão.	6994066	Tom aime les haricots.
6994008	Portugal e Espanha são vizinhos.	6994070	Le Portugal et l'Espagne sont voisins.
6994005	Estou farto de te ouvir.	6994080	J'en ai assez de t'entendre.
6994005	Estou farto de te ouvir.	6994081	J'en ai marre de t'entendre.
6995386	Portugal é uma república.	6995754	Le Portugal est une république.
6994731	Portugal tem apenas um vizinho: a Espanha.	6995869	Le Portugal n'a qu'un seul voisin : l'Espagne.
6994699	Portugal fica a oeste de Espanha.	6995926	Le Portugal se situe à l'ouest de l'Espagne.
2681166	A conversa volta sempre ao mesmo assunto.	6997419	La conversation retourne toujours au même sujet.
6997501	As frases idiomáticas são muito difíceis de traduzir.	6997609	Les phrases idiomatiques sont très difficiles à traduire.
6997762	Detesto a chuva.	6998088	Je déteste la pluie.
384200	Sou uma pessoa realista.	7001605	Je suis une personne réaliste.
3222172	Quem vai coordenar nossa atividade, se nós mesmos não o fizermos?	7011744	Qui va coordonner nos activités, si nous ne le faisons pas nous-mêmes ?
7028116	Tenho muitos amigos que falam bem português.	7028127	J'ai beaucoup d'amis qui peuvent bien parler le portugais.
2441772	Do nada vem nada.	7042255	Rien ne vient de rien.
1875810	Está chovendo a cântaros.	7042850	Il tombe des trombes d'eau.
7044343	Esta árvore não produz semente.	7044533	Cet arbre ne produit pas de graines.
7044857	Há muitos aspetos a ter em conta.	7045009	Il y a beaucoup d'aspects à prendre en compte.
7043929	Os anos passam.	7045344	Les années passent.
7047497	Pobre não é quem tem pouco, mas quem deseja ter mais.	7049509	Le pauvre n'est pas celui qui a peu, mais celui qui en veut toujours plus.
5340781	Todos nós temos nossos altos e baixos.	7051230	Nous avons tous nos hauts et nos bas.
3066436	Essa interpretação é subjetiva.	7052106	Cette interprétation est subjective.
2569341	Não, isso não é normal.	7055211	Non, ce n'est pas normal.
2593176	Isso é bem normal.	7055271	Ceci est bien normal.
7055617	A França é minha segunda pátria.	7055673	La France est ma seconde patrie.
1007795	O mês de fevereiro tem apenas 28 dias.	7056474	Le mois de février ne compte que 28 jours.
1825866	Fevereiro tem apenas 28 dias.	7056480	Février n'a que 28 jours.
5146967	Como se pronuncia essa palavra?	7056489	Comment ce mot se prononce-t-il ?
6127227	Existe algum remédio caseiro para garganta seca?	7056828	Y a-t-il un remède maison pour la gorge sèche ?
1926632	Tem algum supermercado perto daqui?	7056944	Y a-t-il un supermarché près d'ici ?
6449308	Ela escreve poemas.	7057013	Elle écrit des poèmes.
2726634	Quero que isso seja uma surpresa.	7058513	Je veux que ce soit une surprise.
7057009	Tem algum remédio caseiro para dor de cabeça?	7058536	Y a-t-il un remède maison contre le mal de tête ?
7060971	As formigas são insetos sociais.	7061900	Les fourmis sont des insectes sociaux.
4810733	Eu preciso saber a verdade.	7062928	Je dois connaître la vérité.
1268608	Tom deveria falar menos.	7063570	Tom devrait moins parler.
7077351	As abelhas picam.	7077360	Les abeilles piquent.
7077350	As vespas picam.	7077382	Les guêpes piquent.
7077241	Tanto as abelhas quanto as vespas têm ferrão.	7077429	Les abeilles, aussi bien que les guêpes, ont un aiguillon.
7077241	Tanto as abelhas quanto as vespas têm ferrão.	7077439	Les abeilles, aussi bien que les guêpes, ont un dard.
7077357	As tartarugas põem seus ovos na areia.	7077447	Les tortues pondent leurs œufs dans le sable.
7077349	Os vespões picam.	7077454	Les frelons piquent.
7084860	O que é um auto da fé?	7084863	Qu'est-ce qu'un autodafé ?
5117949	As baleias não possuem brânquias.	7087551	Les baleines ne possèdent pas de branchies.
7087609	As vespas e abelhas que picam são sempre as fêmeas, pois os machos não possuem ferrão.	7088867	Les guêpes et les abeilles qui piquent sont toujours des femelles, car les mâles sont dépourvus d'aiguillon.
7091609	Portugal é um país democrático.	7091962	Le Portugal est un pays démocratique.
1649436	Não tenho tempo nem dinheiro.	7091973	Je n'ai ni temps ni argent.
7092358	O mau tempo não dura para sempre.	7092362	Le mauvais temps ne dure pas éternellement.
2442970	A Sicília é uma ilha.	7100361	La Sicile est une île.
7100362	Qual é a maior ilha do mundo?	7100363	Quelle est la plus grande île du monde ?
7075759	Qual é a maior ilha da Terra?	7100372	Quelle est la plus grande île de la Terre ?
7100390	A Austrália é uma ilha?	7100394	L'Australie est-elle une île ?
7107820	O mar está tranquilo.	7108038	La mer est tranquille.
2633121	Ninguém pode estar em toda parte.	7116078	Personne ne peut être partout.
7128372	O cavalo alado é um ser imaginário.	7134106	Le cheval ailé est un être imaginaire.
6021530	O Pégaso é um cavalo alado.	7134132	Le Pégase est un cheval ailé.
6041513	O céu não comete erros.	7134146	Le ciel ne commet pas d'erreurs.
6793424	Eu nunca mais vou cometer tal erro.	7134199	Je ne commettrai plus jamais une telle erreur.
7132936	Não mais cometerei esse erro.	7134205	Je ne commettrai plus cette erreur.
7134153	Obrigada a todos.	7135024	Merci à tous.
5311134	As pedras não flutuam.	7135722	Les pierres ne flottent pas.
2905220	Cada cabeça, cada sentença.	7135894	Chaque tête, chaque avis.
7101007	Cada cabeça pensa à sua maneira.	7135936	Chaque tête a sa propre manière de penser.
7101775	Elas mostram coragem.	7137433	Elles montrent du courage.
7101773	Eles mostram coragem.	7137435	Ils montrent du courage.
7101770	Ela mostra coragem.	7137436	Elle montre du courage.
7101769	Ele mostra coragem.	7137437	Il montre du courage.
3494250	Isto é uma exceção.	7138362	C'est une exception.
3605406	Isto é uma faca.	7138365	Ceci est un couteau.
3605408	Isto é uma colher.	7138372	C'est une cuillère.
5092467	Isto não é mera coincidência.	7138401	Ce n'est pas une simple coïncidence.
4844556	Isto é uma flor?	7138418	Est-ce une fleur ?
6289915	Isto é uma emergência!	7138425	C'est une urgence !
2595626	Essa não é uma boa desculpa.	7138445	Ce n'est pas une bonne excuse.
7138665	Isto é um rolo de papel de cozinha.	7139299	Ceci est un rouleau de papier cuisine.
7138665	Isto é um rolo de papel de cozinha.	7139301	C'est un rouleau d'essuie-tout.
2943991	Uma andorinha só não faz verão.	7158293	Une seule hirondelle ne fait pas le printemps.
1376975	Nada de novo debaixo do Sol.	7166995	Rien de neuf sous le soleil.
7195995	Você vai ao médico hoje?	7195996	Allez-vous chez le médecin aujourd'hui ?
7197214	Não é difícil falar francês.	7197215	Il n'est pas difficile de parler français.
7202408	Onde fica Uagadugu?	7202424	Où se trouve Ouagadougou ?
7216919	A metade de seis é três.	7217894	La moitié de six est trois.
7229159	Precisamos de um plano B.	7229195	Nous avons besoin d'un plan B.
6324301	Qual é o significado desta palavra?	7229445	Quelle est la signification de ce mot ?
7229751	Tens um plano B?	7229768	Est-ce que tu as un plan B ?
7234886	Vocês não vão lá?	7234968	Tu ne vas pas là-bas ?
7244539	Elas têm de ter cuidado.	7244590	Ils doivent faire attention.
7248393	Onde está o celular?	7248401	Où est le téléphone portable ?
7254359	Que imagina o senhor que eu andaria fazendo?	7254485	Que pensez-vous que je ferais?
7262161	Quem se importa se Tom vence?	7262170	Qui se soucie si Tom gagne?
7262158	Essa é uma bela de uma suposição.	7262172	Ceci est une beauté d'une hypothèse.
7262157	Isso não vai acontecer tão cedo.	7262174	Cela n'arrivera pas de sitôt.
4891564	Toda história tem duas versões.	7262839	Il y a deux versions à chaque histoire.
7262836	Toda história tem três lados.	7262842	Il y a trois facettes à chaque histoire.
7280392	Falas húngaro?	7280435	Tu parles hongrois ?
7280410	Falas curdo?	7280440	Tu parles kurde ?
7280414	Falas cabila?	7280443	Tu parles kabyle ?
7280402	Falas polaco?	7280444	Tu parles polonais ?
7280379	Falas checo?	7280445	Tu parles tchèque ?
1694453	Falas holandês?	7280456	Tu parles néerlandais ?
5993712	Falas árabe?	7280461	Parles-tu l'arabe ?
7280390	Falas malaiala?	7280508	Tu parles le malayalam ?
7280394	Falas tâmul?	7280517	Tu parles tamoul ?
7280382	Falas marata?	7280529	Tu parles marathi ?
7280537	Falas híndi?	7280542	Tu parles hindi ?
7280540	Falas bengali?	7280543	Tu parles bangla ?
768269	Falas chinês?	7280635	Tu parles chinois ?
1576992	Falas francês?	7281435	Tu parles français ?
6695923	Falas suaíli?	7281479	Tu parles kiswahili ?
7290691	Ela é uma dona de casa perfeita.	7290700	Elle est une femme au foyer parfaite.
4746913	Você fala tártaro?	7290939	Tu parles tatar ?
4746913	Você fala tártaro?	7290940	Parles-tu tatar ?
7291238	Beber álcool é muito nocivo ao organismo.	7291239	Boire de l'alcool est très nocif pour l'organisme.
7249591	Tu sabes muito bem o que aconteceu.	7291441	Tu sais très bien ce qui c'est passé.
6732681	Tu sabes muito bem que as bebidas alcoólicas te fazem mal.	7291444	Tu sais très bien que les boissons alcooliques te rendent malade.
7298305	Faz quanto tempo que vocês não falam com ele?	7298311	Depuis combien de temps ne lui parlez-vous pas?
7298300	Não falo com ela há muito tempo.	7298315	Je ne lui ai pas parlé depuis longtemps.
7298178	Quem foi que te ligou?	7298320	Qui t'a appelé?
7298134	Você comprou tudo isso com o meu cartão?	7298322	Avez-vous acheté tout cela avec ma carte?
7292888	O Tom não foi o único com quem Mary conversou.	7298328	Tom n'était pas le seul à qui Mary a parlé.
7295786	Nunca soube de nada.	7298353	Je n'ai jamais rien su.
7295722	Você vem este fim de semana?	7298356	Tu viens ce week-end?
7302434	Que negligentes vocês são, para se esquecer de coisa tão importante!	7302500	Comme tu es négligent, d'oublier une chose aussi importante!
7302324	Espero que os senhores se sintam bem em nossa casa.	7302515	J'espère que vous vous sentez bien dans notre maison.
1537025	A Itália fica na Europa.	7309125	L'Italie est située en Europe.
7309873	Não hesiteis em ligar se estiverdes precisando de algo.	7309915	N'hésitez pas à appeler si vous avez besoin de quoi que ce soit.
7346839	Eu não gosto de carne de boi, e Tom também não.	7347140	Je n'aime pas le bœuf, et Tom non plus.
7346817	Tom gosta de carne, e eu também.	7347142	Tom aime la viande et moi aussi.
7445466	O Tom pediu nossa ajuda.	7445470	Tom a demandé notre aide.
2656932	De quem é a vez?	7466297	C'est à qui le tour ?
7500518	Você sabe falar russo?	7500522	Parles-tu russe ?
4488880	O que você leu?	7557486	Qu'as-tu lu ?
7589838	Eu acho que você precisa dizer ao Tom como se sente.	7589871	Je pense que vous devriez dire à Tom comment vous vous sentez.
1470049	A vida é divertida.	7762932	La vie est un divertissement.
748848	Nem tudo que reluz é ouro.	7781116	Tout ce qui reluit n'est pas or.
2635045	Não sei qual é o nome desse animal.	7786420	Je ne connais pas le nom de cet animal.
974374	Não sei o que dizer.	7786482	Je ne sais que dire.
3276049	Somos famosos.	7813715	Nous sommes célèbres.
7805194	Por que você deseja estudar português?	7814621	Pourquoi est-ce que tu veux étudier le portugais ?
7821742	"Quem é ela?" "Ela é minha mãe."	7821743	« Qui est-elle ? » « Elle est ma mère. »
7821827	O meu professor é bastante exigente.	7821828	Mon professeur est très exigeant.
7822064	Você quer o meu telefone?	7822066	Veux-tu mon téléphone ?
4512852	Ela tem um gato.	8028030	Elle a un chat.
5478239	O gato está dentro da caixa.	8028259	Le chat est à l'intérieur de la boîte.
5167816	Eu preciso de mais cafeína.	8037532	J'ai besoin de plus de caféine.
2634550	Eu preciso de um computador.	8037603	J'ai besoin d'un ordinateur.
7330395	Eu quero ser uma pessoa honesta.	8044090	Je veux être une personne honnête.
880958	Eu quero me tornar professor de japonês.	8044099	Je veux devenir un professeur de japonais.
5725034	Eu quero escalar o monte Fuji.	8044103	Je veux escalader le mont Fuji.
5661297	Eu quero comprar um presente para minha namorada.	8044117	Je veux acheter un cadeau pour ma petite amie.
3129226	O tempo perdido é irrecuperável.	8048226	Le temps perdu est irrécupérable.
3129226	O tempo perdido é irrecuperável.	8048227	Un temps perdu est irrécupérable.
8057287	O Tom não é racista.	8057298	Tom n'est pas raciste.
4033721	No princípio era o Verbo.	8066941	Au commencement était le Verbe.
2368064	Quando você se deparar com palavras desconhecidas, procure-as no dicionário.	8079282	Quand tu rencontres des mots inconnus, cherche-les dans un dictionnaire.
8079471	Explica-me isso.	8079507	Explique-moi ça.
7090724	Deves preparar-te.	8079718	Tu dois te préparer.
8096138	Trata-me como sempre me trataste.	8096216	Traite-moi comme tu m'as toujours traité.
4932836	Jihan e Apita são irmãs.	8096899	Jihan et Apita sont sœurs.
2998523	Masako normalmente vai ao colégio a pé.	8100574	Normalement, Masako se rend à l'école à pied.
8100248	É difícil abandonar alguns hábitos.	8100619	Il est bien difficile d'abandonner certaines habitudes.
8104036	Portugal será sempre um país de agricultores.	8104205	Le Portugal sera toujours un pays d'agriculteurs.
1043395	O teu inglês é perfeito.	8107428	Ton anglais est parfait.
8107485	Falas mandarim?	8107491	Parles-tu mandarin ?
981437	O vidro blindado é capaz de reter projéteis.	8107864	Le verre blindé est capable de résister à l'impact de projectiles.
2924552	Não sei falar outra língua.	8108038	Je ne parle pas d'autre langue.
7039990	Não sei falar nenhuma língua românica.	8108111	Je ne parle aucune langue romane.
8115102	O computador está desligado.	8115119	L'ordinateur est éteint.
8115002	Esperar pelo melhor e preparar-se para o pior: eis a regra.	8115131	Espérer le meilleur et se préparer au pire : c'est la règle.
8118982	Porque estou tão cansado?	8118986	Pourquoi suis-je si fatigué ?
1488885	Sentes-te melhor?	8119787	Est-ce que tu te sens mieux ?
6158826	Tu és uma vaidosa.	8120065	Tu es une vaniteuse.
7010109	Qual tu queres?	8120088	Lequel veux-tu ?
8119850	É para rir ou para chorar?	8120253	Faut-il en rire ou en pleurer ?
7011785	Gostas de bróculos?	8120273	Aimes-tu le brocoli ?
8125389	Ele é um mergulhador profissional.	8126375	Il est plongeur professionnel.
2825027	Sou tradutor profissional.	8126583	Je suis traducteur professionnel.
2633283	Eu sou fotógrafo profissional.	8126588	Je suis photographe professionnel.
7065042	Em breve serás um grande profissional.	8126738	Bientôt tu seras un grand professionnel.
7066503	Em breve serás uma grande profissional.	8126741	Bientôt tu seras une grande professionnelle.
7054102	A como é o quilo da alface?	8127571	Combien coûte un kilo de laitue ?
7314354	Quanto custa um quilo de bananas?	8127630	Combien coûte un kilo de bananes ?
7054102	A como é o quilo da alface?	8128436	À combien est le kilo de laitue ?
7054059	A como é o quilo das bananas?	8128440	À combien est le kilo de bananes ?
7314371	Quanto custa um quilo de papaia?	8128447	Combien coûte un kilo de papayes ?
7054057	A como é o quilo da papaia?	8128448	À combien est le kilo de papayes ?
7314364	Quanto custa um quilo de figos?	8128459	Combien coûte un kilo de figues ?
7054058	A como é o quilo dos figos?	8128462	À combien est le kilo de figues ?
7314358	Quanto custa um quilo de cenouras?	8128774	Combien coûte un kilo de carottes ?
7054105	A como é o quilo das cenouras?	8128776	À combien est le kilo de carottes ?
1608239	Este saco de arroz pesa cinco quilos.	8129139	Ce sac de riz pèse cinq kilos.
7073713	Quanto custam cinco quilos de bananas?	8129142	Combien coûtent cinq kilos de bananes ?
7314361	Quanto custa um quilo de feijão preto?	8129454	Combien coûte un kilo de haricots noirs ?
7054112	A como é o quilo do feijão preto?	8129458	À combien est le kilo de haricots noirs ?
7314366	Quanto custa um quilo de grão-de-bico?	8129574	Combien coûte un kilo de pois chiches ?
7054113	A como é o quilo do grão-de-bico?	8129576	À combien est le kilo de pois chiches ?
7314346	Quanto custa um pacote de grão-de-bico?	8129579	Combien coûte un paquet de pois chiches ?
7314369	Quanto custa um quilo de morangos?	8130115	Combien coûte un kilo de fraises ?
7054075	A como é o quilo dos morangos?	8130121	À combien est le kilo de fraises ?
7095195	Quanto custa um quilo de tâmaras?	8130169	Combien coûte un kilo de dattes ?
7054068	A como é o quilo das tâmaras?	8130172	À combien est le kilo de dattes ?
7314348	Quanto custa um quilo de ameixas secas?	8130208	Combien coûte un kilo de pruneaux ?
7054095	A como é o quilo das ameixas secas?	8130210	À combien est le kilo de pruneaux ?
1531401	Ele é meu professor.	8130211	Il est mon professeur.
7314345	Quanto custa um pacote de ameixas secas?	8130215	Combien coûte un paquet de pruneaux ?
7054106	A como é o quilo das curgetes?	8130558	À combien est le kilo de courgettes ?
4437037	Esta é uma tangerina, não uma laranja.	8132468	Il s'agit d'une mandarine et non pas d'une orange.
7195722	Isto é uma tangerina.	8132473	Ceci est une mandarine.
7064846	A como é o quilo das tangerinas?	8132480	À combien est le kilo de mandarines ?
7314347	Quanto custa um quilo de alperces?	8132680	Combien coûte un kilo d'abricots ?
7054062	A como é o quilo dos alperces?	8132684	À combien est le kilo d'abricots ?
7314353	Quanto custa um quilo de avelãs?	8132697	Combien coûte un kilo de noisettes ?
7054084	A como é o quilo das avelãs?	8132700	À combien est le kilo de noisettes ?
7314360	Quanto custa um quilo de curgetes?	8132709	Combien coûte un kilo de courgettes ?
7314401	Quanto custam dois quilos de curgetes?	8132713	Combien coûtent deux kilos de courgettes ?
7314355	Quanto custa um quilo de beterrabas?	8132727	Combien coûte un kilo de betteraves ?
7314342	Quanto custam dois quilos de beterrabas?	8132728	Combien coûtent deux kilos de betteraves ?
7054101	A como é o quilo das beterrabas?	8132729	À combien est le kilo de betteraves ?
7314378	Quanto custa um quilo de pinhões?	8132747	Combien coûte un kilo de pignons ?
7054085	A como é o quilo dos pinhões?	8132750	À combien est le kilo de pignons ?
7095204	Quanto custa um saquinho de pinhões?	8132758	Combien coûte un sachet de pignons ?
8132495	Eu dirijo um jipe.	8133019	Je conduis une jeep.
1485370	Por favor, deixe-me falar!	8133157	S'il vous plaît, laissez-moi parler !
2115900	Deixe-me falar, por favor.	8133160	Laissez-moi parler, s'il vous plaît.
7066659	A moeda da Argélia é dinar argelino.	8133219	La monnaie de l'Algérie est le dinar algérien.
7314350	Quanto custa um quilo de amendoins?	8135588	Combien coûte un kilo de cacahuètes ?
7054096	A como é o quilo dos amendoins?	8135589	À combien est le kilo de cacahuètes ?
7095198	Quanto custa um saco de amendoins?	8135599	Combien coûte un sac de cacahuètes ?
6368813	Elas não chegaram a tempo.	8139486	Elles ne sont pas arrivées à temps.
7239689	Elas sabem o que aconteceu.	8140010	Elles savent ce qui est arrivé.
1522937	Eles sabem o que aconteceu.	8140011	Ils savent ce qui est arrivé.
3097141	Isso é exatamente o que eu venho dizendo.	8140018	C'est exactement ce que je viens de dire.
8139830	Todos nós somos descendentes de portugueses.	8140346	Nous sommes tous les descendants des Portugais.
6722083	Tom é britânico.	8142418	Tom est Britannique.
7314372	Quanto custa um quilo de passas?	8142646	Combien coûte un kilo de raisins secs ?
7054094	A como é o quilo das passas?	8142658	À combien est le kilo de raisins secs ?
7095197	Quanto custa um quilo de tomates?	8142666	Combien coûte un kilo de tomates ?
7054097	A como é o quilo dos tomates?	8142672	À combien est le kilo de tomates ?
7064436	Quanto custa um quilo de batatas?	8142680	Combien coûte un kilo de pommes de terre ?
7054100	A como é o quilo das batatas?	8142681	À combien est le kilo de pommes de terre ?
7314362	Quanto custa um quilo de feijão?	8144924	Combien coûte un kilo de haricots ?
7054111	A como é o quilo do feijão?	8144925	À combien est le kilo de haricots ?
7531880	Quanto custa um quilo de maçã?	8144930	Combien coûte un kilo de pommes ?
7064861	A como é o quilo das maçãs?	8144945	À combien est le kilo de pommes ?
7314352	Quanto custa um quilo de ananás?	8155246	Combien coûte un kilo d'ananas ?
7054066	A como é o quilo do ananás?	8155248	À combien est le kilo d'ananas ?
7054074	A como é o quilo das framboesas?	8155261	À combien est le kilo de framboises ?
7314365	Quanto custa um quilo de framboesas?	8155263	Combien coûte un kilo de framboises ?
7093631	Vejo uma pera.	8157425	Je vois une poire.
3717755	As girafas têm a língua azul.	8157443	Les girafes ont la langue bleue.
7039281	Não confunda uma maçã com uma pera.	8157681	Ne confondez pas la pomme avec une poire.
7081160	A piza foi feita na pizaria ao fundo da rua.	8159538	La pizza a été faite dans la pizzeria au bout de la rue.
4445143	Onde fica a pizzaria mais próxima?	8159545	Où est la pizzeria la plus proche ?
5165694	Qual é o telefone da pizzaria?	8159712	Quel est le numéro de téléphone de la pizzeria ?
8159868	Nesta província se fala berbere.	8160169	Dans cette province on parle le berbère.
8160198	A lasanha é a minha comida preferida.	8160237	Mon plat préféré sont les lasagnes.
8160192	A piza é a minha comida preferida.	8160255	Mon plat préféré est la pizza.
8163289	Não há vida sem morte.	8163611	Il n'y a pas de vie sans la mort.
5408677	Ele não escova os dentes.	8164672	Il ne se brosse pas les dents.
8164757	Toda vez que a vejo, meu coração bate forte.	8165010	À chaque fois que je la vois, mon cœur bat fort.
935425	Que dia é hoje?	8167490	Quel jour est-ce aujourd'hui ?
5873267	Que dia é amanhã?	8167499	Quel jour est-ce demain ?
8167658	A morte sorri para todos nós; tudo o que podemos fazer é sorrir de volta.	8167721	La mort nous sourit à tous ; tout ce que nous pouvons faire, c'est lui sourire à notre tour.
8168091	Que dia foi ontem?	8168093	Quel jour était hier ?
8168091	Que dia foi ontem?	8168094	Quel jour étions-nous hier ?
6317800	O sorriso que você envia retorna a você.	8168156	Le sourire que vous envoyez revient vers vous.
8169598	Os hipopótamos podem atacar as pessoas.	8169730	Les hippopotames peuvent s'attaquer aux humains.
6856217	Quem em Deus confia, será feliz algum dia.	8170868	Celui qui a confiance en Dieu, sera un jour heureux.
3103361	Tu tens confiança no futuro?	8171002	As-tu confiance dans l'avenir ?
8171053	Tenho confiança no futuro.	8171054	J'ai confiance dans l'avenir.
8171063	Tom tem confiança no futuro.	8171064	Tom a confiance dans l'avenir.
8171184	Comprei um novo telemóvel.	8171278	J'ai acheté un nouveau téléphone mobile.
8171184	Comprei um novo telemóvel.	8171281	J'ai acheté un nouveau téléphone portable.
8171322	Tiras selfies?	8171353	Est-ce que tu prends des selfies ?
4266860	Tom sonhou com Maria.	8171402	Tom a rêvé de Marie.
8171408	Não quero que ponham o Tom na cadeia.	8171446	Je ne veux pas qu'ils mettent Tom en prison.
2943848	O xadrez é o ginásio da mente.	8173657	Les échecs sont reconnus comme un sport de l'esprit.
2093730	Cuidado! O chão está escorregadio.	8176134	Attention ! Le sol est glissant.
8176007	Era uma vez uma menina chamada Maria.	8177783	Il était une fois une petite fille qui s'appelait Marie.
8177801	Era uma vez um menino chamado Tom.	8178442	Il était une fois un petit garçon qui se nommait Tom.
8176007	Era uma vez uma menina chamada Maria.	8178447	Il était une fois une petite fille qui se nommait Marie.
8178496	Maria é cega de um olho.	8178502	Marie est aveugle d'un œil.
5131371	Maria é cega de nascença.	8178526	Marie est aveugle de naissance.
8178599	O amor cega, o casamento é que nos abre os olhos.	8178628	L'amour rend aveugle, mais le mariage ouvre les yeux.
7553339	Acho que é hora de dizer a verdade ao Tom.	8183058	Je pense qu'il est temps de dire la vérité à Tom.
4024495	Não conheço essas pessoas.	8183071	Je ne connais pas ces personnes.
3877260	É suficiente que tu leias este livro.	8183076	Il suffit que tu lises ce livre.
3880973	Eu não sei quem tu és.	8183086	Je ne sais pas qui tu es.
3880833	Podes trazer-me a revista Time?	8183143	Peux-tu m'apporter le magazine Time ?
6839790	Eu preciso de um cobertor.	8183160	J'ai besoin d'une couverture.
7088448	Isto é um cobertor.	8183164	Ceci est une couverture.
7314216	Vou comprar um cobertor.	8183167	Je vais acheter une couverture.
8184264	O glutão é onívoro.	8184265	Le glouton est omnivore.
3494201	O carcaju é onívoro.	8184266	Le carcajou est omnivore.
8185957	As coisas mudam com o tempo.	8186814	Les choses changent avec le temps.
4535876	Fernando Pessoa é o maior poeta da língua portuguesa.	8188789	Fernando Pessoa est le plus grand poète de langue portugaise.
4535194	Recomendo a leitura dos poemas de Fernando Pessoa.	8189106	Je recommande la lecture des poèmes de Fernando Pessoa.
2592453	Gosto muito de viajar.	8189118	J'aime beaucoup voyager.
991500	Gosto muito de Fernando Pessoa.	8189120	J'aime beaucoup Fernando Pessoa.
8114930	Minha pátria é a língua portuguesa.	8189125	Ma patrie, c'est la langue portugaise.
6997754	"A minha pátria é a língua portuguesa" é uma das mais belas frases de Fernando Pessoa.	8189197	« Ma patrie, c'est la langue portugaise » est l'une des plus belles phrases de Fernando Pessoa.
8190594	A vida é o que fazemos dela.	8191197	La vie est ce que nous en faisons.
8191043	Deus ao mar o perigo e o abismo deu, mas nele é que espelhou o céu.	8191346	Dieu a donné à la mer l'abîme et le péril. Mais c'est sur elle qu'il fait resplendir le ciel.
8191765	O anel é de ouro puro.	8191834	L'anneau est en or pur.
7041586	A guerra é iminente.	8191848	La guerre est imminente.
8192794	Por favor, preencha todo o formulário abaixo sem faltar nada.	8192799	Veuillez remplir le formulaire ci-dessous sans rien manquer.
7366722	Estou farto de comer ervilhas.	8195242	J'en ai marre de manger des petits pois.
7366681	Estou farto de comer queijo.	8195279	J'en ai marre de manger du fromage.
7092920	Detesto ervilhas.	8195361	Je déteste les petits pois.
8195810	É difícil sobreviver com um salário mínimo.	8195815	C'est difficile de survivre avec un salaire minimum.
6760866	Gosto de comer chocolate.	8199813	J'aime manger du chocolat.
7310050	Mostra-me o teu carro.	8200818	Montre-moi ta voiture.
7790192	Onde está o teu telefone?	8200862	Où est ton téléphone ?
1275589	O corvo é preto como carvão.	8201036	Le corbeau est noir comme du charbon.
6045365	A gralha é preta como carvão.	8201044	La corneille est noire comme du charbon.
8202100	Isto quase me levou às lágrimas.	8202104	Cela m'a presque fait pleurer.
8202105	Depois que meu sexto negócio fracassou, meus amigos e familiares zombaram de mim e me chutaram sem piedade, quando eu estava deprimido.	8202107	Après l'échec de ma sixième entreprise, mes amis et ma famille se sont moqués de moi et m'ont donné des coups de pied sans pitié lorsque j'étais déprimé.
8202116	Espero que alguém que esteja lendo isso, saiba que o empreendedorismo não é para os fracos.	8202117	J'espère que tous ceux qui liront ces informations sauront que l'entrepreneuriat n'est pas pour les faibles.
8202120	Fui demitido durante a recessão e nunca mais voltei.	8202124	J'ai été viré pendant la récession et je ne suis jamais revenu.
8202122	Na época, minha esposa engravidou e fiquei aterrorizado.	8202125	À l'époque, ma femme est tombée enceinte et j'étais terrifié.
8202460	A forma que os Americanos falam e escreve, às vezes, é totalmente diferente do nosso idioma.	8202516	La façon dont les Américains parlent et écrivent est parfois totalement différente de notre langue.
8202478	Por isso devemos prestar muito atenção na hora de escrever ou digitar qualquer frase na língua portuguesa.	8202544	Par conséquent, nous devons faire très attention lorsque nous écrivons ou tapons une phrase en portugais.
8202471	Por isso devemos estar atentos na hora de escrever ou digitar qualquer frase na língua Inglêsa.	8202548	Par conséquent, nous devons être vigilants lorsque vous écrivez ou tapez une phrase en anglais.
8202438	Não é legal às vezes traduzir ao pé da letra.	8202559	Parfois, ce n'est pas bien de traduire littéralement.
8202439	Observe as estruturas do inglês nativo e tire suas conclusões.	8202576	Observez les structures de l'anglais natif et tirez vos conclusions.
8202434	Se eu fosse você, não traduziria ao pé da letra.	8202595	Si j'étais vous, je ne le traduirais pas littéralement.
8202136	Só quero te ajudar, talvez posso chamar um táxi para você.	8202602	Je veux juste vous aider, je peux peut-être appeler un taxi pour vous.
8202129	Hoje, sou mais feliz que nunca.	8202608	Aujourd'hui, je suis plus heureuse que jamais.
8202127	11 anos depois, eu não pensaria em voltar.	8202611	11 ans plus tard, je ne penserais pas à y retourner.
8202704	A caneta dela não estava debaixo da mesa.	8202719	Son stylo n'était pas sous la table.
8202702	A caneta dele não estava embaixo da mesa.	8202724	Son stylo était sous la table.
8202698	Encontrei sua caneta debaixo da mesa.	8202765	J'ai trouvé votre stylo sous la table.
8202696	É porque sua caneta estava debaixo da mesa.	8202769	C'est juste que son stylo était sous la table.
8202696	É porque sua caneta estava debaixo da mesa.	8202770	C'est parce que ton stylo était sous la table.
8202694	É porque encontrei sua caneta debaixo da mesa.	8202784	C'est parce que j'ai trouvé votre stylo sous la table.
8202694	É porque encontrei sua caneta debaixo da mesa.	8202791	Je viens de trouver votre stylo sous la table.
8202732	É que a caneta dele estava debaixo da mesa.	8203270	C'est parce que son stylo était sous la table.
8203683	Sim, gostaria muito.	8203705	Oui, j'aimerais beaucoup.
8203677	Gostaria de falar Inglês com confiança.	8203720	Je voudrais parler anglais avec confiance.
8203675	Você gostaria de poder falar Inglês com confiança?	8203734	Voulez-vous parler anglais avec confiance?
8203669	Você quer aprender a falar Inglês com confiança?	8203745	Voulez-vous apprendre à parler anglais en toute confiance ?
8203845	Sem dúvida! Você tem toda a razão.	8203857	Sans aucun doute! Tu as absolument raison.
8203911	Por favor, me dê minha bolsa.	8204006	S'il vous plaît, donnez-moi mon sac.
8203907	Você escondeu minha bolsa.	8204009	Tu as caché mon sac à main.
8203902	Quero minha bolsa.	8204026	Je veux mon sac à main.
8203898	Me diga logo, onde está minha bolsa?	8204048	Dis-moi tout de suite où est mon sac.
8204055	Me diga agora, onde está minha bolsa?	8204056	Dis-moi maintenant où est mon sac à main.
8204096	Acho que esqueci minha bolsa em casa.	8204104	Je pense avoir oublié mon sac à la maison.
8204093	Minha bolsa deve estar com eles.	8204106	Mon sac doit être avec eux.
8204091	Minha bolsa deve estar com ela.	8204108	Mon sac doit être avec elle.
8204089	Minha bolsa deve estar com ele.	8204110	Ma bourse doit être avec lui.
8204087	Minha bolsa deve estar em casa.	8204112	Mon sac doit être à la maison.
8204080	Minha bolsa deve estar no carro dela.	8204114	Mon sac doit être dans sa voiture.
8204071	Minha bolsa deve estar no carro.	8204117	Mon sac doit être dans la voiture.
8204119	Algumas semanas atrás, tive uma conversa com um dos meus alunos no Brasil.	8204121	Il y a quelques semaines, j'ai eu une conversation avec l'un de mes étudiants au Brésil.
8204122	Alguns dias atrás, tive uma conversa com um dos meus alunos nos Estados Unidos.	8204124	Il y a quelques jours, j'ai eu une conversation avec l'un de mes étudiants aux États-Unis.
8195652	Ela me disse que estudou inglês por muitos anos.	8204131	Elle m'a dit qu'elle avait étudié l'anglais pendant de nombreuses années.
8204129	Ela estava me dizendo que tinha estudado Inglês por muitos anos.	8204133	Elle me disait qu'elle étudiait l'anglais depuis de nombreuses années.
8204134	Ela me disse que havia estudado inglês há muitos anos.	8204136	Elle m'a dit qu'elle étudiait l'anglais depuis de nombreuses années.
8204141	Ela sabia muitas palavras de vocabulário, mas por algum motivo ela não era capaz de falar inglês como um falante nativo da língua inglesa.	8204144	Elle connaissait de nombreux mots de vocabulaire, mais pour une raison quelconque, elle n'était pas capable de parler anglais comme un locuteur natif.
8204140	Ele comprava livros e sabia muitas palavras de vocabulário.	8204147	Il a acheté des livres et connaissait beaucoup de mots de vocabulaire.
8204139	Ela havia comprado livros e sabia muitas palavras de vocabulário.	8204149	Elle avait acheté des livres et connaissait de nombreux mots de vocabulaire.
8204154	Ele não era capaz de falar inglês na vida real.	8204156	Il ne pouvait pas parler anglais dans la vraie vie.
8204152	Ela não era capaz de falar o inglês da vida real.	8204157	Elle n'était pas capable de parler anglais dans la vraie vie.
8204181	Estou lhe dando como presente todos esses livros.	8204221	Je vous offre tous ces livres en cadeau.
8204180	Estou te dando todos esses livros.	8204223	Je te donne tous ces livres.
8204178	Agora todos esses livros são seus.	8204228	Maintenant, tous ces livres sont à vous.
8204177	Todos esses livros são seus.	8204230	Tous ces livres sont à vous.
8204176	Esses Notebooks são seus.	8204232	Ces cahiers sont à vous.
8204173	Claro que são meus.	8204235	Bien sûr, ils sont à moi.
8204172	Claro que é meu.	8204237	Bien sûr que c'est le mien.
8204170	Esses Notebooks são todos meus.	8204241	Ces cahiers sont tous à moi.
4876009	Você é mais forte do que pensa.	8204671	Vous êtes plus fort que vous ne le pensez.
8204710	Se você consegue sonhar, também pode torná-lo realidade.	8204928	Si vous pouvez le rêver, vous pouvez le réaliser aussi.
8204676	Um objetivo sem planos é apenas um desejo.	8204955	Un objectif sans projets n'est qu'un souhait.
8204675	Um objetivo sem um plano é só um desejo.	8204957	Un objectif sans plan n'est qu'un souhait.
8204182	Talvez você sempre experimentou a mesma coisa.	8205090	Peut-être avez-vous toujours vécu la même chose.
8203676	Gostaria de aprender a falar Inglês com confiança.	8205101	J'aimerais apprendre à parler anglais avec confiance.
8205043	Fale Inglês com quem entende.	8205136	Parlez anglais avec ceux que vous comprenez.
8205036	Não fale Inglês com quem não entende.	8205188	Ne parlez pas anglais avec ceux qui ne vous comprennent pas.
8205029	Agora você pode falar inglês.	8205194	Maintenant, vous pouvez parler anglais.
8205024	Você não pode falar inglês.	8205217	Vous ne pouvez pas parler anglais.
8205020	Você ainda não pode falar inglês.	8205218	Vous ne pouvez pas encore parler anglais.
8205017	Você não consegue falar inglês?	8205225	Tu ne peux pas parler anglais?
8205007	Você ainda não consegue falar inglês?	8205232	Tu ne peux pas encore parler anglais?
8205005	Por algum motivo, você ainda não consegue falar inglês.	8205234	Pour une raison quelconque, vous ne parlez toujours pas anglais.
8204995	Mas por algum motivo, você ainda não consegue falar inglês em situações da vida real.	8205259	Mais pour une raison quelconque, vous ne pouvez toujours pas parler anglais dans des situations réelles.
8204993	Mas por alguns motivos, você ainda não consegue falar Português em situações da vida real.	8205260	Mais pour certaines raisons, vous ne pouvez toujours pas parler portugais dans des situations réelles.
8204986	Você ainda reconhece muitas palavras de vocabulário.	8205261	Vous reconnaissez encore de nombreux mots de vocabulaire.
8204981	Você conhece muitas palavras de vocabulário.	8205263	Vous connaissez beaucoup de mots de vocabulaire.
8204972	Você conhece muitas palavras de vocabulário, mas por algum motivo, você ainda não consegue falar inglês em certas situações da vida real.	8205265	Vous connaissez beaucoup de mots de vocabulaire, mais pour une raison quelconque, vous ne parlez toujours pas anglais dans certaines situations de la vie réelle.
8204964	Você ainda reconhece muitas palavras de vocabulário, mas por algum motivo, você ainda não consegue falar inglês em situações da vida real.	8205267	Vous connaissez toujours de nombreux mots de vocabulaire, mais pour une raison quelconque, vous ne parlez toujours pas anglais dans des situations réelles.
8205570	Abra a sua mente para novos conhecimentos.	8205632	Ouvrez votre esprit à de nouvelles connaissances.
8205567	Mantenha sempre a mente aberta para novos conhecimentos.	8205634	Gardez toujours un esprit ouvert pour de nouvelles connaissances.
8205559	Conhecimento é tudo para mim.	8205636	La connaissance est tout pour moi.
8205475	Conhecimento é tudo nessa vida.	8205638	La connaissance est tout dans cette vie.
8205470	O ladrão pode roubar tudo que você tem, mas nunca pode roubar seu conhecimento.	8205639	Le voleur peut voler tout ce que vous avez, mais ne peut jamais voler vos connaissances.
8205466	A leitura estimula o cérebro, sua mente fica mais ativa e inteligente.	8205640	La lecture stimule le cerveau, votre esprit devient plus actif et intelligent.
8205465	A leitura sempre foi importante para o nosso cérebro.	8205644	La lecture a toujours été importante pour notre cerveau.
8205403	Não despreze a leitura, leia livros o suficiente.	8205645	Ne méprisez pas la lecture, lisez suffisamment de livres.
8205398	Um livro pode mudar sua vida.	8205646	Un livre peut changer votre vie.
8205624	A partir de hoje, quero que você comece a ler muitos livros.	8205685	À partir d’aujourd’hui, je veux que vous lisiez beaucoup de livres.
8205606	Não leia livros aleatórios.	8205688	Ne lis pas des livres au hasard.
8205603	Terminou de ler um livro, leia outro, e assim por diante.	8205690	Terminé la lecture d'un livre, en lire un autre, etc.
8205601	A partir de hoje, quero que você leia muitos livros.	8205691	À partir d'aujourd'hui, je veux que vous lisiez beaucoup de livres.
8205396	Alimente a sua mente com informações importantes.	8205731	Nourrissez votre esprit d'informations importantes.
8205387	Uma mente vazia, é oficina do diabo.	8205734	Un esprit vide est l'atelier du diable.
8205364	Quando alguém sai fora de si, e volta ao normal, não conseguem lembrar de nada.	8205740	Quand quelqu'un sort de son esprit et revient à la normale, il ne se souvient de rien.
8205350	Talvez ela estivesse fora de si.	8205747	Peut-être qu'elle était hors de son esprit.
8205349	Acho que ela estava fora de si.	8205752	Je pense qu'elle était folle.
8205347	Ele percebeu que estava fora de si.	8205754	Il s'est rendu compte qu'il était hors de lui.
8205891	Seria bom se houvesse uma versão em Português.	8205897	Ce serait bien s'il y avait une version portugaise.
8205881	Quando será lançada a próxima edição da revista?	8205898	Quand le prochain numéro du magazine sera-t-il publié ?
8205880	Eu estava com medo do filme que vi hoje, por isso liguei a luz do banheiro.	8205899	J'avais peur du film que j'ai vu aujourd'hui, alors j'ai allumé la lumière de la salle de bain.
8205875	Não está frio hoje à noite.	8205900	Il ne fait pas froid ce soir.
8205873	Você deve usar pelo menos uma camisa de mangas compridas.	8205901	Vous devez porter au moins une chemise à manches longues.
8205871	Vai fazer frio à noite. Pelo menos use uma camisa de mangas compridas.	8205902	Il fera froid la nuit. Au moins porter une chemise à manches longues.
8205867	Ninguém sabe o que realmente acontece.	8205903	Personne ne sait ce qui se passe réellement.
8205861	O filme que vou assistir hoje me assusta, por isso deixei a luz do banheiro acesa.	8205904	Le film que je vais regarder aujourd'hui me fait peur, alors j'ai laissé la lumière de la salle de bain allumée.
8205965	Ele pediu pra ela pagar as contas dela.	8205983	Il lui a demandé de payer ses factures.
8205957	Ele pediu pra ela pagar suas despesas.	8205987	Il lui a demandé de payer ses dépenses.
8205915	Eu li isso na edição de hoje.	8205993	Je lis ceci dans le numéro d'aujourd'hui.
8205914	Seus gastos são muito maiores que sua renda.	8205994	Vos dépenses sont beaucoup plus élevées que vos revenus.
8205913	Suas despesas estão bem acima de sua renda.	8205995	Vos dépenses sont bien supérieures à vos revenus.
8186022	Ainda dá tempo de correr atrás dos seus sonhos.	8206015	Il est encore temps de poursuivre vos rêves.
8185961	Estamos vivendo os últimos dias.	8206016	Nous vivons les derniers jours.
8185955	Pode acontecer com o tempo.	8206017	Cela peut arriver avec le temps.
8188174	Ainda bem que você está bem.	8206036	Heureusement que tu vas bien.
8188173	Ainda bem que você está com ela.	8206037	Heureusement que tu es avec elle.
8188172	Ainda bem que você está aqui.	8206038	Heureusement que tu es là.
8188171	Ainda bem que ela não veio.	8206039	Heureusement qu'elle n'est pas venue.
8188170	Ainda bem que eles não vieram hoje.	8206040	Heureusement qu'ils ne sont pas venus aujourd'hui.
8188169	Ainda bem que ele não veio hoje.	8206041	Heureusement qu'il n'est pas venu aujourd'hui.
8188137	Prefiro o pequeno do que o grande.	8206042	Je préfère le petit au grand.
8188135	Prefiro o grande do que o pequeno.	8206043	Je préfère le grand que le petit.
8189870	Você podia ter me ajudado.	8206079	Tu aurais pu m'aider.
8189864	Você poderia ter feito mais por ela.	8206081	Tu aurais pu faire plus pour elle.
8189861	Você podia ter feito mais por ele.	8206082	Vous auriez pu faire plus pour lui.
8189854	Você podia ter me dado mais tempo para resolver minhas coisas.	8206084	Vous auriez pu me donner plus de temps pour arranger les choses.
8189821	Você poderia vir aqui mais vezes.	8206085	Vous pourriez venir ici plus souvent.
8189807	Você poderia ter escolhido esse.	8206086	Vous auriez pu choisir celui-ci.
8189800	Você podia ter passado na faculdade.	8206087	Tu aurais pu passer le collège.
8189787	Você poderia ter feito isso.	8206088	Tu aurais pu faire ça.
8189783	Você podia ter derrubado todos os pratos.	8206089	Vous auriez pu laisser tomber toutes les assiettes.
8189766	Você podia ter me avisado antes.	8206091	Vous auriez pu me prévenir plus tôt.
8191126	Ele estava indo num cruzeiro.	8206123	Il partait en croisière.
8191122	Ele não pode lidar com responsabilidade.	8206124	Il ne peut pas gérer la responsabilité.
8191120	Ele perdoou sua irmã.	8206125	Il a pardonné sa sœur.
8191129	Ele teve sorte de encontrar uma vaga tão boa de estacionamento.	8206127	Il a eu la chance de trouver un aussi bon espace de stationnement.
8191130	Ele teve sorte de encontrar um emprego tão bom.	8206128	Il a eu la chance de trouver un si bon travail.
8191132	Ele teve sorte de encontrar uma clínica tão boa.	8206129	Il a eu la chance de trouver une si bonne clinique.
8191135	Ele teve sorte de encontrar um hotel tão bom.	8206130	Il a eu la chance de trouver un si bon hôtel.
8191145	Ele teve sorte de encontrar uma casa tão boa.	8206131	Il a eu la chance de trouver un si bon foyer.
8191149	Ele teve sorte de encontrar uma escola tão boa.	8206132	Il a eu la chance de trouver une aussi bonne école.
8191154	Ele teve sorte de encontrar um médico tão bom.	8206133	Il a eu la chance de trouver un aussi bon médecin.
8191118	Maria tem o toque do padeiro.	8206137	Maria a la touche du boulanger.
8190976	Preciso de uma segunda chance.	8206139	J'ai besoin d'une seconde chance.
8190967	Espero que você não me decepcione.	8206141	J'espère que tu ne me déçois pas.
8191203	Existem dois rios em Lyon.	8206142	Il y a deux rivières à Lyon.
8191202	Prefiro ter um carro velho do que uma motocicleta.	8206143	Je préfère avoir une vieille voiture qu'une moto.
8191225	Sim, é assim que se diz em alemão.	8206146	Oui, c'est comme ça que vous le dites en allemand.
8191226	É muito gentil da sua parte me emprestar um guarda-chuva.	8206147	C'est très gentil de votre part de me prêter un parapluie.
8191176	Ele está começando a pegar nos meus nervos.	8206148	Il commence à m'énerver.
8191167	Parece que eles estão apaixonados.	8206149	On dirait qu'ils sont amoureux.
8191164	O ônus está em todos eles.	8206150	La responsabilité en incombe à tous.
8191236	Ele está vestindo um terno.	8206152	Il porte un costume.
8191231	Eles são lindos e inteligentes.	8206153	Ils sont beaux et intelligents.
8191230	Uma tempestade surgiu.	8206154	Une tempête s'est levée.
8191161	Ela nasceu na Argélia.	8206155	Elle est née en Algérie.
8191159	Ele não mora mais com garotas.	8206156	Il ne vit plus avec des filles.
8191158	Ele nunca fala sobre sua vida pessoal.	8206157	Il ne parle jamais de sa vie personnelle.
8191156	Ele teve sorte de encontrar um hospital tão bom.	8206158	Il a eu la chance de trouver un si bon hôpital.
8191248	Ele pediu conselhos a ela.	8206161	Il lui a demandé conseil.
8191247	Ele quer outro pedaço de bolo.	8206162	Il veut un autre morceau de gâteau.
8191245	Ele quer mais bolo.	8206163	Il veut plus de gâteau.
8191243	Ele está indo ao cinema.	8206164	Il va au cinéma.
8191242	Você ainda é muçulmano, não é?	8206165	Tu es toujours musulman, n'est-ce pas?
8191241	Ele está namorando uma babaca barata.	8206166	Il sort avec un connard pas cher.
8191239	Ele nunca me fez uma pergunta como esta.	8206167	Il ne m'a jamais posé une telle question.
8191238	Existe outra mulher?	8206168	Y a-t-il une autre femme?
8191237	Não gostaria que sua mãe pensasse que estou tendo um caso.	8206169	Je ne voudrais pas que ta mère pense que j'ai une liaison.
8191282	Você não é um tipo de curioso?	8206172	N'es-tu pas un peu curieux?
8191280	Eu também poderia passar sem carro.	8206173	Je pourrais aussi passer sans voiture.
8191274	Os americanos preferem usar o WhatsApp ou Snapchat?	8206174	Les Américains préfèrent-ils utiliser WhatsApp ou Snapchat?
8191272	O que vamos comer hoje?	8206175	Qu'est-ce qu'on va manger aujourd'hui?
8191259	Independente do sexo dessa pessoa, ela é feminista.	8206177	Peu importe le sexe de cette personne, il s’agit d’une féministe.
8191295	O oposto também é verdadeiro.	8206183	Le contraire est également vrai.
8191306	Tom é cortês com todos.	8206184	Tom est courtois avec tout le monde.
8191301	Enquanto você mata o tempo, o tempo mata você.	8206185	En tuant le temps, le temps vous tue.
8191359	Não gosto de dinheiro, mas acalma meus nervos.	8206186	Je n'aime pas l'argent, mais ça me calme les nerfs.
8191355	Akiko tem muitos amigos na França.	8206187	Akiko a beaucoup d'amis en France.
8191354	Tenho um trabalho muito divertido.	8206188	J'ai un travail très amusant.
8191351	Isso também.	8206190	Ça aussi.
8191349	Liguei pra ele ontem.	8206192	Je l'ai appelé hier.
8191344	Telefonei pra ela ontem.	8206193	Je l'ai appelée hier.
8191434	Eles têm um corpo perfeito.	8206199	Ils ont un corps parfait.
8191432	Comi todas as suas abelhas.	8206200	J'ai mangé toutes tes abeilles.
8191426	Um grupo de pessoas correu pela praia.	8206203	Un groupe de personnes a couru sur la plage.
8191423	Há um grupo de pessoas correndo pela praia.	8206204	Il y a un groupe de personnes qui courent le long de la plage.
8192222	Você também poderia me ajudar a preencher este formulário.	8206206	Vous pouvez également m'aider à remplir ce formulaire.
8192221	Você poderia por favor preencher este formulário para mim?	8206207	Pourriez-vous, s'il vous plaît, remplir ce formulaire pour moi ?
8192220	Você poderia me fazer um favor de preencher este formulário?	8206210	Pourriez-vous me rendre un service en remplissant ce formulaire?
8192219	Você poderia me ajudar a preencher este formulário?	8206211	Pourriez-vous m'aider à remplir ce formulaire?
8192218	Você poderia preencher este formulário por favor?	8206212	Pourriez-vous remplir ce formulaire, s'il vous plaît?
8192250	Ainda bem que todos os passageiros estavam usando cintos de segurança.	8206216	Heureusement que tous les passagers portaient la ceinture de sécurité.
8192249	A confissão de Tom foi declarada inadmissível.	8206217	Les aveux de Tom ont été déclarés irrecevables.
8192248	Quero jogar todas essas coisas fora.	8206218	Je veux jeter toutes ces choses.
8192247	Por que Tom não convidou Mary para a festa?	8206219	Pourquoi Tom n'a-t-il pas invité Mary à la fête?
8192246	Qual dos livros você achou mais interessante?	8206220	Lequel des livres avez-vous trouvé le plus intéressant?
8192245	Não sei que tipo de carro Tom dirige.	8206221	Je ne sais pas quel genre de voiture conduit Tom.
8192244	O filho de Laila nasceu nesta clínica.	8206222	Le fils de Laila est né dans cette clinique.
8192243	Ouvi dizer que a coisa mais segura em uma tempestade é ficar embaixo de uma árvore.	8206226	J'ai entendu dire que le plus sûr lors d'une tempête est de se tenir sous un arbre.
8192242	Por hoje chega, não tem mais passeio de ônibus.	8206228	C'est assez pour aujourd'hui, il n'y a plus de bus.
8192241	Acho que deve ter passeio de ônibus por aqui.	8206235	Je pense qu'il doit y avoir un trajet en bus ici.
8192270	Foi um dos melhores filmes que Tom já viu.	8206239	C'était l'un des meilleurs films que Tom ait jamais vus.
8192269	Sou fascinado por fotos em preto e branco.	8206241	Je suis fasciné par les photos en noir et blanc.
8192268	Ele deveria ter sido um comediante.	8206245	Il aurait dû être un comédien.
8192267	Siga o traço.	8206249	Suivez le tiret.
8192266	Siga seu caminho.	8206250	Allez votre chemin.
8192265	Procurando.	8206253	Je cherche.
8192264	Dê sua opinião.	8206256	Ayez votre mot à dire.
8192263	Não dê sua opinião.	8206260	Ne donnez pas votre avis.
8192262	Só quero ser uma mulher.	8206261	Je veux juste être une femme.
8206725	Se alguém souber, por favor me dê uma dica.	8206732	Si quelqu'un le sait, donnez-moi s'il vous plaît un conseil.
8206762	Se alguém souber disso, vai se ver comigo.	8206771	Si quelqu'un sait à ce sujet, vous traiterez avec moi.
8206887	Se você não fizer isso, vai se ver comigo.	8206889	Si vous ne faites pas cela, vous allez avoir affaire à moi.
8206828	Se alguém souber disso, vai lidar comigo.	8206908	Si quelqu'un le sait, vous aurez affaire à moi.
8206939	Você vai se ver comigo!	8206965	Vous allez avoir affaire à moi !
8207304	Gostaria de aprender Inglês para conhecer os Estados Unidos.	8207461	Je voudrais apprendre l'anglais pour connaître les États-Unis.
8207301	Gostaria de aprender Inglês para ter um currículo melhor no mercado de trabalho.	8207474	J'aimerais apprendre l'anglais pour avoir un meilleur CV sur le marché du travail.
8207290	Gostaria de aprender Inglês para poder se comunicar com o mundo inteiro.	8207476	Je voudrais apprendre l'anglais pour pouvoir communiquer avec le monde entier.
8207280	Gostaria de aprender Inglês para trabalho.	8207478	Je voudrais apprendre l'anglais pour le travail.
8207274	Gostaria de aprender Inglês para conhecer novas culturas.	8207479	Je voudrais apprendre l'anglais pour connaître de nouvelles cultures.
8207270	Gostaria de aprender Inglês para conhecer outras culturas pelo mundo.	8207481	Je voudrais apprendre l'anglais pour connaître d'autres cultures à travers le monde.
8207264	Gostaria de aprender Inglês por vários motivos.	8207483	J'aimerais apprendre l'anglais pour plusieurs raisons.
8207262	Gostaria de aprender Inglês para viagens internacionais.	8207514	Je voudrais apprendre l'anglais pour les voyages internationaux.
8207257	Gostaria de aprender Inglês para oportunidades de trabalho.	8207516	J'aimerais apprendre l'anglais pour des opportunités d'emploi.
8207175	Gostaria de saber por qual motivo você gostaria de aprender Inglês?	8207518	Je me demande pourquoi tu aimerais apprendre l'anglais?
8207160	Por qual motivo você gostaria de aprender Inglês?	8207523	Pourquoi voudriez-vous apprendre l'anglais ?
8207154	Por quê você quer aprender Inglês?	8207529	Pourquoi voulez-vous apprendre l'anglais ?
8207132	Vou para uma entrevista de emprego.	8207645	Je vais pour un entretien d'embauche.
8207121	Vou para uma reunião de trabalho.	8207647	Je vais à une réunion de travail.
8207099	Com quem você está indo se encontrar amanhã?	8207649	Avec qui rencontrez-vous demain?
8207097	Vou me encontrar com a minha família.	8207652	Je vais rencontrer ma famille.
8207091	Com quem você vai se encontrar hoje à noite?	8207655	Qui rencontrez-vous ce soir?
8207086	Vou me encontrar hoje à noite.	8207656	Je vais rencontrer ce soir.
8207084	Vou me encontrar com eles.	8207675	Je vais les rencontrer.
8207081	Vou me encontrar com ele.	8207676	Je vais le rencontrer.
8207078	Ela foi se encontrar com uma amiga.	8207677	Elle est allée rencontrer un ami.
8207077	Ele foi se encontrar com um amigo.	8207691	Il est allé rencontrer un ami.
8207073	Vou me encontrar com um amigo.	8207695	Je vais rencontrer un ami.
8207060	Com quem você está indo se encontrar?	8207703	Vous allez rencontrer qui ?
8207057	Com quem você vai se encontrar?	8207772	Vous rencontrez qui?
8207056	Você vai se encontrar comigo?	8207775	Voulez-vous me rencontrer ?
8207055	Você vai mesmo se encontrar comigo?	8207784	Tu me rencontres vraiment ?
8208041	Mas com a ajuda dela, não teria passado no exame.	8208061	Mais avec son aide, je n'aurais pas réussi l'examen.
8208035	Ainda bem que aprendi o inglês correto.	8208066	C'est une bonne chose que j'ai appris le bon anglais.
8208034	Fico feliz por ter aprendido o Inglês correto.	8208072	Je suis content d'avoir appris le bon anglais.
8208019	Ainda bem que aprendi Inglês com você.	8208076	Je suis content d'avoir appris l'anglais avec vous.
8186061	Ainda dá tempo de resolver suas coisas.	8208091	Il est encore temps de régler vos affaires.
8186055	Ainda dá tempo de realizar seus sonhos.	8208093	Il est encore temps de réaliser vos rêves.
8186029	Ainda dá tempo de voltar atrás.	8208097	Il est encore temps de rentrer.
8190350	Quero aprender inglês mais rápido.	8208118	Je veux apprendre l'anglais plus vite.
8189885	Você poderia me dar mais tempo para resolver minhas coisas.	8208120	Pourriez-vous me donner plus de temps pour régler mes affaires.
8190366	Quero que você melhore logo.	8208127	Je veux que tu ailles mieux bientôt.
8190364	Tenho um gatinho e um cachorro.	8208128	J'ai un chaton et un chien.
8190363	Nunca fico doente.	8208130	Je ne tombe jamais malade.
8190362	Para frente!	8208134	Transférer!
8190361	Adivinha o que estou fazendo!	8208135	Devinez ce que je fais!
8190360	Eles estão concertando.	8208137	Ils sont en train de le réparer.
8190359	Realmente nunca o vi.	8208138	Je n'ai vraiment jamais vu ça.
8190358	Ela veio para o Japão 7 anos atrás.	8208139	Elle est venue au Japon il y a 7 ans.
8190355	Gostaria de aprender mais rápido.	8208140	J'aimerais apprendre plus vite.
8208164	Veio uma tempestade muito forte e arrastou tudo pela frente.	8208193	Une très forte tempête est venue et a tout traîné en avant.
8208153	Uma tempestade surgiu de repente.	8208194	Une tempête est venue soudainement.
8208150	Uma tempestade surgiu do nada.	8208198	Une tempête est venue de nulle part.
8191256	Ele realmente gosta da companhia dela.	8208205	Il aime vraiment sa compagnie.
8191255	Ele tem um apelido para ela.	8208206	Il a un surnom pour elle.
8191254	Ele tem que voltar para Argel hoje à noite.	8208207	Il doit rentrer à Alger ce soir.
8191253	Ele diz que tem que voltar à Argélia hoje à noite.	8208208	Il dit qu'il doit retourner en Algérie ce soir.
8191252	Por que não vamos à Argélia?	8208209	Pourquoi ne va-t-on pas en Algérie?
8191318	Deixe-me pegar outra xícara de café para você.	8208211	Laisse-moi te chercher une autre tasse de café.
8191313	Ela não encontrou o que estava procurando.	8208212	Elle n'a pas trouvé ce qu'elle cherchait.
8191309	Quase não saio da minha casa.	8208214	Je ne quitte presque pas ma maison.
8191417	Eles me perguntaram o que farei no futuro.	8208217	Ils m'ont demandé ce que je ferais à l'avenir.
8191367	Você tem uma péssima audição?	8208223	Avez-vous une mauvaise audition?
8191363	Vocês estavam escutando.	8208228	Vous écoutiez.
8208249	Ela já preencheu o formulário.	8208266	Elle a déjà rempli le formulaire.
8208369	Ela já preencheu o formulário?	8208371	A-t-elle déjà rempli le formulaire?
8208297	Ela já preencheu este formulário.	8208375	Elle a déjà rempli ce formulaire.
8208298	Ele já preencheu este formulário.	8208376	Il a déjà rempli ce formulaire.
8208311	Já completei o formulário.	8208377	J'ai déjà rempli le formulaire.
8208314	Já completei todo o formulário.	8208378	J'ai déjà rempli le formulaire en entier.
8208295	Ele já completou o formulário.	8208380	Il a déjà rempli le formulaire.
8210484	Só quero pegar alguém falando mal de mim nas esquinas.	8210572	Je veux juste surprendre quelqu'un qui parle mal de moi au coin de la rue.
8192223	Estou quase terminando de preencher este formulário.	8211896	J'ai presque fini de remplir ce formulaire.
8218696	Este é o meu telemóvel.	8218709	C'est mon téléphone portable.
8219314	Onde estão teus campos?	8220023	Où sont tes champs ?
8219214	A tradução é uma arte, não uma ciência.	8220050	La traduction est un art, et non pas une science.
8219165	Vinho me deixa doente.	8220100	Le vin me rend malade.
8217884	Me sinto muito bem.	8220117	Je me sens très bien.
8220186	Estou ocupada agora.	8220206	Je suis occupée maintenant.
1694165	Estou ocupada no momento.	8220210	Je suis occupée pour le moment.
8220354	Nós vamos para o campo.	8220663	Nous allons au champ.
7310056	Mostra-me o teu trabalho.	8220918	Montre-moi ton travail.
8188177	Ainda bem que você apareceu.	8222302	Heureusement que tu es venu.
8188175	Ainda bem que você entendeu.	8222303	Heureusement que vous l'avez.
8190354	Gostaria de aprender inglês mais rápido.	8222304	Je voudrais apprendre l'anglais plus rapidement.
8190353	Quero aprender mais rápido.	8222305	Je veux apprendre plus vite.
8190352	Quero aprender falar inglês mais rápido.	8222306	Je veux apprendre à parler anglais plus rapidement.
8190351	Quero aprender idiomas mais rápido.	8222307	Je veux apprendre des langues plus rapidement.
8190931	Espero que tudo volte ao normal.	8222310	J'espère que tout retourne à la normale.
8190925	Espero que tudo dê certo em sua vida.	8222311	J'espère que tout va bien dans votre vie.
8190916	Espero que você fique bem o mais breve possível.	8222312	J'espère que vous allez bien le plus tôt possible.
8190913	Espero que você melhore o quanto antes.	8222313	J'espère que vous irez mieux dès que possible.
8190910	Espero que você melhore o mais rápido possível.	8222314	J'espère que tu t'améliores au plus vite.
8190368	Onde posso comprar comida?	8222315	Où puis-je acheter de la nourriture?
8192240	Deve ter passeio de ônibus por aqui.	8222322	Il faut que le bus soit dans les environs.
8192239	Não tem mais passeio de ônibus.	8222323	Plus de trajet en bus.
8192238	Encerrou o passeio de ônibus.	8222324	Le tour en bus est terminé.
8192237	Hoje não tem passeio de ônibus.	8222325	Aujourd'hui, il n'y a pas de trajet en bus.
8192232	Não tem passeio de ônibus.	8222326	Il n'y a pas de trajet en bus.
8192260	Deveria encontrá-la aqui.	8222333	Je devrais la trouver ici.
8192256	Você não precisa mais de mim para fazer isso para você, precisa?	8222334	Vous n'avez plus besoin de moi pour faire ça pour vous, n'est-ce pas?
8192254	Você precisa comprar um terno novo para vestir na sua entrevista de emprego.	8222335	Vous devez acheter un nouveau costume à porter pour votre entretien d'embauche.
8192253	Tom não tinha certeza do que ia fazer.	8222336	Tom n'était pas sûr de ce qu'il allait faire.
8192252	Quero começar a fazer isso imediatamente.	8222337	Je veux commencer à le faire tout de suite.
8192588	Tom largou o emprego e decidiu viajar pelo mundo.	8222338	Tom a quitté son travail et a décidé de parcourir le monde.
8192587	Se tivesse ido embora!	8222339	Si seulement j'étais parti!
8192586	Existem algumas frases que são absolutamente intraduzíveis?	8222340	Existe-t-il des phrases absolument intraduisibles ?
8192584	Existem frases absolutamente intraduzíveis?	8222341	Y a-t-il des phrases absolument intraduisibles?
8192275	Todos eles usavam vestidos Kabyle.	8222342	Ils portaient tous des robes kabyles.
8192274	Ele não quer voltar para a mesquita.	8222343	Il ne veut pas retourner à la mosquée.
8192273	Eles fazem parte de um grupo extremista cristão.	8222344	Ils font partie d'un groupe extrémiste chrétien.
8192272	Eles amam este vestido Kabyle.	8222345	Ils adorent cette robe kabyle.
8192271	Foi um dos melhores filmes que eles já viram.	8222346	C'était l'un des meilleurs films qu'ils n’aient jamais vus.
8192760	Por favor, preencha o formulário abaixo para começar a conversar com o próximo agente disponível.	8222354	Veuillez remplir le formulaire ci-dessous pour commencer à discuter avec le prochain agent disponible.
8192734	Tom foi o último a sair da sala de aula.	8222355	Tom fut le dernier à quitter la classe.
8192729	Há mais alguém que você gostaria que notificássemos?	8222356	Y a-t-il quelqu'un d'autre que vous voudriez que nous informions?
8192731	Você está fazendo exatamente o que deveria estar fazendo.	8222357	Vous faites exactement ce que vous êtes censé faire.
8192728	Acho que gostaria disso.	8222358	Je pense que j'aimerais ça.
8192724	Tom foi ao concerto da filha dele.	8222359	Tom est allé au concert de sa fille.
8192721	Tom pediu desculpas pelo que aconteceu.	8222360	Tom s'est excusé pour ce qui s'était passé.
8192720	O gato de Tom desapareceu por alguns dias.	8222361	Le chat de Tom a disparu pendant quelques jours.
8192617	Fiz uma cirurgia de substituição do joelho há três meses.	8222362	J'ai subi une chirurgie de remplacement du genou il y a trois mois.
8193079	Neste vídeo, ensinaremos algumas palavras mais comuns em inglês.	8222369	Dans cette vidéo, nous allons vous apprendre quelques mots anglais courants.
8193072	Se você gostaria de continuar estudando Inglês comigo, por favor entre para a Academia.	8222370	Si vous souhaitez continuer à étudier l'anglais avec moi, veuillez vous inscrire à l'Académie.
8193064	Inglês Online academia para intermediários e alunos avançados de inglês.	8222373	Académie d'anglais en ligne pour apprenants d'anglais intermédiaire et avancé.
8193060	Vire a testa com um sorriso, porque hoje vou te ensinar como se tornar fluente em 6 meses.	8222377	Tournez le front avec un sourire, car aujourd’hui je vais vous apprendre à parler couramment en 6 mois.
8193057	E você não sabe como realmente pensar em inglês.	8222379	Et vous ne savez pas vraiment penser en anglais.
8193055	Você não fala inglês fluentemente há muito tempo.	8222380	Vous n'avez pas parlé anglais couramment depuis longtemps.
8193043	Você sente que não sabe o suficiente de vocabulário em inglês.	8222382	Vous sentez que vous ne connaissez pas suffisamment le vocabulaire anglais.
8193042	Você não sabe como falar sobre certos tópicos em inglês.	8222383	Vous ne savez pas comment parler de certains sujets en anglais.
8193041	Você fica nervoso quando alguém lhe faz uma pergunta em inglês?	8222385	Êtes-vous nerveux quand quelqu'un vous pose une question en anglais?
8223430	Vai te ajudar muito, quando você for falar Inglês.	8223539	Cela vous aidera beaucoup lorsque vous parlez anglais.
8223259	Inscreva-se para se juntar a nós no Grupo WhatsApp.	8223579	Inscrivez-vous pour nous rejoindre au groupe WhatsApp.
8223254	Inscreva-se para nos juntar ao Grupo de WhatsApp.	8223582	Inscrivez-vous pour rejoindre le groupe WhatsApp.
8223053	Fico feliz que você achou esta lição útil.	8223586	Heureux que vous ayez trouvé cette leçon utile.
8222293	Pode contar conosco!	8223608	Vous pouvez compter sur nous!
8222075	Não sei porquê, mas de vez em quando acontece.	8223690	Je ne sais pas pourquoi, mais ça arrive de temps en temps.
8222072	De vez em quando acontece.	8223693	De temps en temps cela arrive.
8224235	Todos acreditam que sonhos podem se tornar realidades.	8224286	Tout le monde croit que les rêves peuvent devenir réalité.
7003246	No poupar é que está o ganho.	8225076	L'Épargne est le premier gain.
5050181	Tom é um cidadão australiano.	8225311	Tom est un citoyen australien.
5167897	Temos de vencer.	8225616	Nous devons vaincre.
8225725	Pretendo criar um animal de estimação o mais rápido possível.	8225786	Je veux élever un animal de compagnie le plus tôt possible.
8225723	Se você fosse ter um cachorro, qual cachorro você teria?	8225807	Si vous alliez avoir un chien, quel chien auriez-vous?
8225722	Se você fosse criar um cachorro, qual cachorro você criaria?	8225808	Si vous éleviez un chien, quel chien élèveriez-vous?
8225718	É óbvio que ainda não estamos prontos para criar um animal de estimação.	8225809	Il est évident que nous ne sommes pas encore prêts à élever un animal de compagnie.
8225703	Espero que isso te ajude.	8225819	J'espère que cela vous aide.
8225705	Que gato lindo.	8225820	Quel chat mignon.
8225701	Algumas das frases que podemos usar frequentemente em inglês.	8225821	Certaines des phrases que nous utilisons souvent en anglais.
8225698	Espero que seja útil para você.	8225823	J'espère que cela vous sera utile.
8225696	Espero que te ajude.	8225824	J'espère que ça vous aide.
8225468	O Bérbere dele é tão pobre.	8225910	Son berbère est si pauvre.
6131196	João pregava no deserto da Judeia.	8226158	Jean prêchait dans le désert de Judée.
8226510	Tom disse que Mary não deveria estar lá.	8226551	Tom a dit que Marie ne devrait pas être là.
8226590	Estou voltando do trabalho para casa.	8226606	Je rentre du travail à la maison.
8226829	Ela atrepou o calendário na parede.	8226831	Elle a accroché le calendrier au mur.
3705312	Alguém pode responder a minha pergunta?	8229353	Est-ce que quelqu'un peut répondre à ma question ?
8229785	Meu pai vem me visitar de vez em quando.	8229786	Mon père vient me rendre visite de temps en temps.
8229798	Tom entra em problemas de vez em quando.	8229801	Tom a des problèmes de temps en temps.
8229855	Todo autor sofre de bloqueio de escritor de vez em quando.	8229860	Chaque auteur souffre de blocage de la part des auteurs de temps en temps.
8229697	Apenas quero que você pense sobre mim de vez em quando.	8229863	Je veux juste que tu penses à moi de temps en temps.
8228011	Tenho que sair de vez em quando.	8229871	Je dois sortir de temps en temps.
8226827	O inverno em Nova Iorque pode ser muito frio.	8229872	L'hiver à New York peut être très froid.
8226826	Você pode ir para a estação de ônibus.	8229873	Vous pouvez aller à la gare routière.
8226825	Ficamos cara a cara.	8229874	Nous nous retrouvons face à face.
8226821	Sentamos cara a cara.	8229883	Nous nous sommes assis face à face.
8226819	Moramos perto de uma grande biblioteca.	8229884	Nous habitons près d'une grande bibliothèque.
8226719	Este é o melhor áudio que eu já ouvi em Inglês.	8229885	C'est le meilleur audio que je n'ai jamais entendu en anglais.
8226716	Este foi o melhor áudio que eu já ouvi!	8229887	C'était le meilleur audio que je n'ai jamais entendu !
8226715	Ultimamente tem sido difícil.	8229888	Cela a été difficile ces derniers temps.
8226714	Este vídeo me fez chorar, não vou mais mentir.	8229893	Cette vidéo m'a fait pleurer, je ne vais plus mentir.
8226713	Um dos vídeos mais importantes do YouTube.	8229894	Une des vidéos les plus importantes de YouTube.
8226712	A riqueza de Deus está circulando em minha vida.	8229896	La richesse de Dieu circule dans ma vie.
8226710	Boa sorte a todos vocês que encontraram o caminho.	8229897	Bonne chance à vous tous qui avez trouvé le chemin.
8226663	Um senso de comunidade é importante para a faculdade.	8229899	Le sens de la communauté est important pour le collège.
8226662	Clark diz que nunca esquecerá de trabalhar na casa dos presidentes mais reverenciados da América.	8229900	Clark dit qu'il n'oubliera jamais de travailler chez l'un des présidents les plus vénérés des États-Unis.
8226661	"Os alunos têm orgulho de realmente produzir algo", diz Broadwater.	8229901	«Les étudiants sont fiers de produire quelque chose», déclare Broadwater.
8226660	Por isso que eles vieram aqui.	8229902	C'est pourquoi ils sont venus ici.
8226658	Ele também se orgulha do que seus alunos realizaram.	8229903	Il est également fier de ce que ses étudiants ont accompli.
8226657	Enquanto os atletas universitários geralmente recebem bolsas de estudo extremamente lucrativas, a NCAA não permite que elas sejam pagas.	8229904	Alors que les athlètes universitaires bénéficient souvent de bourses extrêmement lucratives, la NCAA ne leur permet pas d’être payés.
8226653	Trinta anos após o furacão Hugo, Charleston é uma cidade costeira próspera.	8229905	Trente ans après l'ouragan Hugo, Charleston est une ville côtière florissante.
8226639	Ele também se orgulha do que seus alunos realizaram e do histórico de 100% de trabalho da escola.	8229907	Lui aussi est fier de ce que ses élèves ont accompli et du record de placement de 100% de l'école.
8226665	Os alunos também têm oportunidades de trabalhar fora do campus, em projetos da comunidade local.	8229908	Les étudiants ont également la possibilité de travailler hors campus, sur des projets communautaires locaux.
8226499	Tom disse que Mary não deveria ter feito isso lá dentro.	8229910	Tom a dit que Marie n'aurait pas dû faire ça à l'intérieur.
8226471	Tom disse que não acha que Mary deveria fazer isso lá dentro.	8229915	Tom a dit qu'il ne pensait pas que Marie devrait faire ça à l'intérieur.
8226365	Ela não estava interessada em Tom.	8229921	Elle n'était pas intéressée par Tom.
8226034	Alguém deve estar comendo.	8229925	Quelqu'un doit manger.
8226016	Por quê Tom está sempre tão bem vestido?	8229927	Pourquoi Tom est-il toujours aussi bien habillé?
8226013	Por que Tom está sempre bem vestido?	8229929	Pourquoi Tom est-il toujours bien habillé?
8225999	Tom cantou uma música enquanto lavava a louça.	8229933	Tom a chanté une chanson en faisant la vaisselle.
8229956	Estou quase terminando o que tenho que fazer.	8229957	J'ai presque fini ce que je dois faire.
4979835	Isto é um livro velho com uma cara nova.	8229968	C'est un vieux livre avec un nouveau visage.
8213468	Meu computador nunca passou por uma revisão.	8231342	Mon ordinateur n'a pas cependant été fait toute révision.
8231450	Uma vez professor, sempre professor.	8231464	Professeur un jour, professeur toujours.
8231518	Espero que possamos fugir com isso.	8231529	J'espère que nous pouvons nous en sortir.
6007519	Não vai durar para sempre.	8231560	Ça ne durera pas toujours.
4882372	Os regimes opressores não duram para sempre.	8231591	Les régimes oppressifs ne durent pas éternellement.
5167852	Eu não posso esperar para sempre.	8231624	Je ne peux pas attendre éternellement.
7057760	As crianças não podem ser responsabilizadas pelos seus atos.	8232413	Les enfants ne peuvent êtres tenus pour responsables de leurs actes.
8232598	Certifique-se de que você está aqui às 2:30.	8232621	Assurez-vous que vous êtes ici par 2:30.
8232803	Tom não tem bicicleta, mas tenho uma.	8232805	Tom n'a pas de vélo, mais j'en ai un.
7366708	Estou farto de comer marisco.	8234108	J'en ai marre de manger des fruits de mer.
7048797	Sempre é melhor ficar em casa do que apanhar um escaldão.	8235110	Il vaut toujours mieux rester à la maison que d'attraper un coup de soleil.
8235111	Eu posso ler nas entrelinhas.	8235126	Je peux lire entre les lignes.
7703982	Ela está distraída.	8235598	Elle est distraite.
7703985	Elas estão distraídas.	8235602	Elles sont distraites.
7703983	Eles estão distraídos.	8235617	Ils sont distraits.
1155793	Ele está distraído.	8235647	Il est distrait.
8235576	Alguém pode me explicar o que isto significa?	8235847	Quelqu'un peut-il m'expliquer ce que cela signifie ?
7703994	Elas são adultas.	8237477	Elles sont adultes.
7703993	Eles são adultos.	8237478	Ils sont adultes.
7703992	Ela é adulta.	8237479	Elle est adulte.
7703991	Ele é adulto.	8237480	Il est adulte.
7703971	Ela é tímida.	8237610	Elle est timide.
7703916	Ela é cega.	8237663	Elle est aveugle.
7703914	Ele é palerma.	8237688	Il est abruti.
7703909	Ele é maneta.	8237719	Il est manchot.
7703915	Ela é muda.	8237724	Elle est muette.
7703936	Ela é virgem.	8237731	Elle est vierge.
7703955	Ele está impaciente.	8237736	Il est impatient.
7703963	Ela é anormal.	8237742	Elle est anormale.
8237806	Ela está hirsuta.	8237811	Elle est hirsute.
8237808	Ele está hirsuto.	8237813	Il est hirsute.
7703920	Ela é coxa.	8237839	Elle est boiteuse.
7703908	Ele é coxo.	8237841	Il est boiteux.
5498131	Tom não tem dinheiro.	8243491	Tom n'a pas d'argent.
4261473	Quero uma resposta honesta.	8243632	Je veux une réponse honnête.
1489085	Há muitos conflitos no mundo.	8245473	Il y a beaucoup de conflits dans le monde.
1487936	Nadar à noite é perigoso.	8245569	Nager la nuit est dangereux.
8246851	Quem muito escreve, muito erra.	8247044	Qui écrit beaucoup, fait beaucoup d'erreurs.
8218707	Hoje, a língua do Brasil e a língua de Portugal são bem diferentes do Português de Cabral.	8247072	Aujourd'hui, la langue du Brésil et celle du Portugal sont bien différentes du portugais de Cabral.
1797351	Maria gosta de flores.	8247735	Marie aime les fleurs.
7083408	Maria gosta de cavalos.	8247740	Marie aime les chevaux.
1279665	Há muitas estrelas maiores que o nosso Sol.	8251921	Il y a beaucoup d'étoiles plus grandes que notre Soleil.
2105788	Dois mais dois são quatro.	8252053	Deux plus deux égale quatre.
8253484	O que é importante raramente é urgente, e o que é urgente raramente é importante.	8253812	Ce qui est important est rarement urgent et ce qui est urgent, rarement important.
7314182	Um mais dois são três.	8254157	Un plus deux font trois.
8254559	A carriça é uma ave.	8254571	Le troglodyte mignon est un oiseau.
8254632	O martim-pescador é uma ave.	8254697	Le martin-pêcheur est un oiseau.
8254708	A rola-turca é uma ave.	8254915	La tourterelle turque est un oiseau.
2599099	Tóquio é uma das maiores cidades do mundo.	8255874	Tokyo est une des plus grandes villes du monde.
5327780	O Uruguai é uma nação da América do Sul, às margens do Oceano Atlântico, ao sul do Brasil.	8255907	L'Uruguay est une nation d'Amérique du Sud, située au sud du Brésil, au bord de l'océan Atlantique.
3451194	Três mais cinco são oito.	8255925	Trois plus cinq égale huit.
8263636	Tenho dificuldades.	8263660	J'ai des difficultés.
8263576	Vou votar.	8263756	Je vais voter.
2179264	Ele possui uma iguana.	8265998	Il a un iguane.
8266756	Tudo tem seu preço.	8266765	Tout a son prix.
7095539	O crocodilo é perigoso.	8267386	Le crocodile est dangereux.
8268280	Açores são aves de rapina.	8268327	Les autours des palombes sont des oiseaux de proie.
3492636	Gaviões são aves de rapina.	8268330	Les éperviers sont des oiseaux de proie.
3492636	Gaviões são aves de rapina.	8268332	Les éperviers sont des rapaces.
8268280	Açores são aves de rapina.	8268334	Les autours des palombes sont des rapaces.
8268094	Falcões são aves de rapina.	8268336	Les faucons sont des rapaces.
7091628	Onde ficam os Açores?	8268432	Où se trouvent les Açores ?
2433392	É muito frustrante.	8272825	C'est très frustrant.
1520471	O silêncio vale ouro.	8272947	Le silence vaut de l'or.
729167	Cada um tem o seu gosto.	8273491	Chacun a son goût.
8275892	A fidelidade é uma virtude.	8275894	La fidélité est une vertu.
8275896	A fidelidade compensa.	8275897	La fidélité paye.
7856897	Está claro como o dia.	8282643	C'est clair comme le jour.
8285609	Chamo-me João.	8285827	Je m'appelle Jean.
8285822	Chamo-me Joana.	8285831	Je m'appelle Jeanne.
8285768	Chamo-me Lucas.	8285848	Je m'appelle Luc.
8285594	Chamo-me André.	8285861	Je m'appelle André.
8285798	Chamo-me Laura.	8285972	Je m'appelle Laura.
8285796	Chamo-me Maria.	8285975	Je m'appelle Marie.
8285586	Chamo-me Andreia.	8285980	Je m'appelle Andrée.
7578023	Não me apetece ir ao café.	8287856	Je n'ai pas envie d'aller au café.
7578050	Não me apetece ir a pé.	8287859	Je n'ai pas envie d'aller à pied.
8287937	Não me apetece ver ninguém.	8288003	Je n'ai envie de voir personne.
8288038	Não vou contar a ninguém. Eu prometo.	8288165	Je ne le dirai à personne. Je le promets.
7578072	Não me apetece fazer nada.	8290082	Je n'ai pas envie de faire quoi que ce soit.
803877	Isso tem de mudar.	8291477	Cela doit changer.
7003263	Não se pode fugir ao destino.	8291581	On ne peut fuir son destin.
8293587	Chamo-me Amália.	8293592	Je m'appelle Amélie.
8293587	Chamo-me Amália.	8293595	Je m'appelle Amalia.
8293605	Chamo-me Rodrigo.	8293606	Je m'appelle Rodrigue.
8293607	Chamo-me Rui.	8293610	Je m'appelle Roy.
8291941	Quando um homem quer matar um tigre, ele chama isso de esporte; Quando um tigre quer matá-lo, ele chama isso de ferocidade.	8293806	Quand un homme veut tuer un tigre, il appelle cela : sport. Quand un tigre veut le tuer, il appelle cela : férocité.
5092961	O português é uma língua de origem românica, derivada do latim vulgar.	8296439	Le portugais est une langue romane dérivée du latin vulgaire.
4271270	O sono é benéfico! Amanhã estarei saudável de novo.	8297741	Le sommeil est bénéfique ! Demain, je serai de nouveau en bonne santé.
7061487	O alfabeto latino se derivou de uma forma local do alfabeto grego.	8305006	L'alphabet latin est dérivé d'une forme locale de l'alphabet grec.
2920633	A letra dábliu não faz parte do alfabeto latino.	8305027	La lettre double v ne fait pas partie de l'alphabet latin.
7061488	O alfabeto grego se derivou do alfabeto fenício.	8305029	L'alphabet grec est dérivé de l'alphabet phénicien.
7061496	O alfabeto fenício contém 22 letras.	8305030	L'alphabet phénicien est composé de 22 lettres.
7091034	O alfabeto sânscrito tem cinquenta letras.	8305072	L'alphabet sanskrit comprend cinquante lettres.
8049803	Vale a pena aprender sânscrito?	8305086	Est-ce que ça vaut la peine d'apprendre le sanskrit?
1006469	A atriz tem um nome muito bonito.	8313990	L'actrice a un très beau nom.
517482	Um texto em Esperanto se escreve foneticamente através dum alfabeto de 28 letras.	8315805	Un texte en espéranto s'écrit phonétiquement à l'aide d'un alphabet de 28 lettres.
1775645	A BBC é o meu canal favorito.	8316022	La BBC est mon canal favori.
7038036	Quem tem boca vai a Roma.	8361032	Qui langue a à Rome va.
2436232	O prédio está em chamas.	8371960	Le bâtiment est en flammes.
982750	Os cães ladram, mas a caravana passa.	8371975	Les chiens aboient, mais la caravane passe.
3467686	Quantos braços tem um polvo?	8378085	Combien de bras a un poulpe ?
8393326	Eu almoço no mesmo horário todo dia.	8395119	Je déjeune tous les jours à la même heure.
2569258	Qual é o seu nome, por favor?	8402588	Comment tu t'appelles, s'il te plaît ?
8404207	Como se chama a capital do Brasil?	8404208	Comment s'appelle la capitale du Brésil ?
7043351	Esta foi uma boa decisão.	8428190	Ce fut une bonne décision.
8431802	Não é tarde.	8431806	Il n'est pas tard.
1609100	As vacas comem grama.	8499380	Les vaches mangent de l'herbe.
8502423	Tu não és culpada.	8502425	Tu n'es pas coupable.
8504523	Eu não tenho ovos suficientes para fazer um omelete.	8504699	Je n'ai pas assez d'œufs pour faire une omelette.
8533727	Duvido que seja possível.	8534789	Je doute que ce soit possible.
1333286	Todas as línguas têm dialetos.	8538681	Toutes les langues ont des dialectes.
7064972	A língua portuguesa fala-se nos quatro cantos do mundo.	8539319	La langue portugaise se parle aux quatre coins du monde.
7064972	A língua portuguesa fala-se nos quatro cantos do mundo.	8539320	Le portugais est parlé aux quatre coins de la planète.
7064972	A língua portuguesa fala-se nos quatro cantos do mundo.	8539321	On parle le portugais aux quatre coins du globe.
2664895	A produção quadruplicou em dez anos.	8540532	La production a quadruplé en dix ans.
8539721	O preço do café quadruplicou.	8540537	Le prix du café a quadruplé.
8542405	As árvores fornecem madeira.	8543522	Les arbres fournissent du bois.
931851	Estou cultivando feijões em meu jardim.	8545260	Je cultive des haricots dans mon jardin.
6313800	A outra metade é para ti.	8545681	L'autre moitié est pour toi.
8457015	O que está acontecendo na Austrália?	8547627	Que se passe-t-il en Australie ?
3062160	O que está acontecendo na Ucrânia?	8547639	Que se passe-t-il en Ukraine ?
1318987	Quando aconteceu?	8547765	Quand est-ce que cela s'est passé ?
8547915	A gasolina não se mistura com a água.	8547939	L'essence ne se mélange pas avec l'eau.
1467330	Talvez estejas enganado.	8548183	Peut-être que tu te trompes.
8548248	O azeite não se mistura com a água.	8548299	L'huile d'olive ne se mélange pas avec l'eau.
8518755	A seriguela é uma fruta saborosa.	8548823	La cirouelle est un fruit savoureux.
1013719	Nada acontece por acaso.	8548837	Rien n'arrive par hasard.
4821533	Tudo tem o seu tempo.	8550055	Toute chose a son temps.
4899685	Ninguém está acima da lei.	8550118	Personne n'est au-dessus de la loi.
8551335	Esse Universo é um mistério.	8551438	Cet Univers est un mystère.
8551392	Esse jogo é muito complicado.	8551529	Ce jeu est très compliqué.
8552881	Por favor, seja honesto consigo mesmo.	8553520	S'il te plaît, sois honnête avec toi-même.
1301564	O Universo é cheio de mistérios.	8553547	L'Univers est plein de mystères.
8554561	Confia em ti mesma.	8554578	Sois confiante.
8554563	Confia em ti mesmo.	8554581	Sois confiant.
3210294	Holmes, sem a menor dúvida, seguiu sua vocação.	8556410	Holmes, sans le moindre doute, suivit sa vocation.
8568596	A Europa é legal?	8568605	Est-ce légal en Europe ?
6999983	A fortuna favorece os audazes.	8576357	La fortune favorise les audacieux.
1864351	Um, três e cinco são números ímpares.	8576809	Un, trois et cinq sont des nombres impairs.
8578496	Foi assim que tudo começou.	8578679	C'est ainsi que tout a commencé.
6782911	A Internet está cheia de boatos falsos.	8578780	Les fausses rumeurs abondent sur le web.
4800509	Tom é extremamente teimoso.	8582867	Tom est extrêmement entêté.
8587169	Lava as mãos com água e sabão.	8587175	Lave-toi les mains avec de l'eau et du savon.
7904594	És analfabeto?	8587487	Es-tu analphabète ?
8587830	O cão de Tom detesta gatos.	8588128	Le chien de Tom déteste les chats.
2162138	Ele ainda não me respondeu.	8589635	Il ne m'a pas encore répondu.
1016701	É melhor dar do que receber.	8595089	Il vaut mieux donner que recevoir.
1016701	É melhor dar do que receber.	8595091	Mieux vaut donner que recevoir.
8613035	O ar vai acelerar a secagem.	8613380	L'air va accélérer le séchage.
8616788	O que é o coronavírus?	8618213	Qu'est-ce que le coronavirus ?
8616789	O coronavírus surgiu na China.	8618236	Le coronavirus est apparu en Chine.
8507524	Tom ganhou as eleições.	8625156	Tom a gagné les élections.
8626572	O medo é mau conselheiro.	8626576	La peur est mauvaise conseillère.
3381387	Eu não digo isso sem razão.	8653672	Je ne dis pas cela sans raison.
8649553	As pessoas não cumprem as regras.	8657020	Les gens n'observent pas les règles.
8692861	Leitura é um dos meus passatempos.	8698988	La lecture est l'un de mes passe-temps.
8698137	Ler é um dos meus passatempos.	8698995	Lire est l'un de mes passe-temps.
6061262	Tatoeba, para mim, é um agradável e instrutivo passatempo.	8699111	Pour moi, Tatoeba est un passe-temps agréable et instructif.
3177149	Para mim é um verdadeiro prazer colaborar em Tatoeba.	8701827	Pour moi, c'est un véritable plaisir de collaborer à Tatoeba.
8708738	A framboesa é a minha fruta preferida.	8708862	La framboise est mon fruit préféré.
8708850	A framboesa é uma das minhas frutas preferidas.	8710812	La framboise est l'un de mes fruits préférés.
5025950	As coisas mudam todos os dias.	8715816	Les choses changent tous les jours.
5025950	As coisas mudam todos os dias.	8715835	Chaque jour les choses changent.
5039999	As coisas podem mudar rapidamente.	8715994	Les choses peuvent changer rapidement.
3308933	Todas as coisas mudam e, com elas, nós também mudamos.	8716089	Toutes choses changent, et avec elles, nous aussi, nous changeons.
1357562	Língua e cultura não podem ser separadas.	8729865	Langue et culture ne peuvent pas être séparées.
6769378	Ele fala húngaro.	8735847	Il parle le hongrois.
948924	A Suíça é um país muito bonito e que vale a pena visitar.	8738741	La Suisse est un très beau pays qui vaut la peine d'être visité.
8746220	Os três amigos moram no mesmo apartamento.	8752855	Les trois amis vivent dans le même appartement.
1000234	As galinhas dão-nos ovos.	8758449	Les poules nous donnent des œufs.
1396283	As abelhas nos dão mel.	8758485	Les abeilles nous donnent du miel.
5267332	A forma da Itália é semelhante a uma perna.	8760303	La forme de l'Italie ressemble à une jambe.
8760975	Você está realmente com frio!	8760981	Tu as vraiment froid !
8760975	Você está realmente com frio!	8760982	Vous avez vraiment froid !
8761274	Nós vendemos roupas em nossa loja.	8761284	Nous vendons des vêtements dans notre magasin.
8761311	Nós vendemos tudo.	8761317	Nous vendons tout.
8761505	Ouvimos algumas músicas francesas.	8761509	Nous avons écouté des chansons françaises.
8761528	Convidei meus amigos.	8761537	J'ai invité mes amis.
8761812	Passei o dia com a família.	8761819	J'ai passé la journée en famille.
8761860	Eu nadei na minha piscina.	8761864	J'ai nagé dans ma piscine.
8761870	Nós moramos perto do mar.	8761873	Nous habitons près de la mer.
5532351	Há amigo mais chegado que um irmão?	8761894	Y a-t-il un ami plus proche qu'un frère?
8766083	Vocês não estão entendendo absolutamente nada.	8766092	Vous ne comprenez rien du tout.
8766108	Vocês estão estudando Francês?	8766117	Vous apprenez le français ?
8769939	Todos os adultos foram primeiro crianças.	8769945	Toutes les grandes personnes ont d'abord été des enfants.
5288599	Era para mim uma questão de vida ou morte.	8769977	C'était pour moi une question de vie ou de mort.
8771099	Esta saia é barata.	8771108	Cette jupe est bon marché.
8772410	Uma pessoa começou a correr atrás de mim.	8772411	Une personne a commencé à courir derrière moi.
8773672	Façam o que eu mando; não façam o que eu faço.	8773676	Faites ce que je dis; ne faites pas ce que je fais.
2553455	Eu recuso a sua ajuda.	8774912	Je refuse ton aide.
8776385	As abelhas são extremamente importantes não só para os seres humanos, mas também para a natureza.	8776419	Les abeilles sont extrêmement importantes non seulement pour les humains, mais aussi pour la nature.
8775472	Não desafie o destino.	8776665	Ne défiez pas le destin.
8781395	Agora fazemos tudo online.	8783044	De nos jours, nous faisons tout en ligne.
8792708	Minha vida, que era bela, transformou-se em algo triste. Apagou-se a luz da estrela no momento em que partiste.	8792770	Ma vie, qui était belle, s'est transformée en quelque chose de triste. La lumière de l'étoile s'est éteinte au moment où vous êtes partie.
8797502	Após o terremoto, houve um incêndio.	8797826	Après le tremblement de terre, il y a eu un incendie.
8800315	Decênio, ou década, é o espaço de dez anos.	8800326	La décennie est l'espace de dix ans.
3298844	Platão morreu com 81 anos, enquanto escrevia.	8800648	Platon mourut à l'âge de 81 ans, la plume à la main.
8801594	Ela confessa ter roubado as joias.	8802646	Elle avoue avoir volé les bijoux.
8804832	Ele faz muita falta a Tatoeba.	8804857	Il manque vraiment à Tatoeba.
8805697	Em Tatoeba uma frase só se sente bem quando está acompanhada de suas irmãs e suas primas, as traduções.	8805728	À Tatoeba, une phrase ne se sent bien que lorsqu'elle est accompagnée de ses sœurs et cousines, les traductions.
5558231	De que cor são os seus olhos?	8806526	De quelle couleur sont tes yeux ?
8807172	Conchas marinhas já foram utilizadas como moeda corrente.	8807184	Les coquillages ont déjà été utilisés comme monnaie.
8812177	O presente que você me deu é excelente.	8812184	Le cadeau que tu m'as offert est génial.
8812501	Breve eu saberei falar Francês.	8812511	Je saurai bientôt parler français.
8814457	Qual é o som da voz dela?	8814477	À quoi ressemble sa voix ?
8814457	Qual é o som da voz dela?	8814478	Quel est le son de sa voix ?
8815258	É triste esquecer um amigo.	8815268	C'est triste d'oublier un ami.
8812161	Obrigado, doutor, o senhor é muito gentil.	8815728	Merci, docteur, c'est très gentil de votre part.
8818732	O lótus é uma planta aquática de folhas e flores bem grandes.	8818746	Le lotus est une plante aquatique à très grandes feuilles et fleurs.
8818789	Há pouco mais de dez mil frases em elefen em Tatoeba.	8818814	Il y a un peu plus de dix mille phrases en elefen à Tatoeba.
8820725	Nós somos os professores das crianças, mas muito temos que aprender com elas.	8820797	Nous sommes les enseignants des enfants, mais nous avons beaucoup à apprendre d'eux.
8820894	Eu me apaixonei pela língua francesa.	8820919	Je suis tombé amoureux de la langue française.
8820967	Nós ensinamos às crianças, mas também temos que aprender com elas.	8821085	Nous enseignons aux enfants, mais nous devons aussi apprendre d'eux.
8822891	Ele coleciona borboletas?	8822906	Est-ce qu'il collectionne les papillons ?
8826876	Quanto mais tempo se vive, tanto mais perto se está da morte.	8826891	Plus on vit longtemps, plus on se rapproche de la mort.
8827331	Mais belo que o instrutor é o amigo. Mais belo que o aprender é o agradecer.	8827359	Plus beau que l'instructeur est l'ami. Plus beau que d'apprendre, c'est remercier.
8828104	O instrutor deve ser também um amigo. Quem aprende deve saber agradecer.	8828128	L'instructeur doit également être un ami. Qui apprend doit savoir remercier.
8835798	Não concordem.	8836300	N'accordez pas.
8837507	Tatoeba é um incrível instrumento para o estudo de idiomas.	8837527	Tatoeba est un outil incroyable pour l'étude des langues.
8837634	Houve em mim várias almas sucessivas, ou sou um só inconsciente ser?	8837652	Y a-t-il eu plusieurs âmes successives en moi, ou suis-je un seul être inconscient ?
8837666	Por que será que nunca deixo de lembrar que te esqueci?	8837681	Pourquoi est-ce que je ne cesse pas de me souvenir que je t'ai oublié ?
8838093	Às cinco horas da tarde em Paris, que horas são em Moscou?	8838111	À cinq heures de l'après-midi à Paris, quelle heure est-il à Moscou ?
5267327	Devo partir às dezesseis horas.	8838151	Je dois partir à quatre heures de l'après-midi.
8842971	No coração cultiva a planta da saudade.	8843034	Dans le cœur il cultive la plante de la nostalgie.
8843288	De músico, poeta e louco, todos nós temos um pouco.	8843315	De musicien, poète et fou, nous en avons tous un peu.
8843401	Doce é sonhar, amar, cantar – viver!	8843461	C'est doux de rêver, d'aimer, de chanter – de vivre !
8843581	A voz humana é um tesouro inestimável.	8843596	La voix humaine est un trésor inestimable.
8843618	A vida é uma canção. Cantar é mais que viver.	8843630	La vie est une chanson. Chanter, c'est plus que vivre.
8843673	Quero morrer cantando a dádiva da vida.	8843695	Je veux mourir en chantant le don de la vie.
8845552	Este livro pesa um quilo.	8845578	Ce livre pèse un kilogramme.
8851218	Morei no Rio quando ainda havia bondes. Que cidade tão linda! Ainda sinto saudade...	8851242	J'habitais à Rio quand il y avait encore des tramways. Quelle belle ville ! Elle me manque encore ...
8853147	Ele só tem uma perna.	8859580	Il n'a qu'une seule jambe.
8865397	Este menino é o filho de meu neto e o neto de meu filho. Ele é, portanto, meu bisneto.	8865489	Ce garçon est le fils de mon petit-fils et le petit-fils de mon fils. Il est donc mon arrière-petit-fils.
8872758	A união de dois conjuntos pode ser bela, mesmo quando não há ligação lógica entre eles.	8872781	L'union de deux ensembles peut être belle même lorsqu'il n'y a aucun lien logique entre eux.
8873566	Eu gosto das línguas bálticas.	8873683	J'aime les langues baltes.
8873544	Tenho certeza absoluta de que ele é inocente.	8873756	Je suis absolument certaine qu'il est innocent.
8873544	Tenho certeza absoluta de que ele é inocente.	8873757	Je suis absolument certain qu'il est innocent.
4259046	Quanto tempo vive uma tartaruga?	8874514	Combien de temps vit une tortue ?
8878902	Grande tristeza foi perder tua amizade.	8878917	La perte de votre amitié m'a profondément attristé.
8879085	Quem ri agora, há de chorar mais tarde.	8879126	Celui qui rit maintenant pleurera plus tard.
8879900	Deves pensar no futuro, ainda que sejas jovem.	8880014	Tu dois penser à l'avenir, même si tu es jeune.
8884417	Onde se pode encontrar um verdadeiro amigo?	8884428	Où pouvez-vous trouver un véritable ami ?
8884417	Onde se pode encontrar um verdadeiro amigo?	8884429	Où peut-on trouver un véritable ami ?
8884835	Nossa avó tem muitos cães.	8884845	Notre grand-mère a de nombreux chiens.
8884862	Minha aluna tinha um gato.	8884904	Mon élève avait un chat.
8886042	Eu cheguei aqui há muito tempo.	8886591	Je suis arrivé ici il y a longtemps.
8886042	Eu cheguei aqui há muito tempo.	8886592	Je suis arrivée ici il y a longtemps.
8889436	Ela quebrou meu violão de estimação.	8889475	Elle a cassé ma guitare préférée.
8890073	Eu preciso ver a sua mão.	8891626	J'ai besoin de voir ta main.
8891389	Pelé não é o maior jogador de futebol de todos os tempos. Pelé é uma lenda, um mito, um ícone. Pelé é o nome da perfeição em um jogador de futebol.	8891674	Pelé n'est pas le plus grand joueur de football de tous les temps. Pelé est une légende, un mythe, une icône. Pelé est le nom de la perfection chez un joueur de football.
8890177	Eu conheço um médico muito habilidoso.	8891726	Je connais un médecin très compétent.
8890160	Por que vocês não voltam para a cidade?	8891763	Pourquoi ne retournez-vous pas en ville ?
8890131	O médico o curou.	8891784	Le médecin l'a guéri.
1162896	Que diz ela?	8893543	Qu'est-ce qu'elle dit ?
8895976	Eu me incomodo demais com os erros que cometo.	8895987	Je m'inquiète trop des erreurs que je fais.
1974306	Os pássaros comeram as migalhas de pão.	8902841	Les oiseaux ont mangé les miettes de pain.
8905200	O resultado dessa experiência foi desastroso.	8905221	Le résultat de cette expérience a été désastreux.
8906174	Trabalho com o computador ouvindo peças para piano e cravo de Handel e Rameau.	8906218	Je travaille à l'ordinateur en écoutant des pièces pour piano et clavecin de Haendel et Rameau.
8908757	Você quer me fazer um favor?	8908786	Voulez-vous me faire une faveur ?
8909012	Meu país tem lindas praias, natureza luxuriante e clima de perene primavera.	8909062	Mon pays a de belles plages, une nature luxuriante et un climat printanier éternel.
8908851	Tatoeba é uma biblioteca monumental, uma sala de estudos imensa aberta a estudantes e pesquisadores do mundo inteiro.	8909287	Tatoeba est une bibliothèque monumentale, une immense salle d'étude ouverte aux étudiants et chercheurs du monde entier.
8913347	Nossos momentos felizes têm raízes; não os esquecemos facilmente.	8913366	Nos moments heureux ont des racines; on ne les oublie pas facilement.
945753	Dói saber que minha ausência a deixa feliz.	8917888	Ça fait mal de savoir que mon absence la rend heureuse.
8919282	Eu tenho quatro bisnetos.	8919291	J'ai quatre arrière-petits-enfants.
8923805	Perto da praça do mercado, há uma imponente sinagoga.	8923834	Près de la place du marché il y a une impressionnante synagogue.
8932266	A tromba do elefante tem várias funções, incluindo respiração, olfação, tato, apreensão, e produção de som. O olfato do animal é cerca de quatro vezes mais sensível que o de um cão de caça.	8932457	La trompe de l'éléphant a plusieurs fonctions, y compris la respiration, l'odorat, le toucher, la prise et la production sonore. L'odorat de l'animal est environ quatre fois plus sensible que celui d'un chien de chasse.
5249020	Balzac não utilizou projetos preestabelecidos.	8936937	Balzac n'a pas eu recours à des plans préétablis.
5249000	Cornudet não sentia nenhuma atração por Bola de Sebo.	8936938	Cornudet n'éprouvait aucune attirance vis-à-vis Boule de Suif.
8941469	Acredito que agora seja o momento certo.	8941625	Je pense que le bon moment, c'est maintenant.
8948112	Eu estou bebendo cerveja agora.	8948127	Je suis en train de boire de la bière maintenant.
6934964	Eu moro no Brasil.	8951888	J'habite au Brésil.
8965187	Ela não fala com o ex-marido há dez anos.	8965206	Elle n'a pas parlé à son ex-mari depuis dix ans.
8965246	Acho que ela não se lembra de mim.	8965270	Je pense qu'elle ne se souvient pas de moi.
8966501	Não há nada de errado em envelhecer.	8966512	Il n'y a pas de mal à vieillir.
8968930	Estou aposentado há mais de trinta anos.	8968958	Je suis en retraite depuis plus de trente ans.
6214231	De repente, da escuridão surgiu um salteador.	8975128	Soudain, un bandit sortit de l'obscurité.
6195184	Aprendemos a perdoar na vida quando certa vez necessitámos que nos perdoassem muito.	8979718	Dans la vie, nous apprenons seulement à pardonner quand nous avons grand besoin d'être pardonné nous-même.
7657726	Todos aqui usam Windows?	8979932	Est-ce que tout le monde ici utilise Windows?
8977197	É um prazer imenso.	8983795	C'est un immense plaisir.
8980284	Isso é meu!	8984569	C'est à moi !
8989423	Quantos desejos o gênio prometeu realizar?	8989434	Combien de souhaits le génie a-t-il promis de réaliser ?
8992225	Eu não quero dizer-te adeus.	8992269	Je ne veux pas te dire adieu.
7073771	Não te posso dizer o que ele disse.	8997062	Je ne peux pas te dire ce qu'il a dit.
4040419	Eu não gosto de que ninguém diga o que eu tenho de fazer.	8997319	Je n'aime pas que quiconque me dise quoi faire.
8998575	Eu tenho um plano que te deixará rico.	8998618	J'ai un plan qui va te rendre riche.
8998679	Prometo que não te decepcionarei.	8998743	Je te promets que je ne te décevrai pas.
9001861	Por favor, não façam comentários insultuosos.	9001935	Veuillez ne pas faire de commentaires insultants.
7088497	Qual é o teu apelido?	9007243	Quel est ton pseudonyme ?
9007659	O mundo é uma aldeia.	9007662	Le monde est un village.
9008308	Nosso único filho não se chama Tomás.	9008372	Notre fils unique ne s'appelle pas Tomás.
9008689	O pai de meu bisneto é filho único de um dos meus filhos.	9008701	Le père de mon arrière-petit-fils est le seul enfant d'un de mes enfants.
9008748	Comprei alguns quadros para meu apartamento.	9008761	J'ai acheté des tableaux pour mon appartement.
9008772	As paredes do apartamento são brancas.	9008791	Les murs de l'appartement sont blancs.
9011011	Para as férias, alugaremos uma casa à beira-mar.	9011019	Pour les vacances, nous louerons une maison au bord de la mer.
9011109	Você vai alugar uma casa ou um apartamento?	9011156	Tu loueras une maison ou un appartement ?
9011212	Ela vai se bronzear na praia durante as férias.	9011242	Elle bronzera sur la plage pendant ses vacances.
9011324	As folhas das árvores são verdes no verão e amarelas no outono.	9011390	Les feuilles des arbres sont vertes en été et jaunes en automne.
9011560	Compre um bom calçado porque andaremos muito nesta caminhada.	9011587	Achète de bonnes chaussures parce que nous marcherons beaucoup pendant cette randonnée.
9011862	Minha irmã iria gostar desse vestido, ela adora vermelho.	9011889	Cette robe plairait à ma sœur, elle adore le rouge.
9012034	Ela só tem 20 anos.	9012038	Elle n'a que 20 ans.
9013075	Eles não param de discutir; é cansativo.	9013107	Ils n'arrêtent pas de se disputer; c'est fatigant.
9013586	Vejo que estás ocupada. Que estás fazendo?	9013605	Je vois que tu es occupée. Qu'est-ce que tu fais ?
9013586	Vejo que estás ocupada. Que estás fazendo?	9013606	Je vois que tu es occupé. Tu fais quoi ?
9013626	Obrigado, mas infelizmente não posso.	9013659	Merci, mais malheureusement je ne peux pas.
9013717	Os alunos respondem às perguntas do professor.	9013735	Les élèves répondent aux questions de l'enseignant.
9015521	Ele corria todos os dias durante uma hora.	9015556	Il courait tous les jours pendant une heure.
9015576	Para qual competição vocês treinavam?	9015617	Vous vous entraîniez pour quelle compétition ?
9018611	Não vou fazer isso de jeito nenhum!	9018642	Je ne ferai pas du tout ça !
9018745	Quantos quilômetros há de Moscou a São Petersburgo?	9018765	Combien de kilomètres y a-t-il de Moscou à Saint-Pétersbourg ?
9018768	Caminhamos depois do jantar.	9018778	Nous marchons après le dîner.
9018781	Cada pessoa tem seu prato.	9018792	Chaque personne a son assiette.
9019617	Isso é mesmo uma frase?	9019649	Est-ce même une phrase ?
9019707	Eu tenho ótima professora de Russo e de Francês.	9019748	J'ai une excellente professeur de russe et de français.
9019760	Minha professora de Alemão é muito paciente.	9019776	Ma professeur d'allemand est très patiente.
9022686	Minha amiga brasileira e seu marido alemão moram em Berlim.	9022717	Mon amie brésilienne et son mari allemand vivent à Berlin.
9022738	Meu neto brasileiro e sua esposa russa moram no Brasil. Eles têm um filho e uma filha – meus bisnetos.	9022754	Mon petit-fils brésilien et sa femme russe vivent au Brésil. Ils ont un fils et une fille – mes arrière-petits-enfants.
9022818	Meu bisneto fala Português e Russo e está aprendendo Inglês.	9022841	Mon arrière-petit-enfant parle portugais et russe et apprend l'anglais.
9020789	Em teus olhos, eu encontro um pedaço do paraíso.	9023297	Dans tes yeux je trouve un coin de paradis.
9020768	Se a tua cama falasse, o que ela diria?	9023322	Si ton lit parlait, que dirait-il ?
9025839	Cada ponto no espaço é o centro do universo.	9025904	Chaque point de l'espace est le centre de l'univers.
9025915	O centro do universo se encontra em cada ponto do espaço.	9025962	Le centre de l'univers est à chaque point de l'espace.
9029923	Muitos indianos falam Inglês.	9029932	De nombreux Indiens parlent anglais.
9036332	Tom não é uma exceção.	9036334	Tom n'est pas une exception.
9036973	Meu melhor amigo tem duas namoradas.	9037090	Mon meilleur ami a deux copines.
9041159	Doze mais vinte e um são trinta e três. Treze mais trinta e um são quarenta e quatro.	9041225	Douze plus vingt et un font trente-trois. Treize plus trente et un font quarante-quatre.
9041256	Quatorze mais quarenta e um são cinquenta e cinco. Quinze mais cinquenta e um são sessenta e seis.	9041264	Quatorze plus quarante et un font cinquante-cinq. Quinze plus cinquante et un font soixante-six.
9041268	Dezesseis mais sessenta e um são setenta e sete. Dezessete mais setenta e um são oitenta e oito.	9041277	Seize plus soixante et un font soixante-dix-sept. Dix-sept plus soixante et onze font quatre-vingt-huit.
9041311	Dezoito mais oitenta e um são noventa e nove. Dezenove mais noventa e um são cento e dez.	9041350	Dix-huit plus quatre-vingt-un font quatre-vingt-dix-neuf. Dix-neuf plus quatre-vingt-onze font cent dix.
9044563	Ela tem oito relógios.	9044590	Elle a huit montres.
9044653	"Você gostou do filme?" "Não, de jeito nenhum."	9044675	" Vous avez aimé le film ? " " Non, pas du tout. "
9044829	O cachorro entrou no armário.	9044861	Le chien est entré dans le placard.
3454844	Tudo o que escrevemos é autobiográfico.	9050743	Tout ce que nous écrivons est autobiographique.
9053389	Papai Noel anda de trenó.	9053449	Le Père Noël monte sur un traîneau.
9054837	Um só lance de xadrez não é suficiente para revelar a habilidade do jogador; o som de uma corda por si só não é bastante para comover os ouvintes.	9054895	Un seul coup d'échecs n'est pas suffisant pour révéler la compétence du joueur; le son d'une corde à lui seul ne suffit pas à émouvoir les auditeurs.
9060018	Quantas maçãs pode produzir uma semente de maçã?	9060154	Combien de pommes une graine de pomme peut-elle produire ?
9060242	Creio que a língua mais difícil de aprender e de ensinar é o Latim.	9060343	Je crois que la langue la plus difficile à apprendre et à enseigner est le latin.
9068907	Nesta escola de idiomas os alunos aprendem a traduzir cada frase para várias línguas.	9068979	Dans cette école de langues, les élèves apprennent à traduire chaque phrase en plusieurs langues.
9071125	Eu sou o aluno mais velho desta escola de idiomas.	9071140	Je suis l'élève le plus âgé de cette école de langues.
9076080	Minha memória é fraca, mas há coisas que eu jamais poderei esquecer.	9076116	Ma mémoire est faible, mais il y a des choses que je ne peux jamais oublier.
9076971	O Kilimanjaro é a maior montanha isolada do mundo.	9076989	Le Kilimandjaro est la plus grande montagne isolée du monde.
9084491	Minha vida eu daria por um beijo de alguém que foi um dia o meu amor.	9084504	Je donnerais ma vie pour un baiser de quelqu'un qui était autrefois mon amour.
9086215	Ela tinha todo o direito de reclamar.	9086216	Elle avait le droit de se plaindre.
9086303	Isso não te enjoa?	9086305	Ça ne te rend pas malade ?
9086308	Um dia será possível viajar pela galáxia.	9086310	Un jour, il sera possible de parcourir la galaxie.
9090746	Meu sonho era morar, depois de aposentado, numa casinha pequenina à beira-mar.	9090759	Mon rêve était de vivre, après ma retraite, dans une toute petite maison au bord de la mer.
8922359	Isso é grátis.	9099048	Cela est gratuit.
6112043	Leila não quis voltar para o acampamento.	9104902	Leïla ne voulait pas revenir au camp.
6475409	Sempre reconheço os meus erros.	9104972	Je reconnais toujours mes erreurs.
9111641	Minha primeira professora chamava-se Iracema.	9111777	Ma première institutrice s'appelait Iracema.
4856350	Tenho uma caixa cheia de recordações de família.	9113218	J'ai une boîte pleine de souvenirs de famille.
9116943	Você poderia me perdoar?	9116946	Pourriez-vous me pardonner ?
9116954	Os gatos são muito engraçados.	9116959	Les chats sont très drôles.
8569210	Gosto muito de gatos.	9117161	J’aime beaucoup les chats.
9136658	Carlos é brasileiro.	9136672	Carlos est brésilien.
9136677	O Português é a língua materna de Carlos.	9136707	Le portugais est la langue maternelle de Carlos.
9136759	Hoje estou trabalhando para corrigir erros passados.	9136793	Aujourd'hui, je travaille à corriger les erreurs du passé.
9136839	Lisa é alemã. O Alemão é sua língua materna.	9136868	Lisa est allemande. L'allemand est sa langue maternelle.
9138888	Eu falo Esperanto há muito tempo.	9139327	Je parle l'espéranto depuis longtemps.
9139720	Também existe o que não se vê.	9139772	Il y a aussi ce que l'on ne voit pas.
9174288	Mostrei meu desenho aos adultos e perguntei se ele os assustava.	9175057	J'ai montré mon dessin aux adultes et leur ai demandé si cela leur faisait peur.
9176769	Ela voltou de trem.	9176789	Elle est revenue en train.
9177973	O pai de minha mãe tem cabelos e barba brancos.	9178007	Le père de ma mère a les cheveux blancs et une barbe blanche.
9177973	O pai de minha mãe tem cabelos e barba brancos.	9178014	Les cheveux et la barbe du père de ma mère sont blancs.
9178134	Os adultos me disseram que, em vez de desenhar cobras, por dentro ou por fora, eu devia era aprender aritmética, geografia, história e gramática.	9178185	Les grandes personnes m'ont conseillé de laisser de côté les dessins de serpents ouverts ou fermés, et de m'intéresser plutôt à la géographie, à l'histoire, au calcul et à la grammaire.
9182505	Já que os adultos não gostavam dos meus desenhos, não desenhei mais nada.	9182632	Comme les adultes n'aimaient pas mes dessins, je ne dessinais plus rien.
9187962	Eu gosto da Geografia, que me ensinou a distinguir a China do Arizona, conhecimento esse muito útil, especialmente à noite.	9188039	J'aime la géographie, qui m'a appris à reconnaître la Chine de l'Arizona, une connaissance très utile, surtout la nuit.
9393970	O gênio um dia morre. A lenda é imortal.	9394007	Le génie meurt un jour. La légende est immortelle.
5098307	Quero passar mais tempo com você.	9446542	Je veux passer plus de temps avec toi.
7118929	Que cidade é a capital da Holanda?	9453325	Quelle est la capitale des Pays-Bas ?
7118929	Que cidade é a capital da Holanda?	9453326	Quelle est la capitale de la Hollande ?
9454902	Em geral, você prefere listras ou bolinhas?	9454968	En général, préférez-vous les rayures ou les pois ?
9454902	Em geral, você prefere listras ou bolinhas?	9454970	En général, tu préfères les rayures ou les pois ?
9455037	Há listras na bandeira americana.	9455072	Il y a des rayures sur le drapeau américain.
9460942	Diga-me o que você quer fazer.	9460962	Dis-moi ce que tu veux faire.
9464506	Seu jeito de falar era realmente estranho.	9464555	Sa façon de parler était tellement bizarre.
9464673	Paulo realmente não era uma pessoa comum.	9464722	Paul n'était vraiment pas une personne ordinaire.
9481685	Escuto rádio enquanto cozinho.	9481735	J'écoute la radio en cuisinant.
9481789	Economizo dinheiro comendo em casa.	9481856	J'économise de l'argent en mangeant chez moi.
9458697	Onde fica a Argélia?	9483301	Où est l'Algérie ?
9484108	Nossos amigos nos enviavam cartas.	9484121	Nos amis nous envoyaient des lettres.
9489510	Coloque na sala de estar.	9489522	Mettez-le dans le salon.
9489510	Coloque na sala de estar.	9489524	Mettez-la dans le salon.
9489537	Pegue essas canecas e coloque-as na mesa.	9489557	Prenez ces tasses et mettez-les sur la table.
9489534	Ela fala vários idiomas.	9492810	Elle parle plusieurs langues.
9494664	Vamos dormir embaixo desses cobertores.	9494696	Nous allons dormir sous ces couvertures.
9494794	Você não deve abrir a porta porque o bebê está dormindo.	9494844	Il ne faut pas ouvrir la porte, car le bébé dort.
9499484	Tua família mora em Berlim, e tu vais dentro em breve para lá.	9499518	Votre famille habite à Berlin et vous y allez bientôt.
9499484	Tua família mora em Berlim, e tu vais dentro em breve para lá.	9499520	Ta famille habite à Berlin et tu y vas bientôt.
9501238	Você é uma grande amiga.	9501248	Tu es une bonne amie.
9504334	Você vai trabalhar na praia.	9504352	Tu travailleras sur la plage.
9506428	Eu sou muito eficiente quando não há nada para fazer.	9506439	Je suis très efficace quand il n'y a rien à faire.
9506547	Estas traduções estão próximas do texto original.	9506574	Ces traductions sont proches du texte original.
9506691	Eu entendi. Eu não preciso de tradução.	9506737	J'ai compris. Je n'ai pas besoin de traduction.
9507803	Às vezes, os autores traduzem seus próprios textos.	9507853	Parfois, les auteurs traduisent leur propre texte.
9513422	Um grande número de ingleses vive na França.	9513489	Un grand nombre d'Anglais vivent en France.
9514466	Você gostaria de dirigir um carro inglês?	9514504	Tu aimerais rouler avec une voiture anglaise ?
7234543	Não sabes?	9531342	Tu ne sais pas ?
6134029	Eu sempre quis estudar francês.	9531415	J'ai toujours voulu étudier le français.
9551173	O filho de Maria nasceu ontem.	9551204	Le fils de Marie est né hier.
9551323	Meu neto tem uma gatinha branca.	9551326	Mon petit-fils a un chaton blanc.
9590500	Não quero saber o que há neste baú.	9590525	Je ne veux pas savoir ce qu'il y a dans ce coffre.
9602650	Você tem cinco anos.	9602674	Tu as cinq ans.
9602841	Você quer ouvir música?	9602890	Tu veux écouter de la musique ?
9599314	Se quiser, comece.	9603516	Si vous voulez, commencez.
9603953	As casas são muito caras na cidade.	9604061	Les maisons sont très chères en ville.
1946620	Todo mundo sabe que ela é uma víbora.	9622009	Tout le monde sait qu'elle est une vipère.
9626022	Na França, muitos carros funcionam a diesel.	9626102	En France, beaucoup de voitures roulent au gazole.
9638414	Deixe pra lá, é um caso perdido.	9638417	Laisse tomber, c'est un cas désespéré.
9638523	Prefiro amar e sofrer do que viver sem amor.	9638527	Je préfère aimer et souffrir que vivre sans amour.
9639647	Os machos são sempre mais bonitos que as fêmeas.	9639668	Les mâles sont toujours plus beaux que les femelles.
9641448	Não foi possível dizer como o assunto veio à tona.	9641449	On ne pût dire comment la chose avait été ébruitée.
9669587	Viver é fácil, morrer é barato.	9670061	Vivre c'est facile, mourir ne coûte pas cher.
9675217	Ele está se afogando.	9675220	Il est en train de se noyer.
9675399	Ele falava uma língua estranha.	9675408	Il parlait une langue bizarre.
9676933	Você não está feliz? Qual é o problema?	9676936	Tu n'es pas content ? Quel est le problème ?
9677059	Eu estive em Paris há trinta e nove anos.	9677089	Je suis allé à Paris il y a trente-neuf ans.
9677059	Eu estive em Paris há trinta e nove anos.	9677195	J'ai été à Paris il y a trente-neuf ans.
9677320	O que é que você faz nesta empresa?	9677322	Que faites-vous dans cette entreprise ?
9677320	O que é que você faz nesta empresa?	9677323	Vous faites quoi dans cette entreprise ?
9675922	É uma honra!	9677428	C'est un honneur !
9678288	Sente-se, você está me impedindo de ver o jogo.	9678299	Asseyez-vous, vous m'empêchez de voir le match.
9678288	Sente-se, você está me impedindo de ver o jogo.	9678301	Assieds-toi, tu m'empêches de voir le match.
9679615	Eu sei que tua cor favorita é o azul.	9679618	Je sais que ta couleur préférée, c'est le bleu.
9687943	Ele escreveu um livro sobre a mulher de seus sonhos.	9687970	Il a écrit un livre sur la femme de ses rêves.
9690396	"Então, está gostando daqui?" "Não, de jeito nenhum!"	9690401	« Alors, tu aimes être là ? » « Non, pas du tout ! »
9694854	Você pode tocar um instrumento.	9694858	Tu peux jouer d'un instrument.
7081671	O equilíbrio nem sempre é fácil.	9704566	L'équilibre n'est pas toujours facile.
9712611	Você sabe quanto isso custa?!	9712664	Savez-vous combien ça coûte ‽
9712611	Você sabe quanto isso custa?!	9712668	Tu sais combien ça coûte ‽
9715332	Você é um professor muito competente e gentil.	9715362	Vous êtes un enseignant très compétent et gentil.
9716113	Domingo não é dia de trabalho.	9716120	Le dimanche n'est pas un jour ouvrable.
3102729	Dois corpos não podem ocupar o mesmo lugar no espaço.	9720232	Deux corps ne peuvent pas occuper la même place dans l'espace.
9722477	É útil saber falar Francês em Paris.	9722561	Il est utile de savoir parler français à Paris.
1530667	Nosso time ganhou de três a um.	9727947	Notre équipe a gagné trois à un.
9733850	Estou com dor de cabeça. Vou me deitar.	9733877	J'ai mal à la tête. Je vais m'allonger.
9734380	Eu tento ser bom aluno, mas estou muito velho para aprender.	9734425	J'essaie d'être un bon élève, mais je suis trop vieux pour apprendre.
9734464	Um homem velho não aprende facilmente um novo idioma.	9734467	Un vieil homme n'apprend pas facilement une nouvelle langue.
9736706	Eu nunca serei fluente em Alemão, mas estou contente por entender um pouquinho dessa bela língua.	9736717	Je ne parlerai jamais couramment l'allemand, mais je suis heureux de comprendre un peu cette belle langue.
9736800	Você deve copiar esta frase cem vezes.	9736816	Il faut que vous copiiez cette phrase cent fois.
9736800	Você deve copiar esta frase cem vezes.	9736864	Il faut que tu copies cette phrase cent fois.
5553622	Aconteceu há tanto tempo.	9741192	Cela s'est passé il y a très longtemps.
9725137	Não tenho uma boa resposta para essa pergunta.	9751865	Je n'ai pas de bonne réponse à cette question.
9483689	Ela precisa descansar.	9753643	Elle a besoin de se reposer.
9763031	Eu não falo esperanto.	9763055	Je ne parle pas espéranto.
1043748	A legislação foi modificada.	9763644	La législation a été modifiée.
7210241	Você estuda numerologia?	9765516	Étudies-tu la numérologie ?
7210220	Por que o Tom me ajudaria?	9765522	Pourquoi Tom m'aiderait-il ?
7210219	Em alemão, todos os substantivos são escritos em maiúscula.	9765531	En allemand, tous les noms prennent une majuscule.
5129336	Eu pensei muito em você no mês passado.	9777727	J'ai beaucoup pensé à toi le mois dernier.
9807163	A dança é o casamento do corpo e da mente.	9807167	La danse est le mariage du corps et de l'esprit.
9807269	O clima deste país é frio e seco.	9807280	Le climat de ce pays est froid et sec.
8594177	Eu ignorava tudo.	9823479	J’ignorais tout.
9829219	Nós queremos que vocês falem Francês.	9829227	Nous voulons que vous parliez français.
9829950	Embora você entenda francês, não entende espanhol.	9829956	Bien que tu comprennes le français, tu ne comprends pas l'espagnol.
9831382	Os anúncios do casamento, você os enviou?	9831383	Les faire-part de mariage, les avez-vous envoyés ?
9831382	Os anúncios do casamento, você os enviou?	9831385	Les faire-part de mariage, les as-tu envoyés ?
9831531	Ele diz que é viúvo, mas não é verdade.	9831534	Il dit qu'il est veuf, mais ce n'est pas vrai.
9824638	Eu os matei.	9831549	Je les ai tués.
9833742	Eu caí porque desci muito rápido.	9833744	Je suis tombé parce que je suis descendu trop vite.
9837035	Nós teríamos ajudado, se você tivesse pedido.	9837084	Nous aurions aidé, si vous l'aviez demandé.
9837035	Nós teríamos ajudado, se você tivesse pedido.	9837090	Nous aurions aidé, si tu avais demandé.
9837197	Se eu fosse um animal, seria um gato.	9837210	Si j'étais un animal, je serais un chat.
9838383	Cada centímetro de sua pele está coberto de tatuagens.	9838390	Chaque centimètre de sa peau est couvert de tatouages.
9838521	Tenho a impressão de que algo está faltando.	9838534	J'ai l'impression qu'il manque quelque chose.
9840672	Uma abelha só pica se for atacada.	9840680	Une abeille ne pique que si elle est attaquée.
9840706	Dentro da colmeia, cheirava a mel.	9840718	À l'intérieur de la ruche, ça sentait le miel.
9843019	Ele não consegue abrir a boca sem dizer um palavrão.	9843020	Il ne peut pas ouvrir la bouche sans dire un gros mot.
4564423	Aproveitou bem as férias?	9844227	Avez-vous bien profité de vos vacances ?
9845002	Minha mãe teve sete filhos e quatro filhas. Tinha cinco irmãs.	9845056	Ma mère a eu sept fils et quatre filles. Elle avait cinq sœurs.
9846244	Ele passava horas estudando Francês.	9846268	Il passait des heures à étudier le français.
9848696	Um mundo melhor para as mulheres é um mundo melhor para todo o mundo.	9848753	Un monde meilleur pour les femmes est un monde meilleur pour tous.
9853490	Eles saberão falar Francês no final dos estudos.	9853522	Ils sauront parler français à la fin de leurs études.
9858253	Depois que meu professor as corrige, minhas frases ficam muito mais bonitas.	9858260	Une fois que mon professeur les a corrigées, mes phrases deviennent beaucoup plus belles.
7730174	O Brasil é um país enorme.	9858372	Le Brésil est un pays énorme.
9858432	Aprendi mais neste domingo do que na semana inteira.	9858443	J'ai appris plus ce dimanche que toute la semaine.
9867324	Tenho um pente de madeira que comprei no Brasil.	9867372	J'ai un peigne en bois que j'ai acheté au Brésil.
3158433	A verdade é filha do tempo.	9868778	La vérité est fille du temps.
9869150	Sou um velho estudante da língua russa, mas, infelizmente, não tenho completo domínio sobre esse belo idioma.	9869291	Je suis un ancien étudiant de russe, mais, malheureusement, je n'ai pas une maîtrise complète de cette belle langue.
9890812	Este é o quarto sábado do mês de março.	9890983	C'est le quatrième samedi du mois de mars.
9891153	Amanhã é o segundo domingo do mês de maio.	9891320	Demain, c'est le deuxième dimanche de mai.
9891428	Ontem foi a primeira segunda-feira do mês de fevereiro.	9891544	Hier, c'était le premier lundi de février.
9891609	Hoje é a terceira sexta-feira do mês de janeiro.	9891739	Aujourd'hui, c'est le troisième vendredi de janvier.
9916960	O campeão de corrida de velocidade é jamaicano.	9917053	Le champion du sprint est jamaïcain.
9920504	Qual é o seu clube de futebol preferido?	9920569	Quel est votre club de football préféré ?
9920504	Qual é o seu clube de futebol preferido?	9920573	Quel est ton club de foot préféré ?
9921903	O xadrez, alegoria de uma guerra, é um jogo de ataque e defesa.	9921911	Les échecs, allégorie d'une guerre, sont un jeu d'attaque et de défense.
9871914	Sou brasileiro, e você?	9922001	Je suis brésilien, et toi ?
9922245	O xadrez é uma luta entre dois exércitos: um de uniforme branco e outro de uniforme preto.	9922254	Les échecs sont un combat entre deux armées : l'une en uniforme blanc et l'autre en uniforme noir.
9924451	A dama é a peça mais poderosa. Em segundo lugar vem a torre. O bispo e o cavalo têm aproximadamente o mesmo valor. O peão é quem tem o menor valor relativo.	9924683	La dame est la pièce la plus puissante. Ensuite vient la tour. Le fou et le cavalier ont à peu près la même valeur. Le pion a la valeur relative la plus basse.
9926322	Todo o mundo tem o direito de ficar maluco.	9926326	Tout le monde a le droit de devenir fou.
9926489	Se o exército de uniforme branco não consegue aprisionar o rei de uniforme preto, nem o exército de uniforme preto consegue aprisionar o rei de uniforme branco, a partida termina sem vencedor. É um empate.	9926520	Si l'armée en uniforme blanc ne peut emprisonner le roi en uniforme noir, ni l'armée en uniforme noir ne peut emprisonner le roi en uniforme blanc, le jeu se termine sans vainqueur. C'est un match nul.
9926652	O exército de uniforme branco sempre faz o primeiro lance do jogo.	9926670	L'armée en uniforme blanc fait toujours le premier pas dans le jeu.
9926689	Se um peão é capturado, sai do tabuleiro do jogo.	9926712	Si un pion est capturé, il quitte le plateau de jeu.
9926716	Os bispos, os cavalos, as torres e as damas também podem ser capturados, sendo retirados do tabuleiro.	9926730	Les fous, les cavaliers, les tours et les dames peuvent également être capturés et retirés du plateau.
9926745	Só o rei não pode ser capturado. O aprisionamento de um rei, isto é, o cheque-mate, significa o fim do jogo.	9926753	Seul le roi ne peut pas être capturé. L'emprisonnement d'un roi, c'est-à-dire échec et mat, signifie la fin de la partie.
9927110	O objetivo de ambos os exércitos é aprisionar o rei do adversário.	9927133	L'objectif des deux armées est d'emprisonner le roi de l'adversaire.
9927138	Embora pareça impossível traduzir esse trocadilho, muita gente tenta!	9927170	Bien qu'il semble impossible de traduire ce jeu de mots, beaucoup de gens essaient !
9927567	Henrique Mecking é o mais importante jogador de xadrez do Brasil.	9927597	Henrique Mecking est le joueur d'échecs le plus important du Brésil.
9927623	Judit Polgár é a mais importante jogadora de xadrez da Hungria.	9927633	Judit Polgár est la joueuse d'échecs la plus importante de Hongrie.
9927653	Magnus Carlsen é o mais importante jogador de xadrez da Noruega.	9927666	Magnus Carlsen est le joueur d'échecs le plus important de Norvège.
9928325	Na Rússia há muitos jogadores de xadrez importantes e famosos.	9928334	En Russie, il y a de nombreux joueurs d'échecs importants et célèbres.
9928343	José Raúl Capablanca foi um dos jogadores de xadrez mais brilhantes de todos os tempos. Era cubano.	9928351	José Raúl Capablanca était l'un des joueurs d'échecs les plus brillants de tous les temps. Il était cubain.
9928475	Ele quase ganhou a partida que jogou com Judit, mas acabou empatando.	9928482	Il a presque gagné le match qu'il a joué avec Judit, mais le résultat était une égalité.
9930142	Alexander Alekhine, Mikhail Botvinnik, Vassili Smyslov, Mikhail Tal, Tigran Petrosian, Boris Spasski, Viktor Korchnoi, Anatoli Karpov e Gari Kasparov são extraordinários e famosíssimos jogadores de xadrez, todos eles da Rússia.	9930173	Alexander Alekhine, Mikhail Botvinnik, Vassili Smyslov, Mikhail Tal, Tigran Petrosian, Boris Spasski, Viktor Korchnoi, Anatoli Karpov et Gari Kasparov sont des joueurs d'échecs extraordinaires et très célèbres, tous de Russie.
9930187	No jogo do xadrez, os cavalos saltam de uma maneira estranha.	9930204	Dans le jeu d'échecs, les cavaliers sautent d'une manière étrange.
9930291	Nas competições de xadrez, cada jogador dispõe de determinado tempo, controlado por um relógio, para fazer seus lances.	9930331	Dans les compétitions d'échecs, chaque joueur dispose d'un certain temps, contrôlé par une horloge, pour effectuer ses mouvements.
9930394	O tempo estipulado para a duração de uma partida de xadrez pode ser de várias horas ou de poucos minutos.	9930408	Le temps stipulé pour la durée d'une partie d'échecs peut être de plusieurs heures ou quelques minutes.
9847306	Ela é perfeita!	9939994	Elle est parfaite !
9940599	No xadrez há três fases: a abertura, o meio jogo e o final.	9940618	Il y a trois phases aux échecs : l'ouverture, le milieu du jeu et la fin.
9940749	Eu cheguei a pensar que não poderia viver sem a amizade dela.	9940766	J'en suis venu à penser que je ne pourrais pas vivre sans son amitié.
9940962	Ele tem mais amor pela amante do que pela esposa.	9940982	Il aime sa maîtresse davantage que sa femme.
9942333	No DNA da ostra está o programa que realiza, molécula por molécula, a construção da pérola.	9942353	Dans l'ADN de l'huître se trouve le programme qui effectue, molécule par molécule, la construction de la perle.
9943556	No xadrez, cada exército realiza manobras para conquistar posições vantajosas no campo de batalha ou para infligir perdas materiais ao adversário.	9943565	Aux échecs, chaque armée effectue des manœuvres pour gagner des positions avantageuses sur le champ de bataille ou pour infliger des pertes matérielles à l'adversaire.
9943593	No xadrez, conquistar o domínio de determinada posição pode ser mais vantajoso que realizar ganhos materiais.	9943604	Aux échecs, gagner la domination sur une position donnée peut être plus avantageux que de réaliser des gains matériels.
9943628	No xadrez, quase sempre vale a pena sacrificar material para conquistar o domínio de uma posição vantajosa no campo de batalha.	9943636	Aux échecs, il vaut presque toujours la peine de sacrifier du matériel pour gagner la domination d'une position avantageuse sur le champ de bataille.
9943666	No xadrez, é de suma importância a coordenação harmoniosa das forças de ataque e defesa.	9943675	Aux échecs, une coordination harmonieuse des forces d'attaque et de défense est de la plus haute importance.
9943809	Apoiado por uma torre, o peão avançou até o extremo do campo, decidindo a partida.	9943819	Soutenu par une tour, le pion s'avança jusqu'au bout du terrain, décidant le match.
9943861	Efim Geller, Paul Keres e David Bronstein foram grandes jogadores de xadrez russos.	9943881	Efim Geller, Paul Keres et David Bronstein étaient de grands joueurs d'échecs russes.
9943992	Um dos enxadristas mais famosos da Espanha foi Arturo Pomar.	9944019	L'un des joueurs d'échecs les plus célèbres d'Espagne était Arturo Pomar.
9944211	Lajos Portisch é um enxadrista húngaro muito famoso.	9944252	Lajos Portisch est un joueur d'échecs hongrois très connu.
9944290	Miguel Najdorf e Oscar Panno são dois famosos enxadristas argentinos. Najdorf nasceu na Polônia.	9944319	Miguel Najdorf et Oscar Panno sont deux célèbres joueurs d'échecs argentins. Najdorf est né en Pologne.
9944433	A ostra faz a pérola, a abelha faz o mel, o homem faz a ciência.	9944479	L'huître fait la perle, l'abeille fait le miel, l'homme fait la science.
9937965	Somos todos eternos aprendizes.	9944558	Nous sommes tous des apprenants éternels.
9937965	Somos todos eternos aprendizes.	9944573	Nous apprenons toujours quelque chose.
9944612	A coroação de um peão no xadrez tem mais valor que o "touchdown" no futebol americano.	9944652	Le couronnement d'un pion aux échecs est plus précieux que le touché au football.
9946163	Com seus cavalos atacando e criando ameaças no campo do adversário, o exército de uniforme branco alcançou a vitória.	9946188	Avec leurs chevaux attaquant et créant des menaces dans le champ de l'adversaire, l'armée en uniforme blanc a remporté la victoire.
9946254	Com uma manobra sagaz, o exército de uniforme preto capturou a dama do adversário, e este se rendeu, pois sem sua figura mais valiosa seria inútil continuar lutando. A batalha estava perdida.	9946281	Par le moyen d'une manœuvre astucieuse, l'armée en uniforme noir captura la dame de l'adversaire, et il se rendit, car sans sa figure la plus précieuse, il serait inutile de continuer à se battre. La bataille était perdue.
9946486	No xadrez, o fator tempo é de máxima importância. O exército que mobilizar suas tropas mais rapidamente é o que terá maiores possibilidades de vencer.	9946533	Aux échecs, le facteur temps est de la plus haute importance. L'armée qui mobilise le plus rapidement ses troupes est celle qui a le plus de chances de gagner.
9947756	A estratégia, isto é, o plano de ação, do exército de uniforme preto revelou-se superior à do seu adversário, pois foi aquela força armada que venceu a batalha.	9947791	La stratégie, c'est-à-dire le plan d'action, de l'armée en uniforme noir s'est avérée supérieure à celle de son adversaire, puisque c'est cette force armée qui a gagné la bataille.
9947820	Uma boa estratégia proporcionará oportunidades de manobras táticas capazes de enfraquecer as defesas do adversário.	9947833	Une bonne stratégie offrira des opportunités de manœuvres tactiques capables d'affaiblir les défenses de l'adversaire.
9948317	Muitas frases em Toki Pona, que adicionei a Tatoeba, ainda contêm erros, que meu professor corrige, gentil e pacientemente.	9948575	De nombreuses phrases en Toki Pona, que j'ai ajoutées à Tatoeba, contiennent encore des erreurs, que mon professeur corrige, gentiment et patiemment.
9948859	Nós temos sorte de ter um professor tão competente e gentil.	9948860	Nous avons de la chance d'avoir un professeur aussi compétent et aimable.
9949389	A Internet ampliou de maneira ilimitada, no mundo inteiro, as possibilidades de estudo e de prática do xadrez.	9949424	L'Internet a élargi les possibilités d'étudier et de pratiquer les échecs partout dans le monde.
9949463	O cavalo se movimenta segundo a figura da letra "L": duas casas na vertical e uma na horizontal, ou uma casa na vertical e duas na horizontal.	9949476	Le cavalier se déplace selon la figure de la lettre « L » : deux carrés verticalement et un horizontalement, ou un carré verticalement et deux horizontalement.
9949944	Se o jogador a quem cabe a vez de jogar tocar uma peça, terá de movê-la, a não ser que nenhum movimento válido dessa peça seja possível.	9949948	Si le joueur dont c'est le tour de jouer touche une pièce, il doit la déplacer, à moins qu'aucun mouvement valide de cette pièce ne soit possible.
9950713	Se as brancas têm um peão em e5 e as negras jogam seu peão de d7 a d6, o peão branco pode tomar o peão negro, retirando-o do tabuleiro e ocupando d6.	9950751	Si le blanc a un pion à e5 et que le noir joue son pion de d7 à d6, le pion blanc peut prendre le pion noir, le retirant du plateau et occupant d6.
9950788	Se as brancas têm um peão em e5 e as negras jogam seu peão de d7 a d5, o peão branco pode tomar o peão negro, retirando-o do tabuleiro e ocupando d6, como se o peão negro aí estivesse. Isso se chama tomar "en passant".	9950801	Si le blanc a un pion en e5 et que le noir joue son pion de d7 à d5, le pion blanc peut prendre le pion noir, le retirant du plateau et occupant d6, comme si le pion noir était là. C'est ce qu'on appelle la prise « en passant ».
9951142	A tomada "en passant" só se pode realizar no lance imediatamente seguinte àquele em que um peão tenta ir além de uma casa controlada pelo adversário. Se não acontecer nesse momento, não poderá ser feita depois.	9951165	La prise « en passant » ne peut être effectuée que dans le mouvement immédiatement après celui où un pion tente de dépasser une case contrôlée par l'adversaire. Si cela ne se produit pas à ce moment-là, cela ne peut pas être fait par la suite.
9951227	A captura "en passant" é uma peculiaridade do movimento do peão. Nenhuma outra peça do xadrez pode realizar algo semelhante.	9951231	La prise « en passant » est une particularité du mouvement des pions. Aucune autre pièce d'échecs ne peut faire quelque chose comme ça.
9951287	Os computadores aprenderam a jogar xadrez de tal maneira que hoje poucos enxadristas, se é que há algum, em todo o mundo são capazes de derrotar a máquina.	9951339	Les ordinateurs ont appris à jouer aux échecs de telle manière qu'aujourd'hui peu de joueurs d'échecs, voire aucun, dans le monde entier sont capables de vaincre la machine.
9951915	O tabuleiro de xadrez estava na posição errada, pois as casas h1 e a8 eram pretas.	9951947	L'échiquier était dans la mauvaise position, car les cases h1 et a8 étaient noires.
9952117	A partida estaria perdida se Judit, com grande habilidade e astúcia, não tivesse forçado Ferenc a aceitar o sacrifício da dama dela, após o que se produziu a situação de empate "por afogamento".	9952134	Le match aurait été perdu si Judit, avec beaucoup d'habileté et de ruse, n'avait pas forcé Ferenc à accepter le sacrifice de sa dame, après quoi la situation d'égalité « par noyade » s'est produite.
9952342	Aquele final se resumia ao confronto entre um bispo bom, isto é, que dispunha de boas casas sobre as quais atuar, e um bispo mau, quer dizer, que tinha sua área de ação restringida por seus próprios peões.	9952399	Cette fin du jeu se résumait à la confrontation entre un bon fou, c'est-à-dire qui avait de bonnes cases sur lesquelles agir, et un mauvais fou, c'est-à-dire qui avait son champ d'action restreint par ses propres pions.
9952495	Nem é preciso dizer que o bispo bom venceu o duelo com o bispo mau.	9952497	Ça va sans dire que le bon fou a remporté le duel avec le mauvais fou.
9952618	Ambos os jogadores têm um bispo para as casas brancas e um bispo para as casas pretas.	9952628	Les deux joueurs ont un fou pour les cases blanches et un fou pour les cases noires.
9952822	Eu sou mais velho que ele 9 dias (e 61 anos).	9952827	Je suis plus âgé que lui de 9 jours (et 61 ans).
9952954	A ação conjunta de um par de bispos pode decidir uma partida.	9952974	L'action conjointe de deux fous peut décider d'un match.
9953112	Postado em uma casa central, o cavalo tem um raio de ação que abrange oito casas em torno dele. De uma casa branca, ele controla casas pretas. De uma casa preta, ele controla casas brancas.	9954111	Situé sur une case centrale, le cheval a la capacité d'agir sur huit cases autour de lui. D'une case blanche, il atteint des cases noires. D'une case noire, il atteint des cases blanches.
9954132	O cavalo é capaz de atacar ao mesmo tempo duas peças distantes uma da outra.	9954192	Le cavalier peut en même temps attaquer deux pièces pas proches l'une de l'autre.
9954233	O vaga-lume, a abelha, o beija-flor... Com tais seres, que tenho de comum?	9954242	La luciole, l'abeille, le colibri... avec de tels êtres, qu'est-ce que j'ai en commun ?
9954423	Gambito é uma manobra de abertura em que geralmente se oferece um peão para adquirir vantagem de posição, romper a estrutura central do adversário ou acelerar o desenvolvimento das peças.	9954461	Le gambit est une manœuvre d'ouverture dans laquelle on propose généralement un pion pour obtenir un avantage de position, pour briser la structure centrale de l'adversaire ou pour accélérer le développement des pièces.
9954897	Na posição inicial do jogo, as pretas têm as torres em a8 e h8, os cavalos em b8 e g8, os bispos em c8 e f8, a dama em d8 e o rei em e8. Seus oito peões ocupam a sétima fila do tabuleiro, de a7 a h7.	9954921	En position de départ du jeu, les noirs ont les tours sur a8 et h8, les cavaliers sur b8 et g8, les fous sur c8 et f8, la dame sur d8 et le roi sur e8. Ses huit pions occupent la septième rangée du plateau, de a7 à h7.
9954957	Na posição inicial do jogo, as brancas têm o rei numa casa preta e as pretas têm o rei numa casa branca.	9955147	Dans la position de départ du jeu, le blanc a le roi sur une case noire et le noir le roi sur une case blanche.
9955264	Na posição inicial do jogo, as brancas têm a dama em uma casa branca e as pretas têm a dama em uma casa preta.	9955267	Dans la position de départ du jeu, le blanc a la dame sur une case blanche et le noir a la dame sur une case noire.
9956747	Quanto mais cedo as crianças tiverem contato com o xadrez, mais possibilidades terão de vir a tornar-se hábeis enxadristas ou enxadristas profissionais.	9956778	Plus tôt les enfants entreront en contact avec les échecs, plus ils auront de possibilités de devenir des joueurs d'échecs expérimentés ou des joueurs d'échecs professionnels.
9956839	O gambito do rei (1. e4 e5 2. f4) e o gambito da dama (1. d4 d5 2. c4) são duas das aberturas mais conhecidas do jogo de xadrez.	9956906	Le gambit du roi (1. e4 e5 2. f4) et le gambit de la dame (1. d4 d5 2. c4) sont deux des ouvertures les plus connues du jeu d'échecs.
9956995	Sobre o xadrez e seus maiores expoentes têm sido escritos muitos livros de particular interesse para os que amam esse jogo fascinante.	9957060	À propos des échecs et de ses plus grands représentants, de nombreux livres d'un intérêt particulier ont été écrits pour ceux qui aiment ce jeu fascinant.
9957079	Toda língua fica mais bonita quando se usa para dizer ou escrever algo sobre o xadrez.	9957105	Chaque langue est plus belle lorsqu'elle est utilisée pour dire ou écrire quelque chose sur les échecs.
9957109	Quando escrevo, procuro imaginar como a ideia que desejo exprimir poderia ser traduzida para outra língua.	9957118	Quand j'écris, j'essaie d'imaginer comment l'idée que je veux exprimer pourrait être traduite dans une autre langue.
9956975	"O Gambito da Rainha" é o título de uma série recente. A personagem principal, Beth Harmon, é uma pequena órfã que se torna excepcional jogadora de xadrez.	9957134	"Le Gambit de Dame" est le titre d'une série récente. Le personnage principal, Beth Harmon, est une petite orpheline qui devient une joueuse d'échecs exceptionnelle.
9955720	Às vezes, um dos jogadores consegue forçar o adversário a fazer um lance que lhe acarrete a derrota. Diz-se então que aquele colocou o oponente em zugzwang.	9957450	Parfois, l'un des joueurs parvient à forcer l'adversaire à faire un mouvement qui lui fait perdre. On dit alors qu'il a mis l'adversaire en zugzwang.
9957879	Judit pegou a torre e a levou até a7, mas, um momento antes de soltá-la, mudou de ideia e a deixou em a3.	9957935	Judit a pris la tour et l'a emmenée en a7, mais un peu avant de la relâcher, elle a changé d'avis et l'a laissée sur a3.
9959213	Poucos têm interesse em traduzir para outras línguas minhas frases em Português. Por isso eu me esforço para fazer eu mesmo algumas traduções. E tenho tido a sorte de encontrar colaboradores de boa vontade, que me corrigem os erros cometidos.	9959351	Rares sont ceux qui souhaitent traduire mes phrases en portugais dans d’autres langues. J'essaye donc de faire des traductions moi-même. Et j'ai eu la chance de trouver des collaborateurs de bonne volonté, qui corrigent mes erreurs.
9959961	Quanto mais me esforço, mais erros cometo.	9959984	Plus j'essaye, plus je fais d'erreurs.
9962981	Deep Blue, supercomputador criado pela IBM na década de noventa para jogar xadrez no mais alto nível, foi aposentado (destruído?) depois do segundo match, disputado em 1997, contra o Grande Mestre Garry Kasparov. Muita controvérsia existe até hoje em torno dessas partidas históricas.	9963051	Deep Blue, un supercalculateur créé par IBM dans les années 90 pour jouer aux échecs au plus haut niveau, a été retiré (détruit?) après le deuxième match, disputé en 1997, contre le grand maître Garry Kasparov. Une grande controverse existe encore autour de ces matchs historiques.
9962659	O recurso ao auxílio de máquinas de análise é terminantemente proibido em competições formais de xadrez.	9963607	L'utilisation de machines d'analyse est strictement interdite dans les compétitions d'échecs formelles.
9963864	Xadrez às cegas é uma modalidade de xadrez em que um enxadrista faz seus lances sem ver o tabuleiro e sem fazer qualquer registro escrito, devendo, portanto, manter todas as posições da partida exclusivamente na memória.	9963888	Les échecs à l'aveugle sont un type d'échecs dans lequel un joueur d'échecs effectue ses mouvements sans les enregistrer en aucune manière et sans voir le plateau. Donc il a besoin de garder toutes les positions de la partie exclusivement dans sa mémoire.
9964767	Em Tatoeba há grandes pensadores.	9964814	Chez Tatoeba, il y a de grands penseurs.
9967478	A abertura Ruy López, também conhecida como abertura espanhola (1. e4 e5 2. ♘f3 ♘c6 3. ♗b5), é talvez a mais famosa e certamente uma das mais estudadas linhas de jogo do xadrez.	9967571	L'ouverture Ruy López, également connue sous le nom d'ouverture espagnole (1. e4 e5 2. ♘f3 ♘c6 3. ♗b5), est peut-être la plus célèbre et certainement l'une des lignes du jeu d'échecs les plus étudiées.
9968154	É conhecido como ELO o número calculado pelo sistema adotado pela FIDE para avaliação da habilidade de um enxadrista profissional.	9968235	ELO est le nombre calculé par le système adopté par la FIDE pour évaluer la compétence d'un joueur d'échecs professionnel.
9968631	No xadrez, assim como em outras modalidades esportivas, ninguém é imbatível.	9968723	Aux échecs, comme dans d'autres sports, personne n'est imbattable.
9969408	O inventor Ferdinand Maack queria tornar o xadrez parecido com uma guerra moderna, com ataques possíveis não só em uma superfície bidimensional, mas também a partir do ar e de sob a água.	9969461	L'inventeur Ferdinand Maack voulait faire ressembler les échecs à une guerre moderne, avec des attaques possibles non seulement sur une surface bidimensionnelle, mais aussi depuis les airs et sous l'eau.
9969528	Sergey Karjakin tornou-se, aos 12 anos e sete meses de idade, o enxadrista mais jovem, na história do xadrez, a conquistar o título de Grande Mestre.	9969541	Sergey Karjakin est devenu, à 12 ans et 7 mois, le plus jeune joueur d'échecs de l'histoire des échecs à recevoir le titre de grand maître.
9970414	Traduzir uma frase a Toki Pona equivale a exprimir-lhe o sentido em termos concretos e de maneira bastante simples.	9970535	Traduire une phrase en Toki Pona équivaut à exprimer sa signification en termes concrets et de manière très simple.
9970602	Estamos no vigésimo primeiro ano do século vinte e um.	9970644	Nous sommes dans la vingt et unième année du vingt et unième siècle.
9971315	Eu cometi um pequeno erro.	9971331	J'ai fait une petite erreur.
9973711	Você também é uma loura linda.	9973719	Vous êtes aussi une belle blonde.
9974859	Fala-se Português não somente em Portugal e no Brasil.	9974867	Le portugais n'est pas parlé uniquement au Portugal et au Brésil.
9975652	Eu sou muito velho.	9975660	Je suis très vieux.
9975687	Na comunidade de Toki Pona, o Brasil era considerado uma terra "fácil".	9975704	Dans la communauté de Toki Pona, le Brésil était considéré comme une terre « facile ».
9976095	Eles disseram que eram parentes da noiva.	9976130	Ils ont dit qu'ils étaient liés à la mariée.
9976152	Elas disseram que eram primas do noivo.	9976202	Elles ont dit qu'elles étaient les cousines ​​du marié.
9976223	Eu aceitei os convites.	9976261	J'ai accepté les invitations.
9977024	Em 2001, a prática do xadrez foi reconhecida como esporte pelo Comitê Olímpico Internacional. Desde então, vêm sendo realizadas as olimpíadas de xadrez.	9977076	En 2001, la pratique des échecs a été reconnue comme sport par le Comité International Olympique. Depuis lors, les Jeux olympiques d'échecs ont eu lieu.
9977087	Eu tento aprender Toki Pona, mas vejo que é muito difícil dominar uma língua tão simplificada.	9977103	J'essaie d'apprendre le Toki Pona, mais je vois qu'il est très difficile de maîtriser un langage aussi simplifié.
9977186	Comemora-se em 19 de novembro, todos os anos, o Dia Internacional do Enxadrismo, porque naquela data nasceu José Raúl Capablanca, um dos maiores enxadristas de todos os tempos.	9977210	La journée internationale des échecs est célébrée le 19 novembre de chaque année, car à cette date est né José Raúl Capablanca, l'un des plus grands joueurs d'échecs de tous les temps.
9977224	O xadrez é um dos jogos mais populares do mundo, sendo praticado por milhões de pessoas em torneios (amadores e profissionais), clubes, escolas, pela internet ou ainda por correspondência.	9977232	Les échecs sont l'un des jeux les plus populaires au monde, joué par des millions de personnes dans des tournois (amateurs et professionnels), des clubs, des écoles, sur Internet ou même par correspondance.
9978458	Toki Pona é um quebra-cabeça de 120 peças. Cada peça tem várias formas, que se podem encaixar para compor diferentes figuras. A interpretação dessas figuras pelo compositor nem sempre corresponde à das pessoas que as tentam decifrar.	9978477	Toki Pona est un puzzle de 120 pièces. Chaque pièce a plusieurs formes, qui peuvent s'emboîter pour composer différentes figures. L'interprétation de ces figures par le compositeur ne correspond pas toujours à celle des personnes qui tentent de les déchiffrer.
9978920	Toki Pona é uma donzela muito simples, que porém não se entrega facilmente.	9978942	Toki Pona est une jeune fille très simple qui, cependant, ne se rend pas facilement.
9978920	Toki Pona é uma donzela muito simples, que porém não se entrega facilmente.	9978943	Toki Pona est une jeune fille très simple. Pourtant, elle ne se rend pas facilement.
9979233	Meu professor trabalha mais que todos os seus alunos juntos.	9979257	Mon professeur travaille plus dur que tous ses élèves ensemble.
9979268	Esta frase tem um ritmo quaternário.	9979282	Cette phrase a un rythme quaternaire.
9979496	Para continuar, pressione qualquer tecla.	9979503	Pour continuer, appuyez sur n'importe quelle touche.
9980583	Assim como o amor e a música, o xadrez tem o dom de fazer as pessoas felizes.	9980611	Tout comme l'amour et la musique, les échecs ont le don de rendre les gens heureux.
9980655	O xadrez pode fazer feliz todo aquele que desejar desvendar-lhe os mistérios.	9980701	Les échecs peuvent rendre heureux quiconque souhaite percer ses mystères.
9980764	Resolver um exercício de tática, entender um final difícil, acompanhar uma partida ao vivo e tentar "adivinhar" os lances que serão jogados. Tudo isso é divertido.	9980795	Résoudre un exercice tactique, comprendre une fin de jeu difficile, suivre un match en direct et essayer de « deviner » les coups qui seront joués. Tout cela est amusant.
9980955	Conhecer a história das grandes partidas e dos grandes torneios aviva-nos o interesse pela maior compreensão do fascinante jogo do xadrez.	9980981	Connaître l'histoire des grands jeux et des grands tournois nous rend plus intéressés par la compréhension du jeu fascinant des échecs.
4820395	Que Toki Pona continue sendo simples!	9981422	Que toki pona reste simple !
4520916	Eu sei um pouquinho de Toki Pona.	9981456	Je connais un peu Toki Pona.
9981593	Toki Pona só tem palavras para números pequenos.	9981638	Toki Pona n'a de mots que pour les petits nombres.
4520942	A pequena comunidade tem uma língua simples.	9981755	La petite communauté a un langage simple.
4811794	É desta maneira que eu gostaria de usar Toki Pona.	9982208	C'est ainsi que j'aimerais utiliser le toki pona.
4879106	A gramática de Toki Pona é muito simples.	9982214	La grammaire du toki pona est très simple.
4589916	São quatro os pontos cardeais: norte, sul, leste e oeste.	9982666	Il y a quatre points cardinaux : nord, sud, est et ouest.
9982846	Nosso professor nos ensina principalmente a trabalhar.	9982884	Notre professeur nous apprend principalement à travailler.
9196138	Estou começando a entender o espírito de Toki Pona.	9982906	Je commence à comprendre l'esprit du toki pona.
9201448	Que língua bonita é Toki Pona!	9982915	Quelle belle langue est le toki pona !
9986519	Não se pode ter certeza de nada neste mundo.	9986539	Vous ne pouvez être sûr de rien dans ce monde.
9987589	Não me deixes! Não te vás!	9987607	Ne me quitte pas ! Ne pars pas !
9987707	Eu sou o aluno mais velho da escola.	9987717	Je suis l'élève le plus âgé de l'école.
9987797	Não conheço a bandeira deste país.	9987806	Je ne connais pas le drapeau de ce pays.
9988014	Toki Pona é uma língua muito fácil. Dominá-la porém é bem difícil.	9988061	Toki pona est une langue très simple. La maîtriser, cependant, est très difficile.
9988481	Anish Giri (2776) venceu ontem (24.04.2021) ao americano Fabiano Caruana (2820) em extraordinária partida pelo Torneio dos Candidatos, que apontará o próximo desafiante do atual campeão mundial, Magnus Carlsen. O holandês conduziu magistralmente as peças negras numa Defesa Siciliana.	9988500	Anish Giri (2776) s'est imposé hier (24.04.2021) face à l'Américain Fabiano Caruana (2820) dans un match extraordinaire du Tournoi des Candidats, qui désignera le prochain challenger de l'actuel champion du monde, Magnus Carlsen. Le Néerlandais a joué magistralement avec les pièces noires dans une défense sicilienne.
9988986	O xadrez é um bom companheiro para toda a vida.	9989284	Les échecs sont un bon compagnon pour la vie.
9961059	A criança que por volta, digamos, dos cinco aos oito anos de idade puder aprender o jogo do xadrez terá muito mais facilidade que um adulto em dominar as complexidades desse jogo-ciência-arte.	9990756	L'enfant qui, disons, de cinq à huit ans, peut apprendre le jeu d'échecs trouvera beaucoup plus facile qu'un adulte de maîtriser les complexités de ce jeu-science-art.
9992961	A mulher que se casa com um rei se torna rainha, mas o homem que se casa com uma rainha não se torna rei.	9992972	Une femme qui épouse un roi devient une reine, mais un homme qui épouse une reine ne devient pas un roi.
9993006	A importância do rei é tão grande, que a mulher com quem ele se casar se tornará, automaticamente, rainha.	9993078	L'importance du roi est si grande que la femme qu'il épouse deviendra automatiquement reine.
9993128	A importância de uma rainha será menor que a de um rei? Por que o homem com quem ela se casa não se torna, em consequência disso, rei?	9993149	L'importance d'une reine sera-t-elle moindre que celle d'un roi ? Pourquoi l'homme qu'elle épouse ne devient-il pas roi en conséquence ?
9993234	De todas as frases com que tenho procurado contribuir no projeto Tatoeba, apenas aquelas escritas em Português podem ter algum valor, porque o Português é minha única língua materna.	9993271	De toutes les phrases avec lesquelles j'ai essayé de contribuer au projet Tatoeba, seules celles écrites en portugais peuvent avoir une valeur, car le portugais est ma seule langue maternelle.
9993306	Algumas pessoas acreditam que apenas aqueles que aprendem a falar uma língua desde o nascimento são capazes de se expressar adequadamente nesse idioma.	9993344	Certaines personnes croient que seuls ceux qui apprennent à parler une langue dès la naissance sont capables de s'exprimer correctement dans cette langue.
9993588	Para o projeto Tatoeba, não servem para nada as frases com as quais eu contribuo em outras línguas que não o Português, mesmo depois de corrigidas por falantes nativos.	9993591	Pour le projet Tatoeba, les phrases que j'apporte dans des langues autres que le portugais sont inutiles, même après avoir été corrigées par des locuteurs natifs.
9994201	Minha filha nasceu neste hospital.	9994209	Ma fille est née dans cet hôpital.
9994374	Tenho dois filhos que nasceram na mesma data, mas o primeiro é quatro anos mais velho que o segundo.	9994383	J'ai deux fils qui sont nés à la même date, mais le premier a quatre ans de plus que le second.
9994404	Meu terceiro filho nasceu quatro anos depois do primeiro, no mesmo dia.	9994417	Mon troisième enfant est né quatre ans après le premier, à la même date.
9995669	Saturno tem lindos anéis.	9995710	Saturne a de beaux anneaux.
9998245	O homem pode saber mais que a máquina, mas esta aprende mais rápido e nunca esquece o que aprendeu.	9998257	L'homme peut en savoir plus que la machine, mais la machine apprend plus vite et n'oublie jamais ce qu'elle a appris.
10001165	Se a frase tem bom ritmo, está certa.	10001186	Si la phrase a un bon rythme, c'est juste.
1323089	Lucy é uma estudante estadunidense.	10004567	Lucy est une étudiante américaine.
10007341	Não há prisão que nos encarcere o pensamento.	10007348	Il n'y a pas de prison pour emprisonner nos pensées.
10007595	A casa é grande, mas o jardim é pequenininho.	10007603	La maison est grande, mais le jardin est minuscule.
10009118	Cícero era grande orador e grande filósofo; por conseguinte, grande poeta.	10009124	Cicéron était grand orateur et grand philosophe ; donc, grand poète.
10010881	Se eu fosse você, não iria.	10010897	À ta place, je n'irais pas.
10010881	Se eu fosse você, não iria.	10010898	Si j'étais toi, je n'irais pas.
10012648	As traduções raramente são fiéis. Como dizem os italianos, "traduttore, traditore".	10012664	Les traductions sont rarement fidèles. Comme disent les Italiens, « traduttore, traditore » (traduction, trahison).
10022103	Viajar é mudar o cenário da solidão.	10022116	Voyager, c'est changer le paysage de la solitude.
4950198	Gostaria de sentir o calor da sua mão procurando a minha.	10027181	J'aimerais sentir la chaleur de ta main à la recherche de la mienne.
10027212	A maçã e a rosa são da mesma família.	10027234	La pomme et la rose sont de la même famille.
10028223	Eu vejo na televisão muitos documentários sobre a natureza e a vida animal.	10028268	Je vois de nombreux documentaires à la télévision sur la nature et la vie animale.
10043567	Poucos dispõem de revisores tão competentes para todas as suas frases em Tatoeba.	10043579	Rares sont ceux qui ont des relecteurs aussi compétents pour toutes leurs phrases dans Tatoeba.
10044084	Meu professor certamente mudaria de profissão se todos os seus alunos lhe dessem tanto trabalho quanto eu.	10044138	Mon professeur changerait certainement de profession si tous ses élèves lui donnaient autant de travail que moi.
10047727	Se nós tivéssemos asas, não mais haveria aviões.	10047730	Si nous avions des ailes, il n'y aurait plus d'avions.
10047766	Quem não conhece a fábula da cigarra e a formiga?	10047781	Qui ne connaît pas la fable de la cigale et la fourmi ?
10051533	O trovão nos assusta, mas não é perigoso.	10051574	Le tonnerre nous fait peur mais ce n'est pas dangereux.
10054056	Eu já tinha lido o livro que ela me deu.	10054069	J'avais déjà lu le livre qu'elle m'a donné.
6781901	Eu sou o Tom e essa é a Mary.	10061520	Je m'appelle Tom et elle s'appelle Mary.
10064296	Você não pode acrescentar um só dia à sua vida, mas pode adicionar vida a todos os seus dias.	10064346	Vous ne pouvez pas ajouter un seul jour à votre vie, mais vous pouvez ajouter de la vie à tous vos jours.
3931883	Os sons mais bonitos da natureza são: o riso de uma criança, o canto dos passarinhos, e o que se ouve quando outra pessoa está lavando os pratos.	10074893	Les plus beaux sons de la nature sont : le rire d'un enfant, le chant des oiseaux et quelqu'un d'autre qui fait la vaisselle.
5220984	Boston é uma cidade agradável.	10082822	Boston est une belle ville.
10088837	Quem lê agora minhas frases em Toki Pona, certamente há de pensar que eu conheço bem essa língua. Só meu professor sabe quanto lhe custou corrigi-las.	10088872	Quiconque lit maintenant mes phrases en toki pona pensera certainement que je connais bien cette langue. Seul mon professeur sait combien cela lui a coûté de les corriger.
10089007	Paris é uma cidade absolutamente espetacular.	10089017	Paris est une ville absolument spectaculaire.
10089076	As frases adicionadas a Tatoeba, depois de revisadas por colaboradores atentos, podem ser consideradas verdadeiramente modelares.	10089116	Les phrases ajoutées à Tatoeba, après avoir été revues par des contributeurs attentifs, peuvent être considérées comme véritablement exemplaires.
10090235	O destino de Édipo cumpriu-se: matar seu pai e desposar a própria mãe.	10090240	Le destin d'Œdipe s'accomplit : tuer son propre père et épouser sa mère.
10090346	Todo mundo é estrangeiro em Tatoeba, ou não?	10090347	Tout le monde est étranger à Tatoeba ou pas ?
10090455	Na verdade, em Tatoeba não há estrangeiros, pois Tatoeba é acessível a todos os países.	10090467	En fait, à Tatoeba il n'y a pas d'étrangers, car Tatoeba est accessible à tous les pays.
10099179	Os psicanalistas talvez devessem recomendar a seus pacientes que estudassem Toki Pona, de modo que, em algumas sessões, pudessem testá-los em como se exprimiriam nessa língua, o que certamente contribuiria para a compreensão de aspectos ocultos da personalidade de cada um.	10099286	Les psychanalystes devraient peut-être recommander à leurs patients d'étudier le toki pona, afin qu'ils puissent, dans certaines séances, les tester sur la façon dont ils s'exprimeraient dans cette langue, ce qui contribuerait certainement à la compréhension des aspects cachés de la personnalité de chacun.
10099309	Tentar ler um texto em Toki Pona é como procurar dizer com que se parece uma mancha de tinta em um teste de Rorschach.	10099335	Essayer de lire un texte en toki pona, c'est comme essayer de dire à quoi ressemble une tache d'encre sur un test de Rorschach.
10103421	O raio feriu uma árvore alta, ateando-lhe fogo.	10103467	La foudre a frappé un grand arbre, y mettant le feu.
10103841	Quando ouço um trovão, tenho muito medo.	10103863	Quand j'entends le tonnerre, j'ai très peur.
10104049	Eu bebo o leite do seio de minha mãe.	10104079	Je bois du lait du sein de ma mère.
10104181	Uma besta grande correu, matou e comeu uma besta pequena.	10104193	Une grosse bête a couru, tué et mangé une petite bête.
10104207	Os macacos estavam comendo figos numa figueira alta.	10104245	Les singes mangeaient des figues sur un grand figuier.
10105563	Alvejei uma corça com a lança. Assei a carne, comi e também dei a meus pais e irmãos.	10105621	J'ai tiré sur une biche avec la lance. J'ai rôti la viande, je l'ai mangée et je l'ai aussi donnée à mes parents et à mes frères.
10106321	Trepei num coqueiro e tirei um coco. Não pude comê-lo, porque era muito duro. Quebrei-o com uma pedra pesada. Encontrei água dentro do coco. Bebi-a. Era doce. Gostei muito.	10106368	J'ai grimpé sur un cocotier et pris une noix de coco. Je ne pouvais pas la manger parce que c'était trop dur. Je l'ai cassée avec une grosse pierre. J'ai trouvé de l'eau à l'intérieur de la noix de coco. Je l'ai bue. C'était doux. Je l'ai vraiment appréciée.
10109265	Um longo tronco de árvore estendia-se sobre o rio como uma ponte baixa.	10109279	Un long tronc d'arbre s'étendait au-dessus de la rivière comme un pont bas.
10109578	Há uma ponte de corda sobre o rio.	10109598	Il y a un pont de corde sur la rivière.
10109643	Estou muito cansado: já reparei 60 pontes e ainda tenho de consertar muitas outras.	10109689	Je suis très fatigué : j'ai réparé 60 ponts et j'en ai encore beaucoup d'autres à réparer.
10110480	Se eu pudesse enfeitaria cada página de meu livro com as cores de dez bandeiras diferentes.	10110484	Si je le pouvais, je décorerais chaque page de mon livre avec les couleurs de dix drapeaux différents.
10110791	Meu livro tem um capítulo dedicado ao xadrez. Ali já escrevi 220 frases. Quantas mais poderei acrescentar?	10110819	Mon livre a un chapitre consacré aux échecs. Là, j'ai déjà écrit 220 phrases. Combien puis-je en ajouter ?
10111479	Não se erra ao dizer que o xadrez é um esporte: ele é reconhecido como tal.	10111480	Il n'est pas faux de dire que les échecs sont un sport : ils sont reconnus comme tel.
4115671	Não ouviu nada?	10114891	Tu n'as rien entendu ?
10008724	Precisamos de novas formas de apoiar os artistas.	10115136	Nous avons besoin de nouvelles façons de soutenir les artistes.
10115196	A estrada é longa, mas será percorrida passo a passo.	10115214	La route est longue, mais elle sera parcourue pas à pas.
10117929	É possível fazer poesia em Toki Pona? Com certeza. A poesia está nas coisas mais singelas.	10117940	Est-il possible de faire de la poésie en toki pona ? Certainement. La poésie est dans les choses les plus simples.
10121295	Eu lhe disse, em tom de brincadeira, que ela era minha nora preferida.	10121299	Je lui ai dit en plaisantant qu'elle était ma belle-fille préférée.
3095316	Ela diz tudo o que lhe passa pela cabeça.	10121555	Elle dit tout ce qui lui vient à l'esprit.
9636888	Muriel tem 20 anos.	10145061	Muriel a 20 ans.
5303416	Eu traduzi o artigo em Francês.	10155581	J'ai traduit l'article en français.
10159143	Vamos falar corretamente.	10159156	Parlons correctement.
10159178	Acho que esse não é o maior problema.	10159198	Je pense que ce n'est pas le plus gros problème.
1007104	A torre é tão importante assim no jogo de xadrez?	10162945	La tour est-elle si importante dans le jeu d'échecs ?
10162956	Será que pensar nada mais é que não saber o que pensar?	10162964	Penser n'est-il rien de plus que de ne pas savoir quoi penser ?
1198231	Ao trabalho!	10163629	Au travail !
10167414	O lixo de uns é o tesouro de outros.	10167423	Les déchets des uns sont les trésors des autres.
2668333	É o único no mundo.	10171924	C'est le seul au monde.
2668342	Sei o que Tom diria.	10171952	Je sais ce que dirait Tom.
2692113	Serei muito breve.	10171956	Je vais être très bref.
2698281	Tom quer ir de trem.	10171977	Tom veut aller en train.
4115673	Não ouviram nada?	10172151	Vous n'avez rien entendu ?
4517989	Eu posso usar o quê?	10172177	Que puis-je utiliser ?
10008714	Tom estava muito irritado.	10172187	Tom était très en colère.
10172216	O número de minhas frases em Toki Pona é 7777.	10172234	Le nombre de mes phrases en toki pona est 7777.
10178275	O homem é do tamanho do rastro que ele deixa no mundo.	10178608	L'homme est aussi grand que la trace qu'il laisse dans le monde.
10177578	Era um dia normal.	10181736	C'était un jour normal.
7239683	Tu sabes o que aconteceu.	10220405	Tu sais ce qui s'est passé.
10220404	Essa é a sua maneira de agir.	10220419	C'est sa façon de faire.
10223120	Tatoeba merece o melhor de cada língua.	10223155	Tatoeba mérite le meilleur de chaque langue.
4045806	Todos sabiam que ela falava inglês muito bem.	10228948	Tout le monde savait qu'elle parlait très bien anglais.
5270031	Prometo que não serei ciumento.	10229338	Je promets que je ne serai pas jaloux.
4388132	Marco falou por duas horas.	10234800	Marc a parlé deux heures.
948651	Sem água, morreríamos logo.	10235468	Sans eau, nous mourrions vite.
5064581	Eles deveriam ser ignorados.	10235470	Ils devraient être ignorés.
2782567	Contem de um até cem.	10239111	Comptez de un à cent.
10245607	Tudo se acaba um dia.	10245771	Tout finit un jour.
7291516	Digam que me perdoaram.	10246736	Dites-moi que vous m'avez pardonné.
10248548	Marina canta bem. Ela tem uma bela voz.	10248553	Marina chante bien. Elle a une belle voix.
10248582	Costumamos passar o domingo fora da cidade.	10248588	Nous passons généralement le dimanche en dehors de la ville.
10248599	Meu neto tem nove anos.	10248605	Mon petit-fils a neuf ans.
10248646	Minha mulher chamava-se Marina.	10248651	Ma femme s'appelait Marina.
10249112	Toki pona é a língua em que cometi o maior número de erros em minha vida.	10249122	Le toki pona est la langue dans laquelle j'ai fait le plus d'erreurs dans ma vie.
10249148	Minha Marina tinha lindos olhos verdes.	10249153	Ma Marina avait de très beaux yeux verts.
10249187	Eu cometo tantos erros em Toki Pona, que meu professor já perdeu a paciência.	10249213	Je fais tellement d'erreurs en toki pona, que mon professeur s'est mis en colère.
10249333	Continuo cometendo muitos erros, mas não desisto de aprender Toki Pona.	10249363	Je continue à faire beaucoup d'erreurs, mais je ne renonce pas à apprendre le toki pona.
10249399	Eu raramente consigo entender o que esse aluno escreve em Toki Pona.	10249407	Je comprends rarement ce que cet élève écrit en toki pona.
10251251	Maria, tua amizade é muito importante para mim.	10251253	Marie, ton amitié est très importante pour moi.
10251736	Eu sou cinco anos mais velho que minha irmã.	10251740	J'ai cinq ans de plus que ma sœur.
10251753	Minha irmã é cinco anos mais nova que eu.	10251764	Ma sœur a cinq ans de moins que moi.
10251819	Tenho quatro primos e cinco primas.	10251832	J'ai quatre cousins ​​​​et cinq cousines.
10251837	Tom tem uma irmã chamada Mary e uma prima também chamada Mary.	10251846	Tom a une sœur nommée Mary et une cousine également nommée Mary.
10251879	Maria é filha da irmã de meu pai. É minha prima.	10251887	Marie est une fille de la sœur de mon père. C'est ma cousine.
10251918	Paulo é o filho de um irmão de minha mãe. É meu primo.	10251938	Paul est le fils d'un frère de ma mère. C'est mon cousin.
10251965	Paulo e Maria são filhos da irmã de minha mãe. São meus primos.	10251973	Paul et Marie sont les enfants de la sœur de ma mère. Ils sont mes cousins.
6853234	De repente, apodera-se de mim / um terror inaudito aquela noite.	10252785	Alors, soudain, s'empare de moi une terreur inouïe cette nuit-là.
10252819	Comecei a correr uma vez por semana. E agora corro todos os dias.	10252820	J'ai commencé à courir une fois par semaine. Et maintenant, je cours tous les jours.
10252895	Por acreditar tratar-se de uma língua fácil, escrevi muitas frases em Toki Pona, nas quais depois foram encontrados numerosíssimos erros, que ainda hoje estão sendo corrigidos por um competente e atencioso professor.	10252909	En estimant qu'il s'agissait d'une langue facile, j'ai écrit beaucoup de phrases en toki pona, dans lesquelles de nombreuses erreurs, trouvées par la suite, sont encore en cours de correction par un enseignant compétent et attentif.
10253011	Até agora, acrescentei 22.222 frases em Esperanto.	10253019	Jusqu'à présent, j'ai ajouté 22 222 phrases en espéranto.
10253576	Meu irmão mais novo ainda não tem filhos.	10253582	Mon petit frère n'a pas encore d'enfant.
10253591	Meu pai é três anos mais velho que minha mãe.	10253607	Mon père a trois ans de plus que ma mère.
10256041	Parece-me ouvir ainda, escondido entre as palmeiras, sua voz terna e sonora qual o canto da asa-branca.	10256046	Je crois entendre encore, caché sous les palmiers, sa voix tendre et sonore comme un chant de ramiers.
10258083	Minha avó está ficando surda.	10258084	Ma grand-mère devient sourde.
10258334	Eu sou o mais velho. Meus três irmãos e cinco irmãs são mais jovens.	10258344	Je suis l'aîné. Mes trois frères et cinq sœurs sont plus jeunes.
10258456	Maria é mais nova que eu. Sou seu irmão mais velho.	10258464	Marie est plus jeune que moi. Je suis son frère aîné.
10258598	Poucos erros comete aquele que pouco escreve.	10258602	Celui qui écrit peu fait peu d'erreurs.
10262742	O amor humano é uma metáfora da perfeita e eterna união dos aspectos masculino e feminino da Divindade.	10262746	L'amour humain est une métaphore de l'union parfaite et éternelle des aspects masculin et féminin de la Divinité.
10266237	Sophie vai colocar as flores na mesa da sala.	10266248	Sophie mettra les fleurs sur la table du salon.
10266300	Paris é uma grande capital cultural.	10266302	Paris est une grande capitale culturelle.
10267370	Quando você vai ter tempo de fazer tudo isso?	10267374	Quand aurez-vous le temps de faire tout cela ?
10267646	Na rua onde eu morava quando era menino havia uma velha elurófila, que criava muitos gatos.	10267648	Dans la rue où j'habitais quand j'étais petit, il y avait une ailurophile, une vieille femme qui élevait beaucoup de chats.
10267844	Uma pessoa é feliz quando o que faz é coerente com o que ela pensa e diz.	10267848	Une personne est heureuse quand ce qu'elle fait est conforme à ce qu'elle pense et dit.
10267886	Eu almoço à uma hora.	10267912	Je déjeune à une heure.
10267944	Isso aconteceu às três horas da madrugada.	10267954	Cela s'est passé à trois heures du matin.
10267995	Como você consegue trabalhar e estudar?	10268004	Comment faites-vous pour travailler et étudier ?
10269662	Ela é linda, mas tem um cheiro muito forte de cigarro.	10269676	Elle est belle mais a une très forte odeur de cigarette.
10272125	No momento, estou só; podemos conversar.	10272166	En ce moment je suis seul ; on peut parler.
10273287	Toki Pona jamais foi uma língua simples.	10273296	Le toki pona n'a jamais été un langage simple.
10273524	Procurei conhecer a minha alma.	10273526	J'ai essayé de connaître mon âme.
10279380	Que é mais interessante para Tatoeba – mostrar uma frase traduzida para vários idiomas, ou exibir uma coleção de poliglotas fluentes em muitas línguas?	10279387	Qu'est-ce qui est le plus intéressant pour Tatoeba : montrer une phrase traduite en plusieurs langues ou afficher une collection de polyglottes fluides dans plusieurs langues ?
10280044	Desde que utilizado criteriosamente, o tradutor Google é um instrumento valioso para os trabalhos de tradução de qualquer pessoa que tenha razoável conhecimento das línguas de partida e de destino com que esteja lidando.	10280054	Tant qu'il est utilisé judicieusement, le traducteur Google est un outil précieux pour le travail de traduction de toute personne ayant une connaissance raisonnable des langues source et cible avec lesquelles elle a affaire.
10280170	Em tatoeba.org a colaboração dos especialistas, isto é, daqueles que falam fluente e corretamente uma ou mais línguas, será sempre imprescindível.	10280177	Sur tatoeba.org la collaboration de spécialistes, c'est-à-dire de ceux qui parlent couramment et correctement une ou plusieurs langues, sera toujours indispensable.
10281094	O computador aprende com seus erros, de maneira rápida e definitiva.	10281097	L'ordinateur apprend de ses erreurs, rapidement et définitivement.
10281450	Ela usa uma escada para ir buscar livros que estão na parte superior da estante.	10281704	Elle utilise une échelle pour aller chercher des livres qui sont en haut de la bibliothèque.
10285539	No primeiro set, os dois jogadores marcaram o mesmo número de pontos e a decisão foi, assim, para o tiebreaker.	10285557	Dans le premier set, les deux joueurs ont marqué le même nombre de points et la décision est revenue au bris d'égalité.
10286638	Quando vê uma boa tradução, você se pergunta a quais dicionários recorreu o tradutor para fazê-la?	10286646	Quand vous voyez une bonne traduction, vous demandez-vous quels dictionnaires le traducteur a utilisé pour la faire ?
10289877	Pé é uma medida de comprimento do sistema anglo-saxão, correspondente a 12 polegadas e equivalente, no sistema métrico decimal, a 30,48 cm.	10289897	Le pied est une unité de longueur correspondante à 12 pouces dans le système anglo-saxon, et est équivalente à 30,48 cm dans le système métrique décimal.
10291111	Estou escrevendo há oito anos um livro, que já tem mais de 14.000 páginas.	10291120	Depuis huit ans, j'écris un livre qui fait déjà plus de 14000 pages.
10295593	Para onde foste, inspiração dos dias meus? Tu me deixaste a solidão e a noite fria, sem sequer um aceno, um breve e mudo adeus.	10295626	Où es-tu allé, inspiration de mes jours ? Tu m'as laissé la solitude et la nuit froide, sans même un signe de la main, un au revoir bref et muet.
10296124	Vocês acreditavam nas mentiras que ele lhes contava.	10296131	Vous croyiez aux mensonges qu'il vous racontait.
10300257	Quando escuto as Variações Goldberg, de Bach, tocadas por Glenn Gould, fico imaginando se o próprio compositor também interpretava com tamanho virtuosismo essa maravilhosa peça musical.	10300282	Quand j'écoute les Variations Goldberg de Bach, interprétées par Glenn Gould, je me demande si le compositeur lui-même a également interprété avec une telle virtuosité ce merveilleux morceau de musique.
10303468	Elas são sempre inimigas.	10303481	Ce sont toujours des ennemies.
10303468	Elas são sempre inimigas.	10303521	Ce sont des ennemies irréconciliables.
10303468	Elas são sempre inimigas.	10303571	Ce sont des ennemies éternelles.
10308507	Já que as pessoas mais qualificadas não quiseram fazer este trabalho, nós mesmos o fizemos.	10308535	Comme les personnes les plus qualifiées ne voulaient pas faire cette tâche, nous l'avons faite nous-mêmes.
10308507	Já que as pessoas mais qualificadas não quiseram fazer este trabalho, nós mesmos o fizemos.	10308544	Comme les personnes les plus qualifiées ne voulaient pas faire ce travail, nous l'avons fait nous-mêmes.
1154741	Bode expiatório.	10308614	Bouc émissaire.
10313471	Na partida de xadrez mais conhecida como a "Imortal", o jogador das brancas, Anderssen, permitiu que seu adversário, Kieseritzky, lhe tomasse um bispo, as duas torres e, finalmente, a dama, mas isso permitiu a Anderssen dar-lhe xeque-mate em e7 com seus dois cavalos e o bispo de casas pretas.	10313477	Dans le jeu d'échecs plus connu sous le nom de « l'Immortel » Anderssen, avec les Blancs, a permis à son adversaire, Kieseritzky, de prendre un fou, les deux tours et enfin la dame, mais cela a permis à Anderssen de le mater en e7 avec ses cavaliers et le fou à cases noires.
10313820	Wilhelm Steinitz, oficialmente o primeiro campeão mundial de xadrez, morreu em grande pobreza em Nova York, em 12 de junho de 1900, aos 64 anos de idade.	10313823	Wilhelm Steinitz, officiellement le premier champion du monde d'échecs, décéda dans une grande pauvreté à New York le 12 juin 1900, à l'âge de 64 ans.
10314697	Aprender a empatar pode ser o começo da aprendizagem da vitória.	10314699	Apprendre à annuler peut être le début de l'apprentissage de la victoire.
10324634	Os mamíferos têm mamas, os ovíparos põem ovos.	10324652	Les mammifères ont des mamelles, les ovipares pondent des œufs.
10325774	Talento é acertar um alvo que ninguém acerta. Genialidade é acertar um alvo que ninguém vê.	10326020	Le talent atteint une cible que personne n'atteint. Genius touche une cible que personne ne voit.
2105887	Somos quem somos.	10326281	Nous sommes qui nous sommes.
10326343	Aquela é a frase mais longa que até agora encontrei em Tatoeba. Ocupa quase uma página inteira.	10326350	C'est la phrase la plus longue que j'ai trouvée jusqu'à présent sur Tatoeba. Elle occupe presque une page entière.
10326853	Dói mais perder o bem que se ganhou do que não conseguir o bem que se deseja.	10326870	Cela fait plus mal de perdre le bien que vous avez gagné que de ne pas obtenir le bien que vous souhaitez.
10334000	Da matéria dos sonhos faz a mente os egos, frágeis e ilusórias construções.	10334004	De l'étoffe des rêves l'esprit fait les egos, des constructions fragiles et illusoires.
10335685	O jogo de damas é um exercício mental em que dois participantes se enfrentam executando planos táticos e estratégicos, armando ciladas e tramando combinações, o que lhes desenvolve a memória, a imaginação e a atenção.	10335696	Le jeu de dames est un exercice mental dans lequel deux participants s'affrontent en exécutant des plans tactiques et stratégiques, en posant des pièges et en traçant des combinaisons, qui développent leur mémoire, leur imagination et leur attention.
10335724	O jogo de damas é um passatempo altamente educativo pelo extraordinário poder de reflexão que desenvolve.	10335732	Le jeu de dames est un passe-temps hautement éducatif en raison de l'extraordinaire pouvoir de réflexion qu'il développe.
10335760	O jogo de damas é praticado de muitas maneiras diferentes, a despeito de sua grande difusão em todos os países civilizados.	10335762	Les dames sont jouées de différentes manières, malgré leur utilisation répandue dans tous les pays civilisés.
10336039	No jogo de damas para 100 casas, cada jogador dispõe de 20 peças iguais, colocadas inicialmente nas casas 1 a 20, para as pretas, e 31 a 50, para as brancas.	10336043	Au jeu de dames de 100 cases, chaque joueur dispose de 20 pièces égales, initialement placées sur les cases 1 à 20, pour le noir, et 31 à 50, pour le blanc.
10336067	No jogo de damas, as peças se movimentam diagonalmente sobre as casas escuras.	10336070	Dans les dames, les pièces se déplacent en diagonale sur les cases sombres.
10336155	O tabuleiro de 100 casas utilizado no jogo de damas tem suas casas escuras numeradas de 1 a 50, da direita para a esquerda, a partir do lado das negras, de maneira que estas ocupam, inicialmente, as quatro filas de casas identificadas pelos números de 1 a 20, enquanto as brancas se situam nas quatro filas de casas identificadas pelos números de 31 a 50.	10336156	Le damier avec 100 cases utilisé dans les dames a ses cases noires numérotées de 1 à 50, de droite à gauche, du côté des noires, de sorte qu'elles occupent initialement les quatre rangées de cases identifiées par les numéros de 1 à 20, tandis que le blanc est situé dans les quatre rangées de carrés identifiés par les numéros 31 à 50.
10336697	Depois de me entregar duas peças e, em seguida, mais duas, meu adversário tomou-me três peças e fez dama, ganhando a partida.	10336701	Après m'avoir donné deux pièces, puis deux autres, mon adversaire m'a pris trois pièces et a fait une dame, remportant la partie.
10336708	É possível jogar damas com peças de xadrez. O contrário, porém, é impossível.	10336711	Il est possible de jouer aux dames avec des pièces d'échecs. L'inverse, cependant, est impossible.
10336870	Assinala-se a promoção de uma peça a dama sobrepondo-se a ela outra peça da mesma cor.	10336873	On indique la promotion d'une pièce à dame en lui superposant une autre de la même couleur.
10346563	Estou estudando o jogo de damas em cem casas.	10346567	J'étudie les dames sur cent cases.
10349541	No jogo de Go as pedras não se movimentam; permanecem em suas posições como sentinelas defensoras do território que ajudam a delimitar.	10349573	Dans le jeu de Go, les pierres ne bougent pas ; elles restent dans leurs positions de sentinelles, défendant le territoire qu'elles contribuent à délimiter.
10349958	Ao final da partida, as Pretas tinham dois territórios, um dos quais encerrava 9 cruzamentos, e o outro, 31. Marcaram, assim, 40 pontos. As brancas, por seu turno, tinham também dois territórios, os quais continham 17 e 22 cruzamentos, respectivamente. Marcaram, portanto, 39 pontos. As Pretas venceram por 1 ponto.	10349968	À la fin du jeu, les Noirs disposaient de deux territoires, dont l'un comptait 9 croisements, et l'autre, 31. Ils marquaient ainsi 40 points. Les Blancs, à son tour, avaient également deux territoires, qui contenaient respectivement 17 et 22 croisements. Par conséquent, ils ont marqué 39 points. Les noirs ont gagné par 1 point.
10358160	Ele tenta ensinar tudo aquilo que aprende.	10358165	Il essaie d'enseigner tout ce qu'il apprend.
10364060	No ano em que eu nasci, 1933, Maurice Raichenbach tornou-se Campeão Mundial de Damas, título que manteve até 1938.	10364062	L'année de ma naissance, 1933, Maurice Raichenbach devient champion du monde de dames, titre qu'il conserve jusqu'en 1938.
10364982	Onde é que ela mora?	10364989	Où réside-t-elle ?
10371386	Escrevi em Português uma frase que me pareceu interessante, e desejei traduzi-la para outros idiomas. Infelizmente, porém, meu conhecimento de línguas estrangeiras é muito limitado.	10371391	J'ai écrit une phrase en portugais, que j'ai trouvée intéressante, et je voulais la traduire dans d'autres langues. Malheureusement, ma connaissance des langues étrangères est très limitée.
10399417	Não é a primeira vez que esse árbitro rouba meu time.	10399476	Ce n'est pas la première fois que cet arbitre vole mon équipe.
10449508	Assim como o ser humano passou da fase de caçador-coletor para a de agricultor, o Go, que inicialmente era simples jogo de captura de pedras, transformou-se em complexo sistema de conquista de território.	10449532	De même que l'homme passait du stade du chasseur-cueilleur au stade de l'agriculteur, le Go, qui n'était au départ qu'un simple jeu de capture de pierres, est devenu un système complexe de conquête de territoire.
10452175	As traduções de uma frase para vários idiomas ajudam-nos a entender o que ela significa.	10452279	Les traductions d'une phrase dans plusieurs langues nous aident à comprendre ce que cela signifie.
10454188	A morte é o retorno de todo ser vivo – homem, animal ou planta – ao lugar onde estava antes de ser criado.	10454279	La mort est le retour de tout être vivant – homme, animal ou végétal – à l'endroit où il se trouvait avant sa création.
10458484	A diferença entre ser e não-ser é ilusória.	10458487	La différence entre être et non-être est illusoire.
5165788	Elas querem falar com você.	10458498	Elles veulent parler avec vous.
10458390	Eu sei que você ama muito o seu marido.	10458546	Je sais que tu aimes ton mari.
10458371	Eu quero te abraçar!	10458742	Je veux t'embrasser !
10460114	Não poderei consertá-lo sem minhas ferramentas.	10460115	Je ne pourrai pas le réparer sans mes outils.
10460132	A madrasta da princesa era muito cruel.	10460133	La belle-mère de la princesse était très cruelle.
10460163	A computação gráfica mudou o mundo da animação.	10460165	L'infographie a changé le monde de l'animation.
10461208	Você talvez tenha de esperar um pouco.	10461225	Vous devrez peut-être attendre un peu.
10461208	Você talvez tenha de esperar um pouco.	10461226	Il est possible que tu doives patienter un peu.
10465239	Será que existem professores dotados de inteligência artificial?	10466216	Existe-t-il des enseignants dotés d'intelligence artificielle ?
10469783	A inteligência artificial ameaça extinguir os empregos tanto de pessoas com baixa escolaridade, quanto daquelas altamente qualificadas.	10470769	L'intelligence artificielle menace de supprimer les emplois des personnes peu instruites et très instruites.
10469585	Se os robôs fizerem tudo, o que então os humanos vão fazer?	10472092	Si les robots font tout, que feront les humains ?
10474922	Acredita-se que a peça mais forte do xadrez se denomine Dama por lembrar Pentesileia, rainha das amazonas, mulher guerreira cuja bravura se imortalizou na guerra de Troia.	10475009	On pense que la pièce la plus forte aux échecs s'appelle la Dame, car elle ressemble à Penthésilée, reine des Amazones, une femme guerrière dont la bravoure a été immortalisée lors de la guerre de Troie.
10476997	Muito bem jogado!	10477028	Très bien joué !
10477129	A ciência descobriu que o código genético é binário, ou seja, é do mesmo tipo do código utilizado pelos computadores.	10477139	La science a découvert que le code génétique est binaire, c'est-à-dire qu'il est du même type que le code utilisé par les ordinateurs.
10478407	Ray Kurzweil mora em um subúrbio de Boston.	10478418	Ray Kurzweil vit dans une banlieue de Boston.
10478429	Morfogênese é o desenvolvimento das formas e estruturas características de uma espécie a partir do embrião.	10478440	La morphogenèse est le développement des formes et des structures caractéristiques d'une espèce à partir de l'embryon.
10483248	Toda tradução é uma traição.	10483249	Toute traduction est une trahison.
10484395	O Verbo Divino fez a luz.	10484424	La Parole Divine a fait la lumière.
10484785	A minha alma nasceu quando se fez a luz.	10484805	Mon âme est née quand la lumière a été faite.
10490608	É melhor tentar e falhar do que nunca tentar.	10490663	Mieux vaut tenter et échouer que de ne jamais tenter.
10490706	Somos apenas nossos cérebros, e nossas diferenças individuais nada mais são do que pequenas diferenças cerebrais.	10490718	Nous ne sommes que notre cerveau, et nos différences ne sont rien de plus que de petites différences cérébrales.
10490798	Não existe um consenso acerca do que se deve entender por consciência.	10490803	Il n'y a pas de consensus sur ce que l'on entend par conscience.
10491020	O maior enigma relacionado com o cérebro é que ele está contido no universo e ao mesmo tempo o contém.	10491024	Le plus gros casse-tête lié au cerveau est qu'il est contenu dans l'univers et le contient en même temps.
10490608	É melhor tentar e falhar do que nunca tentar.	10492216	Mieux vaut essayer et échouer que de ne jamais essayer.
10493897	Considero a vida uma estalagem onde tenho que me demorar até que chegue a diligência do abismo.	10493907	Je considère la vie comme une auberge où je dois attendre que la diligence de l'abîme arrive.
10493977	Nunca pretendi ser senão um sonhador.	10493990	Je n'ai jamais eu l'intention d'être qu'un rêveur.
8191081	O melhor de viajar não é ganhar, é perder. E o que de melhor se perde, em viagens, é o eu.	10494407	La meilleure chose à propos de voyager n'est pas de gagner, c'est de perdre. Et la meilleure chose à perdre en voyage, c'est soi-même.
8191039	Quem quer passar além do Bojador tem que passar além da dor.	10494461	Celui qui veut aller au-delà de Bojador doit aller au-delà de la douleur.
4300099	Tudo vale a pena se a alma não é pequena.	10494496	Tout vaut la peine si l'âme n'est pas petite.
8191029	Quantas noivas ficaram por casar para que fosses nosso, ó mar!	10494979	Combien de fiancées sont restées célibataires pour que tu sois à nous, ô mer !
10495068	Sento-me à porta e embebo meus olhos e ouvidos nas cores e nos sons da paisagem, e canto lento, para mim só, vagos cantos que componho enquanto espero.	10495082	Je m'assieds à la porte et je trempe mes yeux et mes oreilles dans les couleurs et les sons du paysage, et je chante lentement, pour moi-même, des chants vagues que je compose en attendant.
10495127	Para todos nós descerá a noite e chegará a diligência.	10495140	Pour nous tous, la nuit va tomber et la diligence arrivera.
4677242	Eu me sinto idiota.	10495458	Je me sens idiote.
10496678	É de compreender que sobretudo nos cansamos. Viver é não pensar.	10496687	Ce qui nous fatigue avant tout, c'est la compréhension. Vivre n'est pas penser.
10496796	Meus braços vingam minha mágoa no abraço que enfim podem ter.	10496829	Mes bras vengent mon chagrin dans l'étreinte qu'ils peuvent enfin avoir.
10498128	O nosso mundo morrerá conosco, embora o mundo continue sem nós.	10498130	Notre monde mourra avec nous, bien que le monde continuera sans nous.
10499156	Não me proponho nenhum objetivo específico, nem no xadrez nem na vida. Porque se o fizesse e atingisse tal meta, que estímulo poderia ter depois?	10500123	Je ne me fixe pas d'objectifs précis, ni aux échecs ni dans la vie. Parce que si je le faisais et atteignais cet objectif, quel stimulus pourrais-je avoir par la suite ?
10505327	A consciência ainda é um mistério, tanto para a ciência como para a filosofia.	10505345	La conscience est encore un mystère, tant pour la science que pour la philosophie.
10505432	Não há nada objetivo que possa explicar a subjetividade.	10505454	Il n'y a rien d'objectif qui puisse expliquer la subjectivité.
10505562	A consciência não é um fenômeno secundário da matéria. Antes, pelo contrário, a matéria é um fenômeno secundário da consciência.	10505578	La conscience n'est pas un phénomène secondaire de la matière. Au contraire, la matière est un phénomène secondaire de la conscience.
10505562	A consciência não é um fenômeno secundário da matéria. Antes, pelo contrário, a matéria é um fenômeno secundário da consciência.	10505638	La conscience n'est pas un épiphénomène de la matière. La matière est plutôt un épiphénomène de la conscience.
2978109	O português é um idioma que procede do latim.	10508730	Le portugais est une langue qui provient du latin.
8591781	O Português descende do Latim.	10508751	Le portugais provient du latin.
10514283	A luz combinada com outra luz pode produzir escuridão.	10514287	La lumière combinée à d'autres lumières peut produire de l'obscurité.
10514468	O observado não pode ser separado do observador.	10514475	L'observé ne peut être séparé de l'observateur.
10515724	A atividade universal da consciência absoluta pulsa em cada ser.	10515741	L'activité universelle de la conscience absolue palpite en chaque être.
10516061	Não esperes ter tudo para desfrutar da vida, já tens a vida para desfrutar de tudo.	10516229	N'attends pas à avoir tout pour jouir de la vie ; tu as déja la vie pour jouir de tout.
3449616	Eu não posso esperar a vida toda.	10516241	Je ne peux pas attendre toute ma vie.
10516054	A vida é como uma caixa de bombons; nunca sabes o que te vai tocar.	10516285	La vie, c'est comme une boîte de bonbons ; on ne sait jamais sur quoi on va tomber.
10520490	O ornitorrinco é um animal, encontrado na Austrália, que é ao mesmo tempo um mamífero e um "pato" ovíparo.	10520492	L'ornithorynque est un animal, trouvé en Australie, qui est à la fois un mammifère et un « canard » ovipare.
10523112	Nenhum computador tem consciência do que está fazendo, mas, na maior parte do tempo, nós também não.	10524079	Aucun ordinateur n'est au courant de ce qu'il fait, mais la plupart du temps, nous non plus.
10524883	Segundo Jean-Paul Sartre, o sentido da vida se esvai quando se perde a ilusão de ser eterno.	10524887	Selon Jean-Paul Sartre, le sens de la vie s'évanouit lorsque l'illusion d'être éternel se perd.
10523096	Enquanto se é jovem, só se têm pensamentos para o amor — mais tarde, só se tem amor pelos pensamentos.	10528469	Pendant que vous êtes jeune, vous n'avez que des pensées d'amour - plus tard, vous n'avez d'amour que pour les pensées.
10529589	O neurocientista António Damásio define a consciência como "a sensação do que ocorre".	10529591	Le neuroscientifique António Damásio définit la conscience comme « la sensation de ce qui se passe ».
10530466	Empate foi o resultado da primeira partida disputada entre Ian Nepomniachtchi (com as peças brancas) e Magnus Carlsen pelo Campeonato Mundial de Xadrez, hoje (26.11.2021), em Dubai.	10530471	L'égalité était le résultat du premier match entre Ian Nepomniachtchi (avec les pièces blanches) et Magnus Carlsen pour le Championnat du monde d'échecs, aujourd'hui (26.11.2021), à Dubaï.
10531038	Como os Corpos dos Animais foram concebidos com tanta Arte, e a que fins se destinaram suas várias partes? O Olho foi inventado sem Habilidade em Ótica, e o Ouvido sem Conhecimento dos Sons? ... Não parece que os Fenômenos estão a indicar que existe um Ser incorpóreo, vivo, inteligente, onipresente?	10531050	Comment les corps animaux ont-ils été conçus avec tant d'art, et à quelles fins leurs diverses parties étaient-elles destinées ? L'œil a-t-il été inventé sans capacité en optique, et l'oreille sans connaissance du son ? ... Ne semble-t-il pas que les Phénomènes indiquent qu'il existe un Être incorporel, vivant, intelligent, omniprésent ?
4838316	Elas são estagiárias.	10546011	Elles sont stagiaires.
4991874	Eu não costumo chorar.	10546012	Je n'ai pas l'habitude de pleurer.
9483580	Fique aqui um pouco, por favor.	10546014	Reste un peu ici, s'il te plait.
6917192	Esta televisão é muito pesada.	10546017	Cette télévision est très lourde.
993214	Você deveria reduzir a quantidade de gordura que come.	10546020	Vous devriez réduire votre consommation de graisse.
3102918	Ela está insinuando que você é que está errado.	10546022	Elle insinue que c'est vous qui êtes en tort.
1252050	O guerreiro morreu por você, minha doce princesa.	10546023	Le guerrier est mort pour vous, ma douce princesse.
2105894	Ai de nós!	10546024	Pauvres de nous !
7198477	Isto é uma esfera.	10546025	Ceci est une sphère.
4785186	Entre querer e fazer há grande diferença.	10546026	Entre vouloir et faire, il y a une grande différence.
7011772	Reescreve este texto, evitando as repetições desnecessárias.	10546027	Réécris ce texte en évitant les répétitions inutiles.
7120798	Eu acho que Tom estava distraído.	10546028	Je pense que Tom était distrait.
1091316	O presidente retornou a Brasília.	10546029	Le président est retourné à Brasilia.
8953674	Eu vou dar uma aula e falo com você mais tarde.	10546030	Je vais donner un cours et je te parlerai plus tard.
8835558	Tom me chamou de desmancha-prazeres porque saí da festa logo depois da meia-noite.	10546031	Tom m'a traité de rabat-joie parce que j'ai quitté la fête peu après minuit.
9071016	Tom não se aposentará no próximo ano.	10546032	Tom ne prendra pas sa retraite l'année prochaine.
6803147	Eu não quero estar com você.	10546035	Je ne veux pas être avec vous.
9077308	Não fui a lugar nenhum ultimamente.	10546036	Je ne suis allé nulle part dernièrement.
5456265	Como Tom soube disso?	10546038	Comment Tom a su cela ?
5334230	A cor marrom é uma mistura de vermelho, preto e amarelo.	10546039	La couleur marron est un mélange de rouge, de noir et de jaune.
8634085	Tom é realmente sério sobre aprender Francês.	10546041	Tom veut vraiment apprendre le français.
7088444	Isto é um varão.	10546042	Ceci est un poteau.
1052683	Não temos mais carteiras para canhotos.	10546044	Nous n'avons plus de porte-feuille pour gaucher.
7830193	O comerciante parece ser uma pessoa honesta.	10546045	Le commerçant semble être une personne honnête.
5561012	Está rompendo com Tom?	10546046	Est-ce que tu quittes Tom ?
5374122	Este lugar é tão deprimente.	10546047	Cet endroit est tellement déprimant.
4351212	Nosso time está pronto.	10546048	Notre équipe est prête.
10544744	Podemos debater a questão de Magnus ser o maior jogador de todos os tempos, mas não há dúvida (pelo menos para mim) de que ele é o jogador mais forte de todos os tempos.	10546051	Nous pouvons débattre de la question de savoir si Magnus est le meilleur joueur de tous les temps, mais il n'y aucun doute (du moins pour moi) qu'il est le joueur le plus fort de tous les temps.
10546515	Eu não quero perder essa partida.	10547079	Je ne veux pas perdre cette partie.
10546514	Ele fez toda a cena inteiramente sozinho.	10547084	Il a fait toute la scène complètement seul.
10546513	Tom não está mais em perigo.	10547085	Tom n'est plus en danger.
10546511	Parece que ela viu um fantasma.	10547086	On dirait qu'elle a vu un fantôme.
10544618	Estou cansado de viver assim.	10547091	Je suis fatigué de vivre ainsi.
10544626	Tom não está bebendo leite, está?	10547099	Tom n'est pas en train de boire du lait, n'est-ce pas ?
10544634	A primavera no norte envia ventos fortes para varrer as estradas.	10547111	Le printemps dans le nord apporte de forts vents qui balaient les routes.
10543694	Você tem que comer para melhorar.	10547118	Tu dois manger pour aller mieux.
4039028	Mais tarde, o namorado dela admitiu que ele é bissexual.	10547861	Plus tard, son petit ami a admis qu'il était bisexuel.
7080023	Não sei quanto devo ao meu sogro.	10547862	Je ne sais pas combien je dois à mon beau-père.
1917491	Você tem certeza de que temos de estar lá às 2h30?	10547868	Tu es sûr que nous devons être là à 2h30 ?
8344354	Tom ia para o hospital toda segunda-feira.	10547869	Tom allait à l'hôpital tous les lundis.
6710632	Vou cozinhar algo para você.	10547870	Je vais vous cuisiner quelque chose.
6104082	Sami apunhalou uma pessoa completamente inocente.	10547872	Sami a poignardé une personne complètement innocente.
6130067	Todos os dias perdiam-se ali muitas vidas humanas em lutas políticas.	10547875	Tous les jours, de nombreuses vies humaines sont perdues là bas dans des combats politiques.
957764	Ela não tinha lápis.	10547876	Elle n'avait pas de crayon.
8644834	O almoço será ao meio-dia.	10547880	Le déjeuner sera servi à midi.
5644810	Soube que você passou na prova.	10547881	J'ai su que tu avais réussi le test.
7826396	Eu tenho certeza de que o Tom não vai cancelar a reunião.	10547882	Je suis certain que Tom ne va pas annuler la réunion.
7714704	Tom não é um viciado em drogas.	10547887	Tom n'est pas un drogué.
7714704	Tom não é um viciado em drogas.	10547889	Tom n'est pas un toxicomane.
1165620	Não se preocupe, cortar o cabelo não dói.	10547892	Ne t'en fais pas, couper les cheveux ne fait pas mal.
2898239	Estou à procura de receitas para um bolo de chocolate sem chocolate.	10547896	Je suis à la recherche de recettes de gâteaux au chocolat sans chocolat.
8974840	Gosto muito do Cristiano Ronaldo.	10547897	J'aime beaucoup Cristiano Ronaldo.
2562052	Eu o vi chorar.	10547898	Je l'ai vu pleurer.
8085918	Eu não acho que Tom saiba qual é o tipo sanguíneo de Mary.	10547902	Je ne pense pas que Tom connaisse le groupe sanguin de Mary.
8968545	Meu avô viveu em Tóquio por 50 anos, então ele conhece a cidade.	10547909	Mon grand-père a vécu à Tokyo pendant 50 ans, donc il connait bien la ville.
4723730	O Tom quer morar em Boston.	10549254	Tom veut habiter à Boston.
1074246	O remédio de que precisamos está na terceira prateleira de cima para baixo.	10549255	Le médicament dont nous avons besoin est sur la troisième étagère en partant du haut.
1815665	Onde faço meu dever de casa?	10549257	Où est-ce que je fais mes devoirs ?
5279929	Eu dormi tranquilamente ouvindo o sussurro da chuva no telhado.	10549283	J'ai dormi tranquillement avec le murmure de la pluie sur le toit.
5138923	Tom roubou-me dinheiro.	10549291	Tom m'a volé de l'argent.
4256927	O que Tom faria no meu lugar?	10549292	Que ferait Tom à ma place ?
4923213	Você nunca sabe o que vai acontecer.	10549294	Tu ne peux jamais savoir ce qui va arriver.
2147019	Eles pensaram nisto por um tempo.	10549301	Ils ont réfléchi à cela un moment.
6441166	Por que vocês não me disseram que Maria era mãe de Tom?	10549306	Pourquoi ne m'avez-vous pas dit que Maria était la mère de Tom ?
8180072	Todos os passageiros já estão a bordo?	10549311	Tous les passagers sont-ils à bord ?
10551405	É assombrosamente elevado o nível de percepção e entendimento que a mente humana já alcançou na pesquisa científica dos mecanismos e processos criativos da Divindade (Natureza). Entretanto, isso apenas aprofunda cada vez mais o insondável mistério!	10551414	Le niveau de perception et de compréhension que l'esprit humain a déjà atteint dans la recherche scientifique sur les mécanismes et processus créatifs de la Divinité (la Nature) est incroyablement élevé. Cependant, cela ne fait qu'approfondir de plus en plus le mystère insondable !
10553346	Os cientistas hoje sabem que as moléculas de proteína executam a maioria das funções essenciais da célula.	10553350	Les scientifiques savent maintenant que les molécules de protéines remplissent la plupart des fonctions essentielles de la cellule.
517521	O mundo está cheio de imbecis.	10555579	Le monde est plein d'imbéciles.
10556546	Um carinho, uma palavra, uma imagem, cada experiência da vida deixa uma marca no cérebro.	10556552	Une caresse, un mot, une image, chaque expérience de vie laisse une trace dans le cerveau.
8339994	Eu não trabalho as mesmas horas todos os dias.	10560527	Je ne travaille pas aux mêmes heures tous les jours.
10565117	A teoria não diz como o elétron se move durante um salto. Diz apenas o que vemos quando ele salta.	10565130	La théorie ne dit pas comment l'électron se déplace lors d'un saut. Elle dit juste ce que nous voyons quand il saute.
10565999	As primeiras tentativas de tradução por computador produziram resultados medíocres, para não dizer ridículos. Hoje em dia, porém, existem algoritmos tradutores de ótima qualidade.	10566008	Les premières tentatives de traduction informatique ont produit des résultats médiocres, sinon ridicules. De nos jours, cependant, il existe des algorithmes de traduction d'excellente qualité.
10565999	As primeiras tentativas de tradução por computador produziram resultados medíocres, para não dizer ridículos. Hoje em dia, porém, existem algoritmos tradutores de ótima qualidade.	10566010	Les premières tentatives de traduction par ordinateur ont donné des résultats médiocres, pour ne pas dire ridicules. Aujourd'hui, cependant, il existe des algorithmes de traduction de très bonne qualité.
10567289	O futuro não é determinado pelo presente: o mundo é probabilístico.	10567295	Le futur n'est pas déterminé par le présent : le monde est probabiliste.
10567406	Na escala das moléculas, a clara ponta de uma faca de aço é flutuante e imprecisa como a margem de um oceano tempestuoso que forma ondas numa praia de areia branca.	10567428	A l'échelle des molécules, la pointe claire d'un couteau en acier flotte et s'estompe comme le rivage d'un océan orageux qui forme des vagues sur une plage de sable blanc.
10568729	A informação tem uma única causa necessária e suficiente, e ela é conhecida pela Ciência: uma mente inteligente.	10568736	L'information n'a qu'une seule cause nécessaire et suffisante, et elle est connue de la science : un esprit intelligent.
10569108	Um micróbio poderia ser elevado à condição de microbiologista por duplicação gênica seguida de mutações randômicas e seleção natural?	10569116	Un microbe pourrait-il être élevé au statut de microbiologiste par duplication de gènes suivie de mutations aléatoires et de sélection naturelle ?
10569338	A Religião é a cultura da fé; a CIência é a cultura da dúvida.	10569347	La religion est la culture de la foi ; la science est la culture du doute.
10569450	Uma dúvida terrível vive a me assaltar. Têm algum valor ou são de algum modo confiáveis as convicções de uma mente humana, produto da evolução da mente de animais inferiores? Pode alguém confiar nas convicções da mente de um macaco, se é que há convicções em tal mente?	10569523	Un doute terrible continue de m'assaillir. Les convictions d'un esprit humain, le produit de l'évolution de l'esprit des animaux inférieurs, ont-elles une valeur ou sont-elles d'une manière ou d'une autre fiables ? Peut-on se fier aux convictions de l'esprit d'un singe, s'il y a des convictions dans un tel esprit ?
10570544	A língua russa é difícil de aprender.	10570552	La langue russe est difficile à apprendre.
10573185	Os níveis de hCG sobem e descem, mas são detectados durante toda a gravidez, estando, então, sempre de plantão para proteger o bebê de rejeição pelo sistema imunológico da mãe	10573201	Les niveaux d'hCG montent et descendent, mais sont détectés tout au long de la grossesse, il est donc toujours de garde pour protéger le bébé du rejet par le système immunitaire de la mère.
10573497	A teoria moderna da evolução, em todas as suas variantes, apela exclusivamente para processos acéfalos e cegos.	10573504	La théorie moderne de l'évolution, dans toutes ses variantes, fait exclusivement appel à des processus sans esprit et aveugles.
2634676	É fácil rir com os que riem, e difícil chorar com os que choram.	10574962	C'est facile de rire avec ceux qui rient, et difficile de pleurer avec ceux qui pleurent.
10579876	Qual é a natureza da instrução que permite a um organismo construir um nariz – qualquer nariz?	10579900	Quelle est la nature de l'instruction qui permet à un organisme de se construire un nez – n'importe quel nez ?
7829670	Vocês sabiam que o Tom era professor de francês?	10589863	Saviez-vous que Tom était professeur de français ?
8245657	Qual é a diferença entre uma tangerina e uma mandarina?	10603514	Quelle est la différence entre une tangerine et une mandarine ?
10605912	O ovo é um símbolo de fertilidade e pode ser considerado a semente primordial, o primeiro embrião que emergiu do caos para gerar tudo o que existe.	10605915	L'œuf est un symbole de fertilité et peut être considéré comme la graine primordiale, le premier embryon qui a émergé du chaos pour générer tout ce qui existe.
10608867	Nossa consciência deve existir antes de nossa capacidade computacional algorítmica.	10608869	Notre conscience doit exister avant notre capacité informatique algorithmique.
5487135	Quem casa quer casa.	10619586	Celui qui se marie a besoin d'une maison.
10639639	Viajar é mudar a roupa da alma.	10639665	Voyager, c'est changer les vêtements de l'âme.
10649371	Onde nos encontramos e a que horas?	10649372	On se retrouve où, et à quelle heure ?
10652153	Adicionei ao corpus de Tatoeba 51515 frases em Português.	10652155	J'ai ajouté 51515 phrases en portugais au corpus de Tatoeba.
10653605	A vida está continuamente a renovar-se.	10653615	La vie se renouvelle continuellement.
10653605	A vida está continuamente a renovar-se.	10653617	La vie se renouvelle sans cesse.
10653867	Adicionei 3.333 frases em Russo ao corpus de Tatoeba.	10653869	J'ai ajouté 3333 phrases russes au corpus de Tatoeba.
3180820	Você me dá um beijo?	10657039	Est-ce que tu veux m'embrasser ?
3180820	Você me dá um beijo?	10657044	Tu me fais un bisou ?
7500465	Eu dou aula há mais de 15 anos.	10672717	J'enseigne depuis plus de 15 ans.
10679535	Você tem uma régua?	10679566	Vous avez une règle ?
10679535	Você tem uma régua?	10679570	Avez-vous une règle ?
10679535	Você tem uma régua?	10679581	As-tu une règle ?
10679535	Você tem uma régua?	10679584	Tu as une règle ?
10681451	Estou feliz que você tenha aceito meus motivos.	10681458	Je suis heureux que vous ayez accepté mes motivations.
10681639	Por que você parou aqui?	10681643	Pourquoi est-ce que tu t'es arrêté ici ?
10688909	Sempre será proveitoso o tempo que se dedicar ao estudo do Latim.	10688914	Le temps que vous consacrerez à l'étude du latin sera toujours fructueux.
10689057	A coruja Duo ensina muitas línguas.	10689064	Duo, le hibou, enseigne de nombreuses langues.
7590898	O segredo da vitória é não desistir.	10693410	Le secret de la victoire réside dans le refus d'abandonner.
2043966	Por que brigamos tanto? Por quê? Porque não entendemos o porquê de nossas discussões. Na verdade, não temos motivo por que brigar.	10694859	Pourquoi se dispute-t-on autant ? Pourquoi ? Parce qu'on ne comprend pas la raison de nos querelles. En fait, on n'a aucune raison de se disputer.
10696277	Ontem tivemos uma grande notícia para o xadrez brasileiro. Renato Quintiliano conseguiu sua norma definitiva e se tornou o 15º grande mestre brasileiro. Parabéns!	10696280	Hier, nous avons eu une grande nouvelle pour les échecs brésiliens. Renato Quintiliano a atteint son niveau définitif et est devenu le 15e grand maître brésilien. Félicitations !
10697966	Ao decidir se casar, o homem pode estar tendo a última oportunidade de fazer algo por conta própria.	10697971	En décidant de se marier, l'homme a peut-être une dernière chance de faire quelque chose par lui-même.
10631558	Estou lendo o livro que vocês me deram.	10700255	Je lis le livre que vous m'aviez donné.
10704211	O vocabulário de Toki Pona tem de ser quase todo construído com base em pouco mais de cem palavras escolhidas como básicas pela inventora dessa língua tão minimalista. Os usuários vivem a quebrar a cabeça para encontrar soluções minimamente lógicas.	10704214	Le vocabulaire de Toki Pona doit être presque entièrement construit sur un peu plus d'une centaine de mots choisis comme basiques par l'inventeur de ce langage minimaliste. Les utilisateurs continuent de se creuser la tête pour trouver des solutions minimalement logiques.
10704462	Queres vender o papagaio?	10704478	Voulez-vous vendre le perroquet ?
10705410	Meu gosto musical, pelo menos, eu não considero tão mau assim.	10705414	Mes goûts musicaux, en tout cas, ne sont pas si mauvais.
10705410	Meu gosto musical, pelo menos, eu não considero tão mau assim.	10705415	Mes goûts musicaux, du moins, je ne les considère pas si mauvais.
10705822	Então tomou queijo fresco e leite e o bezerro que mandara preparar, e pôs tudo diante deles, ficando em pé ao lado deles debaixo da árvore enquanto comiam.	10705858	Puis il prit du fromage frais et du lait et le veau qu'il avait fait préparer, les plaça tous devant eux, et se tint à côté d'eux sous l'arbre pendant qu'ils mangeaient.
10707208	Não há nenhum leão no zoológico.	10707217	Il n'y a pas de lions dans le zoo.
10707476	Não há peixes em Netuno.	10707487	Il n'y a pas de poisson sur Neptune.
10707503	Netuno, o senhor dos mares, não come peixe.	10707512	Neptune, le seigneur des mers, ne mange pas de poisson.
10707535	Se há peixes em Netuno, são certamente gasosos.	10707569	S'il y a des poissons sur Neptune, ils sont certainement gazeux.
10708872	Há mais portas ou janelas no mundo?	10709301	Y a-t-il plus de portes ou de fenêtres dans le monde ?
10708867	Tentaram nos enterrar. Não sabiam que éramos sementes.	10709322	Ils ont essayé de nous enterrer. Ils ne savaient pas que nous étions des graines.
10710044	Até agora, foram adicionadas a Tatoeba mais frases em Toki Pona (46.500) do que em Latim (41.400).	10710055	Jusqu'à présent, plus de phrases ont été ajoutées à Tatoeba en toki pona (46 500) qu'en latin (41 400).
10710161	Todos os ursos estão comendo.	10710178	Tous les ours mangent.
10710161	Todos os ursos estão comendo.	10710180	Tous les ours sont en train de manger.
10710205	A mulher é a encarnação do amor, a matriz da família, a rainha do lar.	10710218	La femme est l'incarnation de l'amour, la matrice de la famille, la reine du foyer.
10713479	Eu jogo futebol e também toco violão.	10713493	Je joue au football et je joue aussi de la guitare.
10719509	Eu sempre escrevo frases muito simples.	10719517	J'écris toujours des phrases très simples.
10719544	Com um vocabulário limitado, é possível falar sobre muitas coisas diferentes.	10719555	Avec un vocabulaire limité, il est possible de parler de beaucoup de choses différentes.
10720017	Sinto-me qual um pássaro a voar no céu azul e luminoso da manhã.	10720036	Je me sens comme un oiseau qui vole dans le ciel bleu vif du matin.
10720085	Prometo não mais cometer esse erro.	10720197	Je promets de ne plus refaire cette erreur.
10720234	Nos Idos de Março (dia 15 de março) do ano 44 a.C., Júlio César foi assassinado em pleno Senado romano, às mãos de Brutus e outros conspiradores.	10720246	Aux ides de mars (15 mars) de l'année 44 avant J.-C., Jules César est assassiné en plein Sénat romain, de la main de Brutus et d'autres conspirateurs.
10721354	No Brasil estamos no outono.	10721368	Au Brésil, nous sommes en automne.
8985085	Nesse verão eu vou visitar Atenas.	10721395	Cet été, je vais visiter Athènes.
10721416	A língua vai ficando mais bonita na medida em que a vamos aprendendo.	10721451	La langue devient plus belle au fur et à mesure que nous l'apprenons.
10722647	A língua portuguesa se fala no Brasil com vogais mais abertas e sonoras.	10722654	La langue portugaise est parlée au Brésil avec des voyelles plus ouvertes et sonores.
5395058	Quando fito os teus olhos longamente, a certeza me vem, já não duvido, de que o amor existe, o olhar não mente, e de repente tudo faz sentido.	10724227	Quand je regarde longuement dans tes yeux, la certitude me vient, je ne doute plus, l'amour existe, le regard ne ment pas, et soudain tout a un sens.
10724994	A gasolina está muito cara.	10725002	L'essence est très chère.
10736359	Que cesse a guerra absurda e desumana! E que a paz e a concórdia prevaleçam!	10736365	Qu'il soit mis fin à cette guerre absurde et inhumaine ! Et que la paix et la concorde règnent !
10737268	É sagrado o direito de viver. A vida é dom divino primordial. Crime de lesa-humanidade é promover a guerra, o mais hediondo e repulsivo mal.	10737381	Le droit de vivre est sacré. La vie est un don divin primordial. C'est un crime contre l'humanité que de promouvoir la guerre, le mal le plus odieux et le plus répugnant.
10738847	Há sempre muitos carros nesta rua.	10738870	Dans cette rue, il y a toujours beaucoup de voitures.
10738921	Nesta rua há dez casas.	10738928	Dans cette rue, il y a dix maisons.
10742196	Alegria verdadeira poucas vezes conheci. Mais constante companheira, ó tristeza, encontro em ti.	10742276	J'ai rarement connu la vraie joie. Un compagnon plus constant, ô chagrin, je trouve en toi.
10743073	Toki Pona é jovem linda bem difícil de entender. Seus mistérios eu ainda não consegui resolver.	10743084	Toki pona est une belle jeune femme très difficile à comprendre. Je n'ai pas encore été capable de résoudre ses mystères.
10743130	Na prova da Maratona, quem mais corre é o vencedor. No teste de Toki Pona, só passa quem tem valor.	10743238	Dans la course de marathon, celui qui court le plus est le gagnant. Dans le test toki pona, seuls ceux qui ont de la valeur passent.
10743320	Em Toki Pona tentei bela frase traduzir. Os erros logo, bem sei, meu mestre vai corrigir.	10743404	Dans Toki Pona, j'ai essayé de traduire une belle phrase. Les erreurs seront bientôt, je le sais, corrigées par mon maître.
10747508	Disse-lhe.	10747509	Elle lui a dit.
10763229	O gato viu um rato e correu atrás dele.	10763235	Le chat a vu une souris et a couru après elle.
10778082	Ele sempre fica com sono depois de comer.	10779238	Il a toujours sommeil après avoir mangé.
8534888	Por favor, para com isso agora!	10779612	S'il te plaît, arrête-ça !
10808565	Falemos russo.	10808569	Parlons russe.
10808651	Ela encontrou uma mulher que a ajudou.	10808655	Elle a trouvé une femme qui l'a aidée.
10810345	Aquela noite passou depressa.	10810351	Cette nuit-là est passée rapidement.
10810887	O dia do aniversário de meu pai é 30 de dezembro.	10810898	L'anniversaire de mon père est le 30 décembre.
10812289	O dia do aniversário desse ator americano é 4 de julho.	10812297	L'anniversaire de cet acteur américain est le 4 juillet.
10812302	O dia do aniversário desse escritor russo é 7 de outubro.	10812333	L'anniversaire de cet écrivain russe est le 7 octobre.
10812342	O dia do aniversário desse professor francês é 14 de julho.	10812344	L'anniversaire de ce professeur de français est le 14 juillet.
10812357	O dia do aniversário dessa cantora americana é 11 de setembro.	10812361	L'anniversaire de cette chanteuse américaine est le 11 septembre.
10812367	O dia do aniversário do aluno brasileiro é 25 de dezembro.	10812371	L'anniversaire de l'étudiant brésilien est le 25 décembre.
10812412	Este ano, o Dia das Mães é 8 de maio.	10812415	Cette année, la fête des mères est le 8 mai.
10812537	A aurora do saber vem no ocaso da vida.	10812545	L'aube de la connaissance vient au crépuscule de la vie.
10814832	Hoje é nove de maio.	10814837	Aujourd'hui, c'est le neuf mai.
10815048	Ivan chegou aqui no dia sete de maio.	10815052	Ivan est arrivé ici le 7 mai.
8490357	As crianças gostam de iogurte.	10815117	Les enfants aiment le yaourt.
10815157	O trem já chegou?	10815179	Le train est-il déjà arrivé ?
10815291	No outono, as folhas ficam amarelas e vermelhas.	10815315	En automne, les feuilles deviennent jaunes et rouges.
10817329	Venho da biblioteca e estou indo para casa.	10817339	Je viens de la bibliothèque et je rentre chez moi.
10822876	Ela tem um coração de pedra!	10822895	Elle a un cœur de pierre !
10823221	No calendário romano, hoje era o quarto dia antes dos idos de maio.	10823329	Dans le calendrier romain, ce jour était le quatrième jour avant les Ides de mai.
10823411	Meu copo está completamente vazio.	10823422	Mon verre est complètement vide.
10824128	Eu não tenho a intenção de namorar com ela.	10824142	Je n'ai pas l'intention de sortir avec elle.
10828525	No calendário romano, o dia de hoje era a véspera dos idos de maio.	10828560	Dans le calendrier romain, aujourd'hui était la veille des ides de mai.
10832034	Os antigos romanos denominavam o dia de hoje idos de maio.	10832039	Les anciens Romains appelaient ce jour les Ides de mai.
6811706	Não ajudo o Tom com muita frequência.	10836064	Je n'aide pas Tom très souvent.
10837131	Anna tem bons pais, um marido carinhoso e uma sogra gentil. É digna de inveja.	10837139	Anna a de bons parents, un mari aimant et une gentille belle-mère. C'est digne d'envie.
10841523	Estamos ao dispor para qualquer esclarecimento adicional.	10841558	Nous sommes à votre disposition pour toute précision supplémentaire.
10846882	Se as abelhas não trabalharem, as flores não darão frutos.	10846891	Si les abeilles ne travaillent pas, les fleurs ne porteront pas de fruits.
10849214	Sou fascinado por palíndromos.	10849251	Je suis fasciné par les palindromes.
10851609	Ele escreve muitas frases em Toki Pona, mas não gosta de estudar essa língua.	10851618	Il écrit beaucoup de phrases en toki pona, mais il n'aime pas étudier cette langue.
10854950	Estamos relativamente calmos agora.	10854953	Nous sommes maintenant relativement calmes.
10857899	Meu filhinho está aprendendo a falar.	10857923	Mon petit garçon apprend à parler.
10857899	Meu filhinho está aprendendo a falar.	10857926	Mon fils apprend à parler.
10857954	Estou aprendendo Toki Pona há muito tempo.	10857959	J'apprends le toki pona depuis longtemps.
10858055	Eu nunca serei fluente em Toki Pona, mas continuo aprendendo essa língua.	10858060	Je ne parlerai jamais couramment le toki pona, mais je continue à apprendre cette langue.
10879232	Os bons amigos conhecem todas as nossas histórias. Os melhores amigos fazem parte delas.	10879242	Les bons amis connaissent toutes nos histoires. Les meilleurs amis en font partie.
10883350	Tudo estará pronto em uma hora.	10883367	Tout sera prêt dans une heure.
10887735	Se chegares tarde ao aeroporto, perderás o avião.	10887743	Si vous arrivez en retard à l'aéroport, vous manquerez votre avion.
10887993	"Por que vocês estudam interlíngua?" "Porque é muito fácil."	10888038	« Pourquoi étudiez-vous l'interlingua ? » « Parce que c'est trop facile. »
10888192	Conheci ontem a sua irmã. É uma senhorita muito simpática.	10888204	Hier, j'ai rencontré votre sœur. C'est une très gentille dame.
10888596	Se ele fosse teu amigo, não teria feito isso.	10888614	S'il était ton ami, il ne l'aurait pas fait.
10892847	Quantas pessoas virão à tua festa?	10892859	Combien de personnes viendront à votre soirée ?
2922248	Estou assando o grande peixe azul.	10892878	Je fais rôtir le gros poisson bleu.
10892891	Você sabe onde fica a farmácia mais próxima?	10892903	Savez-vous où se trouve la pharmacie la plus proche ?
10893021	Você pode me dizer onde aprendeu isso?	10893039	Pouvez-vous me dire où vous avez appris cela ?
10893055	Você é tão estudioso quanto eu.	10893077	Vous êtes aussi studieux que moi.
10893190	Ele sabe exprimir-se em bom Francês.	10893195	Il sait s'exprimer dans un bon français.
10893201	Vários esforços foram feitos para ressuscitar o Latim.	10893205	Divers efforts ont été faits pour ressusciter le latin.
10895033	Em Toki Pona, a ordem dos fatores altera o produto.	10895038	Dans toki pona, l'ordre des facteurs change le produit.
10895387	"Como se aprende uma língua?" "Eu não sei."	10895410	« Comment apprend-on une langue ? » « Je ne sais pas. »
4849957	Quando era criança, ia à missa das oito horas todos os domingos com minha mãe.	10949247	Quand j'étais enfant, j'allais à la messe de huit heures tous les dimanches avec ma mère.
1373425	O pai quer escrever.	10952440	Le père veut écrire.
4718220	Regicídio é um crime ou um castigo?	10954408	Le régicide est-il un crime ou une punition ?
4718220	Regicídio é um crime ou um castigo?	10954414	Tuer un roi est-il un crime ou une punition ?
10954949	Isso vai agravar ainda mais a situação.	10954953	Ça va encore aggraver la situation.
10954972	Ela o repreendeu porque ele não tinha feito seus deveres de casa.	10954975	Elle l'a grondé parce qu'il n'avait pas fait ses devoirs.
10954994	Vemos os Açores no meio do Atlântico como enorme riqueza e vantagem que pode e deve ser explorada.	10954995	Nous considérons les Açores, au milieu de l'Atlantique, comme une richesse et un avantage énormes qui peuvent et doivent être exploités.
10955075	Verde, amarelo e azul são as cores da bandeira do Brasil.	10955080	Le vert, le jaune et le bleu sont les couleurs du drapeau brésilien.
10958021	O Tom tem a chave desta porta.	10958022	Tom a la clé de cette porte.
10960298	Pode parecer admirável que a linguagem, que é o único método de transmitir as nossas conceções, seja, ao mesmo tempo, um obstáculo ao nosso avanço na filosofia; mas a admiração cessa quando consideramos que ela é raramente estudada como o veículo da verdade, mas é demasiadas vezes estimada por si só, independentemente da sua ligação com as coisas.	10960319	Il peut sembler étonnant que la langue, qui est le seul moyen de transmettre nos conceptions, soit en même temps, un obstacle à notre avancement en philosophie ; mais l'émerveillement cesse quand nous considérons qu'il est rarement étudié comme véhicule de la vérité, mais qu'il est trop souvent estimé pour lui-même, indépendamment de sa connexion avec les choses.
10673211	O Tom admitiu ter cometido um erro na fatura.	10960324	Tom a admis qu'il avait fait une erreur sur la facture.
10960360	Eu nunca te vi rir.	10961016	Je ne t'ai jamais vu rire.
10960360	Eu nunca te vi rir.	10961017	Je ne t'ai jamais vue rire.
1145869	Há quanto tempo você está estudando inglês?	10966412	Combien de temps as-tu étudié l'anglais ?
1145869	Há quanto tempo você está estudando inglês?	10966413	Combien de temps avez-vous étudié l'anglais ?
1154939	De dois males escolha o menor.	10967136	De deux maux, choisissez le moindre.
5152404	Eles escolheram um lugar para fundar uma cidade.	10967148	Ils ont choisi un lieu pour fonder une ville.
10971522	Muitas pessoas usam Toki Pona em Tatoeba.	10971535	Beaucoup de gens utilisent le toki pona à Tatoeba.
10971564	Toki Pona nos ensina que é difícil falar em termos simples.	10971577	Le toki pona nous apprend qu'il est difficile de parler en termes simples.
10971828	Não fale dessa mulher perto de mim.	10971846	Ne parlez pas de cette femme près de moi.
10971828	Não fale dessa mulher perto de mim.	10971847	Ne parle pas de cette femme près de moi.
10973228	No Brasil eu tenho um amigo chamado Carlos, que é casado com uma russa chamada Marina.	10973234	Au Brésil, j'ai un ami qui s'appelle Carlos, qui est marié à une Russe nommée Marina.
10978909	Traduzir uma frase para Toki Pona é reduzi-la à sua expressão mais simples.	10978914	Traduire une phrase en toki pona, c'est la réduire à sa plus simple expression.
10981138	Várias palavras podem ter o mesmo significado, com pequenas diferenças.	10981147	Plusieurs mots peuvent avoir la même signification, avec de petites différences.
10982285	Sua transição de homem para mulher está se processando bem.	10982294	Sa transition d'homme à femme se passe bien.
10982330	A alma pode existir sem o corpo.	10982354	L'âme peut exister sans le corps.
10983928	As imagens dizem muito.	10983935	Les images expriment beaucoup.
10984001	"Tom, como traduzirias para Toki Pona o título do famoso livro 'As Mil e Uma Noites'?" "Talvez 'tenpo pimeja ale suli en tenpo pimeja wan'."	10984023	« Tom, comment traduirais-tu le titre du célèbre livre ' Les Mille et Une Nuits ' en toki pona ? » « Peut-être ' tenpo pimeja ale suli en tenpo pimeja wan '. »
10984076	As noites estão ficando mais longas porque o outono está chegando.	10984101	Les nuits s'allongent car l'automne arrive.
10984459	Você é totalmente descrente ou acredita no Acaso?	10984499	Êtes-vous un non-croyant total ou croyez-vous au hasard ?
10984606	Pois a violência e a injúria nos cercam a todos e geralmente se voltam contra aqueles que lhes deram origem.	10984619	Car la violence et les insultes nous entourent tous et se retournent généralement contre ceux qui les ont suscitées.
10985049	Amanhã, vou nadar no Mediterrâneo.	10985054	Demain, je vais nager dans la Méditerranée.
10986697	Vamos aumentar o corpus latino.	10986730	Augmentons le corpus latin.
10987588	Esta tradução está correta, mas é literal demais.	10987593	Cette traduction est correcte, mais elle est trop littérale.
4535193	Federico Garcia Lorca é um dos meus poetas favoritos.	10989609	Federico Garcia Lorca est l'un de mes poètes préférés.
10989721	Qualquer um pode adotar frases em idiomas mortos, como o Latim, ou em línguas artificiais, como Toki Pona e o Esperanto.	10989780	N'importe qui peut adopter des phrases dans des langues mortes comme le latin ou des langues artificielles comme le toki pona et l'espéranto.
10995939	A língua inglesa é mais usada que qualquer outra em Tatoeba.	10995952	L'anglais est plus utilisé que toute autre langue à Tatoeba.
10996108	Ele havia pensado em muitas coisas.	10996132	Il avait pensé à beaucoup de choses.
10996152	Na língua latina, os advérbios precedem os verbos.	10996164	En langue latine, les adverbes précèdent les verbes.
10996224	Em Toki Pona, todas as palavras são invariáveis.	10996233	Dans le toki pona, tous les mots sont invariables.
11002343	Em Latim, geralmente, o verbo vem no final da frase.	11002375	En latin, le verbe vient généralement à la fin de la phrase.
11002691	O Latim prova que a morte não existe.	11002697	Le latin démontre que la mort est une illusion.
11002691	O Latim prova que a morte não existe.	11002699	Le latin prouve que la mort n'existe pas.
11005302	Toki Pona tem um vocabulário de 123 palavras, derivadas de diversas línguas.	11005351	Toki pona possède un vocabulaire de 123 mots, issus de diverses langues.
11005404	Números grandes podem ser usados em Toki Pona.	11005414	De grands nombres peuvent être utilisés dans Toki Pona.
11006006	A mesa é pequena, mas é pesada.	11006014	La table est petite mais lourde.
11006039	Os icebergs cobriam a superfície do mar.	11006058	Des icebergs recouvraient la surface de la mer.
11009416	Queres que eu te ensine qual é o dever de um juiz.	11009445	Vous voulez que je vous enseigne ce qu'est le devoir d'un juge.
11009416	Queres que eu te ensine qual é o dever de um juiz.	11009447	Tu veux que je t'apprenne ce qu'est le devoir d'un juge.
11009471	Isso não deveria ter sido feito.	11009477	Cela n'aurait pas dû être fait.
11009498	O vento enfunava as velas da embarcação.	11009500	Le vent gonflait les voiles du navire.
11010964	Fazia tempo que eu não escutava esta bela canção de Milton Nascimento.	11011038	Cela fait longtemps que je n'ai pas entendu cette belle chanson de Milton Nascimento.
11011352	Que ela se torne amiga de minha esposa.	11011365	Qu'elle devienne l'amie de ma femme.
11011352	Que ela se torne amiga de minha esposa.	11011367	Laissez-la devenir amie avec ma femme.
11012065	Amo-a mais que a mim mesmo.	11012079	Je l'aime plus que moi.
11012065	Amo-a mais que a mim mesmo.	11012081	Je vous aime plus que moi.
11012103	Estive em tua casa.	11012113	J'étais dans ta maison.
11012103	Estive em tua casa.	11012114	J'étais chez toi.
11014486	Tom sempre relê o que escreve.	11014498	Tom relit toujours ce qu'il écrit.
11014813	A única língua verdadeiramente internacional é o Inglês. Há muito tempo foi o Latim. O Esperanto é candidato. Toki Pona tem alguma chance?	11014863	La seule langue véritablement internationale est l'anglais. Il y a longtemps, c'était le latin. L'espéranto est un candidat. Est-ce que toki pona a une chance ?
11014937	Apesar de tudo, eu gosto de Toki Pona, principalmente porque vejo a possibilidade de modestamente contribuir para que ela continue sendo praticada até tornar-se, quem sabe, um instrumento de fácil comunicação internacional.	11015076	Malgré tout, j'aime toki pona surtout parce que je vois la possibilité de contribuer modestement à sa pratique continue jusqu'à ce qu'il devienne, qui sait, un instrument de communication internationale facile.
11015086	Estas condições não foram aceitas.	11015091	Ces conditions n'ont pas été acceptées.
11015102	A pobreza induz ao crime.	11015111	La pauvreté incite au crime.
11015292	Esta tradução está cheia de anacronismos.	11015300	Cette traduction est pleine d'anachronismes.
11015319	Podes dormir em semelhante perigo?	11015332	Pouvez-vous dormir dans un tel danger ?
11015344	Essas coisas não são mencionadas na lei.	11015356	Ces choses ne sont pas mentionnées dans la loi.
11017574	Em Toki Pona, você não nomeia uma coisa; você diz o que ela significa.	11017581	Dans toki pona, on ne nomme pas une chose, on dit ce qu'elle signifie.
11017619	Quem bem sabe exprimir-se em Toki Pona entende melhor o próprio idioma.	11017629	Ceux qui peuvent s'exprimer correctement en toki pona comprennent mieux leur propre langue.
11021208	Quem sabe bem Toki Pona escreve frases fáceis de entender.	11021226	Ceux qui connaissent bien le toki pona écrivent des phrases faciles à comprendre.
7048145	Fiz o que pude, façam melhor os que puderem.	11026494	J'ai fait ce que j'ai pu ; laissons faire mieux ceux qui sont plus capables.
11026696	Nos livros procuramos liberdade.	11026705	Dans les livres, nous recherchons la liberté.
11026888	Uma multidão de livros sobrecarrega o aluno, não o instrui.	11026892	Une multitude de livres accable l'étudiant, ne l'instruit pas.
11028068	As palavrinhas "la", "li", "e", "ni" e "pi" são os pilares da frase em Toki Pona.	11028083	Les petits mots « la », « li », « e », « ni » et « pi » sont les piliers de la phrase en toki pona.
11028857	Toki Pona nos instiga a reformular nossa maneira de pensar.	11028871	Le toki pona nous invite à remodeler notre façon de penser.
11028953	A formação da juventude é a renovação do mundo.	11028960	La formation de la jeunesse est le renouveau du monde.
11028983	A juventude indolente cria uma velhice mendicante.	11028994	La jeunesse indolente crée une vieillesse mendiante.
11031886	As alegrias duram pouco.	11031892	Les joies sont de courte durée.
11031886	As alegrias duram pouco.	11031893	Les joies sont éphémères.
11031924	O pranto é vizinho bem próximo da alegria.	11031939	Les pleurs sont un voisin très proche de la joie.
11031945	A luz dos olhos alegra a alma.	11031955	La lumière des yeux réjouit l'âme.
11031972	Quem vive triste não pode aliviar a dor alheia.	11031985	Ceux qui vivent tristes ne peuvent pas soulager la douleur des autres.
11032236	Sigo o espírito que impele o barco do meu coração.	11032253	Je suis l'esprit qui conduit le bateau de mon cœur.
11032661	Ele dá mais valor à honradez que ao dinheiro.	11032688	Il fait passer l'honneur avant l'argent.
11032661	Ele dá mais valor à honradez que ao dinheiro.	11032698	Il accorde plus d'importance à l'honnêteté qu'à l'argent.
11034351	Traduzir uma frase em Toki Pona é exprimir em termos bem simples seu significado.	11034371	Traduire une phrase en toki pona, c'est exprimer son sens en termes très simples.
11034694	Se queres casar-te bem, casa-te com alguém de igual condição.	11034701	Si vous voulez faire un bon mariage, épousez quelqu'un de condition égale.
7215667	As aves têm o corpo coberto de penas.	11034843	Les oiseaux sont couverts de plumes.
11036559	Agora em Wembley, a seleção inglesa de futebol feminino ganhou a Copa da Europa ao vencer a seleção alemã.	11036596	Aujourd'hui à Wembley, l'équipe de football féminine anglaise a remporté la Coupe d'Europe en battant l'équipe nationale allemande.
11037512	O tempo passa, o tempo voa... e a vida nada mais é que um sonho.	11037517	Le temps passe, le temps file... et la vie n'est qu'un rêve.
11037683	"Se a tradução está correta, por que você não gosta dela?" "Porque foi feita por uma máquina."	11037707	« Si la traduction est correcte, pourquoi ne l'aimez-vous pas ? » « Parce qu'elle a été faite par une machine. »
11037946	Tenho vontade de beijá-la mil vezes.	11038002	J'ai envie de l'embrasser un millier de fois.
11037946	Tenho vontade de beijá-la mil vezes.	11038003	J'ai envie de l'embrasser mille fois.
11037946	Tenho vontade de beijá-la mil vezes.	11038004	J'ai envie de t'embrasser mille fois.
11037946	Tenho vontade de beijá-la mil vezes.	11038006	J'ai envie de t'embrasser un millier de fois.
11038290	Se algo não é proibido, então é permitido?	11038298	Si une chose n'est pas interdite, alors est-elle permise ?
11038209	Tenho vontade de lhe dar mil beijos.	11039060	J'ai envie de lui donner un millier de baisers.
11038209	Tenho vontade de lhe dar mil beijos.	11039063	J'ai envie de lui faire 1000 bisous.
11039132	Aquela frase portuguesa admite inumeráveis possibilidades de tradução. Muitas dessas versões encontram-se em Tatoeba.	11039232	Cette phrase portugaise admet d'innombrables possibilités de traduction. Beaucoup de ces versions peuvent être trouvées à Tatoeba.
11042621	"Será que o mundo foi criado por acaso?" "Certamente não."	11042642	« Le monde a-t-il été créé par hasard ? » « Certainement pas. »
11042674	"Será que trouxeste o livro?" "Trouxe sim, podes crer."	11042676	« As-tu apporté le livre ? » « Je l'ai fait, crois-moi. »
11042871	Será que isto existe?	11042900	Est-ce que cela existe ?
11043160	Um velho amigo meu tem uma memória privilegiada. Ele narra cenas de sua juventude como se tivessem acontecido ontem.	11043189	Un vieil ami à moi a une mémoire remarquable. Il raconte des scènes de sa jeunesse comme si elles s'étaient passées hier.
11043195	Você mesmo é que deve fazer isso.	11043205	Tu devrais le faire toi-même.
11044777	O relativo pode omitir-se em Inglês, mas nunca em Latim.	11044784	Le relatif peut être omis en anglais, mais jamais en latin.
6166892	A vida é bela. Ninguém disse que seja simples.	11045811	La vie est belle. Personne n'a dit que c'était simple.
8545006	Tom disse que não sabia o que havia na caixa.	11045876	Tom a dit qu'il ne savait pas ce qu'il y avait dans la boîte.
2098655	Gostaria de aprender russo, mas meus amigos me disseram que é difícil.	11045914	J'aimerais apprendre le russe, mais mes amis m'ont dit que c'était difficile.
11047199	O contexto esclarece o significado de um termo desconhecido.	11047207	Le contexte permet de clarifier le sens d'un terme peu familier.
7088412	Isto é um espelho.	11047915	C'est un miroir.
11048688	O mar, quando está calmo, espelha o céu.	11048714	La mer, quand elle est calme, reflète le ciel.
11048866	Muitas frases escrevi sobre a palavra "espelho".	11048875	J'ai écrit de nombreuses phrases sur le mot « miroir ».
11048889	De várias maneiras algo pode ser dito em Toki Pona.	11048901	De bien des façons, on peut dire la même chose à toki pona.
11049430	Roma tornou-se a coisa mais bela do mundo.	11049435	Rome est devenue la plus belle chose au monde.
11049449	A noite sucede ao dia.	11049456	La nuit succède au jour.
11049462	Há eclipse da Lua.	11049473	Il y a une éclipse lunaire.
11052049	Escrevo frases em várias línguas em Tatoeba porque confio nos mestres que aqui se dispõem a corrigir-me os equívocos.	11052055	J'écris des phrases en plusieurs langues à Tatoeba parce que je fais confiance aux maîtres qui sont prêts ici à corriger mes erreurs.
11052303	Que o erro de ontem seja o teu mestre hoje.	11052320	Laissez l'erreur d'hier être votre professeur d'aujourd'hui.
11052333	Nada se ensina corretamente sem um exemplo.	11052341	Rien n'est enseigné correctement sans un exemple.
11052378	A mulher ou ama ou odeia; não há meio termo.	11052395	La femme aime ou déteste ; il n'y a pas de juste milieu.
11052403	Apagada a luz, todas as mulheres são iguais.	11052416	Une fois la lumière éteinte, toutes les femmes sont égales.
11052876	Hoje é o dia do leão.	11052889	Aujourd'hui, c'est le jour du lion.
11053681	Acho que Tom é nome de gato.	11053693	Je pense que Tom est un nom de chat.
8542288	Eu sei que devo terminar o trabalho.	11053703	Je sais que je dois finir le travail.
11055487	Todas as traduções que você sugeriu são boas. Escolhi a mais simples.	11055515	Toutes les traductions que vous proposez sont bonnes. J'ai choisi la plus simple.
11057012	Nossos antepassados não teriam dado o nome de Senado ao nosso conselho supremo, se não vissem nos anciãos as virtudes da prudência, do bom senso e da razão.	11057054	Nos ancêtres n'auraient pas donné le nom de Sénat à notre conseil suprême s'ils n'avaient pas vu dans les anciens les vertus de la prudence, du bon sens et de la raison.
11057171	Como poderei pagar esta dívida?	11057178	Comment puis-je payer cette dette ?
11057190	Não sei como posso retribuir esse obséquio.	11057212	Je ne sais pas comment je peux rendre cette gentillesse.
11057875	As faculdades dos idosos se conservam, enquanto eles se mantiverem ativos e com interesse pela vida.	11057912	Les facultés des personnes âgées sont préservées tant qu'elles restent actives et intéressées par la vie.
11058880	Em Toki Pona, "telo" significa "água". Em Russo, "тело" significa "corpo". E a água é o principal constituinte do corpo (humano).	11058894	En toki pona, « telo » signifie « eau ». En russe, « тело » signifie « corps ». Et l'eau est le principal constituant du corps (humain).
11062994	O português e o espanhol são idiomas tão semelhantes que às vezes duas frases - uma em português, outra em espanhol - parecem estar redigidas na mesma língua.	11063016	Le portugais et l'espagnol sont des langues tellement similaires que parfois deux phrases - l'une en portugais, l'autre en espagnol - semblent être écrites dans la même langue.
11064097	Passam-se as horas, os dias, os meses e os anos.	11064107	Des heures, des jours, des mois et des années passent.
11065687	Em Pompeia vocês poderão ver muitas casas romanas.	11065713	À Pompéi, vous verrez de nombreuses maisons romaines.
11066709	Temos necessidade de remédios.	11066743	Nous avons besoin de médicaments.
11070107	Nada tenho por que censurar a velhice.	11070119	Je n'ai aucune raison de blâmer la vieillesse.
11070469	Os gregos chegaram a Troia com muitos navios para capturar a cidade.	11070500	Les Grecs sont arrivés à Troie avec de nombreux navires pour capturer la ville.
11070517	De tal modo não gosta de mim que mal me olha.	11070539	Il ne m'aime tellement pas qu'il me regarde à peine.
11070870	Embora a família de Júlio César fosse pobre, ele se tornou famoso e rico.	11070896	Bien que la famille de Jules César était pauvre, il est devenu célèbre et riche.
11072424	Eu te digo isto porque te amo.	11072429	Je te dis ça parce que je t'aime.
11072440	Como já é noite, retirem-se para suas casas.	11072452	Comme il fait déjà nuit, rentrez chez vous.
11072464	Visto que o desejas, eu o farei.	11072477	Puisque vous le souhaitez, je le ferai.
11072464	Visto que o desejas, eu o farei.	11072489	Puisque tu le souhaites, je le ferai.
11072517	Se eu fosse rico, eu te ajudaria.	11072523	Si j'étais riche, je vous aiderais.
11072517	Se eu fosse rico, eu te ajudaria.	11072530	Si j'étais riche, je t'aiderais.
11072531	Se ele tivesse dito isso, deveria ter sido punido.	11072536	S'il avait dit ça, il aurait dû être puni.
11073066	Percebo agora que aquele livro, que me parecia tão bom, provavelmente contém erros.	11073087	Je réalise maintenant que ce livre, qui me semblait si bon, contient probablement des erreurs.
11075305	O arco-íris lança chuva sobre a terra.	11075311	L'arc-en-ciel jette la pluie sur la terre.
976313	Se a caixa continuar aberta, os alimentos perecerão.	11075539	Si la boîte reste ouverte, la nourriture périra.
11076062	Que é que te faz mudar de opinião?	11076080	Qu'est-ce qui vous fait changer d'avis ?
11076106	É uma loucura permitir isto.	11076131	C'est une folie de permettre cela.
11076148	Você não precisa de nada.	11076166	Vous n'avez besoin de rien.
11076148	Você não precisa de nada.	11076167	Tu n'as besoin de rien.
11076278	Debilitados pelo vinho, os rútulos tinham adormecido e estavam em silêncio.	11076299	Affaiblies par le vin, les Rutules s'étaient endormies et se taisaient.
11076338	Já avistamos a cidade por entre os vales onde costumávamos caçar, e conhecemos todo o rio.	11076357	Nous avons déjà entrevu la ville à travers les vallées où nous avions l'habitude de chasser, et nous connaissons tout le cours de la rivière.
11077453	Se você se limitar a fazer somente aquilo que já sabe, nunca aprenderá algo novo.	11077479	Si vous ne faites que ce que vous savez déjà, vous n'apprendrez jamais quelque chose de nouveau.
11077555	Os erros que eventualmente cometemos em nossas frases nunca passam despercebidos em Tatoeba. Há sempre alguém disposto a apontá-los e corrigi-los.	11077596	Les erreurs que nous faisons parfois dans nos phrases ne passent jamais inaperçues à Tatoeba. Il y a toujours quelqu'un prêt à les indiquer et à les corriger.
11077951	Sem dinheiro, nada se alcança.	11077963	Sans argent, rien ne se fait.
11078606	No coração ela mantém secreta chaga.	11078612	Dans son cœur, elle garde une blessure secrète.
11079461	O medo dá asas aos pés.	11079486	La peur donne des ailes aux pieds.
11079885	Eu gostaria que cada frase em Tatoeba, mesmo que escrita em um idioma bem conhecido, fosse acompanhada de pelo menos uma tradução.	11079934	Je voudrais que chaque phrase de Tatoeba, même si elle est écrite dans une langue connue, soit accompagnée d'au moins une traduction.
11081126	Não sei qual é o motivo por que não me escreves.	11081136	Je ne sais pas pourquoi tu ne m'écris pas.
11081937	Todos os romanos queriam ter filhos, porque os filhos preservavam o nome da família, veneravam os deuses da família e fortaleciam o "poder paterno".	11081955	Tous les Romains voulaient avoir des enfants parce que les enfants préservaient le nom de la famille, vénéraient les dieux de la famille et renforçaient la « puissance paternelle ».
4520262	Toki Pona não é uma língua artificial auxiliar - é uma língua filosófica.	11082532	Le toki pona n'est pas une langue artificielle auxiliaire, c'est une langue philosophique.
11082977	É inevitável que o homem morra.	11082990	Il est inévitable que l'homme meure.
11083762	A Itália tem belíssimas cidades.	11083785	L'Italie a des villes magnifiques.
11088087	Perguntei em quantas guerras o general tinha lutado.	11088103	J'ai demandé combien de guerres le général avait menées.
11089003	Irei quando tiver terminado minhas tarefas aqui.	11089009	J'irai quand j'aurai terminé mes corvées ici.
5338066	Na maioria dos casos, a intenção é inteiramente evidenciada pela situação.	11091741	Dans la majorité des cas, l’intention est entièrement dépendante de la situation.
11112816	Acho que isso está errado e é muito feio, mas não posso fazer nada para emendá-lo.	11112847	Je pense que c'est faux et très laid, mais je ne peux rien faire pour y remédier.
11119638	Hoje em dia, os adolescentes são frequentemente criticados por seu mau comportamento.	11119646	De nos jours, les adolescents sont souvent critiqués pour leur mauvais comportement.
11120809	Maria virá amanhã.	11120818	Marie viendra demain.
11121025	Eu sou francês e sou turista.	11121061	Je suis français et je suis touriste.
11121083	Maria, você é grega ou francesa?	11121087	Marie, es-tu grecque ou française ?
11121117	Meu nome é Carlos, sou brasileiro.	11121126	Je m'appelle Carlos, je suis brésilien.
11121145	O homem e a mulher têm um filho.	11121150	L'homme et la femme ont un enfant.
11121175	Somos três: o pai, a mãe e o filho.	11121176	Nous sommes trois : le père, la mère et l'enfant.
11121200	Sou casado e tenho três filhos.	11121225	Je suis marié et j'ai trois enfants.
11121242	Roberto tem mulher e filhos, mas não tem pai nem mãe.	11121266	Robert a une femme et des enfants, mais il n'a pas de père et de mère.
11122704	O nome do hotel é inglês.	11122712	Le nom de l'hôtel est anglais.
11122773	Esta rua é comprida mas estreita.	11122775	Cette rue est longue mais étroite.
11123080	O carro de meu amigo é inglês.	11123096	La voiture de mon ami est anglaise.
11123628	Os carros americanos são muito grandes.	11123787	Les voitures américaines sont très grandes.
11125359	As crianças me acordam cedo.	11125387	Les enfants me réveillent tôt.
11126347	Onde estão meus anéis?	11126394	Où sont mes bagues ?
11127613	Os filhos são meus.	11127624	Les enfants sont à moi.
11127680	O jornal é de vocês.	11127698	C'est votre journal.
11127742	A pizza está deliciosa.	11127760	La pizza est délicieuse.
11127798	Agora entendo por que Heinrich Schliemann aprendeu o Grego por último. A língua é encantadora; não pode ser suplantada por nenhuma outra.	11127833	Je comprends maintenant pourquoi Heinrich Schliemann a appris le grec en dernier. La langue est enchanteresse, elle ne peut être supplantée par aucune autre.
11127987	Passei minhas férias de verão em Míconos.	11127996	J'ai passé mes vacances d'été à Mykonos.
11128036	Gostaria de passar um fim de semana em Creta.	11128039	J'aimerais passer un week-end en Crète.
11128849	Eu adoro a língua grega.	11128888	J'aime la langue grecque.
11132306	Não, ele não está usando tua roupa.	11132313	Non, il ne porte pas tes vêtements.
11137334	Você compreende as mulheres e as crianças que estão aqui?	11137357	Comprenez-vous les femmes et les enfants qui sont ici ?
11137390	A porta está aberta ou fechada?	11137414	La porte est-elle ouverte ou fermée ?
1331791	Ele aceitou a nossa oferta.	11138634	Il a accepté notre offre.
11154006	Pensei que ambas as frases fossem corretas.	11154029	Je pensais que les deux phrases étaient correctes.
11157646	Talvez o homem venha a ter uma vida curta. Talvez, quem sabe, ele viva muito tempo. Mas, com certeza, o homem morrerá.	11157664	Peut-être que l'homme aura une vie courte. Peut-être, qui sait, vivra-t-il longtemps. Mais l'homme mourra sûrement.
11159623	O lenço é lavado com sabão.	11159625	Le mouchoir est lavé avec du savon.
11160944	Cuida de não dizeres a ninguém o que quiseres manter em sigilo.	11160964	Ne révèle à personne ce que tu veux garder secret.
11172138	Qual é o montante?	11172208	Quel est le montant ?
939673	Seu desenvolvimento mental foi lento.	11175397	Son développement mental a été lent.
10836829	Eu sabia que o Antônio podia vencer.	11177825	Je savais qu'Antoine pouvait gagner.
11185993	Os gregos fizeram muitas coisas importantes.	11186019	Les Grecs ont fait beaucoup de choses importantes.
2690807	Pedro espera muito de seu filho adolescente.	11186274	Pierre attend beaucoup de son fils adolescent.
11186494	A língua grega é linda demais.	11186512	La langue grecque est trop belle.
11186601	Agora vejo a língua grega em toda a parte.	11186607	Maintenant, je vois la langue grecque partout.
11190964	Novamente me inflama o coração o amor que há tantos anos me inspiraste.	11190968	Mon cœur brûle à nouveau de l'amour que tu m'as inspiré il y a tant d'années.
11191012	Por que tanto me encanta a língua grega? Será que já fui grego em outra vida?	11191034	Pourquoi est-ce que j'aime tant la langue grecque ? Se pourrait-il que j'aie été grec dans une autre vie ?
11194082	Minha irmã tem três filhas.	11194091	Ma sœur a trois filles.
11194293	Acho muito bonita a língua russa, principalmente quando falada por mulheres.	11194311	Je trouve la langue russe très belle, surtout quand elle est parlée par des femmes.
11194407	Em que língua é mais bela a palavra "mulher"?	11194429	Dans quelle langue le mot « femme » est-il le plus beau ?
11194554	Em que língua é mais terrível a palavra "guerra"?	11194564	Dans quelle langue le mot « guerre » est-il le plus terrible ?
11194616	Em que língua é mais tranquilizadora a palavra "paz"?	11194620	Dans quelle langue le mot « paix » est-il plus rassurant ?
11195111	Você nunca foi assim. Por que fez isso?	11195115	Tu n'as jamais été comme ça. Pourquoi as-tu fait ça ?
11195121	Por que você parou de estudar aquela língua?	11195125	Pourquoi avez-vous arrêté d'étudier cette langue ?
11195669	As asas da borboleta se assemelham a pétalas de diáfana flor.	11195676	Les ailes du papillon ressemblent aux pétales d'une fleur diaphane.
11196139	Trinta meses são dois anos e meio.	11196171	Trente mois, c'est deux ans et demi.
11196395	A borboleta é uma flor leve que esvoaça.	11196409	Le papillon est une fleur légère qui vole.
11196650	Que significa a expressão ano-luz?	11196704	Que signifie l'expression année-lumière ?
11199288	A mocidade é forte e resiste à pancada. A velhice, porém, requer ser bem tratada.	11199295	La jeunesse est forte et résiste aux coups. La vieillesse, cependant, exige de bons soins.
11200376	Gostou do livro que Tom te emprestou?	11201473	Avez-vous aimé le livre que Tom vous a prêté ?
11200369	Mary almoça sozinha todos os dias.	11201509	Marie déjeune toute seule tous les jours.
11200365	Perguntei a Mary por que ela estava estudando francês.	11201535	J'ai demandé à Mary pourquoi elle étudiait le français.
11201782	Pegamos um táxi e viemos.	11201802	On a pris un taxi et on est venu.
11204067	Tu logo me esqueceste, ó mulher inconstante!	11204081	Tu m'as vite oublié, ô femme volage !
11204304	É permitido aqui falar de amor?	11204319	Est-il permis ici de parler d'amour ?
11204304	É permitido aqui falar de amor?	11204320	Peut-on parler d'amour ici ?
11204304	É permitido aqui falar de amor?	11204325	Est-ce que je peux parler d'amour ici ?
11204304	É permitido aqui falar de amor?	11204329	Est-ce qu'on peut parler d'amour ici ?
11204431	Qual é a língua mais bonita para se falar de amor?	11204484	Quelle est la plus belle langue pour parler d'amour ?
11204549	Em que língua é mais belo falar de amor?	11204601	Dans quelle langue est-il plus beau de parler d'amour ?
11204618	Eu escolho o Francês como a língua do amor.	11204683	Je choisis le français comme langue d'amour.
11204742	E no meu peito existe um vazio profundo, porque tu foste embora e ninguém mais me quer.	11204758	Et dans ma poitrine il y a un vide profond, parce que tu es parti et que personne ne m'aime plus.
11206529	Aprendi observando os sofrimentos alheios.	11206534	J'ai appris en observant les souffrances des autres.
11206544	A experiência é o início do conhecimento.	11206555	L'expérience est le début de la connaissance.
11206998	O bem só é conhecido depois de perdido.	11207025	Un bien n'est connu qu'après avoir été perdu.
11208136	Não confies demais em teu amigo.	11208141	Ne fais pas trop confiance à ton ami.
11208198	Por que falas ao vento? Estás perdendo tempo!	11208223	Pourquoi parlez-vous au vent ? Vous perdez du temps !
11208246	Por que perdes teu tempo? Estás falando ao vento!	11208259	Pourquoi perds-tu ton temps ? Tu parles au vent !
11208328	Sem demora, outra porta se abrirá.	11208333	Sans tarder, une autre porte s'ouvrira.
11208466	Você pode cuidar do bebê esta tarde?	11208489	Pouvez-vous garder le bébé cet après-midi ?
11208888	Para ser justo, vai pelo caminho reto.	11208895	Pour être juste, prenez le droit chemin.
11209296	Vivemos não como queremos, mas como podemos.	11209301	Nous ne vivons pas comme nous voulons, mais comme nous pouvons.
11210512	Quero poder cantar até o fim da minha vida.	11210527	Je veux pouvoir chanter jusqu'à la fin de ma vie.
11211105	Eu sou a voz do que clama no deserto.	11211110	Je suis la voix de celui qui crie dans le désert.
11211118	Eis o Cordeiro de Deus, que tira o pecado do mundo!	11211121	Voici l'Agneau de Dieu, qui ôte le péché du monde !
11211154	Vi o Espírito descer do céu como pomba e pousar sobre ele.	11211160	J'ai vu l'Esprit descendre du ciel comme une colombe et se poser sur lui.
11212927	Três dias depois, houve um casamento em Caná da Galileia.	11212945	Trois jours plus tard, il y avait un mariage à Cana de Galilée.
11213037	Mas Jesus lhe disse: Mulher, que tenho eu contigo? Ainda não é chegada a minha hora.	11213059	Mais Jésus lui dit : femme, qu'ai-je à faire avec toi ? Mon heure n'est pas encore venue.
11220655	Das dez mil frases em Inglês adicionadas por Tom ao corpus de Tatoeba, setecentas estão traduzidas para o Grego Moderno.	11220665	Sur les dix mille phrases anglaises ajoutées par Tom au corpus Tatoeba, sept cents sont traduites en grec moderne.
11232329	Muitos consideram o Latim uma língua morta.	11232333	Beaucoup considèrent le latin comme une langue morte.
11232471	Estou sentado a contemplar o belo quadro na parede.	11232482	Je suis assis en regardant la belle image sur le mur.
11232676	Acrescentei setecentas e setenta e sete (777) frases em Grego ao corpus de Tatoeba.	11232695	J'ai ajouté sept cent soixante-dix-sept (777) phrases grecques au corpus de Tatoeba.
11233004	Ele veio até aqui andando.	11233042	Il est venu ici en marchant.
11234080	O Grego Moderno é mais fácil que o Esperanto.	11234094	Le grec moderne est plus facile que l'espéranto.
11235345	Divina é a claridade dos teus olhos, que são diáfanos qual gotas de cristal.	11235373	Divine est la clarté de vos yeux, qui sont diaphanes comme des gouttes de cristal.
11235917	Jamais te esquecerei, amor de minha vida!	11235933	Je ne t'oublierai jamais, amour de ma vie !
11235977	Sei que haverás de ouvir meu canto amargurado, este gemido de um plangente coração.	11235988	Je sais que tu entendras mon chant amer, ce gémissement d'un cœur plaintif.
11236026	Muitas vezes o canto é puro e simples pranto.	11236036	Souvent, le chant est un pur et simple pleur.
11236267	A coruja tem os filhotes mais belos da floresta.	11236281	La chouette a les plus beaux poussins de la forêt.
11238420	Não arriscar nada é arriscar tudo.	11238424	Ne rien risquer, c’est tout risquer.
11238499	Na minha idade, o estudo é cansativo. Mas, não resisto – eu gosto de estudar.	11238504	À mon âge, les études sont fatigantes. Mais, je ne peux pas résister - j'aime étudier.
11238534	Como é que eu poderia ter vivido se me tivesse sido negada a companhia de um dicionário?	11238556	Comment aurais-je pu vivre si on m'avait refusé la compagnie d'un dictionnaire ?
11239704	O Grego Moderno é uma língua encantadora.	11239714	Le grec moderne est une langue charmante.
11239991	Que voz encantadora! Inesquecível!	11240015	Quelle voix charmante ! Inoubliable !
11240043	Gal Costa faleceu ontem, 09.11.22, aos 77 anos de idade.	11240052	Gal Costa est décédé hier, 09.11.22, à l'âge de 77 ans.
11241514	Esta é uma tradução literal?	11241520	Est-ce une traduction littérale ?
11242693	Nossa equipe de revisores é muito eficiente.	11242719	Notre équipe de relecteurs est très efficace.
11245281	Minha namorada é linda.	11245287	Ma copine est belle.
11246081	Usa mas não abusa.	11246083	Usez-en mais n’en abusez pas !
11252335	Eu quero assistir a filmes gregos.	11252342	Je veux regarder des films grecs.
11259673	Amanhã a esta hora, estaremos tomando o café da manhã em Atenas.	11259677	Demain à cette heure-ci, nous prendrons le petit déjeuner à Athènes.
11260089	Tom escreveu um livro muito interessante intitulado "Flagrantes de minha Vida".	11260159	Tom a écrit un livre très intéressant intitulé « Instantanés de ma vie ».
4053239	Você está com raiva, pai? Eu não quis irritá-lo.	11261770	Êtes-vous en colère, père ? Je ne voulais pas vous énerver.
11265915	A mulher que eu amei nunca me amou.	11265927	La femme que j'aimais ne m'a jamais aimé.
11266020	Aquela que na vida eu mais amei disse-me um dia que jamais me amou.	11266083	Celle que j'aimais le plus dans la vie m'a dit un jour qu'elle ne m'avait jamais aimé.
11267671	Em Atenas comprei um papagaio que só fala Grego.	11267675	À Athènes, j'ai acheté un perroquet qui ne parle que le grec.
11275697	Raramente vou à Espanha.	11275709	Je vais rarement en Espagne.
11288865	Que mãozinha fria! Permita-me aquecê-la.	11288974	Quelle petite main froide ! Permettez-moi de la réchauffer.
11289277	Esta derrota evidenciou que a seleção brasileira não é tão forte como se julgava.	11289296	Cette défaite a montré que l'équipe brésilienne n'est pas aussi forte qu'on le pensait.
11298119	Vocês dois são um belo casal.	11298127	Vous êtes un beau couple.
11300036	A Páscoa é a festa anual dos cristãos, comemorativa da ressurreição de Cristo.	11300082	Pâques est la fête annuelle des chrétiens, commémorant la résurrection du Christ.
11304830	Ponha as maçãs vermelhas aqui e as verdes ali.	11304859	Mettez les pommes rouges ici et les vertes là.
11305925	O Queiroz disse que o tempo na Grécia está bom.	11306117	Queiroz a déclaré que la météo en Grèce est bonne.
11306411	Não sei se ainda vou ganhar alguma estrela.	11306446	Je ne sais pas encore si je gagnerai des étoiles.
11308716	Nenhum sistema numérico pode ser compatível com Toki Pona.	11308744	Aucun système de numération ne peut être compatible avec le toki pona.
5616865	Estou estudando inglês em casa.	11322356	J'étudie l'anglais à la maison.
11330016	Eu prefiro o amor ao ódio.	11330082	Je préfère l'amour à la haine.
11333729	Diga-me, espelho meu, quem é a mulher mais bela da Grécia?	11333759	Dis-moi, mon miroir, qui est la plus belle femme de Grèce ?
11378447	O veganismo é um mito. As árvores comem carne.	11378456	Le véganisme est un mythe. Les arbres mangent de la viande.
11391725	Dizer que um atleta é (ou foi) o Pelé de sua modalidade esportiva -- por exemplo, que Michael Jordan foi o Pelé do basquetebol -- significa elevá-lo à categoria de maior lenda, em todos os tempos, daquele esporte.	11391782	Dire qu'un athlète est (ou était) le Pelé de son sport -- par exemple, que Michael Jordan était le Pelé du basket-ball -- revient à l'élever au rang de la plus grande légende, de tous les temps, dans ce sport.
11394075	Existem três espécies inteligentes no planeta.	11394083	Il y a trois espèces intelligentes sur la planète.
11404872	Aquelas duas irmãs russas são casadas com dois irmãos poloneses.	11404881	Ces deux sœurs russes sont mariées à deux frères polonais.
11418253	Todas as galáxias do universo tingiram-se de verde, amarelo e azul quando a alma de Pelé chegou ao céu.	11418318	Toutes les galaxies de l'univers ont été teintes en vert, jaune et bleu lorsque l'âme de Pelé a atteint le ciel.
8091276	O suicídio é crime em algumas partes do mundo.	11433553	Le suicide est un crime dans certaines parties du monde.
11441774	Pelé disse que o time do seu coração sempre foi o Vasco da Gama.	11441817	Pelé a déclaré que l'équipe de son cœur a toujours été Vasco da Gama.
5234778	Alguém já lhe disse quanto você é bonita?	11444941	Quelqu'un t'a-t-il déjà dit à quel point tu es belle ?
11452460	Os órgãos de segurança foram criminosamente omissos.	11452464	Les agences de sécurité ont été criminellement négligentes.
5268448	Esta frase contém cinco palavras.	11463126	Cette phrase contient cinq mots.
11466078	Janeiro é o meu mês.	11466099	Janvier est mon mois.
11480120	As paixões são cegas.	11480127	Les passions sont aveugles.
11480120	As paixões são cegas.	11480164	Les passions sont aveuglantes.
11480813	Em todos os meus livros encontra-se minha assinatura.	11480820	Ma signature est sur tous mes livres.
11484983	Vocês dois falam alemão?	11485012	Vous parlez tous les deux l'allemand ?
11485054	O Canadá fica na América do Norte.	11485078	Le Canada est en Amérique du Nord.
11535124	Um terremoto de grande intensidade matou milhares de pessoas na Turquia e na Síria.	11535127	Un tremblement de terre massif a tué des milliers de personnes en Turquie et en Syrie.
11539259	Todos podem perceber que eu te amo, és minha vida. A razão do meu viver está toda em ti, querida.	11539334	Tout le monde peut comprendre que je t'aime, tu es ma vie. La raison de ma vie est entièrement en toi, chérie.
11544217	Uma borboleta bate as asas no Brasil, o clima muda no Japão.	11544278	Un papillon bat des ailes au Brésil, le temps change au Japon.
11556027	A porta da casa está fechada. As janelas, porém, estão abertas.	11556068	La porte de la maison est fermée. Les fenêtres sont cependant ouvertes.
11556117	A porta da casa está fechada, mas as janelas estão abertas.	11556137	La porte de la maison est fermée, mais les fenêtres sont ouvertes.
11560020	Na voz do meu filho, em seu olhar, todo o seu ser, existe algo de mim, nele eu posso reviver.	11560030	Dans la voix de mon fils, dans son regard, dans tout son être, il y a quelque chose de moi ; en lui, je peux revivre.
11560303	Não se divide por zero.	11560306	Ne divisez pas par zéro.
11564346	Quando cessa o pensamento, o homem deixa de existir.	11564351	Quand la pensée cesse, l'homme cesse d'exister.
11572189	Ele se recusa definitivamente a aceitar a derrota.	11572197	Il refuse définitivement d'accepter la défaite.
11573621	Não chegamos a conhecer-nos pessoalmente, mas éramos bons amigos.	11573631	Nous ne nous sommes jamais connus personnellement, mais nous étions de bons amis.
11573667	Escrever tantas frases em Tatoeba faz-me sentir como se eu fosse um escritor.	11573683	Écrire autant de phrases sur Tatoeba me donne l'impression d'être un écrivain.
11574417	Just Fontaine e eu nascemos no mesmo ano.	11574421	Just Fontaine et moi sommes nés la même année.
11574449	Eu nasci em janeiro e ele em agosto do mesmo ano.	11574465	Je suis né en janvier et lui en août de la même année.
11578022	A educação do homem nada tem a ver com seus diplomas.	11578026	L'éducation d'un homme n'a rien à voir avec ses diplômes.
11583464	Hoje, oito de março, é aquele dia do ano em que as mulheres estão no centro das atenções.	11583468	Aujourd'hui, 8 mars, c'est le jour de l'année où les femmes sont sous les feux de la rampe.
11589350	Em meu sonho, cheguei a um ponto em que me tornei consciente de que estava prestes a despertar.	11589353	Dans mon rêve, j'ai atteint un point où j'ai pris conscience que j'étais sur le point de me réveiller.
11597628	Mais de dois mil anos se passaram e os Idos de Março ainda nos assombram.	11597635	Plus de deux mille ans se sont écoulés et les ides de mars nous hantent toujours.
11597499	Nos Idos de Março do ano 44 aC, Júlio César foi assassinado com 23 punhaladas, por conspiradores, em pleno recinto do Senado romano.	11598312	Aux ides de mars de l'an 44 av. J.-C., Jules César fut assassiné de 23 coups de couteau, par des conspirateurs, au milieu du Sénat romain.
11601014	Deve-se o maior respeito à criança.	11601022	Le plus grand respect est dû à l'enfant.
11097451	Não morrerei inteiramente.	11616670	Je ne mourrai pas complètement.
11616825	Quem um dia vai ler as frases que escrevi?	11616850	Qui lira un jour les phrases que j'ai écrites ?
11618481	Deixarei filhos, netos e bisnetos, além das pobres frases que escrevi.	11618586	Je laisserai des enfants, petits-enfants et arrière-petits-enfants, en plus des pauvres phrases que j'ai écrites.
11620378	A bougainvíllea que eu plantei vai receber a cinza do meu corpo e transformá-la em flor.	11620413	Le bougainvillier que j'ai planté recevra les cendres de mon corps et les transformera en fleurs.
11620591	A bougainvíllea cresce enquanto espera em flores converter as cinzas do meu corpo.	11620687	Le bougainvillier pousse en attendant de convertir les cendres de mon corps en fleurs.
11625280	Será que a paz só se obtém com a guerra?	11625328	La paix ne peut-elle être obtenue que par la guerre ?
11627032	A guerra haverá sempre de existir, até que o homem finalmente se conheça.	11627073	La guerre existera toujours, jusqu'à ce que l'homme se connaisse enfin.
11633051	Quantas frases você acrescentou hoje?	11633096	Combien de phrases as-tu ajoutées aujourd'hui ?
11646485	Eu bebo água quando estou com sede.	11646514	Je bois de l'eau quand j'ai soif.
11647330	Eu gosto desse traço da personalidade dele.	11647394	J'aime ce trait de caractère qu'il a.
11657191	Quem seria eu sem meus professores?	11657340	Qui serais-je sans mes enseignants ?
11657450	Dois papagaios verdes conversavam comigo.	11657483	Deux perroquets verts me parlaient.
11657511	Aquilo é um touro ou um boi?	11657513	Est-ce un taureau ou un bœuf ?
11657589	Ela comprava ratinhos brancos para que sua jiboia os matasse e comesse.	11657601	Elle achetait des souris blanches pour que son boa constrictor les tue et les mange.
11657816	Os cavalos são mais altos e correm mais rápido que os burros.	11657847	Les chevaux sont plus grands et courent plus vite que les ânes.
11657940	Falas tailandês?	11657986	Parles-tu thaïlandais ?
4266889	O meu patrão recomendou-me por carta a um de seus amigos.	11660587	Mon patron m'a recommandé par lettre à un de ses amis.
11664536	As frases que eu agora escrevo algum dia poderão ser vistas como evidências de que eu existi.	11664541	Les phrases que j'écris aujourd'hui seront peut-être un jour considérées comme la preuve que j'ai existé.
11666172	Aquelas uvas não estão maduras.	11666215	Ces raisins ne sont pas mûrs.
11674284	Eram irmãs as quatro professoras que eu tive no curso primário, nos anos de 1940 (Iracema), 1941 (Helena), 1942 (Corália) e 1943 (Miriam).	11674298	Elles étaient sœurs, les quatre institutrices que j'ai eues à l'école primaire, dans les années 1940 (Iracema), 1941 (Helena), 1942 (Corália) et 1943 (Miriam).
11676493	As línguas antigas são as mais difíceis.	11676522	Les langues anciennes sont les plus difficiles.
11679224	Em romeno, "gol" significa "vazio".	11679250	En roumain, « gol » signifie « vide ».
11684203	Eu gostaria muito de conhecer a Grécia e a Romênia.	11684259	J'aimerais vraiment visiter la Grèce et la Roumanie.
11684277	Estes papagaios são meus. Os teus são aqueles.	11684392	Ces perroquets sont à moi. Les tiens sont ceux-là.
11690665	Em minha opinião, Bobby Fischer foi o Pelé do xadrez.	11690683	À mon avis, Bobby Fischer était le Pelé des échecs.
11693624	Minha mãe teve treze filhos.	11693721	Ma mère a eu treize enfants.
11694661	Ao adotar uma frase, às vezes a modifico ligeiramente sem lhe alterar o sentido.	11694680	Lors de l'adoption d'une phrase, je la modifie parfois légèrement sans en changer le sens.
11707273	Ele ainda bebe cerveja aos oitenta anos de idade.	11707289	Il boit encore de la bière à quatre-vingts ans.
11707337	Em minha opinião, fumar é um ato ridículo e detestável, além de muito nocivo à saúde.	11707369	À mon avis, fumer est un acte ridicule et détestable, en plus d'être très nocif pour la santé.
11707379	Não me considero capaz de traduzir, razoavelmente bem, qualquer frase para Toki Pona.	11707400	Je ne me considère pas capable de traduire raisonnablement bien n'importe quelle phrase en toki pona.
11707428	Fumar é um ato inconsciente. É impossível que alguém, consciente do que está fazendo, acenda e fume um cigarro, um charuto ou um cachimbo.	11707458	Fumer est un acte inconscient. Il est impossible à quelqu'un, conscient de ce qu'il fait, d'allumer et de fumer une cigarette, un cigare ou une pipe.
11707554	Para quem não é fumante, a boca de quem fuma tem gosto de cinza e de fumaça.	11707613	Pour un non-fumeur, la bouche d'un fumeur a un goût de cendre et de fumée.
11708157	Tive um colega e vizinho não fumante, cuja esposa fumava. Eu pensava comigo: a que sacrifícios o amor não pode levar o homem a se submeter!	11708180	J'avais un collègue et voisin non-fumeur dont la femme fumait. Je me disais : à quels sacrifices l'amour ne peut-il obliger un homme à se soumettre !
11715778	Ele foi ficando cada vez mais isolado e esquecido nos derradeiros anos de sua vida.	11715794	Il est devenu de plus en plus isolé et oublié dans les dernières années de sa vie.
11724144	As línguas são o menor dos nossos problemas de comunicação.	11724146	Les langues sont le moindre de nos problèmes de communication.
11732888	Temos vaga amanhã.	11732889	Nous avons de la place demain.
11732892	Quer agendar?	11732894	Voulez-vous qu’on fixe le rendez-vous ?
11734180	Hoje em dia, eu não mato sequer uma mosca. Matei muitas quando era criança.	11734250	Aujourd'hui, je ne tue même plus une mouche. J'en ai tué beaucoup quand j'étais enfant.
11734259	Ela nasceu pra me fazer feliz.	11734322	Elle est née pour me rendre heureux.
11734345	Não posso admitir que o Poder Incomensurável que chamamos Deus tenha criado sem nenhum propósito (apenas por diversão?) tantos bilhões de seres vivos diferentes.	11734362	Je ne peux pas admettre que la Puissance Incommensurable que nous appelons Dieu a créé sans but (juste pour le plaisir ?) tant de milliards d'êtres vivants différents.
11734467	A língua latina está viva em Tatoeba.	11734516	La langue latine est vivante à Tatoeba.
11740007	Ao traduzir, é preciso ter todo o rigor e nenhum respeito pelo original.	11740010	Lors de la traduction, il est nécessaire d'avoir toute la rigueur et aucun respect pour l'original.
11742367	Helena é minha nora preferida.	11742370	Helena est ma belle-fille préférée.
11742436	Muito vidro foi usado na construção do prédio.	11742455	Beaucoup de verre a été utilisé dans la construction du bâtiment.
11742469	O português europeu, português de Portugal, português lusitano, ou português continental é a designação dada ao original linguístico da língua portuguesa falada em Portugal e pelos emigrantes portugueses espalhados pelo mundo, englobando os seus dialectos regionais, vocabulário, gramática e ortografia.	11742473	Le portugais européen, le portugais du Portugal, le portugais lusitanien ou le portugais continental est la désignation donnée à la langue originale parlée au Portugal et par les émigrants portugais dispersés dans le monde, englobant ses dialectes régionaux, son vocabulaire, sa grammaire et son orthographe.
11751865	Meu tio José Canuto, irmão de meu pai, tinha uma das vozes mais bonitas (era tenor) que eu ouvi em toda a minha vida.	11751918	Mon oncle José Canuto, le frère de mon père, avait l'une des plus belles voix (il était ténor) que j'aie jamais entendues.
11752969	Os nove irmãos – cinco homens e quatro mulheres – eram filhos do mesmo pai e da mesma mãe.	11752984	Les neuf frères et sœurs – cinq hommes et quatre femmes – étaient des enfants du même père et de la même mère.
11778945	Os revisores melhoram muito a qualidade de nossas frases.	11778952	Les relecteurs améliorent grandement la qualité de nos phrases.
11784405	O dois países do oriente estão em guerra.	11784456	Les deux pays de l'Est sont en guerre.
11852620	O doce aroma dos seus lábios me inebriava.	11852666	Le doux parfum de ses lèvres m'enivrait.
11852674	Ao estudar idiomas, nós abrimos novas janelas por onde espreitam nossas almas.	11852694	En étudiant les langues, nous ouvrons de nouvelles fenêtres à travers lesquelles nos âmes regardent.
11912119	Meu bisneto tem alergia a ovo.	11912188	Mon arrière-petit-fils est allergique aux œufs.
11912553	Ninguém conseguiu até hoje jogar melhor que ele.	11912587	Personne n'a jamais réussi à jouer mieux que lui.
11952098	A esperança é verde.	11952144	L'espoir est vert.
11957223	A bola não entra por acaso.	11957254	Le ballon n'entre pas par hasard.
11981835	Foi o espelho que se quebrou ou foste tu que o partiste?	11981845	C'est le miroir qui s'est cassé ou c'est toi qui l'as cassé ?
11998117	Ele vem jogar no meu time por amor ao futebol, não ao dinheiro.	11998121	Il vient jouer dans mon équipe par amour du football, pas pour l'argent.
11998270	Há dias em que me banho de manhã, mas normalmente prefiro banhar-me de tarde ou de noite.	11998282	Il y a des jours où je me douche le matin, mais je préfère généralement me doucher l'après-midi ou le soir.
12000719	Eu prefiro a tranquilidade da casa.	12000725	Je préfère la tranquillité de la maison.
12001325	O português e o galego são a mesma língua?	12001332	Le portugais et le galicien sont-ils la même langue ?
12001456	Sem nunca ter estudado a língua galega, um brasileiro ou português é capaz de entender praticamente qualquer texto escrito naquele idioma.	12001458	Sans avoir jamais étudié le galicien, un Brésilien ou un Portugais peut comprendre pratiquement n'importe quel texte écrit dans cette langue.
12002668	Ela pôs-se de pé com um salto e, agarrando num pandeiro, executou graciosamente os movimentos de uma dança.	12004966	Elle se leva et, ramassant un tambourin, exécuta gracieusement les mouvements d'une danse.
12010702	O golpe foi tão forte que ainda não deixou o sangue sair.	12010707	Le coup était si fort qu'il n'a toujours pas laissé sortir le sang.
12012519	Ele sai do carro e escala a encosta do jardim até a janela iluminada.	12012529	Il descend de voiture et gravit la pente du jardin jusqu'à la fenêtre éclairée.
12026502	O tupi significa para o Brasil o que o latim e o grego significam para o mundo ocidental: é uma língua que nos põe em contato com nossas raízes culturais e espirituais.	12026518	Tupi signifie pour le Brésil ce que le latin et le grec signifient pour le monde occidental : c'est une langue qui nous met en contact avec nos racines culturelles et spirituelles.
12026570	Somente se pode ser perfeitamente universal voltando-se para os valores da terra.	12026578	On ne peut être parfaitement universel qu’en se tournant vers les valeurs de la terre.
12039384	O menino está na idade em que mais cresce.	12039400	Le garçon est à l’âge où il grandit le plus.
12039437	A árvore cresceu demais, deve ser podada.	12039448	L'arbre est devenu trop grand, il faut le tailler.
12039493	A desconfiança crescia entre as pessoas.	12039498	La méfiance grandissait parmi la population.
12039525	Aquela empresa cresceu explorando os trabalhadores.	12039537	Cette entreprise s'est développée en exploitant les travailleurs.
12039551	Cubra a massa para que ela cresça mais rápido.	12039557	Couvrez la pâte pour la faire lever plus vite.
12039569	Com a chuva, os rios crescem.	12039578	Avec la pluie, les rivières grossissent.
12041032	Se há dez anos eu soubesse que o Galego era tão fácil, já teria acrescentado ao corpus de Tatoeba mais de 50.000 frases nesse idioma.	12041042	Si j'avais su que le galicien était si facile il y a dix ans, j'aurais ajouté plus de 50 000 phrases dans cette langue au corpus de Tatoeba.
12042858	Echarpe é uma peça de roupa feita com uma tira de tecido ou de lã, que se usa ao redor do pescoço para protegê-lo.	12042866	Une écharpe est un vêtement composé d'une bande de tissu ou de laine, que l'on porte autour du cou pour le protéger.
12060464	Vivo a sonhar que estás voltando para mim.	12060489	Je continue de rêver que tu reviens vers moi.
12062068	A morte vence sempre a luta contra a vida?	12062282	La mort gagne-t-elle toujours le combat contre la vie ?
12062738	O mar é muito grande e profundo.	12062752	La mer est très grande et profonde.
12062763	A vida ganha muitas batalhas contra a morte, mas perde sempre a guerra.	12062816	La vie gagne de nombreuses batailles contre la mort, mais elle perd toujours la guerre.
12062838	O mesmo Deus que dá a vida e dá a morte é o Deus que faz que a vida lute contra a morte.	12062855	Le même Dieu qui donne la vie et donne la mort est le Dieu qui fait lutter la vie contre la mort.
12073789	Meu coração é um ninho para ti, minha pequena andorinha!	12073816	Mon cœur est un nid pour toi, ma petite hirondelle !
12074589	A jovem voleibolista suicidou-se jogando-se do décimo andar do prédio onde vivia.	12074595	La jeune volleyeuse s'est suicidée en se jetant du dixième étage de l'immeuble où elle habitait.
12085938	Dentre as línguas que aprendo, aquelas que considero mais difíceis são o latim, o romeno e toki pona.	12085979	Parmi les langues que j'apprends, celles que je trouve les plus difficiles sont le latin, le roumain et le toki pona.
12086008	O galego é quase igual ao português.	12086018	Le galicien est presque identique au portugais.
12086174	Naquela noite, ele levou flores para a mãe dela.	12086190	Ce soir-là, il apporta des fleurs à sa mère.
12088360	Elas não são brasileiras.	12088372	Elles ne sont pas brésiliennes.
12088396	Nenhuma delas é brasileira.	12088415	Aucune d'entre elles n'est brésilienne.
12088428	A vida eterna é um desejo irrefreável do ser humano.	12088435	La vie éternelle est un désir humain irrépressible.
12094835	Eu gosto muito daquele amarelo do uniforme do goleiro do meu time.	12094857	J'aime beaucoup ce jaune sur l'uniforme du gardien de mon équipe.
2639358	— Grato por me haver dado carona até aqui. — Foi um prazer.	12095432	— Merci de m'avoir emmené ici. — Ce fut un plaisir.
3120271	O avião era apenas um pequenino ponto no céu.	12095533	L’avion n’était qu’un petit point dans le ciel.
12110162	Não há interesse pela paz; só guerra e medo geram receita.	12110171	Il n’y a aucun intérêt à la paix ; seules la guerre et la peur génèrent des revenus.
12111059	As folhas da árvore são inumeráveis.	12111074	Les feuilles de l'arbre sont innombrables.
12111885	A vida é melodia composta com suprema arte e excelsa mestria.	12111896	La vie est une mélodie composée avec un art suprême et une excellente maîtrise.
12112315	O galego é língua irmã do espanhol, do português. Com desvelo estudo as três, sempre à tarde ou de manhã.	12112366	Le galicien est une langue sœur de l'espagnol et du portugais. Je les étudie attentivement tous les trois, toujours l'après-midi ou le matin.
12126202	A pessoa que escreveu este livro nunca esteve na Rússia.	12126215	L’auteur de ce livre n’est jamais allé en Russie.
12131338	A diferença entre o galego e o português parece-me, às vezes, mera questão de sotaque.	12131359	La différence entre le galicien et le portugais me semble parfois être une simple question d'accent.
12137903	Durante quatro séculos, o galego e o português estiveram unidos numa só língua: o galego-português. São, por assim dizer, duas irmãs siamesas que se separaram.	12137918	Pendant quatre siècles, le galicien et le portugais ont été réunis en une seule langue : le galicien-portugais. Ce sont pour ainsi dire deux sœurs siamoises séparées.
12137679	Se tens uma mensagem, tens um público. Basta descobri-lo!	12138974	Si vous avez un message, vous avez un public. Découvrez-le !
12143589	Nossa casa era um submarino amarelo.	12143600	Notre maison était un sous-marin jaune.
12144875	Ele sofreu uma avaria no sexagésimo quilômetro da corrida.	12144891	Il est tombé en panne au soixantième kilomètre de la course.
12148319	Perdão, você tem namorado? Porque não acredito que uma garota tão linda quanto você seja solteira.	12148328	Excusez-moi, avez-vous un petit ami ? Parce que je ne peux pas croire qu'une fille aussi belle que vous soit célibataire.
12149171	O Dicionário da Real Academia Galega tira minhas dúvidas não só sobre o significado e a pronúncia das palavras, mas também sobre a conjugação dos verbos galegos.	12149202	Le Dictionnaire de l'Académie Royale de Galice dissipe mes doutes non seulement sur le sens et la prononciation des mots, mais aussi sur la conjugaison des verbes galiciens.
12151217	Existe alguma diferença entre cultura e educação?	12151228	Y a-t-il une différence entre culture et éducation ?
12158663	Ouço sua voz enquanto a neblina encobre a cidade nesta manhã de domingo.	12158686	J'entends ta voix alors que le brouillard enveloppe la ville en ce dimanche matin.
12158795	Os olhos são simples lentes. Quem vê é o coração.	12158797	Les yeux sont de simples lentilles. Le cœur est celui qui voit.
12159305	Aquela música me obsedava. Apoderou-se implacavelmente do meu espírito.	12159315	Cette musique m'a obsédé. Elle s'est emparée de mon esprit sans relâche.
12160926	A voz mais impressionante que ouvi em minha vida foi a do tenor dramático Mario del Monaco.	12160930	La voix la plus impressionnante que j’aie entendue dans ma vie est celle du ténor dramatique Mario del Monaco.
12161452	O quadro de revisores de Tatoeba é eficientíssimo.	12161472	L'équipe de correcteurs de Tatoeba est extrêmement efficace.
12161889	Será que existe no mundo alguém que não tenha nenhum desafeto?	12161942	Y a-t-il quelqu'un dans le monde qui n'ait pas d'ennemis ?
12162505	Minhas ilusões o destino levou.	12162517	Le destin m'a enlevé mes illusions.
12162803	Liberdade e escravidão são conceitos fabricados pela mente humana.	12162824	La liberté et l'esclavage sont des concepts fabriqués par l'esprit humain.
12163028	Bem cedo ele deixou-se fascinar. Mais tarde percebeu quão fingida era ela.	12163042	Très tôt, il est fasciné. Plus tard, il réalisa à quel point elle était fausse.
12163077	Tatoeba é uma escola de idiomas que desperta o interesse de muita gente no mundo inteiro.	12163099	Tatoeba est une école de langues qui suscite l’intérêt de nombreuses personnes à travers le monde.
12163141	Ela ainda cuida dele por compaixão, mas por ele já não sente nenhum afeto.	12163151	Elle tient toujours à lui par compassion, mais elle ne ressent plus aucune affection pour lui.
12163246	A inteligência artificial aprende rápido e jamais esquece o que aprendeu.	12163264	L’intelligence artificielle apprend vite et n’oublie jamais ce qu’elle a appris.
12162669	O ornitorrinco é um mamífero com bico de pato, pelo denso muito parecido com o da lontra e cauda semelhante à do castor. Tem patas palmadas e reproduz-se pondo ovos em vez de dar à luz como os outros mamíferos.	12163323	L'ornithorynque est un mammifère doté d'un bec de canard, d'une fourrure dense semblable à celle d'une loutre et d'une queue semblable à celle d'un castor. Il a des pattes palmées et se reproduit en pondant des œufs au lieu de donner naissance comme les autres mammifères.
12164706	Ao partires deixaste só saudade em meu coração. Nele nada mais existe.	12164710	Quand tu es parti, tu n'as laissé qu'un fort désir dans mon cœur. Rien d'autre n'y existe.
12164961	Não acredito que perdeste aquele amor que fascinou meu insensato coração.	12164973	Je ne peux pas croire que tu as perdu cet amour qui fascinait mon cœur insensé.
12165140	O poeta é, antes de tudo, um artista no uso da palavra.	12165158	Le poète est avant tout un artiste dans l’usage des mots.
12165979	Um amigo meu disse que prefere morrer antes que chegue à idade avançada, pois entende que esta vem sempre acompanhada de intermináveis sofrimentos.	12166195	Un de mes amis m'a dit qu'il préférait mourir avant d'atteindre la vieillesse, car il comprenait que la vieillesse s'accompagne toujours de souffrances sans fin.
12167095	Eu assisti à ópera Carmen em Londres, há 41 anos, na única viagem que fiz ao exterior.	12167112	J'ai vu l'opéra Carmen à Londres, il y a 41 ans, lors de mon seul voyage à l'étranger.
12167259	O médico ordenou ao paciente não comer mariscos, enquanto durasse o tratamento da infecção.	12167273	Le médecin a ordonné au patient de ne pas manger de fruits de mer pendant le traitement de l'infection.
12168855	Eu tenho um cavalo que fala.	12168896	J'ai un cheval qui parle.
12169960	Quando sinto uma coceira, um desconforto, uma dor, procuro observá-la atentamente, para me convencer da verdade do que afirmam os sábios: que nós não SOMOS os nossos corpos.	12169974	Lorsque je ressens une démangeaison, un inconfort, une douleur, j'essaie de l'observer attentivement, de me convaincre de la véracité de ce que disent les sages : que nous ne SOMMES pas notre corps.
12170230	Sri Ramana Maharshi (30.12.1879-14.04.1950), que morreu de câncer, aos discípulos que lhe perguntavam se estava sentindo alguma dor costumava responder: Existe dor em meu corpo. Ele escreveu o livro "Quem sou Eu?".	12170276	Sri Ramana Maharshi (30.12.1879-14.04.1950), qui est mort d'un cancer, lorsque ses disciples lui demandaient s'il ressentait de la douleur, il avait l'habitude de répondre : Il y a de la douleur dans mon corps. Il a écrit le livre « Qui suis-je ? ".
12174150	Em minha opinião, o segundo movimento da sinfonia é o mais melodioso e mais belo dos três.	12174183	À mon avis, le deuxième mouvement de la symphonie est le plus mélodieux et le plus beau des trois.
12181380	Eu carregava uma tristeza, não pensava em outro amor, quando você apareceu em minha vida.	12181390	Je portais de la tristesse, je ne pensais pas à un autre amour, quand tu es apparu dans ma vie.
12181642	Novos sonhos fizeste-me sonhar. Minha alma canta o gosto de viver.	12181658	De nouveaux rêves tu m'as fait rêver. Mon âme chante le goût de vivre.
12181747	Ensinaste-me a amar – és mestra consumada. E cuidas bem do meu precário coração.	12181777	Tu m'as appris à aimer - tu es une enseignante accomplie. Et tu prends bien soin de mon cœur fragile.
12182338	Uma claquete assinala o início de cada tomada.	12182348	Un clap marque le début de chaque prise.
12190960	Gosto de fazer acompanhar cada uma de minhas frases em Português de sua tradução em Galego, para evidenciar as grandes semelhanças e pequenas diferenças que existem entre essas duas línguas.	12190982	J'aime accompagner chacune de mes phrases en portugais de sa traduction en galicien, pour souligner les grandes similitudes et les petites différences qui existent entre ces deux langues.
12186838	As crias de coruja saem do ovo vestidas com uma penugem macia e fofa. Em alguns membros da família, a penugem é cinzenta, noutros é branca como a neve. Elas são cuidadosamente alimentadas e criadas por progenitores afetuosos.	12191124	Les poussins de hibou éclosent de l'œuf, vêtus d'un duvet doux et moelleux. Chez certains membres de la famille, le duvet est gris, chez d'autres il est blanc comme neige. Ils sont soigneusement nourris et élevés par des parents affectueux.
12195358	Esta noite eu tive um sonho em que dançava demorada e sensualmente com uma linda jovem que de mim se enamorara e por quem eu sentia uma atração irresistível.	12195380	Cette nuit, j'ai fait un rêve dans lequel je dansais longuement et sensuellement avec une belle jeune femme qui était tombée amoureuse de moi et pour laquelle je ressentais une attirance irrésistible.
12195620	A capacidade de aprender o Latim é uma das mais agradáveis surpresas que a Inteligência Artificial já me proporcionou.	12195651	La capacité d’apprendre le latin est l’une des surprises les plus agréables que l’intelligence artificielle m’ait jamais offerte.
12197775	Álgebra elementar: a) seja x o número de frases em galego; b) seja x + 700 o número de frases em romeno; c) hoje, x + 700 = 2x; d) qual é o valor de x ? Solução: 2x = x + 700 ➜ 2x - x = 700 ➜ x = 700. Conclusão: hoje há 700 frases em galego e 1.400 frases em romeno.	12197791	Algèbre élémentaire : a) soit x le nombre de phrases en galicien ; b) soit x + 700 le nombre de phrases en roumain ; c) aujourd'hui, x + 700 = 2x ; d) quelle est la valeur de x ? Solution : 2x = x + 700 ➜ 2x - x = 700 ➜ x = 700. Conclusion : il existe aujourd'hui 700 phrases en galicien et 1 400 phrases en roumain.
12198613	Toda língua evolui.	12198621	Chaque langue évolue.
11211060	Tom tem de fazer isso de novo.	12199111	Tom doit le refaire.
11211060	Tom tem de fazer isso de novo.	12199113	Tom doit le faire à nouveau.
12199528	É difícil manifestar tudo o que me vai no coração.	12199533	C'est difficile d'exprimer tout ce que j'ai dans le cœur.
12199554	Por que você está, querida, olhando de soslaio, abaixando a cabeça?	12199562	Pourquoi, ma chère, regardes-tu de côté, baisses-tu la tête ?
12200679	Maria, em seu jardim, parece uma rosa rara.	12200692	Marie, dans son jardin, ressemble à une rose rare.
12202366	Eu às vezes penso que em Tatoeba estou escrevendo minha autobiografia, sem nenhuma preocupação de natureza artística ou literária, mas com toda a sinceridade e exclusivamente de acordo com o que me dita o coração.	12202390	Je pense parfois que sur Tatoeba j'écris mon autobiographie, sans aucune préoccupation d'ordre artistique ou littéraire, mais en toute sincérité et exclusivement selon ce que mon cœur me dicte.
12202430	A biografia dele foi traduzida para dez idiomas.	12202445	Sa biographie a été traduite en dix langues.
12202465	O anoitecer sempre me traz melancolia.	12202475	Le crépuscule m'apporte toujours de la mélancolie.
12203955	Cinco jogadores foram substituídos em cada equipe durante a partida.	12203970	Cinq joueurs ont été remplacés dans chaque équipe pendant le match.
12204013	Essas traduções exigem muita atenção, pois as frases não raro contêm expressões de duplo sentido.	12204030	Ces traductions demandent beaucoup d’attention, car les phrases contiennent souvent des expressions à double sens.
12207814	O presente de que ela mais gostou foi um bolo de chocolate.	12207815	Le cadeau qu'elle aimait le plus était un gâteau au chocolat.
12208028	Nós não estamos absolutamente com raiva de você, mas queremos que nos deixe em paz.	12208076	Nous ne sommes absolument pas en colère contre vous, mais nous voulons que vous nous laissiez tranquilles.
12214868	Muitas vezes, a sorte se opõe ao imprudente amante.	12214901	La fortune s'oppose souvent à l'amant téméraire.
12214951	A amizade é mais valiosa que o ouro.	12214976	L'amitié a plus de valeur que l'or.
12216063	Em Latim, a ordem das palavras pode variar, especialmente nos versos de um poema.	12216088	En latin, l’ordre des mots peut varier, notamment dans les lignes d’un poème.
1056124	Já tenho a story line.	12218572	J'ai déjà les grandes lignes de l'histoire.
12222359	Como era bom contar com a poética beleza das frases dela em Tatoeba!	12222365	Comme c'était merveilleux d'avoir dans Tatoeba la beauté poétique de ses phrases !
12223208	A afinidade e a comunhão de pensamentos entre aquelas duas almas é tal, como se ambas se conhecessem desde outras vidas.	12223210	L'affinité et la communion de pensée entre ces deux âmes est comme si elles se connaissaient depuis d'autres vies.
4375083	Cada um dos vencedores das seis categorias ganhará 2.000 dólares norte-americanos.	12224267	Chacun des gagnants des six catégories remportera 2 000 dollars américains.
12232543	O presente logo se converte em passado. O futuro nos chega a todo o instante.	12233379	Le présent devient vite le passé. L'avenir vient à nous tout le temps.
12243935	O passado e o futuro não têm existência real. Só existe o Agora, porque o Agora escapa às dimensões do espaço-tempo.	12243949	Le passé et le futur n’ont pas d’existence réelle. Il n’y a que le Maintenant, car le Maintenant échappe aux dimensions de l’espace-temps.
12246201	Oxalá se realizem os teus mais acalentados sonhos neste ano de 2024!	12246205	J'espère que vos rêves les plus chers se réaliseront en 2024 !
12249542	Oxalá este ano novo me torne cada dia mais apto a suportar a dor, e entender e perdoar meu semelhante.	12249546	J'espère que cette nouvelle année me rendra chaque jour plus capable d'endurer la douleur, de comprendre et de pardonner à mon prochain.
12249569	Já comecei a ler o livro que minha neta me deu.	12249573	J'ai déjà commencé à lire le livre que ma petite-fille m'a offert.
12249861	Meu cunhado e eu nascemos no mesmo ano: eu, em janeiro; ele, em dezembro.	12249865	Mon beau-frère et moi sommes nés la même année : moi, en janvier ; lui, en décembre.
12250005	O número sete tem um significado especial para muitas pessoas, no mundo inteiro.	12250055	Le chiffre sept a une signification particulière pour de nombreuses personnes dans le monde.
12251395	Quando estão de férias, querem comprar tudo o que veem.	12251399	Lorsqu’ils sont en vacances, ils veulent acheter tout ce qu’ils voient.
12283406	Quem consegue ser eloquente diante do Mistério que é Deus?	12283448	Qui peut être éloquent devant le Mystère qu’est Dieu ?
12285409	A mulher de meu filho é o mesmo que uma filha. A mulher de meu neto é o mesmo que uma neta. Laços de amor grande valor têm na família. Minha nora não tem meu sangue... e é predileta.	12285431	La femme de mon fils est la même chose qu'une fille. La femme de mon petit-fils est la même qu'une petite-fille. Les liens d'amour ont une grande valeur dans la famille. Ma belle-fille n'a pas mon sang... et c'est ma préférée.
12285596	Não pude várias frases traduzir da minha língua para Toki Pona. Nem espero algum dia conseguir fazê-lo... Alguém domina aquele idioma?	12285606	Je n'ai pas réussi à traduire beaucoup de phrases de ma langue en toki pona. Et je n'espère pas y parvenir un jour... Quelqu'un maîtrise-t-il cette langue ?
5487137	Segredo melhor guardado é o que a ninguém é revelado.	12286147	Le secret le mieux gardé est celui qui n’est révélé à personne.
12286633	Maravilhosa equipe de revisores atua em benefício do corpus de Tatoeba.	12286645	Une merveilleuse équipe de correcteurs travaille pour le corpus Tatoeba.
12287587	E chega a hora em que do sonho a alma desperta... E dá-se conta de que tudo era ilusão. Dos falsos eus, enfim, agora se liberta... E leve e pura volta à Fonte da Criação.	12287602	Et vient le moment où l’âme se réveille de son rêve… Et se rend compte que tout n'était qu'une illusion. Des faux mois, enfin, maintenant libérée... Elle retourne légère et pure à la Source de la Création.
12290836	Ele dizia não saber orar... E agora vive imerso em oração. A vida é dom sublime, algo sem par. A prece ecoa a voz do Coração.	12290931	Il disait qu'il ne savait pas comment prier... Et maintenant, il vit plongé dans la prière. La vie est un cadeau sublime, pas comme les autres. La prière est l'écho de la voix du cœur.
12291531	Soneto é poesia emoldurada. Tem beleza na forma e na expressão.	12291541	Le sonnet est une poésie encadrée. Il a de la beauté dans la forme et l’expression.
12292476	Dos seus versos a música é gerada nas esferas sutis do coração.	12292496	La musique de ses vers est générée dans les sphères subtiles du cœur.
12301994	Rivalidade significa, etimologicamente, disputa entre proprietários, porque as propriedades romanas eram, não raro, separadas por um rio ("rivus" em Latim).	12302003	Rivalité signifie, étymologiquement, dispute entre propriétaires, car les propriétés romaines étaient souvent séparées par une rivière (« rivus » en latin).
12302879	Não pode haver causa mais justa para as minhas lágrimas.	12302896	Il ne peut y avoir de cause plus juste pour mes larmes.
12303058	É necessário estudar-se o Latim, se se quer dominar o Português.	12303074	Il est nécessaire d’étudier le latin si l’on veut maîtriser le portugais.
12303291	Eu faço poesia por amor, não por dever.	12303298	J'écris de la poésie par amour, pas par obligation.
12303334	Minha equipe, tecnicamente inferior à adversária, superou-se jogando com grande empenho e admirável aplicação tática.	12303337	Mon équipe, techniquement inférieure à l'adversaire, s'est surmontée en jouant avec un grand engagement et une admirable application tactique.
12303987	Tatoeba – onde as principais línguas do mundo se comunicam e aperfeiçoam.	12304004	Tatoeba – où les principales langues du monde communiquent et s'améliorent.
12304210	Avistava-se ao longe algo parecido com uma choça.	12304224	On apercevait au loin quelque chose qui ressemblait à une cabane.
12305461	Estou vendo que ler frases em Galego é uma boa maneira de melhorar meu Português.	12305466	Je vois que lire des phrases en galicien est un bon moyen d'améliorer mon portugais.
12305524	– Você sabe como se diz "oferta" em Polonês? – Sei: "oferta".	12305548	« Savez-vous comment on dit "offerte" en polonais ? » « Je sais : "oferta". »
12305629	O cubismo é descrito como um dos movimentos artísticos mais influentes do século XX, com os artistas do género a inovarem nas suas tentativas de mostrar o mundo através de planos ou formas geométricas bidimensionais.	12305640	Le cubisme est décrit comme l'un des mouvements artistiques les plus influents du XXe siècle, les artistes du genre innovant dans leurs tentatives de montrer le monde à travers des plans ou des formes géométriques bidimensionnelles.
12306708	Sejam puras as partes mais íntimas do coração.	12306733	Que les parties les plus intimes du cœur soient pures.
12306830	Que seja puro o íntimo do teu coração.	12306927	Que les profondeurs de ton cœur soient pures.
2674878	A poesia é a emoção expressa em ritmo através do pensamento, assim como a música é essa mesma expressão, mas direta, sem o intermediário da ideia.	12307805	La poésie est une émotion exprimée en rythme par la pensée, tout comme la musique est cette même expression, mais directe, sans l'intermédiaire de l'idée.
12311258	Eu fui muito feliz naquela cidade.	12311297	J'ai été très heureux dans cette ville.
12312880	A vida é uma série imensa de milagres.	12312888	La vie est une immense série de miracles.
12312934	Pode esquecer meu comentário.	12312943	Vous pouvez oublier mon commentaire.
12313288	Compreendo melhor uma frase em Português quando a comparo com sua tradução para o Galego.	12313307	Je comprends mieux une phrase en portugais lorsque je la compare avec sa traduction en galicien.
12313967	O romeno é língua oficial na Romênia, na Moldávia e na província autônoma da Voivodina, na Sérvia. É também língua oficial em várias comunidades e organizações, como a União Latina e a União Europeia.	12313974	Le roumain est une langue officielle en Roumanie, en Moldavie et dans la province autonome de Voïvodine, en Serbie. C'est également une langue officielle dans plusieurs communautés et organisations, comme l'Union latine et l'Union européenne.
3120809	Neste edifício realiza-se a venda ao público de produtos hortigranjeiros.	12314623	Dans ce bâtiment, des produits horticoles sont vendus au public.
12315243	Eu prometi doar as cinzas do meu corpo às buganvílias que plantei no meu jardim.	12315270	J'ai promis de donner les cendres de mon corps aux bougainvilliers que j'ai plantés dans mon jardin.
12316678	A alma renasce em cada nova madrugada. O Ser Eterno é noite, sombra, dia, luz. A vida humana é breve viagem pela estrada do espaço-tempo... É forte a mão que nos conduz.	12316696	L'âme renaît à chaque nouvelle aube. L'Être éternel est la nuit, l'ombre, le jour, la lumière. La vie humaine est un bref voyage sur la route de l'espace-temps... La main qui nous guide est forte.
12317038	Os pensamentos perturbam a meditação.	12317054	Les pensées perturbent la méditation.
12317360	Em Tatoeba há muitas frases úteis e bonitas que deveriam ser adotadas.	12317368	Sur Tatoeba, il existe de nombreuses phrases utiles et belles qui devraient être adoptées.
12318671	Com a má vontade desses árbitros, meu time nunca poderá ganhar uma partida.	12318684	Avec la mauvaise volonté de ces arbitres, mon équipe ne pourra jamais gagner un match.
12318951	A mãe dele é irmã de meu pai. Nós somos primos.	12318956	Sa mère est la sœur de mon père. Nous sommes cousins.
12318988	O pai dela é irmão de minha mãe. Nós duas somos primas.	12319193	Son père est le frère de ma mère. Nous sommes toutes les deux cousines.
12319236	O árbitro daquela partida não foi apenas incompetente, ele foi tendencioso.	12319265	L’arbitre de ce match n’était pas seulement incompétent, il était partial.
12319520	Sabemos há milênios que a mudança em nós, em nosso futuro evolutivo, precisa nos tornar pessoas melhores, mais amáveis com nossos vizinhos, mais sensíveis à beleza e capazes de distribuir justiça.	12319528	Nous savons depuis des millénaires que le changement en nous, dans notre avenir évolutif, doit faire de nous de meilleures personnes, plus aimables avec nos voisins, plus sensibles à la beauté et capables de distribuer la justice.
12321484	O que você é, você não vê, o que você vê é a sua sombra.	12321488	Ce que vous êtes, vous ne le voyez pas, ce que vous voyez est votre ombre.
12321620	As árvores, como os anseios da terra, ficam na ponta dos pés para espiar o céu.	12321624	Les arbres, comme les aspirations de la terre, se dressent sur la pointe des pieds pour scruter le ciel.
12324406	Os alunos daquela escola de idiomas cometem erros de toda a natureza.	12324414	Les étudiants de cette école de langues font toutes sortes d’erreurs.
12324705	Se a lua nasce por detrás da verde mata, mais parece um sol de prata prateando a solidão.	12324715	Si la lune se lève derrière la forêt verte, elle ressemble plutôt à un soleil argenté qui argente la solitude.
12327997	Tanto em vida quanto depois de morto, ele foi desconhecido e ignorado.	12328020	De son vivant comme après sa mort, il était inconnu et ignoré.
12328041	As ações dos mortais nunca escapam aos deuses.	12328057	Les actions des mortels n'échappent jamais aux dieux.
12328078	Depois de ler milhões de frases em Latim, a máquina começou a entender como funciona essa língua.	12328095	Après avoir lu des millions de phrases en latin, la machine a commencé à comprendre le fonctionnement de cette langue.
12328118	Chama-se "Kikerus" o robô que eu pretendo comprar para me ajudar a aprender a língua latina.	12328142	Le robot que je compte acheter pour m'aider à apprendre la langue latine s'appelle « Kikerus ».
12328443	Traduzir literalmente nem sempre é a melhor opção.	12328457	Traduire littéralement n’est pas toujours la meilleure option.
12328592	A música tem o poder de tranquilizar até as feras.	12329124	La musique a le pouvoir de calmer même les bêtes.
12333920	Há no corpus de Tatoeba muitas frases interessantes à espera de alguém que as adote.	12333942	Il existe de nombreuses phrases intéressantes dans le corpus Tatoeba qui attendent que quelqu'un les adopte.
12335048	Eu só confio na correção de minha frase depois que meu professor a examinar.	12335074	Je ne suis pas sûr que ma phrase soit correcte tant que mon professeur ne l'a pas vérifiée.
12335414	Você sempre tem certeza de que sua frase não contém nenhum erro?	12335427	Êtes-vous toujours sûr que votre phrase ne contient aucune erreur ?
12335640	Que castigo merece quem comete tantos erros na escola de idiomas?	12335652	Quelle punition mérite quelqu’un qui fait tant d’erreurs à l’école de langues ?
12335737	Reconheço que fui muito imprudente e que mereço as críticas recebidas.	12335796	Je reconnais que j'ai été très imprudent et que je mérite les critiques que j'ai reçues.
12336079	Em Tatoeba, qual é a relação percentual entre o número de frases adotadas e o número total de frases órfãs?	12336084	À Tatoeba, quel est le rapport en pourcentage entre le nombre de phrases adoptées et le nombre total de phrases orphelines ?
12337808	Esta frase inglesa órfã foi traduzida em Tatoeba para 14 idiomas, mas o tradutor não pôde adotá-la porque não é falante nativo de inglês.	12337832	Cette phrase anglaise orpheline a été traduite sur Tatoeba en 14 langues, mais le traducteur n’a pas pu l’adopter car il n’est pas anglophone.
12339045	Eu me pergunto por que aquela frase, traduzida para tantas línguas, ainda não foi adotada.	12339081	Je me demande pourquoi cette phrase, traduite dans tant de langues, n'a pas encore été adoptée.
12339241	Eu gostaria de saber por que ninguém se apropriou dessa frase ainda.	12339283	J'aimerais savoir pourquoi personne ne s'est encore approprié cette phrase.
12339346	A beleza da noiva é metade do dote.	12339366	La beauté de la mariée représente la moitié de la dot.
12339495	Porque as línguas jamais deixam de se transformar, o estudo de idiomas nunca se pode dar por concluído.	12339522	Parce que les langues ne cessent de se transformer, l’étude des langues ne peut jamais être achevée.
12339578	De repente, percebo que ainda tenho tanto que aprender!	12339592	Soudain, je réalise que j’ai encore tant à apprendre !
12341804	Isso não é uma opinião; são fatos.	12341834	Ce n’est pas une opinion ; ce sont des faits.
12342243	O amor é irresistível.	12342270	L'amour est irrésistible.
12342743	Fugindo do inverno, as andorinhas vão em busca da primavera.	12342752	Fuyant l’hiver, les hirondelles partent à la recherche du printemps.
12342909	Estou com frio apesar de estar bem agasalhado.	12343011	J'ai froid même si je suis bien habillé.
12343160	Para aquele jogador, fazer gols é um divertimento.	12343190	Pour ce joueur, marquer des buts est amusant.
12344926	Haaland voltou a marcar cinco gols em uma partida.	12344942	Haaland a de nouveau marqué cinq buts en un seul match.
12345014	Será que as pequenas diferenças entre o Galego e o Português são suficientes para que se considerem essas duas línguas como idiomas distintos?	12345131	Les petites différences entre le galicien et le portugais sont-elles suffisantes pour considérer ces deux langues comme des langues distinctes ?
12345163	O único idioma que eu falo fluentemente é a minha língua materna.	12345179	La seule langue que je parle couramment est ma langue maternelle.
12345241	A violência de gênero (ou violência sexista, segundo outras fontes) é entendida como qualquer tipo de violência que se comete violando o bem-estar físico, mental ou relacional de uma pessoa devido ao seu sexo ou identidade de gênero.	12345252	La violence basée sur le genre (ou violence sexiste, selon d'autres sources) s'entend comme tout type de violence commise en portant atteinte au bien-être physique, mental ou relationnel d'une personne en raison de son sexe ou de son identité de genre.
12345272	Minha principal ocupação é traduzir frases do Português para outros idiomas e vice-versa.	12345302	Ma principale occupation consiste à traduire des phrases du portugais vers d'autres langues et vice versa.
12345747	Mudei. Obrigado.	12345750	J’ai procédé à la modification. Merci.
12345954	O destino dessas frases é permanecerem na orfandade, pois quem as quer adotar não pode, e quem as pode adotar não quer.	12346022	Le destin de ces phrases est de rester orphelines, car ceux qui veulent les adopter ne le peuvent pas, et ceux qui peuvent les adopter ne le veulent pas.
12349335	De dia, eu trabalho. À noite, divirto-me e descanso.	12349368	La journée, je travaille. La nuit, je m'amuse et je me repose.
12349821	O filho é parecidíssimo com o pai.	12349902	Le fils ressemble beaucoup à son père.
12349951	O Latim é uma língua especial. Um frase latina pode admitir várias traduções, ou expressões, do seu sentido.	12349979	Le latin est une langue particulière. Une phrase latine peut admettre plusieurs traductions, ou expressions, de sa signification.
12354755	O galego me ensina o português.	12354774	Le galicien m'apprend le portugais.
3120303	A saúde vale mais que o dinheiro.	12355513	La santé vaut plus que l’argent.
3016605	Num dia de verão, a vista para o fiorde com a grande quantidade de casas com tetos laranja ao fundo é maravilhosa.	12357787	Un jour d'été, la vue sur le fjord avec le grand nombre de maisons aux toits orange en arrière-plan est magnifique.
3124475	Rigel é uma estrela azul supergigantesca com um diâmetro mais de 80 vezes o do nosso Sol e se encontra distante de nós mais de 650 anos-luz.	12357854	Rigel est une étoile bleue supergéante d'un diamètre plus de 80 fois supérieur à celui de notre Soleil et située à plus de 650 années-lumière de nous.
4287239	No mar azul, por entre as ilhas verdejantes, navegam fabulosos navios de viquingues.	12357936	Dans la mer bleue, parmi les îles vertes, naviguent de fabuleux navires vikings.
12374855	Você vive ao meu lado e eu não tenho você.	12374872	Tu vis à côté de moi et je ne t'ai pas.
12375308	É aflitivo viver ao teu lado sem ter o direito de te amar.	12375332	C'est angoissant de vivre à tes côtés sans avoir le droit de t'aimer.
12377301	Várias famílias numerosas de índios acampavam à sombra de grandes carvalhos na pradaria, sendo os ramos destes últimos o seu único abrigo.	12377873	Plusieurs grandes familles d'Indiens campaient à l'ombre de grands chênes dans la prairie, les branches de ces derniers étant leur seul abri.
12017228	À medida que 1789 se aproximava, o antiquado, pobre e estéril ensino do direito, caído no desprezo e quase nulo, não oferecia nenhuma doutrina sólida e acreditada que pudesse impor-se nas mentes jovens, preencher as suas mentes vazias e impedir a intrusão de sonhos utópicos.	12466918	À mesure que dix-sept-cent-quatre-vingt-neuf approchait, l'enseignement du droit, antique, pauvre et stérile, tombé en désuétude et quasi-nul, n'offrait plus aucune doctrine solide et crédible qui puisse s'imposer aux esprits jeunes, emplir leurs esprits vides et empêcher l'intrusion de songes utopiques.
383811	Preciso telefonar para Portugal.	12506074	Il me faut téléphoner au Portugal.
2105973	Portugal abunda em vinhos.	12506075	Le Portugal regorge de vins.
6995375	Portugal está na moda.	12506076	Le Portugal est à la mode.
7091633	Já foste a Portugal?	12506077	As-tu déjà été au Portugal ?
7258146	A senhora deveria ter ouvido o meu conselho.	12525569	Madame aurait dû écouter mon conseil.
12535188	De todos nós, somos os melhores.	12535197	De nous tous, nous sommes les meilleurs.
7450697	Olhai como chove!	12540095	Regardez comme il pleut !
4064158	Por que você não respondeu às minhas cartas?	12540163	Pourquoi est-ce que tu n'as pas répondu à mes lettres ?
2211313	Eu vou comprar uns pãezinhos e um pouco de queijo.	12540181	Je vais acheter du pain et du fromage.
3234676	Esse pensamento irritou-a um pouco.	12540190	Cette pensée l'a énervée un peu.
1089678	Tem muitos alunos na biblioteca.	12540192	Il y a beaucoup d'élèves à la bibliothèque.
6972647	Eles são húngaros.	12540213	Ils sont hongrois.
12546266	Fui até ele e o encontrei chorando.	12546275	Je suis allé vers lui et je l'ai trouvé en train de pleurer.
7243027	Tom não parecia cansado esta noite.	12546583	Tom n'avait pas l'air fatigué ce soir.
2778525	Você não entendeu.	12546591	Vous n'avez pas compris.
1656720	Vocês acham que Tom vai me perdoar?	12546593	Croyez-vous que Tom va me pardonner ?
1129598	Lavo as mãos muitas vezes ao dia.	12546597	Je me lave les mains plusieurs fois par jour.
1644743	Eles gostam de dançar?	12546598	Aiment-ils danser ?
1644743	Eles gostam de dançar?	12546599	Est-ce qu'ils aiment danser ?
1695068	Você tem dez anos?	12546600	As-tu dix ans ?
10302901	Se você estiver entediado, abra um livro!	12546602	Si tu es ennuyé, ouvre un livre !
4864181	Tom trabalha num supermercado.	12546603	Tom travaille dans un supermarché.
5257309	É porque ele viveu nos Estados Unidos por cinco anos.	12546604	C'est parce qu'il a habité aux États-Unis pendant cinq ans.
1789092	Nem tenho tempo para ler.	12546605	J'ai pas le temps pour lire.
8237892	És mesmo burro!	12546606	Tu es vraiment stupide !
7248454	O Tom está obviamente incomodado.	12546611	Tom est évidemment vexé.
867471	Eu gosto de cachorros, mas minha irmã gosta de gatos.	12546613	J'aime les chiens, mais ma sœur aime les chats.
7243050	Parecia que o Tom estava impressionado.	12546614	Il semblait que Tom était impressionné.
1829818	Ele sabe quem você é.	12546623	Il sait qui vous êtes.
3433708	Tom está visitando sua namorada em Boston.	12546654	Tom rend visite à sa copine à Boston.
8735913	Ela nunca ri.	12548573	Elle ne rit jamais.
8067646	Não tens de fazer isso novamente.	12549127	Tu n'as pas besoin de le refaire.
7901457	Um dia eu quero conhecer a minha namorada.	12549203	Je veux connaître ma copine un jour.
5924526	Ambos começaram a aprender Russo na escola.	12549258	Ils ont tous deux commencé à apprendre le russe à l'école.
8067074	Nós nunca falamos com ela.	12549289	Nous ne lui avons jamais parlé.
7306438	Esse sobrenome é francês.	12549291	Ce nom est français.
4487239	Acredito que o Dimitros voltará para Atenas na semana que vem.	12549346	Je crois que Dimitros va revenir à Athènes la semaine prochaine.
3356135	Tenho de ligar para ela.	12549383	Il faut que je l'appelle.
1203425	Se não está aqui dentro, tem de estar lá fora.	12549391	S'il n'est pas à l'intérieur, il doit être à l'extérieur.
6027663	A carne está fria. Quer que esquente?	12549419	La viande est froide. Veux-tu que je la réchauffe ?
7093668	Vejo uma porta.	12549421	Je vois une porte.
4541709	O Dia da Árvore é comemorado no Brasil em 21 de setembro.	12549439	Le Jour de l'Arbre est célébrée au Brésil le 21 septembre.
4692631	Ela é islandesa.	12549441	Elle est islandaise.
1380625	A criança foi raptada de seus pais.	12549447	L'enfant a été kidnappé par ses parents.
7135205	O tempo nunca mais passa.	12549449	Le temps ne passe plus.
4692633	Ela é irlandesa.	12549495	Elle est irlandaise.
7066464	Amanhã não posso ir a casa da Maria.	12549501	Demain je ne peux pas aller chez Maria.
7561888	Eu preciso ir na casa dela.	12549512	Il faut que j'aille chez elle.
7042987	O professor de inglês pediu aos seus alunos para fazerem a tradução de todo o texto.	12549521	Le professeur d'anglais a demandé à ses élèves de traduire tout le texte.
5014735	Cláudia é a amiga de Jorge?	12549524	Claudia est-elle l'amie de Jorge ?
6174733	A chuva deu entrada a uma calmaria.	12558049	Les pluies entrèrent en accalmie.
7084657	Descobri.	12569470	Je l'ai découvert.
2696254	Ele se mudou para o meu bairro.	12569471	Il a emmenagé dans mon quartier.
8929345	Ela é a tua prima?	12569472	Est-ce qu'elle est ta cousine ?
2613734	Eu agradeço o convite, mas não gosto de música sertaneja.	12569473	Merci de la invitation, mais la musique sertaneja ne me plaît pas.
10068309	Por que eu fui me apaixonar por ela?	12569474	Pourquoi suis-je tombée amoureuse d'elle ?
10068309	Por que eu fui me apaixonar por ela?	12569475	Pourquoi suis-je tombé amoureux d'elle ?
8551902	Onde será o torneio?	12569476	Où le tournoi aura-t-il lieu ?
9763173	O que você deseja falar comigo?	12569477	Qu'est-ce que vous voulez me dire ?
6372909	Por que vocês estão falando baixo?	12569478	Pourquoi parlez-vous à voix basse ?
8196552	Elas te escreveram?	12569479	T'ont-elles écrit ?
9983746	Fico deprimido todas as vezes que me lembro disso.	12569480	Je me sens déprimé chaque fois que je m'en souviens.
8586432	Nós queremos ir à praia de ônibus. Como fazemos?	12569481	Nous voulons aller à la plage en bus. Comment pouvons-nous le faire ?
12577979	Não há nada de sagrado para ele.	12578029	Il n'y a rien de sacré pour lui.
12578124	Não estávamos esperando ninguém. Os hóspedes chegaram sem aviso prévio.	12578154	Nous n'attendions personne. Les invités sont arrivés à l'improviste.
12585298	O xadrez é a academia da mente.	12585316	Les échecs sont l'académie de l'esprit.
3262432	É um crime cortar as asas de uma águia.	12585382	C'est un crime de couper les ailes d'un aigle.
12598190	O idioma falado no Brasil é a versão mais jovem da língua portuguesa.	12598196	La langue parlée au Brésil est la version la plus jeune du portugais.
12598223	A língua portuguesa seria nada mais que o estágio moderno do latim em Portugal.	12598248	La langue portugaise ne serait rien d'autre que le stade moderne du latin au Portugal.
12598291	Hoje há perto de 1 bilhão de falantes nativos de línguas românicas no planeta.	12598296	Aujourd'hui, la planète compte près d'un milliard de locuteurs natifs de langues romanes.
5621532	Tom roubou de mim.	12601414	Tom m'a volé.
424056	O cachorro come muita carne todo dia.	12606831	Le chien mange beacoup de viande tous les jours.
7084683	Isto nunca pode acontecer.	12614784	Ça ne peut jamais arriver.
4235718	Ela pôs ambas as mãos em cruz sobre o peito.	12647229	Elle a posé ses deux mains en croix sur sa poitrine.
12687132	Eles dão-se mal um com o outro.	12687135	Ils s'entendent mal l'un avec l'autre.
12695762	Deus é a única realidade. Tudo o mais é ilusão.	12695768	Dieu est la seule réalité. Tout le reste est illusion.
12700449	Os favos do cortiço estão cheios de mel.	12700464	Les alvéoles de la ruche sont pleines de miel.
12714772	Lágrimas como essas só podem vir do coração.	12714777	Des larmes comme celles-là ne peuvent venir que du cœur.
12717975	O tempo é a medida de tudo. Se não houvesse o tempo, nós não existiríamos.	12717979	Le temps est la mesure de tout. S’il n’y avait pas de temps, nous n’existerions pas.
12718009	De erro em erro, vai-se descobrindo toda a verdade.	12718020	D’erreur en erreur, toute la vérité est découverte.
12722885	A alegria das crianças é encantadora.	12722890	La joie des enfants est enchanteresse.
12726702	Que ser é esse que chamamos Deus?	12726713	Quel est cet être que nous appelons Dieu ?
12727422	O Primeiro Ser, a Fonte, o Criador é o que chamamos Deus.	12727432	L'Être premier, la Source, le Créateur est ce que nous appelons Dieu.
12727471	Tudo é Um. Matéria e espírito são faces da mesma moeda.	12727489	Tout est Un. La matière et l’esprit sont les faces d’une même médaille.
12727547	Cada dia que termina nos aproxima um pouco mais de nossa morte.	12727558	Chaque jour qui se termine nous rapproche un peu plus de notre mort.
12727650	É luxuriante a vegetação das florestas tropicais.	12727658	La végétation des forêts tropicales est luxuriante.
12736142	A Mente Divina, ao criar a mente humana, deu-lhe a faculdade de acreditar em qualquer coisa, até mesmo que a Mente Divina não existe.	12736189	L'Esprit divin, en créant l'esprit humain, lui a donné la faculté de croire n'importe quoi, même que l'Esprit divin n'existe pas.
4197125	Ela afastou de si o indesejável pensamento.	12741141	Elle repoussa cette pensée importune.
12741153	Maria Helena era alta, loura e muito linda.	12741165	Marie-Hélène était grande, blonde et très belle.
12746130	Nunca mais estive na casa dos padrinhos do meu filho.	12746139	Je ne suis plus jamais allée chez les parrains de mon fils.
12746181	José e Maria são os padrinhos do meu filho mais novo.	12746191	José et Maria sont le parrain et la marraine de mon plus jeune fils.
12746220	Maria e Helena são as madrinhas dos meus dois filhos, respectivamente.	12746235	Maria et Elena sont respectivement les marraines de mes deux enfants.
12746260	Preciso ir visitar o padrinho de meu filho.	12746287	Je dois aller rendre visite au parrain de mon fils.
12772834	O passado é lembrança, o futuro é esperança, o presente é ilusão.	12772853	Le passé est souvenir, le futur est espoir, le présent est illusion.
12772937	Tempo é fugaz combinação de lembrança e esperança.	12772947	Le temps est une combinaison éphémère de souvenir et d’espoir.
12779499	Bela Marina, não precisas te pintar. Teu rosto é lindo – a Natureza assim o fez. Nem a mais fina das pinturas pode dar mais cor, mais brilho, mais encanto à tua tez.	12779503	Belle Marina, tu n'as pas besoin de te colorer. Ton visage est beau - la nature l'a fait ainsi. Même les peintures les plus fines ne peuvent pas ajouter de la couleur, de l'éclat ou du charme à ton teint.
12779515	Cantar faz bem ao coração.	12779520	Chanter est bon pour le cœur.
3208122	Essa música era uma festa para meus ouvidos.	12822476	Cette musique était un régal pour mes oreilles.
12826922	Deus é a causa primeira ou a causa imanente?	12826944	Dieu est-il la cause première ou la cause immanente ?
12842561	Teu saber é inestimável.	12842566	Vos connaissances sont inestimables.
1552864	Tinha certeza de que te encontraria aqui.	12869567	J’étais certain de te trouver ici.
2553760	Pascal é uma linguagem de programação.	12883945	Pascal est un langage de programmation.
12885715	Modifiquei a frase, que estava certa, e tive de cancelar a inoportuna alteração.	12885735	J'ai modifié la phrase, qui était correcte, et j'ai dû annuler le changement inapproprié.
3890178	Aos 84 anos de idade, eu sonhei com um amor fugaz.	12889297	À 84 ans, j'ai rêvé d'un amour éphémère.
12893221	O colapso da função de onda é um dos mais intrigantes fenômenos estudados pela Mecânica Quântica. Nem mesmo Einstein o entendeu.	12893225	L'effondrement de la fonction d'onde est l'un des phénomènes les plus intrigants étudiés par la mécanique quantique. Même Einstein ne l'a pas compris.
12893696	O universo é consciente. Você é uma centelha da consciência universal.	12893704	L'univers est conscient. Vous êtes une étincelle de conscience universelle.
12893820	Brilha nos olhos do sábio a luz da consciência universal.	12893834	La lumière de la conscience universelle brille aux yeux du sage.
12893914	Respirar é viver. A respiração é o elo entre o mundo físico e o espiritual.	12893930	Respirer, c'est vivre. La respiration est le lien entre le monde physique et le monde spirituel.
12902190	Eu sinto ainda muita falta dela.	12902200	Elle me manque encore terriblement.
12902240	Será que ela ainda pensa neste velho amigo?	12902250	Pense-t-elle encore à ce vieil ami ?
12902414	Raro tesouro para mim era a amizade dela.	12902432	Un trésor rare pour moi était son amitié.
12902526	Tenho-te dado todas as provas de amor, que podias esperar de mim.	12902550	Je t'ai donné tous les signes d'amour que tu pouvais attendre de moi.
12902583	Era então inverno.	12902608	C'était alors l'hiver.
12907041	O Grande Mestre chinês Ding Liren (32 anos) comete erro impressionante e fatal na 14ª partida do Campeonato Mundial de Xadrez 2024, realizado em Singapura, e perde o título para o GM indiano Gukesh Dommaraju (18 anos), o mais jovem Campeão Mundial de Xadrez da história.	12907101	Le grand maître chinois Ding Liren (32 ans) commet une erreur stupéfiante et fatale lors de la 14e partie du Championnat du monde d'échecs 2024, organisée à Singapour, et perd son titre au profit du GM indien Gukesh Dommaraju (18 ans), le plus jeune champion du monde d'échecs de l'histoire.
12908244	Essa é a história de um amor como não há outro igual.	12908263	C'est l'histoire d'un amour sans pareil.
4281375	Nadando com a rapidez do raio, os peixes passavam rente aos meus ouvidos.	12908340	Nageant à la vitesse de l'éclair, les poissons passaient près de mes oreilles.
12908515	A verdade destrói todos os grilhões.	12908562	La vérité détruit toutes les chaînes.
12908585	A esclerose lateral amiotrófica (ELA) é uma doença neurodegenerativa que afeta o sistema nervoso, causando paralisia motora progressiva e irreversível.	12908596	La sclérose latérale amyotrophique (SLA) est une maladie neurodégénérative qui affecte le système nerveux, provoquant une paralysie motrice progressive et irréversible.
12908839	O xadrez tornou-se esporte nacional na Índia.	12908892	Les échecs sont devenus un sport national en Inde.
12908983	Eu não sei se o padrinho e a madrinha de meu filho ainda estão vivos.	12908998	Je ne sais pas si le parrain et la marraine de mon fils sont encore en vie.
12912422	A armadura de Marte foi fabricada pelos ciclopes.	12912446	L'armure de Mars a été fabriquée par les Cyclopes.
12913891	A vida sempre segue o rumo traçado pelas mãos do destino.	12913902	La vie suit toujours le cours fixé par les mains du destin.
12921528	Em meu viver se fez noite quando você foi embora.	12921559	Dans ma vie, c'est devenu la nuit quand tu es partie.
12924395	Meu sonho, todo feito só de brisa, vai terminando agora em vendaval.	12924400	Mon rêve, tout fait de brise, se termine maintenant par un coup de vent.
12924466	Eu sou bem forte, porém hoje vou chorar.	12924481	Je suis très fort, mais aujourd'hui je vais pleurer.
12924514	Já não penso em morrer, quero muito viver.	12924522	Je ne pense plus à mourir, j'ai vraiment envie de vivre.
12925492	Sozinho estou, mas não desisto de falar.	12925496	Je suis seul, mais je n'arrête pas de parler.
12926034	Fechei meu pranto e nas estradas vou soltar a minha voz, agora é tempo de cantar.	12926053	J'ai fermé mes larmes et sur les routes je libérerai ma voix, maintenant il est temps de chanter.
12926151	Seguirei pela vida a esquecer-me de ti.	12926211	Je traverserai la vie en t'oubliant.
12926306	Esta casa não é minha, aqui não é o meu lugar.	12926319	Ce n'est pas ma maison, ce n'est pas ma place.
10698675	À pergunta "O que é um amigo?", a resposta dele foi "Uma única alma que habita dois corpos".	12929272	A la question « Qu'est-ce qu'un ami ? », sa réponse fut « Une seule âme qui habite deux corps ».
10700071	O roedor mais bem adaptado a viver em rios e pântanos é o castor.	12929334	Le rongeur le mieux adapté à la vie dans les rivières et les marais est le castor.
12929851	Eu me perdi cruzando o vale das memórias.	12929856	Je me suis perdu en traversant la vallée des souvenirs.
12929918	Esse programa corrige os erros que eu cometo em minhas traduções.	12929923	Ce programme corrige les erreurs que je fais dans mes traductions.
12930014	Eu lhe disse que era muito urgente, mas ele não me deixou ir de maneira nenhuma.	12930018	Je lui ai dit que c'était très urgent, mais il ne m'a pas laissé partir du tout.
10701463	Precisamos de uma alavanca se quisermos levantar isto.	12930260	Nous avons besoin d'un levier pour le soulever.
12931997	Isso tem de ser bom, jamais há de ser mau.	12932067	Cela doit être bon. Ce ne sera jamais mauvais.
12932166	Tu tens querida, a singeleza da criança.	12932266	Chérie, tu as la simplicité d'une enfant.
12932324	Deus não é o criador de tudo o que existe. Deus é tudo o que existe.	12932347	Dieu n'est pas le créateur de tout ce qui existe. Dieu est tout ce qui existe.
12932513	Já não penso na morte, é preciso cantar.	12932544	Je ne pense plus à la mort, je dois chanter.
12934504	O verdadeiro amor é a aceitação de tudo o que existe.	12934523	Le véritable amour est l'acceptation de tout ce qui existe.
12934674	Eu cantarei enquanto o coração neste meu velho peito palpitar.	12934762	Je chanterai tant que le cœur dans ma vieille poitrine battra.
12938262	Somente o corpo pode envelhecer, a alma não tem idade.	12938310	Seul le corps peut vieillir, l’âme n’a pas d’âge.
12939371	Acredito que o Latim, até para a Inteligência Artificial, seja a língua mais difícil de dominar.	12939394	Je crois que le latin, même pour l’Intelligence Artificielle, est la langue la plus difficile à maîtriser.
12939492	Estou reaprendendo a falar como as crianças, para poder me expressar em Toki Pona.	12939508	Je réapprends à parler comme des enfants pour pouvoir m'exprimer en toki pona.
12940702	Contemplo a manga na mangueira e penso em Deus.	12940721	Je contemple la mangue sur le manguier et je pense à Dieu.
12940823	Cresce o menino, torna-se homem, vejo Deus.	12940833	Le garçon grandit, devient un homme, je vois Dieu.
12940873	Estuda o astrônomo o universo e encontra a Deus.	12940878	L'astronome étudie l'univers et trouve Dieu.
12940954	A natureza é tal qual o corpo de Deus.	12940967	La nature est comme le corps de Dieu.
12941003	Em tudo opera a inteligência do Divino.	12941018	L'intelligence du Divin opère en tout.
12942578	Afinal acabou essa maldita guerra.	12942597	La guerre sanglante est enfin terminée.
12942611	A guerra estúpida e sangrenta chega ao fim.	12942623	La guerre stupide et sanglante touche à sa fin.
12942776	Um brinde à paz! Que não nos deixe nunca mais sofrer da guerra insana os horrores cruéis.	12942785	À la paix ! Puissions-nous ne plus jamais subir les horreurs cruelles d'une guerre insensée.
12943702	As armas nucleares são qual espada de Dâmocles, ameaçando de extinção a humanidade.	12943722	Les armes nucléaires sont comme une épée de Damoclès, menaçant l’humanité d’extinction.
12943905	A espécie humana aprendeu tanto que chegou a fabricar os instrumentos da sua própria destruição: as armas nucleares.	12943921	L’espèce humaine a tellement appris qu’elle a même fabriqué les instruments de sa propre destruction : les armes nucléaires.
12943968	Sinto enorme tristeza ao pensar que a espécie humana e toda a vida podem ser varridas da face da terra pela explosão de armas fabricadas pelo próprio homem.	12943975	Je ressens une immense tristesse à l’idée que l’espèce humaine et toute vie puissent disparaître de la surface de la terre par l’explosion d’armes fabriquées par l’homme lui-même.
12944053	Haverá neste mundo poder capaz de eliminar todos os arsenais nucleares e terminantemente proibir a fabricação de armas de extermínio global?	12944057	Existe-t-il en ce monde une puissance capable d’éliminer tous les arsenaux nucléaires et d’interdire strictement la fabrication d’armes d’extermination mondiale ?
12945282	Já disse um poeta que terra mais linda que aquela não há.	12945296	Un poète a dit un jour qu’il n’y a pas de pays plus beau que celui-là.
12947307	Triste é perder o amor de alguém que amamos tanto.	12947316	C'est triste de perdre l'amour de quelqu'un qu'on aime tant.
12947392	Uma tristeza a mais, uma alegria a menos... E indiferente vai a vida nos levando.	12947413	Une tristesse de plus, une joie de moins... Et indifféremment, la vie nous entraîne.
12948061	Perigosa incoerência? Inconsciência fatal? De um lado, o patrocínio do progresso (inteligência artificial). De outro, o fomento de global destruição (armas nucleares).	12948070	Dangereuse incohérence ? Inconscience fatale ? D'un côté, la promotion du progrès (l'intelligence artificielle). De l'autre, la promotion de la destruction globale (armes nucléaires).
12948338	Será que um super robô poderia ser programado para impedir que a vida neste planeta viesse a ser extinta pela insanidade do homem?	12948345	Un super robot pourrait-il être programmé pour empêcher la vie sur cette planète de s'éteindre à cause de la folie humaine ?
12948488	Que o Ano Novo traga paz e amor a todos.	12948516	Que la nouvelle année apporte paix et amour à tous.
12948615	Nascemos no mesmo ano: eu em janeiro, ele em dezembro.	12948682	Nous sommes nés la même année : moi en janvier, lui en décembre.
12953266	A inteligência artificial ainda está aprendendo muita coisa – e terá talvez de continuar sempre a aprender – de sua criadora, a inteligência humana, que é fagulha da Mente Universal.	12953355	L’intelligence artificielle apprend encore beaucoup – et continuera peut-être toujours à apprendre – de son créateur, l’intelligence humaine, qui est une étincelle de l’Esprit Universel.
12958049	Eu vejo a vida pela luz dos olhos teus.	12958057	Je vois la vie à travers la lumière de tes yeux.
4380977	Se ele disse a verdade, afogou Ramsés em desespero.	12959897	S'il a dit la vérité, il a noyé Ramsès dans le désespoir.
12961806	Um velho ator dentro de si carrega milhões de almas.	12961815	Un vieil acteur porte en lui des millions d’âmes.
12962152	Pode-se dizer de ambas as maneiras, certo?	12962163	On peut le dire dans les deux sens, n'est-ce pas ?
12967233	O brilho dos faróis a cegou e isso causou o acidente.	12967249	L'éblouissement des phares l'a aveuglée et c'est ce qui a provoqué l'accident.
12974811	Cheguei a pensar que você seria o amor da minha vida; como estava enganado!	12974835	Je pensais que tu serais l'amour de ma vie ; j'avais tort !
12974913	Por ser produto da mente humana, a inteligência artificial talvez nunca deixe totalmente de cometer erros.	12974938	Parce qu’elle est un produit de l’esprit humain, l’intelligence artificielle ne cessera peut-être jamais complètement de faire des erreurs.
12975409	Pode-se porventura dizer algo mais indecoroso?	12975433	Peut-on dire quelque chose de plus inconvenant ?
12977261	Ora dizes que me amas, ora dizes que me odeias. Quando vais parar com isso?	12977266	Maintenant tu dis que tu m'aimes, maintenant tu dis que tu me détestes. Quand vas-tu arrêter ça ?
12977560	Eu tentei sem sucesso traduzir aquela frase para Toki Pona.	12977568	J'ai essayé en vain de traduire cette phrase en toki pona.
12978147	Naquela noite, enquanto o quarteto de cordas se apresentava tocando As Quatro Estações, de Vivaldi, nós ouvíamos também o barulho que a chuva fazia ao cair sobre o teto do teatro.	12978182	Cette nuit-là, tandis que le quatuor à cordes interprétait Les Quatre Saisons de Vivaldi, on pouvait aussi entendre le bruit de la pluie qui tombait sur le toit du théâtre.
12978762	Na incipiente noite tropical, enquanto o quarteto de cordas se apresentava, em palco iluminado por centenas de velas eletrônicas (chão de estrelas?), tocando As Quatro Estações, de Vivaldi, nós ouvíamos também, qual persistente música de fundo, o surdo som que a chuva produzia ao cair sobre o teto do teatro.	12978776	Dans la nuit tropicale précoce, tandis que le quatuor à cordes jouait Les Quatre Saisons de Vivaldi sur une scène éclairée par des centaines de bougies électroniques (un sol d'étoiles ?), on entendait aussi, comme une musique de fond persistante, le bruit sourd que faisait la pluie en tombant sur le toit du théâtre.
12979511	A vida passa sem que ninguém o perceba.	12979514	La vie passe sans que personne ne s'en aperçoive.
12980185	Não queira ser o que você não é.	12980188	Ne cherchez pas à être ce que vous n'êtes pas.
12980295	Meu amigo está muito deprimido por ter recentemente perdido a esposa que ele tanto amava.	12980306	Mon ami est très déprimé après avoir récemment perdu sa femme qu’il aimait tant.
12980354	A esperança, em que é fácil crer, anima a vida, sempre a acenar com um amanhã melhor.	12980379	L’espoir, auquel il est facile de croire, anime la vie, annonçant toujours un avenir meilleur.
12980407	Ele agora de fato começou a estudar seriamente o Latim.	12980421	Il commença alors réellement à étudier sérieusement le latin.
12981299	Eu nasci num domingo de janeiro. Em janeiro nasceu e morreu minha mãe. Minha neta, um irmão, dois tios, um grande médico sergipano, amigos e colegas são também de janeiro. Em 17 de janeiro comecei a trabalhar no Banco do Brasil. Para mim este mês é, portanto, especial.	12981310	Je suis né un dimanche de janvier. En janvier, ma mère est née et est décédée. Ma petite-fille, un frère, deux oncles, un grand médecin de Sergipe, des amis et des collègues sont également de janvier. Le 17 janvier, j'ai commencé à travailler à la Banco do Brasil. Pour moi ce mois est donc particulier.
12981571	Não se costuma perdoar quem reincide na falta.	12981636	Il n’est pas d’usage de pardonner à ceux qui récidivent.
12981676	O corpus de Tatoeba provavelmente constitui boa parte do imenso banco de dados da Inteligência Artificial.	12981694	Le corpus de Tatoeba constitue probablement une grande partie de l’immense base de données de l’intelligence artificielle.
12981716	Esta saudade dói e até me faz chorar.	12981736	Ce désir me fait mal et me fait même pleurer.
12982367	Nem mesmo um deus pode amar e ser sábio ao mesmo tempo.	12982394	Même un dieu ne peut pas aimer et être sage en même temps.
5422498	A terra cobre os erros dos médicos.	12983227	La terre couvre les erreurs des médecins.
12986760	Ter sucesso é atingir uma meta ou realizar um desejo.	12986831	Réussir, c'est atteindre un objectif ou réaliser un désir.
12986967	Ele atingiu os noventa anos lúcido.	12986985	Il a atteint l'âge de quatre-vingt-dix ans lucide.
12987514	Algumas coisas são inevitáveis.	12987530	Certaines choses sont inévitables.
8843061	O céu de minha terra é sempre azul.	12987746	Le ciel de mon pays est toujours bleu.
12987793	Meu piano é velho.	12987817	Mon piano est vieux.
12988111	Nossa casa é um submarino amarelo.	12988133	Notre maison est un sous-marin jaune.
5317994	Era uma vez uma princesa linda, que morava num castelo no alto de uma colina verdejante.	12988202	Auparavant, une belle princesse vivait dans un château au sommet d'une colline verdoyante.
12988227	Esporte é uma atividade que envolve força, resistência e habilidade, na qual uma pessoa ou equipe compete contra outra ou outras para entretenimento dos participantes ou observadores.	12988241	Le sport est une activité impliquant la force, l’endurance et l’habileté, dans laquelle une personne ou une équipe rivalise avec une ou plusieurs autres pour le divertissement des participants ou des observateurs.
12989019	Brinque de fingir ser outra pessoa.	12989022	Jouez à faire semblant d’être quelqu’un d’autre.
12989077	Você foi a minha palmeira de folhas bem verdes, um verde-esperança.	12989198	Tu étais mon palmier aux feuilles très vertes, un vert d'espoir.
12989272	Fama é a circunstância de ser conhecido ou discutido por muitas pessoas, especialmente por realizações notáveis.	12989363	La célébrité est le fait d'être connu ou discuté par de nombreuses personnes, en particulier pour des réalisations notables.
12989436	Para mim você foi mera visão passageira de um dourado sonho de criança.	12989447	Pour moi, tu n’étais qu’une simple vision éphémère d’un rêve doré d’enfance.
12989517	O velho aluno ainda comete erros nas frases que traduz para o Latim.	12989533	L'ancien étudiant fait encore des fautes dans les phrases qu'il traduit en latin.
12991146	O sangue é vermelho, o preto lembra a escravidão.	12991210	Le sang est rouge, le noir rappelle l'esclavage.
12991439	Todo domingo é santo, meu querido primo.	12991572	Chaque dimanche est saint, mon cher cousin.
12991639	Ninguém deve achar ruim ser invejado.	12991648	Personne ne devrait penser qu’il n’est pas bon d’être envié.
12991793	A pobreza é cinzenta, o amarelo dourado é a cor da riqueza.	12991859	La pauvreté est grise, le jaune doré est la couleur de la richesse.
12991995	A esperança é verde, a liberdade é sempre azul.	12992006	L'espoir est vert, la liberté est toujours bleue.
12992316	A guerra dolorosa e assassina é roxa, a cor da paz é um luminoso azul-celeste.	12992338	La guerre douloureuse et meurtrière est violette, la couleur de la paix est un bleu ciel lumineux.
12992579	Como não estavas lá, falei por ti.	12992584	Comme tu n'étais pas là, j'ai parlé à ta place.
12992960	As quatro irmãs são maravilhosas. A mais velha é a mais bonita.	12993006	Les quatre sœurs sont merveilleuses. L'aînée est la plus jolie.
12993562	Olhe aquelas montanhas, entre as quais passa o rio!	12993589	Regardez ces montagnes entre lesquelles coule la rivière !
12993610	A pomba da paz é branca. O amor é cor-de-rosa.	12993621	La colombe de la paix est blanche. L'amour est rose.
12993653	Nosso cachorro se dá bem com nossa gata.	12993660	Notre chien s'entend bien avec notre chatte.
12993727	Para se livrar da ninhada de ratos, ela pediu emprestado o gato do vizinho.	12993749	Pour se débarrasser de la litière de souris, elle a emprunté le chat de son voisin.
12993964	Você tem alguma ideia do que significa o termo “língua franca”?	12993990	As-tu une idée de ce que représente le terme « lingua franca » ? En connais-tu la signification ?
12994487	Eu entrei sem que ninguém me visse.	12994494	Je suis entré sans que personne ne me voie.
12994544	O meu bebé está cansado, mas não consegue dormir.	12994549	Mon bébé est fatigué mais n'arrive pas à dormir.
12995452	Sintaxe são as regras para a estrutura das frases e para a ordem das palavras.	12995461	La syntaxe correspond aux règles régissant la structure des phrases et l'ordre des mots.
12995537	Depois de nomear seu sucessor, ele morreu.	12995559	Après avoir nommé son successeur, il est décédé.
12995633	Que há de novo no grupo de enxadristas?	12995686	Quoi de neuf dans le groupe d'échecs ?
12995714	Pode haver coisa mais linda que uma peluda cria de foca, branca como a neve?	12995838	Y a-t-il quelque chose de plus beau qu'un bébé phoque en fourrure, blanc comme la neige ?
12995898	No estudo comparativo que fazia, o estudante de idiomas colocou-os em grupos, de acordo com as afinidades que percebia haver entre eles. Por exemplo: português, galego, occitano, espanhol, italiano, francês; inglês, alemão, holandês; russo, esloveno, polonês etc.	12995996	Dans l’étude comparative qu’il menait, l’étudiant en langues les a placés en groupes, selon les affinités qu’il percevait à exister entre eux. Par exemple : portugais, galicien, occitan, espagnol, italien, français ; anglais, allemand, néerlandais ; russe, slovène, polonais, etc.
12996907	Por favor, mantenha seu cachorro na coleira.	12996917	Veuillez tenir votre chien en laisse.
12997537	Cada dia que passa é mais um passo em direção ao derradeiro adormecer.	12997573	Chaque jour qui passe est un pas de plus vers le sommeil ultime.
12999187	Até para o latim e para o grego, aquela frase fora traduzida.	12999222	Cette phrase avait même été traduite en latin et en grec.
12999299	Ele geralmente traduz todas as suas frases para Elefen.	12999436	Il traduit généralement en elefen toutes ses phrases.
12999595	O esperanto é uma língua instrumental que pode ser traduzida a partir de qualquer outra língua.	12999646	L'espéranto est une langue instrumentale qui peut être traduite à partir de n'importe quelle autre langue.
12999762	Ele não faz questão de chegar aos cem anos. Ele quer é poder ver seu neto com vinte.	12999800	Il ne se soucie pas d’atteindre cent ans. Ce qu'il veut, c'est pouvoir voir son petit-fils à vingt ans.
13000126	Hoje me sinto um pouco mais envelhecido. Ou, como disse alguém, um pouco menos jovem.	13000147	Aujourd'hui, je me sens un peu plus vieux. Ou, comme quelqu'un l'a dit, un peu moins jeune.
13000223	O occitano é a língua do "sim".	13000244	L'occitan est la langue du « oui ».
13000978	Em vão acalentei o sonho de viver um amor infinito ao lado teu.	13001019	C'est en vain que j'ai caressé le rêve de vivre auprès de toi un amour infini.
13001498	É simplesmente espetacular o progresso já feito pela IA no aprendizado de idiomas.	13001666	Les progrès déjà réalisés par l’IA dans l’apprentissage des langues sont tout simplement spectaculaires.
13001823	Sei que enquanto viver eu vou te amar.	13001913	Je sais que tant que je vivrai, je t'aimerai.
13001956	Meu time fez um gol e jogou bem, somente no começo da partida. Depois, parece que cansou, perdeu toda a energia.	13001993	Mon équipe a marqué un but et a bien joué, seulement au début du match. Ensuite, il semble qu'elle se soit fatiguée, elle avait perdu toute son énergie.
13002305	No minuto final, fez o segundo gol.	13002344	Dans la dernière minute, il a marqué le deuxième but.
13002585	Simplesmente lendo muitas frases numa língua estrangeira, ele poderia aprender aquele idioma.	13002692	Simplement en lisant de nombreuses phrases dans une langue étrangère, il pourrait apprendre cette langue.
13001956	Meu time fez um gol e jogou bem, somente no começo da partida. Depois, parece que cansou, perdeu toda a energia.	13003190	Mon équipe a marqué un but et a bien joué, mais seulement au début du match. Ensuite, il semble que les joueurs se soient fatigués, qu'ils aient perdu toute leur énergie.
13003239	Como é belo estar vivo! Eu sei bem o que é isso. Como será, porém, o parar de pensar definitivamente, o deixar de existir?	13003379	Qu'il est beau d'être en vie ! Je sais exactement ce que c'est. Mais à quoi cela ressemblera-t-il de cesser définitivement de penser, de cesser d’exister ?
13003527	Como é bela a vida! Sei bem o que é estar vivo. Como será, porém, o parar de pensar definitivamente, o deixar de existir?	13003641	Que la vie est belle ! Je sais ce que c'est que d'être en vie. Mais à quoi cela ressemblera-t-il de cesser définitivement de penser, de cesser d’exister ?
13003760	A língua que se fala no Brasil é o português.	13003783	La langue parlée au Brésil est le portugais.
13003911	A humanidade é uma imensa família, que se ramifica em muitos grupos, onde surgiram e vão surgindo línguas e dialetos diferentes.	13003989	L’humanité est une immense famille, qui se ramifie en de nombreux groupes où différentes langues et dialectes ont émergé et continuent d’émerger.
13004137	Aquela foi sua melhor partida.	13004232	C'était son meilleur match.
13004613	As folhas das palmeiras se balançam ao vento que do mar está soprando.	13004715	Les feuilles de palmier se balancent dans le vent qui souffle depuis la mer.
13004934	Eu logo interrompi o que estava fazendo, para atender ao teu pedido, minha amiga.	13005471	J'ai rapidement arrêté ce que je faisais pour répondre à ta demande, mon amie.
13005582	A mulher mais velha do mundo (117 anos) é brasileira, do Estado do Ceará.	13005593	La femme la plus âgée du monde (117 ans) est brésilienne, originaire de l'État du Ceará.
13005687	Para bem aprender uma língua estrangeira, importa muito não ter medo de errar.	13005722	Pour bien apprendre une langue étrangère, il est très important de ne pas avoir peur de faire des erreurs.
13005865	O estudo comparativo de idiomas é talvez o melhor método de aprendizado de línguas estrangeiras.	13005879	L’étude comparée des langues est peut-être la meilleure méthode pour apprendre les langues étrangères.
13005985	Nem todos os irmãos falam a mesma língua.	13006003	Tous les frères ne parlent pas la même langue.
13006106	A máquina já propõe quase perfeitas traduções para o Latim.	13006118	La machine propose déjà des traductions presque parfaites en latin.
2669393	Esparta aspirava à hegemonia sobre toda a Grécia.	13006222	Sparte aspirait à l’hégémonie sur toute la Grèce.
13006654	Olhos nos olhos, nos deixamos fascinar.	13006672	Les yeux dans les yeux, on se laisse fasciner.
13007918	Quem no mundo mais tempo até hoje viveu? A francesa Jeanne Calment, que faleceu em 1997, atingiu a idade de 122 anos.	13007928	Qui au monde a vécu le plus longtemps ? La française Jeanne Calment, décédée en 1997, a atteint l'âge de 122 ans.
13008146	Nós tivemos a mãe mais amorosa e sábia.	13008188	Nous avons eu la mère la plus aimante et la plus sage.
13008283	Viva em nossa lembrança hás de estar sempre, ó mãe querida, estrela guia, nossa luz.	13008329	Tu vivras toujours dans notre mémoire, ô chère mère, étoile directrice, notre lumière.
13008583	A frase estava escrita em catalão. A bandeira, porém, indicava o Esperanto.	13008618	La phrase a été écrite en catalan. Le drapeau indiquait cependant l'espéranto.
13008775	Meu melhor dicionário é Tatoeba.	13008789	Mon meilleur dictionnaire est Tatoeba.
13008876	Tatoeba é um dicionário multilíngue e interativo.	13008884	Tatoeba est un dictionnaire multilingue et interactif.
13008982	Encontrei frases lindas no poema, que ela escreveu e que acabei de ler.	13008990	J'ai trouvé de belles phrases dans le poème qu'elle a écrit et que je viens de lire.
13010315	Não percebi quase nenhuma diferença entre essas duas traduções. O catalão e o occitano são de fato parecidos.	13010337	Je n’ai remarqué presque aucune différence entre ces deux traductions. Le catalan et l’occitan sont en effet similaires.
13010554	Mary fez vinte traduções da mesma frase.	13010618	Marie a fait vingt traductions de la même phrase.
13010748	De cada frase faça nove traduções.	13010757	À partir de chaque phrase, faites neuf traductions.
13010978	Nada há mais útil do que ler e comparar frases das línguas que queremos aprender.	13010985	Il n’y a rien de plus utile que de lire et de comparer des phrases des langues que nous voulons apprendre.
13011024	Os alunos terão de traduzir cada frase em três línguas estrangeiras.	13011038	Les étudiants devront traduire chaque phrase en trois langues étrangères.
13011298	Em Elefen podem-se usar dois alfabetos: o latino e o cirílico.	13011311	En elefen, deux alphabets peuvent être utilisés : le latin et le cyrillique.
13011478	No tempo reservado à revisão, procuro corrigir os erros cometidos.	13011483	Durant le temps consacré à la révision, j'essaie de corriger les éventuelles erreurs commises.
13012069	Evoé! Inebriadas as bacantes evocavam Dioniso em festivos rituais.	13012083	Évoé ! Enivrées, les bacchantes évoquaient Dionysos dans des rituels festifs.
13012113	Teu carinho é qual néctar para mim.	13012126	Ton affection est comme du nectar pour moi.
13012193	Como é que pode essa formiga pequenina gerar assim tanta energia corporal?	13012222	Comment cette petite fourmi peut-elle générer autant d’énergie corporelle ?
13012509	Eu vivia feliz sem ter amor, até que um dia te encontrei e me perdi.	13012543	J'ai vécu heureux sans amour, jusqu'au jour où je t'ai trouvé et me suis perdu.
13012748	A ciência diz, muita energia se concentra até num pequenino grão de areia.	13012850	La science dit qu’une grande quantité d’énergie est concentrée dans un minuscule grain de sable.
13012891	Um grão de areia, olhando o céu, viu uma estrela e por ela ficou apaixonado.	13012907	Un grain de sable, regardant le ciel, vit une étoile et en tomba amoureux.
13013232	A ordem das palavras na frase latina, embora seja livre, é de grande importância.	13013252	L'ordre des mots dans la phrase latine, bien que libre, est d'une grande importance.
13013371	A tradução deve ser, antes de tudo, fiel. Pouco importa que seja ou deixe de ser literal.	13013386	La traduction doit avant tout être fidèle. Peu importe que ce soit littéral ou non.
13014115	Saudade eterna, minha mãe querida. Beijo do filho que jamais a esquece.	13014158	Tu me manques pour toujours, ma chère mère. Bisou du fils qui ne t'oubliera jamais.
13014255	A beleza singela dos teus versos fez-me chorar, enterneceu meu coração.	13014296	La simple beauté de vos vers m'a fait pleurer, elle a touché mon cœur.
13014336	A singela beleza dos teus versos enterneceu-me o coração, me fez chorar.	13014352	La simple beauté de vos vers a touché mon cœur et m’a fait pleurer.
13014772	Não há barreira alguma entre nós dois.	13014853	Il n’y a aucune barrière entre nous deux.
13015006	Dá gosto traduzir as frases que ela escreve.	13015157	C'est un plaisir de traduire les phrases qu'elle écrit.
8188979	"É você quem está aí?" "Sim, sou eu mesmo."	13015241	« C'est toi là ? » « Oui, c'est moi. »
13015285	Ainda encontro em minhas frases muitos erros.	13015291	Je trouve encore beaucoup d'erreurs dans mes phrases.
13015403	Ganhou a prova quem melhor se preparou.	13015461	Celui qui s'est le mieux préparé a gagné le test.
13015400	Ganhou a prova o atleta mais bem preparado.	13015466	L'athlète le plus préparé a gagné la course.
13015547	Sei quantas frases escrevi em Tatoeba. Não sei, porém, quantas palavras escrevi.	13015564	Je sais combien de phrases j'ai écrites sur Tatoeba. Je ne sais pas, cependant, combien de mots j'ai écrit.
13015650	Por certo, muito mais de um milhão de palavras contêm as frases que escrevi em Tatoeba.	13015664	Certes, c'est plus d'un million de mots que contiennent les phrases que j'ai écrites sur Tatoeba.
13016235	Relação como a nossa é tesouro bem raro.	13016265	Une relation comme la nôtre est un trésor très rare.
13016522	A débil chama tremeluz e já se apaga.	13016532	La faible flamme vacille puis s'éteint.
13016603	Será que ele afinal está aprendendo aquela língua que julgava tão difícil?	13016622	Est-ce qu’il apprend enfin cette langue qu’il pensait si difficile ?
13016677	Quando era moço, eu aguentava o sofrimento. O rijo e forte coração nada temia.	13016683	Quand j'étais jeune, j'ai supporté la souffrance. Mon cœur fort ne craignait rien.
13016856	Agora, na velhice e já sem grande alento, tudo me cansa, até escrever meus pobres poemas.	13016864	Maintenant, dans ma vieillesse et sans beaucoup de force, tout me fatigue, même écrire mes pauvres poèmes.
13017086	A velhice chegou. O fim já se aproxima.	13017091	La vieillesse est arrivée. La fin approche déjà.
13017151	Será que existem lobos bons e lobos maus?	13017158	Y a-t-il de bons loups et de mauvais loups ?
13017345	Os animais são seres puros, naturais.	13017354	Les animaux sont des êtres purs et naturels.
13017416	Fiz e refiz a mesma frase muitas vezes.	13017426	J'ai fait et refait la même phrase plusieurs fois.
13017850	Aonde quer chegar a humanidade, que não se livra do rancor e da maldade?	13017855	Où veut aller l’humanité si elle ne peut se libérer du ressentiment et du mal ?
13017919	Naquelas frases era clara a semelhança entre o russo, o esloveno, o sérvio e o polonês.	13017928	Dans ces phrases, la similitude entre le russe, le slovène, le serbe et le polonais était évidente.
13018013	Em Elefen ele escreveu quinze mil frases.	13018020	En elefen, il a écrit quinze mille phrases.
13018088	Cinco é o número entre quatro e seis.	13018093	Cinq est le nombre entre quatre et six.
13018369	Oito é o número entre sete e nove.	13018387	Huit est le nombre entre sept et neuf.
13018439	Essa frase em galego é exatamente igual à sua tradução em português.	13018445	Cette phrase en galicien est exactement la même que sa traduction en portugais.
13018574	Ambos vivemos sem pensar aquelas horas tão prazerosas de calor e de paixão.	13018586	Nous avons tous deux vécu ces heures agréables de chaleur et de passion sans réfléchir.
13020896	Enquanto houver saudade, hei de pensar em quem me gerou, deu-me à luz, fez-me sonhar.	13020900	Tant qu'il y aura du désir, je penserai à qui m'a engendré, m'a donné naissance, m'a fait rêver.
13021360	Ninguém precisa confiar no Ser Divino, que fez o mundo, nos criou e tudo faz. É mais que certo: tudo está nas mãos de Deus.	13021364	Personne n’a besoin de faire confiance à l’Être Divin, qui a créé le monde, nous a créés et qui fait tout. C'est plus que certain : tout est entre les mains de Dieu.
13021389	Razões para viver terei enquanto houver o que aprender, o que fazer, o que sonhar.	13021395	J'aurai des raisons de vivre tant qu'il y aura quelque chose à apprendre, quelque chose à faire, quelque chose à rêver.
13021472	Ninguém diria: Eu não confio em Deus.	13021479	Personne ne dirait : je ne fais pas confiance à Dieu.
13021446	Sei que vou perdoá-la, pois não quero em meu peito guardar ressentimento.	13021530	Je sais que je lui pardonnerai, car je ne veux pas garder de ressentiment dans ma poitrine.
13021669	Alguém me aconselhou a confiar em Deus. Pergunto: Que queria ele dizer com isso?	13021716	Quelqu'un m'a conseillé de faire confiance à Dieu. Je demande : que voulait-il dire par là ?
13021793	Esse homem pode crer que não existe Deus, mas não pode afirmar que não confia Nele.	13021809	Cet homme peut croire que Dieu n’existe pas, mais il ne peut pas dire qu’il ne lui fait pas confiance.
13022011	Nesta escola da vida, o curso é permanente, e ninguém até hoje se formou.	13022019	Dans cette école de la vie, le cours est permanent et personne n’est jamais diplômé.
13022046	Nas escolas da vida, as aulas não terminam. Nenhum aluno conseguiu aprender tudo.	13022055	Dans les écoles de la vie, les cours ne finissent jamais. Aucun étudiant n’a réussi à tout apprendre.
13022154	Creio que aqui todos estão participando de uma estranha "conjura do silêncio".	13022160	Je crois que tout le monde ici participe à une étrange « conspiration du silence ».
13022302	A tese que escreveu tinha dez mil palavras.	13022315	La thèse qu’il a écrite comptait dix mille mots.
13022922	São seis irmãos – o mesmo pai, mães diferentes.	13022932	Il y a six frères – même père, mères différentes.
13023106	Tatoeba já tem mais de treze milhões de frases, em centenas de idiomas!	13023110	Tatoeba compte déjà plus de treize millions de phrases, dans des centaines de langues !
13023252	Em português, deve evitar-se essa expressão, pois ela pode sugerir algo ofensivo.	13023270	En portugais, cette expression doit être évitée, car elle peut suggérer quelque chose d'offensant.
13023509	Passei a gostar mais das frases que ele faz, depois que ele passou a escrever em verso, embora isso não seja poesia.	13023522	J'ai appris à aimer davantage ses phrases lorsqu'il a commencé à écrire en vers, même si ce n'était pas de la poésie.
13023538	A verdade será sempre bem-vinda. É preferível a qualquer simulação.	13023545	La vérité est toujours la bienvenue. Elle est préférable à toute simulation.
13023766	Às vezes dói, mas a verdade será sempre bem-vinda, não importa a situação.	13023791	Parfois ça fait mal, mais la vérité sera toujours la bienvenue, quelle que soit la situation.
13023797	Apesar dos pesares, o episódio teve seu lado positivo: permitiu-me refletir muito e algumas frases formular.	13023801	Malgré tout, l'épisode a eu son côté positif : il m'a permis de beaucoup réfléchir et de formuler quelques phrases.
13024467	É triste ver um ser humano se aviltar a esse extremo. Que infelicidade!	13024471	C'est triste de voir un être humain se dégrader à ce point. Quel malheur !
13024715	Aquela frase foi a que ele mais gostou de traduzir, mas a tarefa não foi fácil.	13024721	Cette phrase est celle qu'il a le plus aimé traduire, mais la tâche n'était pas facile.
13024756	Nem toda frase pode ser escrita em verso.	13024760	Toutes les phrases ne peuvent pas être écrites en vers.
13024853	Agora eu gosto mais das frases que ela escreve.	13024873	Maintenant, j'aime davantage les phrases qu'elle écrit.
13025045	Inferno e céu são impressões mentais.	13025050	L'enfer et le paradis sont des impressions du mental.
13025077	Inferno e céu são criações da mente.	13025124	L’enfer et le paradis sont des impressions mentales.
13025202	Inferno e céu não passam de miragens.	13025206	L’enfer et le paradis ne sont que des mirages.
13025397	O nosso professor fala catorze línguas.	13025407	Notre professeur parle quatorze langues.
13025805	Inferno e paraíso são somente hipóteses urdidas pela mente.	13025819	L’enfer et le paradis ne sont que des hypothèses élaborées par l’esprit.
13026198	Os velhos apreciam ser lembrados.	13026204	Les personnes âgées apprécient qu’on se souvienne d’elles.
13026355	Vale a pena tentar escrever alguns versos.	13026371	Cela vaut la peine d’essayer d’écrire quelques vers.
13026436	Em seu caderno ele registra pensamentos interessantes que lhe ocorrem vez por outra.	13026443	Dans son carnet, il note les pensées intéressantes qui lui viennent à l'esprit de temps à autre.
13026596	Nem sempre a tradução ao pé da letra capta o sentido real da frase ou da expressão.	13026628	Traduire littéralement ne permet pas toujours de saisir le sens réel de la phrase ou de l’expression.
13026698	Não posso acreditar que ele consiga trabalhar tanto já naquela idade.	13026704	Je n'arrive pas à croire qu'il puisse travailler aussi dur à cet âge.
13027384	Morre de fome! Nada tem para comer. Não tem dinheiro pra comprar sequer um pão.	13027401	Il est affamé ! Il n'a rien à manger. Il n'a pas d'argent pour acheter ne serait-ce qu'une miche de pain.
13027413	A espécie humana talvez possa se salvar, se dela ainda aparecer nova edição.	13027418	L’espèce humaine pourra peut-être se sauver elle-même, si une nouvelle édition en paraît encore.
13027533	Às vezes me pergunto como é que a senhora Sônia traduziria aquela frase para Toki Pona.	13027547	Je me demande parfois comment Mme Sonia traduirait cette phrase en toki pona.
13027579	Às vezes me pergunto qual seria o melhor modo de aprender a traduzir.	13027586	Parfois, je me demande quelle serait la meilleure façon d’apprendre à traduire.
13028314	Resta agora saber se ela vai conseguir ouvir a gravação que lhe mandei.	13028320	Reste maintenant à voir si elle pourra écouter l’enregistrement que je lui ai envoyé.
13028423	Eu só quero saber se ela vai conseguir ouvir a gravação que lhe mandei agora.	13028431	Je veux juste savoir si elle pourra écouter l'enregistrement que je lui ai envoyé maintenant.
13028463	Estou feliz! Ela escutou minha canção.	13028480	Je suis heureux ! Elle a écouté ma chanson.
13028518	A Internet é um milagre – os povos aproxima.	13028525	Internet est un miracle : il rassemble les gens.
13028561	O poeta poliglota às vezes tem vontade de traduzir todos os poemas que escreveu.	13028565	Le poète polyglotte a parfois envie de traduire tous les poèmes qu’il a écrits.
13028394	Mesmo jogando bem, não é fácil ganhar, já que o time não tem bom centroavante.	13028635	Même en jouant bien, il n'est pas facile de gagner, car l'équipe n'a pas de bon attaquant central.
13028867	A palavra mais feia: guerra, fome? A palavra mais bela: paz, amor?	13028887	Le mot le plus laid : guerre, faim ? Le plus beau mot : paix, amour ?
13029020	Simplicidade de linguagem – Toki Pona.	13029048	Simplicité du langage – toki pona.
13029130	Eu aprendi na infância, e ainda sei agora, que um é pouco, dois é bom, três é demais.	13029154	Enfant, j'ai appris, et je le sais encore aujourd'hui, qu'un c'est pas assez, deux c'est bien, trois c'est trop.
13029318	O amor é, quando acaba, ingrato e comovente. É a coisa, talvez, mais triste deste mundo.	13029344	L'amour est, quand il prend fin, ingrat et émouvant. C’est peut-être la chose la plus triste au monde.
13029382	Como aprendeu depressa aquele tradutor! Mesmo o Latim, ele já quase dominou. E nos ensina, até, a pronunciar a frase.	13029402	Comme ce traducteur a appris vite ! Même le latin, il le maîtrise presque parfaitement. Et il nous apprend même à prononcer la phrase.
13029987	Deve-se dar grande valor à compaixão.	13030017	La compassion devrait avoir une grande valeur.
13030001	Nunca é demais valorizar a compaixão.	13030020	La compassion ne peut jamais être surestimée.
13030031	A compaixão é sentimento belo e nobre, que valoriza e dignifica o ser humano.	13030092	La compassion est un sentiment beau et noble qui valorise et dignifie les êtres humains.
13030531	O período mais triste que viveu foi justamente aquele em que mais produziu.	13030542	La période la plus triste qu’il a vécue est précisément celle où il a le plus produit.
7081088	Queres água?	13030821	Veux-tu de l'eau ?
13031781	O amor passa mas deixa, em cada coração, sempre a recordação de um beijo ou de uma queixa.	13031889	L'amour passe, mais laisse ce souvenir d'un baiser ou d'une plainte dans chaque cœur.
13031959	Nossa felicidade é simplesmente amostra fugaz do estado natural do eterno Ser.	13032024	Notre bonheur n’est qu’un échantillon fugace de l’état naturel de l’Être éternel.
13032170	Quando era moço, ele queria ser cantor.	13032178	Quand il était jeune, il voulait être chanteur.
13032324	Se os humanos cantassem mais um pouco, este mundo seria menos louco.	13032330	Si les humains chantaient un peu plus, ce monde serait moins fou.
13032367	Hoje cem frases escreveu para o seu livro.	13032880	Aujourd'hui, il a écrit une centaine de phrases pour son livre.
13032998	Todos os dias, ele agora escreve uma página ou mais para o seu novo livro.	13033107	Chaque jour, il écrit désormais une page ou plus pour son nouveau livre.
13033204	Quem já foi rei não perde nunca a majestade.	13033246	Celui qui fut un jour roi ne perd jamais sa majesté.
13033551	Visão, olfato, audição, tato e paladar: cinco sentidos o homem tem para entender o céu, a terra, o mar – enfim a Natureza.	13033674	La vue, l’odorat, l’ouïe, le toucher et le goût : l’homme dispose de cinq sens pour comprendre le ciel, la terre, la mer, bref, la Nature.
13033817	A tradução exige a máxima atenção. Quando menos se espera é que o erro acontece.	13033825	La traduction requiert la plus grande attention. Quand on s’y attend le moins, des erreurs se produisent.
13033874	A virtude não busca o mundano prazer.	13033933	La vertu ne recherche pas le plaisir mondain.
13033992	Ele não sabe o que fazer longe da amiga. Ela é a mão que o guia, o coração que o sente.	13034161	Il ne sait pas quoi faire loin de son amie. Elle est la main qui le guide, le cœur qui le ressent.
13034369	Ele passava horas e horas a escrever, para seu livro, novas frases, novos versos.	13034455	Il a passé des heures et des heures à écrire de nouvelles phrases, de nouveaux vers pour son livre.
13034571	Ao traduzir, lembra que estás mais a aprender.	13034587	Lorsque vous traduisez, n’oubliez pas que vous apprenez davantage.
13034793	Banana é ouro de manhã, de tarde é prata, e muitos dizem que de noite mata.	13034872	Les bananes sont dorées le matin, argentées l’après-midi et beaucoup disent qu’elles tuent la nuit.
13034840	É muito fácil hoje traduzir. A máquina é capaz de fazer maravilhas.	13034873	C'est très facile de traduire aujourd'hui. La machine est capable de faire des merveilles.
13035028	A tradução é experiência preciosa, aprendizado de eficácia comprovada.	13035040	La traduction est une expérience précieuse, apprentissage d'une efficacité prouvée.
13035029	Deixo aos herdeiros um minúsculo legado: compilação de frases, poemas dispersos.	13035041	Je laisse à mes héritiers un petit héritage : recueil de phrases, poèmes épars.
13035710	Que o Amor una a ambos e eternize o enlace.	13035725	Que l’Amour vous unisse tous les deux et immortalise votre lien.
13036125	Em todo mal sempre se pode achar o bem.	13036149	Dans chaque mal on peut toujours trouver du bien.
13036273	Depois de cada mal, o bem sempre aparece. Mal não existe que não cause sempre o bem.	13036305	Après chaque mal, le bien apparaît toujours. Il n’y a pas de mal qui ne provoque toujours du bien.
13036607	Não pode haver no mundo maravilha que se compare a um beijo teu, querida.	13036683	Il n’y a rien de plus merveilleux au monde qu’un baiser de toi, ma chérie.
13036883	Não pode haver no mundo maior maravilha do que este beijo que me deste agora.	13036916	Il ne peut y avoir de plus grande merveille au monde que ce baiser que tu m'as donné maintenant.
13036744	A língua portuguesa é muito bela, com a fonética que se ouve no Brasil.	13037011	La langue portugaise est très belle, avec la phonétique qu'on entend au Brésil.
13036751	O professor de Toki Pona se ausentou. Quanta falta nos faz! Que faremos agora?	13037012	Le professeur de toki pona est absent. Il nous manque tellement ! Que devons-nous faire maintenant ?
13036970	Desculpe, porém devo confessar que não entendi bem seu comentário.	13037015	Désolé, mais je dois avouer que je n'ai pas bien compris votre commentaire.
13037184	Minha vida é como exame, para o qual não estudei. Levando essa vida infame, aonde eu vou chegar, não sei.	13037189	Ma vie est comme un examen pour lequel je n'ai pas étudié. En menant cette vie infâme, où je finirai, je ne sais pas.
13037856	Reina o computador no moderno cenário. Que seria de nós se eles se desligassem, e não houvesse meios de os reativar?	13037893	L'ordinateur règne en maître dans le scénario moderne. Que deviendrions-nous s'ils s'éteignaient et qu'il n'y avait aucun moyen de les réactiver ?
13038188	Ouvi dizer: Quem canta, os seus males espanta.	13038245	J'ai entendu dire : « Celui qui chante fait fuir ses maux ».
13038523	Não creio que outra língua um dia vá tomar do Inglês a posição de idioma universal.	13038576	Je ne crois pas qu’une autre langue puisse un jour prendre la place de l’anglais comme langue universelle.
13038634	Que erro bobo cometi. Parecia estar dormindo. Corrigiu-me alguém sorrindo. Nem sei bem o que senti.	13038664	Quelle erreur stupide j'ai commise. On dirait que je dors. Quelqu'un m'a corrigé avec un sourire. Je ne sais même pas ce que j'ai ressenti.
13038705	Este é meu professor, amigo dedicado. Mais culto que ele, ninguém há neste planeta.	13038721	C'est mon professeur, mon ami dévoué. Il n’y a personne de plus cultivé que lui sur cette planète.
13038748	Ao comparar as traduções, aprendo as línguas.	13038754	En comparant les traductions, j'apprends les langues.
13039186	Atingi o total de sessenta mil frases, na língua portuguesa em Tatoeba.	13039218	J'ai atteint un total de soixante mille phrases en langue portugaise sur Tatoeba.
13038770	Da linhagem do Latim, várias línguas estudei. Aprendi algumas, sim. Porém, de outras já não sei.	13039258	J'ai étudié plusieurs langues du groupe roman. C'est vrai que j'ai appris certaines langues. D’autres, en revanche, je les ai déjà oubliées.
13040015	A Marina que amei, nunca me amou. Esta Marina é amiga mui querida. Outra Marina celebrou-se na canção. Da minha vida, eis três facetas lapidadas.	13040142	La Marina que j'aimais ne m'a jamais aimé. Cette Marina est une amie très chère. Une autre Marina a été célébrée en chanson. De ma vie, voici trois facettes polies.
13040103	Deus faz o tempo, faz o vento e faz a fama.	13040143	Dieu fait le temps, le vent et la gloire.
13040222	Ela dribla e chuta a bola quase como o Rei Pelé. Já no seu tempo de escola, tinha magia no pé.	13040227	Elle dribble et frappe le ballon presque comme le roi Pelé. Même à l'école, elle avait de la magie dans les pieds.
13040230	Ela faz tudo com a bola. Lembra até o rei Pelé. Revelava, já na escola, a magia do seu pé.	13040235	Elle fait tout avec le ballon. Cela me rappelle même le roi Pelé. Elle révélait, dès l'école, la magie de son pied.
13040280	Quem sabe faz a hora, não espera acontecer.	13041241	Ceux qui créent le moment n’attendent pas que cela se produise.
13041342	Quem bem sabe o que faz, aproveita o momento. Quem não sabe o que faz, desperdiça o seu tempo.	13041368	Ceux qui savent ce qu’ils font profitent du moment. Ceux qui ne savent pas ce qu'ils font perdent leur temps.
13041978	Por agora é so.	13041979	Pour l'instant, c'est tout.
13042266	Quando ele escreve em português, está usando a mesma ortografia do occitano.	13042347	Lorsqu'il écrit en portugais, il utilise la même orthographe qu'en occitan.
13045570	Estou me sentindo melhor agora de manhã.	13045578	Je me sens mieux maintenant le matin.
13046252	Ele disse que está com a consciência limpa, mas, na verdade, o que ele tem é amnésia.	13046260	Il a dit qu’il avait la conscience tranquille, mais en réalité, il souffre d'amnésie.
13048484	Será que o Real Madrid vai ganhar hoje? Se perder para o City, está fora da copa.	13048595	Le Real Madrid va-t-il gagner aujourd’hui ? S'ils perdent contre City, ils seront éliminés du tournoi.
13049111	O Real Madrid jogou maravilhosamente. Mbappé marcou três gols, três belas obras de arte.	13049118	Le Real Madrid a joué à merveille. Mbappé a marqué trois buts, trois belles œuvres d'art.
13049643	O povo diz: O coração não se equivoca. É bem difícil enganar o coração.	13049665	Les gens disent : Le cœur ne se trompe jamais. Il est très difficile de tromper le cœur.
13050218	Tens nos olhos o verde-azul do mar. Teu olhar me fascina, é emoção. Inebria, entontece, é luz do luar. Escraviza, prendeu meu coração.	13050230	Tes yeux ont l'éclat pers de la mer. Ton regard me fascine, c'est l'émotion. Il enivre, il aguiche, c'est le clair de lune. Il asservit, il a capturé mon cœur.
13051147	Que vício repugnante e estúpido é o fumar! Acender um cigarro e chupar-lhe a fumaça. Insuflar nos pulmões perigosa ameaça à saúde. Odor fétido expirar.	13051155	Le tabagisme est un vice dégoûtant et stupide ! Allumer une cigarette et aspirer la fumée. Respirer dans ses poumons une substance dangereuse pour la santé. Expirer une odeur nauséabonde.
13051160	Fez oito meses, já tem um dentinho. Muito risonho, quase nunca chora. Come com muito gosto, é bem gordinho. Já ensaia uns gritinhos, quer falar agora.	13051171	Il a huit mois et a déjà une dent. Très joyeux, ne pleure presque jamais. Il mange avec grand plaisir, il est assez potelé. Il essaie déjà quelques petits cris, il veut parler maintenant.
13053375	A morte é a perda irreversível da consciência – o desmaio final, o derradeiro eclipse.	13053454	La mort est la perte irréversible de la conscience – l'évanouissement final, l'éclipse ultime.
13053554	Perder a consciência e não estar aqui nem em qualquer outro lugar. Talvez seja assim o morrer, o despedir-se desta vida.	13053588	Perdre connaissance et ne plus être ici ni ailleurs. C'est peut-être ça, mourir : dire adieu à cette vie.
13054751	Quanta gente que ri, talvez existe, cuja ventura única consiste em parecer aos outros venturosa!	13054760	Combien de personnes rient, peut-être, dont le seul bonheur consiste à paraître heureux aux yeux des autres !
13055184	Preciso traduzir para o Esperanto três orações escritas em Inglês. Não parecem difíceis, entretanto, sem ajuda eu não posso interpretar as três.	13055231	J'ai besoin de traduire trois phrases écrites en anglais vers l'espéranto. Elles ne semblent pas difficiles, cependant, sans aide, je ne peux pas interpréter les trois.
13056936	Tatoeba é importante para o estudo de línguas estrangeiras em geral. É coleção de frases sobre tudo. Tem um corpus imenso, sem igual.	13056944	Tatoeba est important pour l'étude des langues étrangères en général. C'est un recueil de phrases sur tout. Il possède un corpus immense et sans équivalent.
13057358	Acredito que seja mais fácil traduzir de uma língua qualquer para a língua russa do que do russo para qualquer outra língua.	13057363	Je crois qu’il est plus facile de traduire de n’importe quelle langue vers le russe que du russe vers n’importe quelle autre langue.
13057505	É mais fácil não raro traduzir de qualquer língua para a língua russa, do que do russo para qualquer outro idioma.	13057512	Il est souvent plus facile de traduire de n'importe quelle langue vers le russe que du russe vers une autre langue.
13057788	Silêncio também é resposta.	13057803	Le silence est souvent la meilleure réponse.
13057788	Silêncio também é resposta.	13057805	C'est souvent éloquence de savoir garder silence.
13059449	Ah! Se eu pudesse, encontraria a minha amada nesse jardim, que é um paraíso todo em flor. Se ela quisesse converter-se em minha fada, me abrandaria toda a mágoa e toda a dor.	13059475	Ah! Si je pouvais, je rencontrerais mon bien-aimé dans ce jardin, qui est un paradis en fleurs. Si elle voulait devenir ma fée, elle soulagerait toute la souffrance et toute la douleur.
13060451	A vida tem seus momentos de tristeza e de alegria. Aqueles são longos, lentos. Estes têm fugaz valia.	13060495	La vie a ses moments de tristesse et de joie. Ceux-là sont longs et lents. Ceux-ci ont une valeur éphémère.
13061207	Ele compra e vende livros novos, usados, antigos. São bem caros os mais raros, de esgotadas edições.	13061296	Il achète et vend des livres neufs, d'occasion et anciens. Les plus rares, les éditions épuisées, sont assez chères.
13062590	O vocabulário do Esperanto é praticamente de origem latina.	13062625	Le vocabulaire de l'espéranto est pratiquement d'origine latine.
13062880	No teu olhar cintila a encantadora luz do amor, que me embriaga e me fascina.	13062920	Dans ton regard scintille la lumière enchanteresse de l'amour, qui m'enivre et me fascine.
13064704	Onde se tem uma frase, com suas traduções para dez línguas diferentes, na verdade ali temos onze frases, cada uma das quais está traduzida para dez outros idiomas. O resultado é multiplicativo (11 X 10).	13064862	Là où il y a une phrase avec ses traductions en dix langues différentes, nous avons en fait onze phrases, chacune d’entre elles étant traduite en dix autres langues. Le résultat est multiplicatif (11 X 10).
13064912	Uma formiguinha afogou-se no oceano do meu copo.	13064927	Une petite fourmi s'est noyée dans l'océan de mon verre.
13066971	Ser feliz na ventura não é nada. Difícil é saber enxergar no infortúnio os vestígios de um novo bem-estar.	13067074	Être heureux dans la chance n'est rien. Il est difficile de voir dans le malheur les traces d’un bien-être nouveau.
13067089	Que canção linda! Melodia e letra, ambas belíssimas, nos tocam o coração.	13067098	Quelle belle chanson ! La mélodie et les paroles, toutes deux belles, touchent nos cœurs.
13068322	A primeira luz do amanhecer tingiu as nuvens de um tom rosado.	13068372	Les premières lueurs de l’aube ont teint les nuages ​​d’une teinte rosée.
13068442	Oscar de "Ainda Estou Aqui" dá ao Brasil uma alegria que a política sonega.	13068469	L'Oscar pour « Je suis toujours là » donne au Brésil une joie que la politique lui refuse.
13069474	A beleza é a canção da vida.	13069479	La beauté est le chant de la vie.
13069497	Aquela frase de Gibran deveria ser traduzida para todas as línguas faladas neste planeta.	13069502	Cette phrase de Gibran devrait être traduite dans toutes les langues parlées sur cette planète.
13069536	“Eu não consigo fazer isso. Você tem de me ajudar.” "Por quê? Quem está precisando de ajuda sou eu.”	13069557	« Je ne peux pas faire ça. Tu dois m'aider. » « Pourquoi ? C’est moi qui ai besoin d’aide. »
13069812	Encontram-se no corpus de Tatoeba muitas frases preciosas, ainda sem nenhuma tradução.	13069824	Il existe de nombreuses phrases précieuses dans le corpus de Tatoeba, toujours sans aucune traduction.
13070265	Se alguma música se escuta lá no céu, com certeza foi Bach quem a compôs.	13070498	Si une musique est entendue au ciel, c'est certainement Bach qui l'a composée.
13075783	Perdoa-me e retorna, coração! Viva em meu peito arde a chama inexorável da paixão. E eu morro de saudade.	13075839	Pardonne-moi et reviens, mon cœur ! La flamme inexorable de la passion brûle dans ma poitrine. Et tu me manques tellement.
13081561	Eu amo alguém que sem motivo me deixou.	13081570	J'aime quelqu'un qui m'a quitté sans raison.
1149529	Não posso esperar, tenho o que fazer.	13082968	Je ne peux pas attendre, j'ai des choses à faire.
13082201	Ele tinha a seu cargo a conservação do templo.	13090944	Il était chargé de la conservation du temple.
13099149	Os trovadores eram poetas líricos medievais cuja escola se originou na Occitânia. Eles cantavam o amor cortês e ganharam discípulos no norte da França e na Alemanha, onde eram chamados de menestréis.	13099190	Les troubadours étaient des poètes lyriques médiévaux dont l'école était originaire d'Occitanie. Ils chantaient l'amour courtois et gagnèrent des disciples dans le nord de la France et en Allemagne, où ils furent appelés ménestrels.
13132921	O que não pode ser concebido por meio de outra coisa deve ser concebido por si mesmo.	13132955	Ce qui ne peut être conçu par autre chose doit être conçu par lui-même.
13133128	Deus, ou Natureza, é a essência de todos os seres.	13133151	Dieu, ou la Nature, est l’essence de tous les êtres.
13203484	Parabéns pelo aniversário, meu bisneto, meu príncipe querido! Tens apenas 13 anos, desabrochas para a vida, que teu ser privilegiado sabe converter em primorosa canção. Deus te abençoe e proteja.	13203503	Joyeux anniversaire, mon arrière-petit-fils, mon cher prince ! Tu n'as que 13 ans, tu t'épanouis dans la vie, que ton être privilégié sait convertir en un chant exquis. Que Dieu te bénisse et te protège.
13210570	O cardeal Robert Francis Prevost, de nacionalidade norte-americana e peruana, acaba de ser eleito Papa e adotará o nome de Leão XIV (08.05.2025).	13210580	Le cardinal Robert Francis Prevost, de nationalité américaine et péruvienne, vient d'être élu pape et adoptera le nom de Léon XIV (08.05.2025).
13280842	Não viajem agora. Essa viagem seria muito arriscada neste momento.	13280854	Ne voyagez pas maintenant. Ce voyage serait trop risqué en ce moment.
13304455	O mundo inteiro está enamorado do Brasil.	13304463	Le monde entier est amoureux du Brésil.
13304740	Tudo é loucura neste mundo, exceto o prazer.	13304749	Tout est folie dans ce monde sauf le plaisir.
13305680	As mudanças climáticas são naturais ou causadas pela ação humana?	13305705	Le changement climatique est-il naturel ou causé par l’action humaine ?
13309447	A Copa do Mundo de Clubes da FIFA será decidida por 2 times do Brasil (Fluminense e Palmeiras), 2 da Alemanha (Baiern de Munique e Borussia Dortmund), 1 da Espanha (Real Madrid), 1 da França (Paris Saint Germain), 1 da Inglaterra (Chelsea) e 1 da Arábia Saudita (Al Hilal).	13309465	La Coupe du Monde des Clubs de la FIFA sera décidée entre 2 équipes du Brésil (Fluminense et Palmeiras), 2 d'Allemagne (le Bayern Munich et le Borussia Dortmund), 1 d'Espagne (le Real Madrid), 1 de France (le Paris Saint Germain), 1 d'Angleterre (Chelsea) et 1 d'Arabie Saoudite (Al Hilal).
13314127	A expectativa é a mãe da decepção.	13314148	L’attente est la mère de la déception.
13318466	Cada um tem seu papel e importância, não se devendo intrometer nas prerrogativas dos outros. Como diz o povo, "cada macaco no seu galho".	13318476	Chacun a son rôle et son importance, et ne doit pas empiéter sur les prérogatives des autres. Comme le dit le proverbe : « Chacun son arbre ».
13320317	Se um dia eu me encontrar desanimado, e ao meu redor sentir o mundo frio e triste, hei de ficar radiante ao pensar em você, bem da maneira como a vejo agora.	13320364	Si un jour je me sens découragé et que le monde qui m’entoure me semble froid et triste, je rayonnerai en pensant à toi, comme je te vois maintenant.
13321906	A Inteligência Artificial está transformando o mundo. Não é inteligente lutar contra ela.	13321927	L'intelligence artificielle transforme le monde. Il n'est pas judicieux de la combattre.
13321956	O homem inteligente criou e está aperfeiçoando a Inteligência Artificial.	13321988	L’homme intelligent a créé et perfectionne l’intelligence artificielle.
13322077	Essa frase contém erros que a Inteligência Artificial não cometeria.	13322089	Cette phrase contient des erreurs que l’intelligence artificielle ne ferait pas.
13323484	Fizeram bonito os quatro representantes do Brasil na Copa do Mundo de Clubes da FIFA 2025: Botafogo, Flamengo, Fluminense e Palmeiras. Parabéns!	13323502	Les quatre représentants du Brésil à la Coupe du Monde des Clubs de la FIFA 2025 ont bien performé : Botafogo, Flamengo, Fluminense et Palmeiras. Félicitations!
13324587	A derrota não foi nenhuma surpresa. O adversário era muito forte.	13324614	La défaite n'était pas une surprise. L'adversaire était très fort.
13324768	Somente frases simples eu consigo traduzir para Toki Pona. Isso é muito frustrante.	13324807	Je ne peux traduire que des phrases simples en toki pona. C'est très frustrant.
13332623	O amor é a energia mais potente que existe no Universo.	13332641	L’amour est l’énergie la plus puissante qui existe dans l’Univers.
13335413	Quem não vive para servir não serve para viver.	13335524	Celui qui ne vit pas pour servir ne sert pas pour vivre.
13335549	A gratidão é não só a maior das virtudes, mas também a mãe de todas as outras virtudes.	13335569	La gratitude n’est pas seulement la plus grande des vertus, mais aussi la mère de toutes les autres vertus.
13335826	Religiões há muitas, mas espiritualidade há uma só.	13335848	Il existe de nombreuses religions, mais il n’existe qu’une seule spiritualité.
13335880	O cérebro é plástico. O ser humano é o escultor do seu cérebro.	13335911	Le cerveau est plastique. Les êtres humains sculptent leur propre cerveau.
13345183	Ele não é meu amigo, mas é um bom homem.	13345200	Ce n'est pas mon ami, mais c'est un homme bon.
13357083	Gostaria de ver uma girafa em seu hábitat.	13357105	J'aimerais voir une girafe dans son habitat.
13358837	Ela deixa muitas saudades, mas também muitas belezas.	13358845	Elle laisse derrière elle beaucoup de nostalgie, mais aussi beaucoup de beauté.
13358854	Por que motivo estás fazendo essa pergunta?	13358872	Pourquoi poses-tu cette question ?
13362151	Ele está lançando vários anzóis para ver se pega algum peixe.	13362194	Il lance plusieurs hameçons pour voir s'il peut attraper quelque poisson.
13364697	É difícil negociar com quem quer brigar.	13364707	Il est difficile de négocier avec quelqu’un qui veut se battre.
13364851	A justiça é cega, mas não é tola.	13364897	La justice est aveugle, mais elle n’est pas stupide.
13365038	O tempo passa mais depressa no segundo semestre do ano.	13365053	Le temps passe plus vite dans la deuxième moitié de l’année.
13365399	Gato de luvas não pega rato.	13365412	Un chat avec des gants n'attrape pas une souris.
13366378	Se arrependimento matasse, eu estaria morto.	13366400	Si le regret tuait, je serais mort.
13367978	Será que estamos sós nessa infinitude que é o universo?	13368071	Sommes-nous seuls dans cet infini qu’est l’univers ?
13368150	Concordo com aqueles que consideram inadmissíveis quaisquer preconceitos, inclusive o preconceito contra a inteligência artificial.	13368164	Je suis d'accord avec ceux qui considèrent que tout préjugé est irrecevable, y compris le préjugé contre l'intelligence artificielle.
13368315	Os impérios se mantêm enquanto produzem mais do que consomem.	13368638	Les empires survivent tant qu’ils produisent plus qu’ils ne consomment.
13372341	Os advogados de defesa aconselharam o réu a confessar o crime, mas de maneira tão fantasiosa e elaborada que, no entender deles, atenuaria sobremaneira a sentença condenatória inevitável.	13372412	Les avocats de la défense ont conseillé au prévenu d'avouer le crime, mais d'une manière si fantaisiste et élaborée que, selon eux, cela atténuerait grandement la condamnation inévitable.
13372691	Se dois coelhos estão sendo caçados por um leão, o coelho mais veloz pode escapar.	13372712	Si deux lapins sont chassés par un lion, le lapin le plus rapide peut s’échapper.
13374071	As livrarias estão fechadas hoje.	13374092	Les librairies sont fermées aujourd'hui.
13374417	A frase original era mais natural.	13374456	La phrase originale était plus naturelle.
13377797	A atual geração está sendo assolada por uma narcose digital.	13377859	La génération actuelle est en proie à une narcose digitale.
13382198	Acham que estão lidando com gente da laia deles.	13382414	Ils pensent qu’ils ont affaire à des gens comme eux.
13382508	Experimentamos a vida como sensações e sentimentos.	13382519	Nous vivons la vie sous forme de sensations et de sentiments.
13383501	Enquanto descanso, carrego pedras.	13383567	Pendant que je me repose, je porte des pierres.
13385360	Se o rabo de uma lagartixa for cortado, crescerá outro no mesmo lugar.	13385420	Si la queue d'un lézard est coupée, une autre poussera au même endroit.
13385963	Caçadoras silenciosas do céu noturno, as corujas estão entre as criaturas mais fascinantes do reino animal.	13385986	Chasseurs silencieux du ciel nocturne, les hiboux comptent parmi les créatures les plus fascinantes du règne animal.
13386103	Com mais de 200 espécies distribuídas pelo mundo, as corujas contribuem para o equilíbrio ecológico e estão profundamente entrelaçadas às tradições culturais.	13386129	Avec plus de 200 espèces réparties dans le monde, les hiboux contribuent à l’équilibre écologique et sont profondément liés aux traditions culturelles.
3871201	A maioria das cidades desse país se encontram nas planícies do litoral.	13390369	La plupart des villes de ce pays se trouvent sur la plaine côtière.
8551373	A camisa 41 será aposentada em homenagem à esse jogador.	13393013	Le maillot numéro 41 sera retiré en hommage à ce joueur.
13393399	É preciso não confundir alhos com bugalhos.	13393412	Il ne faut pas confondre les pommes et les poires.
13393399	É preciso não confundir alhos com bugalhos.	13393414	Il ne faut pas confondre les choses.
13394742	Foste raio de sol – luz e calor –, primavera fugaz em minha vida, platônica emoção, beleza e cor, desta jornada etapa mui querida.	13395056	Tu as été un rayon de soleil – lumière et chaleur –, un printemps éphémère dans ma vie, une émotion platonique, beauté et couleur, une étape très chère de ce voyage.
13396511	O homem não para de fabricar o Apocalipse.	13396543	L’homme n’arrête jamais de fabriquer l’Apocalypse.
13396605	Ainda não vimos nada em Hiroshima, oitenta anos depois daquele horror.	13396636	Nous n'avons encore rien vu à Hiroshima, quatre-vingts ans après une telle horreur.
13397766	A cauda do pavão é coberta por ocelos, manchas coloridas e redondas.	13397786	La queue du paon est couverte d'ocelles, des taches rondes et colorées.
13398139	Às vezes, ao querer punir o mal, o justo se converte em malfeitor.	13398248	Parfois, en voulant punir le mal, les justes deviennent des malfaiteurs.
13399699	Eu cada dia te amo um bocadinho mais.	13399709	Je t'aime un peu plus chaque jour.
13399767	O mal por si se destrói.	13399778	Le mal se détruit lui-même.
13399785	Língua materna é cartão de identidade.	13399793	La langue maternelle est une carte d'identité.
13402186	Érica é rica e bela jovem.	13402396	Erica est une jeune femme riche et belle.
13402689	A humanidade está vivendo uma crise global de civilidade.	13402708	L’humanité traverse une crise mondiale de civilité.
13405599	Essa obra trata de um assunto explosivo e muitas vezes também doloroso.	13405655	Cet ouvrage traite d’un sujet explosif et souvent douloureux.
