1346236	Trebuie să mă duc la culcare.	4368	Devo andare a dormire.
12335813	Nu-ți fă griji.	4376	Non ti preoccupare.
12335815	Nu te preocupa.	4376	Non ti preoccupare.
2536168	Nu sunt artist. N-am avut niciodată talent pentru asta.	4382	Non sono un artista. Non ho mai avuto lo spirito per queste cose.
2536369	Te rog, nu plânge.	4395	Ti prego, non piangere.
2536400	Ești un înger!	4397	Sei un angelo!
2536424	A nu se deschide înainte de oprirea trenului.	4400	Non aprire prima che il treno sia fermo.
399597	Vorbești italiană?	4404	Parli italiano?
12335824	Nu-i dubiu că totul e infinit.	4411	Non c'è dubbio che il tutto è infinito.
406808	Cum te numești?	4427	Come ti chiami?
2536520	Nu e vina mea!	4429	Non è colpa mia!
1159846	E foarte sexy.	4441	È molto sexy.
2536615	Nota de plată, vă rog.	4446	Il conto, per favore.
2536623	Diseară mergem la biserică.	4450	Stasera andiamo in chiesa.
2536629	E prea scump!	4454	È troppo caro!
2536705	Cine caută găsește.	4466	Chi cerca trova.
2536714	Nu înțeleg germana.	4469	Non capisco il tedesco.
2536720	Avem papă.	4473	Abbiamo un Papa!
1143557	Nu îmi place să studiez verbe neregulate.	4475	Non mi piace imparare i verbi irregolari.
2536737	Mă faci să visez.	4478	Mi fai sognare.
2536746	Ăsta e adevărul absolut.	4484	È la pura verità.
2536757	Ești genul meu.	4491	Sei il mio tipo.
2536760	Cu cine vorbesc?	4494	Con chi parlo?
12335835	Nu e bine să știi când se va întâmpla ceva neplăcut, de exemplu, că se va merge la dentist sau în Franța.	4497	Non è bene sapere quando qualcosa di sgradevole accadrà, per esempio che si andrà dal dentista o in Francia.
12335837	Părinții mei l-ar renega pe fratele meu dacă ar descoperi că este gay.	4501	I miei genitori rinnegherebbero mio fratello se scoprissero che è gay.
1143561	Îmi place foarte mult munca mea.	4502	Mi piace molto il mio lavoro.
12335839	Pentru un moment am crezut că înnebunise.	4504	Per un momento ho pensato che fosse impazzito.
12335843	Câte chifle rămân?	4505	Quanti panini rimangono?
12335844	Câte sandvișuri rămân?	4505	Quanti panini rimangono?
12335845	Vreau o caramea.	4506	Voglio una caramella.
1143563	Nu îmi place școala.	4507	Non mi piace la scuola.
12335846	A dispărut fără să lase urme.	4508	È scomparso senza lasciare tracce.
12335849	Ar fi trebuit să refuzi o propunere atât de nedreaptă.	4509	Avresti dovuto rifiutare una proposta così ingiusta.
12335850	Esența matematicii este libertatea.	4510	L'essenza della matematica è la libertà.
12335852	Esența libertății este matematica.	4512	L'essenza della libertà è la matematica.
12335853	Are o față ca de înmormântare.	4515	Ha una faccia da funerale.
12335855	Calieri, Tonelli și Fubini nu-mi plac în continuare... iar mâine am deja examenul oral de analiză.	4517	Continuano a non piacermi Cavalieri, Tonelli e Fubini... e domani ho già il mio esame orale di analisi.
12335856	La ora asta e un trafic incredibil.	4518	A quest'ora, c'è un traffico incredibile.
12335859	Vreau să-mi recuperez obiectele de valoare.	4519	Voglio recuperare i miei oggetti di valore.
12335860	Vreau să recuperez obiectele mele de valoare.	4519	Voglio recuperare i miei oggetti di valore.
12335863	Ai idee pe unde mi-am pus cheile?	4520	Sapresti per caso dove ho messo le mie chiavi?
12335864	Cred că e bine că încă există cărți, dar mă fac să-mi vină somnul.	4521	Penso che sia un bene che i libri esistano ancora, però mi fanno venire voglia di dormire.
12335867	Adresați-vă colegului meu.	4522	Si rivolga al mio collega.
12335868	Dosarul a fost trimis la minister.	4523	Il dossier è stato inviato al Ministero.
12335870	Sunt curajoși doar cu vorba.	4524	Sono coraggiosi solo a parole.
3744611	Cine râde la urmă, râde mai bine.	4538	Ride bene chi ride ultimo.
2705590	Mai bine mai târziu decât niciodată.	4567	Meglio tardi che mai.
3771990	Toate drumurile duc la Roma.	4573	Tutte le strade portano a Roma.
6541835	Ai vrea să vii?	4623	Ti piacerebbe venire?
6541844	Am mâncat caviar.	4634	Ho mangiato del caviale.
5172868	Poftiți restul.	4642	Ecco il resto.
6541854	Fata asta și-a schimbat înfățișarea.	4663	Questa ragazza ha cambiato look.
2507828	Salut, Tom.	119811	Ciao, Tom.
902149	Cred că am înţeles.	335155	Penso di aver capito.
4289727	Ce?	338447	Cosa?
399603	Vorbiți engleză?	348758	Parla inglese?
5092339	Tatăl meu ajunge de obicei acasă la șase.	350361	Di solito mio padre torna a casa alle sei.
1143547	Îmi place fizica și îmi place matematică chiar mai mult.	350518	Mi piace la fisica, e mi piace ancora di più la matematica.
11472803	Tom zace bolnav în pat.	350526	Tom è a letto malato.
1136973	Nu poți să-l amâni pe mâine?	350554	Non puoi rimandarlo a domani?
1143565	Îmi place mult viața de la oraș.	350839	Mi piace molto la vita di città.
1143567	Îmi place să merg cu trenul.	351161	Mi piace andare in treno.
7772913	Cât costă ceasul acesta?	353215	Quanto costa questo orologio?
448465	Nu vorbesc japoneza.	353408	Non parlo giapponese.
1435040	Eu sunt vegetariană.	367939	Sono vegetariana.
1143569	Îmi place să dorm.	373410	Mi piace dormire.
10989201	Am văzut un câine.	373496	Ho visto un cane.
2634896	Nu am pisică.	373503	Non ho un gatto.
1143573	Nu îmi place acest ceas.	373516	Non mi piace questo orologio.
1143262	Aceea e școala mea.	373715	Questa è la mia scuola.
2536493	Am un vis.	373735	Ho un sogno.
1143575	Îmi place jazzul.	373753	Mi piace il jazz.
1143584	Îmi place să cânt la pian.	373823	Mi piace suonare il piano.
1144648	Îmi place să fac pianul să sune.	373823	Mi piace suonare il piano.
3207727	Aceste cărți sunt noi.	373838	Questi libri sono nuovi.
3372464	Nu înțeleg.	373882	Non capisco.
1327094	Eu sunt liber.	373956	Sono libero.
8190306	Sunt liber.	373956	Sono libero.
3166849	Un weekend plăcut!	374036	Buon fine settimana.
1143595	Nu îmi place acest aparat fotografic.	374261	Non mi piace questa macchina fotografica.
1137014	Îmi place să joc tenis.	374320	Mi piace giocare a tennis.
1143600	Îmi place tenisul.	374327	Mi piace il tennis.
1143602	Mi-ar plăcea să joc tenis.	374331	Mi piacerebbe giocare a tennis.
4228173	Picasso este un artist celebru.	374416	Picasso è un artista famoso.
3624705	Perfect!	374568	Perfetto!
3608128	Nu este uşor să vorbeşti engleza.	374582	Parlare inglese non è facile.
2637054	Școala noastră are 80 de ani.	374683	La nostra scuola ha ottant'anni.
9014836	Am optsprezece ani.	374688	Ho diciotto anni.
1056803	Nimănui nu-i place războiul.	375387	Nessuno ama la guerra.
487293	Nimeni nu trăiește in această casă.	375396	Nessuno abita in questa casa.
3319911	Noapte bună. Vise dulci.	375634	Buona notte. Sogni d'oro.
399614	Noapte bună, mamă.	375635	Buona notte, mamma.
5098279	Îmi era tare sete și am vrut să beau ceva rece.	375684	Avevo molta sete e volevo bere qualcosa di freddo.
1136638	Cine a scris această scrisoare?	376551	Chi ha scritto questa lettera?
1143605	Nu îmi place primăvara.	376572	Non mi piace la primavera.
3610633	Calculatorul este nou.	376576	Il computer è nuovo.
487008	Eu nu știu.	376605	Non so.
2536411	E o surpriză.	376617	È una sorpresa.
1143609	Aș vrea să am o mașină.	376643	Mi piacerebbe avere una macchina.
12732611	Mama lui avea dreptate.	377145	Sua madre aveva ragione.
5092657	Mama mea e o foarte bună bucătăreasă.	377159	Mia madre è una cuoca molto brava.
5185423	Mama mea este în bucătărie.	377170	Mia madre è in cucina.
3498126	Este foarte bolnav.	377248	È molto malato.
2708227	Nu, sunt obosit.	377266	No, sono stanco.
446563	Ești ocupat?	378653	Sei occupato?
5113111	Ai primit scrisoarea mea?	378684	Hai ricevuto la mia lettera?
1136989	Am un apetit scăzut.	378690	Ho poco appetito.
399604	Vorbești engleză?	379133	Parli inglese?
399603	Vorbiți engleză?	379134	Parlate inglese?
584852	Casa sa este foarte modernă.	379258	La sua casa è molto moderna.
3627267	Ea este fericită.	379530	È felice.
3627272	El este fericit.	379530	È felice.
3708064	Sunt trist.	379543	Sono triste.
4616914	Sunt mort de foame.	379690	Ho una fame terribile.
2536609	Cine vrea niște ciocolată caldă?	379725	Chi vuole una cioccolata calda?
1143612	Îmi place ciocolata.	379726	Mi piace la cioccolata.
1192819	Alerg în fiecare zi.	379881	Corro tutti i giorni.
399623	Bună, ce faci?	380136	Ciao, come stai?
13095205	Cina este gata.	380182	La cena è pronta.
1143614	Îmi place rockul.	380207	Mi piace il rock.
1143619	Îmi place muzica pop.	380209	Mi piace la musica pop.
2536142	Asta-i pentru că ești fată.	380347	È perché sei una ragazza.
2568444	Nu vreau să merg la școală.	380447	Non voglio andare a scuola.
2536069	Am fost în munți.	380463	Ero in montagna.
4816702	El este un pictor.	380547	È un pittore.
3608136	Este o floarea-soarelui.	380621	È un girasole.
4602542	O masă fără vin este ca o zi fără soare.	380628	Un pasto senza vino è come una giornata senza sole.
4272521	E deșteaptă cu-adevărat, nu-i așa?	380631	È davvero intelligente, vero?
2536282	Urăsc chimia.	380904	Detesto la chimica.
7726519	Astăzi ninge.	380928	Oggi nevica.
1136563	Nava transportă materie primă din Indonezia.	381357	La nave trasporta materie prime dall'Indonesia.
399605	Mulțumesc!	382055	Grazie!
4701404	Mulțumesc.	382055	Grazie!
11938995	Un pisoi era șezut pe scaun.	382109	Un gatto era seduto sulla sedia.
11938996	O pisică stătea pe scaun.	382109	Un gatto era seduto sulla sedia.
399593	„Mulțumesc.” — „Cu plăcere.”	382154	"Grazie." "Prego."
506866	”Mulțumesc.” ”Cu plăcere.”	382154	"Grazie." "Prego."
399593	„Mulțumesc.” — „Cu plăcere.”	382155	"Grazie." "Di niente."
506866	”Mulțumesc.” ”Cu plăcere.”	382155	"Grazie." "Di niente."
382293	Toate ființele umane se nasc libere și egale în demnitate și în drepturi. Ele sunt înzestrate cu rațiune și conștiință și trebuie să se comporte unele față de altele în spiritul fraternității.	382156	Tutti gli esseri umani nascono liberi ed eguali in dignità e diritti. Essi sono dotati di ragione e di coscienza e devono agire gli uni verso gli altri in spirito di fratellanza.
382292	Unu, doi, trei, patru, cinci, șase, șapte, opt, nouă, zece.	382172	Uno, due, tre, quattro, cinque, sei, sette, otto, nove, dieci.
3175094	Sunt un băiat timid.	382283	Sono un ragazzo timido.
399622	Bună seara, ce mai faceți?	382390	Buonasera, come state?
3507547	Sunt foarte curios.	382401	Sono molto curioso.
399618	Mulțumesc foarte mult!	382974	Grazie mille!
1327090	De ce nu?	383500	Perché no?
1418732	Sora mea cea mică are doi copii, ceea ce înseamnă că am doi nepoți.	383876	La mia sorella minore ha due figli, il che significa che io ho due nipoti.
6605814	Noua lui carte va apărea luna viitoare.	385063	Il suo nuovo libro uscirà il mese prossimo.
1143630	Îmi place să mă uit la televizor.	385094	Mi piace guardare la televisione.
2536367	Într-o zi voi alerga ca vântul.	386463	Un giorno correrò come il vento.
3515007	O cafea, vă rog.	386979	Un caffè, per favore.
1288373	A venit ora somnului.	387011	È ora di dormire.
3364273	Bună dimineața, Mike.	387184	Buongiorno, Mike.
1294942	Merge la școală pe jos.	387546	Va a scuola a piedi.
5123364	Nimeni nu m-a ajutat.	388033	Nessuno mi ha aiutato.
2568467	Prea târziu.	388505	Troppo tardi.
2568468	M-am dus ieri la grădina zoologică.	388506	Sono andato allo zoo ieri.
1185144	Concertul va avea loc vara viitoare.	388513	Il concerto avrà luogo l'estate prossima.
1143636	Mi-ar plăcea să cumpăr un Picasso.	388524	Mi piacerebbe comprare un Picasso.
448633	Capitala Italiei este Roma.	391155	La capitale dell'Italia è Roma.
4701420	În sfârșit!	392451	Finalmente!
3610646	Unde este toaleta?	394300	Dov'è la toilette?
1555896	Această bere conţine 5 % alcool.	394338	Questa birra contiene il 5% di alcol.
5299305	Această bere conține 5% alcool.	394338	Questa birra contiene il 5% di alcol.
1137776	Privitul la televizor este distractiv.	395752	Guardare la televisione è divertente.
864957	Doarme ca un bebeluș.	397103	Dorme come un bambino.
399594	Cu plăcere.	397486	Prego.
3607877	Te rog.	397486	Prego.
3607881	Vă rog.	397486	Prego.
399594	Cu plăcere.	397487	Di nulla.
5123459	Toți știu legea.	397739	Tutti conoscono la legge.
3456115	Și acum?	398746	E ora?
702067	Îmi place să călătoresc.	399712	Mi piace viaggiare.
862336	Doar șaisprezece la sută din profesorii acestei școli sunt femei.	409643	Solamente il sedici per cento dei professori di questa scuola sono delle donne.
862341	John a avut o ceartă violentă cu soţia sa.	409644	John ha litigato violentemente con sua moglie.
862343	În general, bărbaţii sunt mai înalţi decât femeile.	409645	Generalmente, gli uomini sono più alti delle donne.
862348	Sora mea a fost o femeie foarte frumoasă.	409647	Mia sorella era una donna molto bella.
862363	Care este populaţia acestui oraş?	409648	Quanto è la popolazione di questa cittadina?
862377	Soția mea a născut un copil săptămâna trecută.	409650	Mia moglie ha avuto un bambino la settimana scorsa.
862378	Soţia sa este franţuzoaică.	409652	Sua moglie è francese.
862379	Am amânat evenimentul.	409653	Abbiamo posposto l'evento.
902140	Acesta e sfârșitul.	410583	Questa è la fine.
3496536	Ken este fericit.	411825	Ken è felice.
411901	Să vedem ce se va întâmpla.	411908	Vediamo cosa succederà.
411915	Dați-mi, vă rog, un bilet pentru spectacolul de la ora șapte.	411920	Mi dia un biglietto per lo spettacolo delle 7 in punto.
411919	Nu pot înțelege ce s-a întâmplat.	411925	Non riesco a capire cosa è successo.
399609	Bună dimineața.	411944	Buongiorno!
2536445	Pot să pun o întrebare?	412889	Posso fare una domanda?
5092499	Tatăl meu lucrează pentru o bancă.	415496	Mio padre lavora per una banca.
1059644	Ar trebui să te lași de fumat.	417546	Dovresti smettere di fumare.
5369311	În caz de incendiu, apăsați pe acest buton.	418230	In caso di incendio, premere questo pulsante.
1136773	- Sunt profesor. - Și eu sunt.	424353	"Sono un insegnante." "Anche io."
8563935	Pot să intru?	427918	Posso entrare?
698945	Cât costă?	439355	Quanto costa?
399610	Bună seara.	443807	Buonasera!
5092604	Iubitul meu este jurnalist.	466536	Il mio ragazzo è un giornalista.
2536748	Mi-e sete.	475693	Ho sete.
5092632	Unde e cartea mea?	481539	Dov'è il mio libro?
13130008	Unde este cartea mea?	481539	Dov'è il mio libro?
4694611	Aș vrea aspirină.	481605	Vorrei dell'aspirina.
399606	Poftă bună!	482560	Buon appetito!
1136994	Sahara este un deșert vast.	493586	Il Sahara è un deserto vasto.
1111128	Sunt traducător.	493610	Sono un traduttore.
5120568	Lecția a doua este ușoară.	499834	La lezione due è facile.
3507548	Sunt foarte curioasă.	504725	Sono molto curiosa.
1089732	Unde este banca?	506017	Dov'è la banca?
2536657	Trecutul poate fi doar cunoscut, nu schimbat. Viitorul poate fi doar schimbat, nu cunoscut.	508214	Il passato può solo essere conosciuto, non cambiato. Il futuro può essere solo cambiato, non conosciuto.
509764	Da.	509772	Sì.
2536360	- Ai încredere în mine, a spus el.	511274	"Fidati di me," disse.
11944591	Pizza e tipul de mâncare potrivit stilului de viață actual.	522514	La pizza è il tipo di cibo adatto allo stile di vita attuale.
6543500	Răspunsul tău e corect.	535861	La tua risposta è corretta.
6543500	Răspunsul tău e corect.	535863	La tua risposta è giusta.
2813224	Traducător, trădător.	541771	Traduttore, traditore.
8774061	Eu sunt profesor.	559590	Sono un professore.
2536062	Muiriel are acum 20.	565607	Muiriel ha 20 anni adesso.
5120568	Lecția a doua este ușoară.	568645	La seconda lezione è facile.
3110802	Educația în lume mă dezamăgește.	568678	L'educazione in questo mondo mi delude.
2536086	Întotdeauna mi-au plăcut mai mult personajele misterioase.	570609	Mi sono sempre piaciuti di più i personaggi misteriosi.
1108692	Pe mâine!	602014	A domani.
10989208	Câte mere?	607482	Quante mele?
4843316	Nu am putut dormi din cauza căldurii.	608912	Non sono riuscito a dormire per il caldo.
2705124	Am o fiică.	609122	Ho una figlia.
12914706	Am o fată.	609122	Ho una figlia.
8732135	Este gratuit?	610009	È gratuito?
1048537	La început a făcut Dumnezeu cerul și pământul.	610752	In principio Dio creò il cielo e la terra.
5201035	Mulțumesc pentru explicație.	611919	Grazie per la spiegazione.
3610763	E timpul pentru ea să meargă acasă.	616019	È tempo per lei di andare a casa.
1143125	Doctorul este un om cult.	619948	Il dottore è un uomo di cultura.
2795243	Ianuarie, februarie, martie, aprilie, mai, iunie, iulie, august, septembrie, octombrie, noiembrie și decembrie sunt cele douăsprezece luni ale anului.	620626	Gennaio, febbraio, marzo, aprile, maggio, giugno, luglio, agosto, settembre, ottobre, novembre e dicembre sono i dodici mesi dell'anno.
407958	Copiii noștri sunt la școală, unde sunt ai dumneavoastră?	621006	I nostri bambini sono a scuola; dove sono i vostri?
4694528	Zilele săptămânii sunt: luni, marți, miercuri, joi, vineri, sâmbătă, duminică.	621721	Lunedì, martedì, mercoledì, giovedì, venerdì, sabato, domenica sono i sette giorni della settimana.
3521501	Bine. Și tu?	625126	Bene. E tu?
3209270	Trebuie să-mi pun ceasul înainte cu două minute.	630521	Devo mettere il mio orologio avanti di due minuti.
7726502	Va ninge la noapte?	634293	Nevicherà stanotte?
1143235	Jimmy e cu doi ani mai mic ca mine.	634463	Jimmy è più giovane di me di due anni.
5123417	Nimeni nu poate rezolva această problemă.	634679	Nessuno può risolvere questo problema.
864957	Doarme ca un bebeluș.	635248	Sta dormendo come un bambino.
1136995	Nu cunosc numele lui.	637217	Non conosco il suo nome.
5092378	Camera tatălui meu e foarte mare.	640292	La stanza di mio padre è molto grande.
1136996	Îl voi face prin toate mijloacele posibile.	641571	Lo farò con tutti i mezzi possibili.
1982042	Uraşte morcovii.	642659	Odia le carote.
5092331	Tatăl meu este întotdeauna ocupat.	643119	Mio padre è sempre impegnato.
3869060	În timp ce tăiam cepele, mi-au dat lacrimile.	645035	Mi sono venute le lacrime agli occhi quando stavo tagliando le cipolle.
670697	E ieftin, nu-i aşa?	645550	È economico, vero?
1561499	O săptămână are șapte zile.	653772	Una settimana ha sette giorni.
1428385	De ce este cerul albastru?	653907	Perché il cielo è blu?
1137592	Această fabrică produce piese auto.	658415	Questa fabbrica produce pezzi per automobili.
1137539	Mulțumesc pentru informație.	659892	Grazie per l'informazione.
1163892	Un An Nou fericit!	670999	Buon anno nuovo!
4980435	Domnișoarele primele!	671000	Prima le donne!
5201023	Am cumpărat pâine proaspătă.	672477	Ho comprato del pane fresco.
4847248	Trebuie sa învăț japoneza.	672491	Devo imparare il giapponese.
2705011	Unchiul meu a murit de cancer.	672548	Mio zio è morto di cancro.
3607780	Tu ești cel mai înalt.	675683	Tu sei il più alto.
5196930	Eu locuiesc la parter.	677378	Abito al piano terra.
7726514	De ce este zăpada albă?	677747	Perché la neve è bianca?
12415134	De ce este albă zăpada?	677747	Perché la neve è bianca?
4209112	Zilele sunt mai lungi decât nopțile.	678087	I giorni sono più lunghi delle notti.
9014842	Am douăzeci și șapte de ani.	688378	Ho 27 anni.
12642759	Odihnește-te în pace.	692912	Riposa in pace.
986477	Te iubesc foarte mult.	692919	Ti amo tantissimo.
2536062	Muiriel are acum 20.	697530	Muiriel ha 20 anni ora.
1163892	Un An Nou fericit!	697544	Felice anno nuovo!
698950	Am 2 frați.	698553	Ho due fratelli.
1064398	El s-a mutat în cartierul meu.	701143	Si è trasferito nel mio quartiere.
1143609	Aș vrea să am o mașină.	702313	Vorrei avere un'automobile.
4209571	Vreau să mănânc ceva.	702870	Voglio qualcosa da mangiare.
1138150	Am un cadou frumos să-ți ofer.	704761	Ho un bel regalo da darti.
2705559	Iarăși plouă.	705890	Sta piovendo di nuovo.
1192819	Alerg în fiecare zi.	707352	Corro ogni giorno.
1136709	Nimic nou sub soare.	708274	Nulla di nuovo sotto il sole.
2705584	Mă simt fericit când sunt cu tine.	708278	Mi sento felice quando sono con te.
2705589	Mâine este ultima zi de școală.	708291	Domani è l'ultimo giorno di scuola!
1346236	Trebuie să mă duc la culcare.	710678	Devo andare a letto.
1137012	Și el învață chineza.	713205	Studia anche cinese.
1137012	Și el învață chineza.	713206	Lui studia anche cinese.
902157	Dar cafeaua nu este bună.	713295	Ma il caffè non è buono.
2705298	Pare tânăr.	714552	Sembra giovane.
2705298	Pare tânăr.	714553	Lui sembra giovane.
5184420	De ce ai nevoie de un nou televizor?	715145	Perché hai bisogno di una nuova televisione?
5184420	De ce ai nevoie de un nou televizor?	715146	Perché avete bisogno di una nuova televisione?
10989215	Am cumpărat-o ieri.	715703	L'ho comprato ieri.
10989215	Am cumpărat-o ieri.	715704	L'ho comprata ieri.
698971	Am două cărți.	717436	Ho due libri.
583911	Sunt un vegetarian care mănâncă tone de carne.	719204	Io sono un vegetariano che mangia una tonnellata di carne.
583911	Sunt un vegetarian care mănâncă tone de carne.	719205	Sono un vegetariano che mangia una tonnellata di carne.
8774111	Este amiază.	724459	È mezzogiorno.
3614253	Casa aceasta are grădină?	726379	La casa ha un giardino?
3873465	Drum bun.	729190	Buon viaggio!
4811961	Știu ce am făcut.	733890	So che cosa ho fatto.
1136971	Roagă-te și muncește.	735182	Prega e lavora.
3255370	Sunt John.	737645	Sono John.
1056800	Este o persoană agresivă.	738164	È una persona aggressiva.
2507849	Noapte bună.	745294	Buona notte!
1136972	Piciorul lui rănit a început să sângereze din nou.	750218	La sua gamba ferita cominciò a sanguinare ancora.
1185112	Germania este o țară rece.	753282	La Germania è un paese freddo.
1138057	Sunt mereu sub presiune.	753294	Sono sempre sotto tensione.
1119696	Vorbești chineza?	756687	Parli cinese?
7726691	Se simțea obosit.	760528	Si sentì stanco.
1136976	Maşina asta veche e tot timpul stricată.	761469	Questa vecchia automobile è sempre rotta.
1136979	Mi-a prezentat-o pe fiica sa.	777545	Mi ha presentato sua figlia.
3103133	El este responsabil pentru acest accident de mașină.	798107	Egli è responsabile di questo incidente d'auto.
8820112	Florile sunt galbene.	801712	I fiori sono gialli.
2639121	Pisica este sub masă.	801731	Il gatto è sotto il tavolo.
610922	Micul dejun este gata.	809575	La colazione è pronta.
1143645	Ken joacă tenis?	814070	Ken gioca a tennis?
4144486	Mi-am terminat prânzul repede.	823493	Ho finito il mio pranzo velocemente.
2317649	Am un dicționar.	823552	Ho un dizionario.
5185429	Autorul e brazilian.	824087	L'autore è brasiliano.
1136986	Sunteți din Hokkaido, nu-i așa?	827247	Lei è di Hokkaido, vero?
1195198	Sunt foarte flămând.	828741	Ho molta fame.
1136709	Nimic nou sub soare.	830743	Niente di nuovo sotto il sole.
862783	Poţi să îmi coşi aceşti nasturi?	833551	Potreste cucirmi questi bottoni?
1089735	Pavel a fost născut în Roma.	835933	Paolo è nato a Roma.
3678498	Acest trandafir este foarte frumos.	836696	Questa rosa è molto bella.
4617821	Sunt curioasă.	838286	Sono curiosa.
8436179	Adevărul?	838654	La verità?
5092527	Tatălui meu îi place pizza foarte mult.	840007	A mio padre piace molto la pizza.
584821	Vreau sa-ți povestesc ceva ciudat.	840409	Voglio dirti qualcosa di strano.
1136978	Am confecționat o păpușă pentru Anna.	841275	Ho fatto una bambola per Anna.
2635064	Mănânc pâine.	843519	Mangio del pane.
857386	Tango-ul este o exprimare verticală a unei dorinţe orizontale.	845769	Il tango è la manifestazione verticale di un desiderio orizzontale.
702067	Îmi place să călătoresc.	848539	Amo viaggiare.
11827674	Ai lucrat ieri?	851738	Hai lavorato ieri?
1136974	Fiecare generație râde de obiceiurile trecute, dar urmează cu religiozitate pe cele noi.	859607	Ogni generazione ride delle vecchie mode, ma segue religiosamente le nuove.
1997724	Unde sunt ei?	860643	Dove sono?
3491793	Unde sunt?	860643	Dove sono?
1185248	Un măr pe zi ține doctorul departe.	860672	Una mela al giorno leva il medico di torno!
1192810	E o treabă grea și murdară.	868148	È un lavoro difficile e sporco.
1151816	E ușor.	869107	È facile.
3610354	Vreau să trăiesc în Italia.	876194	Voglio vivere in Italia.
3610354	Vreau să trăiesc în Italia.	876196	Voglio abitare in Italia.
6296033	Vreau să locuiesc în Italia.	876196	Voglio abitare in Italia.
2317655	Salut tuturor!	878725	Buongiorno a tutti.
6545866	Nu te pot minți.	890943	Non posso mentirvi.
1136993	Studiul filozofiei aparține disciplinelor umanistice.	893712	Lo studio della filosofia appartiene alle discipline umanistiche.
3154122	Poți să-mi dai sarea, te rog?	894757	Potrebbe passarmi il sale, per favore?
5189801	Cine este de serviciu astăzi?	898084	Chi è di servizio oggi?
1124688	Nick nu trebuie să vină la biroul meu.	899428	Nick non ha bisogno di venire nel mio ufficio.
5125027	De ce crezi că animalelor le e frică de foc?	900603	Perché pensi che gli animali abbiano paura del fuoco?
1418722	Toți ne-am născut nebuni.	906065	Siamo tutti nati pazzi.
1153853	A făcut-o pentru sora lui.	906340	L'ha fatta per sua sorella.
610873	Dacă plouă diseară, nu plec de acasă.	908404	Se stasera piove, non esco di casa.
5406411	Cine este politicianul tău preferat?	908811	Chi è il tuo politico preferito?
1136656	Întotdeauna e cineva care vorbește.	910689	C'è sempre qualcuno che parla.
8190307	Sunt liberă.	920334	Sono libera.
8410376	Cei puternici trebuie să-i ajute pe cei slabi.	920661	Il forte deve aiutare il debole.
406001	Astăzi vremea e frumoasă.	928117	Oggi il tempo è bello.
411894	Când veți merge în România, o să vedeți mai multe.	928147	Quando andrai in Romania, vedrai di più.
10669272	Spune adevărul întotdeauna.	934440	Lui dice sempre la verità.
411946	Merg la serviciu în fiecare zi.	934492	Vado al lavoro ogni giorno.
1138197	Sunt mai bun ca tine.	934595	Io sono meglio di te.
488770	Persoanele sub 18 ani nu se pot căsători.	935992	Le persone al di sotto dei 18 anni non possono sposarsi.
709928	Ce n-aş face ca să vă scot pe amândoi din încurcătură?	938025	Che cosa non farei per tirarvi entrambi fuori dai guai?
405840	Am trecut pe la librărie și mi-am cumpărat o carte interesantă.	938377	Sono andato alla libreria ed ho comprato un libro interessante.
405840	Am trecut pe la librărie și mi-am cumpărat o carte interesantă.	938378	Sono andata alla libreria ed ho comprato un libro interessante.
11726706	Am timp mâine dimineață.	945593	Ho tempo domani mattina.
11726706	Am timp mâine dimineață.	945594	Ho tempo domattina.
2536433	Sărac nu e cel care are prea puțin, ci acela care vrea prea mult.	946325	Il povero non è quello che ha troppo poco, ma quello che vuole troppo.
5200511	Nu pot să beau alcool.	946789	Non posso bere alcool.
5165891	De asemenea, el vorbește rusa.	947585	Sa anche parlare il russo.
5165891	De asemenea, el vorbește rusa.	947586	Lui sa anche parlare il russo.
709911	Sunt epuizat.	949559	Sono esausto.
949079	Maja Keuc este o cântăreață bună.	949659	Maja Keuc è una buona cantante.
3873644	Nu citesc cărți.	960340	Non leggo libri.
3873644	Nu citesc cărți.	960342	Io non leggo libri.
1143565	Îmi place mult viața de la oraș.	962413	Mi piace davvero la vita di città.
1153849	Vreau un masaj. Am nevoie să mă relaxez.	967388	Voglio un massaggio. Ho bisogno di rilassarmi.
8563938	Intră. Insist.	967829	Entra. Insisto.
924379	Sună-mă dacă ai nevoie de ajutor.	968069	Chiamami se hai bisogno di aiuto.
1137002	Maşinii noastre i se va termina benzina în 2 minute.	971622	La nostra automobile finirà la benzina tra 2 minuti.
4446923	El are multă experiență ca medic.	977755	Ha molta esperienza pratica come dottore.
4446923	El are multă experiență ca medic.	977757	Lui ha molta esperienza pratica come dottore.
2536609	Cine vrea niște ciocolată caldă?	978794	Chi vuole della cioccolata calda?
864505	Lipsa banilor este rădăcina tuturor relelor.	979792	La mancanza di denaro è la radice di ogni male.
10617991	Am văzut o fată cu păr lung.	979826	Ho visto una ragazza con i capelli lunghi.
1137521	Vorbește un pic limba arabă.	980101	Lei parla un po' l'arabo.
1347177	Sper.	987600	Lo spero.
2705588	Nu am computer acasă.	987797	Non ho un computer a casa.
3425285	Înțeleg.	991855	Capisco.
3425285	Înțeleg.	991856	Io capisco.
986482	El știe tot.	992950	Sa tutto.
986482	El știe tot.	992953	Lui sa tutto.
1136991	Încetinește sau iei amendă.	994733	Rallenta o prenderai una multa.
2536491	Parisul este cel mai frumos oraș din lume.	995510	Parigi è la più bella città del mondo.
4545665	Nu iese fum fără foc.	996051	Non c'è fumo senza fuoco.
1136997	Fachirul s-a așezat pe cuie cu mare ușurință.	997463	Il fachiro si è seduto sui chiodi con estrema facilità.
4816702	El este un pictor.	998807	Lui è un pittore.
3660104	Mulțumesc frumos.	999243	Molte grazie.
4222652	Am citit cartea.	1003086	Ho letto il libro.
4963784	Am un cont de Facebook.	1004168	Ho un account di Facebook.
1136988	Are acces la informația înmagazinată.	1005747	Ha accesso all'informazione immagazzinata.
1136985	Fii atent!	1005816	Stai in guardia.
1143267	Voi pune niște sare în supă.	1020436	Metterò un po' di sale nella zuppa.
1555845	Acasa consum multă bere.	1021855	A casa mia consumiamo molta birra.
1555848	Ne grăbim.	1021860	Siamo di fretta.
1555853	Electronul este o particulă elementară.	1021864	L'elettrone è una particella elementare.
1031105	Îmi place limba occitană.	1031098	Mi piace la lingua occitana.
1136983	Există stele fără număr în galaxie.	1032514	Esistono innumerevoli stelle nella galassia.
6587378	Nu-ți fă griji despre asta. Nu e problema ta.	1052758	Non te ne preoccupare. Non è un tuo problema.
584072	Ea nu are permis de conducere.	1055180	Non ha la patente.
2796572	Am nevoie de ajutor!	1060540	Ho bisogno di aiuto.
4831854	Acest drum duce la Hong Kong.	1062406	Questa strada porta a Hong Kong.
2534186	Sunt doar lacrimi de crocodil.	1063966	Sono solo lacrime di coccodrillo.
2534186	Sunt doar lacrimi de crocodil.	1063967	Sono solamente lacrime di coccodrillo.
1064339	Tom și Mary sunt buni prieteni.	1064341	Tom e Mary sono buoni amici.
9014836	Am optsprezece ani.	1066476	Ho 18 anni.
6582846	Ce oraș frumos!	1066726	Che bella città!
4965822	Totul sau nimic.	1067425	Tutto o niente.
863684	Pentru Dumnezeu!	1071910	Per l'amor di Dio!
1136970	Dacă un bogat înțelege o persoană flămândă? Asta depinde de accent!	1073004	Se un ricco capisce una persona affamata? Questo dipende dalla sua pronuncia.
3697820	Dioxidul de carbon în sine nu este otrăvitor.	1073667	Il diossido di carbonio non è velenoso di per sé.
5130528	Revoluția a dus la o nouă eră.	1073675	La rivoluzione portò ad una nuova era.
1136984	Interzic fumatul în camera mea.	1073984	Proibisco di fumare nella mia stanza.
3584134	La revedere, Sayoko!	1084131	Arrivederci Sayoko!
1137003	Stați acolo!	1084147	Mettetevi là!
8398035	Care este proverbul tău favorit?	1088174	Qual è il tuo proverbio preferito?
1090313	Am fraţi.	1090316	Ho fratelli.
1136999	Un om a scris istoria.	1098096	Un essere umano ha scritto la storia.
11522465	O ființă umană a scris povestea.	1098096	Un essere umano ha scritto la storia.
10552707	Idea lui este mai bună ca a ta.	1100326	La sua idea è migliore della tua.
2639025	Mănânc un măr.	1102335	Mangio una mela.
1130792	A tăiat coarda cu dinţii.	1104253	Ha tagliato la corda con i denti.
3624535	Sunt Tom Hunter.	1109797	Sono Tom Hunter.
5208448	Nu am nimic de pierdut.	1113702	Non ho niente da perdere.
5208448	Nu am nimic de pierdut.	1113703	Non ho nulla da perdere.
1136998	Sunt nebună să amân.	1116880	Sono pazza a rimandare.
4837064	El este puternic.	1117320	È forte.
8436191	Filmul începe.	1118086	Comincia il film.
4697421	Toma a trăit în Boston pentru aproape zece ani.	1122084	Tom ha vissuto a Boston per quasi dieci anni.
2679250	Atenție!	1123860	Attenzione!
1136968	Tom avea intenția să meargă iar la Boston.	1123982	Tom aveva intenzione di andare di nuovo a Boston.
406021	Românii din Transilvania vorbesc foarte lent.	1129029	I rumeni dalla Transilvania parlano molto lentamente.
406021	Românii din Transilvania vorbesc foarte lent.	1129030	I rumeni della Transilvania parlano molto lentamente.
12914444	Un frate am.	1129085	Ho un fratello.
5238990	Tom știe că Mary a plecat la Boston.	1131699	Tom sa che Mary è andata a Boston.
8567477	E Parisul departe?	1131790	È lontana Parigi?
399593	„Mulțumesc.” — „Cu plăcere.”	1132100	"Grazie." "Non c'è di che."
506866	”Mulțumesc.” ”Cu plăcere.”	1132100	"Grazie." "Non c'è di che."
3607930	Tu poți să citești această carte.	1132127	Puoi leggere questo libro.
5200489	E prea târziu ca să-ți ceri scuze acum.	1132381	È troppo tardi scusarsi adesso.
1137752	Epistemologia este o ramură a filozofiei.	1137757	L'epistemologia è una branca della filosofia.
1138194	Mănânc fructe și beau apă.	1138033	Mangio frutta e bevo acqua.
1138198	Am dormit până la 7 și jumătate.	1138186	Abbiamo dormito fino alle 7 e mezza.
864957	Doarme ca un bebeluș.	1142972	Lui sta dormendo come un bambino.
2040373	Băiatul înoată cu prietenii săi.	1148423	Il ragazzo nuota con i suoi amici.
5184423	De ce ai cumpărat flori?	1152913	Perché hai comprato dei fiori?
9027647	Nu?	1158519	No?
5324661	Aș vrea să vorbesc cu Jean.	1159967	Vorrei parlare con Jean.
11949465	Vă voi face fericiți.	1167118	Vi renderò felici.
1294684	Și eu îl vreau!	1168253	Lo voglio anche io!
3175089	Sunt un om liber.	1170292	Sono un uomo libero.
5189825	Iubesc golful.	1171845	Amo il golf.
5349458	Tom nu-mi va împrumuta banii de care am nevoie.	1177775	Tom non mi presterà i soldi di cui ho bisogno.
5349453	Tom era impresionat.	1177776	Tom era impressionato.
4303265	Am iubit cartea aceea!	1193859	Ho amato quel libro!
2863725	A pierdut trenul de la opt și jumătate.	1194592	Ha perso il treno delle otto e mezza.
862343	În general, bărbaţii sunt mai înalţi decât femeile.	1208986	In generale gli uomini sono più alti delle donne.
862343	În general, bărbaţii sunt mai înalţi decât femeile.	1208987	Generalmente gli uomini sono più alti delle donne.
2507839	Este un prieten de-al meu.	1221322	Questo è un mio amico.
1806660	În sfârşit e vineri.	1221345	Finalmente è venerdì.
5370039	E o poveste vagă.	1238457	È una storia vaga.
2536700	Vântul s-a calmat.	1239673	Il vento si è calmato.
2536700	Vântul s-a calmat.	1239674	Il vento si calmò.
6547789	Era un vânt puternic.	1239690	C'era un forte vento.
11939004	E incredibil cum anumite persoane nu se spală.	1239995	È incredibile come certa gente non si lavi.
584013	Nu vreau să fiu văzut în compania lui.	1240636	Non voglio essere visto con lui.
584013	Nu vreau să fiu văzut în compania lui.	1240637	Non voglio essere vista con lui.
3415550	Sunteți ocupată?	1243812	Sei occupata?
5185412	Cred că e furios.	1246390	Penso che sia arrabbiato.
5185412	Cred că e furios.	1246392	Penso che lui sia arrabbiato.
8585101	El e departe de casă.	1246664	È lontano da casa.
8585101	El e departe de casă.	1246665	Lui è lontano da casa.
1138145	Îmi place mai mult cafeaua.	1246787	Mi piace di più il caffè.
902145	Ești o fată drăguță.	1247321	Sei una ragazza carina.
2536409	Îl voi lua.	1250470	Lo prenderò.
3607744	Ăsta e perfect.	1252589	È perfetto.
5321551	Mâine e sâmbătă?	1254509	Domani è sabato?
1143262	Aceea e școala mea.	1255406	Quella è la mia scuola.
6017155	Paște fericit!	1255508	Buona Pasqua!
3172743	Aceasta este o carte.	1255621	Questo è un libro.
3175616	Ești serioasă?	1256346	È seria?
3175089	Sunt un om liber.	1260046	Io sono un uomo libero.
4987446	Săptămâna s-a terminat.	1266047	La settimana è finita.
4298311	Tom este mândru de Maria.	1267753	Tom è fiero di Mary.
1111388	E o zi frumoasă.	1271115	È una bella giornata.
3614405	Revin.	1271695	Tornerò.
6547791	Ei vând pește și carne.	1273323	Vendono pesce e carne.
6547791	Ei vând pește și carne.	1273324	Loro vendono pesce e carne.
8399220	Totul e liniștit.	1274705	Tutto è calmo.
407947	Prima dată i-am văzut pe fotbaliștii români la Madrid.	1285134	La prima volta che vidi i calciatori romeni fu a Madrid.
9961458	Plouă?	1291302	Piove?
3530502	Sunt serios.	1294866	Sono serio.
3530502	Sunt serios.	1294867	Io sono serio.
3530503	Sunt serioasă.	1294869	Sono seria.
3530503	Sunt serioasă.	1294871	Io sono seria.
1142893	Alb?	1294878	È bianco?
1142893	Alb?	1294879	È bianca?
1133943	Cafeaua este amară.	1295422	Il caffè è amaro.
583826	În fiecare duminică după-amiaza merg la târg.	1295446	Vado al bazar ogni domenica pomeriggio.
4303218	In final, nu este chiar așa de rău.	1300521	Alla fine non è poi così male.
584348	Nu lăsa pe mâine ce poţi face poimâine.	1303406	Non rimandare a domani quello che puoi fare oggi.
698950	Am 2 frați.	1307430	Io ho due fratelli.
6589566	Noi am jucat mai bine.	1307474	Abbiamo giocato meglio noi.
10774516	Care este a mea?	1307801	Qual è la mia?
3610149	Ea spune că va veni mâine.	1308319	Dice che verrà domani.
2634367	Mama gătește în bucătărie.	1309983	La mamma sta cucinando in cucina.
1418715	El m-a lăsat să lucrez în acel birou.	1313292	Lui mi ha lasciato lavorare in quell'ufficio.
3395060	Mâine va ploua.	1316941	Domani pioverà.
12415133	Tom s-a dus în oraș cu autobuzul.	1325717	Tom è andato in città in autobus.
12415133	Tom s-a dus în oraș cu autobuzul.	1325718	Tom andò in città in autobus.
11949419	Apa este compusă din oxigen și hidrogen.	1326319	L'acqua è composta di ossigeno e idrogeno.
6581990	Endorfinele sunt analgezice naturale.	1327133	Le endorfine sono analgesici naturali.
1329366	De atunci, Uniunea a evoluat mult, transformându-se într-o piață unică imensă, cu o monedă comună, euro. Ceea ce a început ca o uniune strict economică a devenit o entitate cu activități în nenumărate domenii, de la ajutor pentru dezvoltare până la politica de mediu.	1329315	Da allora, l'Unione Europea si è trasformata in un immenso mercato unico con una moneta comune, l'euro. Quella che era nata come un'unione puramente economica è diventata un'organizzazione che opera in tutti i campi, dagli aiuti allo sviluppo alla politica ambientale.
2639025	Mănânc un măr.	1339057	Io mangio una mela.
8563935	Pot să intru?	1341509	Permesso?
6826711	El este obișnuit cu munca.	1345012	Lui è abituato al lavoro.
1195198	Sunt foarte flămând.	1345715	Io ho molta fame.
4915989	Germania este în mijlocul Europei.	1345915	La Germania è al centro dell'Europa.
1349538	Uniunea Europeană a fost creată cu scopul de a se pune capăt numărului mare de războaie sângeroase duse de ţări vecine, care au culminat cu cel de-al Doilea Război Mondial.	1349532	L’Unione europea viene posta in essere allo scopo di mettere fine alle guerre frequenti e sanguinose tra paesi vicini, culminate nella seconda guerra mondiale.
1349818	Începând cu anul 1950, ţările europene încep să se unească, din punct de vedere economic şi politic, în cadrul Comunităţii Europene a Cărbunelui şi Oţelului, propunându-şi să asigure o pace durabilă.	1349821	Negli anni Cinquanta la Comunità europea del carbone e dell’acciaio comincia ad unire i paesi europei sul piano economico e politico al fine di garantire una pace duratura.
2536493	Am un vis.	1358793	Io ho un sogno.
7864235	Zborul nostru a fost anulat.	1361177	Il nostro volo è stato cancellato.
1153795	De exemplu, ne lipsește opțiunea „doar cu acest grup de cuvinte”.	1365162	Per esempio, ci manca l'opzione "solo con questo gruppo di parole".
4209161	El are trei frați.	1391359	Ha tre fratelli.
4209161	El are trei frați.	1391360	Lui ha tre fratelli.
7726396	Urăsc zăpada!	1405130	Odio la neve!
12161041	Mergi pe jos?	1415127	Vai a piedi?
862912	Aeroportul a fost închis din cauza ceţei.	1418755	L'aeroporto è stato chiuso a causa della nebbia.
702194	Betty nu poate deosebi binele de rău.	1418761	Betty non può distinguere il bene dal male.
708997	Noaptea a fost atât de rece încât, atunci când m-am întors, eram aproape îngheţat.	1418764	La notte è stata così gelida che al ritorno ero quasi congelato.
1279061	Eu i-am împrumutat lui maşina.	1418766	Gli ho prestato la mia macchina.
1201212	Părinții lor sunt mai în vârstă decât ai noștri.	1418771	I loro genitori sono più vecchi dei nostri.
1346222	Nu o lua ad litteram!	1418776	Non prenderla troppo alla lettera.
1143182	A fost obligată să renunțe la plan.	1418779	E' stata obbligata a rinunciare al piano.
1186856	Din ce în ce mai mulţi oameni promiteau să-l susțină.	1418782	Sempre più gente prometteva di sostenerlo.
1136908	Articolul 6. Președintele va conduce toate întâlnirile.	1418795	Articolo 6. Il presidente presiederà tutti gli incontri.
3626672	Am nevoie la toaletă.	1421914	Devo andare in bagno.
1185098	Tom a fost afară toată ziua.	1432260	Tom è stato fuori tutto il giorno.
1443432	Am citit că preşedintele Braziliei este o femeie. Ea se numeşte Dilma.	1443394	Ho letto che il presidente del Brasile è una donna. Si chiama Dilma.
1435039	Eu sunt vegetarian.	1455473	Io sono vegetariano.
1435040	Eu sunt vegetariană.	1455475	Io sono vegetariana.
11477871	Nu e stânjenit?	1461915	Non è imbarazzato?
5238982	Tom o știe pe Mary foarte bine.	1469187	Tom conosce Mary molto bene.
1137536	Telefonul este deranjat, Domnule Tamori.	1471932	Il telefono è fuori servizio, signor Tamori.
448465	Nu vorbesc japoneza.	1472938	Io non parlo giapponese.
448465	Nu vorbesc japoneza.	1472940	Non parlo il giapponese.
448465	Nu vorbesc japoneza.	1472941	Io non parlo il giapponese.
11484587	Metoda voastră e diferită de a mea.	1475822	Il vostro metodo è differente dal mio.
3395060	Mâine va ploua.	1507034	Domani piove.
1144330	Când încep?	1510487	Quando inizio?
1144330	Când încep?	1510488	Quando comincio?
1144330	Când încep?	1510489	Quando incomincio?
702060	El a ţinut un jurnal în timpul călătoriei.	1512434	Ha tenuto un diario lungo il viaggio.
702060	El a ţinut un jurnal în timpul călătoriei.	1512436	Lungo il viaggio, ha tenuto un diario.
8190739	Asta cred că a durut.	1512800	Quello deve aver fatto male!
8190739	Asta cred că a durut.	1512801	Quella deve aver fatto male!
6764144	L-am întâlnit de multe ori.	1516058	L'ho incontrato molte volte.
11477873	Biroul nostru e pe partea nordică a clădirii.	1517762	Il nostro ufficio è sul lato nord dell'edificio.
2536375	Vreau o barcă care să mă ducă departe de aici.	1518813	Voglio una barca che mi porti lontano da qui.
5172895	Nu am nimic altceva de spus.	1522578	Non ho altro da dire.
5172895	Nu am nimic altceva de spus.	1522579	Io non ho altro da dire.
1291111	Ea este o persoană foarte ciudată.	1524599	È una persona molto strana.
8760519	Învăț Toki Pona.	1530306	Imparo il Toki Pona.
8760519	Învăț Toki Pona.	1530307	Io imparo il Toki Pona.
4830961	Ai auzit de incendiul de ieri?	1535727	Ha sentito dell'incendio di ieri?
10733551	Sunt mulțumită de noul meu costum de baie.	1539221	Sono soddisfatta del mio nuovo costume da bagno.
10903499	Ești la Paris?	1540018	Sei a Parigi?
10846776	Îmi place sunetul pianului.	1541087	Mi piace il suono del pianoforte.
4829379	Nu știi niciodată ce se va întâmpla.	1541448	Non si sa mai cosa potrebbe capitare.
1136961	Mi-ar plăcea să îmi cunoști părinții.	1541526	Voglio farti conoscere i miei genitori.
1137726	Economia Japoniei este încă stabilă.	1544243	L'economia del Giappone è ancora stabile.
1147570	Uite, ninge!	1544960	Guarda, nevica!
5861886	Nu mă tenta.	1545914	Non mi tentare.
3208993	Trebuie să vorbesc cu Tom.	1545934	Devo parlare con Tom.
3208993	Trebuie să vorbesc cu Tom.	1545935	Ho bisogno di parlare con Tom.
8190804	Nu mai sunt somnoros.	1548931	Non ho più sonno.
8190804	Nu mai sunt somnoros.	1548932	Io non ho più sonno.
1138050	Fata a spart fereastra.	1551026	La ragazza ha rotto la finestra.
1124688	Nick nu trebuie să vină la biroul meu.	1559395	Nick non deve venire nel mio ufficio.
7992956	Mă doare inima.	1563040	Il mio cuore è dolente.
5406015	Marea majoritate sunt în favoarea proiectului.	1563053	La grande maggioranza è per il progetto.
5121497	E cineva acasă?	1564192	C'è qualcuno in casa?
5324661	Aș vrea să vorbesc cu Jean.	1566752	Io vorrei parlare con Jean.
1138080	Este mai puțin răbdător decât fratele său.	1567617	È meno paziente di suo fratello.
3241504	El scrie o scrisoare.	1572985	Lui scrive una lettera.
5184434	Cine cântă cântecul ăsta?	1578028	Chi canta quella canzone?
5184434	Cine cântă cântecul ăsta?	1578029	Chi canta questa canzone?
8633529	Sunt mulțumit.	1583509	Sono contento.
2536712	Vinul este poezie îmbuteliată.	1588489	Il vino è poesia imbottigliata.
1138193	Domnule Yamada, sunteți chemat la telefon.	1590582	Signor Yamada, la vogliono al telefono.
6397513	Am dicționarul.	1592303	Ho il dizionario.
7837955	Din nou?	1599152	Di nuovo?
1136515	Îți voi da o zi să te gândești la asta.	1603800	Ti do un giorno per pensarci su.
4828222	Fratele meu mi-a dat o pereche de blugi.	1610250	Mio fratello mi ha dato un paio di jeans.
4694551	Excelent!	1613750	Eccellente!
2705306	Aparatul lui foto este de trei ori mai scump decât al meu.	1614063	Il prezzo della sua macchina fotografica è tre volte quello della mia.
3610354	Vreau să trăiesc în Italia.	1623103	Io voglio vivere in Italia.
3610354	Vreau să trăiesc în Italia.	1623104	Io voglio abitare in Italia.
6296033	Vreau să locuiesc în Italia.	1623104	Io voglio abitare in Italia.
2914760	Vreau să scriu o carte.	1624757	Voglio scrivere un libro.
8760514	Cât de fericit sunt astăzi!	1629012	Come sono felice oggi!
4898460	Dușmanul dușmanului meu este prietenul meu.	1630948	Il nemico del mio nemico è mio amico.
923855	Avem două fete și doi băieți.	1636505	Abbiamo due figlie e due figli.
923855	Avem două fete și doi băieți.	1636506	Noi abbiamo due figlie e due figli.
13007293	Zarurile au fost aruncate.	1647116	Il dado è tratto.
3222638	Bunicul meu a trecut de suta de ani.	1653968	Mio nonno è ultracentenario.
3222640	Auzul unui câine e ultrasensibil.	1653969	L'udito di un cane è ultrasensibile.
3222642	Aceasta este o rază ultraroşie.	1653970	Questo è un raggio ultrarosso.
9062333	Nu înțeleg umorul britanic.	1655387	Non capisco l'umorismo britannico.
9062333	Nu înțeleg umorul britanic.	1655388	Io non capisco l'umorismo britannico.
1056777	Muzica este o parte importantă din viața mea.	1663386	La musica è una parte importante della mia vita.
1056779	Simina cheltuiește mulți bani pe țigări.	1663476	Simina spende molti soldi in sigarette.
1056783	Majoritatea copiilor urăsc școala.	1663488	La maggior parte dei bambini odiano la scuola.
864505	Lipsa banilor este rădăcina tuturor relelor.	1663698	La mancanza di soldi è la fonte di tutto il male.
864505	Lipsa banilor este rădăcina tuturor relelor.	1663699	La mancanza di denaro è la fonte di tutto il male.
2568466	Mâine, voi studia la bibliotecă.	1664565	Domani vado a studiare in biblioteca.
706059	Tu ești prietenul meu.	1664904	Tu sei il mio amico.
7749234	Urșii hibernează pe timpul iernii.	1675492	Gli orsi vanno in letargo durante l'inverno.
5208447	Nu voi pierde nimic.	1680112	Non perderò niente.
5208447	Nu voi pierde nimic.	1680115	Io non perderò niente.
5208447	Nu voi pierde nimic.	1680116	Non perderò nulla.
5208447	Nu voi pierde nimic.	1680117	Io non perderò nulla.
4002268	Nu te iubesc.	1687365	Non ti amo.
3608129	Leul este puternic.	1689078	Un leone è forte.
8760570	Un copil nu este o persoană matură.	1689080	Un bambino non è una persona matura.
1064398	El s-a mutat în cartierul meu.	1689817	Lui si è trasferito nel mio quartiere.
3624535	Sunt Tom Hunter.	1696894	Io sono Tom Hunter.
4209571	Vreau să mănânc ceva.	1697502	Voglio mangiare qualcosa.
4209571	Vreau să mănânc ceva.	1697503	Io voglio mangiare qualcosa.
1195254	Acest televizor e greu.	1701553	Questo televisore è pesante.
2536615	Nota de plată, vă rog.	1702185	Il conto, per piacere.
2568468	M-am dus ieri la grădina zoologică.	1711087	Sono andata allo zoo ieri.
1144299	Ochii de pisică sunt foarte sensibili la lumină.	1718037	Gli occhi dei gatti sono molto sensibili alla luce.
2534189	Școala începe la opt treizeci?	1718275	La scuola comincia alle otto e mezza?
862410	Vaca noastră nu ne dă lapte.	1719677	La nostra vacca non ci dà latte.
8770273	El m-a însoțit până la restaurant.	1730796	Lui mi ha accompagnato fino al ristorante.
4903587	Mă conectez la internet aproape în fiecare zi.	1740582	Mi connetto a Internet quasi ogni giorno.
4903587	Mă conectez la internet aproape în fiecare zi.	1740585	Io mi connetto a Internet quasi ogni giorno.
3610741	Te ador.	1751051	Ti adoro.
3610741	Te ador.	1751052	Io ti adoro.
2536748	Mi-e sete.	1764208	Io ho sete.
1119696	Vorbești chineza?	1767263	Tu parli cinese?
1795255	Trăiască haosul!	1795246	Viva il caos!
2317642	Sora mea nu studiază acum.	1802782	Mia sorella non studia per il momento.
2317642	Sora mea nu studiază acum.	1802785	Mia sorella non sta studiando ora.
2317642	Sora mea nu studiază acum.	1802786	Mia sorella non sta studiando adesso.
3455067	Sora mea cea mare practică fuga în fiecare zi.	1803049	La mia sorella maggiore va a correre tutti i giorni.
3525295	Sora mea mai mare face jogging în fiecare zi.	1803049	La mia sorella maggiore va a correre tutti i giorni.
4963789	Îmi place să studiez limbi străine.	1814081	A me piace studiare le lingue straniere.
9014836	Am optsprezece ani.	1816647	Io ho 18 anni.
9014836	Am optsprezece ani.	1816652	Io ho diciotto anni.
1201131	Slavă Domnului!	1822360	Grazie a Dio!
8962702	Nimic nu este decis încă.	1825034	Niente è ancora deciso.
1826762	“Economia îndepărtează cele două maluri ale Atlanticului”: astfel rezumă La Stampa consecinţele declaraţiilor recente ale lui Barack Obama potrivit cărora slabele perspective de creştere ale Statelor Unite sunt cauzate de proasta gestionare a crizei din zona euro.	1826753	“L’economia allarga l’Atlantico”, titola La Stampa dopo le controverse dichiarazioni di Barack Obama, secondo cui le magre prospettive di crescita negli Stati Uniti sono dovute alla cattiva gestione della crisi dell’eurozona.
4617517	Numele meu este Yamada.	1837346	Il mio nome è Yamada.
5248639	Lui Tom nu-i place cafeaua irlandeză.	1848646	A Tom non piace il caffè irlandese.
4961119	Numele meu este Tom.	1850472	Il mio nome è Tom.
4961121	Mă cheamă Tom.	1850476	Mi chiamo Tom.
4961121	Mă cheamă Tom.	1850478	Io mi chiamo Tom.
1137539	Mulțumesc pentru informație.	1885798	Grazie per le informazioni.
11477878	Azi e puterea statului.	1891482	Oggi è il potere dello Stato.
6582814	Asta este scrisoarea pentru prietenul meu.	1905047	Questa è la lettera per il mio amico.
1119737	Vorbești turca?	1905050	Parli il turco?
1119737	Vorbești turca?	1905051	Tu parli il turco?
1143600	Îmi place tenisul.	1922257	A me piace il tennis.
2536069	Am fost în munți.	1923127	Io ero in montagna.
10498691	Lucrez aici.	1953196	Io lavoro qui.
13095205	Cina este gata.	1966416	La cena è pronta!
3154161	La masă!	1966430	A tavola!
3608128	Nu este uşor să vorbeşti engleza.	1979642	Parlare l'inglese non è facile.
3372464	Nu înțeleg.	1979898	Io non capisco.
5676576	Sunt gay.	1980103	Sono gay.
5676576	Sunt gay.	1980104	Io sono gay.
10747562	Este unul dintre filmele mele preferate.	1985513	È uno dei miei film preferiti.
10747563	E unul dintre filmele mele preferate.	1985513	È uno dei miei film preferiti.
4617821	Sunt curioasă.	1987871	Io sono curiosa.
4204044	Sora lui George mi-a făcut niște sandvișuri.	1991299	La sorella di George mi ha fatto qualche sandwich.
4204044	Sora lui George mi-a făcut niște sandvișuri.	1991301	La sorella di George mi fece qualche sandwich.
5211346	Vreau să știu opinia ta.	1991392	Voglio sapere la tua opinione.
5211346	Vreau să știu opinia ta.	1991393	Io voglio sapere la tua opinione.
10182852	Tom este schizofrenic.	1992691	Tom è schizofrenico.
4222652	Am citit cartea.	1996680	Io ho letto il libro.
8560617	Tom a murit.	1996848	Tom è morto.
9666433	Cum a fost în Hawaii?	1999289	Come sono state le Hawaii?
3650952	Unde e mașina mea?	1999830	Dov'è la mia macchina?
3650952	Unde e mașina mea?	1999831	Dov'è la mia auto?
6981765	Voi plăti dublu.	2001993	Pagherò il doppio.
6981765	Voi plăti dublu.	2001994	Io pagherò il doppio.
1153820	Învăț engleza pe cineva.	2006912	Insegno l'inglese a qualcuno.
1153820	Învăț engleza pe cineva.	2006913	Io insegno l'inglese a qualcuno.
2352972	Tom nu știe.	2009051	Tom non lo sa.
5773040	Luna asta de septembrie a fost foarte ploioasă.	2017579	Questo settembre è stato molto piovoso.
8565882	Nu poți intra.	2018988	Non puoi entrare.
8565882	Nu poți intra.	2018989	Tu non puoi entrare.
8219566	Cine a inventat primul automobil?	2036042	Chi ha inventato la prima automobile?
10746175	Îmi place să fiu pregătit.	2041882	Mi piace essere preparato.
10746175	Îmi place să fiu pregătit.	2041883	A me piace essere preparato.
10746176	Îmi place să fiu pregătită.	2041884	Mi piace essere preparata.
10746176	Îmi place să fiu pregătită.	2041885	A me piace essere preparata.
2536629	E prea scump!	2052943	È troppo cara!
2536629	E prea scump!	2052945	È troppo costoso!
2536629	E prea scump!	2052946	È troppo costosa!
11939020	Cel puțin tac din gură!	2074704	Almeno stiano zitti!
8289259	Lui Tom îi place să se uite la TV seara.	2078726	A Tom piace guardare la televisione la sera.
708960	Este adevărat ceea ce spune.	2087186	Ciò che dice è vero.
9233259	Credeam că Tom era din Boston.	2095200	Pensavo che Tom fosse di Boston.
9233259	Credeam că Tom era din Boston.	2095201	Io pensavo che Tom fosse di Boston.
12704253	Am doi copii.	2126174	Io ho due bambini.
3608127	Nu suntem la cinema.	2137586	Non siamo al cinema.
8002813	Este greu să vorbești în public.	2139673	È difficile parlare in pubblico.
2536142	Asta-i pentru că ești fată.	2147781	Quello è perché sei una ragazza.
2152284	În Belfast există o stradă care se numeşte Madrid şi care se termină brusc în zidul Berlinului. Peretele constă într-o parte de cărămidă, alta de fier şi alta de oţel. Măsoară peste şapte metri înălţime şi se termină cu piroane şi sârmă ghimpată.	2152279	A Belfast c'è una strada che si chiama Madrid e si interrompe all’improvviso davanti al muro di Berlino. La parete consiste in una parte di mattoni più una di ferro e un’altra di acciaio. Misura più di sette metri in altezza ed è decorata con spuntoni e filo spinato.
7726522	Ninge la Paris.	2155606	Nevica a Parigi.
7749218	Iarna vine în curând.	2160163	L'inverno arriverà presto.
9233259	Credeam că Tom era din Boston.	2163819	Credevo che Tom fosse di Boston.
9233259	Credeam că Tom era din Boston.	2163820	Io credevo che Tom fosse di Boston.
2534205	Am avut o vacanță splendidă în Suedia.	2177919	Abbiamo passato una splendida vacanza in Svezia.
2534205	Am avut o vacanță splendidă în Suedia.	2177920	Noi abbiamo passato una splendida vacanza in Svezia.
11484614	Ai mai fost la Okinawa?	2178134	Tu sei mai stata a Okinawa?
5156191	O promisiune e o promisiune.	2178315	Una promessa è una promessa.
3281955	Ieri a fost joi.	2181602	Ieri era giovedì.
670617	Pe ce linie pentru Boston?	2188716	In che binario per Boston?
4453759	Tom este interesant.	2190655	Tom è interessante.
4832022	Tom este bine.	2190997	Tom sta bene.
8399230	Ei sunt calmi.	2191427	Sono tranquilli.
8399230	Ei sunt calmi.	2191428	Loro sono tranquilli.
4228154	Am deschis cutia. Era goală.	2193242	Ho aperto la scatola. Era vuota.
8979850	Este enorm.	2193931	È enorme.
7588166	Nu voi participa la petrecere.	2196450	Non parteciperò alla festa.
11949467	În ce clasă e sora ta?	2196808	In che classe sta tua sorella?
4179146	Ai dormit bine?	2205892	Hai dormito bene?
12914444	Un frate am.	2214834	Io ho un fratello.
6149786	Tom este foarte obosit.	2214896	Tom è molto stanco.
2635056	Mi-am spălat tricoul.	2214915	Ho lavato la mia T-shirt.
11477876	Ei au furnizat bibliotecii multe cărți.	2216677	Loro hanno fornito alla biblioteca molti libri.
11944596	Castronul conține multe tipuri de dulciuri.	2220664	La ciotola contiene molti tipi di dolcetti.
4168105	Tom mănâncă prea multă mâncare nesănătoasă.	2230918	Tom mangia troppo cibo spazzatura.
6570175	El este un om căsătorit.	2252395	È un uomo sposato.
6570175	El este un om căsătorit.	2252396	Lui è un uomo sposato.
3610143	Eu sunt zombi!	2264822	Io sono uno zombi!
12786977	Cât costă biletul?	2272542	Quanto costa il biglietto?
4913355	Unde este telecomanda?	2286959	Dov'è il telecomando?
11478086	Cine suntem noi?	2287037	Chi siamo?
11175308	Riscul este prea mare.	2315500	Il rischio è troppo grande.
4548840	Modul în care se vorbește denotă proveniența socială a locutorului.	2328703	Il modo di parlare mostra la provenienza sociale del locutore.
2346905	Acesta este computerul meu.	2346876	Questo è il mio computer.
4116497	Îmi place zâmbetul tău.	2377780	Mi piace il tuo sorriso.
4116497	Îmi place zâmbetul tău.	2377781	A me piace il tuo sorriso.
2152879	Îmi place brânza.	2394676	Amo il formaggio.
2152879	Îmi place brânza.	2394677	Io amo il formaggio.
2152879	Îmi place brânza.	2394678	Adoro il formaggio.
9098187	Nu am nimic de spus.	2421690	Non ho niente da dire.
9098187	Nu am nimic de spus.	2421691	Io non ho niente da dire.
9098187	Nu am nimic de spus.	2421692	Non ho nulla da dire.
9098187	Nu am nimic de spus.	2421693	Io non ho nulla da dire.
3081377	Am două pisici.	2422703	Ho due gatti.
10989196	Ai cumpărat un câine?	2423720	Hai comprato un cane?
2423795	Mă numesc Emily.	2423791	Mi chiamo Emily.
3004016	Numele meu este Emily.	2423791	Mi chiamo Emily.
3425285	Înțeleg.	2428969	Comprendo.
3425285	Înțeleg.	2428972	Io comprendo.
1346236	Trebuie să mă duc la culcare.	2430277	Io devo andare a letto.
3456115	Și acum?	2432596	E adesso?
2433899	Am hotărât să scriu periodic articole în limba engleză.	2433920	Ho deciso di scrivere regolarmente articoli in inglese.
2433891	Locuiesc în Moldova.	2433959	Io vivo in Moldavia.
1153181	Eu sunt medic. Dumneavoastră?	2435200	Io sono un dottore. E lei?
5126449	E ridicol!	2437235	È ridicolo!
4845055	Ai nevoie de protecție.	2439891	Hai bisogno di protezione.
4845055	Ai nevoie de protecție.	2439892	Tu hai bisogno di protezione.
3610143	Eu sunt zombi!	2448200	Sono uno zombie!
3610143	Eu sunt zombi!	2448201	Io sono uno zombie!
4293327	Tom e gelos.	2455525	Tom è geloso.
3208993	Trebuie să vorbesc cu Tom.	2459443	Io devo parlare con Tom.
3208993	Trebuie să vorbesc cu Tom.	2459444	Io ho bisogno di parlare con Tom.
3103124	Nimeni nu mă poate ajuta vreodată.	2465259	Nessuno riesce mai ad aiutarmi.
3103124	Nimeni nu mă poate ajuta vreodată.	2465260	Nessuno può mai aiutarmi.
2536609	Cine vrea niște ciocolată caldă?	2488440	Chi vuole un po' di cioccolata calda?
2536609	Cine vrea niște ciocolată caldă?	2488441	Chi è che vuole un po' di cioccolata calda?
2536609	Cine vrea niște ciocolată caldă?	2488447	Chi è che vuole della cioccolata calda?
11949453	Mariei îi place să alerge în picioarele goale pe iarba proaspătă și moale pe pajiște la munte.	2494490	Maria ama correre a piedi nudi sull'erba fresca e morbida su un prato in montagna.
8605302	Eram mai mult furios decât trist.	2498270	Ero più arrabbiato che triste.
8605302	Eram mai mult furios decât trist.	2498271	Io ero più arrabbiato che triste.
1136527	Nu vorbești engleza?	2499765	Non parli inglese?
1136528	Nu vorbiți limba engleză?	2499765	Non parli inglese?
2639064	O altă lume este posibilă.	2502926	Un altro mondo è possibile.
9184617	Tom era serios.	2507697	Tom era serio.
2507849	Noapte bună.	2507854	Buona notte.
7864479	Unde vrea să meargă?	2509978	Dove vuole andare?
488757	Vă rugam să așteptați treizeci de minute.	2511985	Per favore, aspetta trenta minuti.
2534146	Te poți odihni.	2512100	Puoi riposarti.
2534146	Te poți odihni.	2512101	Tu puoi riposarti.
2515926	E trist.	2515071	È triste.
2515924	Apa era albastră.	2516080	L'acqua era blu.
2507782	Mi-ar plăcea să merg la plajă cu tine, dar astăzi nu am timp.	2518035	Mi piacerebbe andare in spiaggia con te, ma oggi non ho tempo.
2515868	Am luat cina la un restaurant.	2519313	Abbiamo cenato in un ristorante.
11477884	Castelul aflat în ruină este restaurat acum.	2520933	Il castello in rovina sta venendo restaurato adesso.
11949469	Tom e hotărât.	2524698	Tom è risoluto.
5153089	Și ea a cumpărat dicționarul.	2528118	Anche lei ha comprato il dizionario.
6315744	Tom are trei milioane de dolari la bancă.	2529598	Tom ha tre milioni di dollari in banca.
6581927	Nu voi tolera un astfel de limbaj.	2529729	Non tollererò un linguaggio del genere!
6581927	Nu voi tolera un astfel de limbaj.	2529730	Io non tollererò un linguaggio del genere!
2535586	E armăsar sau iapă?	2535609	Questo è uno stallone o una cavalla?
2535586	E armăsar sau iapă?	2535610	Questo è uno stallone o una giumenta?
2963833	Ai câștigat?	2551313	Hai vinto?
2963833	Ai câștigat?	2551315	Tu hai vinto?
8289143	Revino aici.	2553679	Torna qui!
4041185	Sunt fericit.	2555623	Sono felice.
8398048	Nu poți înota?	2555718	Non sai nuotare?
4121522	Călătoresc mult.	2556143	Viaggio molto.
4121522	Călătoresc mult.	2556144	Io viaggio molto.
4946125	Sunt competitiv.	2559944	Io sono competitivo.
4998145	Te voi proteja.	2562661	Ti proteggerò.
4998145	Te voi proteja.	2562662	Io ti proteggerò.
1346282	Unde este aeroportul?	2563234	Dov'è l'aeroporto?
8585189	Trebuie să plec imediat.	2564140	Devo andare subito.
8585189	Trebuie să plec imediat.	2564144	Io devo andare subito.
2657769	Eu voi veni.	2565033	Verrò.
3607881	Vă rog.	2572792	Per favore.
3607881	Vă rog.	2572793	Per piacere.
4161678	Aș prefera să nu știu.	2575066	Preferirei non sapere.
4161678	Aș prefera să nu știu.	2575067	Io preferirei non sapere.
4228173	Picasso este un artist celebru.	2577188	Picasso è un famoso artista.
1143569	Îmi place să dorm.	2582421	A me piace dormire.
8762593	Mulți oameni au un vis.	2585431	Molte persone hanno un sogno.
3209192	Doresc să învăț.	2587961	Desidero imparare.
3209192	Doresc să învăț.	2587962	Io desidero imparare.
4144574	L-am văzut citind o carte.	2587987	Io lo vidi leggere un libro.
1138126	Azi e luni și mâine va fi marți.	2589088	Oggi è lunedì, e domani sarà martedì.
3607780	Tu ești cel mai înalt.	2597265	Sei il più alto.
1137626	Un ceai cu lămâie, vă rog.	2602328	Un tè con limone, per favore.
1137626	Un ceai cu lămâie, vă rog.	2602329	Un tè con limone, per piacere.
3515007	O cafea, vă rog.	2602330	Un caffè, per piacere.
5252603	Tom și Mary au aproape aceeași înălțime.	2602630	Tom e Mary hanno circa la stessa altezza.
2607396	Pupici!	2607394	Baci!
4225554	Tom a ajuns acasă la 2:30.	2608171	Tom è arrivato a casa alle 2:30.
923925	Ce fel de lucruri te întristează?	2608969	Che tipo di cose ti rendono triste?
3209049	Sunt o mulțime de locuri frumoase în Japonia.	2610398	Ci sono molti bei posti in Giappone.
6582937	Tom a murit când avea șaptezeci de ani.	2615692	Tom è morto quando aveva settant'anni.
6582937	Tom a murit când avea șaptezeci de ani.	2615695	Tom morì quando aveva settant'anni.
8399231	Tom este calm.	2618161	Tom è calmo.
2707288	Eu nu-ți împărtășesc opinia.	2669733	Io non condivido la sua opinione.
7992892	Am trei bilete.	2670303	Ho tre biglietti.
7992892	Am trei bilete.	2670304	Io ho tre biglietti.
3610765	Pula mea!	2670386	Cazzo!
2639063	Sunt foarte sărac.	2670449	Sono molto povero.
2639063	Sunt foarte sărac.	2670452	Io sono molto povero.
2650815	Ea lucrează la școală.	2670469	Lei lavora nella scuola.
3372464	Nu înțeleg.	2671116	Non comprendo.
4211079	Suntem foarte interesați.	2672229	Siamo molto interessate.
11949460	Noi suntem foarte interesate.	2672230	Noi siamo molto interessate.
1138080	Este mai puțin răbdător decât fratele său.	2674193	Lui è meno paziente di suo fratello.
2536714	Nu înțeleg germana.	2681889	Io non capisco il tedesco.
6541347	Folosim transportul public.	2685975	Usiamo i trasporti pubblici.
3285228	M-am lovit la cot.	2686523	Io mi feci male al gomito.
3610097	Paltonul tău este foarte frumos.	2687238	Il tuo cappotto è molto bello.
1064201	Mi-ar plăcea să te sărut.	2687241	Vorrei baciarti.
1064201	Mi-ar plăcea să te sărut.	2687242	Io vorrei baciarti.
2706001	Sankt Petersburg este un oraș rusesc.	2687309	San Pietroburgo è una città russa.
2706009	Prietenului meu îi place înghețata de ciocolată.	2688114	Al mio amico piace il gelato al cioccolato.
2706009	Prietenului meu îi place înghețata de ciocolată.	2688115	Alla mia amica piace il gelato al cioccolato.
5200499	Nu pot vorbi franceza bine.	2691262	Non parlo bene il francese.
5200499	Nu pot vorbi franceza bine.	2691263	Io non parlo bene il francese.
10952177	Numele meu este Dušana.	2695362	Il mio nome è Dušana.
3004016	Numele meu este Emily.	2695364	Io mi chiamo Emily.
3004016	Numele meu este Emily.	2695365	Il mio nome è Emily.
11973908	Sunt singur.	2697425	Io sono da solo.
5245175	Tom nu locuiește cu Mary.	2699540	Tom non vive con Mary.
5245175	Tom nu locuiește cu Mary.	2699541	Tom non abita con Mary.
5245248	Tom nu are nevoie de ajutorul lui Mary.	2699591	Tom non ha bisogno dell'aiuto di Mary.
1153885	Opinia lor contează puțin.	2701350	La loro opinione conta poco.
5925327	Șomajul este în creștere.	2701964	La disoccupazione sta crescendo.
11949396	Tom a explicat-o.	2702593	Tom la spiegò.
11949397	Tom o explică.	2702593	Tom la spiegò.
11949403	Eu vreau să-l țin.	2703628	Io voglio tenerlo.
399597	Vorbești italiană?	2703677	Tu parli italiano?
399596	Vorbiți italiană?	2703682	Parli in italiano?
8987262	Tom s-a îngrășat.	2704886	Tom è ingrassato.
8987262	Tom s-a îngrășat.	2704887	Tom ingrassò.
4987237	Sunt foarte bine.	2706768	Sto benissimo.
4987237	Sunt foarte bine.	2706770	Io sto benissimo.
3608128	Nu este uşor să vorbeşti engleza.	2710635	Non è facile parlare l'inglese.
3709907	Ei îi place salata de cartofi.	2712139	Le piace l'insalata di patate.
3709907	Ei îi place salata de cartofi.	2712140	A lei piace l'insalata di patate.
399594	Cu plăcere.	2715909	Non c'è di che.
2721447	Încerc să fiu fericit.	2718375	Sto provando ad essere felice.
2721447	Încerc să fiu fericit.	2718378	Io sto provando ad essere felice.
6582968	Ei știu cum să repare calculatoare.	2721626	Sanno come riparare i computer.
6582968	Ei știu cum să repare calculatoare.	2721627	Loro sanno come riparare i computer.
3274143	Sunt Tom.	2731142	Sono Tom.
2635064	Mănânc pâine.	2731209	Io mangio del pane.
5109659	Roosevelt and Willkie au discutat despre situație.	2732699	Roosevelt e Willkie hanno discusso la situazione.
2536091	Nu pot trăi acel fel de viață.	2733910	Non posso vivere quel tipo di vita.
2536508	Cred că mă duc la culcare.	2735883	Penso che andrò a dormire.
2536261	Îmi place lumina lumânărilor.	2736394	Mi piace la luce delle candele.
2536261	Îmi place lumina lumânărilor.	2736395	A me piace la luce delle candele.
1153849	Vreau un masaj. Am nevoie să mă relaxez.	2742788	Io voglio un massaggio. Ho bisogno di rilassarmi.
8436191	Filmul începe.	2743275	Il film inizia.
8436191	Filmul începe.	2743277	Il film comincia.
8436191	Filmul începe.	2743278	Inizia il film.
2536374	Ora nu începe până la opt și jumătate.	2744877	La lezione non inizia fino alle otto e trenta.
5200542	Te rog, așază-te aici și așteaptă.	2748104	Per piacere, siediti qui e aspetta.
5200542	Te rog, așază-te aici și așteaptă.	2748105	Per favore, siediti qui e aspetta.
2536409	Îl voi lua.	2748195	Io lo prenderò.
10989207	Vreau un câine.	2748639	Voglio un cane.
10989207	Vreau un câine.	2748640	Io voglio un cane.
706059	Tu ești prietenul meu.	2749313	Sei mio amico.
706059	Tu ești prietenul meu.	2749316	Tu sei mio amico.
5406410	Care este leguma ta preferată?	2758642	Qual è la tua verdura preferita?
9014842	Am douăzeci și șapte de ani.	2766133	Ho ventisette anni.
9014842	Am douăzeci și șapte de ani.	2766135	Io ho ventisette anni.
1136911	Casa mea e aproape de stația de autobuz.	2767147	La mia casa è vicina a una fermata dell'autobus.
1136911	Casa mea e aproape de stația de autobuz.	2767148	Casa mia è vicina a una fermata dell'autobus.
9014836	Am optsprezece ani.	2769878	Ho diciott'anni.
9014836	Am optsprezece ani.	2769879	Io ho diciott'anni.
2784179	O imagine valorează cât o mie de cuvinte.	2784176	Un'immagine vale più di mille parole.
2786734	La mulți ani, dragă prietene!	2786675	Buon compleanno, caro amico!
2787091	Nici eu nu am înțeles nimic.	2787082	Anche io non ho capito niente.
4963817	Numele meu complet este Ricardo Vernaut Junior.	2787469	Il mio nome completo è Ricardo Vernaut Junior.
2788067	El trebuie să facă o alegere între obiecte.	2788066	Egli deve fare una scelta tra gli oggetti.
2788340	Ambele cuvinte pot fi folosite în funcție de libera alegere a utilizatorilor.	2788339	Entrambe le parole possono essere utilizzate secondo la libera scelta degli utenti.
405828	Biroul domnului Popescu este la etajul zece.	2788492	L'ufficio del signor Popescu si trova al decimo piano.
2568468	M-am dus ieri la grădina zoologică.	2788667	Io sono andato allo zoo ieri.
2568468	M-am dus ieri la grădina zoologică.	2788668	Io sono andata allo zoo ieri.
4616914	Sunt mort de foame.	2791733	Ho una fame da lupi.
2792532	Tatoeba nu este o școala — este o universitate!	2792529	Tatoeba non è una scuola — è un'università!
11474719	Spectacolul este ruinat acum.	2792802	Lo spettacolo è rovinato adesso!
2793551	Vă mulțumesc foarte mult! — Cu plăcere.	2793545	"La ringrazio molto!" "Non c'è di che."
2794398	„A da” este divin, „a primi” este omenește.	2794390	Dare è divino, ricevere umano.
2795315	Cele patru anotimpuri din an sunt primăvara, vara, toamna și iarna.	2795311	Le quattro stagioni dell'anno sono primavera, estate, autunno e inverno.
9233257	Tom a pozat pentru o fotografie.	2797321	Tom ha posato per una foto.
9233257	Tom a pozat pentru o fotografie.	2797322	Tom ha posato per una fotografia.
4231568	Am fost în Italia de mai multe ori.	2797723	Sono stato in Italia tante volte.
2799183	Limba română este singura limbă neolatină în care articolul hotărât este postpus substantivului.	2799235	Il rumeno è l'unica lingua neolatina in cui l'articolo determinativo è posposto al sostantivo.
2800244	Nu sunt speranțe pentru tine.	2799820	Non ci sono speranze per te.
2803161	Scrisoarea era între filele cărţii.	2803173	La lettera era tra le pagine del libro.
1138152	Am dreptul să-mi sun avocatul.	2804508	Ho diritto a chiamare il mio avvocato.
6133311	Unde sunt pozele mele?	2805781	Dove sono le mie foto?
6133311	Unde sunt pozele mele?	2805782	Dove sono le mie fotografie?
8760514	Cât de fericit sunt astăzi!	2808306	Quanto sono felice oggi!
2809340	Băiatul vorbește cu bunicul său.	2809359	Il ragazzo sta parlando con suo nonno.
2818835	Eu sunt Isus, pe care-L prigonești.	2818832	Io son Gesù che tu perseguiti.
11939024	Trăiam la Boston acum câțiva ani.	2832732	Io vivevo a Boston qualche anno fa.
11939025	Acum câțiva ani locuiam la Boston.	2832732	Io vivevo a Boston qualche anno fa.
5098277	M-am simțit foarte fericit.	2833229	Io mi sentivo molto felice.
3418413	Sunt Melanie.	2833569	Sono Melanie.
3418413	Sunt Melanie.	2833571	Io sono Melanie.
1561509	Nu fumează și nu bea vodcă.	2833628	Non fuma e non beve vodka.
1561509	Nu fumează și nu bea vodcă.	2833629	Lui non fuma e non beve vodka.
8504246	Regiunea asta este situată într-o vale.	2839604	Questa regione è situata in una valle.
2536508	Cred că mă duc la culcare.	2839963	Io penso che andrò a dormire.
6609899	În chimie, poate azotul să formeze o legătură simplă?	2844691	In chimica l'azoto può formare un legame singolo?
5406398	Tom este matur.	2844942	Tom è maturo.
4812469	A fost o plăcere.	2847694	È stato un piacere.
4184055	Putem vorbi mai târziu?	2848744	Possiamo parlare più tardi?
2639067	Am o pisică.	2850954	Ho un gatto.
2639067	Am o pisică.	2850956	Io ho un gatto.
5098279	Îmi era tare sete și am vrut să beau ceva rece.	2851676	Io avevo molta sete e volevo bere qualcosa di freddo.
4225468	Nu l-am mai văzut de duminica trecută.	2851747	Non lo vedo da domenica scorsa.
4225468	Nu l-am mai văzut de duminica trecută.	2851749	Io non lo vedo da domenica scorsa.
11949466	El e foarte cunoscut în țara noastră.	2853878	Lui è ben conosciuto nel nostro paese.
9233239	Nu am avut probleme cu Tom.	2861231	Non ho avuto problemi con Tom.
9233239	Nu am avut probleme cu Tom.	2861232	Io non ho avuto problemi con Tom.
8219588	Ea este nerăbdătoare.	2867834	È impaziente.
5158206	Cred că am tendinită.	2883298	Penso di avere una tendinite.
5158206	Cred că am tendinită.	2883299	Io penso di avere una tendinite.
2634920	Emily a lăsat școala când avea șaisprezece ani.	2885634	Emily ha abbandonato la scuola a sedici anni.
4897227	Adu-mi o găleată cu apă.	2896028	Portatemi un secchio d'acqua.
1151784	Azi e vineri.	2899507	Oggi è venerdì.
8399238	Tom e foarte calm.	2904559	Tom è molto calmo.
11974033	Eu nu sunt iubita ta.	2908421	Io non sono la tua morosa.
584033	Algoritmul meu are o rată de succes de 99%.	2912758	Il mio algoritmo ha un tasso di successo del 99%.
7726394	Ninge afară.	2913528	Nevica fuori.
11973933	Trebuie să-i trimitem acasă într-un mod just.	2915773	Bisogna mandarli a casa con il giusto modo.
2639097	Am o inimă.	2917359	Io ho un cuore.
4845063	Am nevoie de opiniile tale.	2928249	Ho bisogno delle vostre opinioni!
4073648	Vinul a fost excelent.	2928719	Il vino era eccellente.
487296	Eu știu numele său.	2931407	So il suo nome.
487296	Eu știu numele său.	2931408	Io so il suo nome.
3036888	Copilul meu vrea să vorbească.	2931530	Il mio bebè vuole parlare.
5370036	Asemănarea este destul de vagă.	2941583	La somiglianza è abbastanza vaga.
3869148	Vreau friptură cu cartof copt.	2947344	Vorrei una bistecca con una patata al forno.
3869148	Vreau friptură cu cartof copt.	2947345	Io vorrei una bistecca con una patata al forno.
5208448	Nu am nimic de pierdut.	2950501	Io non ho niente da perdere.
5208448	Nu am nimic de pierdut.	2950502	Io non ho nulla da perdere.
2705299	Nu cânt la pian.	2955309	Non suono il piano.
2705299	Nu cânt la pian.	2955310	Io non suono il piano.
2705299	Nu cânt la pian.	2955312	Non suono il pianoforte.
2705299	Nu cânt la pian.	2955313	Io non suono il pianoforte.
1124705	El este vecinul meu, dar nu-l cunosc bine.	2959805	È il mio vicino, però non lo conosco bene.
1124705	El este vecinul meu, dar nu-l cunosc bine.	2959806	Lui è il mio vicino, però non lo conosco bene.
12559330	Terenul nu este de vânzare.	2960667	Il lotto non è in vendita.
2317647	Apa nu este potabilă.	2963161	L'acqua non è potabile.
11477897	Plăcerea e toată de partea ta.	2967066	Il piacere è tutto tuo.
8786225	Voi fi acasă mâine.	2973062	Sarò a casa domani.
8786225	Voi fi acasă mâine.	2973064	Io sarò a casa domani.
4143828	El este o persoană bine informată.	2974900	È una persona ben informata.
4143828	El este o persoană bine informată.	2974901	Lui è una persona ben informata.
3772574	Apa este rece.	2977217	L'acqua è fredda.
11949424	Dumneavoastră sunteți un neglijent.	2978597	Lei è uno sciattone.
4948902	Voi purta ochelari de soare.	2978903	Indosserò degli occhiali da sole.
4948902	Voi purta ochelari de soare.	2978904	Io indosserò degli occhiali da sole.
3081377	Am două pisici.	2982660	Io ho due gatti.
4199155	Am un prieten care locuiește în America.	2983474	Io ho un'amica che vive in America.
2705588	Nu am computer acasă.	2990899	Io non ho un computer a casa.
6561337	Aduceți-mi nota de plata, vă rog.	2995433	Datemi il conto, per piacere.
6561337	Aduceți-mi nota de plata, vă rog.	2995434	Datemi il conto, per favore.
8925661	Sunt mai tânăr ca el.	3002035	Sono più giovane di lui.
8925661	Sunt mai tânăr ca el.	3002036	Io sono più giovane di lui.
4932356	Cât de profundă este dragostea ta?	3003966	Quant'è profondo il tuo amore?
3007541	Încă eram acasă.	3007335	Ero ancora a casa.
3007541	Încă eram acasă.	3007336	Io ero ancora a casa.
6568360	Tom joacă cărți cu Mary.	3007368	Tom sta giocando a carte con Mary.
3608131	Tu ai un zâmbet frumos.	3009379	Hai un bel sorriso.
3608131	Tu ai un zâmbet frumos.	3009380	Tu hai un bel sorriso.
2653629	Îmi place casa lor.	3014566	Mi piace la loro casa.
2653629	Îmi place casa lor.	3014568	A me piace la loro casa.
4885825	Mary lucrează pentru un ONG în Africa.	3015429	Mary lavora per una ONG in Africa.
6587378	Nu-ți fă griji despre asta. Nu e problema ta.	3015674	Non preoccuparti. Non è un tuo problema.
6591121	Este dureros?	3017472	È doloroso?
1136517	Încet și fără grabă se câștigă cursa.	3021902	Chi va piano va sano e va lontano.
1138082	Polițistul este în mașină.	3041066	Il poliziotto è nella macchina.
1138082	Polițistul este în mașină.	3041067	Il poliziotto è nell'auto.
1138082	Polițistul este în mașină.	3041068	Il poliziotto è nell'automobile.
3209239	E adânc lacul?	3041982	Il lago è profondo?
3610622	Mă cunoști?	3042977	Mi conosce?
5676810	Interesant.	3050205	Interessante.
4847291	Trebuie să vorbim.	3050500	Noi dobbiamo parlare.
9263448	I-am spus lui Tom că sunt ocupat.	3051794	Ho detto a Tom che ero occupato.
9263453	I-am spus lui Tom că sunt ocupată.	3051795	Ho detto a Tom che ero occupata.
11949457	Eu sunt foarte preocupat de siguranța fiului meu.	3053767	Io sono molto preoccupato per la sicurezza di mio figlio.
2639097	Am o inimă.	3053887	Ho un cuore.
3607523	Acest bărbat e doctor.	3054432	Quest'uomo è un dottore.
5092322	Tatăl meu a murit de cancer.	3056251	Mio padre è morto di cancro.
5092322	Tatăl meu a murit de cancer.	3056255	Mio padre morì di cancro.
2752463	Copiii au plecat deja la școală.	3058667	I bambini sono già andati a scuola.
9263196	Cine va câștiga medalia de aur?	3058816	Chi vincerà la medaglia d'oro?
8809606	Este perfectă în toate.	3068341	È perfetta in tutto.
8809606	Este perfectă în toate.	3068342	Lei è perfetta in tutto.
3772838	Am un prieten.	3070169	Ho un amico.
2534160	A murit de pneumonie.	3075650	È morto di polmonite.
2534160	A murit de pneumonie.	3075651	Lui è morto di polmonite.
2534160	A murit de pneumonie.	3075652	Morì di polmonite.
2534160	A murit de pneumonie.	3075653	Lui morì di polmonite.
10183153	Soția ta este încă în America?	3099918	Tua moglie è ancora in America?
5092573	Tatăl meu are multe cărți.	3102363	Mio padre ha molti libri.
4293333	Este gelos.	3102486	È geloso.
4293333	Este gelos.	3102487	Lui è geloso.
5239734	Tom a părăsit-o pe Mary pentru o altă femeie.	3106389	Tom ha lasciato Mary per un'altra donna.
5239734	Tom a părăsit-o pe Mary pentru o altă femeie.	3106390	Tom lasciò Mary per un'altra donna.
6840354	Ploaia este un fenomen neobișnuit în această parte a țării.	3110661	La pioggia è un avvenimento raro in questa parte del paese.
3607058	Ea vrea să vorbească.	3111996	Lei vuole parlare.
11477869	Puiul ăla de câine latră foarte tare.	3114214	Quel cucciolo abbaia molto forte.
3108749	Prima operetă românească a fost jucată la Iași în 1848.	3116185	La prima operetta romena è stata eseguita a Iaşi nel 1848.
5369645	Zgarda câinelui este roșie.	3121794	Il collare del cane è rosso.
5321562	Tom are un card de donator de organe în portofelul său.	3132166	Tom ha una carta di donatore di organi nel portafogli.
4144469	Ți-am spus să stai în mașină.	3132688	Ti avevo detto di restare in macchina.
8565834	Dragostea va veni în timp.	3133806	L'amore arriverà in tempo.
4144680	Ea nu mă ascultă.	3139151	Non mi ascolta.
6136801	Există excepții.	3144066	Ci sono delle eccezioni.
11949447	Poate să distrugă cutia ca s-o deschidă.	3146692	Può distruggere la scatola per aprirla.
7726486	Lui Tom îi place zăpada.	3148564	A Tom piace la neve.
8760523	El este o persoană care nu vorbește cu nimeni.	3149930	Lui è un uomo che non parla con nessuno.
2634926	Eu am decis să las școala.	3150146	Ho deciso di abbandonare la scuola.
2634926	Eu am decis să las școala.	3150147	Decisi di abbandonare la scuola.
4121524	Avem un câine și o pisică.	3151748	Possediamo un cane e un gatto.
3096627	Melanie știe adevărul.	3162378	Melanie sa la verità.
12211095	Mi-as fi dorit sa fie chiar asa!	3165433	Magari fosse davvero così!
4225520	Mary este nepoata mea.	3176182	Mary è mia nipote.
4847248	Trebuie sa învăț japoneza.	3185945	Io devo imparare il giapponese.
2536448	Mi-e imposibil să-ți explic asta.	3190770	È impossibile per me spiegarvelo.
3857544	Sunt cu tine.	3193700	Sto con te.
11939009	Ziarele primesc bani publici?	3198451	I giornali prendono soldi pubblici?
3610143	Eu sunt zombi!	3205351	Sono uno zombi!
406019	Este frumos astăzi.	3210281	Fa bello oggi.
4225475	Vreau să merg în India.	3213304	Voglio andare in India.
4225475	Vreau să merg în India.	3213305	Io voglio andare in India.
3608121	Suntem în război.	3213550	Siamo in guerra.
3606992	Pisica ta este neagră.	3222041	Il tuo gatto è nero.
4144640	Ce ai făcut cu banii?	3222514	Che ha fatto con quei soldi?
4144676	Ești mândru de tatăl tău?	3236317	Tu sei fiero di tuo padre?
4144676	Ești mândru de tatăl tău?	3236329	Tu sei orgoglioso di tuo padre?
3657520	Mi-e dor de tine mult, iubita mea.	3239424	Mi manchi tanto, amore!
4213346	Am primit scrisoarea ta alaltăieri.	3244280	Ho ricevuto la tua lettera l'altro ieri.
13114737	Nu știu să înot.	3251418	Non so nuotare.
3209025	Nu voi muri.	3256626	Non morirò.
3209025	Nu voi muri.	3256629	Io non morirò.
11949482	Ce e nou?	3260569	Cosa c'è di nuovo?
4946705	Grupurile sanitare sunt la parter.	3261701	I bagni sono al piano di sotto.
3609897	Asta e o cravată nouă?	3264942	Quella è una cravatta nuova?
3609897	Asta e o cravată nouă?	3264944	È una cravatta nuova?
4215863	Sunt singurul?	3282260	Sono l'unico?
5141918	Când vor da ei un concert?	3290964	Quando faranno un concerto?
3296279	Moldova îmi va lipsi.	3296287	Mi mancherà la Moldavia.
3296279	Moldova îmi va lipsi.	3296288	A me mancherà la Moldavia.
11973925	Voi fi întotdeauna cu tine.	3296421	Io sarò sempre con te.
4144680	Ea nu mă ascultă.	3298643	Lei non mi ascolta.
3274143	Sunt Tom.	3300343	Io sono Tom.
1137506	Lordul Ashburton avea o soție americană.	3300990	Lord Ashburton aveva una moglie americana.
11974035	Eu îi învățam rusa pe copiii mei.	3310524	Io insegnavo il russo ai miei figli.
7995839	Pulsul lui Tom este foarte slab.	3319271	Il battito di Tom è molto debole.
11484609	Sunteți siguri că-l știți pe Tom?	3322049	Siete sicuri che conoscete Tom?
11944376	Vrei și ceva de băut împreună cu pasta?	3340991	Insieme alle paste, vuoi anche qualcosa da bere?
4981730	Ei au fost norocoși.	3352306	Erano fortunate.
3360729	Nervos? Eu? Nu!	3357381	Nervoso? Io? No!
11938993	Eu am scris un cântec despre Tatoeba.	3367606	Io ho scritto una canzone su Tatoeba.
4421722	El a văzut tot.	3369897	Ha visto tutto.
4421722	El a văzut tot.	3369898	Lui ha visto tutto.
6153929	Unul din degetele lui Tom s-a rupt.	3373186	Una delle dita di Tom era rotta.
6216072	Urăsc fasolea.	3374913	Detesto i fagioli.
11484583	Tu ai băut ceai?	3378429	Tu hai bevuto del tè?
1138126	Azi e luni și mâine va fi marți.	3381091	Oggi è lunedì e domani sarà martedì.
13110067	Tom și Mary încă lucrează.	3395994	Tom e Mary stanno ancora lavorando.
9636157	Care bere este a ta?	3403951	Quale birra è la tua?
9636158	Care este berea ta?	3403951	Quale birra è la tua?
7996459	Tom nu e supărat pe noi.	3404318	Tom non è arrabbiato con noi.
4844937	Mary este o studentă promițătoare.	3411466	Mary è una studentessa promettente.
4545665	Nu iese fum fără foc.	3412254	Dove c'è del fumo c'è del fuoco.
1143247	Tom a mâncat un castron cu supă de scoici.	3413685	Tom ha mangiato una tazza di zuppa di vongole.
8962638	Îmi spăl dinții după masă.	3418286	Mi lavo i denti dopo mangiato.
8962638	Îmi spăl dinții după masă.	3418287	Io mi lavo i denti dopo mangiato.
9611609	Nu am nimic de făcut.	3421908	Non ho niente da fare.
9611609	Nu am nimic de făcut.	3421909	Io non ho niente da fare.
9611609	Nu am nimic de făcut.	3421910	Non ho nulla da fare.
9611609	Nu am nimic de făcut.	3421911	Io non ho nulla da fare.
5123440	Toți spun că eu semăn cu tatăl meu.	3427260	Dicono tutti che assomiglio a mio padre.
5123411	Nimeni nu gândește așa.	3429150	Nessuno la pensa così.
6673315	Acest argument este o absurditate totală.	3429955	Questo argomento è una sciocchezza assoluta.
4225614	I-am spus lui Tom să mă aștepte.	3432767	Dissi a Tom di aspettarmi.
4421717	Îmi place California.	3453066	Amo la California.
5201023	Am cumpărat pâine proaspătă.	3461035	Io ho comprato del pane fresco.
4140788	Am luat micul dejun.	3461799	Abbiamo fatto colazione.
4140788	Am luat micul dejun.	3461800	Noi abbiamo fatto colazione.
10989201	Am văzut un câine.	3462796	Io ho visto un cane.
3394528	Mă uit cu fetita mea la televizor.	3475424	Guardo la televisione con mia figlia.
3394528	Mă uit cu fetita mea la televizor.	3475425	Io guardo la televisione con mia figlia.
4421714	Aceasta este o întrebare importantă.	3484298	Questa è una domanda importante.
4224436	Da, cu plăcere.	3486553	Sì, con piacere.
8180947	Ei au mâncat deja.	3488495	Hanno già mangiato.
8180947	Ei au mâncat deja.	3488496	Loro hanno già mangiato.
6541844	Am mâncat caviar.	3488505	Io ho mangiato del caviale.
1137497	Cântărețul preferat al lui Tom se schimbă tot timpul.	3491187	Il cantante preferito di Tom cambia sempre.
1137497	Cântărețul preferat al lui Tom se schimbă tot timpul.	3491188	Il cantante preferito di Tom cambia in continuazione.
1137497	Cântărețul preferat al lui Tom se schimbă tot timpul.	3491190	Il cantante preferito di Tom cambia continuamente.
5092504	Tatăl meu e departe de casă.	3493134	Mio padre è via da casa.
8862480	Nu vorbesc portugheză.	3493723	Non parlo portoghese.
8862481	Nu vorbesc portugheza.	3493723	Non parlo portoghese.
8862482	Nu vorbesc limba portugheză.	3493723	Non parlo portoghese.
8862480	Nu vorbesc portugheză.	3493724	Io non parlo portoghese.
8862481	Nu vorbesc portugheza.	3493724	Io non parlo portoghese.
8862482	Nu vorbesc limba portugheză.	3493724	Io non parlo portoghese.
10712893	Acest lucru este cu adevărat deranjant.	3497788	Questo è davvero disturbante.
10712893	Acest lucru este cu adevărat deranjant.	3497790	Ciò è davvero disturbante.
4978299	Cred că Tom este ori homosexual ori bisexual.	3500366	Tom è gay o bisessuale, penso.
12134735	Sentința nu are sens.	3504933	La frase non ha senso.
11484627	Trăiește singur în pădure.	3505525	Vive da solo nella foresta.
5217157	Tom pare obosit.	3509682	Tom sembra stanco.
2568444	Nu vreau să merg la școală.	3519289	Io non voglio andare a scuola.
3655931	Îmi place să vorbesc limba velșă.	3526804	Mi piace parlare il gallese.
3655931	Îmi place să vorbesc limba velșă.	3526806	Mi piace parlare gallese.
585975	Unde munceşti?	3532606	Tu dove lavori?
4143751	Ești bogat, nu-i așa?	3537446	Lei è ricca, vero?
2634377	Viața este interesantă.	3539957	La vita è interessante.
9278378	Cred că Tom este sărac.	3547824	Penso che Tom sia povero.
9278378	Cred că Tom este sărac.	3547825	Io penso che Tom sia povero.
4916543	Nu am avut idee că nu poți înota.	3547962	Non avevo idea che non sapessi nuotare.
9255993	Moscova este capitala Rusiei.	3548107	Mosca è la capitale della Russia.
6568362	Orice minut contează.	3550297	Ogni minuto conta.
4697382	Fiecare bărbat are defectele sale.	3554799	Ogni uomo ha le sue colpe.
4303214	Este asta un lucru rău?	3556160	È una cosa brutta?
2635783	Am mers la școală ieri.	3558601	Sono andato a scuola ieri.
2635783	Am mers la școală ieri.	3558602	Io sono andato a scuola ieri.
2635783	Am mers la școală ieri.	3558603	Sono andata a scuola ieri.
2635783	Am mers la școală ieri.	3558604	Io sono andata a scuola ieri.
3608130	Hei! Vino aici, te rog!	3563546	Hey! Vieni qui, per favore!
3608130	Hei! Vino aici, te rog!	3563559	Ehi! Venga qui, per favore!
10537099	Noi eram inocenți.	3564215	Eravamo innocenti.
10537099	Noi eram inocenți.	3564216	Noi eravamo innocenti.
3610623	Ești un laș.	3566730	Sei un codardo.
3610623	Ești un laș.	3566731	Tu sei un codardo.
11949401	De ce nu mă iubești?	3567046	Perché non mi ami?
11974038	Foarte bun!	3567926	Troppo buono!
10989211	Aș dori un măr.	3569832	Vorrei una mela.
10989211	Aș dori un măr.	3569833	Io vorrei una mela.
11974060	Le-au zugrăvit bine pereții.	3574598	Li han pitturati bene i muri.
11974062	Le-au vopsit bine pereții.	3574598	Li han pitturati bene i muri.
5097388	Farragut a capturat New Orleans fără luptă.	3577127	Farragut ha conquistato New Orleans senza alcuna lotta.
5097388	Farragut a capturat New Orleans fără luptă.	3577128	Farragut conquistò New Orleans senza alcuna lotta.
3607940	Cred că tu trebuie să pleci acum.	3577662	Penso che dovresti andartene adesso.
2534189	Școala începe la opt treizeci?	3580510	La scuola inizia alle otto e mezza?
7992934	Am făcut-o ieri.	3587772	L'abbiamo fatto ieri.
4303270	Aștept ajutorul tău.	3587965	Mi aspetto il tuo aiuto.
4303270	Aștept ajutorul tău.	3587966	Io mi aspetto il tuo aiuto.
4303270	Aștept ajutorul tău.	3587967	Mi aspetto il suo aiuto.
4303270	Aștept ajutorul tău.	3587968	Io mi aspetto il suo aiuto.
12401562	Am nevoie de primul ajutor.	3590341	Mi serve del primo soccorso.
11949422	Am primit o scrisoare de la o prietenă de-a mea de la Londra.	3591986	Ho ricevuto una lettera da una mia amica a Londra.
4847215	Cineva trebuie să vorbească.	3593820	Qualcuno deve parlare.
3607536	Ești bolnav!	3595568	Sei malato!
3607536	Ești bolnav!	3595570	Tu sei malato!
3607536	Ești bolnav!	3595578	Siete malati!
3607547	Sunteți bolnavi!	3595578	Siete malati!
4948771	Apropo, unde locuiești?	3607632	A proposito, tu dove vivi?
9961443	Plouă puternic.	3622302	Sta piovendo forte.
4903455	Astăzi sunt on-line.	3630671	Oggi sono online.
1327105	Chris nu poate lucra dimineaţa.	3633602	Chris non può lavorare domani.
6609902	Care este numele tău de familie?	3636586	Qual è il tuo cognome?
5092344	Tatăl meu are cincizeci de ani.	3641102	Mio padre ha cinquant'anni.
8770493	Următoarea frază este falsă.	3641877	La prossima frase è falsa.
5191408	Nu contează ce a spus ea.	3665776	Non importa quello che ha detto.
4934445	Până și maimuțele cad din copaci.	3665921	Anche le scimmie cadono dagli alberi.
10164805	Școala este închisă.	3668828	La scuola è chiusa.
4303258	Clasa aceasta conține patruzeci de elevi.	3674006	Questa classe è composta da quaranta alunni.
2650835	Îmi plac hamburgerii.	3682405	Amo gli hamburger.
3697813	Unde este Tom?	3685886	Dov'è Tom?
4828915	Ce dezamăgire!	3707928	Che delusione!
3709936	L-am vândut și mi-am plătit datoria.	3710033	L'ho venduto e ho ripagato il mio debito.
3709936	L-am vândut și mi-am plătit datoria.	3710034	L'ho venduta e ho ripagato il mio debito.
8180970	Ce binecuvântare!	3742971	Che benedizione!
8180975	A fost fantastic.	3746076	È stato fantastico.
1144710	Capitala Poloniei este Varșovia.	3749157	La capitale della Polonia è Varsavia.
8190672	Tom a fost foarte bun.	3750336	Tom era molto gentile.
1129209	Poți scrie în orice limbă care dorești. Pe Tatoeba, toate limbile sunt egale.	3753330	Puoi scrivere in qualunque lingua tu voglia. Su Tatoeba tutte le lingue sono uguali.
9288001	Nu știu nimic despre ea.	3756069	Non so nulla su di lei.
9288001	Nu știu nimic despre ea.	3756070	Io non so nulla su di lei.
9288001	Nu știu nimic despre ea.	3756071	Non so niente su di lei.
9288001	Nu știu nimic despre ea.	3756072	Io non so niente su di lei.
5367198	Japonezii trăiesc în armonie cu natura.	3758563	I giapponesi vivono in armonia con la natura.
4152257	Restaurantul este la parter.	3770322	Il ristorante si trova al piano terra.
3772838	Am un prieten.	3775917	Io ho un amico.
8682389	Am o prietenă.	3775918	Ho un'amica.
8682389	Am o prietenă.	3775919	Io ho un'amica.
5239000	Tom știe cine e Mary.	3781323	Tom sa chi è Mary.
6582921	Pot vorbi cu tine afară pentru un moment?	3781656	Posso parlarti di fuori per un secondo?
11477893	Tom nu mai e băiatul timid care era odată.	3783751	Tom non è più il ragazzino timido che era una volta.
5238983	Tom știe numele câinelui Mariei.	3786755	Tom conosce il nome del cane di Mary.
2536688	Mi-ar plăcea să studiez la Paris.	3796091	Io vorrei studiare a Parigi.
4152097	Tom s-a căsătorit cu o fată bogată din Boston.	3806935	Tom ha sposato una ragazza ricca di Boston.
4152097	Tom s-a căsătorit cu o fată bogată din Boston.	3806936	Tom sposò una ragazza ricca di Boston.
7611502	Era Crăciunul.	3811436	Era Natale.
5352160	Știi cine l-a ucis pe Tom?	3812281	Sapete chi ha ucciso Tom?
8504223	Lor le este frică.	3833505	Hanno paura.
4222657	Tom e arogant.	3834814	Tom è arrogante.
10745269	Tom este eficient.	3836860	Tom è efficiente.
10745272	Tom e eficient.	3836860	Tom è efficiente.
11939017	Tom înoată?	3838227	Tom sta nuotando?
4225585	Este telefonul lui Tom.	3838592	È il telefono di Tom.
11938997	Ți-a plăcut să lucrezi la Boston?	3840444	Ti è piaciuto lavorare a Boston?
9860159	Lui Tom nu îi place să facă asta.	3846228	A Tom non piace farlo.
4303263	Nu îmi pasă de economie.	3846355	Non mi importa dell'economia.
4303263	Nu îmi pasă de economie.	3846356	A me non importa dell'economia.
862406	Fierul este un metal foarte util.	3846423	Il ferro è un metallo molto utile.
4211114	Sunt mai bun decât el.	3849831	Sono migliore di lui.
12073376	Acesta este sendvișul meu.	3850015	Questo è il mio panino.
11827674	Ai lucrat ieri?	3854770	Tu hai lavorato ieri?
9287608	Lui Tom nu îi place să urmărească filme violente.	3858981	A Tom non piace guardare i film violenti.
5189746	Ei au vrut ceva mai bun.	3872818	Volevano qualcosa di meglio.
5189746	Ei au vrut ceva mai bun.	3872820	Loro volevano qualcosa di meglio.
8560618	Tom a decedat.	3873549	Tom è deceduto.
1138121	Această nava se duce la Vancouver.	3874063	Questa nave è diretta a Vancouver.
6732396	Tom a câștigat din nou.	3950728	Tom vinse di nuovo.
8399227	Sunt calm.	3953804	Sono calmo.
8399227	Sunt calm.	3953805	Io sono calmo.
8399227	Sunt calm.	3953806	Sono calma.
8399227	Sunt calm.	3953809	Io sono calma.
1153793	Și-a pierdut echilibrul și a căzut de pe bicicleta lui.	3961411	Ha perso l'equilibrio ed è caduto dalla bici.
1153793	Și-a pierdut echilibrul și a căzut de pe bicicleta lui.	3961412	Perse l'equilibrio e cadde dalla bici.
4229284	Mașina este galbenă.	3966971	La macchina è gialla.
4229284	Mașina este galbenă.	3966972	L'auto è gialla.
4229284	Mașina este galbenă.	3966973	L'automobile è gialla.
4303209	Tom este nerăbdător, nu-i așa?	3996560	Tom è impaziente, vero?
4421717	Îmi place California.	4000903	Io amo la California.
1136959	Poți culca copiii?	4053681	Puoi mettere a letto i bambini?
2536458	Nu pot trăi fără televizor.	4057251	Io non posso vivere senza TV.
2536458	Nu pot trăi fără televizor.	4057254	Io non riesco a vivere senza TV.
2536366	- Vă mulțumesc pentru ajutor. - Cu plăcere.	4060615	"Grazie per avermi aiutato." "Non c'è di che."
3146828	"Mulțumesc pentru ajutor." "Pentru puțin."	4060615	"Grazie per avermi aiutato." "Non c'è di che."
1108692	Pe mâine!	4073106	A domani!
11949444	Astfel de lucruri se mai întâmplă.	4089473	Cose del genere succedono.
8962723	Sunt aici să te salvez.	4107193	Sono qui per salvarti.
9287616	Tom este extrem de prietenos.	4125576	Tom è estremamente gentile.
11521865	Camera lui Tom este foarte mică.	4134549	La stanza di Tom è molto piccola.
11484607	Nimeni n-ar asculta.	4140439	Nessuno ascolterebbe.
4152588	Aladdin a găsit o lampă fermecată.	4152594	Aladino ha trovato una lampada magica.
4152588	Aladdin a găsit o lampă fermecată.	4152595	Aladino trovò una lampada magica.
11477874	Nici măcar n-am încercat.	4161786	Non abbiamo neanche provato.
11484600	Trebuie să-l sun pe tatăl meu.	4182340	Devo chiamare mio padre.
1192756	Crezi că-s urât?	4193061	Pensi che io sia brutto?
1192755	Crezi că-s urâtă?	4193062	Pensi che io sia brutta?
1192756	Crezi că-s urât?	4193063	Tu pensi che io sia brutto?
11997040	Sunteți de încredere?	4199593	Siete affidabili?
11997040	Sunteți de încredere?	4199594	Voi siete affidabili?
8430617	Tu ai fost inspirația mea.	4200203	Eri la mia ispirazione.
8430617	Tu ai fost inspirația mea.	4200204	Tu eri la mia ispirazione.
7726490	Lui Mary îi place zăpada.	4202326	A Mary piace la neve.
8180975	A fost fantastic.	4207815	È stata fantastica.
2536720	Avem papă.	4212472	Noi abbiamo un Papa.
5185415	Nu vorbesc engleza atât de fluent precum o face Naomi.	4231320	Non parlo l'inglese fluidamente come Naomi.
5185416	Nu vorbesc engleza atât de fluent ca Naomi.	4231320	Non parlo l'inglese fluidamente come Naomi.
5185415	Nu vorbesc engleza atât de fluent precum o face Naomi.	4231321	Io non parlo l'inglese fluidamente come Naomi.
5185416	Nu vorbesc engleza atât de fluent ca Naomi.	4231321	Io non parlo l'inglese fluidamente come Naomi.
13240676	Totul este normal?	4252544	È tutto normale?
4989851	Raportul întâlnirii e gata.	4258481	Il rapporto sulla riunione è pronto.
7854043	Te vor proteja.	4266024	Ti proteggeranno.
7854043	Te vor proteja.	4266026	Loro ti proteggeranno.
11949461	Tom nu era de acord.	4298829	Tom era in disaccordo.
4882079	Desigur, cu plăcere.	4308754	Certo, con piacere.
11938990	Ea nu știe să danseze, nu-i așa?	4313653	Lei non sa ballare, vero?
11938991	Dumneavoastră nu știți să dansați, nu-i așa?	4313653	Lei non sa ballare, vero?
9256005	Am vorbit cu ajutorul unui traducător.	4353924	Abbiamo parlato con l'aiuto di un traduttore.
9256005	Am vorbit cu ajutorul unui traducător.	4353926	Noi abbiamo parlato con l'aiuto di un traduttore.
9256005	Am vorbit cu ajutorul unui traducător.	4353927	Parlammo con l'aiuto di un traduttore.
9256005	Am vorbit cu ajutorul unui traducător.	4353928	Noi parlammo con l'aiuto di un traduttore.
11949462	Am înțeles cum să rezolv problema.	4359538	Ho capito come risolvere il problema.
4980807	Mulțimea a umplut sala.	4361921	La folla riempiva la sala.
11478086	Cine suntem noi?	4366549	Noi chi siamo?
6582960	Poți răspunde.	4381691	Puoi rispondere.
6582960	Poți răspunde.	4381692	Tu puoi rispondere.
11949388	Tom e unul dintre cei mai buni studenți ai mei.	4387532	Tom è uno dei miei studenti migliori.
8573973	E departe?	4406462	È molto lontano?
8573973	E departe?	4406463	È molto lontana?
4421717	Îmi place California.	4411796	Mi piace la California.
4421717	Îmi place California.	4411797	A me piace la California.
7995940	Tom nu este impresionat.	4416275	Tom non è impressionato.
9288007	Tom spune că nu este interesat.	4420591	Tom dice che non è interessato.
9288007	Tom spune că nu este interesat.	4420592	Tom dice di non essere interessato.
4980793	Deci, care e problema?	4425327	Allora, qual è il problema?
9287984	Tom mi-a spus că nu are prea mult timp.	4460408	Tom mi ha detto che non aveva molto tempo.
9287984	Tom mi-a spus că nu are prea mult timp.	4460409	Tom mi disse che non aveva molto tempo.
7992883	Ea intră.	4461162	Entra.
7992883	Ea intră.	4461163	Lei entra.
7726494	Zăpada este albă.	4463791	La neve è bianca.
11949455	Care e alternativa mea?	4464510	Qual è la mia alternativa?
11474707	Nu vreau să mai cânt.	4472343	Io non voglio più suonare.
5189825	Iubesc golful.	4472381	Io amo il golf.
8732135	Este gratuit?	4473923	È gratis?
7058650	Sunt plictisit cu viața mea.	4475752	Sono annoiato dalla mia vita.
7058650	Sunt plictisit cu viața mea.	4475754	Io sono annoiato dalla mia vita.
11796091	Prietenul meu Alexander vorbește spaniola.	4478963	Il mio amico Alexandre parla spagnolo.
11175144	Ce noapte!	4483027	Che notte!
1194920	Cât e până la Brno?	4485200	Quanto dista da Brno?
1194920	Cât e până la Brno?	4485201	Quanto è distante da Brno?
11270397	Nu știu cine a ucis-o.	4489788	Non so chi l'abbia uccisa.
11270397	Nu știu cine a ucis-o.	4489789	Io non so chi l'abbia uccisa.
11949411	Tom era vădit deranjat.	4503809	Tom era visibilmente agitato.
11974045	Tom i-a scris o scrisoare lui Mary în dimineața asta.	4506524	Tom ha scritto una lettera a Mary questa mattina.
9961612	S-ar putea să plouă azi.	4506998	Potrebbe piovere oggi.
5025285	Nimic special.	4507208	Niente di speciale.
5025285	Nimic special.	4507209	Nulla di speciale.
4946127	Prețurile sunt competitive.	4510075	I prezzi sono competitivi.
11949440	Sunt trist să vă văd plecând.	4511076	Io sono triste di vedervi andare.
5925330	Tăcerea era de nesuportat.	4513401	Il silenzio era insopportabile.
8493707	Ridicol!	4522208	Ridicolo!
1059515	Salut.	4522286	Ciao.
584458	Tu din nou?	4522308	Ancora tu?
1163900	Asculți?	4522349	Ascolti?
1163900	Asculți?	4522350	Tu ascolti?
5406455	Tom are trei nepoți.	4539591	Tom ha tre nipoti.
7995834	Vreau niște cafea, te rog.	4550945	Voglio un po' di caffè, per favore.
7995834	Vreau niște cafea, te rog.	4550946	Io voglio un po' di caffè, per favore.
7995834	Vreau niște cafea, te rog.	4550947	Voglio un po' di caffè, per piacere.
7995834	Vreau niște cafea, te rog.	4550948	Io voglio un po' di caffè, per piacere.
11484639	E prematur de discutat acum.	4563298	È prematuro discuterne adesso.
6609702	Probabil nu.	4564637	Probabilmente no.
4598207	Bine ai revenit!	4564761	Bentornato.
4598207	Bine ai revenit!	4564762	Bentornata.
11489647	Trebuie să se ducă toți acasă.	4567311	Devono tutti andare a casa.
5229138	Poliția a găsit bicicleta lui Tom.	4581640	La polizia ha trovato la bici di Tom.
5229138	Poliția a găsit bicicleta lui Tom.	4581641	La polizia trovò la bici di Tom.
5229138	Poliția a găsit bicicleta lui Tom.	4581642	La polizia ha trovato la bicicletta di Tom.
5229138	Poliția a găsit bicicleta lui Tom.	4581643	La polizia trovò la bicicletta di Tom.
7749223	Tom a murit iarna trecută.	4583653	Tom è morto lo scorso inverno.
1159834	Mulțumesc foarte, foarte mult!	4598093	Grazie mille, veramente!
9860184	Mă tem că prognoza nu este bună.	4610248	Temo che la prognosi non sia buona.
9860184	Mă tem că prognoza nu este bună.	4610249	Io temo che la prognosi non sia buona.
5168887	El a fost curajos.	4617608	Era coraggioso.
5168887	El a fost curajos.	4617609	Lui era coraggioso.
11974049	Dacă e ca la simulare, e posibil de făcut.	4619349	Se è come nella simulazione, è fattibile.
1136923	Înțelege fizica.	4637171	Capisce la fisica.
1136923	Înțelege fizica.	4637173	Lui capisce la fisica.
8190744	Îi lipsește hotărârea.	4637278	Manca di risolutezza.
8190744	Îi lipsește hotărârea.	4637279	Lui manca di risolutezza.
4452387	Mă doare fundul.	4637433	Mi fa male il culo.
4980434	Timpul va spune.	4644598	Il tempo lo dirà.
10552702	Tom are grijă de mine.	4669651	Tom si prende cura di me.
11974047	Avem toate crucea noastră de purtat.	4693543	Abbiamo tutte la nostra croce da portare.
6580608	Tom pare a fi ocupat mai tot timpul.	4698796	Tom sembra essere sempre impegnato.
7588166	Nu voi participa la petrecere.	4700804	Io non parteciperò alla festa.
3209094	Ar trebui să-l ascultăm pe Tom.	4703097	Dovremmo ascoltare Tom.
3209094	Ar trebui să-l ascultăm pe Tom.	4703099	Noi dovremmo ascoltare Tom.
9636154	Tom crede că răspunsul este da.	4709194	Tom pensa che la risposta sia sì.
2914760	Vreau să scriu o carte.	4712584	Io voglio scrivere un libro.
11949399	Asta e important.	4728979	È quello che è importante.
6605698	Tom i-a cumpărat câteva flori lui Mary.	4750513	Tom ha comprato qualche fiore per Mary.
9141591	Tom nu avea nimic de făcut.	4760701	Tom non aveva niente da fare.
4812517	Mary nu are un soț.	4802793	Mary non ha un marito.
4829016	Mary nu are soț.	4802793	Mary non ha un marito.
12450716	Desigur, au fost concerte în oraș.	4812166	Ovviamente, c'erano dei concerti in città.
12450716	Desigur, au fost concerte în oraș.	4812167	Certamente, c'erano dei concerti in città.
4829211	Îl cunoști pe tatăl lui?	4829171	Lei conosce suo padre?
4829209	L-am recunoscut.	4829178	Io l'ho riconosciuto.
4829208	Nu am încredere în administrație.	4829182	Io non mi fido dell'amministrazione.
4617824	Sunt obosită.	4838764	Io sono stanca.
705812	Nu sunt ocupat acum.	4854475	Non sono occupato adesso.
6732281	Să vorbim despre siguranță.	4864549	Parliamo di sicurezza.
5125028	Unele animale sunt foarte bune la cățărat.	4880513	Alcuni animali sono molto bravi ad arrampicarsi.
4903457	Am internet pe telefonul meu.	4903459	Ho Internet sul mio telefono.
4903457	Am internet pe telefonul meu.	4903460	Io ho Internet sul mio telefono.
4938223	El este un șofer de taxi.	4916437	Lui è un tassista.
5130518	Acest bilet permite intrarea a două persoane.	4926918	Questo biglietto permette a due persone di entrare.
10784061	Tom e homofob.	4934738	Tom è omofobo.
11939003	Reușiți să nu uitați acel eveniment?	4939275	Ce la fate a rammentare quell'evento?
8411965	Știu scorul.	4940722	So il risultato.
8411965	Știu scorul.	4940723	Io so il risultato.
9059730	Aceasta este o excepție.	4947537	Questa è un'eccezione.
8002737	Nu mai lucrăm pentru Tom.	4953048	Noi non lavoriamo più per Tom.
12058453	Florile nufărului se deschid la răsăritul soarelui și se închid la apus.	4954708	I fiori della ninfea si aprono col sorgere del sole per poi chiudersi al tramonto.
5370014	Tom este un intelectual.	4958245	Tom è un intellettuale.
4961128	Porecla mea este Tom.	4961499	Il mio soprannome è Tom.
5184435	Cine joacă golf?	4965595	Chi gioca a golf?
5369399	Fiecare persoană contează.	4969004	Ogni persona conta.
11939012	Sunt destul de fericit acum.	4987021	Io sono piuttosto felice ora.
11474710	Eu sunt un pic preocupat acum.	4987105	Io sono un po' preoccupato adesso.
4989150	Tu să vii să mănânci cu noi.	4991105	Vieni a mangiare con noi.
5406401	Aceste prune sunt coapte.	4994556	Queste prugne sono mature.
5200487	Ai o problemă cu asta?	5004396	Hai un problema con questo?
5200487	Ai o problemă cu asta?	5004397	Tu hai un problema con questo?
11484597	Nu trebuie să plătească ei.	5008233	Non sono loro a dover pagare.
8962656	Este totul în regulă cu el?	5017067	Va tutto bene con lui?
8962656	Este totul în regulă cu el?	5017073	È tutto a posto con lui?
11949463	Continuă să nu fie ușor.	5018186	Continua a non essere facile.
11949437	Vă vom învinge!	5021238	Vi sconfiggeremo!
11522019	Trebuie să plătesc în avans?	5041157	Devo pagare in anticipo?
5684285	Gândirea este liberă.	5068982	Il pensiero è libero.
5369318	Unde cade accentul în cuvântul "Australia"?	5071847	Dov'è l'accento nella parola "Australia"?
5369318	Unde cade accentul în cuvântul "Australia"?	5071848	Dove si trova l'accento nella parola "Australia"?
8002809	De ce nu încerci să asculți?	5073191	Perché non prova ad ascoltare?
12341608	Puteți semăna morcovii în grădină, vă rog?	5076868	Potete seminare le carote in giardino, per favore?
7992959	Caută pe Wikipedia.	5084325	Cercalo su Wikipedia.
7992959	Caută pe Wikipedia.	5084326	Cercala su Wikipedia.
7992959	Caută pe Wikipedia.	5084327	Lo cerchi su Wikipedia.
7992959	Caută pe Wikipedia.	5084328	La cerchi su Wikipedia.
12164324	Tom vrea să muncească.	5086850	Tom vuole lavorare.
11474737	Și dacă problema nu sunt ei?	5097557	E se il problema non fossero loro?
8577362	Ea a decedat.	5104917	È deceduta.
8577362	Ea a decedat.	5104919	Lei è deceduta.
2534208	Mulțumesc pentru că ai venit la timp.	5116440	Grazie di essere in orario.
11477881	Crezi că Tom va dori să meargă cu Mary?	5119255	Pensi che Tom vorrà andare con Mary?
5369374	Acum, să vedem un pic de entuziasm.	5134541	Adesso, vediamo un po' di entusiasmo.
8640270	El nu te poate ajuta.	5141530	Non ti può aiutare.
8640270	El nu te poate ajuta.	5141531	Lui non ti può aiutare.
2635990	Mă numesc Ricardo.	5152590	Il mio nome è Ricardo.
2635990	Mă numesc Ricardo.	5152592	Mi chiamo Ricardo.
2635990	Mă numesc Ricardo.	5152593	Io mi chiamo Ricardo.
5208441	Cred că va ploua în curând.	5202776	Penso che pioverà presto.
5208441	Cred că va ploua în curând.	5202777	Io penso che pioverà presto.
8289187	Google face bani vânzând reclame.	5278505	Google fa soldi con la vendita di pubblicità.
9081462	Sunt recunoscător.	5282751	Sono grato.
9081462	Sunt recunoscător.	5282752	Io sono grato.
9081463	Sunt recunoscătoare.	5282753	Sono grata.
9081463	Sunt recunoscătoare.	5282754	Io sono grata.
8180935	Suntem faimoși.	5285024	Siamo famosi.
8180935	Suntem faimoși.	5285025	Noi siamo famosi.
4293337	Ești geloasă.	5287987	Tu sei gelosa.
11899013	Mă deranjează gălăgia.	5288435	Il rumore mi disturba.
4040901	Ești nervoasă.	5289190	Sei nervosa.
4040901	Ești nervoasă.	5289192	Tu sei nervosa.
5299730	Eu nu cred că Tom este în Boston.	5290525	Non penso che Tom sia a Boston.
5299730	Eu nu cred că Tom este în Boston.	5290526	Io non penso che Tom sia a Boston.
10784509	Sunt lacomă.	5292866	Sono avida.
10784509	Sunt lacomă.	5292867	Io sono avida.
7811890	Tom a mers să înoate în ocean.	5293042	Tom è andato a nuotare nell'oceano.
7811890	Tom a mers să înoate în ocean.	5293043	Tom andò a nuotare nell'oceano.
8783748	Sunt sofisticat.	5326714	Sono sofisticato.
8783748	Sunt sofisticat.	5326715	Io sono sofisticato.
11909501	Sângele este roșu.	5330298	Il sangue è rosso.
4303207	Dat fiindă inexperiența ei, s-a descurcat bine.	5346600	Considerando la sua inesperienza, ha fatto bene.
4303207	Dat fiindă inexperiența ei, s-a descurcat bine.	5346601	Considerando la sua inesperienza, lei ha fatto bene.
6585853	Suntem energici.	5347713	Siamo energici.
6585853	Suntem energici.	5347714	Noi siamo energici.
7811865	Suntem norocoși.	5347734	Siamo fortunati.
7811865	Suntem norocoși.	5347735	Noi siamo fortunati.
7864554	Tom stă la calculator.	5351816	Tom è al computer.
4831899	Tom are un avion privat.	5361537	Tom ha un aereo privato.
7864544	Marea Britanie este mai rece ca Italia.	5363030	La Gran Bretagna è più fredda dell'Italia.
9860196	Tom s-a căsătorit cu Mary fără acceptul părinților ei.	5364799	Tom ha sposato Mary senza il consenso dei suoi genitori.
5367189	Prețurile variază în funcție de locație.	5390753	I prezzi variano in base alla posizione.
5198697	Sunt aici să ajut.	5393660	Io sono qui per aiutare.
3209081	Tom nu mă aștepta pe mine.	5403974	Tom non mi stava aspettando.
3209081	Tom nu mă aștepta pe mine.	5403975	Tom non stava aspettando me.
8605304	Tom e prea tânăr pentru a ști adevărul.	5419439	Tom è troppo giovane per sapere la verità.
1142921	Aș dori să returnez mașina.	5427608	Vorrei restituire una macchina.
1142921	Aș dori să returnez mașina.	5427610	Io vorrei restituire una macchina.
1142921	Aș dori să returnez mașina.	5427612	Vorrei restituire un'auto.
1142921	Aș dori să returnez mașina.	5427613	Io vorrei restituire un'auto.
1142921	Aș dori să returnez mașina.	5427614	Vorrei restituire un'automobile.
1142921	Aș dori să returnez mașina.	5427616	Io vorrei restituire un'automobile.
11484631	În parcare arde o mașină.	5451289	Nel parcheggio sta bruciando una macchina.
1982049	El are un câine.	5455880	Lui ha un cane.
11094058	Unde este mingea mea?	5492692	Dov'è la mia palla?
13109875	Planul meu a mers.	5496922	Il mio piano ha funzionato.
6700258	El a adoptat o metodă nouă.	5501634	Adottò il nuovo metodo.
11477877	Mi-am dat jos pălăria și am intrat în biserică.	5508403	Mi sono tolto il cappello e sono entrato in chiesa.
9098211	Copiii sunt în pat.	5536267	I bambini sono a letto.
6582840	Tom este foarte nefericit cu tine.	5556496	Tom è molto infelice con te.
11974040	Tom e foarte creativ.	5556780	Tom è molto creativo.
8385111	De ce ruginește fierul?	5559046	Perché il ferro arruginisce?
6909019	Nu am făcut nici asta.	5563900	Non ho fatto nemmeno questo.
12383187	Credeam că Tom era căsătorit.	5570571	Pensavo che Tom fosse spostato.
11172077	Este întunec în biroul lui Tom.	5574338	C'è scuro nell'ufficio di Tom.
11172100	Tom a aruncat moneda.	5574340	Tom lanciò la moneta.
11172305	Mă ajuți să-mi fac valizele?	5574354	Mi aiuti a preparare le valigie?
11172738	Tom nu este pe Facebook.	5574366	Tom non è su Facebook.
11172988	Evident că vrei să ajuți.	5574421	Ovviamente vuoi aiutare.
11173015	Aceasta este o zonă restricționată.	5574424	Questa è un'area riservata.
11173020	Am o poveste de spus.	5574425	Ho una storia da raccontare.
11173055	Este o gaură mare.	5574428	C'è un grosso buco.
11173062	Nimeni nu l-a suspectat pe Tom.	5574429	Nessuno sospettava di Tom.
11173090	Nu te deranjează?	5574430	Non ti disturba?
11949428	Povestiri de dragoste!	5580002	Racconti dell'amore!
11949430	Povești de dragoste!	5580002	Racconti dell'amore!
11973918	Am trecut deja pe aici. Îmi pare că ne învârtim în cerc.	5594403	Siamo già passati di qui. Mi sembra che stiamo girando in tondo.
11973914	Nu reușesc să-l ignor pe Tom.	5605056	Io non riesco a ignorare Tom.
7581525	Toate magazinele sunt închise.	5612381	Tutti i negozi sono chiusi.
6609710	Tom a spus că autobuzul lui a întârziat.	5617882	Tom ha detto che il suo autobus era in ritardo.
11474734	Haide, facem asta într-o altă zi.	5619507	Dai, facciamo questo qualche altra volta.
12216816	Câte silabe are acest cuvânt?	5639523	Quante sillabe ha questa parola?
8581024	E departe.	5650140	È lontano.
9233247	Astăzi nu este Crăciunul.	5680380	Oggi non è Natale.
9233247	Astăzi nu este Crăciunul.	5680395	Non è Natale oggi.
11949392	Tom are trei fete frumoase.	5683743	Tom ha tre belle figlie.
9479932	Avem un vizitator.	5689672	Abbiamo un visitatore.
6582848	Unul dintre cuțite lipsește.	5705806	Uno dei coltelli è scomparso.
10252301	Tom este vechiul meu șef.	5709633	Tom è il mio vecchio capo.
11474717	Îl urăsc.	5717153	Io lo detesto.
8605277	Îl consider pe Tom prietenul meu cel mai bun.	5723344	Considero Tom il mio migliore amico.
8605277	Îl consider pe Tom prietenul meu cel mai bun.	5723345	Io considero Tom il mio migliore amico.
11477872	Jucați baschet?	5727634	Giocate a pallacanestro?
5128973	Nu există speranță pentru recuperarea lui.	5734400	Non c'è speranza per un suo recupero.
6667629	Tăcerea este apăsătoare.	5740022	Il silenzio è opprimente.
11905365	Avem nevoie de mai multă productivitate.	5740326	Abbiamo bisogno di più produttività.
11905365	Avem nevoie de mai multă productivitate.	5740327	Noi abbiamo bisogno di più produttività.
5406012	Majoritatea nu au acceptat oferta.	5750559	La maggioranza non ha accettato la proposta.
5406012	Majoritatea nu au acceptat oferta.	5750560	La maggioranza non accettò la proposta.
7996480	Am venit aici cu ea.	5756020	Sono venuto qui con lei.
7996480	Am venit aici cu ea.	5756021	Io sono venuto qui con lei.
7996480	Am venit aici cu ea.	5756022	Sono venuta qui con lei.
7996480	Am venit aici cu ea.	5756023	Io sono venuta qui con lei.
11477736	Vreau într-adevăr să merg.	5766156	Voglio davvero andare.
11477736	Vreau într-adevăr să merg.	5766157	Io voglio davvero andare.
11521378	Era o dimineață de octombrie.	5774588	Era una mattina di ottobre.
10552725	Lui chiar îi place Tom.	5779836	A lui piace davvero Tom.
8605208	Suntem aproape gata.	5782613	Siamo quasi pronti.
8605208	Suntem aproape gata.	5782614	Noi siamo quasi pronti.
8605208	Suntem aproape gata.	5782615	Siamo quasi pronte.
8605208	Suntem aproape gata.	5782616	Noi siamo quasi pronte.
6637579	Tom este imbatabil la șah.	5784232	Tom è imbattibile a scacchi.
11477879	Sunteți mai puternici decât ei.	5787082	Siete più forti di loro.
7992934	Am făcut-o ieri.	5789838	L'abbiamo fatta ieri.
11905315	O să beau niște suc.	5815342	Berrò un po' di succo.
11905315	O să beau niște suc.	5815343	Io berrò un po' di succo.
11890694	Putem vorbi aici?	5815893	Possiamo parlare qui?
8863133	Prietena lui este româncă.	5822399	La sua ragazza è rumena.
8863133	Prietena lui este româncă.	5822400	La sua fidanzata è rumena.
8863133	Prietena lui este româncă.	5822401	La sua morosa è rumena.
8002740	Cunosc Boston.	5840868	Conosco Boston.
8002740	Cunosc Boston.	5840869	Io conosco Boston.
11949452	Vreți, cu adevărat, să mergeți la Boston?	5872263	Lei vuole davvero andare a Boston?
7864507	Asta e un lucru minunat.	5895820	È una cosa così meravigliosa.
9233248	Cine mai vrea cafea?	5898499	Chi vuole più caffè?
9233248	Cine mai vrea cafea?	5898500	Chi vuole altro caffè?
5906364	Eu dorm. Întoarce-te mâine.	5907015	Sto dormendo. Torna domani.
5906343	Vreau să dorm puțin.‎	5907020	Voglio dormire un po'.
6581947	Sunt multe întrebări urgente.	5921374	Ci sono molte questioni urgenti.
6595540	Vine sfârșitul.	5923465	La fine sta arrivando.
8384949	De ce nu esperanto?	5926644	Perché non l'esperanto?
10903504	Câinele vrea să iasă afară.	5944218	Il cane vuole uscire.
12150436	Am de gând să iau prânzul cu Tom.	5969250	Ho in mente di pranzare con Tom.
8142430	Tom a promis s-o ajute pe Maria cu teme.	5981634	Tom ha promesso di aiutare Mary con i suoi compiti.
10750568	Sunt prea ocupată ca să o văd.	5991672	Sono troppo occupata per vederla.
8605180	Tom nu are nevoie de ajutorul tău.	6005665	Tom non ha bisogno del tuo aiuto.
6061214	Fără el n-aș fi putut face asta.	6009477	Senza di lui non avrei potuto fare questo.
1136947	Am învățat multe din cărțile lui.	6018200	Ho imparato molto dai suoi libri.
1136947	Am învățat multe din cărțile lui.	6018202	Imparai molto dai suoi libri.
9287614	Este foarte important pentru Tom.	6018738	È molto importante per Tom.
9636208	Fiica mai mare a lui Tom este încă necăsătorită.	6043269	La figlia maggiore di Tom non è ancora sposata.
7726665	Este zăpadă pe sol.	6056061	C'è della neve per terra.
6582953	Sunt căsătorit acum.	6057366	Ora sono sposato.
9860171	Este un polițist afară.	6060675	C'è un poliziotto fuori.
10790500	Vorbește prea mult despre ea.	6067966	Parla troppo di lei.
1147445	Astăzi am curs de esperanto.	6069888	Oggi ho una lezione di esperanto.
10181372	Nu sunt tânăr ca el.	6070503	Non sono giovane come lui.
6582864	Trebuie să plecăm mai devreme sau mai târziu.	6084718	Dobbiamo andare prima o poi.
6582864	Trebuie să plecăm mai devreme sau mai târziu.	6084719	Noi dobbiamo andare prima o poi.
6568365	Nu vrei adevărul?	6094544	Non vuoi la verità?
9424501	Continui să mă gândesc la el.	6099851	Continuo a pensare a lui.
9424501	Continui să mă gândesc la el.	6099852	Io continuo a pensare a lui.
8190808	Toți au cântat.	6104663	Tutti cantarono.
8190808	Toți au cântat.	6104665	Cantarono tutti.
7995911	Ai obținut un răspuns de la el?	6115460	Hai ricevuto una risposta da lui?
10989209	Ai cumpărat mere?	6142924	Hai comprato delle mele?
8580982	Mary a decedat.	6143013	Mary è deceduta.
1279040	Nimeni nu a venit să mă ajute.	6150519	Nessuno è venuto in mio soccorso.
4144662	Tom este singur în bucătărie.	6163180	Tom è da solo in cucina.
8002769	Este urgent să o văd pe ea.	6170596	È urgente che io la veda.
11938994	Cât m-a plătit?	6174058	Quanto mi ha pagato?
11484593	Au râs toți în afară de mine.	6206857	Hanno riso tutti tranne me.
11949438	Acolo ar trebui să găsească.	6210979	Li deve trovare.
11974042	A ieșit vreodată cu ei?	6211194	È mai uscita con loro?
11474715	Ți-am spus să vii repede.	6294727	Ti ho detto di venire presto.
11477896	Nu pot să vin cu ei.	6301882	Non posso venire con loro.
9641235	Nu pot face nimic pentru el.	6315073	Non posso fare niente per lui.
9641235	Nu pot face nimic pentru el.	6315074	Non posso fare nulla per lui.
6315737	Ieri a fost marţi.	6315734	Ieri era martedì.
8190742	Vin în fiecare zi.	6374109	Vengo ogni giorno.
8190742	Vin în fiecare zi.	6374110	Io vengo ogni giorno.
11973920	I-am întâlnit aici.	6397491	Li abbiamo incontrati qua.
9233261	Câte poze a făcut Tom?	6448630	Quante foto ha fatto Tom?
9233261	Câte poze a făcut Tom?	6448631	Quante fotografie ha fatto Tom?
8190694	Mary și-a părăsit soțul.	6449127	Mary ha lasciato suo marito.
8190694	Mary și-a părăsit soțul.	6449128	Mary lasciò suo marito.
5212673	Nouă chiar ne plac picnicurile mult.	6464179	Ci piacciono davvero molto i picnic.
5212673	Nouă chiar ne plac picnicurile mult.	6464180	Ci piacciono veramente molto i picnic.
5212673	Nouă chiar ne plac picnicurile mult.	6464182	A noi piacciono davvero molto i picnic.
5212673	Nouă chiar ne plac picnicurile mult.	6464183	A noi piacciono veramente molto i picnic.
8931238	Deja am băut trei cești de cafea.	6469984	Ho già bevuto tre tazze di caffè.
5861966	Trebuie să evacuăm.	6471713	Dobbiamo evacuare.
7992948	O știu atât pe Mary cât și pe soțul ei.	6478043	Conosco sia Mary che suo marito.
7992948	O știu atât pe Mary cât și pe soțul ei.	6478044	Io conosco sia Mary che suo marito.
11949385	Nu mă uit niciodată la TV.	6533475	Non guardo mai la TV.
11522238	Nilul este un râu.	6561624	Il Nilo è un fiume.
2639128	Vorbesc araba.	6562805	Parlo l'arabo.
8786220	Tom este un supraviețuitor.	6563099	Tom è un sopravvissuto.
6585500	Din ce este făcut asfaltul?	6569863	Di cosa è fatto l'asfalto?
6585483	Ce vor părinții tăi de Crăciun?	6570453	Cosa vogliono i tuoi genitori per Natale?
6585483	Ce vor părinții tăi de Crăciun?	6570455	Che cosa vogliono i tuoi genitori per Natale?
11905342	Acest restaurant acceptă doar numerar.	6571354	Questo ristorante accetta solo contanti.
11905342	Acest restaurant acceptă doar numerar.	6571355	Questo ristorante accetta soltanto contanti.
11905342	Acest restaurant acceptă doar numerar.	6571356	Questo ristorante accetta solamente contanti.
6574583	Este asta fără gluten?	6574483	È senza glutine?
9666389	Tom și Mary glumesc?	6577201	Tom e Mary stanno scherzando?
6581924	Subiectul este de mare importanță.	6581928	La questione è di grande importanza.
6582935	Nu te așeza pe banca aceea.	6582938	Non sederti su quella panchina.
6582935	Nu te așeza pe banca aceea.	6582942	Non ti sedere su quella panchina.
11973954	Nu mai sunt învățător.	6585024	Non sono più un insegnante.
11973955	Nu mai sunt profesor.	6585024	Non sono più un insegnante.
9031430	Tom are un interviu de angajare luni.	6668481	Tom ha un colloquio di lavoro lunedì.
12083838	Tom a murit de tuberculoză în 2013.	6669010	Tom è morto di tubercolosi nel 2013.
12083840	Tom e mort de tuberculoză în 2013.	6669010	Tom è morto di tubercolosi nel 2013.
11477886	Nu spuneți niciodată o minciună!	6678914	Non dite mai una bugia!
11477888	Să nu mințiți niciodată!	6678914	Non dite mai una bugia!
8398038	Tom merge în Germania.	6697616	Tom va in Germania.
8006251	Nimeni nu are nici o explicație.	6722055	Nessuno ha una spiegazione.
11949456	Nu mergem în Olanda?	6722858	Non andiamo in Olanda?
1144038	Îți pot folosi mașina, tată?	6726749	Posso usare la tua macchina, papà?
1144038	Îți pot folosi mașina, tată?	6726755	Posso usare la tua auto, papà?
1144038	Îți pot folosi mașina, tată?	6726756	Posso usare la tua automobile, papà?
11474705	Știam că vei veni.	6727977	Sapevo che saresti venuto.
11949406	"Ce naționalitate au unchii lor?" "Columbieni."	6745175	"Di che nazionalità sono i loro zii?" "Colombiana."
11939006	"Ce naționalitate au prietenele tale?" "Libaneze."	6748425	"Di che nazionalità sono le tue amiche?" "Libanese."
7992966	Casa are trei etaje.	6765764	La casa ha tre piani.
6764178	Numele tău nu este Tom, așa-i?	6765793	Il tuo nome non è Tom, vero?
11484596	Nu vă lipsește nimic?	6775100	Non vi manca nulla?
6546332	Pantofii mei sunt uzați.	6776238	Le mie scarpe sono consumate.
11484604	Tom vorbi cu multă lume.	6792636	Tom parlò con molta gente.
5221708	Lui Tom nu-i place la școală.	6799388	A Tom non piace la scuola.
8931238	Deja am băut trei cești de cafea.	6803819	Io ho già bevuto tre tazze di caffè.
11905362	Putem să luăm prânzul în autobuz.	6807081	Possiamo pranzare sull'autobus.
11905362	Putem să luăm prânzul în autobuz.	6807082	Noi possiamo pranzare sull'autobus.
11816645	Ai ziare rusești?	6832288	Hai dei giornali russi?
11816645	Ai ziare rusești?	6832289	Tu hai dei giornali russi?
9256032	Tom a mâncat pizza la micul dejun.	6854395	Tom ha mangiato la pizza per colazione.
9256032	Tom a mâncat pizza la micul dejun.	6854396	Tom ha fatto colazione con la pizza.
12450713	Tom a vorbit în franceză cu mine.	6872283	Tom parlò con me in francese.
11484636	Asta a fost în totalitate ideea mea.	6876807	Questa è stata in tutto e per tutto una mia idea.
1137617	Și-a dedicat viața ajutorării săracilor.	6901319	Ha dedicato la sua vita ad aiutare i poveri.
11944600	Nu ar fi trebuit să mănânce peștele crud.	6901674	Non avrebbe dovuto mangiare il pesce crudo.
1294684	Și eu îl vreau!	6985408	Anch'io lo voglio!
11477891	Nu l-am văzut pe Tom de când s-a întors de la Boston.	7012219	Non vedo Tom da quando è tornato da Boston.
10162473	Tom mi-a spus că a câștigat.	7017037	Tom mi disse che vinse.
10666378	Am pus planul în practică.	7029576	Ho messo in pratica il piano.
8430521	Tom a acționat irațional.	7042658	Tom ha agito in modo irrazionale.
8430521	Tom a acționat irațional.	7042659	Tom agì in modo irrazionale.
7045800	Tom nu a călătorit niciodată peste hotare.	7045753	Tom non ha mai viaggiato all'estero.
9062338	Am simțul umorului.	7049342	Ho il senso dell'umorismo.
9062338	Am simțul umorului.	7049343	Io ho il senso dell'umorismo.
9622612	Tom este fiul lui Mary, nu-i așa?	7050039	Tom è il figlio di Mary, vero?
8431666	Îngrijirea pielii este importantă.	7096177	È importante prendersi cura della propria pelle.
11484582	Tom s-a dus în parc.	7097248	Tom è andato al parco.
11949394	Sunt încă confuză.	7218877	Sono ancora confusa.
9666437	Este ceva pentru tine pe masă.	7279661	C'è qualcosa per te sul tavolo.
4175976	De obicei sunt taxiuri în fața gării.	7361360	Solitamente ci sono dei taxi di fronte alla stazione dei treni.
7754832	Iarna a fost rece și cu ninsori.	7415530	L'inverno era freddo e nevoso.
8563929	Intră, Tom.	7415601	Entra, Tom.
7992877	Tom suferă de dureri de cap.	7419053	Tom soffre di mal di testa.
8605275	Și Tom și Mary sunt nebuni.	7477104	Sia Tom che Mary sono pazzi.
9263321	A spus că este furioasă.	7487545	Ha detto che è furiosa.
9263321	A spus că este furioasă.	7487546	Ha detto di essere furiosa.
11939029	Spuse că nu avea treizeci de ani.	7536412	Disse che non aveva trent'anni.
11474735	Miercuri nu e algebră?	7566189	Mercoledì non c'è algebra?
12769685	Lunea merg la școală?	7567574	Il lunedì vado a scuola?
11939023	Mă duc să construiesc școli în Spania.	7615983	Vado a costruire scuole in Spagna.
11939014	Se duc să construiască școli în Somalia?	7617009	Vanno a costruire scuole in Somalia?
11949387	Merg să construiesc zgârie-nori în Argentina.	7623754	Vado a costruire grattacieli in Argentina.
7726620	A nins cu zilele.	7632799	Nevicò per giorni.
11939016	Se duc să construiască crescătorii în Etiopia?	7643241	Vanno a costruire allevamenti in Etiopia?
11949384	Mă duc să construiesc bănci în Bulgaria.	7656026	Vado a costruire banche in Bulgaria.
11474732	Nu se duce în Bulgaria să construiască barăci?	7659091	Non va a costruire baracche in Bulgaria?
11949449	Nu se duce să construiască baze militare în România?	7661997	Non va a costruire basi militari in Romania?
11477901	Înotătoarea, Cindy Nicholas, a reușit cu greu să ajungă la malul din Dover, la finalul înotării lungi, dar o purtătoare de cuvânt a Channel Swimming Association a anunțat că era foarte în formă.	7702494	La nuotatrice, Cindy Nicholas, è riuscita a malapena a giungere a riva a Dover alla fine della lunga nuotata, ma un portavoce della Channel Swimming Association ha annunciato che era molto in forma.
11938999	De obicei, nu beau cafea.	7711282	Di solito non bevo caffè.
8608222	M-am prefăcut că sunt fericit.	7746430	Finsi di essere felice.
7749226	Iernile din Germania sunt reci.	7749233	Gli inverni tedeschi sono freddi.
11939019	Sper ca discursul lui Tom să nu fie plictisitor.	7777378	Spero che il discorso di Tom non sia noioso.
3608136	Este o floarea-soarelui.	7794230	Questo è un girasole.
11939030	Copiii au văzut asta.	7894124	I bambini hanno visto questo.
7361654	Cum este clima în țara ta?	7970177	Com'è il clima nel tuo paese?
8774272	Suntem în bibliotecă.	7980058	Siamo in biblioteca.
11949416	Tom va juca baseball mâine.	8026723	Tom giocherà a baseball domani.
9860150	Refugiații au fost excluși din țară.	8035030	I rifugiati sono stati esclusi dal paese.
8190802	Am crescut cu Tom.	8086661	Sono cresciuto con Tom.
12331614	Spune că ne va ajuta azi.	8145369	Dice che ci aiuterà oggi.
11949459	Încă învăț cum s-o fac.	8222487	Sto ancora imparando come farlo.
11949458	Putem să ieșim de aici acum, te rog?	8237174	Possiamo uscire da qui adesso, per favore?
8605315	Tom i-a dat lui Mary un dolar.	8247860	Tom ha dato un dollaro a Mary.
11973945	Trebuie să fie orgolios de el însuși.	8267067	Deve essere orgoglioso di sé.
12264940	Este lapte?	8328298	Quello è latte?
9636203	Urăsc să vin în Boston.	8378789	Odio venire a Boston.
7611501	Vine Crăciunul!	8382069	Il Natale sta arrivando!
11949413	Sunt în Turcia.	8417271	Sono in Turchia.
8878641	Tom este un poet bun.	8425196	Tom è un bravo poeta.
8878640	Tom e un poet bun.	8425197	Tom è un buon poeta.
8878641	Tom este un poet bun.	8425197	Tom è un buon poeta.
8774038	Va ploua?	8469478	Pioverà?
12318983	Ziua lui de naștere a fost ieri.	8507803	Il suo compleanno era ieri.
8410740	Cunosc sistemul.	8545854	Conosco il sistema.
9967732	Plouă aici.	8552814	Sta piovendo qui.
8554042	Universul este un mister.	8553545	L'Universo è un mistero.
8559182	Nu vreau ca țara mea să devină membru al Uniunii Europene.	8559179	Non voglio che il mio paese diventi membro dell'Unione Europea.
6638300	Cred că asta este o evaluare corectă.	8644345	Penso che sia una stima esatta.
11986146	Toți suntem maimuțe.	8672394	Siamo tutti delle scimmie.
11986146	Toți suntem maimuțe.	8672395	Siamo tutte delle scimmie.
11949439	E persoana în funcție, nu-i așa?	8703269	È la persona in carica, vero?
13074243	Căsătoria nu a fost consumată.	8704975	Il matrimonio non è stato consumato.
9287612	Ea este extrovertită, nu-i așa?	8717702	Lei è estroversa, vero?
11939022	Mi-a împrumutat mașina sa.	8765376	Mi ha prestato la sua auto.
11949426	Suntem aproape lefteri.	8771811	Siamo quasi al verde.
11949400	Când vrei să-l cunoști?	8875456	Quando lo vuoi conoscere?
11949421	Spuse că găsise ceva.	8879689	Disse che aveva trovato qualcosa.
11939021	Îmi spuse că vroia s-o sărute.	8883247	Mi disse che la voleva baciare.
11477895	Pierdu toate economiile sale.	8902352	Perse tutti i suoi risparmi.
8948977	Tom nu a fost agresiv.	8948487	Tom non era aggressivo.
8962252	Acesta este planul nostru.	8961439	Questo è il nostro piano.
8962239	Păsările nu cântă noaptea.	8961555	Di notte gli uccelli non cantano.
10552709	Ei au spus că nu erau interesați.	8977615	Hanno detto che non erano interessati.
10552709	Ei au spus că nu erau interesați.	8977616	Hanno detto che non erano interessate.
8979836	Tom nu este magician.	8979097	Tom non è un mago.
8992635	O plăcere!	8986393	È un piacere!
8992638	Plăcerea e a mea!	8986397	Il piacere è mio!
8992642	Eu mă numesc Nuno și sunt din Portugalia, dar locuiesc în Rio.	8986398	Mi chiamo Nuno e vengo dal Portogallo, ma vivo in Rio.
8992651	Ești bine? Da, sunt.	8986423	"Stai bene?" "Sì"
8992654	„Eu locuiesc în Rusia, tu?” „Locuiesc în Ucraina.”	8986433	"Vivo in Russia, e tu?" "Vivo in Ucraina"
11484623	O va vizita azi.	9009453	Lo visiterà oggi.
11484625	Îl va vizita azi.	9009453	Lo visiterà oggi.
9860128	Chiar îmi place cum gândește Tom.	9040105	Mi piace molto il modo in cui Tom pensa.
9860172	Acesta este un nume interesant.	9059966	Questo è un nome interessante.
9256002	Trebuie să găsim o moschee.	9065478	Dobbiamo trovare una moschea.
11484611	A murit în somn noaptea trecută.	9065626	È morto nel sonno la scorsa notte.
11484613	Făcu fotografiile astea în moschee.	9072098	Fece queste fotografie nella moschea.
11949468	Își vizitează mătușa și unchiul luna următoare.	9329921	Visita sua zia e suo zio il mese prossimo.
9967785	Plouă mult.	9706862	Piove molto.
9860142	Am încercat-o de mai multe ori.	9713232	L'ho provato diverse volte.
9860142	Am încercat-o de mai multe ori.	9713233	L'ho provata diverse volte.
8961817	Leo Messi este fotbalist.	9715008	Leo Messi è un calciatore.
8961817	Leo Messi este fotbalist.	9715009	Leo Messi è un giocatore di calcio.
11949431	Sunt bine, sunt doar ocupată.	9715921	Sto bene, sono solo impegnata.
11949391	Încălzește laptele.	9724097	Scaldi il latte.
6909019	Nu am făcut nici asta.	9930107	Non ho fatto neanche questo.
11949435	Stridia face perla, albina face mierea, omul face știința.	9944474	L'ostrica fa la perla, l'ape fa il miele, l'uomo fa la scienza.
10046268	Tom mi-a făcut o favoare.	10047769	Tom mi ha fatto un favore.
11939026	"Cât de copt vrei să fie hamburgerul?" "E bine în sânge."	10073069	"Che cottura vuoi per l'hamburger?" "Va bene al sangue."
11905331	Asta este apă de băut.	10245726	Questa è acqua potabile.
11944580	Vă rog, fără ceapă în hamburgerul meu!	10245852	Per piacere, nessuna cipolla nel mio hamburger!
11944580	Vă rog, fără ceapă în hamburgerul meu!	10245853	Per favore, nessuna cipolla nel mio hamburger!
8605727	El a făcut clătite pentru ea.	10459134	Ha preparato dei pancake per lei.
8605727	El a făcut clătite pentru ea.	10459136	Preparò dei pancake per lei.
10472969	Filipinezii nu sunt ca elvețieni.	10472959	I filippini non sono come gli svizzeri.
13110040	Acum trăiesc în Boston.	10612516	Ora vivo a Boston.
13110040	Acum trăiesc în Boston.	10612517	Adesso abito a Boston.
11477894	Lui Tom îi place să predea franceza.	10701494	A Tom piace insegnare francese.
5041280	Mai vine după luna aprilie.	10724508	Maggio viene dopo aprile.
11177873	Este o aplicație bună pentru a începe să faci sport.	10836830	È una buona applicazione per cominciare a fare sport.
11177935	Noi vedem puțină zăpadă aici.	10836836	Da noi la neve si vede poco.
10852430	Îmi place ceasul acesta.	10852421	Mi piace questo orologio.
10895192	Ea cântă ca un înger.	10895190	Canta come un angelo.
12056537	El are probleme la școală.	11036031	Ha dei problemi a scuola.
10000158	Cum a fost la școală azi?	11037162	Com'è stata la scuola oggi?
11520736	Tom nu era acasă.	11080664	Tom non era a casa.
11918416	Rusia se află în Rusia.	11090217	La Russia si trova in Russia.
11944588	Mai vreți pastă?	11096136	Volete altra pasta?
11944585	Vreți mai multă pastă?	11096137	Volete più pasta?
506866	”Mulțumesc.” ”Cu plăcere.”	11136862	"Grazie!" "Prego!"
11939011	Vreau să văd filme grecești.	11252344	Voglio guardare dei film greci.
11477890	Te rogi?	11442615	Preghi?
11726465	Ianuarie este luna mea.	11466105	Gennaio è il mio mese.
11577859	Bunica mea era o femeie înțeleaptă.	11577856	Mia nonna era una donna saggia.
11592731	Îmi place bucătăria grecească.	11592727	Mi piace la cucina greca.
11650070	Piper sau sare?	11650063	Pepe o sale?
11657517	Este un taur sau un bou?	11657516	È un toro o un bue?
11939008	Tom nu bea vin roșu.	11710312	Tom non sta bevendo vino rosso.
10535288	Roșiile sunt roșii.	11712831	I pomodori sono rossi.
11973912	A aruncat un ou stricat către ea.	11727943	Le ha lanciato un uovo marcio.
11730097	Eu sunt lumina, calea și viața.	11730155	Io sono la luce, la via e la vita.
11734497	Limba latină este vie în Tatoeba.	11734530	La lingua latina è viva in Tatoeba.
11742394	Helena este nora mea preferată.	11742386	Helena è la mia nuora preferita.
11745017	Fotograful este un fel de pictor.	11745038	Il fotografo è una specie di pittore.
11753056	Polițiștii poartă pantaloni negri și cămăși albastre.	11753064	Gli agenti di polizia indossano pantaloni neri e camicie blu.
11760050	Eu sunt la semafor.	11760089	Sono al semaforo.
11766719	Al cui este acest portofel?	11766743	Di chi è questo portafoglio?
11949464	Stropi de sudoare mi se scurseră în ochi.	11770600	Perle di sudore mi colarono negli occhi.
11784544	„Libertate, Egalitate, Fraternitate” este un exemplu de motto tripartit.	11784546	"Libertà, Uguaglianza, Fraternità" è un esempio di motto tripartito.
11848024	Băiatul nu a mers la biserică.	11848036	Il ragazzo non è andato in chiesa.
13109875	Planul meu a mers.	11854179	Il mio piano funzionò.
11863272	Este literatura o artă?	11863277	La letteratura è un'arte?
11865503	Nu vreau să fiu ca tine.	11865507	Non voglio essere come te.
13109849	Încă sunt obosit.	11874303	Sono ancora esausto.
11885166	Ele sunt tinere și deștepțe.	11885170	Sono giovani e intelligenti.
11889180	Gramatica este foarte importantă.	11889156	La grammatica è molto importante.
11889335	Ce fel de haine poartă arbitrii?	11889366	Che tipo di abbigliamento indossano gli arbitri?
11889899	Doriți să mergeți la mare?	11889923	Ti piacerebbe andare al mare?
11889985	Ne-am dori să mergem la munte.	11889999	Vorremmo andare in montagna.
11893525	O să spălăm mașina.	11893551	Andiamo a lavare la macchina.
11900894	Care este moneda țării tale?	11900896	Qual è la valuta del tuo paese?
11902532	Leul este moneda României.	11902540	Il leu è la valuta della Romania.
11973906	Mărfurile importate au avut parte de un control al calității riguros.	11973784	Le merci importate hanno subito un controllo di qualità rigoroso.
11973897	Transportul mărfurilor perisabile necesită atenție la temperaturi.	11973785	Il trasporto delle merci deperibili richiede attenzione alle temperature.
11973885	Cererea de bunuri de lux a crescut constant în ultimele luni.	11973786	La domanda di merci di lusso è cresciuta costantemente negli ultimi mesi.
11973879	Clientul a restituit produsele defecte pentru a primi o rambursare.	11973787	Il cliente ha restituito le merci difettose per ottenere un rimborso.
11973873	Producția de bunuri cu impact ambiental redus este o tendință în creștere.	11973788	La produzione di merci a basso impatto ambientale è una tendenza emergente.
11973867	Târgul commercial a atras numeroși expozanți de produse inovatoare.	11973789	La fiera commerciale ha attirato numerosi espositori di merci innovative.
11973854	Mărfurile expuse pe raft erau ordinate în mod impecabil.	11973790	Le merci esposte sullo scaffale erano ordinate in modo impeccabile.
11973846	Vânzătorul a lansat o campanie publicitară pentru a promova noile produse.	11973791	Il commerciante ha lanciato una campagna pubblicitaria per promuovere le nuove merci.
11973842	Trasabilitatea mărfurilor e fundamentală pentru a monitoriza fluxul distribuției.	11973792	La tracciabilità delle merci è fondamentale per monitorare il flusso di distribuzione.
11973835	Comerțul online a revoluționat modul în care sunt cumpărate mărfurile.	11973794	Il commercio online ha rivoluzionato il modo in cui le merci vengono acquistate.
11974031	Produsele cumpărate online au fost livrate direct la domiciliul clientului.	11973833	Le merci acquistate online sono state consegnate direttamente al domicilio del cliente.
11974006	Calitatea bunurilor e un element cheie pentru a-i fideliza pe clienți.	11973844	La qualità delle merci è un elemento chiave per fidelizzare i clienti.
11974001	Societatea a avut o creștere considerabilă a vânzărilor de mărfuri în ultimele luni.	11973845	La società ha avuto un notevole aumento delle vendite di merci negli ultimi mesi.
11973999	Comerciantul a semnat un contract de furnizare pe termen lung pentru a-și asigura mărfurile cerute.	11973848	Il commerciante ha sottoscritto un contratto di fornitura a lungo termine per assicurarsi le merci richieste.
11973994	Lipsa de mărfuri în magazin a dus la o scădere a veniturilor.	11973849	La mancanza di merci nel negozio ha portato a una diminuzione delle entrate.
11973990	Comerciantul a avut un mare succes cu importul de produse exotice.	11973851	Il commerciante ha avuto un grande successo nell'importazione di merci esotiche.
11973987	Bunul a fost supus unei inspecții minuțioase înainte de expediție.	11973852	La merce è stata sottoposta a un'accurata ispezione prima della spedizione.
11973983	Controlul calității mărfurilor este o practică standard în producție.	11973855	Il controllo della qualità delle merci è una pratica standard nella produzione.
11973978	Gestiunea inventarului e esențială pentru a evita excesul sau lipsa de mărfuri.	11973856	La gestione dell'inventario è essenziale per evitare sovrapproduzione o scorte insufficienti di merci.
11973961	Compania a introdus un sistem de trasabiliate pentru a monitoriza parcursul mărfurilor în timp real.	11973858	L'azienda ha introdotto un sistema di tracciabilità per monitorare il percorso delle merci in tempo reale.
12004520	Pianul este greu.	12004518	Il pianoforte è pesante.
9714806	Foarte simplu!	12018906	Un gioco da ragazzi!
12046232	Eu stau de pază.	12046204	Faccio la guardia.
12046284	Stau de pază.	12046204	Faccio la guardia.
12069038	Nu-ți este dor de mama ta?	12069072	Non ti manca tua madre?
12126212	Persoana care a scris această carte nu a fost niciodată în Rusia.	12126217	La persona che ha scritto questo libro non è mai stata in Russia.
12132954	Important este că suntem o echipă.	12132961	L’importante è che siamo una squadra.
12161464	Consiliul de revizuire al lui Tatoeba este extrem de eficient.	12161482	Il comitato di revisione di Tatoeba è estremamente efficiente.
12699456	Contractul de muncă a fost însoțit de o listă completă de beneficii și obligații pentru ambele părți.	12177234	Il contratto di lavoro era corredato da un elenco completo dei benefici e degli obblighi per entrambe le parti.
12212336	Nu mai sunt singur.	12212329	Non sono più solo.
12212340	Nu mai sunt singură.	12212331	Non sono più sola.
12216140	Am auzit că s-a dus la magazin.	12216160	Ho sentito che è andata al negozio.
12238416	Este un film thriller.	12238440	È un film thriller.
12243608	Copiii au crescut foarte mult în ultimele luni.	12243615	I bambini sono cresciuti molto in questi mesi.
12411903	Dragostea se naște din privire.	12411911	L'amore nasce dallo sguardo.
12414418	Ce frumoasă ești, iubita mea! Cât de frumoasă ești!	12414435	Quanto sei bella, mia amata! Come sei bella!
12462775	Nu toți evreii vorbesc ebraică.	12462787	Non tutti gli ebrei parlano ebraico.
12472232	Fiecare țară are propriul ei steag.	12472235	Ogni paese ha la propria bandiera.
12509074	Ai înțeles întrebarea?	12509081	Hai capito la domanda?
12632111	Mary mi-a spus că câinele ei a murit.	12512932	Mary mi ha detto che il suo cane è morto.
12632111	Mary mi-a spus că câinele ei a murit.	12512933	Mary mi disse che il suo cane morì.
7633950	A tăcut un moment.	12546384	Rimase un momento in silenzio.
4694518	Ziua bună, de dimineață se cunoaște.	12546398	Il buon giorno si conosce dal mattino.
10943150	Veverița mănâncă o nucă.	12623023	Lo scoiattolo mangia una noce.
12690320	Autorul cărții ăsteia n-a fost niciodată în Rusia.	12690306	L'autore di questo libro non è mai stato in Russia.
12769747	Îmi place pâinea făcută în casă.	12766245	Io amo il pane fatto in casa.
12769746	Șinșila mea mănâncă pâinea.	12766246	Il mio cincillà mangia il pane.
12769745	Au salvat pâinea.	12766253	Hanno salvato il pane.
12769744	Salvară pâinea.	12766254	Salvarono il pane.
12769743	Yanni a cumpărat un coș cu pâine.	12766259	Yanni ha comprato una cesta di pane.
12769742	Yanni cumpără un coș cu pâine.	12766260	Yanni comprò una cesta di pane.
12769739	Numește trei tipuri de pâine.	12766261	Nomina tre tipi di pane.
12769740	Spuneți trei tipuri de pâine.	12766262	Nominate tre tipi di pane.
12769739	Numește trei tipuri de pâine.	12766263	Nomini tre tipi di pane.
12769736	Luăm pâinea asta!	12766265	Prendiamo questo pane!
12769733	Cauți pâine?	12766312	Stai cercando del pane?
12769735	Vreți pâine?	12766313	Sta cercando del pane?
12769726	Căutați pâine?	12766314	State cercando del pane?
12769725	Nu cumpără pâine.	12766319	Non stanno comprando del pane.
12769720	Tom preferă să mănânce supa de roșii.	12767792	Tom preferisce mangiare la zuppa di pomodoro.
12769719	Maria are treizeci de ani, nu-i așa?	12767935	Mary ha trent'anni, vero?
12769717	Maria pune masa, nu-i așa?	12767936	Mary sta apparecchiando la tavola, vero?
12769714	Maria știe că ar trebui să-l ajute pe Tom.	12767941	Mary sa che dovrebbe aiutare Tom.
12769712	Avem trei pisici.	12767942	Abbiamo tre gatti.
12769710	Pisicile își îngroapă caca.	12767946	I gatti seppelliscono la loro cacca.
13110044	Mary a făcut lucrul corect, nu-i așa?	12833254	Mary ha fatto la cosa giusta, vero?
12890343	Îl socotesc un prieten adevărat.	12890492	Lo considero un vero amico.
12942619	Războiul stupid și sângeros se încheie.	12942626	La guerra stupida e sanguinosa giunge al termine.
12988120	Casa noastră este un submarin galben.	12988139	La nostra casa è un sottomarino giallo.
13029062	Simplitatea limbajului – Toki Pona.	13029039	Semplicità del linguaggio – Toki Pona.
13032883	Astăzi a scris o sută de propoziții pentru cartea sa.	13032877	Oggi ha scritto cento frasi per il suo libro.
13064748	Viitorul nu va fi construit prin forţă, nici prin dorinţa de cucerire, ci prin aplicarea perseverentă a metodei democratice, prin spiritul constructiv al înțelegerii şi prin respectul pentru libertate.	13064581	Il futuro non verrà costruito con la forza, nemmeno con il desiderio di conquista ma attraverso la paziente applicazione del metodo democratico, lo spirito di consenso costruttivo e il rispetto della libertà”
13158754	Cum putem să ne protejăm de coronavirus?	13158751	Come possiamo proteggerci dal coronavirus?
13187774	Au suferit o intoxicație cu ciuperci, deoarece au consumat ciuperci necontrolate.	13187785	Hanno sofferto di un'intossicazione da funghi perché hanno mangiato funghi non controllati.
13190110	După meci a început o luptă între susținători.	13190109	Dopo la partita è iniziata una battaglia tra i sostenitori.
13192727	Să-l aruncăm sus!	13192724	Lanciamolo in alto!
13209170	Îmi dai o pungă de hârtie pentru cumpărături?	13209177	Mi dai un sacchetto di carta per gli acquisti?
13218462	Competențele sale în domeniul informaticii sunt recunoscute la nivel internațional.	13218458	Le sue competenze nel campo dell'informatica sono riconosciute a livello internazionale.
13221077	Nu spune prostii!	13221078	Non dire sciocchezze!
13221543	Trebuie să caut un loc de muncă mai apropiat.	13221545	Devo cercare un posto di lavoro più vicino.
13222745	Legarea prieteniei adevărate durează mult timp.	13222748	Il legame di una vera amicizia dura a lungo.
13227459	Apetitul este dorința de a mânca.	13227455	L'appetito è il desiderio di mangiare.
12695754	Dumnezeu nu este real.	13233088	Dio non è reale.
13238106	Aventurierii, vă rog să stați departe!	13238102	Avventurieri, per favore state lontani!
13325918	Cine a trimis această scrisoare?	13325880	Chi ha spedito questa lettera?
8962244	Tom nu este rabin.	13328813	Tom non è un rabbino.
13336883	Tom a apucat stingătorul și a alergat spre flăcări.	13336881	Tom afferò l'estintore e corse verso le fiamme.
8863106	Verbele neregulate sunt o parte a limbii engleze.	13344433	I verbi irregolari fanno parte della lingua inglese.
13399789	Limba maternă este carte de identitate.	13399791	La lingua madre è un documento d'identità.
