5653	Я не хочу идти в школу.	414523	Nem akarok iskolába menni.
242	Один раз в жизни я делаю хорошее дело... И оно бесполезно.	414524	Egyszer teszek az életemben jó dolgot... és teljesen hiába.
5611	Я не говорю по-японски.	414525	Nem beszélek japánul.
5410	Что ты делаешь?	414527	Mit csinálsz?
5409	Мне пора идти спать.	414528	Mennem kell aludni.
402782	Джим ещё не пришёл?	414531	Jim még mindig nem jött meg?
5413	С днём рождения, Мюриэл!	414533	Boldog születésnapot, Muiriel!
5414	Мюриэл сейчас 20.	414536	Muiriel húsz éves.
5415	Пароль «Muiriel».	414537	A jelszó: Muiriel.
5418	У меня нет слов.	414542	Nem találok rá szavakat.
5423	Это новая фотография?	414549	Ez egy mostani fénykép?
5424	Я не знаю, будет ли у меня время.	414553	Nem tudom, hogy tudok-e időt szakítani rá.
5441	Я скучаю по тебе.	414558	Hiányzol.
5440	Не беспокойся.	414559	Ne aggódj!
5442	Я позвоню им завтра, когда вернусь домой.	414564	Holnapra hazaérek, és felhívom őket.
5448	Я так жить не могу.	414567	Nem tudok így élni.
5453	К сожалению, это правда.	414571	Sajnálatos, de igaz.
5459	Ты уверен?	414573	Biztos vagy benne?
5467	Ты шутишь?	414577	Ezt most viccnek szántad?
5468	Это самая глупая вещь, которую я когда-либо говорил.	414594	Ekkora butaságot még életemben nem mondtam.
423059	Я спрашивал об этой книге во многих магазинах.	534008	Több üzletben is kérdeztem ezt a könyvet.
423060	Это её компакт-диск.	534014	Ez az ő CD-je.
5527	Я не люблю толпу.	534622	Nem szeretem a tömeget.
533134	Нэнси боится собак.	538690	Nenszi fél a kutyáktól.
538807	За свободу нужно платить.	538814	A szabadságért fizetni kell.
467040	Что вы думаете об этом?	539129	Mit gondol erről?
467040	Что вы думаете об этом?	539133	Mit gondolsz erről?
553338	Кен хочет стать бейсбольным игроком.	553402	Ken baseballjátékos szeretne lenni.
553235	В комнате стояло пианино, но на нём никто не играл.	553404	A szobában állt egy zongora, azon viszont senki nem játszott.
551323	Он мой друг.	553407	Ő a barátom.
553215	У меня всё меньше и меньше времени на чтение.	553411	Egyre kevesebb időm van az olvasásra.
412511	Когда вы вернётесь в Японию?	553412	Mikor mész vissza Japánba?
553207	Я чищу зубы зубной щёткой.	553413	Fogkefével fogat mosok.
553067	Тепло и свет необходимы для нашего существования.	553420	A meleg és a fény elengedhetetlen életben maradásunkhoz.
553065	Она вырезала картинку из книги.	553421	Kivágott egy képet a könyvből.
553063	Мы никогда не будем поддаваться на требования террористов.	553423	Nem engedhetünk a terrorista követeléseknek.
552939	Популярный певец покончил жизнь самоубийством.	553426	A híres énekes öngyilkosságot követett el.
552414	Сейчас в озере гораздо больше воды, чем раньше.	553429	Sokkal több a víz a tóban, mint előtte volt.
552304	Самый эффективный метод для пропагандирования эсперанто является свободное и элегантное использование этого языка.	553434	Az eszperantó nyelv elterjesztését leginkább az segíti, ha nyíltan és szabatosan használják a nyelvet.
552294	Я с ним часто общаюсь в автобусе.	553436	Az autóbuszon gyakran szóba elegyedek vele.
552174	Он любит кофе без сахара.	553438	A kávét cukor nélkül szereti.
381030	Он объяснил мне, как играть на гитаре.	553442	Megmutatta hogyan kell gitáron játszani.
552167	Он рассказал мне интересную историю.	553444	Elmondott egy érdekes történetet.
552164	Увидев меня, мальчик убежал.	553447	Amint a fiú meglátott, elfutott.
552156	У меня нет возможности купить новую машину.	553449	Nem áll módomban új autót venni.
551553	Эти лекарства надо принимать три раза в день.	553450	Ezeket a gyógyszereket napi háromszor kell szedni.
551339	Друзья пригласили меня на ужин.	553453	A barátaim meghívtak vacsorázni.
551335	У неё много друзей в США.	553455	Sok barátja amerikai.
551322	Моя подруга плохо себя чувствует.	553457	Rosszul érzi magát a barátnőm.
551312	Мои родители из Китая.	553458	A szüleim kínaiak.
551310	Она говорит по-китайски.	553460	Kínaiul beszél.
551308	Мы учим китайский.	553461	Kínaiul tanulunk.
551294	Вы говорите по-китайски?	553465	Beszél ön kínaiul?
550963	У меня три фотоаппарата.	553467	Három fényképezőgépem van.
550942	Том любит плавать.	553468	Tom szeret úszni.
550754	Я иногда встречаю его в клубе.	553471	Néha összefutok vele a klubban.
550042	Мне нужно переговорить с тобой.	553472	Beszédem van veled.
550039	Он жил одиноко в лесу.	553473	Egyedül élt az erdőben.
550009	Китай и Япония во многом отличаются.	553476	Kína és Japán sokban különbözik.
549939	Она в туалете.	553477	Vécén van.
549921	Мы сразу подружились.	553479	Rögtön összebarátkoztunk.
549909	Я ничего не слышал.	553481	Nem hallottam semmit.
549905	Линда любит шоколад.	553482	Linda szereti a csokoládét.
549653	Когда две армии идут в бой, те, кто могут сражаться, должны сражаться. Те, кто не могут сражаться, должны охранять. Те, кто не могут охранять, должны бежать. Те, кто не могут бежать, должны капитулировать. Те, кто не могут капитулировать, должны умереть.	553486	Amikor két erő összecsap, aki tud, harcoljon. Aki nem harcol, az védekezzen. Aki nem védekezik, az meneküljön. Aki nem menekül el, az adja meg magát. Akik magukat nem adták meg, azoknak a halál jár.
445483	Это очень вкусно.	553489	Nagyon finom.
547953	Я только что изменил фотографию на моей аватаре.	553492	Most változtattam meg a profilképemet.
547887	Здесь очень холодно.	553500	Erre nagyon nagy a hideg.
547765	Я не шучу.	553503	Nem tréfálok.
547762	Я сам видел его.	553506	Saját szememmel láttam.
547745	Время — лучший лекарь.	553511	Az idő gyógyít.
546138	Если есть ошибки, исправь их.	553518	Az esetleges hibákat javítsd ki.
558521	Победа и поражение не решаются только размером армии.	559068	A győzelmet vagy a vereséget nem csak a hadsereg mérete dönti el.
558054	Какао может быть очень горьким.	559071	A kakaó nagyon keserű lehet.
558047	Если хотите, я научу вас играть в шахматы.	559074	Ha szeretnéd, megtanítalak sakkozni.
558036	Доктор, у меня болит живот.	559077	Doktor úr, fáj a hasam.
558030	Я ложусь спать в одиннадцать вечера.	559080	Este tizenegykor megyek aludni.
557929	Пожалуйста, подождите полчаса.	559085	Kérem, várjon fél órát.
556678	Ты достаточно взрослый, чтобы знать лучше.	559086	Elég idős vagy ahhoz, hogy magad is tudjad.
556178	Можно мне попользоваться твоим карандашом?	559088	Használhatnám a ceruzádat?
556173	Лезвие этого ножа очень острое.	559089	A késnek éles pengéje van.
556165	Я купил ту машину.	559090	Azt az autót vettem.
556080	Выброси эту кучу старых газет.	559091	Szabaduljon meg attól a sok régi újságpapírtól.
556079	На нашем первом свидании он достал телефон и начал набирать кому-то сообщение. Я не могла в это поверить.	559094	Az első randevúnknál elővette a telefonját, hogy üzenetet írjon valakinek. El sem akartam hinni!
556070	Постепенно мы шли вброд в холодной воде.	559097	Lassan haladtunk befelé a jéghideg vízben.
554229	В парке было много людей.	559098	Rengeteg ember volt a parkban.
5409	Мне пора идти спать.	559100	Ideje ágyba bújnom.
556066	Он упал и поранил ногу.	559102	Elesett, és megsértette a lábát.
552176	Моя сестра на десять сантиметров выше меня.	559119	A nővérem tíz centiméterrel magasabb mint én.
545799	Здесь холодно даже летом.	559122	Errefele nyáron is hideg van.
544807	Вдруг самая старшая дочь воскликнула: „Я хочу конфет!“	559128	Ekkor, a legidősebb lány megszólalt -Cukrot akarok!
544733	Летом толпы туристов наводнили город.	559131	Nyáron a turisták elárasztották a várost.
543143	У вас идёт кровь из носа.	559133	Vérzik az orrod.
543127	Лед треснет под нашим весом.	559134	Betörik a súlyunk alatt a jég.
543110	Шоколад делают из какао-бобов.	559137	A csokoládét kakaóbabból készítik.
543016	У него есть способность к рисованию.	559140	Tehetséges a festészetben.
542158	Какие ваши любимые цветы?	559142	Önnek melyek a kedvenc virágai?
542150	Какая у вас группа крови?	559145	Mi a vércsoportod?
542099	Эту воду пить нельзя.	559146	A víz fogyasztásra alkalmatlan.
541836	Как произносится ваше имя?	559153	Hogy ejti ki a nevét?
540734	Ты дочитал роман?	559310	Kiolvastad a regényt?
539743	Пожалуйста, откройте обведённый красным файл в текстовом редакторе.	559313	Nyissa meg a piros színnel bekarikázott fájlt a szövegszerkesztőben.
539610	Чтобы овладеть в совершенстве иностранным языком, нужны годы.	559317	Évek kellenek, amíg elsajátítunk egy nyelvet.
539585	Она не говорит на нашем языке.	559318	Nem beszéli a nyelvünket.
538779	Я не мог понять, что он говорит.	559324	Nem értettem, mit mondott.
538507	Ему принадлежит рекорд в плавании.	559325	Ő tartja az úszás rekordját.
538464	Он сейчас читает книгу. Не будем ему мешать.	559326	Ne zavard. Könyvet olvas.
538456	Если вы поторопитесь, вы ещё успеете на поезд.	559327	Ha sietsz, még elérheted a vonatot.
538313	Она была в отчаянии, когда её муж умер.	559328	Kétségbe volt esve férje halálakor.
538279	Ты почистил зубы?	559329	Megmostad a fogad?
538270	Я очень плохо себя чувствую.	559330	Nagyon rosszul érzem magam.
538234	Они построили мост через реку.	559331	Hidat emeltek a folyó fölé.
538217	У тебя есть братья?	559332	Van fiútestvéred?
538216	Моя сестра работает секретарём в банке.	559333	Nővérem titkárnőként dolgozik a bankban.
538112	Больше 20 000 американцев ежегодно становятся жертвами убийств.	559338	Húszezernél is több amerikai válik gyilkosság áldozatává minden évben.
538111	Я не очень хорошо плаваю.	559341	Nem igazán megy az úszás.
538109	Хироко сидела там совсем одна.	559342	Hiroko teljesen egyedül ült ott.
538105	В его глазах читается страх.	559345	A szeme elárulta félelmét.
538043	Я ждал своего друга целый час.	559349	Egy órát vártam a barátodra.
538042	В Японии бывает много землетрясений.	559350	Japánban sok a földrengés.
537920	Всё это — просто большое недоразумение.	559355	Az egész csak egy félreértés.
537416	Я устал и хочу спать.	559356	Fáradt vagyok és pihenésre vágyom.
537381	Куда пошёл папа?	559357	Hova ment apu?
537379	У него книг больше, чем он может прочитать.	559358	Több könyve van, mint amennyit valaha is el tud olvasni.
536907	Он смотрит телевизор.	559359	Tévét néz.
536906	Завтра будет дождь?	559360	Holnap esős idő lesz?
536905	Дни становятся длиннее.	559361	Meghosszabbodnak a nappalok.
536897	Он играет в своей комнате.	559362	A szobájában játszik.
536882	На твоём месте я бы принял его предложение.	559366	A helyedben elfogadnám az ajánlatát.
536874	Она боится собак.	559368	Fél a kutyáktól.
536870	Поезда в Сербии очень медленные.	559373	Szerbiában nagyon lassan haladnak a vonatok.
536867	Это было окно, которое Джек разбил вчера.	559396	Ezt az ablakot törte be Jack tegnap.
536463	Как дела на рыбном рынке?	559399	Mi a helyzet a halpiacon?
536094	Я люблю любовные романы.	559401	Szeretem a romantikus regényeket.
535686	Чарльз Мур создал Форт в попытке увеличить продуктивность работы программиста без потерь в производительности компьютера.	559415	Charles Moore létrehozta a Forth programnyelvet, amely a számítógép teljesítményét nem korlátozta amellett, hogy a programozó hatékonyságán hivatott javítani.
535642	Каждый день после школы она играет в теннис.	559416	Naponta lejár teniszedzésekre iskola után.
535384	Спасибо за твою красивую открытку.	559418	Köszönöm a szép képeslapot.
535234	Я ему дал по уху.	559419	Fülön csaptam.
535067	У меня всегда с собой бутылка минеральной воды.	559421	Mindig viszek magammal egy üveg ásványvizet.
534594	Я хочу ещё одну кружку пива.	559423	Még egy korsó sört, legyen szíves.
534577	Не забудь, что нам нужно сделать домашнее задание.	559424	Ne felejtsd el, hogy el kell készítenünk a házi feladatunkat.
534540	Вы не могли бы выключить радио?	559425	Kérem, lekapcsolná a rádiót?
534516	Мой папа вернётся домой на этих выходных.	559426	Édesapám ezen a hétvégén jön haza.
534495	Хлеб делается из муки и воды, часто к ним добавляются дрожжи.	559429	A kenyér lisztből és vízből készül, amelyet gyakran dolgoznak össze élesztővel.
534482	Это самое глубокое место озера.	559431	A tó legmélyebb része itt van.
534475	Кем было разбито окно?	559433	Ki törte be az ablakot?
534455	Кэрол три года изучает испанский.	559435	Carole három éve tanul spanyolul.
534141	Он провалил экзамен.	559437	Megbukott a vizsgán.
533777	Вы свободны днём?	559442	Szabad vagy délután?
533775	Кстати, какой у тебя адрес?	559443	Megadná a címét?
533772	Хватит критиковать меня!	559445	Ne kritizálj engem!
533567	Он снова потерял свой зонтик.	559448	Megint elvesztette az esernyőjét.
533165	Она пошла за покупками, оставив своих детей в одиночестве.	559449	Amíg elmegy vásárolni, a gyermekei magukra maradnak.
533162	Он учился плавать.	559450	Úszni tanul.
533159	Мир полон дураков.	559452	A világ tele van hülyékkel.
533149	Она редко завтракает.	559454	Ritkán reggelizik.
533068	Ему, должно быть, за шестьдесят.	559459	Hatvanon túl jár.
533061	Она заперлась в комнате.	559466	Bezárkózott a szobájába.
532745	Она очень хороший учитель.	559468	Ő egy nagyon jó tanárnő.
532744	Я взглянул на него.	559473	Ránéztem.
532715	Что? Ты съел моего шоколадного мишку?	559478	Mi? Megetted a medve-csokoládémat?
532711	Этим летом ливней гораздо меньше, чем прошлым.	559483	Most nyáron sokkal kevesebb a csapadék a szokásosnál.
532703	Ключи на столе.	559484	A kulcs az asztalon van.
532701	У меня нет стиральной машины, поэтому мне приходится стирать в прачечной.	559489	Mosógép híján a ruhák a mosodába mennek.
532679	Нужно идти в школу.	559494	Ideje indulni az iskolába.
532661	Кто присматривает за детьми?	559503	Ki vigyáz a gyermekekre?
532198	Поезд скрылся из виду.	559509	A vonat eltűnt a távolban.
532190	У меня сухо во рту.	559516	Kiszáradt a szám.
532173	Эта болезнь неизлечима.	559523	Ez a betegség gyógyíthatatlan.
532167	Не кормите животных.	559529	Az állatokat ne etesse.
531752	Кто с тобой только что говорил?	559532	Elébb kivel beszéltél?
531746	Прошу вас простить меня.	559533	Kérlek, bocsáss meg.
531701	Я не знаю, кто написал эту книгу, но он без сомнения гений.	559540	Bárki is legyen a könyv szerzője, az csakis egy nagyszerű író lehet.
531691	Глаза девочки наполнились слезами.	559542	Megtelt a lány szeme könnyekkel.
531667	Она очень похожа на её мать.	559545	Hasonlít az édesanyjára.
531643	Все лошади - животные, но не все животные - лошади.	559555	Minden ló állat, de nem minden állat ló.
531469	Здесь много слов, которых я не понимаю.	559559	Ebben rengeteg szó ismeretlen.
442330	После землетрясения многие потеряли свои дома.	559648	A földrengésben sokan otthonaikat vesztették el.
474648	В следующую субботу я хотел бы познакомить тебя с моими родителями.	559651	Jövő szombaton be szeretnélek mutatni a szüleimnek.
409412	Завтра воскресенье.	559656	Holnap vasárnap.
471897	Джек не может позволить себе купить новый велосипед.	559662	Jack nem engedhet meg magának egy új biciklit.
467553	Мы обсудим эту проблему позже.	559663	Később megbeszéljük a problémát.
413500	Его попытка сбежать оказалась успешной.	559664	Szökési kísérlete sikeresnek bizonyult.
558032	Мне трудно в это поверить.	559667	Ezt nehezen hiszem el.
445557	Том рассердился на детей.	559668	Tom dühös a gyermekeire.
494372	Перед тем как ложиться спать в отеле, узнайте, где расположен запасной выход.	559669	Lefekvés előtt tudd meg, hogy hol találni a vészkijáratot a hotelben.
479683	Я пытался позвонить тебе из аэропорта, но ни один телефон-автомат не работал.	559670	A repülőtéren megpróbáltalak felhívni, de egyetlen pénzes telefonfülke sem működött.
479353	Неудивительно, что он так сердит.	559673	Nem csoda, hogy olyan mérges.
421342	После чашечки кофе он начал.	559674	A csésze kávéja után belekezdett.
492651	Дождь закончился.	559676	Elállt az eső.
407249	Он любит хвастаться об успешном автомобильном бизнесе своего отца.	559677	Szeret édesapja sikeres autókereskedésével dicsekedni.
421539	Если получится, я хочу отправиться в путешествие вокруг света.	559678	Ha megtehetném, világkörüli útra mennék.
407791	Врач предписал ей следовать строгой диете.	559679	Az orvos szigorú diétát írt elő neki.
447465	Наружная аудитория вся в пятнах. В частности, из-за кислотных дождей.	559681	A előadóterem külső falát ellepték a foltok, amit feltehetőleg a savas eső okozott.
415918	Мы живём в районе школы.	559682	Az iskola közelében lakunk.
469139	Бог сотворил вселенную.	559765	Isten megteremtette a világot.
396201	Разрежь напополам.	559773	Vágd félbe.
441523	Почти у всех японцев тёмные волосы.	559775	A japánok többsége sötét hajú.
407819	Он очень симпатичный, поэтому мне нравится работать с ним.	559789	Mivel nagyon szimpatikus nekem, szeretek vele dolgozni.
445376	У этого лекарства нет побочных эффектов.	559794	Ennek a gyógyszernek nincsenek mellékhatásai.
417940	Они расстались, чтобы никогда не видеться вновь.	559797	Elváltak, és soha nem látták egymást.
466954	Туман сегодня густой как гороховый суп.	559803	A köd ma olyan sűrű, akárcsak egy tál borsóleves.
446951	Их имена были удалены из списка.	559805	Törölték a nevét a felsorolásból.
407512	Дайте, пожалуйста, три этих.	559807	Hármat kérek belőle.
424092	Облако прошло перед луной.	559816	A felhő elhaladt a hold előtt.
388083	Смогу ли я увидеть вас в следующий понедельник?	559817	Láthatom jövő hétfőn?
395260	Практика — путь к совершенству.	559819	Gyakorlat teszi a mestert.
447978	Во сколько обойдётся чистка пальто?	559822	Mennyiért tisztítják a kabátot?
374151	Потом, когда они вышли, на набережной не было ни души, город со своими кипарисами имел совсем мёртвый вид, но море ещё шумело и билось о берег.	559837	Miután elmentek, a part közelében egy lelket sem lehetett találni, a város ciprusaival teljesen halott, a parton még hallani a tenger zúgását, ahogy az a partnak ütközik.
440043	Она заполнила сумку яблоками.	559843	A táskáját teletömte almával.
470330	Не стоит полагаться на эти данные. Они далеки от истины.	559845	Nem kell az adatoknak hinni. Távol áll mind a valóságtól.
443661	Он добавил в чай немного сахара и молока.	559846	A teába kevés cukrot és tejet tett.
466763	Теперь всё популярнее путешествовать за границей.	559847	Egyre nagyobb divat külföldön üdülni.
468993	Мы не знали этого и не слышали об этом.	559849	Nem is tudok és nem is hallottam róla semmit.
395639	Я терпеть не могу эту глупую женщину.	559850	Nem bírom tovább ezt a nőszemélyt.
466569	Давайте сядем на ту скамейку.	559853	Üljünk le arra a padra.
441415	Когда я увидал, как он танцует, я не удержался от смеха.	559854	Nem bírtam magam visszatartani a nevetéstől, amikor megláttam, hogyan táncol.
402148	Я слышал, что священника-гея повысили в сане до епископа, но оказалось, что это утка.	559858	Hallottam, hogy egy meleg papot tettek meg püspöknek, de kiderült, hogy csak kacsa.
408317	Многие бы ухватились за возможность жить в Нью-Йорке.	559880	Sokan kapva kapnának az alkalmon, hogy New York legyen az otthonuk.
439980	Он вышел из-за занавеса.	559886	Előlépett a függönyök mögül.
443462	Дорога извивалась вдоль склона холма.	559948	Az út a domb mentén halad körbe.
473214	Он живёт в западной части города.	559949	A város nyugati részében él.
417187	Смысл в том, что ты ничему у него не научился.	559950	A lényeg, hogy semmit nem tanultál tőle.
466546	Он признал, что украл золото.	559952	Beismerte, hogy ellopta az aranyat.
470313	Осколки зеркала были разбросаны на полу.	559956	A tükör szilánkjai szétszóródtak a földön.
466814	С этой горы виден весь город.	559957	Erről a dombról belátni az egész várost.
444246	Отсюда до нашей цели огромный путь.	559958	Messze vagyunk még a céltól.
405964	Я заглянул в книжный и купил интересную книгу.	559962	Benéztem a könyvesboltba, és vettem egy érdekes könyvet.
443491	Биллу всегда удаётся послать матери подарок на день рождения.	559963	Bill mindig elküldte a születésnapi ajándékát édesanyjának.
384314	Дорога идёт параллельно реке.	559964	Az út párhuzamosan fut a folyóval.
469155	После работы мы пошли погулять.	559965	Munka után sétálni mentünk.
471560	Можете ли вы найти мне адвоката?	559966	Keresne nekem egy ügyvédet?
423699	Её история заставила вспомнить счастливое детство.	559970	A története felevenítette a boldog gyermekkorunkat.
495308	Отец иногда брал меня к себе в офис.	559971	Édesapám néha magával vitt az irodájába.
415911	Я должен унаследовать дело отца.	559976	Megöröklöm édesapám üzletét.
443981	Заходи ко мне завтра, хорошо?	559977	Keress fel holnap, rendben?
396705	Голодные щенки лают на улице.	559979	Éhes kiskutya ugat az utcán.
539626	Прошло много времени, с тех пор как я видел вас в последний раз.	559984	Régen volt, amikor utoljára láttam önt.
498549	Она поехала в Париж, чтобы изучать искусство.	559985	Párizsba ment művészetet tanulni.
431524	Он отказался от этой идеи.	560005	Elvetette az ötletet.
514020	Все знали эту песню.	560012	Mindenki ismerte ezt a dalt.
469841	Хорошо, что мы понимаем другие культуры.	560018	Jót tesz nekünk, ha megértünk más kultúrákat.
523561	Будь собой и не подражай другим.	560024	Maradj önmagad, ne akarj más lenni.
412309	Счёт может быть оплачен сегодня.	560028	A csekket a mai napon kell befizetni.
492976	Она придёт, если попросишь.	560031	Ha megkéred, eljön.
445427	Я никогда ничего не делаю наполовину.	560041	Nem hagyok soha semmit félben.
467066	Люси навестила меня три дня тому назад.	560047	Lucy felkeresett három napja.
415968	Хотел бы я пойти с тобой на вечеринку.	560054	Bárcsak veled tarthatnék az estre.
446839	Он купил ей собаку.	560072	Vett neki egy kutyát.
469879	Мне приснился ужасный сон прошлой ночью.	560077	Szörnyű álom gyötört tegnap éjjel.
447571	Все мои страдания оказались впустую.	560090	Minden eddigi fáradozásom hiábavaló.
408355	Это книга, о которой я тебе рассказывал.	560093	Erről a könyvről meséltem neked.
470484	Он никогда не говорит спасибо, несмотря на всё, что я для него сделал.	560096	Meg sem köszöni, bármit tehetek én érte.
381248	Я хочу тебя кое о чём попросить.	560097	Megkérnélek valamire.
468528	Сегодня я тоже очень сонный.	560101	Ma én is álmos vagyok.
513232	Каждый должен делать всё, что он может, во всём.	560104	Mindenben a legtöbbet kell nyújtani mindenkinek.
530494	У учителей не должно быть ни любимчиков, ни нелюбимых учеников.	560114	Egy tanár nem lehet elfogult egyik vagy másik diákjával szemben.
412082	Где я могу взять телефонную карточку?	560130	Hol kaphatok telefonkártyát?
412505	Он никогда не теряет надежду.	560354	Soha nem veszíti el a reményt.
468901	Дамы и господа, мы начинаем показ фильма.	560360	Hölgyeim és uraim, megkezdjük a vetítést.
407906	Дети скользили на льду.	560361	Gyermekek csúszkáltak a jégen.
447961	Он вернулся не теряя времени.	560364	Nem habozott visszajönni.
562916	Мы обсудили наши планы на будущее.	562983	Megvitattuk a jövőre vonatkozó terveinket.
562914	Ещё три месяца, и наш дом будет готов.	562984	Három hónapja épült a házunk.
562911	Мы идём домой.	562985	Hazamegyünk.
562909	Он только что стал директором школы.	562986	Őt most választották az iskola igazgatójává.
562908	Пересядьте на другой поезд на ближайшей станции.	562987	A következő állomáson szálljon át.
562458	Почему вы не пытаетесь произвести хорошее впечатление?	562989	Miért nem próbál meg jó benyomást kelteni?
562457	Он решил не возвращаться в свою родную страну.	562990	Eldöntötte, hogy nem tér vissza szülőhazájába.
562450	Я не могу решить эту проблему, она слишком трудна для меня.	562994	Nem tudom megoldani a problémát, túl nehéz nekem.
562447	Я нашёл в ней настоящего друга.	562996	Egy igaz barátra találtam benne.
562444	Девочки сидели одна напротив другой.	563003	A lányok egymagukban ültek, mindkettő a másik felé nézett.
561985	Тебе известно, что произошло?	563005	Tudod, hogy mi történhetett?
561871	Гепард может бежать со скоростью 70 миль в час.	563013	A gepárd képes elérni az óránkénti hetven mérföldes sebességet.
561803	Сначала мне никто не поверил.	563017	Elsőre senki nem hitt nekem.
561779	Мало того, что в тот день было холодно, так еще и дождь пошел.	563024	Azonkívül, hogy nagyon hideg egy nap volt, még esett is.
561775	Завтрак готов!	563028	Kész a reggeli!
561765	Пожалуйста, заполните эту анкету.	563034	Kérem, itt töltse ki az űrlapot.
561745	Мне нравятся собаки, а моей сестре кошки.	563037	Én a kutyákat, de a nővérem a macskákat szereti.
561731	Мужчина встал и запел.	563041	A férfi felállt, és belekezdett az énekbe.
561725	Она потеряла память в автокатастрофе.	563042	Az autóbalesetben elvesztette az emlékezetét.
561724	У каждого ребенка своя отдельная комната.	563045	Minden gyermek külön szobát kapott.
561714	Я верю, что в конечном счете я не окажусь проигравшим.	563051	Remélem, végül nem én kerülök ki vesztesen.
561695	Она открыла дверь.	563053	Ajtót nyitott.
561670	Эту книгу написали вы?	563058	Ön a szerzője ennek a könyvnek?
561650	На завтрак я в основном ем фрукты.	563059	Reggelire főleg gyümölcsöt eszem.
561570	Во сколько отправляется автобус до аэропорта?	563060	Mikor indul az autóbusz a repülőtérre?
561227	Катя приехала домой на автобусе.	563063	Kate autóbusszal ment haza.
561225	Вы уже читали эту книгу?	563064	Már olvasta a könyvet?
560745	Я ходил туда много раз.	563066	Többször jártam ott.
560735	Я хотел пойти с ней, но был слишком занят.	563070	Vele akartam menni, de annyi dolgom volt.
560728	Я верю, что он добьётся успеха на новой должности.	563073	Remélem, minden összejön neki a kialakult helyzetben.
560679	Я хочу, чтобы ты повидался с ней.	563075	Akarom, hogy lássátok egymást.
560260	Он не ответил на мой вопрос.	563078	Nem válaszolt a kérdésemre.
559192	Я не могу вспомнить его имени.	563079	Nem emlékszem a nevére.
497285	Слева есть скрытый проход.	563185	A bal oldalon nyílik egy rejtett átjáró.
413214	Я вчера помог своему отцу.	563189	Tegnap édesapámnak segítettem.
421334	Мир — это книга. И те, кто не путешествуют, читают только одну страницу.	563214	A világ egy könyv. Aki nem utazik, csak egy lapját olvasta.
423191	Молодожёны шли, взявшись за руки.	563367	Az ifjú házasok kéz a kézben jártak.
416522	Пчёлы летят от цветка к цветку.	563372	A méhek virágról virágra repültek.
543143	У вас идёт кровь из носа.	563379	El kezdett folyni az orrodból a vér.
445375	Удачи тебе на твоих соревнованиях.	563388	Sok szerencsét a versenyekhez.
566313	Мой дедушка рано встаёт.	566332	A nagyapám korán kel.
566075	Я хотел бы перемолвиться с тобой словечком.	566333	Szeretnék pár szót veled váltani.
565928	Поцелуй меня.	566334	Csókolj meg.
565810	Что вы желаете: чай или кофе?	566335	Mit parancsol: teát vagy kávét?
565787	В какой еде калорий находится больше всего?	566339	Mely ételek tartalmazzák a legtöbb kalóriát?
565609	Тебе следует выпустить животных из клетки.	566344	Ki kellene az állatokat engedned a ketrecükből.
565583	Она почти опоздала в школу.	566346	Majdnem elkésett az iskolából.
565454	Он откладывает десять долларов каждую неделю.	566348	Félretesz tíz dollárt minden héten.
565419	Больше зла, чем ты можешь вообразить.	566351	Aljasabb, mint hinnéd.
565360	Моя комната кишит опасностями.	566360	A szobám tele van veszélyekkel.
565356	Ты что-то замышляешь.	566362	Valamin agyalsz.
565350	Он старается бросить курить.	566366	Próbál leszokni a dohányzásról.
565345	Он изучал исторические документы, чтобы раскрыть эту тайну.	566370	Történelmi dokumentumokban keres utána, hogy fényt derítsen a rejtély titkára.
543072	Мой отец лысый, как бильярдный шар.	566385	Az édesapám olyan kopasz, akár egy biliárd golyó.
565187	В метро в это время слишком многолюдно.	566387	Ilyenkor zsúfolt a metró.
565183	Эскалатор резко остановился.	566390	A lift hirtelen megállt.
564869	Какую роль Интернет может играть в сфере образования?	566399	Milyen szerepet tölt be az Internet az oktatásban?
564858	Мы знаем, что в настоящее время в мире существует по крайней мере 3000 языков, поэтому, чтобы все смогли использовать информацию из интернета, каждый текст должен был бы перевестись 3000 раз и появиться на стольких же языках в сети.	566404	Ma a világ háromezer nyelvéről van tudomásunk, amelyeken hogy elérhető legyen az Interneten tárolt információ, minden szöveget háromezerszer le kellene fordítani és ugyanannyi nyelven azt megjeleníteni a neten.
564718	Том проговорил всю ночь.	566405	Tom egész éjjel csak beszélt.
564718	Том проговорил всю ночь.	566408	Tom egész éjjel jártatta a bagólesőjét.
564301	Эта музыка всем действует на нервы.	566415	Ez a zene mindenkinek az idegeire megy.
564266	Этот климат плохо влияет на твое здоровье.	566416	Ez az időjárás rossz hatással van a közérzetedre.
564245	Не давай обещаний, которые не можешь выполнить.	566421	Annyit ígérj, amit be tudsz tartani!
564228	Она заплакала от радости, когда услышала, что ее сын выжил в авиакатастрофе.	566424	Elsírta magát örömében, amikor értesült róla, hogy a fia túlélte a légikatasztrófát.
564083	Не воспринимайте его высказывания слишком буквально.	566425	Ne vedd az észrevételeit szó szerint.
564073	И что такого в том, что я проверяю электронную почту каждые 15 минут?	566430	Mi van abban, ha tizenöt percenként megnézem az e-mailemet?
563897	Я могу обойтись без его помощи.	566431	Nélküle is megvagyok.
563888	Такие красивые девушки, как она - это редкость.	566441	Nála szebb lányt keresve sem találni.
563864	Она поприветствовала меня широкой улыбкой.	566442	Széles mosollyal üdvözölt.
563840	Теперь темнеет очень рано.	566446	Korán esteledik.
563738	Вчера отключили воду, сегодня - электричество, а завтра отключат и газ.	566450	Tegnap elzárták a vizet, ma lekapcsolták az áramot, és holnap a gázt.
563658	Бизнес есть бизнес.	566452	Az üzlet az üzlet.
563562	Ты не должен есть слишком много мороженого и спагетти.	566458	Fel kellene hagynod a sok jégkrémmel és spagettivel.
563546	Кажется, собака хочет есть.	566460	A kutya biztos éhes.
563505	Пожалуйста, заполните печатными буквами.	566462	Kérjük, töltse ki nyomtatott betűkkel.
567776	Мы приехали из провинции, где вместе росли.	568807	Együtt nőttünk fel abban a tartományban, ahonnan jöttünk.
567759	Пиши эссе и не отвлекайся.	568810	Írd meg az esszéd, ne terelje el más a figyelmedet.
567744	У тебя темные круги под глазами.	568811	Szarkalábak vannak a szemed alatt.
567742	Перестань морщить лоб!	568812	Ne ráncold a homlokod!
567684	Честно говоря, я не понимаю причины таких поступков.	568813	Őszintén szólva, nem értem, mi okból cselekedett úgy.
567671	Вся эта чушь просто не укладывается у меня в голове.	568814	Ez az egész egyszerűen nem fér a fejembe.
567616	Надо беречь своих близких.	568815	Óvd a szeretteidet.
567611	Меня сводит с ума эта безответственность.	568816	Falnak megyek ekkora felelőtlenségtől.
567430	Цветам и деревьям нужны чистый воздух и свежая вода.	568817	A virágok és fák igénylik a tiszta levegőt és a friss vizet.
567425	Он с лёгкостью решил сложную задачу.	568819	Könnyedén megoldotta a nehéz feladatot.
567401	Кто действительно хочет служить делу освобождения человечества, тот должен иметь мужество глядеть в глаза правде, как бы горька она ни была.	568820	Aki igazán tenni akar az emberek szabadságáért, elég bátornak kell lennie ahhoz, hogy szembenézzen az igazsággal, legyen az bármennyire is keserű.
567394	Почему ты приходишь к нам так поздно ночью?	568821	Miért jössz el hozzánk ennyire későn éjjel?
567385	Нужно быть добрыми к старым людям.	568828	Legyünk tisztelettel az idősekkel szemben.
567383	Мы хорошо провели время в кафе.	568833	A kávézóban kellemesen eltöltöttük az időt.
567382	В любом случае уже слишком поздно.	568835	Akárhogy is, már túl késő.
567379	Его фамилия скоро будет забыта.	568838	Neve hamar feledésbe merül.
567361	Я слышал, у тебя есть проблемы в школе, давай я помогу тебе с алгеброй?	568842	Hallottam, hogy nehezen megy az iskola. Kell segítség algebrában?
567356	Сколько у тебя друзей?	568844	Hány barátod van?
567321	У тебя есть планы на вечер?	568853	Van programod ma estére?
567261	Я люблю солнце.	568885	Szeretem a napsütést.
567248	Это была тёмная, безлунная ночь.	568901	Egy hold nélküli, sötét éjszaka volt.
567226	Полиция искала пропавшего ребёнка.	568902	A rendőrség kereste az eltűnt gyermeket.
567197	Это твоя первая поездка за границу?	568906	Ez az első utad külföldre?
567039	Мы не берем чаевых.	568914	Nem fogadunk el borravalót.
566777	Я думаю, этот стол занимает слишком много места.	568918	Szerintem sok helyet foglal el az asztal.
566751	Ты уже купил ей какой-нибудь подарок к Рождеству?	568923	Vettél neki valamit karácsonyra?
566384	Какова длина этого моста?	568928	Milyen hosszú ez a híd?
551325	У неё мало друзей.	568929	Nincs sok barátja.
566311	У меня венерическое заболевание.	568932	Nemi betegségem van.
503897	Оставь чай завариваться десять минут.	569415	Hagyjuk kioldódni a teát tíz percig.
569386	Его смелый поступок заслуживает медали.	569417	A bátor cselekedete megérdemli a kitüntetést.
569390	Выучите стихотворение наизусть к следующей неделе.	569418	Tanuld meg a verset kívülről jövő hétre.
446098	В Японии новый учебный год начинается в апреле.	569419	Japánban az új tanév áprilisban kezdődik.
570434	Мы говорим на японском.	570590	Japánul beszélünk.
570250	Я подарил отцу шёлковый галстук.	570596	Megajándékoztam édesapámat egy selyem nyakkendővel.
570139	В нашей школе девочек больше, чем мальчиков.	570597	Több az iskolánkban a lány, mint a fiú.
570136	Я думал об этом весь день.	570599	Egész nap ezen járt az eszem.
570134	Он редко ходит в церковь.	570601	Ritkán jár el templomba.
572917	Было настолько жарко, что мы отправились поплавать.	572989	Olyan meleg volt, hogy elmentünk úszni.
572911	Насколько было бы хорошо, если бы я бы мог сейчас отправится путешествовать.	572992	Milyen jó lenne, ha most elutazhatnék.
572903	— На Би-би-си повсюду показывают твоё лицо, Дима! — воскликнул аль-Саиб. — Говорят, что ты переспал с 25 мужчинами, а потом их убил! Как же ты такое натворил?!	572995	A BBC műsorában az arcod, Dima! - kiáltott fel Al-Sayib. Azt állítják, hogy huszonöt emberrel feküdtél le, aztán megölted őket! Hogy a francba csináltad ezt?
572639	Я очень голоден, где я могу найти что-то поесть?	573005	Nagyon éhes vagyok, hol találok valami ennivalót?
572618	Она задала мне вопрос.	573013	Feltett nekem egy kérdést.
572614	Убавьте громкость, пожалуйста.	573016	Vedd le a hangerőt, kérlek.
572605	Пожалуйста, сделайте глубокий вдох.	573019	Kérem, vegyen egy mély levegőt.
572603	Какая большая собака!	573021	Ekkora kutyát!
572349	Есть ли кто-нибудь, кто умеет произносить это слово?	573024	Van, aki ki tudja ejteni ezt a szót?
572346	Сегодня мало клиентов.	573029	Ma kevés ügyfél van.
572318	Беда не приходит одна.	573031	A baj nem jár egyedül.
572304	Горы были видны издалека, и это зрелище захватывало дух.	573035	A hegyeket látni lehetett messziről, látványuk lélegzetelállító volt.
572292	Моя сестра каждый год ездит в Карпаты.	573041	A nővérem minden évben elutazik a Kárpátokba.
571168	Она носила волосы, заплетённые в косы.	573050	Mary hosszú fonott copfot viselt a végén piros szalaggal.
571148	Я только что посмотрел на Ваш блог — он, кажется, интересный.	573052	Most néztem rá az ön blogjára, és érdekesnek tűnik.
570872	Учитель дал мне самую длинную главу.	573053	A tanár a leghosszabb fejezetet adta nekem.
570844	В зале не было ни одного свободного места.	573056	A teremben már nem volt egyetlen szabad hely sem.
570826	Малыш еще не умеет использовать ложку.	573058	A kisgyerek még nem tudja a kanalat használni.
570735	Пожалуйста, говорите громче.	573059	Kérem, mondja hangosabban!
570726	Я хочу рассказать вам кое-что любопытное.	573060	Mondok neked valami érdekeset.
467156	У кого есть мнение, поднимите руку.	573073	Akinek van véleménye erről, tegye fel a kezét.
573095	Я хотел бы заказать столик на двоих.	573099	Szeretnék egy asztalt foglalni két személyre.
407389	Россия превратилась во вторую сверхдержаву.	573115	Oroszország vált a második nagyhatalommá.
445328	В США обычно для того, чтобы купить спиртное, нужно показать удостоверение личности.	573127	Amerikában az alkoholt vásárlótól személyi igazolványa felmutatását kérhetik.
337529	Я перезвоню тебе позже.	573129	Később visszahívlak.
413487	Не знаю, подойдёт ли её новая блузка к синим джинсам.	573130	Nem tudom, hogy illik-e az új ingéhez a farmer.
441487	Возможно, что её первый альбом будет хорошо продаваться.	573133	Az első albuma várhatóan kelendő lesz.
388751	Рассказ тронул меня до слёз.	573134	Megindított a történet.
467999	О чем вы думаете, когда видите эту картину?	573137	Mire gondol, amikor látja a képet?
539716	Я старался изо всех сил, но опять потерпел неудачу.	573140	Megpróbáltam mindent, de megint nem sikerült.
396120	prototype.js — вставляет информацию об обновлениях в страницу при её загрузке.	573144	prototype.js - ismerteti a frissítéseket további adatok beszúrásával, miután a weboldal betöltött.
407397	Функции синус и косинус принимают значения между -1 и 1 включительно.	573175	A szinusz és a koszinusz függvények a -1 és 1 között vehetnek fel értékeket.
407410	Доказательство оставим читателю.	573180	A bizonyítást meghagyjuk az olvasónak.
510971	Зайди со мной в комнату.	573194	Gyere velem a szobába.
337434	Наш самолёт летел над облаками.	573201	A repülőnk a felhők felett repült.
337484	Вы когда-либо летали на воздушном шаре?	573202	Utazott már léghajón?
337488	Я бегу как можно быстрее, чтобы догнать его.	573205	Futok, ahogy csak tudok, hogy utolérjem őt.
337496	Я видел, как он бежал.	573207	Láttam futni.
407390	Наполеон направил свою армию вглубь России.	573215	Napóleon serege mélyen betört az Orosz Birodalomba.
468694	Время летит.	573221	Repül az idő.
379334	Иди медленнее.	573226	Lassabban menj!
408403	Я иду в школу пешком.	573229	Gyalog megyek iskolába.
407496	В какой стороне пляж?	573234	A strand melyik irányban van?
383673	Ко мне на день рожденья никто не приходил.	573238	Nem köszöntött fel egy árva lélek sem a születésnapomon.
386286	Я пришла в школу вовремя.	573247	Időben beértem az iskolába.
397217	Обычно я иду домой в четыре.	573252	Rendszerint négyre megyek haza.
400693	С тех пор, как я сам стал носить очки, мне стало нравится аниме, где главные герои в очках.	573257	Amikor én is szemüveges lettem, azok az animék tetszettek, ahol a főhős is szemüveget visel.
405966	В субботу мы пошли в кино, а потом в ресторан.	573258	Szombaton elmentünk a moziba, majd pedig egy étterembe.
386301	Куда ты хочешь поехать этим летом?	573262	Hova tervezel menni ezen a nyáron?
497310	Ты должен отвечать за свои действия.	573266	Felelned kell a tetteidért.
388098	Он пошёл в магазин.	573268	Elment a boltba.
391610	Когда я пришла домой, я заметила, что потеряла кошелёк.	573269	Mikor hazaérkeztem, észrevettem, hogy elhagytam a pénztárcámat.
393404	Как прошёл урок французского?	573274	Milyen volt a francia óra?
407197	Только безработные ходят на свидания по средам.	573285	Csak azok mennek szerdán randevúra, akiknek nincs munkájuk.
573284	Он жаждет славы.	573297	Vágyik a hírnévre.
472302	Тебе стоит бросить пить.	575581	Abba kellene hagynod az ivást.
469966	Не смейтесь над иностранцами.	575584	Ne űzz tréfát a külföldiekből.
442271	Ты должен извиниться.	575585	Bocsánatot kellene kérned.
470306	Не разговаривай с набитым ртом.	575595	Ne beszélj teli szájjal!
427250	Прими аспирин.	575597	Vegyél be egy aszpirint.
520770	Я наелся.	575608	Teli vagyok.
530231	Мне это надоело!	575611	Elegem van!
575007	Луна отражалась в озере.	575625	A hold tükröződött a tó felszínén.
574074	Можно остаться тут немножко подольше?	575626	Lehetne maradni még egy kicsit?
574068	Экспорт оружия был запрещен.	575629	Tiltották a fegyverexportot.
574003	Без тени сомнения я верю, что она невиновна.	575641	Kétely nélkül bízom az ártatlanságában.
574000	Клиент всегда прав.	575644	Az ügyfélnek mindig igaza van.
573946	Он практик и не верит в возможность чудес.	575647	Ő realista, és nem hisz a csodákban.
573947	Чудеса есть, просто мы не замечаем их в круговороте событий.	575651	Csodák pedig léteznek, csak nem vesszük észre az események között.
573927	Она просто завидует вашей молодости.	575659	Irigy az ön fiatalságára.
573926	Папа, я брошу театр и не буду больше петь.	575662	Édesapám, felhagyok a színészettel és nem éneklek többet.
573870	Я пролил варенье на розетку, и произошло короткое замыкание.	575668	Kifolyattam a lekvárt a konnektorra és ez rövidzárlatot okozott.
573857	Заклей ранку пластырем.	575671	Ragaszd be a sebet sebtapasszal.
573851	Пение местных птиц похоже на звук дрели.	575672	Az itteni madarak hangja felér egy fúrógéppel.
573847	Лев прыгнул скрозь горящий обруч.	575674	Az oroszlán átugrott a tüzes karikán.
573842	Порошок растворяется в воде.	575675	A por vízben oldódik.
573838	Лёд тает в воде.	575677	A jég felolvad a vízben.
573835	Мы должны обсудить это с директором тет-а-тет.	575679	A rendezővel négyszemközt kell valamit megbeszélnünk.
573820	Она вечно вставляет всем палки в колеса.	575687	Mindig botot tesz mások küllői közé.
573815	Фрукты и овощи важны для сбалансированного питания.	575690	A gyümölcsök és a zöldségek fontosak egy kiegyensúlyozott étrendben.
573805	В раздевалке не принимают одежду без петельки.	575692	Az öltözőben nem fogadnak el ruhát fogas nélkül.
573796	Русские никогда не улыбаются.	575696	Az oroszok soha nem mosolyognak.
573771	Слушая Малера, Люся всегда думала о смерти и вечной жизни.	575717	Mahlert hallgatva, Lusza mindig a halálon és a halhatatlanságon tűnődött.
573748	Эта мечта воплотится в реальность.	575724	Ez az álom valósággá válik.
573735	Старушка возилась в огороде.	575726	Az idős hölgy a veteményeskertben tevékenykedett.
573702	Ответьте на телефонный звонок.	575734	Vedd fel a telefont!
573673	Клава за границей и шлет вам привет.	575738	Klava külföldről üzeni, hogy üdvözöl.
573538	Люся прекрасно разбирается в пылесосах.	575745	Lusza jól bánik a porszívóval.
573534	Люся, мы верим в тебя!	575752	Ludovika, bízunk benned!
573510	У Люси множество поклонников.	575757	Luszának sok rajongója akad.
578001	Не разговаривай с ним, пока он за рулем.	578090	Ne beszélgess vele, ha a volán mögött ül!
577792	В переводе с японского "tatoeba" означает "например".	578097	A japán tatoeba szó jelentése például.
577514	Желаю получить много удовольствия!	578103	Érezd magad jól!
573873	Зрители подумали, что это не короткое замыкание, а часть представления.	578121	A nézők azt hitték, hogy a rövidzárlat az előadás része.
580686	Мой брат каждые выходные едет ловить рыбу.	582500	A bátyám hétvégente horgászni megy.
580680	Он в своём репертуаре.	582504	Olyan, amilyen lenni szokott.
580680	Он в своём репертуаре.	582505	A szokásos önmaga.
580677	У него до сих пор есть три слуги.	582507	Még van három alkalmazottja.
580670	Эта клетка сделана из проволоки.	582511	Ez a ketrec drótból készült.
580669	Прислушавшись к его совету, я передумал.	582514	Tanácsára megváltoztattam a véleményemet.
580668	Не будь к себе слишком строг.	582515	Ne légy túl szigorú magadhoz.
580664	Против этого плана не только твой отец, но и я.	582518	A terved ellen nem csak az apád, de én is ellene vagyok.
580662	Пока послали за врачом, она уже неделю как болела.	582522	Egy hete beteg volt, amikor orvosért hívattak.
580661	Коты особенно любят рыбу.	582524	A macskák különösen imádják a halat.
580659	Моя гордость не позволила мне одолжить у него денег.	582529	Büszkeségem nem engedte, hogy pénzt kérjek tőle kölcsön.
580657	80% английских слов заимствованы из других языков.	582532	Az angol szavak nyolcvan százaléka idegen eredetű.
580656	Согласно прогнозу погоды, завтра будет дождь.	582535	Az időjárás-jelentés szerint holnap esős idő lesz.
580653	Он перевернул бутылку и потряс её, но мёд всё равно не вытекал.	582538	Megfordította, megrázta az üveget, de a méz nem akart kijönni belőle.
580647	Он сам себе могилу роет.	582542	A saját sírját ássa.
580645	Можешь читать какую угодно книгу, которая тебе понравится.	582544	Bármelyik könyvet elolvashatod, ami közülük neked tetszik.
580638	Я дам тебе всё, что ты хочешь.	582546	Bármit megadok, amit csak kérsz.
580634	Это стоит слишком дорого.	582548	Túl sokba kerül.
580632	Окна моей комнаты выходят на восток.	582550	A szobám keleti fekvésű.
580631	Люди существуют в этом мире не для того, чтобы стать богатыми, а для того, чтобы стать счастливыми.	582554	Az emberek a saját boldogságukért élnek, mintsem az anyagi jólétükért.
580630	Мне очень жаль это слышать.	582557	Sajnálattal hallom.
580629	Дорога была частично разрушена из-за землетрясения.	582558	Az út több helyen is járhatatlan a földrengések miatt.
580624	Девушка помыла голову.	582559	A lány megmosta a haját.
580623	Звучала приятная музыка.	582562	Csodálatos zene hallatszott.
580622	Компьютер завис.	582563	A számítógép lefagyott.
580409	Я позавтракал в пижаме.	582567	Pizsamában reggeliztem.
580403	Можно Ваш автограф?	582570	Adna egy autogramot?
580396	Чтобы его убедить, хватило 1000 иен.	582573	Ezer jen elég volt, hogy meggyőzzem.
580395	По легенде, в лесу жили приведения, поэтому люди обходили его.	582575	A legenda elátkozott erdőként említette, amit kerültek az emberek.
580384	Ты видел видео, где президент Обама убивает муху голыми руками?	582576	Láttad a videót, ahol Obama puszta kezével megölte a legyet?
580382	Сандра потратила вдвое больше, чем я.	582577	Szandra kétszer annyit költött, mint én.
580378	Не трать зря время на мелочи.	582578	Apróságokra ne pazarolj időt.
580373	Смотрите не пропустите ни слова, переписывая документ.	582582	Figyelj oda, hogy amikor másolsz, ne maradjanak ki szavak a szövegből.
580371	Я случайно взял твой зонтик.	582583	Véletlenül a te esernyődet vettem el.
580359	Сравните этот настоящий драгоценный камень с имитацией.	582584	Hasonlítsuk össze ezt a valódi drágakövet egy utánzattal.
580356	Моя рубашка ещё не высохла.	582585	Az ingem még nem száradt meg.
580354	Я ещё свяжусь с Вами по этому вопросу.	582586	Még felkeresem az üggyel kapcsolatban.
580334	Цветы засыхали без воды.	582587	A virágok elszáradnak víz nélkül.
580321	Они вышли из комнаты один за одним.	582589	Egyenként mentek ki a szobából.
580311	Солдаты попали под вражеский обстрел.	582590	A katonák viszonozták a tüzet.
580298	Что бы нам съесть сегодня вечером?	582591	Mit eszünk ma este?
580295	Я только что купил новый стол для своего компьютера.	582592	Vettem egy új asztalt a számítógépemhez.
580294	В нашем доме две свободные комнаты.	582593	Van két szabad szobánk.
580289	Ребёнок чуть не утонул.	582595	A gyermek majdnem megfulladt.
525722	Он похлопал меня по плечу.	582597	Vállon veregetett.
579964	В его дом ударила молния.	582598	Házába csapott a villám.
579757	Мама часто говорила, что время — деньги.	582600	Anya sokszor mondta, hogy az idő pénz.
579744	Не прикасайся ко мне.	582603	Ne érj hozzám!
579609	Это платье из шёлка.	582606	A ruha selyemből készült.
579607	По совету врача он бросил курить.	582608	Az orvos tanácsára leszoktam a dohányzásról.
579345	Ты можешь оправдать использование насилия?	582610	Mivel bizonyítja, hogy erőszakot alkalmazott?
579160	Я отдам вам диск через неделю.	582611	Egy hét múlva adom vissza a lemezt.
578446	Ты когда-нибудь задавался вопросом о смысле жизни?	582617	Gondolkoztál már az élet értelméről?
578290	Тебя когда-то предавал друг?	582633	Árultad el már barátodat?
578228	Она подружилась с ними на школьном празднике.	582634	Az iskolai ünnepségen barátkozott össze velük.
578222	Я дал сестре попользоваться своим новым компьютером.	582635	Megengedtem a nővéremnek, hogy használja az új számítógépemet.
578215	В прошлую пятницу я опоздал на последний поезд.	582636	Előző hét pénteken lekéstem a vonatot.
578202	Встреча акционеров состоялась.	582638	A hányaddal rendelkezők üléseztek.
466941	Он играл Гамлета на сцене.	583418	Ő játszotta Hamletet a színpadon.
582775	Детям каждый день необходимо пить молоко.	583425	Fontos, hogy a gyermekek minden nap igyanak tejet.
582767	Я думаю, ему удастся поладить с соседями.	583428	Azt hiszem, jól meglesz a szomszédaival.
582763	Полиция ищет сбежавшего заключённого.	583433	A rendőrség kutat az elszökött rab után.
582757	Таро играет на гитаре лучше, чем любой его одноклассник.	583434	Tarou jobban gitározik, mint akármelyik srác az osztályában.
582749	Он покончил с собой, приняв яд.	583438	Méreggel vetett véget életének.
582745	Мой отец младше моей матери на два года.	583440	Édesapám két évvel fiatalabb édesanyámnál.
582740	Эй, Том, забудь свои печали.	583441	Hé, Tom, felejtsd el az aggodalmaidat.
582724	Ты рано просыпаешься, не так ли?	583443	Korán keltél, nemde?
582723	Я уступил своё место пожилой женщине.	583446	Átadtam a helyemet az idős hölgynek.
582719	Я узнал, где можно дешево купить фрукты.	583448	Megtudtam, hol vehetek olcsón gyümölcsöt.
582713	Мне повезло найти хорошую работу.	583452	Szerencsés voltam, hogy találtam jó munkát.
582706	Не говорите плохого о других.	583453	Ne beszélj csúnyán másokról!
582702	Его действия идут вразрез со словами.	583457	A cselekedetei ellentétben állnak azzal, amit mond.
582701	Многие астрономы полагают, что Вселенная продолжит расширяться вечно.	583460	Több csillagász is feltételezi, hogy a világegyetem a végtelenségig tágul.
582700	Записи наших бесед находятся у секретаря.	583461	A feljegyzett beszélgetésünk a titkárnőnél van.
582684	Когда я был маленький, я проводил долгие часы, читая в одиночестве в своей комнате.	583464	Kiskoromban, órákon át olvasgattam, egyedül a szobámban.
582660	Ты сегодня утром кормил собаку?	583470	Ma reggel megetetted a kutyát?
582650	Сейчас в этом доме никто не живёт.	583473	Senki nem él a lakásban.
583469	В этом дворце живут король и королева.	583478	Ebben a palotában él a király és a királyné.
583477	Я могу починить раковину сегодня днём.	583480	Délutánra megjavítom a mosogatót.
583598	Этот автобус может перевезти пятьдесят пассажиров.	583615	Az autóbuszban ötven utas fér el.
583613	Люди должны понимать, что мир меняется.	583622	Az embereknek meg kell érteniük, hogy a világ változik.
583635	Я получил письмо от друга из Лондона.	583646	Egy londoni barátomtól kaptam levelet.
583915	Я воздерживаюсь от спиртного.	584067	Tartózkodok a szeszes italoktól.
583813	Она ест только овощи.	584074	Csak zöldséget eszik.
583803	У него голубые глаза.	584076	Kék szeme van.
583780	Я сильно занервничал, когда не смог найти свой паспорт.	584083	Nagyon ideges lettem, amikor nem találtam az útlevelemet.
583755	Я хочу уехать за границу.	584096	Külföldre akarok menni.
583736	Сегодня днём мы будем есть итальянскую вишню.	584110	Ma délben olasz cseresznyét eszünk.
584126	Она отклонила мою просьбу.	584129	Ő elutasította a kérésemet.
585124	Я осмотрелся и заметил, что по дороге ехал только я один.	585295	Körülnéztem és láttam, hogy egyedül az én kocsim halad az úton.
584914	Разрешите мне пойти вместо него.	585298	Engedje meg, hogy átvegyem a helyét.
584877	Мой отец часто рассказывал нам о своих школьных годах.	585301	Édesapám gyakran mesélt nekünk az iskolás éveiről.
584866	В той книге было много страниц.	585303	Sok lapból állt a könyv.
584809	Вы играете на каком-нибудь музыкальном инструменте?	585304	Játszik valamilyen hangszeren?
584798	Одолжите ему столько денег, сколько ему нужно.	585306	Adj kölcsön annyi pénzt, amennyi kell neki.
584787	Звонил ли мне кто-нибудь, пока меня не было?	585309	Hívott valaki, amíg távol voltam?
584744	Не могли бы вы мне сказать, как добраться до станции?	585314	Megmondaná, hogyan jutok el az állomásig?
584718	Пожалуйста, скажите, в котором часу отправляется поезд?	585317	Elnézést, megmondaná, mikor indul a vonat?
584652	Сколько английских слов вы знаете?	585321	Hány szót tudsz angolul?
419125	Над девочкой смеялись все её одноклассники.	586663	A lányon nevetett minden osztálytársa.
408400	Прошлой ночью мне приснился странный сон.	586671	Tegnap este egy furcsa álmom volt.
514069	Чья это обувь?	587606	Kié ez a cipő?
379997	Он один из тех людей, которых называют ходячим словарём.	587610	Ő az az ember, akit két lábon járó szótárnak nevezünk.
445530	Запоминать даты непросто.	587619	Nem könnyű emlékezni a dátumokra.
436027	Пока я ждал автобус, я стал свидетелем дорожно-транспортного происшествия.	587620	Amíg az autóbuszra várakoztam, előttem történt meg a közúti baleset.
587505	Солнце ослепительно сверкало.	587633	A nap felülről nézett le ránk.
587496	Ты покажешь мне, что купил?	587634	Megmutatod mit vettél?
587490	Здесь дорога поворачивает влево.	587636	Itt az út balra kanyarodik.
587483	Риск слишком велик.	587637	Túl nagy a kockázat.
587480	Мы должны узнать результат к четвергу.	587645	Csütörtökig megkaphatjuk az eredményt.
587307	Мы не можем обойтись без воды даже один день.	587649	Egy napig nem tudnánk elleni víz nélkül.
586566	Открой свою книгу на девятой странице.	587654	Nyisd ki a könyved a kilencedik oldalon.
589190	Близко ли отель к аэропорту?	589431	A hotel a repülőtér közelében van?
588456	Он работает переводчиком.	589436	Fordítóként dolgozik.
588449	Вчера выпал снег.	589437	Tegnap leesett a hó.
588445	Мама, ты могла бы почитать мне сказку перед сном?	589440	Anyu, olvasnál mesét lefekvés előtt?
588433	Мы должны убрать в нашем классе.	589442	Ki kell takarítanunk az osztálytermünket.
588369	Мой муж зарабатывает сто тысяч долларов в год.	589445	A férjem évente százezer dollárt keres.
588367	Насколько мне известно, он прилежный студент.	589446	Ahogy tudom, ő egy szorgalmas diák.
588222	Корабль вскоре был вне поля зрения.	589447	A hajó hamar eltűnt a látómezőből.
588195	Она подняла одну из стеклянных ваз.	589449	Felemelte az egyik üvegvázát.
588124	Статуя высечена из камня.	589450	A szobrot kőből faragták.
587935	Он поцеловал ее в щёку.	589457	Arcon csókolta.
587887	Пожалуйста, разбудите меня в семь.	589461	Kérlek, ébressz fel hétkor!
589453	Мне отремонтировали мои часы.	589463	Megjavítattam az órámat.
589480	После того как я вернулся из-за границы, у меня было много дел.	589601	Visszajöttem külföldről, mert rengeteg dolgom akadt.
589464	Пожалуйста, напишите мне как можно скорее.	589604	Kérlek, írj mihamarabb.
466681	Предприятие обанкротилось.	590650	A cég csődbe ment.
430330	Учиться в школе сложно?	590655	Nehéz az iskola?
500037	По дороге в школу мы попали под дождь.	590657	Az iskolába menet elkapott minket az eső.
394541	Дам тебе хороший совет.	590661	Adok neked egy jó tanácsot.
470943	Если бы ты был на моей стороне, мне больше ничего не было бы нужно.	590663	Nem is lenne másra szükségem, ha te mellettem állnál.
538204	Большинство писателей чувствительны к критике.	590664	Az írók többsége érzékeny a kritikára.
446976	Вам не разрешено делать фотографии.	590665	Tilos fényképeznie.
445224	Алкоголь начинает сказываться на его речи.	590666	Az alkohol hatása egyre észrevehetőbb a beszédén.
446064	Это используется, чтобы хранить вещи в холоде?	590667	Arra való, hogy hidegen tartsuk a dolgokat?
511101	Он позвонил мне среди ночи.	590678	Az éjszaka közepén hívott fel.
565398	Чертовски болит голова.	590682	Hasogat a fejem.
419756	У неё не было уверенности насчёт своего будущего.	590684	Bizonytalan a jövőjében.
591473	Сегодня чудный день, не так ли?	591942	Szép napunk van, nemde?
591389	После ужина она помыла стол.	591949	Vacsora után letörölte az asztalt.
591329	Магазин закрылся, когда я пришёл.	591950	A bolt már zárva volt, mire odaértem.
591050	Весь экипаж был спасен.	591952	A teljes legénység megmenekült.
370793	Меня зовут Тамако, а тебя?	592072	Az én nevem Tamako, és téged hogy hívnak?
419328	Идите прямо, и вы найдёте станцию.	592074	Menjen előre, és ott meglátja az állomást.
412360	Ждать без толку.	592078	Hiába várni.
471649	Она была так испугана, что не могла говорить.	592080	Úgy megijedt, hogy szóhoz sem jutott.
446756	Не люблю ходить домой, когда стемнеет.	592088	Nem szeretek hazasétálni sötétedés után.
474684	Это принесет несчастье твоей семье.	592089	Ez szerencsétlenséget hoz a családodra.
425363	В каждой больнице есть аварийный генератор на случай перебоя с электроэнергией.	592096	Áramkimaradáskor minden kórházban üzembe helyezhető egy tartalék áramfejlesztő.
443298	Эта машина была выбрана «автомобилем года».	592098	Ez a gépjármű "Az év autója" címet kapta.
419136	Думаю, если ты мне подсобишь, я смогу дотянуться до ветки.	592102	Ha segítesz benne, akkor elérem az ágakat.
413372	Они решили закрыть завод.	592107	A gyár bezárása mellett döntöttek.
384322	Фудзияма красиво выглядит на закате.	592113	A Fudzsi hegy gyönyörű naplementekor.
437755	Сейчас малышу два года.	592116	A baba most két éves.
424648	Высокое давление — одна из главных причин сердечной недостаточности.	592120	Magas vérnyomás az egyik fő kiváltó oka a szívelégtelenségnek.
472583	Пожалуйста, дайте мне взглянуть на меню.	592122	Kérem, engedje meg hogy belenézzek az étlapba.
592594	Неубедительность данной книги состоит в том, что женатый автор рекомендует не жениться.	592605	A könyv hibája abban áll, hogy a nős szerző azt tanácsolja, hogy ne házasodjunk.
592563	В моём первом компьютере было только 128 килобайт памяти!	592608	Az első számítógépemben mindössze százhuszonnyolc kilobájt memória volt!
592561	Есть ли жизнь до смерти?	592610	Van élet a halál előtt?
592090	Тот мужчина умер неделю назад от рака легких.	592612	A férfi egy hete hunyt el tüdőrákban.
592606	Не упускай такую хорошую возможность.	592615	Egy ilyen lehetőséget vétek lenne kihagyni.
592614	Она управляет обувным магазином.	592618	Ő egy cipőboltot vezet.
589100	Пожалуйста, вставьте карту.	592635	Helyezze be a kártyát.
413414	Мне было сложно поймать такси.	592636	Nehezen találtam taxit.
592643	Джон не тот человек, каким он был тремя годами ранее.	592650	John már nem az az ember, aki három éve volt.
586314	Данное правило распространяется только на иностранцев.	592653	A szabály csak a külföldiekre vonatkozik.
592648	Я потянул себе палец, когда играл в волейбол.	592656	Meghúzódott az ujjam röplabdázás közben.
592647	Можешь дать мне твой теперешний адрес?	592662	Megadná a jelenlegi lakcímét?
592668	Его знает очень много людей.	592670	Sok ember megismeri.
592667	У Мари скоро день рождения, я собираюсь испечь ей пирог.	592677	Készítek egy tortát Mary közelgő születésnapjára.
592678	Туфли продаются вместе.	592681	A cipők párban értékesíthetőek.
592679	Если Тед здесь, то он поможет нам вычистить комнату.	592686	Ha Ted itt lenne, segíthetne nekünk feltakarítani a szobát.
594638	Он вытер пот с лица.	595679	Letörölte az izzadságot az arcáról.
594636	Она сидит под деревом.	595682	A fa alatt ült.
593486	Что приемлемо в одном обществе, в другом таковым может не быть.	595686	Ami elfogadható az egyik társadalomban, az lehet, hogy a másikban nem.
593304	Журналист снял очень дорогое жилье.	595688	Az újságíró egy nagyon drága lakást vett ki.
593236	Им нужно решить много проблем.	595691	Sok problémát le kell küzdeniük.
596511	Я не могу отличить лягушку от жабы.	596522	Nem tudom megkülönböztetni a békát a varangytól.
596513	Из шкафа вылезло трёхрукое чудовище.	596526	A szekrényből egy háromkezű szörny rontott elő.
467076	Я не могу с тобой согласиться.	596528	Nem tudok egyetérteni veled.
597040	В шуме ее голос едва был слышен.	597066	A zajban alig lehetett hallani a hangját.
597031	У моего дома есть фруктовый сад.	597067	A házamhoz tartozik egy gyümölcsöskert.
597023	Она оставила парадную дверь открытой.	597069	A bejárati ajtót nyitva hagyta.
597000	Она разрезала яблоко ножом на две половинки.	597072	Késsel félbevágta az almát.
596992	Экипаж покинул корабль.	597074	A legénység elhagyta a hajót.
596831	Мне придется найти работу по совместительству.	597082	Találnom kell egy részmunkaidős állást.
596799	Привет! Не ожидал встретить тебя здесь. Мир тесен.	597092	Szia! Nem is gondoltam volna, hogy erre összefutok veled. Milyen kicsi a világ!
596769	Он разговаривает на японском как будто сам является японцем.	597097	Annyira beszél japánul, mintha ő maga is egy japán lenne.
596755	Я сел на автобус, чтобы не опоздать на встречу.	597100	Autóbuszra szálltam, hogy ne késsek el a találkozóról.
596753	Я пошел в поход с семьей.	597101	Túrára mentem a családommal.
596749	Тебе необходимо бросить курить.	597103	Fel kell hagynod a dohányzással.
596730	Лицо его покраснело.	597107	Arca elvörösödött.
600271	Украинский язык очень мелодичен.	600342	Az ukrán egy nagyon dallamos nyelv.
598987	Я потерял терпение.	600350	Elvesztettem a türelmem.
600230	Придёт время, когда твоя мечта сбудется.	600360	Eljön az az idő, amikor az álmod valóra válik.
600196	Телевидение играет важную роль в повседневной жизни.	600372	A televíziónak fontos szerepe van a mindennapi életben.
600048	Состав поезда из семи вагонов.	600386	A vonatszerelvény hét kocsiból áll.
599886	Его обокрали в толпе.	600396	Kirabolták a tömegben.
599818	Когда я услышал эту весть, то сильно расстроился.	600403	Nagyon elszomorodtam a hírek hallatán.
599595	Дети зависят от своих родителей в плане еды и одежды.	600409	A gyermekek étkeztetésükben és öltöztetésükben a szüleiktől függenek.
599580	Мне трудно облечь свои мысли в слова.	600411	Nehéz a gondolataimat szavakba öntenem.
599477	Я рождён только для того, чтобы любить тебя.	600412	Azért születtem, hogy szeresselek.
599463	Он уже сказал "да".	600413	Már igent mondott.
504681	Я вчера ночью занимался.	600804	Múlt éjjel tanultam.
600942	Они всегда жалуются.	601403	Mindig panaszkodnak.
600940	Я ждал полтора часа.	601405	Másfél órát vártam.
600749	Не воспринимайте меня всерьёз. Я просто шучу.	601407	Nem kell komolyan venned. Csak viccelek.
600740	Они прочесали всю пустыню в поисках зарытых сокровищ.	601409	Átfésülték az egész sivatagot, amikor a kincs rejtekhelyét keresték.
600574	Бумажный самолётик медленно спланировал наземь.	601412	A papírrepülő lassan siklott a föld felé.
600567	Он ответственен за происшествие.	601414	Ő a felelős a baleset bekövetkeztéért.
600552	Найди мне стул, пожалуйста.	601420	Hozzon egy széket nekem, kérem.
600551	С дерева упало несколько яблок.	601422	Néhány alma leesett a fáról.
600380	Я налил воду в цветочную вазу.	601424	Vizet öntöttem a virág vázájába.
600377	Следите за своим багажом.	601428	Figyeljen a poggyászaira.
600367	Мир всегда следует золотому правилу: кто богат, диктует правила.	601433	A világ mindig egy aranyszabályt követ: akinek pénze van, az diktálja a szabályokat.
600363	Он кто угодно, но не джентльмен.	601436	Ő minden, csak nem úriember.
600352	ДТП вызвало у нас большое раздражение.	601439	Nagy bosszúságot okozott nekünk az autóbaleset.
601610	У меня стеклянный глаз.	601759	Üvegszemem van.
601593	Несомненно, это наилучший путь.	601761	Kétségkívül kizáróan ez a legjobb módja.
601543	Он хорошо знает город.	601765	Jól ismeri a várost.
602140	Он постоянно ссорится со своей женой.	603026	Mindig veszekszik a feleségével.
602051	Не надо было мне поливать цветы. Как только я закончил, пошёл дождь.	603028	Nem kellett volna megöntöznöm a virágokat. Amint végeztem, nekiállt esni.
603898	Она почти потеряла сознание.	604593	Csaknem elvesztette az eszméletét.
603894	Я не знал, что яблони вырастают из семечек.	604604	Nem tudtam, hogy az almafák a magvakból hajtanak ki.
603823	Подруга предложила мне поиграть на улице.	604619	Egy barátom elhívott az utcára játszani.
425224	Мужчина молил о пощаде, но всё равно за своё преступление был приговорён к двадцатилетнему заточению.	605125	A férfi kegyelmet kért, de bűntettéért húsz év szabadságvesztésre ítélték.
472195	Кейт сходит с ума по новому певцу, который часто появляется на телевидении.	613678	Kate rajong az énekesért, aki gyakran szerepel a televízióban.
478822	Преступником автор назначает персонажа, который ни с того ни с сего появляется в последней главе этой книги.	613681	A szerző egy olyan szereplőt nevez meg gyilkosnak, aki az utolsó fejezetben jelent meg.
616269	Я не знаю, откуда возникли эти слухи.	617950	Nem tudom, honnan ered a pletyka.
615119	У тебя неординарный старший брат. Старайся быть на него похожим.	617973	Egy nagyszerű bátyád van. Törekedj a nyomdokába lépni.
615102	Я пошел в парикмахерскую и постригся.	617997	Elmentem a fodrászhoz megnyiratkozni.
614939	Золото похоже по цвету на латунь.	618028	Az arany színében hasonlít a rézhez.
614758	Летучие мыши обычно летают в сумерках.	618035	A denevérek általában szürkületkor repülnek.
614710	Оставаться со львом опасно.	618040	A jégen tartózkodni veszélyes.
614698	Я купил дюжину ложек и две дюжины вилок.	618049	Vettem egy tucat kanalat és két tucat villát.
614571	Октоберфест заканчивается зачастую уже в сентябре.	618051	Az Oktoberfest gyakran ér véget szeptemberben.
614516	Все люди в душе добры.	618062	Minden ember jó a lelke mélyén.
614095	Я не думаю, что при лунном свете можно читать книгу.	618071	Nem hiszem, hogy a holdfényben lehet könyvet olvasni.
613873	Передавай мой привет твоим родителям.	618076	Add át az üdvözletem a szüleidnek.
613833	Она никого не любит, и никто не любит её.	618083	Ő senkit nem szeret, és senki nem szereti őt.
619462	Повар каждый день готовит что-то разное.	619605	A szakács minden nap más ételt készít.
619430	Я заснул на уроке.	619607	Elaludtam az órán.
619159	Мой папа был доволен результатом.	619610	Édesapám meg volt elégedve az eredményekkel.
618964	Новая модель отличается большей мощью и скоростью.	619617	Az új modell előnye a nagyobb erő és sebesség.
618903	Он сидел и читал, а его жена занималась шитьем у камина.	619625	Amíg ő ült és olvasott, a felesége varrt a kandalló mellett.
618850	Пожалуйста, воздержитесь от курения в этой комнате.	619634	Kérjük, tartózkodjon a dohányzástól a szobában.
618672	В прошлом году она училась ездить на велосипеде.	619644	Az előző évben tanult meg biciklizni.
618606	У тебя в носке большая дыра.	619647	Hatalmas lyuk van a zoknidon.
618601	Спасибо за твой подарок.	619653	Köszönet az ajándékodért.
618580	В мае все птички откладывают яйца.	619670	Májusban minden madár lerakja a tojásait.
618563	Мой дедушка слегка туг на ухо.	619674	A nagyapám kissé nagyot hall.
618557	Как же я соскучился о тебе!	619680	Annyira hiányoztál!
616315	Пожалуйста, угощайтесь тортом.	619682	Kérlek, vegyél a tortából.
472145	Это была самая продаваемая книга на прошлой неделе.	620594	Az előző hét piacvezető könyve volt ez.
444188	Мы зашли через заднюю дверь, иначе нас кто-нибудь бы увидел.	620599	A hátsó ajtón keresztül jöttünk, másképp észrevettek volna minket.
440996	Он был дисквалифицирован от участия в конкурсе.	620604	Kizárták a versenyben való részvételből.
480084	За батареи надо дополнительно заплатить.	620621	Az elemekért külön kell fizetni.
408418	Она окончила Университет Кобе.	626050	A Kobe egyetemen végzett.
447660	Мы очень устали.	626051	Teljesen elfáradtunk.
623344	Он выпрыгнул в окно.	626052	Kiugrott az ablakon.
623332	Выключи свет. Я не могу заснуть.	626053	Kapcsold le a villanyt. Nem tudok elaludni.
622013	Давайте в перерыве попьём кофе.	626054	Igyunk meg egy kávét a szünetben.
621234	В крупных городах нельзя заблудиться, повсюду есть карты.	626055	A nagyvárosokban lehetetlen eltévedni, mindenhol vannak térképek.
620952	Время лечит разбитые сердца.	626057	Az idő begyógyítja a megtört szívet.
620938	Опасно выпрыгивать из поезда на ходу.	626059	A mozgó szerelvényből kiugrani életveszélyes.
573507	Глагол "быть" неправильно спрягается на всех языках.	627604	A "lenni" ige minden nyelvben szabálytalan ragozású.
351649	Ты должен извиниться перед ней за то, что был невежлив.	627609	Elnézést kérhetnél tőle, amiért udvariatlan voltál.
380021	Можешь опустить подробности.	627611	Elhagyhatod a részleteket.
355184	Свеча сама погасла.	627616	A gyertya magától kialudt.
629748	В небе блестели звёзды.	630303	Ragyogtak a csillagok az égen.
629174	Древние египтяне создали очень развитую цивилизацию.	630307	Az ókori egyiptomiak egy magasan fejlett civilizációt hoztak létre.
629169	Социальная сеть Твиттер - хороший пример бессмыслицы.	630313	A Twitter közösségi oldal egy jó példa az értelmetlen dolgokra.
629157	Меня пригласили на его свадьбу.	630316	Meghívtak az esküvőjükre.
629026	Коровы дают нам молоко.	630318	A tehenek adnak nekünk tejet.
628115	Ты не обязан идти к зубному.	630321	Nem kell fogorvoshoz menned.
628108	Просто чудо, что он выжил в этой катастрофе.	630324	Kész csoda, hogy túlélte a szerencsétlenséget.
628101	Скоро зацветёт черешня.	630325	A cseresznyefák hamarosan virágoznak.
627829	Мария стала машинисткой.	630327	Mária gépírónő lett.
627756	Этот оползень стал источником многих бед.	630329	A földcsuszamlás vált számos bajok forrásává.
627751	Он подвесил ворота на петли.	630346	Feltette az ajtót a zsanérra.
630247	Мой отец хорошо говорит по-английски.	630410	Apám jól beszél angolul.
631367	Почему люди кончают с собой?	631374	Miért végeznek az emberek magukkal?
631308	Мы шли по оленьему следу.	631378	Követtük a szarvas nyomait.
447596	Он отомстил за смерть своего отца.	631380	Megbosszulta apja halálát.
631106	В жаркую погоду вода испаряется быстро.	631381	Meleg időben gyorsan elpárolog a víz.
421525	Ты не догадался закрыть окна?	631386	Nem gondoltál rá, hogy becsukd az ablakot?
630826	Сегодня убийственно жарко.	631390	Tikkasztó hőség a mai.
630708	Котёнок лакал молоко под столом.	631391	A kismacska tejet lefetyel az asztal alatt.
631554	Дом полностью сгорел до прибытия пожарных.	631739	A ház már teljesen leégett mire kiértek a tűzoltók.
417193	Увеличение числа жалоб клиентов может свидетельствовать об упадке бизнеса.	631751	Az ügyfelek panaszainak növekedése utalhat az üzleti visszaesésre.
417205	Каково общее число учеников?	631752	Mekkora a teljes hallgatói létszám?
492938	База нашей компании находится в Токио.	631755	Tokió cégünk székhelye.
471289	Могу ли я получить скидку, если расплачусь наличными?	631758	Kapok kedvezményt készpénzzel történő fizetéskor?
425199	Для человека нет зверя страшнее человека.	631765	Az embernek nincs rémisztőbb fenevad egy másik embernél.
427193	Извините за то, что я так одет.	631768	Elnézést kérek az öltözködésemért.
468742	Наконец ему удалось получить работу.	631773	Végül sikerült állást kapnia.
552166	Я хотел поймать птицу, но это оказалось трудным делом.	631778	A madarat próbáltam elkapni, de nekem nehezen ment.
480666	Они не обращают на меня никакого внимания.	631781	Nem törődnek velem.
426526	Они жаждут мира.	631783	Békére vágynak.
444286	Он делал для своих детей, что мог.	631785	Minden tőle telhetőt megtett a gyermekeiért.
416521	Он обманул её, заставив поверить, что это было правдой.	631798	Elhitette vele, hogy az volt a valóság.
380030	Обычные люди меня не интересуют.	632162	Az átlagos emberek engem nem érdekelnek.
473182	Моя мать всё измеряет деньгами.	632268	Édesanyám mindent pénzben gondol.
447201	Я сделаю для этого исключение, но, пожалуйста, будьте покороче.	632280	Most kivételt teszek, de kérlek fogd rövidre.
514123	У вас теннисный локоть. Погрузите руку в тёплую воду.	632288	Teniszkönyököd van. Áztasd a karod meleg vízben.
383662	О чём ты плачешь, дорогая?	632290	Miért sírsz, kedveském?
498363	Вообще-то, она всегда была плоской. Когда вдруг она стала такой большой?	632294	Mindig is lapos mellei voltak, mikor lett hirtelen ilyen méretes neki?
413127	Когда я встретил его в первый раз, меня поставил в тупик его неожиданный вопрос.	632304	Amikor először találkoztam vele, meglepődtem a váratlan kérdésén.
470346	Этот самолет летит по расписанию?	632307	A repülőgép menetrend szerint közlekedik?
467251	Мы все обосрались от страха.	632314	Beszartunk a félelemtől.
580398	Я собираюсь работать в борделе.	632319	Úgy tervezem, hogy egy bordélyházban fogok dolgozni.
418654	У него дурное на уме.	632324	Rosszban töri a fejét.
527834	Я не предложение. Меня следует удалить из проекта Tatoeba.	632326	Nem vagyok teljes mondat. Ki kell törölni a Tatoeba projektből.
478087	В Советской России предложение пишет тебя!	632331	Szovjet-Oroszországban a mondat ír téged!
478378	В Советской России еда ест тролля!	632332	Szovjet-Oroszországban az étel eszi a trollt!
530089	Ну и что, что я гей? Разве это преступление?	632337	Mi van akkor, ha meleg vagyok? Már az is bűn?
561837	Это кольцо является волшебным. Она дает своему владельцу великую силу.	632338	A gyűrű varázserővel rendelkezik. Viselőjének hatalmas erőt ad.
398863	Так как мы любим Вас, мы обновляем Татоэбу, чтобы Вам было удобнее с ней работать. Видите? Мы любим вас, так ведь?	632342	Szeretjük Önt, ezért frissítjük a Tatoebát, hogy kényelmesebben tudjon vele dolgozni. Látja? Szeretjük Önt, nemde?
477753	Tatoeba: Переходи на тёмную сторону. У нас есть шоколадное печенье.	632343	Tatoeba: Állj át a sötét oldalra. Van csokis sütink.
479717	Tatoeba: место, где битвы на подушках даже близко не сопоставимы с битвами за предложения.	632344	Tatoeba: ahol a párnacsata meg sem közelíti a mondatokkal vívott harcot.
525776	В первые годы производства, Coca-Cola содержала кокаин. В 1914 году кокаин был классифицирован как наркотик, после чего при производстве Coca-Cola вместо него стали использовать кофеин.	632347	A gyártás első éveiben a Coca-Cola egyik összetevője a kokain volt. Ezerkilencszáztizennégyben a kokaint narkotikumnak minősítették, amelyet követett a koffein használata a Coca-Cola gyártásakor.
424938	Осколки разбитого стекла рассыпались по всей дороге.	632351	A szilánkokra tört üvegdarabok szétszóródtak a földön.
413497	От пара запотели мои очки.	632352	Bepárásodott a szemüvegem.
519985	Жюльен носит круглые очки, как у Джона Леннона.	632354	Julien kerek szemüveget hord, akárcsak John Lennon.
505530	Я не могу найти очки. Возможно, я оставил их в поезде.	632356	Nem találom a szemüvegemet. Talán elhagytam a vonaton.
467925	Это нездоровая пища.	632358	Ez az étel egészségtelen.
500506	Во многих странах покупка или курение конопли запрещено законом.	632371	Több országban tiltják törvényben a kannabisz árusítását és élvezetét.
416515	Если мужик выпал из трактора, значит, был взрыв реактора.	632375	Ha egy férfi esik a traktor alá, azt jelenti, hogy a közelben robbant egy reaktor.
402613	Гости всегда приносят радость; если не приходом, то уходом.	632398	A vendég mindig örömet okoz; ha nem érkezéskor, akkor távozáskor.
513894	Живу в Беларуси и этим горжусь.	632401	Fehéroroszországban élek és büszke vagyok rá.
439151	Дрессировать собак не просто.	632403	A kutyaidomítás nem egyszerű dolog.
413511	Если учётная запись уже есть, то существует система, с помощью которой вы сможете отправлять и получать электронную почту.	632407	Ha a fiók már létezik, akkor van a rendszerben, amivel elektronikus levelet tud küldeni és fogadni.
446085	Тесты показали, что Алекс не просто притворялся.	632424	A tesztek kimutatták, hogy Alex nem csak tetteti magát.
508093	Занятия немецким проходят два раза в неделю: по понедельникам и средам.	633506	Hetenként kétszer tartunk németórát: hétfőn és szerdán.
546108	Я объяснил им правила игры.	634726	Elmagyaráztam nekik a játékszabályokat.
438201	Его песни были очень популярны среди молодёжи.	634727	Dalai nagyon népszerűek voltak a fiatalok körében.
525725	Ботаника занимается изучением растений.	634730	A növénytan a növények tanulmányozásával foglalkozik.
442224	Я уговорил её выйти за него замуж.	634736	Rábeszéltem, hogy menjen hozzá férjhez.
467125	У меня болит горло и небольшая температура.	634738	Fáj a torkom és enyhe lázam van.
446846	Он вернулся домой, не предупредив нас.	634740	Hazament úgy, hogy nem szólt nekünk.
398907	Та женщина, которую ты видишь там, — знаменитая скрипачка.	634916	A hölgy, akit ott látsz - egy híres hegedűművész.
407423	Между Москвой и Токио есть воздушное сообщение.	634917	Légi kapcsolat van Moszkva és Tokió között.
443732	Как прочие изменения, это изменение в отношении произошло и в других странах тоже.	634924	Más változásokkal együtt, ez a megváltozott magatartás megjelent a többi országban is.
634876	Они молились, подстелив под колени коврик.	634932	Imádkoztak, a szőnyeget a térdük alá terítve.
634873	Ничего не слышу: в уши будто впихнули по комку ваты.	634937	Semmit nem hallok: mintha vattagolyót tömtek volna a fülembe.
634850	Мы ищем кого-нибудь, кто умеет пользоваться компьютером.	634938	Keresünk valakit, aki tudja használni a számítógépet.
633780	Там прогуливалось прожорливое животное, поглядывая на меня выпуклыми, тоскующими глазами.	634940	Ott ténfergett a falánk állat, nézett rám a kerek, szomorú szemeivel.
447266	Хотел бы я быть там с тобой.	634941	Bárcsak ott lehetnék veled!
633770	Ты можешь представить, какой была б наша жизнь без электричества?	634946	El tudod képzelni, milyen lenne az életünk elektromosság nélkül?
633014	Трое санитаров не спускали глаз с него.	634959	A három ápoló nem vette le tekintetét róla.
495127	Комната была пуста, когда я вошёл.	637835	A szoba üres volt, amikor bejöttem.
637863	Каждый человек - это целый мир.	637908	Minden ember egy külön világ.
464673	Я не знаю, кто написал это письмо.	637910	Nem tudom, ki írta ezt a levelet.
464675	Ты любишь фильмы?	637916	Kedveled a filmeket?
464803	Не так страшен чёрт, как его малюют.	637920	Nem olyan szörnyű az ördög, mint amilyennek lefestik.
464810	Пока кипит похлёбка, дружба цветёт.	637923	Amíg sok a pénzed, sok a barátod.
464816	Знал бы, где упаду — соломки бы подстелил.	637925	Ha tudnám, hogy el fogok esni, előbb leülnék.
464825	Заглянет солнце и в наше оконце.	637927	Lesz még ünnep a mi utcánkban.
464840	Хорошо смеётся тот, кто смеётся последним.	637929	Az nevet igazán, aki utoljára nevet.
464896	Всегда есть ещё предложения.	637931	Mindig van még ajánlat.
465694	Он швейцарец.	637933	Ő svájci.
465718	На книжной полке только книги.	637934	A könyvespolcon csak könyvek vannak.
465751	Страна богата на природные ресурсы.	637937	Természeti kincsekben gazdag ország.
465948	Не волнуйся.	637940	Ne parázz!
421567	Я положил немного сливок себе в кофе.	640313	Teszek egy kevés tejszínt a kávéba.
495299	К стоматологу только по приему.	640316	A fogorvos csak időpontban fogad.
521697	Я не понимаю, зачем в украинском алфавите переносили мягкий знак: на мой взгляд, было гораздо логичнее, когда он был в конце.	640324	Nem értem, miért helyezték át a lágyjelet az ukrán ábécében: szerintem sokkal logikusabb volt, amikor a végére került.
416520	Она бегло говорила по-французски.	640328	Folyékonyan beszélt franciául.
415977	На свете много людей, которые жалуются, что им некогда читать.	640340	Sok ember panaszkodik arra a világon, hogy nincs idejük olvasni.
475895	Ты должен пойти к дантисту, выдрать зуб.	640353	El kellene menned a fogorvoshoz, kihúzatni a fogadat.
439157	Не спорь, когда ты зол, и не ешь, когда ты сыт.	640375	Ne vitatkozz, ha mérges vagy, ne egyél, ha már teli vagy.
610229	Я научился водить, когда мне было восемнадцать, и тогда же получил права.	640382	Tizennyolc évesen tanultam vezetni és kaptam meg a jogosítványt.
520523	Она чувствует, что что-то касается её шеи.	640391	Érezte, amint hozzáér valami a nyakához.
540749	Какой фильм показывают в восемь?	640405	Milyen filmet vetítenek nyolckor?
408426	Он приложил огромные усилия, чтобы преуспеть в жизни.	640418	Megfeszítette erejét, hogy sikeres legyen az életben.
407963	Качество важнее количества.	640429	A minőség többet számít, mint a mennyiség.
421674	Жаль, что я не умею петь.	642732	Kár, hogy nem tudok énekelni.
642660	Я чуть со стыда не сгорел.	642742	Majd elsüllyedek a szégyentől.
642610	Спроси его, где он припарковал машину.	642744	Kérdezd meg, hová parkolt a kocsival.
642569	Это самый лучший ресторан из тех, что я знаю.	642751	Ez a legjobb étterem, amit ismerek.
642554	Ее дыхание щекотало мне волосы.	642763	Lélegzete csiklandozza a hajamat.
642460	Посторонним вход воспрещён!	642767	Behajtani tilos!
642456	Не забудь перед уходом выключить газ.	642770	Ne felejtsd el elzárni a gázt mielőtt elmész.
642429	Мы решили перекусить и взяли по стакану кофе с бутербродами.	642776	Gondoltuk eszünk és elővettük a pohár kávét és szendvicset.
642391	Она не может контролировать свои чувства.	642777	Nem tudja féken tartani érzéseit.
642118	Моя сестра боится всех врачей.	642781	A nővérem fél minden orvostól.
470442	Мы должны очистить крышу от снега.	642789	Le kell tisztítanunk a havat a tetőről.
337612	Дождь перешёл в снег.	642791	Az eső átváltozott havazásra.
337606	Выпало много снега.	642795	Temérdek hó esett.
374365	Автобус занесло снегом.	642797	A buszt hó lepte be.
512116	Снег уже начал таять.	642801	A hó már kezdett felolvadni.
480749	Его следы четко отпечатались в снегу.	642809	A nyomait jól ki lehetett venni a havon.
445297	Снег сохраняет молодые растения в уюте и тепле.	642815	A hó biztosít kényelmet és meleget a fiatal növényeknek.
423209	Снег был по колено.	642817	A hó térdig ért.
443886	Поезд был задержан из-за сильного снега.	642820	A vonat késett az erős havazás miatt.
443296	Итак, эффективный метод следующий: утрамбовать снег, чтобы он стал плотнее, сделать из него блоки, и составить их друг на друга.	642829	Íme egy hatékony módszer: gyúrjuk meg a havat, hogy az tömörebb legyen, képezzünk belőle tömböket, amiket egymásra állítunk.
642109	Мы нашли во дворе маленькую несчастную кошечку.	642839	Találtunk az udvaron egy szegény kismacskát.
641784	Она пыталась выглядеть сильно моложе своего возраста.	642843	Koránál sokkal fiatalabbnak próbált tűnni.
407278	Этот дом обогревается солнечной энергией.	642925	Ezt a házat napenergiával fűtik.
392281	У меня кончаются идеи.	646033	Nincs több ötletem.
423016	Мы должны сократить здесь расходы. Ты не слышал, что перед тем как начать тратить, нужно узнать, сколько ты получишь?	646076	Ezen a részen csökkentenünk kell a költségeket. Hallottad már, hogy költekezés előtt meg kell becsülni, mennyi tudunk rajta nyerni?
374863	Мы сильно скучаем по тебе.	646080	Mindannyiunknak nagyon hiányzol.
380982	Будь осторожен по дороге домой.	646083	Vigyázz magadra hazafelé.
381012	Ты можешь прочитать какую-то строку из Гамлета по памяти?	646084	Fel tudsz idézni néhány sort a Hamletből?
381015	Она курит по 20 сигарет в день.	646086	Húsz cigarettát szív el naponta.
389740	Я смотрел по телевизору теннисный матч.	646087	Néztem a televízióban a teniszmeccset.
393177	У нас по два уха.	646094	Van két fülünk.
399636	Орёл летит по небу.	646101	A sas száll az égen.
400597	Если у тебя есть время, пошли по магазинам погуляем.	646103	Ha van időd, elmehetnénk sétálni a boltokban.
407651	Мне как-то неспокойно по поводу сдачи крови.	646116	Nyugtalanít kissé a véradás.
407831	Какое сейчас время по вашим часам?	646121	Mennyi nálad az idő?
407881	По началу я немного стеснялся говорить с нею.	646126	Nem mertem elsőnek beszélni vele.
409250	Я буду скучать по твоей стряпне.	646134	Hiányzik majd a főztöd.
412222	Больше всего я люблю проводить время бродя по берегу.	646140	Legszívesebben a parton kószálva töltöm az időmet.
445694	Она упала в обморок в магазине, а когда пришла в себя, обнаружила себя в комнате первой помощи.	646153	Elvesztette az eszméletét a boltban, majd amikor magához tért, az elsősegély szobában találta magát.
376116	В комнате стоят кровати, привинченные к полу. На них сидят и лежат люди в синих больничных халатах и по-старинному в колпаках. Это — сумасшедшие.	646177	A szobában ágyak, a padlóhoz csavarozva. Ebben ülnek és feküdnek az emberek, kék köpenyt és régies kalapot hordanak. Ezek - őrültek.
419728	В городе много людей и автомобилей. Это занятой город.	646183	A városban sok az ember és az autó. Ez egy nyüzsgő város.
646192	На острове не было никаких признаков жизни.	646211	Nem volt jele az életnek a szigeten.
601597	Он не спал, когда я пришёл домой.	646999	Nem aludt, amikor hazaértem.
647667	Они обвинили меня в недостаточной предусмотрительности.	649688	Megvádoltak, hogy képtelen vagyok előrelátni.
647376	Как ты произносишь это слово?	649689	Hogyan mondod ezt a szót?
647347	Она проговорила 30 минут без перерыва.	649690	Harminc percen keresztül megállás nélkül beszélt.
647345	Я больше всего люблю математику.	649691	A matematikát kedvelem leginkább.
647328	Новость его сильно разочаровала.	649693	Nagyot csalódott a hír hallatán.
647325	Ему знакома современная музыка.	649694	Ismerős a kortárs zenében.
647238	Мы с подозрением понюхали еду.	649695	Gyanakvással szagoltunk bele az ételbe.
647231	Чем вы объясняете ваше отсутствие?	649697	Mivel magyarázza távollétét?
647230	Я верю, что искреннее намерение в конечном итоге победит.	649700	Hiszem, hogy az őszinte szándék végül győzedelmeskedik.
647226	Даже простое упоминание его имени приводило её в гнев.	649701	A neve puszta említésére harag tört fel belőle.
647012	Её мечта когда-нибудь сбудется.	649705	Az álma egyszer teljesül.
646998	Я остановился и ждал, пока проедет машина.	649706	Álltam és vártam, amíg az autó elhaladt.
646978	Он сказал, что та девочка его поцеловала.	649708	Azt mondta, hogy az a lány megcsókolta.
646922	Разбор всего нашего багажа занял долгое время.	649710	Sok időt vett el kiválogatni a poggyászainkat.
646768	Просунь палец сквозь горло!	649711	Dugd le az ujjad a torkodon!
646503	Я хочу сделать её счастливой.	649712	Boldoggá akarom tenni.
646501	Не наступайте на разбитое стекло.	649713	Ne lépj a törött szilánkokra.
646498	По моему телу пробежали мурашки.	649718	Testemen végigfutott a hideg.
646492	Ваш ответ отличается от моего.	649720	A válaszotok eltér az enyémtől.
646483	Это японская кукла.	649723	Ez egy japán játékbaba.
646478	Детям необходимо много сна.	649727	A gyermekeknek szükségük van a sok alvásra.
646473	Почему бы нам не заказать пиццу?	649729	Miért nem rendelünk egy pizzát?
646459	Это лекарство горькое на вкус.	649731	Ez a gyógyszer keserű.
646436	Я не хочу идти в одиночку.	649733	Nem akarok egyedül menni.
646432	Я хочу выпить чего-нибудь холодного.	649735	Valami hideg italra vágyom.
646422	Желаю тебе удачи.	649737	Sok szerencsét kívánok neked!
646377	Скоро будут цвести тюльпаны.	649740	Nemsokára nyílnak a tulipánok.
646359	Многие виды насекомых находятся на грани исчезновения.	649743	Sok rovarfaj áll a kipusztulás szélén.
646354	Пришей пуговицы на рубашку.	649746	Varrj gombokat az ingre.
646332	Конкуренция жестокая.	649752	A konkurencia kegyetlen.
646290	Это твои кони?	649756	Ők a te lovaid?
646287	Он сравнил копию с оригиналом.	649757	Összevetette a másolatot az eredetivel.
646262	Лёд очень толстый.	649762	Nagyon vastag a jég.
646258	Забудь свою печаль.	649764	Tedd túl magad a bánaton.
646249	Она написала книгу о животных.	649766	Könyvet írt az állatokról.
646220	Есть большой спрос на бензин.	649772	Nagy a kereslet a benzin iránt.
646205	Ты не возражаешь, если я включу телевизор?	649773	Nem zavar, ha bekapcsolom a televíziót?
646188	Он пообещал никогда больше не опаздывать.	649779	Megígérte, hogy nem késik el többet.
646182	Моя мать умерла, когда я был маленький.	649782	Édesanyám gyermekkoromban meghalt.
645855	Пообещал себе, что никогда не буду с ней разговаривать.	649786	Megígértem magamnak, hogy soha nem állok vele szóba.
645842	Завтра меня не будет.	649790	Holnap nem leszek.
404155	Нет дыма без огня.	649794	Nincsen tűz füst nélkül.
645672	Я не знаю и не хочу знать.	649801	Nem tudok róla, és nem is akarok.
645461	Лепестки плывут по воде.	649802	Szirmok lebegnek a vízen.
645435	Я совсем не устал.	649812	Egyáltalán nem fáradtam el.
645428	Этот журнал выходит ежемесячно.	649814	Ez a lap havonta jelenik meg.
645386	Мы столкнулись со множеством сложностей.	649815	Sok akadályba ütköztünk.
645382	Возможно, у вас аллергия на пыльцу или пыль.	649817	Talán allergiás vagy a pollenekre vagy a porra.
645378	Все их усилия были тщетными.	649821	Minden erőfeszítése hiábavaló volt.
645371	Решение судьи окончательно.	649824	A bíró döntése végleges.
645364	Я влюбился с первого взгляда.	649826	Első látásra beleszerettem.
645361	Когда построили этот храм?	649827	Mikor épült a templom?
645360	У меня медленный пульс.	649828	Alacsony a pulzusom.
645357	Это труднее, чем ты думаешь.	649829	Ez nehezebb, mint gondolnád.
645347	Хочу массаж. Мне нужно расслабиться.	649830	Masszázst akarok, hogy ellazulhassak.
645318	Твоё лицо мне знакомо.	649832	Ismerős az arcod.
645313	Мне не удаётся скомпилировать эту программу.	649835	Nem sikerül lefordítanom a programot.
645211	Я унаследовал его имущество.	649837	Örököltem a vagyonát.
645207	Вы можете выбрать, что вам угодно.	649838	Választhat amiből tetszik.
645199	Я не люблю пить чай, поэтому я обычно пью кофе на завтрак.	649840	Nem szeretek inni teát, ezért reggelire kávét szoktam inni.
645194	Они поздравили своего коллегу с повышением.	649841	Gratuláltak kollégájuknak az előléptetéshez.
645189	Он никогда не пьет, кроме как по особым случаям.	649843	Nem iszik alkoholt, csak különleges eseményekkor.
645188	Я никогда не видел такого прекрасного заката.	649844	Soha nem volt részem ilyen gyönyörű naplementében.
644279	По закону запрещено строить небоскребы на этой земле.	649846	Ezen földterületen a törvény tiltja a felhőkarcolók építését.
644198	Независимо от того, на каком музыкальном инструменте вы хотите научиться играть, важно не делать ошибок с самого начала, потому что ошибки всегда запоминаются лучше, чем все остальное, делаемое правильно.	649848	Nem számít, milyen hangszeren akarsz megtanulni játszani, fontosabb hogy a kezdetektől fogva kerüld a hibákat, mert könnyebben megmaradnak benned a hibák, mint amiket hiba nélkül csináltál.
644102	Он взял за правило никогда не говорить плохо о других.	649851	Szabályként adta hogy nem szabad beszélni helytelenül másokkal.
598452	История была во всех дневных газетах.	649852	A történet minden napilapban szerepelt.
443626	Я начну работать первого июля.	650696	Július elsején kezdek el dolgozni.
650487	Дружба врозь, и дело врозь.	650796	Más a barátság és más a munka.
650780	Веточка к веточке, гнездо строится.	650804	Téglára téglát, így épül a kis ház.
598350	Его речь была такая длинная, что мы все заскучали.	653154	Olyan hosszúra nyúlt a beszéde, hogy már mindannyian untuk.
653155	Позвони мне когда-нибудь.	653168	Hívj fel alkalomadtán!
481608	Я хочу купить аспирин.	653211	Aszpirint akarok venni.
388947	На её месте я бы ещё не сдавался.	654192	Az ő helyében még nem adnám fel.
514244	Премьер-министр сегодня сделает заявление.	654195	A miniszterelnök ma nyilatkozatot ad ki.
497337	Я заберу его на станции.	654197	Felveszem őt az állomásnál.
424627	Он намного лучше всех в классе.	654210	Másoknál sokkal jobb az osztályban.
407644	Запущенная комната осталась незанятой.	654213	A magára hagyott szoba üresen maradt.
467479	Прибавить пять к десяти легко.	654216	Könnyű összeadni az ötöt és a tízet.
551288	Что ты хочешь сказать?	654220	Mire akarsz kilyukadni?
425237	Этот диван занимает слишком много места.	654222	Ez a dívány túl sok helyet foglal el.
379022	Приятного аппетита!	654226	Jó étvágyat!
513679	Патриоты всегда говорят о смерти за свою страну, но никогда об убийстве ради своей страны.	654229	A patrióták mindig a hazáért való halálról beszélnek, sohasem a hazáért való gyilkolásról.
400719	Эта дверь ведёт в кабинет.	654236	Ez az ajtó a dolgozószobába vezet.
417091	Надеюсь, это скоро прояснится.	654243	Remélem, hamarosan tisztázódik.
597384	Он внимательно слушал рассказчика.	654247	Figyelmesen hallgatta az elbeszélőt.
466798	Шум разбудит ребенка.	654257	A zaj felébreszti a kisgyereket.
424314	Вы возьмёте нас в поездку в следующее воскресенье?	654270	Nem viszel el minket kirándulni jövő vasárnap?
621254	Мы не могли определить ее местонахождение.	654277	Nem tudjuk megállapítani merre van.
443656	Теории относительности могут оказаться недоступными пониманию даже для людей сведущих в науке.	654292	A relativitás-elmélete még azok számára is nehezen érthető lehet, akik járatosak a tudományban.
468037	Мы можем доставить в течение недели.	654303	A héten ki tudjuk szállítani.
654030	Прости, что я по ошибке вскрыл твоё письмо.	654377	Bocsáss meg, véletlen felbontottam a leveledet.
653639	Я убил двух зайцев одним выстрелом.	654383	Két legyet ütöttem egy csapásra.
653529	Пусть расцветают сто цветов!	654395	Virágozzék száz virág!
653525	Земельная реформа привела к большим переменам в жизни людей.	654406	A földreform nagy fordulatot hozott az emberek életébe.
653499	Само собой разумеется, что счастья за деньги не купишь.	654420	Magad is rájössz, hogy boldogságot nem lehet venni .
652891	Тут крыса! Позови кота!	654431	Egy patkány! Hívd ide a macskát!
652858	Я хочу быть инженером.	654438	Mérnök akarok lenni.
652872	Ты мне очень симпатичен.	654440	Nagyon rokonszenves vagy nekem.
652854	Рад познакомиться с вами.	654442	Örvendek a találkozásnak.
652835	Это полотно - шедевр импрессионистского искусства.	654448	Ez a festmény az impresszionista művészet remekműve.
652832	Я не трачу много времени на подготовку к урокам английского языка.	654454	Nem szánok sok időt a felkészüléskor angol órára.
652823	У меня нет сексуального влечения.	654460	Nincs bennem szexuális vágy.
658473	Веди себя в соответствии с возрастом!	658476	Viselkedj korodhoz méltóan!
657594	На рассвете мы были разбужены гудком поезда.	658482	Hajnalban a vonat sípjára ébredtünk fel.
657564	Мы скоро сможем путешествовать на Луну.	658486	Nemsokára képesek leszünk feljutni a Holdra.
657533	Эти ножницы плохо режут.	658491	Alig vágnak ezek az ollók.
657517	Она твёрдо решила завести собственный магазин.	658502	Szilárdan elhatározta, hogy saját boltot indít.
656923	Он женился на стюардессе.	658505	Stewardesst vett feleségül.
656918	Он уже давно болеет.	658507	Régóta betegeskedett.
662416	Они похожи друг на друга, за исключением цвета волос.	662428	Hasonlítanak egymáshoz, kivéve a hajszínük.
415881	Большинство разработчиков ненавидят стадию отладки; куда интереснее баги писать, чем исправлять.	662517	A legtöbb fejlesztő ki nem állhatja a hibakeresés folyamatát; sokkal érdekesebb a szoftver-hibákat magunk elkövetni, mint azokat kijavítani.
598650	Он занят подготовкой к вступительным экзаменам.	662576	Elfoglalt, mert készül a felvételi vizsgára.
423179	Вы не против немного подождать?	662578	Nem baj hogy ha megváratlak?
438052	Будьте добры, Вы не могли бы сказать мне, когда выходить?	662583	Elnézést, meg tudná mondani, hogy mikor szálljak le?
426511	Я потерял свой паспорт. Мне нужно получить новый.	662586	Elvesztettem az útlevelem. Újat kell kiállítanom.
470773	Двери с левой стороны будут открыты.	662588	Az ajtók nyílnak a bal oldalon.
467723	Вам следует снимать обувь перед входом в дом.	662591	Mielőtt belép a házba, le kell venni a cipőket.
424298	Сократи новость до ста слов.	662597	Száz szóra tömörítse a hírt le.
467940	Когда идёт дождь, автобусы опаздывают чаще.	662600	Esőben az autóbuszok sűrűbben késnek.
417214	Не стесняйтесь, возьмите себе что-нибудь из фруктов.	662604	Ne szégyenlősködj, vegyél magadnak egy gyümölcsöt.
467779	Ты должен подчиняться законам.	662606	Alá kell rendelni magadat a törvényeknek.
471751	Этот отель может принять 500 гостей.	662608	Ez a hotel ötszáz vendégnek ad szállást.
496705	Никого не интересует, что ты там думаешь.	662611	Senkit nem érdekel, hogy mit gondolsz.
467679	«Можно воспользоваться твоим словарём?» — «Да, пожалуйста».	662613	- Használhatom a szótáradat? - Tessék, parancsolj.
620418	Этот стул очень удобный.	662618	Ez a szék nagyon kényelmes.
498323	У меня нет права рассказывать тебе об инциденте.	662622	Nem áll jogomban, hogy beszéljek veled a balesetről.
497509	Как вы уже знаете.	662624	Ahogy már ön is tudja.
524409	Я достиг вершины горы ровно в 5 часов.	662625	Pontosan öt óra alatt értem fel a hegycsúcsra.
598895	Лавины представляют для альпинистов опасность.	662626	A lavinák veszélyt jelentenek a hegymászókra.
561234	В городах скорость ограничена до 50 км/ч.	662627	A városon belül ötven km/órára korlátozzák a sebességet.
407625	Извините, это место еще свободно?	662628	Elnézést, szabad még ez a hely?
380018	Кто спроектировал Белый дом?	662729	Ki tervezte a Fehér Házat?
443540	Семьям работников фабрики нужны школы, больницы и магазины — так ещё больше людей приезжают в местность, чтобы предоставлять эти услуги, и город растёт.	662760	A gyári dolgozók családjainak szükségük van iskolára, kórházra és boltokra - így még többen jönnek a területre, hogy ezen szolgáltatásokat elvégezzék, és a város képes növekedni.
416507	Многие астрономы считают, что расширение Вселенной бесконечно.	662762	Többen a csillagászokból úgy vélik, hogy az Univerzum kiterjedése végtelen.
631295	Во время еды не читают.	662767	Nem szokás olvasni étel mellett.
447669	Я читаю только фрагменты новостей в Интернете, но так, общую картину себе представляю.	662777	Csak szemezgettem a hírekből az Interneten, de felfogtam úgy általában miről szól.
607193	Мне нечего сообщить.	662779	Nincs mit bevallanom.
446921	Пожалуйста, принесите мне универсальный ключ.	662781	Kérlek, add ide a kulcs eredetijét.
490685	Я могу читать без очков.	662782	Nem látom a betűket szemüveg nélkül.
667012	Он обжёг язык горячим чаем.	667015	Megégette a nyelvét a forró teával.
480094	Можете ли вы мне вызвать такси?	668781	Hívna nekem egy taxit?
337545	В эту сумму включены налоги.	668790	Az összeg tartalmazza az adót.
514525	Здесь мы приводим список часто задаваемых вопросов, связанных с эсперанто.	668805	Itt van egy listánk a gyakran feltett kérdésekről, ami kapcsolódik az eszperantóhoz.
493877	Он богат, но живет как нищий.	668812	Gazdag, mégis úgy él mint egy koldus.
466935	Могу ли я расплатиться кредиткой?	668821	Fizethetek bankkártyával?
500244	Я могу засвидетельствовать его невиновность.	668830	Tanúsíthatom az ártatlanságát.
445969	Ваша собака кусается?	668831	Harapós a kutya?
495314	Розы в саду приятно пахнут.	668832	Kellemes az illatuk a kert rózsáinak.
632879	Члены этой секты никогда не едят кровяной колбасы.	668838	Ennek a szektának a tagjai nem esznek véres hurkát.
413261	В Бразилии говорят на каком языке?	668841	Brazíliában milyen nyelven beszélnek?
407965	Этот отопительный прибор использует нефть как топливо.	668862	Ez a kazán olaj tüzelésű.
407486	Соседи видят, что из почтового ящика не вынимают почту.	668869	A szomszédok látják, hogy a postaládát nem ürítették ki.
392951	Ты умеешь вести бухгалтерию?	668877	Tudod hogyan kell könyvelést vezetni?
424345	«А» — первая буква алфавита.	668881	A - az ábécé első betűje.
475176	У тебя есть красный карандаш?	668891	Van piros ceruzád?
514268	Я бы хотел работать в кафетерии.	668912	Szeretnék kávéházban dolgozni.
619435	На документе стояла его подпись.	668916	Az okmányon az ő aláírása állt.
413031	Над деревом летает воздушный змей.	668921	A fák felett repült a papírsárkány.
408417	Я не могу повернуть шею, потому что очень больно.	668937	Nem tudom forgatni a nyakam, mert nagyon fáj.
426936	Правительство должно произвести фундаментальные изменения.	668940	A kormány végig kell hogy vigye az alapvető reformokat.
423007	Ты не должен спускать ему обман.	668943	Nem szabad hagynod, hogy csaljon.
444233	Ему нет равных.	668945	Nincs hozzá hasonló.
598434	Пара потратила много денег на обстановку своего дома.	668950	A pár sok pénzt költött otthonuk bebútorozására.
520140	Она упрямая девочка.	668957	Ő egy makacs lány.
631551	Мы очень любим друг друга.	668959	Nagyon szeretjük egymást.
380960	Я проснулся и обнаружил в комнате вора.	668965	Arra ébredtem, hogy egy betörőt találok az otthonomban.
5605	Ты сам удивишься, сколько можно выучить за неделю.	668969	Meglepődnél, ha tudnád mennyit lehet megtanulni egy hét alatt.
469984	Где вход в музей?	668972	Hol találom a múzeum bejáratát?
467185	Я заплатил за покупку наличными.	668977	Készpénzzel fizettem bevásárláskor.
475222	Я получил пригласительный билет.	668979	Kaptam egy meghívót.
501157	Жизнь скучна в маленькой деревеньке.	668980	Unalmas az élet egy kis faluban.
438829	Такэо пощупал карман в поисках билета.	668983	Takeo kitapogatta a jegyet a zsebében.
443978	Мне сначала нужно вставить монеты?	668988	Az aprót kell betenni elsőnek?
468432	На следующей неделе придёт электрик и починит электропроводку.	668990	A jövő héten jön a villanyszerelő és megjavítja a villanyvezetéket.
444346	Она попробовала ещё раз вставить серьгу в ухо.	670160	Újból megpróbálta beletenni a fülbevalót a fülébe.
426582	Не упусти этот шанс!	670850	Ne hagyd ki ezt a lehetőséget!
408030	Экономическое развитие важно для Африки.	670855	A gazdasági fejlődés fontos Afrikának.
536919	Ему нравится география и история.	670869	Szereti a földrajzot és a történelmet.
553210	Ты лучше немножко отдохни.	670873	Jobb ha pihensz egy kicsit.
351719	Принимайте побольше аскорбиновой кислоты, чтобы не простудиться.	670881	A sok C-vitamin segít elkerülni a megfázást.
408031	Ты должен доделать своё задание.	670888	El kell látnod a feladatodat.
600189	Когда время тяжело, оно ползёт медленно и мучительно.	670906	Amikor az idő alig múlik, lassan és fájdalmasan telik.
635657	Я думал, что задохнусь в этом битком набитом поезде.	670915	Már azt gondoltam, hogy megfulladok ezen a túlzsúfolt vonatok.
563541	Я больше не могу выносить этот шум.	670920	Nem bírom tovább ezt a zajt.
468358	Хорошие кинофильмы расширяют горизонт.	670928	A jó mozifilmek szélesítik a látókört.
441073	Он склонен к лени.	670937	Hajlamos a lustaságra.
597447	Какие телепередачи вам больше всего нравятся?	670942	Melyek azok a tévéműsorok, amiket legjobban szeretsz?
401352	У вас есть зажигалка?	670946	Van öngyújtód?
626547	В следующем месяце в Чикаго откроется новый филиал.	670949	Jövő hónapban Chicagóban új fiókintézet nyílik.
565218	У господина и госпожи Вест медовый месяц.	670954	West úr és neje a mézes heteiket töltik.
623282	Я отвезу вас в аэропорт.	670957	Elviszem önt a repülőtérre.
443630	Поскольку была уже поздняя ночь, и я очень устал, я разместился в гостинице.	670964	Mivel már későre járt, és nagyon elfáradtam, kivettem egy szobát a szállodában.
430558	Продолжение следует.	670965	Folytatás következik.
492228	Мир тебе!	670970	Béke veled!
425703	Детям следует слушаться родителей.	670994	A gyermekeknek szót kell fogadniuk szüleiknek.
439961	Он никогда не показывал своих знаний.	671009	Soha nem osztotta meg velünk tudását.
469883	Билет действителен только в течение двух дней с момента покупки.	671012	A jegy a vásárlás napjától két napig érvényes.
623312	Обычно я мою посуду.	671031	Rendszerint én mosom el az edényt.
440982	Ты будешь говорить и делать то же, что и твои родители, даже если поклянёшься никогда этого не делать.	671045	Úgy beszélsz és cselekedsz, ahogy azt a szüleid teszik, még ha az ellenkezőjére esküdtél is fel.
637516	Мы стали посмешищем во всём селе.	671050	Nevetség tárgyává váltunk a faluban.
573818	Этот человек умер всего несколько часов назад.	671059	A férfi pár órával ezelőtt hunyt el.
446822	Мы предложим пятипроцентную скидку с цен прейскуранта.	671066	Öt százalékot engedtünk a listaárból.
599870	Двести килограмм — это слишком большой вес даже для борца сумо.	671076	Kétszáz kilogramm - ez még egy szumó birkózónak is sok.
378088	Она прижалась носом к окошку.	671084	Odanyomta az orrát az ablakhoz.
668982	Лучше запиши, а то забудешь.	671483	Jobb ha felírod, különben elfelejted.
668961	До вокзала 10 минут пешком.	671484	Az állomásig tíz perc gyalog.
668908	Нашим глазам требуется время, чтобы привыкнуть к темноте.	671486	A szemnek szüksége van időre, amíg alkalmazkodik a sötéthez.
668872	Он всегда хорошо обращается с животными.	671490	Mindig barátságosan közeledik az állatokhoz.
668846	Она так спешила, что забыла в поезде зонтик.	671492	Annyira sietett, hogy esernyőjét a vonaton hagyta.
668834	Какая разница между деревней и городом?	671494	Mi különbség van falu és város között?
668833	Нет, она никогда не влюблялась.	671497	Nem, ő soha nem volt szerelmes.
668818	На обложке книги было несколько чернильных пятен.	671498	A könyv borítóján néhány tintafolt volt.
668808	Ты делаешь одни и те же ошибки снова и снова.	671499	Hibát hibára halmozol.
668770	Свободу не купишь за деньги.	671500	Szabadságot nem lehet pénzért megváltani.
668309	В космосе нет воздуха.	671501	A világűrben nincs levegő.
668294	Когда дело доходит до тараканов, я становлюсь трусом.	671505	Amikor a csótányokra kerül a feladat, gyáva vagyok.
668139	Я расскажу учителю всё про это.	671506	Ezért beárullak a tanárnál.
667598	Церковь построена в готическом стиле.	671507	A templom gótikus stílusban épült.
667596	Впереди него никто не бежал.	671508	Senki sem futott előtte.
666843	Тот высокий парень спас тонущего ребёнка.	671512	Az a magas fiú kimentett egy fuldokló gyermeket.
666823	Он с пользой израсходовал деньги.	671516	Helyesen költötte el pénzét.
443299	Это не может соответствовать вашему вкусу.	671742	Ez nem felelhet meg a te ízlésednek.
672951	Он не силён в языках.	673209	Nem erőssége a nyelvek.
672948	Она хлопочет на кухне.	673214	Szorgoskodik a konyhában.
672320	Она отличалась от большинства женщин в округе, потому что умела читать и писать.	673222	Abban különbözött ő a nők többségétől a környéken, hogy tudott olvasni és írni.
672314	Она простила мне разбитое зеркало.	673227	Szemet hunyt nekem a széttört tükör miatt.
672245	Мы пошли в парк фотографироваться.	673236	Elmentünk a ligetbe fényképeket készíteni.
672237	Она укололась иголкой во время вышивания.	673241	Megszúrta a tű varráskor.
409778	Я бы хотел карту города.	674034	Kérek egy várostérképet.
637855	А, так ты завтра уже уезжаешь?	674035	Ó, már holnap elutazol?
510900	Что ты говоришь? Умер?	674036	Mit mondasz? Meghalt?
468125	Он был в сопровождении своей подруги.	674037	A barátnőjével együtt volt.
673869	Как долго ждать?	674049	Meddig várjak?
673864	Жена часто звонит мне, когда ездит за границу.	674050	A nő gyakran felhív, amikor külföldre utazik.
643971	Где дождь?	675661	Hol van eső?
447635	Философию часто воспринимают как нечто сложное.	675662	A filozófiát gyakran nehéz tárgynak tartják.
523602	Не могу читать мелкий шрифт.	675663	Nem tudom a kisbetűs írást elolvasni.
388096	Он часто приходил навестить нас, когда я был ребёнком.	675664	Gyakran meglátogatott minket, amikor gyermek voltam.
416725	Какая невнимательность с твоей стороны — пропустить автобус.	675665	Milyen figyelmetlenség a részedről, hogy lemaradsz az autóbuszról.
656262	Он пообещал прийти.	675678	Megígérte, hogy eljön.
679236	Он пытался собрать части разбитой вазы.	679279	Próbálta összegyűjteni a széttört váza darabjait.
679061	На данный момент я не нуждаюсь в деньгах.	679281	Jelenleg nincs szükségem pénzre.
678704	Когда будешь стирать эту сумку, пожалуйста, не клади её в стиральную машину.	679283	A táskát tisztításnál, kérjük, ne tegye a mosógépbe.
678687	Он зарабатывал деньги, разнося газеты.	679284	Újságkihordással keresett pénzt.
678623	Этот план был обречен на провал с самого начала.	679285	Ez a terv kudarcra volt ítélve a kezdetektől.
678605	Торопитесь, иначе вы опоздаете на обед.	679287	Siess, különben késel az ebédről.
678134	Таро, ужин готов!	679288	Taro, kész a vacsora!
678092	"ASCII-кавычки" — суррогатный символ, заменяющий «настоящие» кавычки, которые зависят от языка, и с приходом уникода ASCII-кавычки устарели.	679291	"ASCII-időzéjelek" - helyettesítő karakterek, a "valódi" idézőjelek helyett, amelyek nyelvről nyelvre változnak, az Unicode jelkészlet megjelenésével az ASCII-idézőjelek feleslegessé váltak.
677319	Все билеты проданы.	679305	Minden jegy elkelt.
677310	Он выполнил работу самостоятельно.	679309	Egymaga elvégezte a munkát.
677297	Я должен был присутствовать на этой лекции.	679316	Részt kellett volna vennem az előadáson.
677285	Услышав новость, он почувствовал облегчение.	679317	Megkönnyebbült a hír hallatán.
677173	Гости прибывали парами и по трое.	679323	A vendégek kettesével-hármasával érkeztek.
677166	Исследование продемонстрировало, насколько загрязнены современные реки.	679325	Egy tanulmány kimutatta, napjaink folyói milyen mértékben szennyezettek.
677092	Короче говоря, мы поженились.	679327	Rövidre fogva, összeházasodtunk.
676750	Он послал мне сообщение по телефону.	679328	Üzenetet küldött nekem telefonon.
676671	Почему вы обвиняете моего сына?	679329	Miért vádolja a fiamat?
676664	Жить без кислорода невозможно.	679333	Nincs élet oxigén nélkül.
676662	Пожалуйста, выключи свет, когда уйдёшь из комнаты.	679336	Kérlek, ne feledkezz el a villanyról, amikor kimentél a szobából.
676335	У этой собаки короткий хвост.	679340	Az egy rövidfarkú kutya.
676328	Мне хотелось с кем-нибудь поговорить.	679345	Szerettem volna beszélgetni valakivel.
676318	Её муж обычно пьян.	679349	A férje legtöbbször részeg.
676316	Я потерял его в толпе.	679353	Szem elől vesztettem a tömegben.
676313	Он звонил мне снова и снова.	679355	Csak hívott és hívott.
634007	У тебя есть планы на субботу?	679685	Vannak terveid szombatra?
668938	Закончить отчёт до завтра практически невозможно.	682962	A beszámolót holnapra befejezni gyakorlatilag lehetetlen.
445349	Внезапно весь свет погас.	682980	Hirtelen a fények kialudtak.
448027	Тело человеческое умирает, но его душа бессмертна.	682989	Az emberi test halandó, de lelke halhatatlan.
424395	Мой начальник не простил меня за то, что я опоздал на совещание.	683016	A főnököm nem bocsátott meg, mert késtem a találkozóról.
503425	Через десять минут после нокаута, боксёр пришел в сознание.	683028	Tíz percet a kiütést követően, a bokszoló visszanyerte az eszméletét.
407827	Она решила не принимать участия в заседании.	683086	Úgy döntött, nem vesz részt az ülésen.
423670	Напишите абзац, используя прилагательные, чтобы описать внешность человека.	683097	Írj egy bekezdést, használj benne olyan mellékneveket, amiket az ember külső jellemzőinek leírására használunk.
414869	Отец авансом дал мне деньги за неделю.	683100	Édesapám egy hétre előre odaadta a pénzt.
417894	Я сломал ногу в автоаварии.	683110	Eltörtem a lábamat a balesetben.
471837	Государственное здравоохранение было далеко от адекватного.	683294	A közegészségügy messze nem volt kielégítő.
440983	Ты когда-нибудь пробовал нырять с аквалангом?	683297	Búvárkodtál már valaha?
522321	Электрогитара звучит не так, как акустическая.	683299	Az elektromos gitár másképp hangzik, mint az akusztikus.
580355	Это богатые англичанки, которые путешествуют в Италию.	683303	Ők előkelő angol hölgyek, akik olaszországi utazáson vesznek részt.
388133	У меня анемия.	683304	Vérszegény vagyok.
538785	Зрители в едином порыве поднялись и аплодировали стоя.	683305	A közönség egy emberként felállt és álló tapssal fogadta.
498748	Он подал на это решение апелляцию в суд высшей инстанции.	683306	Fellebbezésként a határozat ellen a felsőbb bírósághoz fordult.
655830	Я приведу достаточно научных данных в поддержку моей аргументации.	683307	Felmutatok elegendő tudományos bizonyítékot az érvem alátámasztásához.
576531	Перед тем как арендовать машину, я хочу взглянуть на неё.	683308	Mielőtt kibérlem az autót, szeretném megnézni.
424312	Дж. Ф. Кеннеди был похоронен на Арлингтонском кладбище.	683311	J. F. Kennedy gyászszertartását az Arlington temetőben rendezték meg.
442359	Комната была заполнена ароматом духов.	683316	A szobában végig érződött a parfümillat.
446630	Она будет первой японской женщиной-астронавтом.	683317	Ő lesz az első női japán űrhajós.
597454	Сократа обвинили в атеизме, потому что он не верил в Зевса.	683318	Szokratészt ateizmussal vádolták meg, mert nem hitt Zeuszban.
582581	Такламакан — аутентичный уйгурский ресторан, который удобно находится рядом с Мюнхенским вокзалом.	683323	A Taklamakan, egy valódi ujgur étterem, alig pár lépésnyire a müncheni vasútállomástól.
471458	Насколько мне известно, он не был втянут в эту аферу.	683347	Amennyire én tudom, ő nem volt érintett az afférban.
430329	Это отделение аффилировано с шахтёрским профсоюзом.	683349	Az osztály kapcsolatban van a bányász szakszervezettel.
467362	Билл часто не держит своё слово.	683355	Bill nem sűrűn tartja a szavát.
585998	Он был объявлен банкротом.	683359	Csődöt jelentett.
467248	В нашей ванной только одно банное полотенце.	683361	Csak egy fürdőlepedő van a fürdőszobánkban.
645827	В моей комнате - полный бардак.	683362	A szobám egy szemétdomb.
400816	Надо, чтоб баристы сделали ситком.	683370	A bárpultusokkal is kell szituációs vígjátékot játszani.
497071	Барсуки вырывают глубокие норы.	683373	A borzok mély üreget ásnak.
439721	В примитивных культурах использовался бартер.	683375	A kultúra hajnalán árucserével kereskedtek.
424325	В баснях Эзопа есть история под названием «Лиса и виноград».	683378	Ezópusz meséi között volt egy olyan történet hogy a "Róka és a szőlő".
417339	Он пошёл туда, чтобы помочь мусорщикам мирно бастовать для повышения зарплаты и улучшения условий труда.	683382	Azt ment oda, hogy segítse a békés tüntetőket a sztrájkban a magasabb bérekért és a jobb munkakörülményekért.
415877	Я до смерти устал от его бахвальства.	683390	Halálba kerget a kérkedése.
500759	Апельсины означают счастливую любовь, тогда как лимоны — безответную.	683399	A narancs jelképezi a beteljesült szerelmet, a citrom pedig a viszonzatlant.
501123	Безукоризненность - это мелочная глупость.	683401	Hibátlanra törekedni kicsinyes ostobaság.
396486	Учитель объяснил отрывок из стихотворения.	683412	A tanár megmagyarázta a versrészletet.
683442	Я не могу редкостные экземпляры достать.	683446	Nem tudok a ritka példányokhoz hozzáférni.
412500	Извините. У меня назначена ещё одна встреча.	683451	Elnézést. Egy másik találkozóra már elígérkeztem.
426993	У вас есть какие-нибудь основания так полагать?	683456	Mi alapján gondolod így?
683466	В финале он допустил фальстарт и был дисквалифицирован.	683471	A döntőben kizárták, mert a start előtt indult.
683484	В голосе его звучали нотки огорчения.	683488	Hangjában érződött némi elkeseredettség.
683504	Ты должен сам испытать всё на собственной шкуре.	683505	Mindent a saját bőrödön kell megtapasztalnod.
683515	Между форвардами произошла стычка.	683517	A csatárok összecsaptak.
447604	Она сегодня в унынии.	683521	Csüggedt a mai nap.
683541	Она покраснела и изобразила на своём лице недоумение.	683548	Elvörösödött és arcára volt írva, hogy nem értette.
683593	После смерти моя душа обратится в небытие.	683595	Lelkem a halál után semmivé válik.
683604	Это косвенное доказательство того, что он единственный наш враг.	683605	Ez közvetett bizonyíték arra, hogy ő az egyedüli ellenségünk.
668958	Это находится за пределами моей научной компетенции.	683612	Ez nem esik bele az én általam tanultakba.
640111	У него двадцать лет безупречной службы.	683619	Tíz éve kifogástalanul szolgál.
381025	Он безуспешно пытался убедить их в своей невиновности.	683622	Sikertelenül próbálta őket meggyőzni az ártatlanságában.
416508	Их планы мне совершенно безынтересны.	683630	Tervük számomra teljesen érdektelen.
493095	Кролики - родственники бобров и белок.	683661	A nyúl rokona a hódoknak és mókusoknak.
507719	Белинский нанёс русской литературе непоправимый ущерб.	683666	Belinski helyrehozhatatlan hibákat követett el az orosz irodalmon.
572685	Интернет уже оказал огромную помощь как в деле знакомства с эсперанто, так и в его изучении.	683670	Az internet hatalmas segítséget nyújtott az ismerkedésben, mind a tanulásban eszperantóul.
538816	Я на пятом месяце беременности.	683672	A terhesség ötödik hónapjában járok.
610336	Мне приходится носить беруши, чтобы заглушить весь шум от стройки по соседству.	683677	Füldugót kell használnom, hogy távol tartsam a szomszéd építkezés zaját.
416463	Чего это он так бесится, интересно?	683679	Vajon mire olyan dühös?
467537	Беседа зашла за полночь.	683686	A beszélgetés az éjfélbe nyúlt.
446078	Есть беспосадочный перелёт до Нью-Йорка?	683725	New York felé van közvetlen állandó járat?
547965	Беспрерывный рост стоимости жизни может стать причиной социального волнения.	683734	Az egyre növekvő megélhetési költségek okkal váltanak ki felháborodást a társadalomban.
650605	Никому не дано о своих делах судить беспристрастно.	683741	Senkinek nem kell döntenie a saját dolgában elfogulatlanul.
388957	Бесстыдный лжец говорит улыбаясь.	683742	Az arcátlan hazug mosollyal a száján beszél.
470476	Я шёл бесцельно по улице.	683743	Kóvályogtam az utcán.
470476	Я шёл бесцельно по улице.	683744	Céltalanul bolyongtam az utcán.
470310	Этот стол - бесценная древность.	683746	Ez az asztal egy felbecsülhetetlen értékű antik darab.
474698	Я был бесцеремонно разбужен громким шумом.	683750	Egy kellemetlen, nagy erejű zajra ébredtem.
580400	Бесчеловечность бога к человеку заставляет бесчисленные множества роптать.	683765	Az Úr embertelen az emberiséggel, mert hagyja hogy ezreket tépjen a bánat.
418546	Бетховен был великим композитором.	683768	Beethoven nagyszerű zeneszerző volt.
563709	Не забывайте давать ссылку на библиографический источник.	683771	Ne felejts el hivatkozni a szakirodalomi forrásokra.
510293	Мне плевать, что можно будет написать в моей биографии.	683774	Nem érdekel, miként sikerül megírnom az önéletrajzomat.
498723	Он вложил свои деньги в акции на бирже.	683794	Saját pénzét befektette tőzsdei részvényekbe.
417850	Двухфокусные линзы также называются бифокальными.	683798	Két különböző gyújtótávolságú részből álló szemüveglencsét másképpen bifokális lencsének nevezzük.
467126	Я умираю от жажды.	683805	Szomjan halok.
423180	Полиция обычно закрывает глаза на припаркованные здесь автомобили.	683808	A rendőrség rendszerint szemet huny afelett, ha az autók ide parkolnak.
423735	Бродяга жадно ел ужин на День благодарения, поданный в церкви.	683816	A csavargó mohón evett a hálaadás napi vacsorán, amelyet a templomban tartottak meg.
514539	Провести благотворительную акцию.	683830	Adománygyűjtést rendeztek.
513269	Я отсутствовал вчера на работе.	683838	Tegnap nem voltam dolgozni.
426816	Приклейте фотографию к вашему бланку заявления.	684296	Ragassza a fényképet a jelentkezési lapjához.
407885	Она была бледная от страха.	684297	Fehér lett a félelemtől.
407413	Сёстры-близняшки похожи как две капли воды.	684298	A két lány ikertestvér hasonlít egymásra, akárcsak két csepp víz.
573745	Каждый десятый человек близорук.	684299	Minden tizedik ember rövidlátó.
378250	Придёшь ко мне есть блинчики?	684300	Átjössz hozzám palacsintát enni?
410508	Из-за того, что скорость света выше скорости звука, некоторые люди блистательно выглядят перед тем, как глупо звучат.	684304	Mivel a fény gyorsabban terjed, mint a hang, néhányan hamarabb észreveszik valaki tündöklését, mint az ostobaságot, amit mond.
563983	Этот дневник принадлежал жительнице блокадного Ленинграда.	684305	Ez a napló Leningrád ostromzárának egyik női lakosáé.
417111	Ни одного бейсболиста не боготворили так, как его.	684306	Nem imádtak így még baseball-játékost.
590647	У платья есть шнурок, стягивающий бока.	684307	A ruha oldalsó szélét fűző köti össze.
441517	Он действительно круглый болван.	684308	Kétség kívül egy született ostoba.
445294	Япония со всех сторон окружена водой.	684335	Japán minden oldalát körülveszi a víz.
684167	Она достаточно взрослая, чтобы иметь водительские права.	684353	Elég idős már ahhoz, hogy jogosítványa legyen.
684164	Он был арестован за убийство.	684358	Letartóztatták gyilkosságért.
683944	Даже свинья залезет на дерево, если её похвалить.	684363	A disznó is felmászik a fára, ha megdicsérik.
683780	В моей комнате убрали.	684366	A szobám ki lett takarítva.
684448	Не могу сказать, что я разделяю ваш энтузиазм по поводу этой идеи.	684476	Nem mondanám, hogy osztom a lelkesedésed az ötlet iránt.
473627	Я не помню точно, но вроде это была пятница на прошлой неделе.	685187	Nem emlékszem rá pontosan, de előző hét pénteke kell hogy legyen.
469978	Если вдруг тебя уволят, что ты сделаешь первым делом?	685190	Ha egyszer csak kirúgnának, mi az, amit elsőnek tennél?
470496	О да, правильно. Я должен был встретиться с друзьями в Сибуе сегодня в восемь вечера.	685193	Á, igen. Ma este nyolcra volt megbeszélve a Shibuya-n a barátaimmal.
471533	Я не могу лить слезы по этому ужасному человеку.	685210	Nem tudok könnyeket ejteni ezért az emberért.
468202	Моя тётя радовалась моим успехам.	685215	Nagynéném örült az elért sikereimnek.
493139	Не давай обещания, если не сможешь выполнить его.	685232	Ne tegyél ígéretet, ha képtelen vagy azt betartani.
419746	Джимми в определённой мере способен выполнить эту операцию.	685256	Jimmy a műveletet bizonyos mértékben el tudja végezni.
436038	Я бы хотел, чтобы ты сказал мне, что мне делать в такой сложной ситуации.	685264	Bárcsak tanácsot adhattál volna nekem ebben a nehéz helyzetben.
547890	Какое отношение это имеет к моему будущему?	685270	Mi köze ennek az én jövőmhöz?
609903	Что мы, по-твоему, должны сделать ради мира на земле?	685274	Mi tanácsolsz, mit tehetnék a világbékéért?
578206	Даниэлла звонила мне домой.	686066	Daniella felhívott engem itthon telefonon.
668933	Мы сидели в полной тишине.	686067	Teljes csendben ültünk.
424216	Мы сделаем работу за день.	686069	Egy nap alatt megcsináljuk a munkát.
442221	Как далеко идти отсюда до мэрии Тосимы?	686071	Milyen messzire kell menni a tosimai Polgármesteri Hivatalhoz?
423773	Доктор Кларк, я могу попросить вас об одолжении?	686072	Dr. Clark, kérhetek Öntől egy szívességet?
370365	Как тебя зовут?	686073	Hogy hívnak?
686657	Между небом наверху и преисподней внизу находится место, которое называется землей.	686662	A helyet, amely felett az ég és alatta a pokol, földnek hívják.
686715	Я не мыслю жизни без сладкого, я сладкоежка.	686716	Nem tudom elképzelni az életet édesség nélkül, édesszájú vagyok.
686755	Я дам изгнанницам шанс вернуться в свои родные страны.	686759	Adok egy esélyt a száműzötteknek, hogy visszatérhessenek saját hazájukba.
686780	Я нашёл ценную летопись на чердаке.	686781	Találtam egy értékes krónikát a padláson.
686816	Я не могу понимать и сопереживать чужих чувств.	686821	Nem tudom megérteni és együtt érezni mások érzéseivel.
518485	Ты знаешь, кто первым покорил гору Эверест?	686851	Tudod, ki hódította meg elsőnek az Everest hegyet?
564885	Если бы все материалы в сети можно было бы найти и на языке эсперанто, что бы полезного появилось в нашем распоряжении?	686864	Ha minden anyag az interneten megtalálható lenne eszperantó nyelven, akkor hasznos lenne azokat a rendelkezésünkre bocsátani?
408923	Занимайся своими собственными делами.	686877	Foglalkozz a saját dolgoddal.
386867	Да пребудет с тобой сила.	686908	Az erő legyen veled.
686952	Мне не хватает решимости признаться ей в своих чувствах.	686953	Nem vagyok elég elszánt ahhoz, hogy megvalljam neki az érzéseimet.
470312	Этот стол шатается.	686955	Ez az asztal billeg.
576520	Убирайся!	686959	Kifelé!
413499	Этот опыт убеждает меня в том, что партнёрство между исламом и Америкой должно быть основано на том, чем ислам является, а не на том, чем не является. И я считаю это частью моей ответственности как президента Соединённых Штатов — бороться против негативных стереотипов об исламе, где бы они ни появились.	686980	Ez a tapasztalat arra enged következtetni, hogy a megállapodás az iszlám és Amerika között azon alapul, hogy mi az iszlám, mintsem hogy mi nem. Úgy érzem, mint az Egyesül Államok elnökének a felelőssége - hogy felszámoljam az iszlám ellen kialakult negatív sztereotípiákat, ahol azoknak nincs helyük.
366842	Она должна заботиться о том пожилом человеке.	687021	Az idős úrral kell foglalkoznia.
466790	Мы с тобой ровесники.	687024	Egyidősek vagyunk.
493131	Нехорошо смеяться над старым человеком.	687027	Nem illik az idős embereket megmosolyogni.
438844	Люди твоего возраста часто сталкиваются с этой проблемой.	687028	Mások a te korodban gyakran szembesülnek ezzel a problémával.
498397	Можешь отгадать мой возраст?	687034	Meg tudod saccolni az életkorom?
668883	В каком примерно возрасте женятся японцы?	687042	Milyen korban házasodnak átlagosan a japánok?
433377	Пошли поплаваем в реке.	687139	Ússzunk egyet a folyóban.
417311	Да ладно, я не хотел делать тебе больно.	687147	Ugyan már, nem akartalak bántani.
445241	Взгляни на эти цветы дрожащие на ветру.	687201	Nézd, hogy megrezzennek a virágok a fuvallatban.
532189	От лёгкого ветерка по поверхности пруда пошла рябь.	687218	A gyenge szél fodrokat képzett a tó felszínén.
445689	Девушка была достаточно любезна, чтобы показать мне дорогу до музея.	687227	A lány volt olyan kedves, hogy megmutassa, merre van a múzeum.
687232	Я всей душой ненавижу ходить в школу. Единственное, что утешает, так это то, что когда-нибудь это кончится.	687233	Teljes szívemből gyűlölök iskolába járni, egyedüli vigasz, hogy egyszer ennek is vége lesz.
416061	Кит — вид млекопитающих.	687234	A bálna az emlősökhöz tartozik.
468918	Она известила меня о своем отъезде.	687254	Közölte velem, hogy elutazik.
582710	Весна уже скоро.	687256	Nyakunkon a tavasz.
416470	Я не могу уследить за всеми изменениями, происходящими в сфере исследования СПИДа.	687268	Nem tudok lépést tartani az AIDS-kutatás területén végbement változásokkal.
419329	Старый замок находится в плачевном состоянии.	687271	A régi vár siralmas állapotban van.
443315	Я сочувствую людям с этим заболеванием.	687273	Együtt érzek mindazokkal, akik ebben a betegségben szenvednek.
639239	Мы стояли лицом к лицу со смертью.	687274	Szemtől-szembe álltunk a halállal.
426525	Я ждал затаив дыхание.	687275	Lélegzet visszafojtva vártam.
421314	Если боишься, держи меня за руку.	687277	Ha félsz, fogd meg a kezem.
445422	Он отобрал у меня всё до последнего пенни.	687278	Mindent elvett tőlem az utolsó penny-ig.
446626	Вы можете завернуть подарок?	687280	Becsomagolná az ajándékot?
447904	Пруд изобиловал маленькими рыбками.	687281	A tó bővelkedik a kistermetű halakban.
515165	Рис растёт в тёплых странах.	687285	A rizs a meleg éghajlatú országokban nő.
410517	Он сделал очень ценное открытие.	687314	Nagyon fontos felfedezést tett.
646369	Он долго ждал.	689168	Sokáig várt.
688393	Будьте осторожны при обращении со спичками.	689408	Légy óvatos a gyufák használatánál.
465967	Linux — это бесплатная операционная система, Вам стоит попробовать использовать её.	689508	A Linux egy ingyenesen használható operációs rendszer. Ön is kipróbálhatná.
510827	Добавьте немного натурального йогурта и соевого молока.	689518	Adjunk hozzá egy kevés természetes joghurtot és szójatejet.
622076	Жди, пока я не досчитаю до десяти.	689525	Várj, amíg tízig számolok.
441531	Зимой я часто подхватываю простуду.	689795	Télen gyakran van, hogy megfázok.
689834	Шарф, соскользнув с плеча, упал на землю.	689837	A sál lecsúszott a válláról, a földre esett.
479668	Мальчик в первый раз прокатился на лошади.	689849	A kisfiú most lovagolt először.
379213	Жребий брошен.	689859	A kocka el van vetve.
689919	Меня не так легко обмануть притворными клятвами.	689922	Nem olyan könnyű engemet megtéveszteni hamis ígéretekkel.
665101	Он стал чемпионом на международном шахматном турнире.	689954	Bajnok lett a nemzetközi sakkbajnokságon.
689968	В моём гардеробе есть вешалки для одежды.	689970	A ruhaszekrényemben akasztók vannak a ruháknak.
690037	Постоянное ощущение усталости меня нервирует.	690039	Idegesít az állandó fáradtságérzet.
520175	Сегодня мне намного лучше, по сравнению со вчера.	690043	Sokkal jobban érzem magam a tegnapi naphoz képest.
443968	Это подсолнух.	690045	Ez egy napraforgó.
394369	В Беларуси живут представители различных религий.	690047	Belarusziában különböző vallások képviselői élnek.
690061	Мужчины не должны носить чёлку.	690062	A férfiaknak nem kellene frufrut hordaniuk.
497502	Я всегда смотрю на эту фотографию с отвращением.	690065	Mindig undorodva nézek erre a fényképre.
635999	Он написал книжку про фарфор.	690068	Könyvet írt a porcelánról.
379996	Дальнейшее обсуждение этого вопроса ни к чему не приведёт.	690074	További vita a kérdésről nem vezet sehova.
573436	Загранпаспорт - это вещь, без которой нельзя поехать в чужую страну.	690076	Az útlevél egy olyan dolog, ami nélkül külföldre soha nem utazhatsz.
611522	Я ложусь рано, чтобы проснувшись застать восход солнца.	690080	Korán fekszek, hogy ébredéskor elkaphassam a napfelkeltét.
475995	Узнав об успехе других, она позеленела от зависти.	690088	Felismerve mások sikereit, elzöldült az irigységtől.
690089	Рекомендуется воздержаться от поездок.	690090	Ajánlott tartózkodni az utazástól.
388735	Батарея во внутреннем таймере компьютера разрядилась.	690094	A számítógép belső időzítő eleme lemerült.
561282	Я слышал, что оборотней можно убить, стреляя серебряными пулями.	690095	Hallottam róla, hogy a vérfarkast ezüstgolyóval eltalálva meg lehet ölni.
653475	Когда учитель закончил читать, один из учеников поднял руку.	691702	Amikor a tanító befejezte az olvasást, az egyik tanuló fölemelte a kezét.
597462	Вот золотая монета.	691805	Itt egy arany pénzdarab.
642888	Я встретил в городе подругу и выпил с ней чашечку кофе в кафе.	691810	Találkoztam a városban egy barátnőmmel és megittam vele egy csésze kávét a kávéházban.
425308	Кто последним достиг цели?	691961	Ki érte el utolsóként a célt?
650855	Каждый сам кузнец своей судьбы.	691962	Mindenki saját maga sorsának a kovácsa.
597477	Обедом поделись с другом.	691966	Oszd meg ebédedet a barátoddal.
407849	Я умею плавать.	691969	Tudok úszni.
388115	Это было три дня назад.	691971	Három nappal ezelőtt volt.
470320	Качество перевода улучшилось.	692026	A fordítás minősége jobb lett.
684295	У меня много цветов.	692031	Sok virágom van.
651255	Ты можешь ехать медленнее?	692034	Tudsz lassabban menni?
467698	Как ты переносишь эту ужасную жару?	692036	Hogy bírod ezt a kegyetlen forróságot?
692520	Кроме шуток, что ты пытаешься сказать?	692564	Viccet félretéve, mit akarsz mondani?
692571	Здоровый человек не знает цены здоровью.	692581	Az egészséges ember nem tudja, mennyit ér az egészség.
692589	У меня по-прежнему много работы.	692608	Még mindig rengeteg a munkám.
692623	Большая часть зрителей состояла из малолетних детей.	692638	A nézők nagy-része kisgyerekekből állt.
692636	Не забудь взять фотоаппарат.	692642	Ne feledd el magaddal hozni a fényképezőgépet.
692649	Скажи мне, что у тебя в руке.	692654	Mondd, mi van a kezedben.
692664	Уже прошло десять лет с тех пор, как отец умер.	692669	Már tíz év telt el azóta, hogy édesapám meghalt.
623312	Обычно я мою посуду.	692738	Rendszerint én mosogatok.
607141	Перед законом все равны.	692740	A törvény előtt mindenki egyenlő.
469674	Цена на рис упала.	692745	A rizs ára csökkent.
613271	Каждый из них спел песню.	692751	Mindannyian énekelték a dalt.
469104	Его сына выгнали из школы.	692765	Fiát menesztették az iskolából.
447314	Проходите, пожалуйста, и не перегораживайте путь.	692773	Menjen át kérem, és ne állja el az utat.
450172	Срок годности: до 01/09/2010.	692780	Minőségét megőrzi: 2010. 09. 01-éig.
351212	Даже если постирать, цвет не полиняет.	692782	Mosás során sem fakul színe.
438197	Сейчас ручная работа очень дорогая.	692787	A kézműves tárgyak mostanában nagyon drágák.
531279	Никто не сможет удержать меня от того, чтобы пойти туда.	692793	Senki sem akadályozhat meg abban, hogy odamenjek.
470356	У нее есть удивительная способность преодолевать любые препятствия.	692803	Bámulatos képessége van mindenféle akadály legyűrésére.
438846	Как насчёт добавить немного соли?	692808	Adhatnánk hozzá egy kevés sót?
473201	Сколько времени займёт, чтобы туда попасть?	692810	Mennyi ideig tart oda eljutni?
466990	Квартира в огне.	692818	Lángol a lakás.
477297	Он громко кричал: "Помогите!"	692819	Hangosan felkiáltott: "Segítség!".
573405	Вчера я прочитал действительно интересную историю.	692822	Tegnap egy felettébb érdekes történetet olvastam.
525656	Всё больше и больше супружеских пар отправляется за границу провести медовый месяц.	692845	Egyre több házaspár utazik külföldre, hogy ott töltse a mézesheteket.
470530	Должно быть, опасно плавать в этом быстром потоке.	692989	Biztosan veszélyes lehet úszni ebben a sebes vízben.
422404	Сейчас люди более образованы, чем раньше.	692990	Most már az emberek jobban képzettek, mint régebben.
701532	Не нужно разуваться.	701533	Nem kell levetni a cipőt.
657696	Я сделаю это, когда в неделе будет три четверга.	704525	Majd megcsinálom sohanapján kiskedden.
696677	Черно-белые телевизоры вышли из моды.	704557	A fekete-fehér televízió kiment a divatból.
696692	Мой отец содержит ранчо, разводит коров и лошадей.	704560	Édesapámnak van egy farmja, teheneket és lovakat tenyészt.
697999	Разрешите представиться.	704563	Engedje meg, hogy bemutatkozzam.
701446	Это именно то видео, которое я хотел посмотреть.	704565	Ez az a videó, amit meg szerettem volna nézni.
701687	Я ни капли не изменился.	704566	Egy cseppet sem változtam.
703208	У меня нет предрассудков против иностранных рабочих.	704570	Nincsenek előítéleteim a külföldi munkavállalókkal szemben.
430349	Лекарства следует использовать только по указанию врача.	704578	A gyógyszerek csak orvosi utasításra szedhetők.
469516	В феврале ей исполнится семнадцать лет.	704609	Februárban tölti be a tizenhetet.
424919	Я всегда хожу пешком.	704610	Mindig gyalog járok.
629028	Мы начнём, когда он придёт.	704614	Kezdünk, amint megérkezik.
473392	Его влияние распространяется на всю страну.	706603	Befolyása az egész országra kiterjed.
703228	Заткнись, или тебя выкинут.	706615	Maradj csendben, vagy kidobnak.
704754	Троллейбус прибудет вовремя.	706622	A trolibusz időben megérkezett.
706332	Его смерть была большой потерей для нашей фирмы.	706629	Halálával cégünket nagy veszteség érte.
447712	Он прижался лицом к витрине.	709058	Az arcát a kirakat üveghez szorította.
710054	Это секрет.	710057	Ez titok.
710053	Забудь. Оно того не стоит.	710058	Felejtsd el. Nem számít.
710067	Лучше позже, чем никогда.	711061	Jobb későn, mint soha.
710060	Я чувствую себя счастливой, когда я с тобой.	711066	Boldog vagyok, amikor veled vagyok.
710056	Всюду, насколько хватало глаз, цвела лаванда.	711067	Mindenütt, ameddig a szem ellát, virágzik a levendula.
710052	Я не достаточно гибкий, чтобы сидеть в позе "лотос".	711068	Nem vagyok elég hajlékony ahhoz, hogy lótusz ülésben üljek.
710050	Моя сестра начинает свой день не иначе как с чтения гороскопа.	711070	A nővérem másképp nem tudja, napját azzal kezdi, hogy elolvassa a horoszkópot.
710049	Было установлено, что причиной пожара стало неправильное электрическое соединение.	711074	Ahogy bebizonyosodott, a tüzet a helytelen elektromos csatlakozás okozta.
709176	Он разбазарил наследство на гулянки и женщин.	711079	Elherdálta örökségét dőzsöléssel és nőkkel.
709174	Таможенник попросил меня открыть чемодан.	711080	A vámhivatalnok megkért, hogy nyissam fel a bőröndömet.
709162	Он вложил в этот бизнес весь свой капитал.	711081	Minden tőkéjét ebbe az üzletbe fektette.
709160	Это невозможно!	711082	Lehetetlen!
709156	Говорят, что в этом старом доме есть привидения.	711083	Szóbeszéd járja, hogy az öreg házat szellemek járják.
706327	Чтоб тебя! Перепугал до полусмерти!	711084	A mindenedet! Félholtra ijesztettél!
498816	Он признал себя побежденным.	711085	Beismerte saját vereségét.
548605	Как называется эта птица?	717332	Mi a neve ennek a madárnak?
548607	Где ближайшая аптека?	717335	Hol van a legközelebbi gyógyszertár?
548608	Я ошибаюсь?	717337	Tévedek?
675805	Я поехал в Сендай и тут же вернулся.	719504	Szendaiba mentem és azonnal visszajöttem.
675709	Боги существуют.	719540	Léteznek istenek.
718860	Я оделся в спешке.	719636	Sietve kapkodtam magamra a ruhát.
717791	Она обожает музыку.	719637	Él-hal a zenéért.
716271	Пожалуйста, передай от моего имени привет всей вашей семье.	719640	Kérlek, add át üdvözletem mindenkinek a családodban.
715086	Суеверия возникают от того, что люди не могут поверить в простые совпадения.	719645	A babonák abból erednek, mikor az emberek nem hiszik, hogy az egybeesés lehet pusztán véletlen.
714691	Как минимум в английском языке все названия континентов заканчиваются на ту же букву, что и начинаются.	719646	Legalább az angol nyelvben minden kontinens nevének utolsó betűje megegyezik az elsővel.
712827	Боюсь, что островерхая шляпа — это ещё не всё, что нужно для того, чтобы стать волшебником.	719648	Félek, hogy egy csúcsos kalap nem elegendő ahhoz, hogy valódi varázsló váljon belőled.
710781	Здоровье лучше богатства.	719649	Az egészség többet ér a gazdagságnál.
5496	Я думал, ты любишь изучать новые вещи.	720414	Azt hittem, hogy szeretsz új dolgokat megtanulni.
5498	Если бы я мог послать тебе зефир, Чанг, я сделал бы это.	720415	Ha tudnék neked küldeni zefírt, Csang, megtenném.
5499	Ты должен рискнуть, чтобы сделать это.	720416	Kockáztatnod kell, ha ezt meg akarod tenni.
721045	Стоимость проезда в метро будет повышена почти на 10 процентов, начиная с 1 апреля 2001 года.	721083	A metró viteldíja közel tíz százalékot növekszik, 2001. április 1-étől.
721082	Чаевые оставьте себе.	721088	A borravaló a magáé.
721077	Сначала взбейте яйца и добавьте их в суп.	721094	Verjük fel a tojásokat, majd adjuk hozzá a leveshez.
721093	Я выслал ей куклу.	721102	Küldtem neki egy játékbabát.
721074	Я опозорил себя.	721113	Szégyenbe hoztam magam.
721041	Служебный вход.	721119	Szolgálati bejárat.
721040	Мы умрём, раньше или позже.	721123	Meghalunk, előbb vagy utóbb.
721037	Отдалённые объекты можно увидеть в телескоп.	721128	A távoli objektumok teleszkóppal láthatóak.
721020	Плохо, когда отпуск так быстро заканчивается.	721141	Rossz, mikor a szabadság ilyen gyorsan véget ér.
721018	Поездка займёт около пяти часов.	721145	Az út körülbelül öt órán át tart.
721013	Супруги хотят приобрести дом.	721152	A házaspár házat akar venni.
720517	Не забудь закрыть дверь на замок!	721158	Ne felejtsd el kulcsra zárni az ajtót!
720513	Я собираюсь во Францию изучать живопись.	721163	Franciaországba megyek festészetet tanulni.
720507	Они законсервировали фрукты, чтобы сохранить их.	721167	Befőttet csinált a gyümölcsből, hogy elrakja őket.
719668	Он всегда ходил рыбачить на реку, когда был маленький.	721170	Horgászni járt a folyóhoz még gyerekkorában.
647366	Мальчик покрасил волосы, потому что он хотел, чтобы его заметили.	721181	A fiú befestette a haját, hogy felhívja magára a figyelmet.
469979	Рыбы - холоднокровные животные.	721182	A halak hidegvérű állatok.
721117	Я привык к тяжёлому труду.	721185	Már megszoktam a kemény munkát.
721115	Лампа свисала с потолка.	721187	Lámpa függött a mennyezetről.
721118	Он отказался от этого плана по экономическим соображениям.	721198	Felhagyott a tervvel gazdasági megfontolásból.
721153	Иногда я использую ножницы, чтобы открывать банки.	721201	Néha ollót használok konzervnyitónak.
398743	Пауки любят плести паутину.	721461	A pókok szeretnek pókhálót szőni.
567319	Как у тебя дела?	721574	Hogy állsz?
614090	Я проверю его на храбрость.	721607	Próbára teszem bátorságát.
738541	Слишком много болтаешь.	738543	Túl sokat fecsegsz.
738551	Твои слова больно ранят.	738552	A szavaid nagyon fájdalmasak.
738562	Когда он боролся с тобой, его сердце разрывалось пополам.	738563	Amikor küzdött veled, megszakadt a szíve.
738645	Он испытывал боль и сострадание.	738652	Fájdalmat érzett és megbocsájtást.
738666	Теперь я чувствую то же самое.	738671	Most én is ugyanezt érzem.
738718	Я рад, что всё кончилось именно так.	738722	Örülök, hogy minden így végződött.
738843	Как бы мы ни противились этому — это факт.	738845	Ennek nem tudunk ellenszegülni — ez tény.
423088	Мой отец не позволил бы мне поступить в колледж.	742836	Édesapám nem engedné meg, hogy egyetemre menjek.
742710	Вот здесь раньше жила моя семья.	742842	Itt élt azelőtt a családom.
745717	У меня нет денег, но есть мечты.	746598	Nincs pénzem, de vannak álmaim.
745647	В этой книге много красивых иллюстраций.	746599	Ebben a könyvben sok gyönyörű illusztráció van.
745539	Он хочет, чтобы жена разбудила его рано.	746600	Azt akarja, hogy felesége korán keltse.
745535	Эта рубашка вообще не подходит к этому галстуку.	746601	Ez az ing egyáltalán nem megy ehhez a nyakkendőhöz.
745529	Почему ты сегодня такой уставший?	746602	Mi miatt vagy ma ilyen fáradt?
745450	Английский наполовину состоит из плохой латыни.	746604	A fele angol nyelv egy rossz latin.
646234	Мы бы хотели выпить вина.	746607	Szeretnénk bort inni.
745424	Радио сломалось.	746613	A rádió elromlott.
745419	Я, кажется, ошибся номером.	746616	Biztos rossz számot hívtam.
745375	Он отрицал факты.	746619	Tagadta a tényeket.
749260	Так или иначе я куплю это платье.	749272	Így vagy úgy megveszem ezt a ruhát.
749256	Поиск его дома вызвал у меня затруднения.	749273	Az otthoni felkeresése nehézséget okozott nekem.
749115	Эта девушка похожа на парня.	749274	Ez a lány hasonlít a fiúra.
5509	Люди не могут жить вечно.	750484	Az ember nem él örökké.
749112	Компьютеры легко выполняют эту операцию.	750485	A számítógépek könnyen elvégzik a műveletet.
749111	Я учусь после того, как посмотрю телевизор.	750486	Tévénézés után tanulok.
423015	Я знаю мальчика, который стоит вон там.	757138	Ismerem a fiút, aki ott áll.
756539	Смерть исправителям грамматических ошибок!	757142	A nyelvtan-náciknak meg kell halniuk!
755910	Радуга семицветная.	757146	Hétszínű a szivárvány.
523616	Эта вода загрязнена нефтью.	757149	Ez a víz olajjal szennyezett.
755309	У нас очень мал запас воды.	757157	Híján vagyunk a vízkészletnek.
755308	Она выросла у моря, но она не умеет плавать.	757161	A tenger mellett nőtt fel, de úszni nem tud.
755306	Он хочет познакомиться с тобой.	757164	Meg akar ismerkedni veled.
755305	Это его письмо, но оно без подписи.	757166	Ez az ő levele, de nincs aláírva.
755301	Мир не вертится вокруг тебя.	757167	Nem körülötted forog a világ.
755300	Перевернись на спину.	757168	Fordulj a hátadra.
755293	Могу я взглянуть на ваш билет?	757171	A jegyét, ha kérhetném?
754903	Я рисую все лучше с каждым годом.	757174	Évről évre jobban rajzolok.
393169	Как у тебя дела? Я очень давно тебя не видел!	757465	Hogy vagy? Nagyon rég nem láttalak!
407243	Я предложил этот план моим одноклассникам, и некоторые из них выступили против.	772580	Javasoltam a tervet az osztálytársaimnak. Közülük néhányan ellene voltak.
772889	У римлян ни за что не хватило бы времени на завоевание мира, если бы им пришлось сперва изучать латынь.	772893	Nem lett volna idejük a rómaiaknak meghódítani a világot, ha előbb meg kellett volna tanulniuk latinul.
772902	Если много знаешь, можешь стать кем угодно.	772904	Ha sokat tudsz, bármi lehetsz.
772930	Ты можешь быть даже президентом!	772931	Akár elnök is lehetsz!
611913	Очень сильно извиняюсь, что у меня заняло столько времени, чтобы ответить на ваше письмо.	786547	Tényleg nagyon sajnálom hogy ennyi időbe telt, hogy válaszoljak a levelére.
425227	Девочка казалась смущена его грубым вопросом.	786567	A lányt látszólag összezavarta az udvariatlan kérdése.
380994	Меня часто путают с моим братом.	786582	Gyakran összetévesztenek a bátyámmal.
786461	Если хочешь хорошо изучить язык, изучи его сам.	786600	Ha jól akarod megtanulni a nyelvet, azt magad kell megtanulnod.
445311	Его письмо было столь дружеским, что она была глубоко тронута и заплакала.	790746	A levele olyan barátságos volt, hogy meghatotta őt, és sírva fakadt.
645230	Он дал мне дружеский совет.	790748	Ellátott egy baráti tanáccsal.
744515	Вода — это жидкость.	790755	A víz egy folyadék.
445400	Она любит делать фотографии.	790820	Szeret fényképeket készíteni.
635461	Он часто цитирует Библию.	790821	Gyakran idézi a Bibliát.
611038	Он вложил двести долларов в растущее предприятие.	790822	Kétszáz dollárt fektetett a növekvő vállalkozásba.
471787	Я поспешил из-за страха опоздать на автобус.	790823	Siettem a félelemtől vezetve, hogy lekésem az autóbuszt.
755298	Десять лет - это долго.	790824	Tíz év hosszú idő.
384294	У нас здесь есть несколько пакетов.	790825	Van itt néhány csomagunk.
379116	Собаки не умеют разговаривать, но глаза у пёсика как будто сказали: "Нет, у меня нет дома".	790827	A kutyák nem tudnak beszélni, de a kutyus szemei mintha azt mondanák: Nem, nincs otthonom.
611520	В этой комнате слишком жарко, чтобы учиться. Я больше не могу выносить этого.	790828	Ebben a szobában túl meleg van a tanuláshoz. Nem bírom tovább elviselni.
439876	Завтра я должен посетить врача.	790829	Holnap fel kell keresnem az orvost.
502349	Спасибо за воспоминания.	790832	Köszönöm az emlékeket.
790830	Это просто свинство.	790834	Ez tiszta disznóság.
394539	Я не могу больше терпеть этот холод.	790835	Nem bírom tovább ezt a hideget.
580654	Я её долго ждал.	790836	Sokáig vártam rá.
411274	Его слова разбудили мой соревновательный дух.	790837	Szavai felkeltették bennem a versenyszellemet.
396199	Он мне посоветовал насчёт моей учёбы.	790841	Tanácsot adott nekem a tanulmányaimhoz.
407863	Рядом с нашей школой есть большой парк.	790842	Iskolánkhoz közel van egy nagy park.
553204	Я играю на скрипке.	790843	Hegedűn játszom.
493843	Игра состоится даже в дождь.	791873	A játékot megtartják eső esetén is.
609906	Сколько времени нужно, чтобы дойти до вокзала пешком?	791971	Mennyi idő gyalog kiérni az állomásra?
785553	Все реки к морю стекают, но его не переполняют.	791986	Minden folyó a tengerbe ömlik, de azt túl nem telíti.
637012	Некоторые верят в привидения.	792004	Néhányan hisznek a szellemekben.
424301	Давным-давно жила одна прекрасная принцесса.	792005	Réges-rég élt egy gyönyörű hercegnő.
433050	Я уже видел эту девочку раньше.	792007	Már láttam ezt a lányt ezelőtt.
668901	Баловство без меры не приносит удовольствия.	792031	Határok nélkül a csintalankodás nem okoz élvezetet.
692585	Это водонепроницаемые часы.	792093	Ez vízálló óra.
573535	Люся, ты не будешь петь в хоре, потому что ты плохо выглядишь.	792113	Lusza, nem fogsz a kórusban énekelni, mert rosszul nézel ki.
375929	Ты недавно с ним познакомился?	792118	Nemrég ismerkedtél meg vele?
794843	В котором часу мне прийти?	794846	Mikor jöjjek?
794847	У меня нет денег, чтобы купить себе новый велосипед.	794850	Nincs pénzem új kerékpárt venni magamnak.
794828	Она родила двойняшек, двух девочек.	794855	Ikreket szült, két lányt.
794813	Этот дом на углу улицы наш.	794859	A ház az utca sarkán a miénk.
794804	Не обманывай меня!	794863	Ne akarj rászedni!
794803	У меня есть два иностранных друга.	794864	Két külföldi barátom van.
794852	Смех - лучшее лекарство.	794867	A nevetés a legjobb orvosság.
794856	Разве они когда-то приходили вовремя?	794870	Jöttek már valaha időben?
794857	Едва ракета поднялась, как она взорвалась.	794874	Alighogy felemelkedett, felrobbant a rakéta.
794876	Зимнее солнце лишь чуточку греет.	794905	A téli nap csak gyengén melegít.
794881	Он поднялся на стремянку до середины.	794913	Felmászott a létra közepéig.
437225	Как тесен мир.	822063	Milyen kicsi a világ.
598446	Собака в злости ощерилась.	824622	A kutya mérgesen felborzolta a szőrét.
613116	Я в Китае чуть меньше месяца.	824818	Kevesebb, mint egy hónapja vagyok Kínában.
424419	Он не такой жизнерадостный, каким был.	824826	Már nem olyan életvidám, mint volt.
496038	Нечего так кичиться своим богатством.	824829	Nincs mit kérkedned a vagyonoddal.
447954	Мне пугает то, что в последнее время у нас часты землетрясения.	824850	Megrémít az, hogy az utóbbi időben gyakran volt nálunk földrengés.
445114	Вы хотели бы ещё кофе?	836721	Szeretnél még kávét?
813125	Почему он злится?	840455	Miért mérgelődik?
692439	Я очень много слышал о Вас.	876880	Sokat hallottam önről.
514778	У меня есть виза.	896334	Van vízumom.
514778	У меня есть виза.	896338	Nekem van vízumom.
427152	Мужчине не подобает дурно говорить о других за их спинами.	896340	Férfinak nem illik csúnyát mondani másról a hata mögött.
447365	Он молодо выглядит.	896890	Fiatalnak néz ki.
896719	Концерт скоро начнется.	896897	A koncert mindjárt kezdődik.
896824	Она дрожала от страха.	896901	Reszketett félelmében.
896898	Клиент не пришел.	896906	Az ügyfél nem jött el.
646236	Сколько у тебя братьев и сестёр?	896907	Hány testvéred van?
646239	Принесите замороженную рыбу сюда.	896908	Hozzatok ide fagyasztott halat.
610320	Давайте танцевать всю ночь!	940567	Táncoljuk át az éjszakát!
1047349	Я остался дома, потому что шел дождь.	1064840	Otthon maradtam, mivel esett.
1047345	Я никогда не видел такую красивую реку.	1064841	Sosem láttam ilyen szép folyót!
1090775	Будь моим гостем!	1090847	Légy a vendégem!
1090638	Попробуй получше обдумать этот вопрос.	1090852	Próbáld meg jobban átgondolni ezt a kérdést!
1090382	Он по какой-то причине не пришел.	1090856	Valamilyen okból nem jött el.
1089468	Как доберёшься, напиши письмо, пожалуйста.	1090860	Amint megérkezel, kérlek, írj egy levelet.
1089250	У моего сына болят зубы.	1090862	A fiamnak fáj a foga.
1089228	Я почувствовал как будто во мне взошли семь солнц.	1090865	Úgy éreztem, mintha hét nap kelt volna fel bennem.
642888	Я встретил в городе подругу и выпил с ней чашечку кофе в кафе.	1096870	Találkoztam a városban egy barátnőmmel és megittam vele egy csésze kávét egy kávéházban.
1565457	Здесь построим большой завод.	1576377	Itt egy nagy gyár épül.
1577868	У меня два глаза.	1577894	Két szemem van.
600365	Я не слышал об этом городе.	1626699	Még sohasem hallottam erről a városról.
573714	Люся очень наивная и доверчивая девушка.	1655907	Ljuszja nagyon naiv és hiszékeny leány.
692494	Революция открыла новую эру.	2056744	A forradalom új korszakot nyitott.
2037038	Том там.	2090513	Tom ott van.
2037025	Том в беде.	2090514	Tom bajban van.
704996	Он мало знает про это животное.	2109181	Keveset tud erről az állatról.
494354	Я думаю о тебе.	2110173	Rád gondolok.
1523126	Кофе мне не нравится.	2112206	Nem kérek kávét.
866989	Я очень рад Вас видеть!	2114745	Nagyon örülök, hogy láthatom Önt.
903095	Если можно, не открывай окно, у меня нет желания чувствовать сквозняк по спине.	2115634	Ha lehet, ne nyisd ki az ablakot, nem szeretném a hátamon érezni a hideg huzatot.
1937215	Никогда не пишите слова "борщ" и "щи" по-немецки!	2117723	Soha ne írd le a "borscs" és a "scsi" szavaket németül!
1518803	Этот стул лёгкий.	2117943	Ez a szék könnyű.
447644	Я попробовал устроить, чтобы он научился водить.	2118018	Biztattam, hogy tanuljon meg vezetni.
1582992	Я бы не смог этого сделать, если был бы на твоём месте.	2126068	Én ezt nem tettem volna, ha a te helyedben lettem volna.
1448491	Девочка покупает молоко на рынке.	2126071	A kislány tejet vesz a piacon.
432603	Кто не рискует, тот не пьёт шампанского.	2129765	Aki nem kockáztat, nem ihatik pezsgőt.
599855	У нас не было другого выбора, кроме как позвонить вчера ночью в полицию.	2129776	Nem volt más választásunk, minthogy az éjjel kihívni a rendőrséget.
599856	Листья падают осенью.	2129778	Ősszel lehullanak a levelek.
740369	Все ответили на вопрос, кроме неё.	2140158	Rajta kívül mindenki válaszolt a kérdésre.
2145556	Скоро придёт весна.	2145567	Nemsokára megérkezik a tavasz.
407356	В каком классе твоя сестра?	2148821	Melyik osztályba jár a nővéred?
466978	Мой отец всегда злится.	2148823	Az apám mindig begurul.
1784300	Толпа закричала, когда он забил гол.	2148825	A tömeg üvöltött, amikor berúgta a gólt.
1562468	У меня сильно болит голова. Вот почему я лёг рано.	2148830	Nagyon fáj a fejem, ezért feküdtem le korán.
836655	Тацит писал: "Можно восхищаться древностью, но следовать нужно современности".	2148832	Tacitus írta: "Lehet elcsodálkozni a régieken, de az időszerű dolgokat kell követni."
600227	Дождь освежил всё: погоду, землю и зелень.	2148835	Az eső mindent fölfrissített, a levegőt, a talajt és a növényzetet.
1913030	Я не умею этим пользоваться.	2148838	Nem tudom, hogyan kell ezt használni.
1643179	Мне нравятся их рисунки.	2148839	Tetszenek a rajzai.
1576829	Мои месячные запаздывают на пять недель.	2148840	A havim öt hetet késik.
425691	Этот дизайн не соответствует моему вкусу.	2148841	Ez a dizájn nem felel meg az ízlésemnek.
2052978	Ей предстояло долгое ожидание.	2148842	Sokat kell várnia.
2005752	Мой преждевременный отъезд огорчил их.	2148843	Korai elutazásom elszomorította őket.
670478	Мой дед был убит во Второй мировой войне.	2148844	Nagyapám a második világháborúban esett el.
1280610	Стали известны новые факты.	2166376	Újabb tények váltak ismertté.
1573496	Взгляните, правилен ли мой ответ.	2166394	Nézzétek meg, jó-e a válaszom.
2087748	Чем тебе нравится заниматься по воскресеньям?	2166435	Mivel szeretsz foglalkozni vasárnaponként?
2087753	Я учу французский и веб-дизайн.	2166444	Franciául és veb-dizájnot tanulok.
1003171	Его знания английского языка слабые.	2167695	Angol nyelvtudása gyenge.
502349	Спасибо за воспоминания.	2167699	Köszönöm a megemlékezést.
937304	Ты не мог бы говорить чуть погромче?	2167973	Nem tudnál egy kicsit hangosabban beszélni?
1187060	Занятия начнутся на следующей неделе.	2168080	A foglakozások a jövő héten kezdődnek.
1187064	Эта девчонка как креветка: мне всё в ней нравится, кроме головы.	2168086	Ez a kislány olyan, mint a garnélarák, minden tetszik rajta, kivéve a fejét.
1187066	Если бы не мой совет, он бы разорился.	2168089	Ha nem fogadta volna el a tanácsommat, már oda lenne.
1187705	А вообще-то мой английский абсолютно никакой.	2168093	Ami azt illeti az angol nyelvtudásom semmilyen.
1187715	Давайте попробуем кое-что сделать.	2168097	Próbáljunk meg már valamit csinálni.
1187716	Этот дом не продаётся.	2168098	Ez a ház nem eladó.
1187717	Он собирает на покупку дома.	2168101	Házra spórol.
1187719	Самое важное - твёрдое желание выучить английский.	2168104	A legfontosabb, hogy igazán meg akarjunk tanulni angolul.
1567553	Он полон энергии.	2172260	Telve van energiával.
1573931	Том и Мэри вместе выглядят хорошо.	2172323	Tom és Mari jól néznek ki együtt.
598493	Три года, как он умер.	2182967	Három évvel ezelőtt halt meg.
469137	Он не говорит на нашем языке.	2182968	Nem beszéli a mi nyelvünket.
1833097	Который из них мой?	2182970	Melyik az enyém közülük?
407418	Докажем, что P — частично упорядоченное множество.	2182972	Bebizonyítjuk, hogy P csak részben rendezett mennyiség.
1047311	Это самый быстрый поезд в мире.	2182973	Ez a világ leggyorsabb vonata.
1928608	Я позвоню тебе, как только смогу.	2182975	Hívlak, amikor csak tudlak.
810111	Магазин работает без перерыва на обед.	2182979	Az üzlet ebédszünet nélkül, folyamatosan nyitva van.
2022375	Эсперанто легче любого национального языка.	2182980	Az eszperantó könnyebb, mint bármelyik nemzeti nyelv.
1600639	Известите меня, когда он прибудет.	2182982	Értesítsetek, ha megérkezik.
469940	Она пианистка, а ее сестра - певица.	2183181	Ő zongorista, a nővére pedig énekes.
469942	Он поцеловал меня в лоб.	2183184	Homlokon csókolt.
469944	Моё хобби - собирать марки.	2183185	A hobbim: bélyeggyűjtés.
469946	Это очень мило в твоей стороны.	2183187	Ez nagyon kedves a részedről.
469950	Я так рад за тебя!	2183189	Nagyon örülök neked!
1944987	Этот широко распространённый перевод не соответствует оригиналу.	2183192	Ez a túlságosan kiterjesztett fordítás nem felel meg az eredeti szövegnek.
469851	Невероятно!	2183344	Hihetetlen!
1679214	Ты делаешь уроки самостоятельно?	2184779	Magad csinálod meg a házi feladataidat?
668904	Этот парень - из Колумбии.	2185684	Ez a legény Kolumbiából való.
2187604	Наше время ограничено.	2187637	Az időnk korlátozott.
798930	Ничто так не ценно, как здоровье.	2195480	Nincs értékesebb az egészségnél.
585331	Она подхватила простуду прошлой ночью.	2198148	Múlt éjjel megfázott.
612211	Она никогда не влюблялась.	2198618	Ő sohasem lett szerelmes.
1395648	Я хочу купить более дорогие часы.	2238229	Venni akarok egy drágább órát.
1188498	Я не могу больше терпеть этот шум.	2238230	Nem bírom tovább ezt a zajt!
1441301	Я могу позвонить тебе, Боб?	2238232	Felhívhatlak, Bob?
1451053	Наш отель на следующей улице.	2238237	A szállodánk a következő utcában van.
1494709	Я дам тебе знать заранее.	2238240	Te tudod meg elsőként.
1514006	Пожалуйста, говорите как можно медленнее.	2238244	Olyan lassan beszéljen, kérem, amennyire csak lehet.
1514015	Её дом в два или три раза больше нашего.	2238246	Az ő háza kétszer-háromszor akkora, mint a miénk.
1514022	Этот отель был основан около 50 лет назад.	2238253	Azt a szállodát úgy 50 éve alapították.
1514024	Уж если кто и сможет, так это Билл.	2238255	Aki erre képes, az Bill.
1514067	Том сказал, что не хочет быть водителем.	2238258	Tom azt mondta, hogy nem akart vezetni.
1514070	Давай решим, какие места мы будем посещать.	2238270	Döntsük hát el, milyen helyet fogunk meglátogatni!
1514077	Ему действительно нравится играть на гитаре.	2238274	Ő tényleg szeret gitározni.
1514083	То, что он сказал, возможно, является правдой.	2238280	Lehet abban igazság, amit mondott.
1514085	Я не люблю солнце, мне больше нравится дождь и танцевать под ним.	2238291	A napot nem szeretem, jobban tetszik az eső és táncolni benne.
1514096	Сказать по правде, Америка меня не волнует.	2238322	Az igazat megvallva, nem érdekel Amerika.
1514250	Какой стыд!	2238323	Micsoda szégyen!
1514252	Я никогда не слышал, чтобы по-английски разговаривали так быстро.	2238333	Én még soha nem hallottam, hogy angolul ilyen gyorsan beszéltek.
1514568	Сожалею, но мне пора домой.	2238337	Sajnálom, de most hazamegyek.
1514703	Тома нету.	2238339	Tom hiányzik.
1514703	Тома нету.	2238341	Tom a hiányzó.
1514725	Нэнси, это письмо для тебя.	2238350	Ez a levél neked jött, Nancy.
1515067	Молчание - золото.	2238354	Hallgatni arany.
1515077	Извините, я ухожу домой.	2238362	Bocsánat, de most hazamegyek.
1515115	Я никогда не читал эту книгу.	2238368	Soha sem olvastam ezt a könyvet.
1515231	Как ты вошёл? У тебя есть ключ?	2238372	Hogy jöttél be? Van kulcsod?
1515304	У тебя есть ещё какие-нибудь вопросы?	2238377	Van még kérdésed?
1525486	Нужно ли, чтоб я объяснял ему причину?	2238409	El kell magyaráznom neki az okát?
1569028	Наше любимое место еды - этот маленький ресторанчик на углу.	2238427	A kedvenc étkező helyünk az a kis étterem a sarkon.
1576243	Не выношу эту глупую музыку.	2238436	Nem bírom ezt a fajta idióta zenét.
1591456	Они мои старые друзья.	2238441	Ők az én régi barátaim.
1621876	Я никогда не слышал об этом городе.	2238445	Sohasem hallottam arról a városról.
1749893	Она долго таращила глаза на меня.	2238494	Hosszasan meresztette rám a szemét.
1772338	Я не нарочно!	2238498	Én nem tenném!
1794889	Он последний человек, которого я хочу видеть.	2238500	Ő az utolsó ember, akit látni akarok.
1876244	Где находится ближайшая гостиница?	2238503	Hol található a legközelebbi szálloda?
1937073	Дай мне сказать.	2238504	Hadd mondjam el!
1731086	Наш учитель пытался применить новый способ обучения английскому языку.	2257887	A tanárunk megpróbált bevezetni egy új angol-tanulási módszert.
1563732	Она станет врачом через два года.	2257890	Két év múlva orvos lesz.
1563733	Она дала нам книгу.	2257891	Könyvet adott nekünk.
1563734	Покорми птицу!	2257892	Etesd a madarat!
1563744	Это не так легко, как кажется.	2257916	Ez nem olyan könnyű, mint ahogy tűnik.
1518330	Я обеспокоен, что Вы не написали ответ.	2257937	Nyugtalanít, hogy ön nem írt választ.
1518331	Необходимо облагородить лесами пустые горы.	2257940	Szükséges beerdősíteni a csupasz hegyeket.
2006784	Я очень люблю сладкие пирожные.	2271596	Nagyon szeretem az édes süteményt.
1115830	Врач сказал, что эта болезнь неизлечима.	2271632	Az orvos azt mondta, hogy ez a betegség gyógyíthatatlan.
561702	Встреча состоится, несмотря на погодные условия.	2273432	A találkozó meglesz, tekintet nélkül az időjárásra.
2039858	Это, конечно, звучит странно, но это так.	2273444	Bár ez furcsán hangzik, mégis úgy van.
1678858	В чём его обвиняют?	2274811	Mivel vádolják őt?
2065865	Я иду в школу в семь часов.	2278679	Hétkor megyek iskolába.
885102	Он больше не мог терпеть боль.	2279515	Nem tudta tovább tűrni a fájdalmat.
685939	Она свободно говорит по-французски.	2279526	Folyékonyan beszél franciául.
646492	Ваш ответ отличается от моего.	2292184	Válaszotok más, mint az enyém.
2029295	Отпусти меня, не могу больше!	2292246	Bocsáss meg, nem tudok többet.
2157767	Ей около сорока лет.	2294572	Negyven év körüli.
2157770	Рад с тобой познакомиться, Кен.	2294579	Örülök, hogy megismerkedtem veled, Ken.
2157773	Мне надо ещё два письма написать.	2294582	Meg kell még írnom két levelet.
2149350	У меня сильно болит рука.	2307848	Nagyon fáj a kezem.
2250855	Моя дочь любит играть с куклами.	2307881	Lányom szeret babával játszani.
507317	Ребёнок проснулся?	2309504	A gyermek felébredt?
2117900	Языки - это мое хобби.	2309512	A nyelvek - ez az én hobbim.
1742538	Последняя карта - моя.	2309520	Az utolsó kártya az enyém.
1742538	Последняя карта - моя.	2309521	Az utolsó ütés az enyém.
2310027	Она хотела, чтобы он сказал, что любит её.	2310032	Szerette volna, hogy megmondja neki, hogy szereti.
2310028	Попробуйте это!	2310035	Próbáld meg ezt!
2310029	Он не сдержал слова.	2310036	Nem tartotta be a szavát.
884019	Он умер в день приезда его сына.	2315437	Azon a napon halt meg, amikor a fia született.
2280248	Правильного ответа не существует. Равно как не существует и неправильного.	2321646	Nincs helyes válasz, úgyszintén hamis se.
1879211	Я не хотел делать ей больно.	2349966	Nem akartam bántani őt.
1433904	Знаешь, в чём разница между серебром и оловом?	2375152	Tudod, mi a különbség az ezüst és az ólom között?
827911	За успех он заплатил слишком высокую цену.	2386571	Túl magas árat fizetett a sikerért.
388959	Меня совсем не интересуют детективы.	2423601	Engem egyáltalán nem érdekelnek a detektívregények.
424144	Его старание привело его к успеху.	2430599	Gondoskodása vezetett a sikeréhez.
685930	Когда она была маленькой, она очень хорошо пела.	2430619	Amikor kicsi volt, nagyon jól énekelt.
468260	Что случилось прошлой ночью?	2448984	Mi történt a múlt éjszaka?
2209294	Все, взявшие меч, мечом погибнут.	2457298	Mindenki, aki kardot ránt, kard által vész el.
1996055	С чего ты взяла?	2457316	Miből vetted?
656570	Кофе холодный.	2459858	A kávé hideg.
656570	Кофе холодный.	2459860	Kihűlt a kávé.
811945	Том плывёт очень быстро.	2473430	Tom nagyon gyorsan úszik.
1520972	Желаю, чтобы всегда было так.	2497301	Azt kívánom, hogy mindig legyen ilyen.
447244	Он действительно пришёл, чтобы добыть золото.	2497329	Határozottan azért jött, hogy aranyhoz jusson.
598569	Старики не всегда знают больше, чем молодые.	2520073	Az idősek nem mindig tudnak többet, mint a fiatalok.
1602113	Я всё ещё на службе.	2520105	Még mindig szolgálatban vagyok.
2357181	Будь скромнее.	2527392	Légy szerényebb!
2592155	Он не понимает по-английски.	2592252	Ő nem ért angolul.
2592063	Это не лёгкий вопрос.	2592255	Ez nem egy könnyű kérdés.
788898	Этот ужасный шум сводит меня с ума.	2666773	Ez a szörnyű zaj engem az őrületbe kerget.
2015733	Что именно ты хочешь от нас?	2666788	Mit akarsz tulajdonképpen tőlünk?
1784147	Я не могу сажать деревья здесь. Эта земля очень сухая.	2679093	Nem tudok itt fát ültetni, ez a föld nagyon száraz.
598206	Она уехала в США.	2679160	Elutazott az USA-ba.
2667476	Гнездо дрозда находится на высоком тополе.	2680610	Magas jegenyefán rigó fészek.
2667476	Гнездо дрозда находится на высоком тополе.	2680611	A rigó fészke egy magas jegenyefán van.
1997247	Он любит чай.	2680800	Szereti a teát.
2084039	Нам следует дать ей цветы.	2681430	Illik virágot adni neki.
448066	Чтобы забраться на крутой холм, сначала нужно идти медленным шагом.	2681456	Hogy följussunk a meredek dombra, kezdetben lassabban kell lépkedni.
448067	Я едва терплю его поведение.	2681460	Alig tudom kibírni a viselkedését.
448068	Мальчик был раздет по пояс.	2681465	A fiú derékig le volt vetkőzve.
448069	Он спрятался за дверью.	2681468	Elbújt az ajtó mögé.
448070	Какие песни нынче популярны?	2681473	Milyen dalok a legnépszerűbbek manapság?
448071	Вы знаете, где она?	2681478	Tudjátok, hogy ő hol van?
448072	Я приму работу, при условии, что вы мне поможете.	2681492	Elvállalom a munkát, feltéve, ha segítesz nekem.
448074	Мой отец каждый день занимается для своего здоровья.	2681510	Apám minden nap gyakorlatokat végez az egészsége érdekében.
448075	Я куплю кассетные ленты.	2681512	Veszek magnókazettát.
448077	Деревья зелёные.	2681518	A fák zöldek.
448079	Я думал, она будет полезной, но получается, что нам будет лучше без неё.	2681528	Azt gondoltam, a hasznunkra lesz, de úgy tűnik, jobb lesz nélküle.
448083	Он купил небольшой дом в Киото.	2681537	Vette egy kisebb házat Kiotóban.
473244	Это лекарство быстро избавит тебя от головной боли.	2683254	Ez a gyógyszer gyorsan kigyógyít téged a fejfájásodból.
2143692	Я сделаю всё возможное, чтобы тебе помочь.	2684818	Minden lehetőt megteszek, hogy segítselek téged.
2175964	Он физик, известный не только в Японии, но и во всем мире.	2686263	Ő fizikus, híres nem csak Japánban, hanem az egész világon.
447757	Наслаждайся жизнью, пока можешь.	2689165	Élvezd az életet, amíg tudod.
2450141	Она не говорит по-английски.	2689167	Nem beszél angolul.
2584176	Добавь ещё соли в суп.	2689563	Tegyél még sót a levesbe.
2689574	Будет построен большой дом.	2689575	Itt egy nagy ház épül.
2690426	Принеси мне тот стакан молока.	2690428	Hozd ide nekem azt a pohár tejet.
1802451	Странно, но никто из нас не заметил ошибки.	2691555	Fura, de közülünk senki sem vette észre a hibát.
2561385	Я не хочу об этом забывать.	2691558	Erről nem akarok megfeledkezni.
952274	Идея начала ему нравиться.	2692675	Kezdett neki tetszeni az ötlet.
1306754	В это мыло добавлены натуральные ароматы.	2692679	Ez a szappan természetes illatosítókat tartalmaz.
1862785	Не беспокойся за меня.	2692912	Ne nyugtalankodj miattam.
445226	У истории хороший конец.	2693729	A történet jól végződik.
1417867	Мы будем ужасно скучать по тебе, если ты покинешь Японию.	2698344	Nagyon fogsz nekünk hiányozni. ha elhagyod Japánt.
419278	У тебя сильная воля.	2699563	Erős akaratú vagy.
2233880	В те времена женщин-врачей было немного.	2699582	Abban az időben még kevés női orvos volt.
1948532	Вы такая добрая женщина.	2700493	Maga olyan jó asszony.
2030687	Мы пойдём, а ты нет.	2702775	Mi megyünk, de te nem.
2390351	Теперь спой ты.	2702956	Most te énekelj.
2390351	Теперь спой ты.	2702957	Most rajtad az éneklés sora.
2134512	Я обожаю математику.	2702983	Szeretem a matekot.
1414694	Не понимаю, как он может разговаривать, не вынимая сигарету изо рта.	2703009	Nem értem, hogy tud úgy beszélni, hogy nem veszi ki a cigarettát a szájából.
2586920	Этот мужчина хотел выпить.	2703013	Ez a férfi inni akart.
1293588	Она сорвала для меня яблоко.	2703015	Leszakított nekem egy almát.
2588274	Мы не возьмём это.	2703528	Mi nem vesszük el ezt.
521536	Что вы сегодня делали?	2703644	Mit csináltatok ma?
1681498	Моя сестра каждый день играет на фортепиано.	2704153	Nővérem minden nap zongorázik.
2125434	Потому что никто не может говорить на моем языке.	2704524	Mert senki sem tud beszélni az én nyelvemen.
2521027	Он провожал детей в школу.	2704852	Elkísérte a gyerekeket az iskolába.
2060649	Женись на мне.	2706725	Végy el engem.
1456475	Том ударил кулаком в стену.	2710561	Tom ököllel ütötte a falat.
2589732	Он уехал в Осаку по неотложным делам.	2711349	Egy sürgős üzlet miatt utazott Oszakába.
2534163	Когда ты последний раз проверял электронную почту?	2712039	Mikor ellenőrizted utoljára az elektronikus postádat?
2714204	Я не думаю, что можно решить проблему другим способом.	2714208	Nem gondolom, hogy meg lehet oldani a problémát más módon.
2197848	Не испытывай судьбу.	2716391	Ne vállalj kockázatot.
1039914	Да тут крона.	2722070	Itt egy korona.
1559083	Птицы улетели в тёплые края.	2723891	A madarak elrepültek melegebb vidékre.
2495386	На обратной стороне Луны есть секретная база.	2730160	A Hold másik felén van egy támaszpont.
2352517	Я буду ждать до четырёх часов.	2730467	Négy óráig fogok várni.
1724450	Том не знал, с чего начать.	2734154	Tom nem tudta, hogyan lásson hozzá.
1724451	Это предложение ещё не перевели.	2734155	Ezt a mondatot még nem fordították le.
1724451	Это предложение ещё не перевели.	2734156	Ez a mondat még nincs lefordítva.
1724454	Мэри смотрит телевизор каждый вечер.	2734165	Mari minden este néz televíziót.
2734144	Он был единственным свидетелем происшествия.	2734746	Ő volt a baleset egyetlen tanúja.
2356867	Терпение тоже имеет свои границы.	2734748	A türelemnek is megvan a határa.
2356877	Он поранил левую руку.	2734755	Megsérült a bal keze.
2356878	Он единственный в своём роде.	2734757	Egyedüli a maga nemében.
1047323	Великие умы мыслят одинаково.	2737534	A nagy okosok másképpen gondolkodnak.
2588205	Хотелось бы мне, чтобы он был более осторожен, когда говорит.	2746114	Szerettem volna, ha óvatosabb lett volna, amikor beszél.
1536105	Люди, живущие в городе, не знают удовольствий деревенской жизни.	2746549	Az emberek, akik városban laknak, nem ismerik a vidéki élet örömét.
1536110	Они были уверены, что они в большинстве.	2746560	Meg voltak győződve róla, hogy ők vannak többségben.
1464434	Вы занимаетесь переработкой?	2748849	Foglalkoztok újrafelhasználással?
1494664	У меня часто бывает ушная инфекция.	2748866	Gyakran van fülgyulladásom.
2748873	Английский язык заимствовал множество слов из французского.	2748877	Az angol sok szót átvett a francia nyelvből.
820487	Он был вольнодумцем.	2750176	Szabadgondolkodó volt.
2751383	Кейт нашла часы, которые потеряла.	2751396	Kati megtalálta az óráját, amelyet elvesztett.
1836886	Для чего Вы приехали в Японию?	2753752	Milyen céllal jött ön japánba?
2464715	Том не ставил нам в вину того, что мы сказали.	2759079	Tom nem rótta fel hibánkul, amit mondtunk.
1039917	У неё было больное сердце.	2761216	Szívfájdalmai voltak.
1528830	Я хотел бы ещё раз подтвердить мой рейс.	2761954	Szerettem volna még egyszer okézni a járatomat.
2368527	Дай мне взглянуть.	2764813	Engedd meg, hogy belenézzek.
823300	Он ответил кратко.	2767045	Röviden válaszolt.
1981682	То, что вы только что сказали, напоминает мне старую поговорку.	2767265	Az, amit az imént mondtál nekem, emlékeztet engem egy régi beszédre.
447207	Она посмотрела на меня с мольбой.	2768032	Mosolyogva nézett rám.
2786570	Я, Экклесиаст, был царём над Израилем в Иерусалиме.	2786952	Én prédikátor, királya voltam Izráelnek Jeruzsálemben.
679299	Однажды я встретил его.	2787254	Egyszer találkoztam vele.
679299	Однажды я встретил его.	2787256	Valamikor találkoztam vele.
518471	Он громко храпит, когда спит.	2806997	Hangosan horkol, amikor alszik.
2807130	Книги на нижней полке.	2807134	Könyvek az alsó polcon.
510979	Учёба начнётся в понедельник.	2807154	A tanítás hétfőn kezdődik.
651268	Мои деньги -- что хочу, то и делаю.	2810260	Az én pénzem - azt csinálok vele, amit akarok.
2491918	Этот словарь абсолютно бесполезен.	2811210	Ez a szótár teljesen használhatatlan.
5654	Мнение шокирует лишь тогда, когда это убеждение.	2812568	Egy vélemény csak akkor megrázó, ha az egy meggyőződés.
469950	Я так рад за тебя!	2812588	Annyira örülök neked!
2812920	Начнём с хороших новостей.	2812923	Kezdjük a jó hírrel.
2813095	Стекло хрупкое.	2813102	Az üveg törékeny.
895024	На углу улицы есть банк.	2813401	Az utcasarkon van egy bank.
1016826	В чем отличие кэндо от иайдо?	2820287	Mi a különbség a kendó és az iajdó között?
1862622	Я не знаю, что делать этим вечером!	2831446	Nem tudom, mit csináljak ma este.
870680	Кран течет.	2831468	Csöpög a csap.
1003183	Он отдыхает и готовится к экзаменам дома.	2832553	Pihen és készül a vizsgára otthon.
607474	Не упрекайте его за это.	2833265	Ne szidjátok őt ezért.
2519543	Он сделал скульптуру из песка.	2834548	Homokszobrot készített.
1137415	Джейн взяла собаку на прогулку.	2840682	Dzsén sétálni ment a kutyájával.
2845572	Я был так удивлён, что не мог говорить.	2845575	Úgy meg voltam lepődve, hogy beszélni sem tudtam.
2845574	Не пугай меня так!	2845576	Ne rémíts meg annyira!
1583468	Его поймали при краже яблок.	2861142	Elkapták almalopás közben.
2590686	Раньше мы говорили о нашем будущем.	2862055	Szoktunk beszélni a jövőnkről.
412724	Это лекарство помогает снять боль в мышцах.	2869667	Ez a gyógyszer csillapítja az izomlázat.
643345	Дети часто живут в мире фантазий.	2881044	A gyermekek gyakran élnek a fantázia világában.
424413	Он старше меня на два года, но ниже меня ростом.	2890877	Két évvel idősebb, mint én, de alacsonyabb.
2893778	Дверь была заперта, и мы не могли войти.	2893785	Az ajtó zárva volt és nem tudtunk bemenni.
2897598	Каково мнение Тома?	2897603	Mi Tom véleménye?
784855	Хочу этот фотоаппарат.	2903429	Nekem kell ez a fényépezőgép.
2791812	Я больше никогда не вернусь.	2904207	Soha nem jövök vissza.
2804022	Она вот-вот вернётся.	2908633	Hamarosan visszajön.
501084	Я легко решил проблему.	2909403	Könnyen megoldottam a problémát.
534510	Кейт выглядит как-то не очень, наверное заболела.	2909800	Kati nem nagyon jól néz ki, bizonyára beteg.
1436831	Старый мужчина сказал что-то.	2926537	Az öregember mondott valamit.
2832971	Время дороже всего на свете.	2933371	Az idő drágább mindennél a világon.
2832977	Я обсудил эту проблему с моими друзьями.	2933388	Megbeszéltem a problémát a barátaimmal.
2484055	Вы всё понимаете?	2947045	Mindent megértettetek?
2484055	Вы всё понимаете?	2947048	Mindent megértett Ön?
2928084	Их ещё нет.	2953426	Ők még nincsenek itt.
2966744	Твои родители знают, что ты здесь?	2966811	Tudják a szüleid, hogy itt vagy?
2966565	Том этого не видел.	2966827	Tom ezt nem látja.
2522741	Вы немного знаете французский, не так ли?	2968380	Ugye, kicsit beszél franciául.
2822015	Пожалуйста, идите под мой зонт.	2972062	Kérem jöjjön az ernyőm alá.
2822017	Она встала рядом с ним.	2972065	Egy sorban állt vele.
2822290	Шестьдесят минут в часе и шестьдесят секунд в минуте.	2972068	Hatvan perc egy óra, és hatvan másodperc egy perc.
2977291	Шарик лопнул.	2977297	A léggömb szétdurrant.
696645	Я её уже сто лет как не видел.	2989306	Már száz éve nem láttam a hölgyet.
2353939	Подвези меня на своей машине.	2995572	Vegyél fel az autódba.
2469844	Нужно очень много терпения, чтобы научиться терпению.	3007712	Nagyon sok türelem kell ahhoz, hogy megtanuljak türelmesnek lenni.
1728222	Я хочу вас кое с кем познакомить.	3009492	Valakivel össze akarlak ismertetni.
1728226	У нас нет времени.	3009499	Nem érünk rá.
1728226	У нас нет времени.	3009502	Nincs rá időnk.
1728229	Мы видели, как ребёнок выходил из автобуса.	3009514	Láttuk, hogy a gyermek kiszállt az autóbuszból.
2519433	Он работал и в дневную, и в вечернюю смену.	3012550	Nappali és éjszakai műszakban is dolgozott.
608702	Что бы Вы сделали на моем месте?	3014936	Mit csinálnának Önök az én helyemben?
2125725	Он сделал сердитое лицо.	3018372	Mérges képet vágott.
2587189	Давай сходим на пляж после обеда.	3019733	Ebéd után menjünk strandolni.
812951	Он ударил меня кулаком по лицу.	3034229	Ököllel az arcomba vágott.
2791924	Никогда не забуду твою доброту.	3034645	Sosem felejtem el a kedvességedet.
3034788	Том сказал, что не ест мяса.	3034798	Tom azt mondta, hogy nem eszik húst.
3034789	Том так и не узнал о том, что произошло.	3034803	Tom sosem tudja, hogy mi történt.
652698	Мне нравится плавать.	3034853	Szeretek úszni.
2607078	Не обвиняйте Тома.	3037904	Ne bántsd Tomot.
1569917	Вчера он был немного лучше.	3038619	Tegnap este egy kicsit jobb volt.
1515402	Отец занят постройкой стены.	3038801	Apa éppen falat húz.
2617086	Я и правда думала, что нравлюсь Тому.	3039039	Tényleg azt gondoltam, hogy tetszem Tomnak.
2299313	Он не мог этого сделать.	3042861	Ezt nem tudta megcsinálni.
2634132	Я не хочу больше обсуждать это.	3042874	Nem akarok erről többet beszélni.
467649	Они занимаются этим по необходимости.	3042877	Fölöslegesen beszélnek erről.
379203	Платон мне друг, но истина дороже.	3047430	Platón a barátom, de még inkább barátom az igazság.
2591305	Я слышу только тебя.	3048437	Csak téged hallak.
507721	Прямых рейсов до Болоньи отсюда нет.	3048448	Innen nem indul közvetlen járat Bolognába.
697051	Тело смертно, душа бессмертна.	3055858	A test halandó, a lélek halhatatlan.
2677828	Я украл твою сумку, потому что у меня кончились деньги.	3058010	Elloptam a táskádat, mert elfogyott a pénzem.
2516837	Том этого хочет или нет?	3058072	Akarja ezt Tom, vagy sem.
2675441	Мальчик сделал своих родителей счастливыми.	3059985	A fiúcska boldoggá tette a szüleit.
3066071	Стрелы летели в цель.	3066074	A lövések célba találtak.
2556567	Вот почему я хотел поговорить с вами.	3066507	Íme amiért beszélni akartam veletek.
2567595	Я использовал своё воображение.	3066514	Igénybe vettem a fantáziámat.
671463	Почему он пришёл с ней?	3066520	Miért vele jött?
3075861	Был достигнут компромисс.	3075869	Kompromisszumra jutottak.
3075881	Вы меня не понимаете.	3075889	Nem értetek meg engem.
2608946	Труп лучше делить на пять частей.	3075927	Jobb hat részre osztani a munkát.
3079673	И что?	3079678	És akkor mi van?
3081003	Тому не помешала бы помощь.	3081484	Tom szívesen elfogadott volna egy kis segítséget.
2597163	Мы не услышали будильника.	3083931	Nem hallottuk a vekkert.
2505281	Ты уж не пугай меня так.	3083942	Ne ijessz meg annyira.
2529676	Неважно!	3084819	Nem fontos!
2591506	Практически в каждой семье есть телевизор.	3085796	Gyakorlatilag minden családban van tévé.
2945517	Почему Вы мне всегда возражаете?	3085885	Neked mindig vissza kell beszélned?
412855	Ладно, я переведу ещё пятнадцать предложений на немецком, а потом уйду.	3085902	Jó, még lefordítok tizenöt német mondatot, aztán megyek.
466963	Я посетил Рим первый раз в своей жизни.	3088409	Életemben először látogattam Rómába.
3089860	У тебя не найдётся идеи получше?	3090047	Nincs jobb ötleted?
2456072	Рядом со мной в автобусе присел старик.	3090076	Egy öregember mellettem ült a buszon.
2709001	У меня ощущение, что за мной медленно следует автомобиль.	3090131	Az a gyanúm, hogy egy autó lassan követ engem.
496554	Они игнорируют меня.	3094250	Mellőznek engem.
496554	Они игнорируют меня.	3094251	Levegőnek néznek engem.
1580892	Я перевёл на японский, что он сказал по-французски.	3098116	Franciáról japánra tolmácsoltam, amit mondott.
3016026	Том был под кайфом?	3098323	Kábítószer hatása alatt volt Tom?
3099499	Это заняло весь день.	3099509	Ez volt egész nap.
3102378	Дайте мне попробовать.	3102402	Adjátok ide nekem megpróbálni.
583537	Высокое здание заслонило их дом от солнечного света.	3102824	Egy magas épület eltakarta a házuk elől a napfényt.
2026806	Хотел бы я знать, правда ли это.	3102836	Szeretném tudni, igaz-e ez.
1508266	Он забил в доску гвоздь.	3105382	Bevert egy szöget a táblába.
469292	Сколько цветов ты купил?	3107144	Hány szál virágot vettél?
1667542	Он сейчас почти такого же роста, как его отец.	3107151	Ő most csaknem olyan magas, mint az apja.
598455	Я приведу пример предложения.	3107152	Függesztek hozzá egy példamondatot.
2999058	Отель, в котором я останавливаюсь, не имеет автопарковки.	3107155	A szállodának, melyben megszállok, nincs parkolója.
2461225	Ты ничего не забыл?	3107439	Te semmit sem felejtettél.
1455799	Здравствуйте, могу я еще раз воспользоваться вашей ручкой?	3108712	Szia, használhatnám megint a tolladat?
2579745	Том и Мэри заняты планированием своей свадьбы.	3108728	Mari és Tom a házassági terveikkel vannak elfoglalva.
1892938	Надейтесь на лучшее, готовьтесь к худшему.	3109953	Reménykedjetek a legjobbakban, készüljetek föl a legrosszabbra.
3109799	Ты капитан.	3111270	Te vagy a kapitány.
658771	Как ты можешь быть так оптимистичен по поводу будущего?	3112635	Hogyan tudsz ennyire optimistán gondolkodni arról, mit hoz a jövő.
3114801	Я часто подхватываю простуду зимой.	3114877	Télen gyakran megfázok.
3114929	Вам нравится фортепиано?	3115316	Tetszik Önnek a zongora?
3115896	Цветы вишни очень красивые.	3115964	A cseresznye virága nagyon szép.
2045935	Я знаю, что это важно.	3116156	Tudom, hogy ez fontos.
3116252	Германия - одна из самых красивых стран Европы.	3116289	Németország - egy a sok szép európai ország közül.
575016	Том старше, чем я.	3116374	Tom idősebb, mint én.
1821331	Вчера была очень хорошая погода.	3116639	Tegnap nagyon szép idő volt.
1670652	В доме холодно.	3116995	Hideg van a házban.
2749470	Сейчас девять часов.	3118816	Most 9 óra van.
3118943	Я слышал, что может пойти снег.	3118952	Azt hallottam, lehet, hogy havazni fog.
1935821	У меня есть другое предложение вместо высказанного только что.	3121409	Nekem más javaslatom van, mint a most bemutatott.
2525440	Я с трудом могу поверить, что ты здесь.	3124809	Alig hiszem, hogy te itt vagy.
1903892	С моим телом что-то не так.	3125865	Valami nincs rendben a testemmel.
1114352	Мама попросила меня подстричь газон.	3125887	Anya megkért, hogy vágjam le a füvet.
2557625	Я сказал, что не голоден.	3126850	Mondtam, hogy nem vagyok éhes.
423107	Он спрашивал о тебе.	3126863	Ő kérdezett téged.
470838	Он занял денег в банке, чтобы купить новый дом.	3126873	Banktól kölcsönzött pénzt, hogy új házat vegyen.
2995580	Моё сердце было полно скорби.	3127080	Szívem telve volt gonddal.
2632825	Я хотела позволить Тому поехать.	3127084	El akartam hívni Tomit az útra.
2335442	Я из Франции.	3127119	Én Franciaországból származom.
2776941	Сейчас тринадцать часов сорок пять минут.	3127124	Most tizenhárom óra negyvenöt perc van.
2776941	Сейчас тринадцать часов сорок пять минут.	3127125	Most háromnegyed kettő van, délután.
3127832	Мы не будем бояться.	3127842	Mi nem fogunk harcolni.
3127838	Она такая же красивая, как её сестра.	3127845	Ő olyan szép, mint a nővére.
3128613	Ты не мог бы мне немного помочь?	3128620	Tudnál nekem kicsit segíteni?
3128614	Вы не могли бы немного помочь?	3128625	Nem tudnátok kicsit segíteni?
2262705	Мы говорили о тебе.	3133272	Beszéltünk rólad.
2262705	Мы говорили о тебе.	3133274	Rólad beszélgettünk.
2606182	Я могу подождать.	3133384	Tudok várni.
2140262	Я пойду с тобой.	3134913	Én is jövök veled.
3139719	Вы важны.	3139733	Fontosak vagytok.
3140357	Ты забыл сказать мне, что нужно купить хлеба.	3140358	Elfelejtetted megmondani, hogy kell venni kenyeret.
2606592	Я буду стрелять.	3141490	Lőni fogok.
524426	Банк далеко отсюда?	3145020	Messze van innen a bank?
2667022	Я на него ужасно разозлилась.	3145040	Irtóra megharagudtam rá.
3145739	Попробуйте ещё.	3145743	Próbáljátok még.
640778	Я уважаю старших.	3146739	Tisztelem az öregeket.
2556505	Том постоянно чем-то недоволен, не так ли?	3148015	Tomi mindig panaszkodik, igaz?
2517882	Очень ярко.	3148048	Túl erős a fény.
3151071	Этот чай очень горячий.	3151072	Ez a tea nagyon forró.
3151068	Дай мне что-нибудь попить.	3151074	Adjál valamit innom.
1277755	Я люблю тебя больше, чем его.	3153264	Jobban szeretlek téged, mint őt.
2678952	Этот автомобиль очень дорогой.	3153267	Ez az autó nagyon drága.
2781726	Том сказал, что Мэри не права.	3159333	Tomi azt mondta, hogy Marinak nincs igaza.
1569565	Мой дядя возвращается из Америки в следующий понедельник.	3163421	A bácsikám jövő hétfőn érkezik vissza Amerikából.
2306739	Это небывалый случай.	3164300	Ez egy példa nélküli eset.
697916	Враг пришёл в нашу страну.	3164735	Az ellenség bejött országunkba.
697916	Враг пришёл в нашу страну.	3164737	Az ellenség bejött hazánkba.
1110761	В классе нет никого выше Билла.	3168529	Az osztályban senki se magasabb Billánál.
777057	Охотник застрелил лису.	3168532	A vadász lelőtt egy rókát.
2321416	Ему снилось, что Солнце и Луна склоняются пред ним.	3168647	Azt álmodta, hogy a Nap és a Hold meghajoltak előtte.
2890324	Кто-нибудь должен поставить Тома на место.	3169574	Valaki álljon be Tomi helyébe.
941008	Эта книга новая.	3174001	Ez a könyv új.
2906673	Перед магазином была длинная очередь.	3175805	A bolt előtt hosszú sor állt.
447544	Он не осмеливается становиться известным.	3177688	Nincs bátorsága híresnek lenni.
468203	Это никогда не закончится.	3178925	Ez sohasem fejeződik be.
5611	Я не говорю по-японски.	3179852	Én nem beszélek japánul.
3179939	Я живу по этой улице.	3179940	Ebben az utcában lakom.
3179938	Я живу на этой улице.	3179946	Ebben az utcában élek.
2754776	Мне надо работать.	3179954	Nekem dolgozni kell.
2881040	Это только для твоего личного пользования.	3191269	Ez csupán a te személyes használatodra.
549910	Ещё раз.	3193410	Még egyszer.
907162	Она знает твой номер телефона?	3195171	Ő tudja a te telefonszámod?
3195178	Я не знаю, где живёт Мэри.	3195181	Én nem tudom, hogy hol lakik Mária.
1729530	Я хочу тебя.	3196045	Akarlak téged!
2987753	Том русский знал лучше, чем английский.	3196309	Tomi jobban tudott oroszul, mint angolul.
2493901	Я знаю, что у тебя были проблемы, когда ты был ребёнком.	3196811	Tudom, hogy voltak veled problémák, amikor gyermek voltál.
2887391	Моя бабушка по материнской линии живёт в Осаке.	3196910	Anyai nagymamám Osakában él.
2197723	Присаживайтесь куда вам удобно.	3198437	Ülj oda, ahova akarsz.
2120544	Ты умнее меня.	3200290	Okosabb vagy nálam.
2494369	Турецкий язык сложен.	3207569	A török egy bonyolult nyelv.
2021525	Я уже и сама заметила.	3207570	Ezt már én magam is észrevettem.
2519845	Я хотел бы изучать французский, но у меня нет на это времени.	3208490	Szeretnék megtanulni franciául, de nincs rá időm.
2962875	Том наблюдался у терапевта полтора месяца.	3210554	Tomi másfél hónapon át járt a terapeutához.
548598	Вы пожалеете об этом!	3212028	Sajnálni fogja azt.
803880	Что ты хочешь на обед?	3213822	Mit kérsz ebédre?
2202123	Его офис находится в центре города.	3213828	Az irodája a város központjában van.
2202123	Его офис находится в центре города.	3213829	Az irodája a város centrumában található.
3040403	Многие видят только то, что хотят.	3215011	Sokan csak azt látják meg, amit akarnak.
3068005	Жена открыла ему дверь.	3218938	Egy asszony nyitott neki ajtót.
643288	Я вас не понимаю.	3220835	Nem értem önt.
643288	Я вас не понимаю.	3220836	Nem értelek benneteket.
2994219	Долгой и счастливой тебе жизни!	3227292	Hosszú és boldog életet neked!
2095088	Том меня терпеть не может.	3227294	Tomi most haragszik rám.
3097977	И Канада, и Мексика граничат с Соединёнными Штатами.	3228674	Kanada is és Mexikó is határos az Egyesült Államokkal.
2616683	Я рада, что вы здесь со мной.	3228683	Örülök, hogy itt vagytok velem.
2590112	Ты влюблён?	3232297	Szerelmes vagy?
2708638	Элис рано вернулась с работы с ужасной головной болью.	3233716	Elisz szörnyű fejfájással érkezett haza reggel a munkából.
2708640	Я научился рисовать по его урокам.	3233719	Az óráin megtanultam rajzolni.
813024	Жаль, что я не слышал этот разговор.	3235751	Kár, hogy nem hallottam ezt a beszélgetést.
2418318	В прошлом мы играли в парке.	3236047	Az előbb a parkban játszottunk.
1959644	Они стояли на вершине холма.	3236050	Fent álltak a dombtetőn.
815353	Это твоя книга, Мике?	3236090	Ez a te könyved, Mike?
470583	Вы не умеете ездить на лошади.	3238306	Nem tudsz lovagolni.
2056758	Он твой преподаватель?	3238813	Ő a te tanítód?
2856918	Если не хотите себе неприятностей, не говорите ничего плохого о Томе и Марии.	3239118	Ha nem akartok magatoknak kellemetlenséget, ne mondjatok semmi rosszat Tomiról és Mariról.
3054272	Ты феминистка?	3239122	Te feminista vagy?
3095009	Я вас везде искал.	3240154	Mindenütt kerestelek.
419328	Идите прямо, и вы найдёте станцию.	3240168	Menjen egyenesen, és megtalálja az állomást.
419328	Идите прямо, и вы найдёте станцию.	3240172	Menjen egyenesen és rátalál az állomásra.
419328	Идите прямо, и вы найдёте станцию.	3240173	Menjen egyenesen és meglátja az állomást.
2902697	Компьютер Тома заразил какой-то вирус.	3240991	Valamilyen vírus fertőzte meg Tomi számítógépét.
2338799	Вы уверены, что это необходимо?	3244101	Biztos benne, hogy erre szükség van?
3246312	Он учится играть на пианино.	3246497	Zongorázni tanul.
3246317	Английский прост в изучении.	3246504	Könnyű angolul tanulni.
2767422	Ребята, мне пора идти!	3246506	Gyerekek, ideje mennem.
2459394	Сегодня многие люди считают, что концепция семи смертных грехов безнадежно устарела.	3246739	Ma sok ember gondolja, hogy a hét főbűn koncepciója már elavult.
3251495	Я ничего не слышала.	3251530	Semmit sem hallottam.
3251485	Эта книга очень маленькая.	3251531	Ez a könyv nagyon kicsi.
3251483	Книга очень маленькая.	3251533	A könyv nagyon kicsi.
3251480	Горничная подала чай.	3251537	A szobaasszony teát szolgált fel.
3251470	Том не спрашивал наших мнений.	3251541	Tom nem kérdezte a véleményünket.
3251469	Официантка подала чай.	3251543	A pincérnő teát szolgált fel.
3251443	Ты есть не хочешь, Том?	3251548	Nem akarsz enni, Tom?
3251439	Ваш брат нуждается в помощи.	3251555	A testvéretek segítségre szorul.
1819467	Но это, конечно, шутка.	3254369	Na ez, természetesen egy vicc.
1819467	Но это, конечно, шутка.	3254370	Na ez, természeresen egy tréfa.
2207440	Я скажу ему это в своё время.	3255253	Azt majd megmondom neki a maga idején.
1730514	Можешь брать мою машину, когда будет нужно.	3261342	Elviheted az autómat, ha szükséges lesz.
3019385	Ты меня рассмешил.	3265012	Megnevettettél.
2590734	Вы не можете заставить меня это сделать.	3265184	Nem tudtok engem arra kényszeríteni, hogy ezt ne csináljam.
3153129	Я должен извиниться перед Энн.	3265964	Muszáj elnézést kérnem Annától.
2410998	Он забыл деньги?	3265974	Ő elvesztette a pénzt?
1995110	Я не ученик.	3266555	Nem vagyok tanuló.
2939243	Твой друг в соседней комнате.	3266562	A barátod a szomszéd szobában van.
2480752	Том научил меня готовить.	3266586	Tomi megtanított engem főzni.
2076221	Он зашёл ко мне вчера во второй половине дня.	3266588	Tegnap este eljött hozzám.
985128	Сегодня мой день рождения.	3267027	Ma van a születésnapom.
439845	Я не гожусь в политики.	3267137	Nem vagyok alkalmas politikusnak.
823336	Студенты проводят много времени играя.	3267140	A hallgatók sok időt töltenek el játékkal.
2618696	Это не было забавно.	3273433	Nem volt túl szórakoztató.
1590413	Нужно очень постараться.	3274681	Nagyon kell igyekezni.
2825887	Племянник - это сын сестры.	3275784	Az unokaöcs a nővér fia.
3082387	Я ещё ничего не сказала.	3275974	Még semmit sem mondtam.
2343678	"Правда?" - "Да, правда".	3276384	- Igaz? - Igen, igaz.
2552145	Она никогда её не видела.	3279920	Sosem látta őt.
934140	За многие годы он написал три книги.	3281241	Sok év alatt megírt három könyvet.
2552124	Говорят, он ещё в Париже.	3283058	Mondják, ő még Párizsban van.
3286421	Я этого и хочу.	3286436	Ez az, ami nekem kell.
3287461	Тридцать дней в сентябре, апреле, июне и ноябре.	3287708	Harminc napos a szeptember, az április, a június és a november.
3288166	Сейчас я живу в очень маленьком доме.	3288555	Most egy nagyon kis házban lakom.
3036395	Вы не будете по мне скучать.	3289332	Nem fogok hiányozni neked.
697331	Я купил десяток яиц.	3290427	Vettem tíz tojást.
3292444	Я очень люблю рыбу.	3292449	Nagyon szeretem a halat.
2701868	А почему нет?	3292524	És miért nem?
2198651	Так хочется съесть чего-то.	3294742	Annyira jó lenne enni valamit.
2198659	Я купил журнал в магазине.	3294748	Vettem egy újságot a boltban.
2198660	Принеси-ка это сюда!	3294750	Hozd csak ezt ide!
2198662	Принеси это сюда!	3294752	Hozd ezt ide!
2198664	Он бросил курить.	3294754	Abbahagyta a dohányzást.
3072497	Ответы должны быть написаны чернилами.	3294755	A válasz le kell írni tintával.
3297329	Как же быстро летит время!	3297331	De hogy milyen gyorsan repül az idő!
2908209	Я не очень часто делаю ошибки.	3297503	Nem túl gyakran vétek hibát.
2908209	Я не очень часто делаю ошибки.	3297504	Nem nagyon gyakran hibázom.
424188	Я был рад услышать новость о его успехе.	3303336	Örömmel hallottam a hírt a sikeréről.
598511	У Боба слишком много книг для чтения.	3304240	Bobnak sok olvasni való könyve van.
479313	Я сейчас ем рис.	3304759	Most rizst eszem.
3142278	У тебя ж на лице написано, что ты врёшь.	3306791	Az arcodra van írva, hogy hazudsz.
3212510	Как бросить курить?	3306798	Hogyan kell abbahagyni a dohányzást?
2982226	Это делает меня счастливой.	3306803	Ez tesz engem boldoggá.
1722377	Я хочу написать книгу.	3308578	Meg akarom írni a könyvet.
536906	Завтра будет дождь?	3308863	Holnap lesz eső?
800455	Что ты хочешь есть?	3309899	Mit akarsz enni?
658538	На столе сидел кот.	3310374	Az asztalon ült egy macska.
658540	На столе сидела кошка.	3310375	Az asztalon ült egy cica.
658546	Это мой кот.	3310380	Ez az én macskám.
2309431	Больше никогда не говори так со мной!	3314015	Ne beszélj még egyszer velem így!
2309431	Больше никогда не говори так со мной!	3314017	Soha többé ne beszélj így velem.
493363	Он не обратил внимания на её совет.	3315318	Nem vette figyelembe az ő tanácsát.
1943335	Ваш брат не был сегодня в школе.	3320858	A fivéred ma nem volt iskolában.
2990326	Ты думаешь, что Том знает?	3321643	Gondolod, hogy Tom tudja?
1943335	Ваш брат не был сегодня в школе.	3321876	Fivéred nem volt ma iskolában.
3054288	Где ты была всю ночь?	3321901	Hol voltál egész éjjel?
869871	У вас часто рыба на обед?	3322655	Nálatok gyakran van hal ebédre?
3332384	Там запрещено парковаться.	3332395	Itt nem szabad parkolni.
1008540	Я сомневаюсь, что Боб придет вовремя.	3336751	Kételkedem, hogy Bob időben megérkezik.
1774432	После обеда мы смотрели телевизор.	3338806	Ebéd után néztük a televíziót.
3347407	Откройте книгу на девятой странице.	3348182	Nyissátok ki a könyvet a kilencedik oldalon.
3348443	Зелёный цвет вам к лицу.	3348445	A zöld szín illik önhöz.
3348451	Вы позвонили мне за полночь.	3348453	Éjfélkor hívott fel engem.
3351939	Не могу найти. Ты уверен, что оно здесь?	3351952	Nem tudom megtalálni. Biztos vagy benne, hogy itt van?
3351938	Не могу найти. Ты уверен, что она здесь?	3351953	Nem tudom megtalálni. biztos vagy benne, hogy ő itt van?
3355182	Нарисуй мне барашка!	3356537	Rajzolj nekem egy bárányt...
605588	Он не верующий.	3369035	Ő nem hívő.
3372374	Он не может сказать, что написано на бумаге.	3372458	Nem tudja megmondani, mi van a papírra írva.
3372319	Я сожалею о твоей потере.	3372460	Együtt érzek a veszteségeddel.
3372297	"Я не верю тебе!" — "Я клянусь!"	3372461	Nem hiszek neked! -- Esküszöm!
3372296	В следующее воскресенье будет концерт.	3372462	Jövő vasárnap koncert lesz.
3372293	У Тома не было способа проверить информацию.	3372463	Tomnak nem volt módja ellenőrizni az információt.
3372239	Том принимает душ каждое утро перед завтраком.	3372465	Tom minden reggel zuhanyzik reggeli előtt.
3372200	Этому предложению нужно больше восклицательных знаков.	3372467	Ehhez a mondathoz több felkiáltó jel kell.
3372159	Его отец врач?	3372468	Az apja orvos?
3371996	Тот галстук хорошо подходит к твоей рубашке.	3372469	Az a nyakkendő jól illik az ingedhez.
3371995	Боюсь, он болен.	3372470	Félek, beteg.
3376271	Сердце заставляет кровь циркулировать по артериям и венам.	3376274	A szív keringeti a vért az artériákban és a vénákban.
3376265	Кошка мяукает на крыше.	3376275	A cica nyávog a háztetőn.
3376262	Я купила сладости и съела их.	3376276	Édességet vettem és megettem.
2946671	Сегодня не Рождество!	3379568	Ma nincs karácsony!
3379935	Я заведую пропагандой.	3379938	Irigylem a propagandát.
3379770	Я буду там так скоро, как только смогу.	3379942	Olyan gyorsan ott leszek, amennyire csak tudok.
3290282	Мне нужно поспать теперь.	3380080	Most aludnom kell.
441423	Мой телефонный номер 234-6868, а номер моей комнаты 1228.	3380748	A telefonszámom 234-6868 és a szobám száma 1228.
2938597	Какое самое длинное английское слово?	3380749	Melyik a leghosszabb angol szó?
2886063	Над рекой раскинулась радуга.	3380750	A folyó felett szivárvány volt.
1935665	Деликатность – это искусство ведения беседы о сложных вещах.	3380753	Tapintat -- a bonyolult témákról való beszéd tudománya.
2799645	Ты не кажешься слишком уверенным.	3380754	Nem látszol túl biztosnak.
3383608	Дети, дураки и пьяницы говорят правду.	3383679	A gyerekek, a hülyék és a részegek igazat mondanak.
3383588	Ты МОЖЕШЬ делать это.	3383680	Meg tudod csinálni.
3383587	Ты МОЖЕШЬ сделать это.	3383682	Képes vagy megtenni ezt.
3383583	Мария! Мария! Мария!	3383683	Marija, Marija, Marija!
3382900	Выпей немного чаю.	3383684	Igyál egy kis teát!
3180812	Не говорите так быстро, пожалуйста.	3384340	Ne beszéljen olyan gyorsan, kérem.
3385015	Очень жаль, что твоя жена не смогла прийти.	3385068	Nagyon kár, hogy a feleséged nem tudott eljönni.
3384970	Иметь дочь — словно посадить семя в саду другого человека.	3385069	Ha lányod van, olyan mintha magot ültetnél egy másik ember kertjébe.
3384960	Предпочтение сыновей дочерям вызывает серьёзную нехватку женщин в Индии.	3385072	A fiúk lányokkal szembeni túlsúlya Indiában a nők komoly hiányát eredményezi.
3221254	Тому нельзя доверять.	3387784	Tominak nem szabad hinni.
3388636	Музыка - это всё.	3388793	A zene a mindenség.
3388575	Если он не сможет прийти, ты должен будешь заменить его.	3388797	Ha nem tud jönni, neked kell helyettesítened!
3388573	Национализм сегодня — самый страшный враг Европы.	3388799	Ma a nacionalizmus Európa legszörnyűbb ellensége.
3390402	Мы целую вечность не виделись.	3390411	Évek óta nem találkoztunk.
3390316	В Париже он наслаждался беззаботной жизнью.	3390413	Párizsban élvezte a gondtalan életet.
3390312	Я люблю кислую капусту.	3390414	Szeretem a savanyú káposztát.
3390304	Мы не можем помочь каждому, но каждый может помочь кому-нибудь.	3390416	Nem tudunk mindenkinek segíteni, de mindenki tud segíteni valakinek.
3128509	Кто рано встаёт, тот всех достаёт!	3393522	Ki korán kel, aranyat lel!
3394049	Когда она возвращается с работы, её муж уже дома, и они могут поужинать вместе.	3394185	Amikor hazaérkezik a munkából, a férje már otthon van és együtt vacsorázhatnak.
2966821	Ты не хочешь остаться здесь с нами?	3400897	Itt akarsz maradni velünk?
2562900	Она не идёт.	3409480	Ő nem jön.
3031006	Сегодня Том чувствует себя гораздо лучше.	3409803	Tom már jobban érzi magát.
2736032	Это было великолепно!	3409884	Ez tökéletes volt!
2709057	Мы солгали ему и причинили боль.	3409885	Hazudtunk neki, és ez megbántotta.
3218443	Мы очень быстро говорим.	3409892	Túl gyorsan beszélünk.
2934306	Спасибо за помощь.	3410403	Köszönöm a segítséget!
2664199	Это будет наш секрет.	3414166	Ez lesz a mi titkunk.
2749428	Я работал на этом заводе.	3414863	Ebben a gyárban dolgoztam.
3420337	Он не учится так же усердно, как раньше.	3420574	Nem tanul olyan szorgalmasan, mint korábban.
3420336	Он стыдится лгать.	3420575	Szégyell hazudni.
2166009	Я хочу услышать это ещё раз.	3429745	Ezt szeretném hallani még egyszer!
2446618	Том пишет письмо.	3435118	Tom levelet ír.
2446618	Том пишет письмо.	3435120	Levelet ír Tom.
1789878	Учитель читает книгу.	3440674	A tanár könyvet olvas.
3296390	Я заключил соглашение.	3442903	Megkötöttem a szerződést.
3088160	Я никогда здесь раньше не был.	3454389	Soha nem voltam itt korábban.
2636348	Я думал, что Мэри меня любит.	3455859	Azt gondoltam, hogy Mary szeret engem.
3159098	Он очень хорошо играет в теннис.	3456650	Nagyon jól teniszezik.
3285999	Ну давай, Том. Ещё ложечку. За папу. За маму. За бабушку Мэри.	3458073	Csak még egy kicsit, Tomi! Csak egy kanálkával. Egyet a papának. Egyet a mamának. Egyet Mária mamának.
744953	У него очень яркое воображение.	3463635	Nagyon élénk fantáziája van.
3077428	Адамс был умным человеком.	3466547	Adams okos ember volt.
2551588	Мы в Бостоне.	3467252	Mi Bostonban vagyunk.
2551617	Она любит музыку.	3467258	Szereti a zenét.
380984	Я встретил друга на станции.	3467266	Találkoztam a barátommal az állomáson.
2498090	Мне нужна твоя защита.	3468913	Kell nekem a füzeted.
2498097	Когда ты был в Бостоне?	3468916	Mikor voltál Bostonban?
2901457	Я не знал, что ты будешь здесь.	3469717	Nem tudtam, hogy itt leszel.
3074408	Ты тоже там работаешь?	3471943	Te is ott dolgozol?
3171633	Том не хочет тебя ждать.	3472278	Tom nem akar téged megvárni.
2623117	Том думает о своём будущем.	3476014	Tom gondol a jövőjére.
3481059	Что будет, если я скажу нет?	3481251	Mi lesz, ha nemet mondok?
2242264	Хочешь пойти в кино или в театр?	3481326	Moziba vagy színházba szeretnél menni?
2927923	Принесите счёт, пожалуйста.	3484493	A számlát szeretném kérni.
2497856	Я была напугана.	3486146	Meg voltam félemlítve.
3276975	Почему мне никто никогда об этом не рассказывал?	3486735	Miért nem beszélt nekem erről soha senki?
745529	Почему ты сегодня такой уставший?	3489981	Miért vagy ma ilyen fáradt?
1643842	У меня дома нет телевизора.	3490702	Nálam otthon nincs televízió.
3071480	У меня болит этот зуб.	3490965	Fáj ez a fogam.
3339105	Давай поедим немного арбуза.	3492883	Gyere, együnk egy kis dinnyét.
3035027	Она знает мою жену.	3504419	Ismeri a feleségemet.
3513832	Том любит свою работу.	3513838	Tom szereti a munkáját.
1398805	Я не пью пива.	3514147	Én nem iszom sört.
2632656	Я думала, что это ты.	3515615	Gondoltam, hogy ez te voltál.
2901784	Я не люблю кино.	3516972	Nem szeretek moziba járni.
2476901	Кто это написал на мне?	3524066	Ki írta ezt nekem?
3533304	Что Том говорит?	3533311	Mit mond Tom?
3522392	Есть молоко?	3569098	Van tej?
3570619	Я не знаю, что будет.	3570621	Én nem tudom, hogy mi lesz.
2475644	Я ищу школу, в которой я могу рисовать портреты.	3609540	Egy olyan iskolát keresek, ahol tudok arcképeket rajzolni.
3258672	Она посоветовала ему обратиться в полицию.	3611512	Azt tanácsolta neki, hogy forduljon a rendőrséghez.
2880692	Вчера ночью я слушал радио.	3611515	Tegnap éjjel rádiót hallgattam.
3522384	Мы не должны сдаваться.	3611545	Nem kell föladnunk.
2521256	Над ним все смеялись.	3613515	Mindenki nevetett rajtuk.
2468229	Кто найдёт друга, найдёт сокровище.	3613538	Aki barátra talál, kincset talál.
3081967	Интересно, что тут делает Том.	3613548	Érdekes, amit Tomi itt csinál.
3119560	Она меня рассматривает.	3613579	Engem figyel.
2519304	Это наверняка дорого.	3613599	Ez valószínűleg drága.
2369242	Этот автомобиль был назван "автомобилем года".	3613965	Ezt az autót kiáltották ki az "év autójának".
2836643	Я не знаю, где Том.	3613969	Nem tudom, hol van Tomi.
697661	Я до сих пор помню твои ароматные, но ненавязчивые духи.	3617723	Még most is emlékszem jó illatú, de diszkrét parfümödre.
697664	Дословный перевод обычно звучит не очень красиво.	3617785	A szó szerinti fordítás gyakran nem hangzik nagyon szépen.
3275530	Эти цвета хорошо сочетаются.	3632033	Ezek a színek jól illenek egymáshoz.
2850998	У моего велосипеда спустило колесо.	3632649	A kerékpáromnak kilyukadt a kereke.
2850998	У моего велосипеда спустило колесо.	3632650	A biciklim defektet kapott.
2627404	Я не думаю, что вы бессердечные.	3633812	Nem gondolom, hogy szívtelenek vagytok.
2874412	Ты знаешь, что сделал Том?	3635525	Tudod, mit csinált Tom?
2418775	Мы должны разделиться.	3635574	El kell válnunk.
3101366	Он снял солнцезащитные очки.	3635577	Levette a napszemüvegét.
2790797	У меня подарок для Мэри.	3635648	Ajándékom van Mari számára.
3074858	Не знаю, смеяться мне или плакать.	3637177	Nem tudom, nevessek, vagy sírjak.
3634805	Двое засмеялись.	3637203	Mindketten nevettek.
3478899	Я назвал его Томом.	3639008	Tominak szólítottam őt.
3613355	Был рад встретиться с вами, господин Тамори.	3640510	Öröm volt találkozni önnel, Tamori úr.
3111805	Мне нечего сказать Тому.	3640530	Nincs semmi mondanivalóm Tominak.
3249577	А если он не прав?	3640540	És ha neki nincs igaza?
3629090	Эта история - правда.	3644577	Ez a történet igaz.
2609795	Я должен Тому так много.	3652073	Annyira nagyon kellek Tominak.
2484747	Он был парализован страхом.	3652227	A félelem megbénította.
599833	Я приехал из Токио.	3652230	Tokióból származom.
3241613	Самая важная вещь, которую ты можешь сделать сейчас - это сохранять спокойствие.	3652294	A legfontosabb dolog, amit most megtehetsz, hogy megőrzöd a nyugalmadat.
2250648	Дети любят играть на берегу моря.	3652307	A gyermekek szeretnek tengerparton játszani.
3532634	Том не с тобой?	3653865	Tom nincs veled?
2937755	В этой комнате кто-то есть.	3654226	Ebben a szobában van valaki.
3587149	Почему Том не попытался помочь Мэри?	3654228	Miért nem próbált meg Tomi segíteni Marinak?
2629668	Я ходил в школу с твоим отцом.	3654452	Apáddal mentem az iskolába.
2851073	Я твоя лучшая подруга.	3655496	Én vagyok a legjobb barátod.
2773942	Не зная, что сказать, я промолчал.	3655498	Nem tudtam mit mondani, ezért hallgattam.
3291183	Ты не опоздал?	3655539	Nem késtél el?
2749597	Они живут рядом со школой.	3656163	Az iskola mellett laknak.
3338127	Это очень красивый цветок.	3660037	Ez egy nagyon szép virág.
2981577	Деревня уже не та, что раньше.	3668599	A falu már nem olyan, mint régen.
2942166	Когда я пришёл, он уже ушёл.	3675315	Amikor odaértem, ő már elment.
3518080	Три багета, пожалуйста.	3685497	Kérek három bagettet.
2463989	Она пыталась покончить с собой вчера вечером.	3685510	Megpróbált végezni magával tegnap este.
2659184	Я с трудом сбежал с тонущего судна.	3687476	Nehezen menekültem el a süllyedő hajóról.
3249572	А если вы ошибаетесь?	3689181	És ha tévedtek?
3626170	Одна вещь, которую ты должен обо мне знать, — это то, что я редко плачу.	3689197	Egy dolog, amit tudnod kell rólam, hogy ritkán sírok.
2523922	С ним всё хорошо.	3691935	Vele minden rendben.
598982	Почему ты удивлён?	3692033	Miért vagy meglepődve?
3048418	Я начинаю стареть.	3693760	Kezdek öregedni.
3213925	У них нет денег.	3694241	Nincsen pénzük.
3321757	Где жил Том?	3695005	Hol élt Tomi?
2621321	Она всего на пару лет старше меня.	3695454	Mindössze pár évvel idősebb nálam.
2501462	Никто не позвонил.	3696235	Senki sem hívott.
3386597	Я верю в магию.	3696243	Hiszek a mágiában.
2529517	Такого с нами еще никогда не случалось.	3696244	Ilyesmi velünk még soha nem történt.
3065503	Где вы это нашли?	3697247	Hol találtátok ezt?
2060007	Я ведь уже объяснил тебе, что должно быть нашей целью.	3697263	Hiszen már elmagyaráztam neked, mi legyen a célunk.
2079428	Она на восьмом месяце.	3697265	Már a nyolcadik hónapban van.
3632548	У меня в комнате есть телефон.	3698121	Nálam a szobában van telefon.
3292753	Никогда мне не было так хорошо.	3698339	Soha nem éreztem ilyen jól magam.
2908133	Вчера я весь день был дома.	3699137	Tegnap egész nap otthon voltam.
3699283	Какую книгу ты купила?	3699287	Milyen könyvet vettél?
2525062	Я не хочу умирать.	3701713	Nem akarok meghalni.
2525953	Том в Бостоне.	3701719	Tom Bostonban van.
3661034	Я спросил его, знает ли он моё имя.	3702993	Megkérdeztem tőle, tudja-e a nevemet.
3443649	Вчера я продал две книги.	3703002	Tegnap eladtam két könyvet.
3494249	Пожалуйста, дайте мне поспать.	3704486	Kérem szépen, hagyjon engem aludni.
2526733	Он покупал Хонду.	3706225	Vett egy Hondát.
3190117	Мы здесь, потому что мы имеем право участвовать в принятии решений.	3711023	Itt vagyunk, mert jogunk van részt venni ennek a döntésnek a meghozatalában.
3712374	Царь Соломон был известен своей мудростью.	3712395	Salamon király a bölcsességéről volt ismeretes.
3712367	Это действительно впечатляет.	3712397	Ez valóban jó hatással van rám.
3712363	Скажи Тому подождать.	3712399	Mondd meg Tomnak, hogy várjon meg.
3712362	Скажите Тому подождать.	3712410	Mondjátok meg Tomnak, hogy várjon.
3174820	Казалось, что будет дождь, но его не было.	3712892	Mondták, hogy eső lesz, de nem lett.
2834706	Это Том, мой коллега.	3712893	Ez Tomi, a kollégám.
2982075	Том умеет хранить секреты.	3712897	Tomi tud titkot tartani.
3532851	Я не знаю, сколько Тому сейчас лет.	3712900	Nem tudom, hány éves most Tomi.
2250536	Я поймал мяч одной рукой.	3712982	Félkézzel elkaptam a labdát.
2735999	Вот причина, по которой он не хотел говорить.	3712984	Íme az oka, ami miatt nem akart beszélni.
2998058	Какая коллекция!	3714078	Micsoda kollekció!
3257285	Ты уверен, что это подойдёт для всех случаев?	3714945	Hiszed, hogy ez minden esetre ráillik?
2738050	Я видел, как он ел яблоко.	3714951	Láttam, hogyan ette az almát.
2738051	Я ел яблоко и увидел его.	3714952	Almát ettem és megláttam őt.
2738052	Я о вас не забываю.	3714953	Nem feledkezem meg rólad.
2738053	Я вас не прощаю.	3714954	Nem bocsátok meg neked.
2738054	Она гораздо тяжелее его.	3714955	Sokkal nehezebb nála.
2738056	Спасибо, что привёл меня сюда.	3714957	Köszönöm, hogy elhozott ide.
2738057	Заключённые были освобождены.	3714958	A rabokat kiszabadították.
2738059	Летние каникулы прошли.	3714960	Letelt a nyári szünidő.
2738061	Поезд сделал короткую остановку.	3714964	A vonat kis időre megállt.
2738063	Они умерли одна за другой.	3714967	Egymás után meghaltak.
2738067	Скажи Тому, что меня там не будет.	3714969	Mondd meg Tominak, hogy nem leszek ott.
3539746	Почему ты держал это в секрете?	3715955	Miért tartottad ezt titokban?
3044887	Ты ведь не говоришь по-английски, да?	3715957	Hiszen te nem beszélsz angolul, igen?
3224199	У нас всё отлично.	3715959	Nálunk minden rendben.
3224203	Мы братья.	3715961	Mi testvérek vagyunk.
3224213	Нам скучно.	3715963	Unatkozunk.
3556608	Эта река длинная.	3716636	Ez a folyó hosszú.
2938150	Этого ещё никогда не было.	3719030	Ez még sohasem fordult elő.
3629808	Том никогда не видел, как Мэри танцует.	3719303	Tom sohasem látta, hogy Mary táncol.
1563991	Сделай кофе.	3728597	Csinálj egy kávét!
2709902	Завтра вечером я буду дома.	3739154	Holnap este otthon leszek.
2759396	Я их не принимаю.	3746974	Őket nem fogadom.
2783197	Нет ничего, что нельзя было бы купить за деньги.	3746976	Semmi sincs, amit pénzért ne lehetne megvenni.
407828	Его цель — стать адвокатом.	3746978	Az a célja, hogy ügyvéd legyen.
3448082	Почему ты колебался?	3746980	Miért habozol?
3661172	Пойди и повидай его лично.	3746981	Menj és nézd meg őt személyesen.
3028345	Донна родилась в богатой семье.	3746986	Donna gazdag családban született.
2177435	Том ходит в вечернюю школу.	3746989	Tomi esti iskolába megy.
1226372	Он остановил автомобиль перед зданием.	3746996	A ház előtt állította le az autót.
3667395	Почти каждый день они встречались за чаем.	3747001	Csaknem mindennap találkoztak a tea mellett.
3685350	Он пристрастился к курению в юности.	3747005	Ifjúkorában szokott rá a dohányzásra.
518453	Мы с тобой сближаемся.	3747006	Közeledünk egymáshoz.
3019545	Начальник не даёт мне сидеть без дела.	3748662	Főnököm nem hagyja, hogy tétlenül üljek.
2124208	Кто?	3748794	Ki?
3682976	Я сожалею, что разбудил тебя.	3749057	Sajnálom, hogy felébresztettelek téged.
538779	Я не мог понять, что он говорит.	3750706	Nem voltam képes megérteni, mit beszél.
1892334	Я думаю, грустно не иметь друзей.	3750708	Azt gondolom, szomorú, ha valakinek nincs barátja.
1892342	Важна не цель, а путь к ней.	3750710	Nem a cél a fontos, hanem a hozzá vezető út.
1892351	Мы все в одной лодке.	3750712	Valamennyien egy csónakban ülünk.
1892380	Мои друзья не знают, где я.	3750714	Barátaim nem tudják, hol vagyok.
1892381	Солнце еще не взошло.	3750716	Még nem kelt föl a nap.
1892388	Он решил стать летчиком.	3750717	Elhatározta, hogy repülő lesz.
1892400	Каждый человек имеет своё собственное мнение.	3750719	Minden embernek megvan a saját véleménye.
3293118	В закрытый рот не попадают мухи.	3750722	Csukott szájba nem száll bele a légy.
2887116	Некоторые читают книги, чтобы убить время.	3751759	Néhányan azért olvasnak könyvet, hogy agyoncsapják az időt.
2493675	Ты действительно хочешь знать?	3751781	Valóban szeretnéd azt tudni?
3463219	Никто не заметил, что картина была повешена вверх ногами.	3753680	Senki sem vette észre, hogy a kép fejjel lefelé volt fölakasztva.
2683317	Почему ты следуешь за мной?	3753681	Miért követsz engem.
3596968	Французский ему нравится больше, чем немецкий.	3753682	A francia jobban tetszik neki, mint a német.
3144903	Я нашёл деньги.	3753683	Pénzt találtam.
3281507	Он опять это сделал.	3753684	Megint azt csinálta.
447033	Он отменил встречу в последний момент.	3753685	Az utolsó pillanatban lemondta a találkozót.
2602206	Хочешь половину этого пирога?	3753686	Kéred ennek a pirognak a felét?
3022568	Я вижу, что вы этим хотите сказать.	3753687	Látom, hogy mit akartok ezzel mondani.
849720	Я покрасил потолок.	3753688	Kifestettem a mennyezetet.
2505589	Катя не едет на велосипеде, потому что очень устала.	3754922	Kati nem megy kerékpárral, mert nagyon fáradt.
2587503	Что я действительно хочу сделать, так это поехать в Бостон и навестить Тома.	3754925	Amit én igazán tenni akarok, nos az elutazni Bostonba és meglátogatni Tomit.
1674412	В чём ты обычно ходишь на работу?	3754927	Általában mivel mész munkába?
2709299	Я тоже люблю конфеты.	3754928	Én is szeretem a cukorkát.
2124080	Я изучаю информатику.	3754929	Informatikát tanulok.
2955328	Ты дал слово, что присмотришь за ними.	3754931	Szavadat adtad, hogy utánanézel.
3661503	Девочка, что вон там стоит, — это Мэри.	3754976	A kislány, aki ott kint áll, Mari.
651338	Полнится земля грехом и горем.	3754983	A föld megtelik bűnnel és nyomorúsággal.
3221958	Лекарство сотворило чудо.	3754985	A gyógyszer csodát tett.
3526415	Том потерял свои деньги, свою семью и своих друзей.	3754989	Tomi elvesztette a pénzét, a családját és a barátait.
2628881	Я ожидала, что Том будет здесь.	3757364	Azt vártam, hogy Tomi itt lesz.
2341959	Она успешно сдала экзамен.	3757365	Sikeresen levizsgázott.
3179592	Мне тоже не видно.	3757366	Én sem látom.
3258796	Я нахожу Вас привлекательным.	3757368	Vonzónak találom Önt.
3652289	Том пропустил мимо ушей сказанное Мэри.	3757369	Tomi elengedte a füle mellett, amit Mari mondott.
3708875	Предложение было принято единогласно.	3757371	Az indítványt ellenvélemény nélkül elfogadták.
2521331	Я научу тебя тому, что тебе нужно знать.	3761322	Megtanítalak arra, amit tudnod kell.
3049960	Как твои родители?	3761324	Hogy vannak a szüleid?
2853530	Расскажи нам больше.	3762584	Mesélj nekünk többet.
3227463	Его совет был очень полезным.	3764255	Igen hasznos tanácsot adott.
2773041	О! А я этого человека знаю.	3770299	Ó! De ezt az embert én ismerem.
3152683	Ничего серьёзного.	3770308	Semmi komoly.
2608859	Я чувствую себя подавленным.	3770311	Nyomott hangulatban vagyok.
3649189	В саду растут розы и лилии.	3770318	A kertbe rózsák és liliomok nőnek.
3447320	Надо ли нам добавить побольше соли?	3770323	Tegyek bele még több sót?
3354039	Я бы хотел увидеть Статую Свободы.	3770327	Szeretném megnézni a Szabadságszobrot.
2493862	Том ждёт.	3770328	Tomi vár.
3552536	По прибытии в аэропорт он позвонил жене.	3770338	Miután megérkezett a repülőtérre, fölhívta a feleségét.
467285	К моему удивлению, он женился на очень красивой актрисе.	3770344	Meglepetésemre egy igen szép színésznőt vett feleségül.
1580480	Экзамены начнутся в следующий понедельник.	3770347	A vizsgák jövő hétfőn kezdődnek.
795186	Мария всеми уважаема.	3770349	Máriát mindenki tiszteli.
3048370	Очень хорошо, что есть такие люди, как вы!	3770353	Nagyon jó, hogy vannak olyan emberek, mint te.
3505615	Её родители были в ужасе.	3770356	A szülei meg voltak rémülve.
2617070	У меня нет никакого желания оставаться тут.	3771972	Semmi esetre sem kívánok itt maradni.
2729639	Тут ничего не поделаешь.	3771973	Itt nincs mit tenni.
3215681	В моих венах течёт голубая кровь.	3771974	Ereimben kék vér csörgedezik.
3447189	А вы знали, что на этой горе живут лисы?	3771980	Tudtátok, hogy ezen a hegyen rókák élnek?
709155	Говорят, что в старом доме живут привидения.	3771983	Azt mondják, hogy az öreg házban szellemek vannak.
598994	Нравится это вам или нет, но вы должны это делать.	3771986	Tetszik vagy sem nektek, ezt meg kell csinálnotok.
598994	Нравится это вам или нет, но вы должны это делать.	3771988	Akár tetszik, akár nem, ezt nektek meg kell csinálnotok.
2606997	Я отменю это.	3771993	Ezt törlöm.
2505413	Давай зайдём к Тому!	3771994	Gyere, menjünk Tomihoz.
2747110	Очень темно.	3771996	Nagyon sötét van.
3561925	Я сторожил дом.	3771998	Vigyáztam a házra.
3773806	Мне нравятся долгие прогулки по пляжу.	3773807	Nekem tetszenek a hosszú séták a part mentén.
3773805	Том женится на Мэри в конце следующей недели.	3774800	Tomi a jövő hét végén elveszi Marit.
3488070	Я хочу, чтобы ты оставил Тома в покое.	3774823	Azt akarom, hogy hagyd békén Tomit.
3139294	Номер на вашей машине нечитаемый.	3774826	Az autód száma olvashatatlan.
2661545	Никто меня не слушает.	3775846	Senki sem hallgat meg engem.
2749615	Я знала, что ты разозлишься.	3775850	Tudtam, hogy felizgatod magad.
2402391	Мы не ревнуем.	3777444	Nem vagyunk féltékenyek.
497297	Придёт день, когда мы сможем полететь на Луну.	3777445	Eljön az idő, amikor elrepülhetünk a Holdra.
3074707	Я выздоровела.	3780614	Meggyógyultam.
3443843	Я турчанка.	3780617	Török nő vagyok.
2984226	Я скажу тебе, что я думаю.	3785806	Megmondom neked, amit gondolok.
3281512	Он опять за своё.	3788184	Megint fújja a magáét.
3354352	Вот здесь она живёт.	3788186	Íme itt él ő.
3514446	Почему же ты мне ничего об этом не сказал?	3788188	Miért nem mondtál nekem erről semmit?
2236604	Ты не хочешь поговорить со мной?	3788192	Nem akarsz beszélni velem?
2746803	Она была там раньше?	3788193	Ő korábban ott volt?
2746803	Она была там раньше?	3788195	Ő hamarabb volt ott?
2818125	Тот ящик больше, чем этот.	3790927	Ez a doboz nagyobb, mint amaz.
2463498	Нет в мире горы, равной по высоте Эвересту.	3791916	Nincs még egy olyan magas hegy a világon, mint a Mount Everest.
384345	Машина сломалась, поэтому им пришлось идти пешком.	3792023	Az autó elromlott, ezért gyalog kellett menniük.
2632577	Мне нужно ещё несколько дней.	3792026	Kell még nekem néhány nap.
2632577	Мне нужно ещё несколько дней.	3792027	Szükségem van még néhány napra.
2632582	Мне нужен кухонный нож.	3792030	Szükségem van egy konyhakésre.
2632584	Я должен пойти и найти Тома.	3792031	El kell mennem és megtalálnom Tomit.
2632587	Мне нужен маленький совет.	3792032	Szükségem van egy kis tanácsra.
2632589	Мне нужна ручка и бумага.	3792035	Szükségem van tollra és papírra.
2632590	Мне нужно место, где можно остановиться.	3792041	Szükségem van egy olyan helyre, ahol meg lehet állni.
2632590	Мне нужно место, где можно остановиться.	3792042	Keresek egy olyan helyet, ahol meg lehet állni.
2632591	Мне нужно время на подготовку.	3792046	Időre van szükségem az előkészülethez.
3443631	Он выплатил банку свой долг.	3792051	Visszafizette a banknak a tartozását.
3443635	Думаешь, Том выпустится в этом году?	3792059	Gondolod, hogy Tomi végez ebben az évben?
3443637	Где она научилась так хорошо готовить?	3792061	Hol tanult meg ilyen jól főzni?
3461070	Они все говорят на французском.	3794089	Ők mindnyájan beszélnek franciául.
3074372	Ты любишь природу?	3796222	Szereted a természetet?
811694	Я без ума от тебя.	3796226	Megbolondulok tőled.
2094312	Он совсем не плохой человек.	3796228	Egyáltalán nem rossz ember.
1642012	Человек, о котором идёт речь, сейчас находится в Америке.	3796231	Az az ember, akiről most folyik a szó, Amerikában van.
2636488	Я пытался быть милым.	3796233	Igyekeztem kedves lenni.
2633044	Я бы сказала, что Том завидует.	3796238	Azt mondanám, hogy Tomi féltékeny.
1343461	Я оставил часы дома.	3796241	Otthon hagytam az órámat.
1944765	Некоторые думают, что чёрные кошки приносят несчастье.	3796246	Vannak, akik azt gondolják, hogy a fekete macskák szerencsétlenséget hoznak.
3626224	Том был здесь весь день.	3796252	Tomi egész nap itt volt.
2407631	Им не нужны деньги.	3796257	Nincs szüksége pénzre.
698033	Эти бумажные деньги фальшивые - у них нет водяных знаков.	3797939	Ezek a papírpénzek hamisak, - nincs rajtuk vízjel.
698037	Наши овцы заклеймованы, чтобы мы могли узнать их.	3797990	A birkáink bélyeggel vannak megjelölve, hogy megismerhessük őket.
698037	Наши овцы заклеймованы, чтобы мы могли узнать их.	3797993	A birkáink meg vannak billogozva, hogy megismerhessük őket.
698045	Какая марка вашего автомобиля?	3798069	Milyen márkájú az ön autója?
2195572	У тебя никогда нет времени на важные вещи!	3801295	Sosincs időd a fontos dolgokra!
2195586	Давай решим второй вопрос.	3801302	Gyere oldjuk meg a második kérdést.
2195587	Это именно то, что он хотел.	3801307	Ez éppen az, amit akart.
2195588	Он попросил много денег.	3801308	Sok pénzt kért.
2195590	Это объясняет, почему дверь была открыта.	3801310	Ez megmagyarázza, miért volt nyitva az ajtó.
2195599	Она решает проблему.	3801314	Problémát old meg.
2195600	Она работает над этим вопросом.	3801317	Ezen a kérdésen dolgozik.
2195602	Паровая машина преобразует тепло в энергию.	3801321	A gőzgép energiává alakítja a hőt.
2195603	Но где мы?	3801324	Nos, hol vagyunk?
2195604	Номер для двоих с ванной, пожалуйста.	3801327	Tessék kérem, a szoba két személyre fürdőszobával.
2195605	Какой твой любимый язык программирования?	3801329	Melyik a kedvenc programozási nyelved?
2195606	Есть ли здесь поблизости станция метро?	3801334	Van itt a közelben metróállomás?
2557801	Ты ведь понимаешь французский, да?	3873205	Hiszen te beszélsz franciául, igaz?
2402588	Тебе никто не поверит.	3890751	Senki sem hisz neked.
3459111	Я ожидаю её возвращение к шести часам.	3892101	Hat órára várom őt vissza.
3459134	Почему же вы нам не сказали, что говорите по-французски?	3892182	Miért is nem mondtátok nekünk, hogy beszéltek franciául?
3459134	Почему же вы нам не сказали, что говорите по-французски?	3892192	Miért is nem mondta, hogy beszél franciául?
3082560	Я никогда не был в цирке.	3892452	Sohasem voltam cirkuszban.
1778493	Ничего нового.	3892747	Semmi új.
3035294	У меня ничего нового.	3892753	Semmi újat nem tudok.
3892762	Всё по-старому.	3892763	Minden a régi.
514774	Прошу прощения.	3892809	Elnézést kérek.
2529503	Простите!	3892811	Bocsánat!
3892812	Простите, пожалуйста!	3892813	Bocsánatot kérek!
329714	Доброе утро!	3892833	Jó reggelt kívánok!
399612	Добрый вечер.	3892842	Jó estét kívánok!
467011	Спокойной ночи.	3892843	Jó éjszakát kívánok.
370372	Как Вас зовут?	3892851	Hogy hívják Önt?
426018	Очень приятно.	3892853	Nagyon örvendék.
3321639	Вы говорите по-русски?	3892855	Ön beszél oroszul?
3892860	Я немного говорю по-русски.	3892862	Egy kicsit beszélek oroszul.
2201447	На удивление всех жителей города, мэр был арестован.	3894466	A város minden lakója meglepődött, hogy a polgármestert letartóztatták.
2201451	Он собирается стать инженером.	3894518	Mérnök lesz.
2201457	Она похожа на знаменитую певицу.	3894523	Hasonlít arra a híres énekesnőre.
2970426	Я не посмел смотреть.	3894899	Nem mertem megnézni.
3895059	Убийца!	3895305	Gyilkos!
3895076	Не прячь голову в песок!	3895330	Ne dugd a fejed a homokba!
3895080	Не уходи от проблемы!	3895340	Ne fuss el a problémák elől!
3852541	Эти фотографии его.	3896274	Ezek az ő fotói.
3895133	Дорога в ад вымощена благими намерениями.	3897032	A pokolba vezető út jószándékkal van kikövezve.
2032072	Поезд идёт!	3897610	Jön a vonat!
1007452	Ты можешь закрыть окно, пожалуйста?	3899262	Becsuknád az ablakot, kérlek?
3422689	Снег тает весной.	3900811	A hó tavasszal elolvad.
2612296	Я буду знать завтра.	3926438	Holnap tudni fogom.
3685433	Он выразился ясно.	3928247	Világosan fejezi ki magát.
3760009	У него уже новая девушка.	3928814	Új barátnője van már.
3400772	Где мой слон?	3930434	Hol van az elefántom?
2446811	Ты смотрел на меня.	3931271	Rám néztél.
1160207	Какой прекрасный город!	3931596	Milyen szép város!
2818702	Турция расположена к западу от Ирана.	3939906	Törökország nyugatra fekszik Irántól.
1944572	Мне нужна изолента, а не скотч.	3941536	Szigetelőszalagra van szükségem, nem celluxra.
3941997	Том дал своей собаке кость.	3942004	Tom adott a kutyájának egy csontot.
2683547	Каждый имеет право на личную свободу.	3943101	Mindenkinek joga van a személyes szabadsághoz.
3304340	Я купил билет.	3943511	Vettem jegyet.
3934241	Я — полковник.	3943809	Ezredes vagyok.
3952961	Я знаю, что Том счастлив.	3952966	Tudom, hogy Tom boldog.
3952960	Думаю, мне нужно ещё время.	3952975	Úgy vélem, időre van még szükségem.
3952959	Мне нужно ещё пять минут.	3952985	Még öt perc kell.
3952958	Думаю, мне нужно больше времени.	3952991	Azt gondolom, hogy több idő kell még nekem.
3953010	Вы бы мне не поверили.	3953048	Ön nem hinne nekem.
3953010	Вы бы мне не поверили.	3953050	Nem hinnétek el nekem.
3954391	Том не умеет играть на пианино.	3954411	Tom nem tud zongorázni.
3954387	Том меня не знает.	3954415	Tom nem ismer engem.
3954724	Нам нужно с ней поговорить.	3954759	Beszélnünk kell vele.
3954722	Нам нужно с ними поговорить.	3954773	Beszélnünk kell velük.
2867307	Ты знаешь об этом?	3955235	Tudsz erről?
3956721	Пришла посмотреть, как вы работаете. Смотрю, не зря пришла.	3956787	Eljött megnézni, hogy dolgoztok. Látom, nem hiába jött.
3956213	Теория рядов Фурье первоначально была создана для решения дифференциальных уравнений.	3956790	A Fourier-sorozatok elméletét eredetileg differenciálegyenletek megoldására hozták létre.
3956211	Акупунктура — вид альтернативной медицины, которая пользуется популярностью на востоке Азии.	3956792	Az akkupunktúra az alternatív orvostudomány egy fajtája, amely népszerű Ázsia keleti részén.
3958240	У тебя тоже с этим проблемы?	3958278	Neked is ez a problémád?
3717776	Почему мы не можем поговорить сейчас?	3965552	Miért nem tudunk beszélni most?
3965744	Дайте мне посмотреть, что у Вас в руке.	3965751	Hadd lássam, mi van a kezében!
3249701	Дела идут хорошо?	3966354	Jól mennek a dolgok?
3967744	Это книга, о которой я вам рассказывал.	3967758	Ez az a könyv, amiről beszéltem önöknek.
2575689	Я не буду помогать бедным.	3967765	Nem fogok segíteni a szegényeknek.
2575704	Не ешьте слишком много.	3967782	Ne egyetek túl sokat!
532936	Веди нас прямым путём.	3969552	Vezess minket az igaz úton.
3969640	Том не сказал правду.	3969649	Tom nem mondott igazat.
499988	Мне очень жаль его.	3969728	Nagyon sajnálom érte.
2536212	У моего отца такая же машина, как у господина Кимура.	3970267	Apámnak ugyanolyan autója van, mint Kimura úrnak.
3971574	Том будет помогать нам красить наш гараж.	3971583	Tomi segíteni fog lefesteni a garázsunkat.
3971577	Это было очень странно.	3971606	Ez nagyon különös volt.
3972298	Думаю, она об этом знает.	3972315	Gondolom, tud erről.
3640969	Не думаю, что могу сделать это без неё.	3973795	Úgy vélem, nélküle ezt nem tudom megvalósítani.
2199674	Это некрасиво - смеяться над начальником прилюдно.	3974017	Nem szép dolog nyilvánosan nevetségessé tenni a főnököd.
1290849	Это мой любимый стул.	3975137	Ez a kedvenc székem.
3975652	Сегодня дождливо.	3975773	Ma esik.
2834663	Я думаю, что я всё ещё пьян с прошлой ночи.	3975784	Azt hiszem, még mindig részeg vagyok a tegnap estétől.
2632627	Я вижу, что ты был занят.	3976364	Látom, hogy elfoglalt voltál.
3977217	Том очень похож на Джона.	3977269	Tom nagyon hasonlít Johnra.
441050	Дайте мне это, пожалуйста.	3977784	Kérem, adja ide!
3335307	Том думал, что Мэри уже ушла домой.	3981582	Úgy vélte Tomi, hogy Mari már hazament.
3981937	Почему ты не можешь не шуметь?	3981961	Miért nem tudsz csendben maradni?
3981940	Я думаю, ты упоминал об этом на прошлой неделе.	3981969	Azt hiszem, említetted a múlt héten.
3255530	1. Не убий и не начинай войны.	3981997	1. Ne ölj, és ne háborúzz!
3984432	Я сказал Тому, что помогу тебе.	3984441	Mondtam Tomnak, hogy segítek neked.
3986022	Могу я поговорить с тобой с глазу на глаз?	3986051	Tudunk beszélni négyszemközt?
3987770	Как ты смеешь говорить со мной в таком тоне!	3987784	Hogy merészelsz velem ebben a stílusban beszélni?
3987988	Старайтесь думать о другом.	3987998	Próbáljatok másra gondolni!
1796280	Я даже не знаю его.	3988498	Mégcsak nem is ismerem.
3778021	Том не знает.	3991323	Tom nem tudja.
2748362	Прошу тебя быть осторожным.	3994367	Arra kérlek, hogy légy óvatos.
2711223	Это странно, нет?	3994657	Ez különös, nem?
2567427	У меня периодические боли в желудке.	4000620	Periodikusan fáj a hasam.
3229911	Том принёс это.	4003229	Tomi hozta ezt.
2579814	В этом никто не виноват.	4004342	Ebben senki sem vétkes.
2055762	Он совсем не плохой мальчик.	4005488	Ő egyáltalán nem rossz fiú.
3457922	Том сказал, что ты здесь.	4008830	Tomi mondta, hogy itt vagy.
2626931	Я бы хотела помочь тебе, если смогу.	4011279	Szeretnék segíteni neked, ha tudnék.
4022077	Я не хочу танцевать.	4022093	Nem akarok táncolni.
2553907	Тому не нравится эта игра.	4023989	Tomnak nem tetszik ez a játék.
4023981	Том хотел, чтобы Мэри уехала.	4023996	Tomi akarta, hogy elmenjen Mari.
3779655	Том в коме.	4024445	Tomi kómában van.
3779657	Том в соседней комнате, пьёт водку.	4024457	Tomi a szomszéd szobában van, és vodkát iszik.
3699264	Мы не живём вместе.	4029001	Nem élünk együtt.
1670264	Уже в поезде я заметил, что забыл бумажник дома.	4029930	Már a vonatban ültem, amikor észrevettem, hogy otthon hagytam az aktatáskámat.
2068620	Я стараюсь оставить место для десерта.	4033908	Megpróbálok helyet hagyni a desszertnek.
2068621	Могу я воспользоваться твоим телефоном?	4033911	Használhatom a telefonodat?
4034074	Том не хочет спать.	4034078	Tom nem akar aludni.
3457851	У нас было то, чего хотел Том.	4036072	Nálunk volt az, ami kellett Tomnak.
3587528	Это твоя мать?	4036215	Ő az édesanyád?
3587528	Это твоя мать?	4036219	Ez a te anyád?
2525058	Я просто хочу узнать.	4038421	Egyszerűen csak meg szeretném tudni.
4040249	Это была демонстрация силы.	4040317	Ez erődemonstráció volt.
1506040	Мы должны были встретиться здесь в семь.	4040819	Hétkor kellett itt találkoznunk.
441148	Как пишется ваше имя?	4041417	Hogy kell írni az ön nevét?
3015846	Что ты о них знаешь?	4042743	Mit tudsz róluk?
2636652	Я никогда не буду работать на тебя.	4044296	Én soha nem fogok neked dolgozni!
3470211	В этом городе камни говорят.	4056384	E városban a kövek is mesélhetnének.
4054608	Он вышел, не сказав ни слова.	4057295	Elment anélkül, hogy egy szót is szólt volna.
3148601	Я написал письмо Мэри.	4057460	Írtam Máriának egy levelet.
3091868	У меня уже есть одна.	4058891	Nekem már van egy.
3239221	Я знаю, что он знает об этом.	4061337	Tudom, hogy tud erről.
2746803	Она была там раньше?	4063868	Ő volt ott korábban?
2746803	Она была там раньше?	4063869	Ő volt ott hamarább?
2456971	Я хочу когда-нибудь снова встретиться с той девочкой.	4063889	Szeretnék ezzel a kislánnyal valamikor ismét találkozni.
2785577	Дверь была закрыта?	4069273	Csukva volt az ajtó?
2785581	Здравствуйте, друзья!	4069282	Legyetek üdvözölve, barátaim!
2461174	Вы ели что-нибудь вчера вечером?	4073654	Ettetek valamit tegnap vacsorára?
2461174	Вы ели что-нибудь вчера вечером?	4073656	Ettetek valamit tegnap este?
3639311	Я не могу сказать этого своему отцу.	4075959	Ezt nem tudom megmondani az apámnak.
3954633	Ты с ней сегодня говорил?	4077027	Beszéltél vele ma?
1585935	Вполне возможно, что она будет успешной.	4077034	Teljesen lehetséges, hogy sikeres lesz.
1585936	Этот бедный кот был почти мёртв от голода.	4077040	Ez a szegény macska már majdnem éhen halt.
2963782	Том подошёл к Мэри и страстно поцеловал её в губы.	4077228	Tomi elment Marihoz és szenvedélyes csókot adott a szájára.
2963783	Том подошёл к Мэри и что-то шепнул ей на ухо.	4077234	Tomi odament Marihoz és súgott valamit a fülébe.
2963784	Том вышел из зала суда, окружённый журналистами.	4077238	Tomi újságírókkal körülvéve jött ki a tárgyalóteremből.
2963757	На Тома напал рой пчёл.	4077243	Tomira rátámadt egy méhraj.
3031043	Это не было простым решением.	4077250	Ez nem volt egyszerű döntés.
3757586	Ты хочешь, чтобы я это попробовал?	4079525	Akarod, hogy megpróbáljam?
3047945	Это стоит около тридцати евро.	4079545	Ez körülbelül harminc euróba kerül.
2746973	Теперь он работает на берегу — учит будущих капитанов.	4084013	Most a parton dolgozik; a leendő kapitányt oktatja.
3641226	Ты меня слишком хорошо знаешь.	4088252	Nagyon jól ismersz.
2739991	На каком языке он говорит?	4093700	Milyen nyelven beszél?
4097339	Ещё не время ехать домой.	4098667	Még nincs itt az ideje, hogy hazamenjünk.
3525825	Я должен быть очень осторожен, Том.	4099688	Nagyon óvatosnak kell lennem, Tom.
3539573	Они все счастливы.	4101771	Mindannyian boldogok.
4122554	Том знает, что его все ждут.	4122557	Tom tudja, hogy mindenki őt várja.
4122553	Том боялся ехать туда один.	4122558	Tom félt egyedül odamenni.
2330767	Я послал тебе письмо.	4122565	Küldtem neked egy levelet.
4122574	Том умер в 2003 году.	4122583	Tamás 2003-ban halt meg.
2948705	Кроме того, я не умею танцевать.	4122591	Azonkívül nem tudok táncolni.
2948705	Кроме того, я не умею танцевать.	4126138	És nem tudok táncolni se.
3293378	Она любит кофе без сахара.	4126418	Cukor nélkül szereti a kávét.
2900826	Вот так удача.	4126443	Micsoda szerencse.
2611268	Что было в школе?	4130133	Mi volt az iskolában?
500662	Мальчик лежал и слушал радио.	4130756	A fiú rádiót hallgatva feküdt.
2623076	Всё, что я узнал, для меня очень важно.	4130844	Minden, amit megtanultam, nagyon fontos számomra.
3507231	Том пошёл наконец ко врачу.	4131226	Végül elment Tomi orvoshoz.
3740726	Я не в форме.	4131423	Nem vagyok formában.
2170735	Читай!	4135584	Olvasd!
4140364	Ты должен это видеть.	4140407	Ezt meg kell nézned.
4150026	Гости на кухне.	4150039	A vendégek a konyhában.
446095	Она ходит в кино раз в неделю.	4152351	Hetenként egyszer eljár moziba.
3265822	Не покупай его.	4154378	Azt ne vedd meg!
2451999	Я сегодня почти всю ночь не спал.	4158580	Alig aludtam valamit a múlt éjjel.
4159140	Чего им ещё надо?	4159147	Mi kell még nekik?
4159138	Чего на самом деле хотят женщины?	4159148	Tulajdonképpen mit akarnak az asszonyok?
4159315	Похоже, здесь живут люди.	4159349	Úgy tűnik, itt emberek élnek.
4159320	Том ждал, когда ему предложат работу.	4159368	Tom várta, hogy munkát ajánljanak neki.
4159321	Мне нужна быстрая лошадь.	4159369	Egy gyors lóra van szükségem.
2497645	Мы ждём, что ты нам поможешь.	4159509	Várjuk, hogy segítesz nekünk.
4159437	Том дал мне последний шанс.	4159589	Tom adott nekem egy utolsó esélyt.
4159435	Нас попросили больше не делать этого.	4159592	Megkértek minket, hogy többet ne csináljuk ezt.
4159430	Я не помню, где я был.	4159596	Nem emlékszem, hol voltam.
4159211	Я проспал только два часа. Неудивительно, что я сонный.	4159609	Aludtam vagy két órát. Nem meglepő, hogy álmos vagyok.
4159088	Ты придёшь на мой концерт?	4159610	Eljössz a koncertemre?
4158821	Сколько всё это стоило?	4159616	Ez az összes mennyibe kerül?
4158821	Сколько всё это стоило?	4159618	Wie viel kostet das Alles?
3488698	Всё началось с идеи.	4159622	Minden egy ötlettel kezdődött.
3611002	Он написал письмо вчера.	4159659	Ő tegnap megírta a levelet.
3848865	Том работает здесь уже больше тридцати лет.	4159663	Tom itt dolgozik már több mint harminc éve.
3970719	Том хороший певец.	4159666	Tom jó énekes.
4159708	Мне нравится жить с Томом.	4159710	Szeretek Tommal lakni.
2609978	Я скажу это снова.	4167840	Ezt újra elmondom.
2789084	Ты знаешь адрес Тома?	4170742	Tudod Tom címét?
2896302	Нет, я этого не писал.	4171599	Nem, én ezt nem írtam.
412261	«Я должен его увидеть». — «Для чего?»	4174105	- Látnom kell őt. - Minek?
4049117	Ты любишь яблоки.	4180334	Szereted az almát.
4180823	Нам не надо было этого писать.	4180842	Nekünk ezt nem kellett írni.
2938524	Том всё знал.	4183904	Tom mindent tudott.
2612353	Я в доме Тома.	4190827	Tomnál vagyok.
3776333	Я не хочу играть в эту игру.	4192810	Nem akarom játszani ezt a játékot.
1711753	У него чересчур много книг.	4198655	Neki túl sok könyve van.
446993	Мне он не нравится. Покажите мне другой.	4198661	Ez nekem nem tetszik. Mutasson nekem mást.
1593740	Я видел, как кто-то воровал товар.	4198665	Láttam, hogy valaki ellopta az árut.
3901299	Она помогла своим друзьям.	4198666	Segített a barátainak.
2749812	Не знаю, зачем я это сделал.	4198667	Nem tudom, hogy miért csináltam ezt.
2189517	Аэропорт находится на расстоянии вытянутой руки.	4198671	A repülőtér egy karnyújtásnyira található.
1393661	Думаю, супу не хватает щепотки соли.	4198674	Úgy gondolom, a levesből hiányzik egy csipet só.
824982	Переходить через тот старый мост опасно.	4198675	Veszélyes átmenni azon az öreg hídon.
3624121	Том опять нас обманул.	4198678	Tom megint becsapott minket.
3631772	Вы любите анчоусы?	4198691	Ti szeretitek a szardellát?
3631772	Вы любите анчоусы?	4198694	Ön szereti a szardellát?
3966519	Нам нужен ответ.	4198696	Szükségünk van a válaszra.
3954748	Я хотел бы ещё раз с ней поговорить.	4198702	Szeretnék még egyszer beszélgetni vele.
2494819	Мой французский совсем не хорош.	4198705	Az én franciám egyáltalán nem jó.
2778445	Под диваном лежит пульт от телевизора.	4198707	A kanapé alatt van a tv-távirányító.
2442534	Мы пара.	4198708	Mi egy pár vagyunk.
4025048	Я сказала им, что я в порядке.	4198710	Azt mondtam nekik, hogy rendben vagyok.
3064020	Да, ты знаешь, я немного люблю пафос.	4198716	Igen, tudod, én nem nagyon szeretem a pátoszt.
1484890	Человек не настолько всесилен, как Бог.	4198718	Az ember nem olyan mindenható, mint Isten.
2651897	Скажи ей, что я устала.	4200092	Mondd meg neki, hogy fáradt vagyok.
3045673	Дует южный ветер.	4200099	Déli szél fúj.
4200427	Том всегда приходит рано.	4200451	Mindig korán jön Tomi.
645353	Мой отец не разрешает мне держать собаку.	4201602	Az én apám nem engedi meg nekem, hogy kutyát tartsak.
2926994	Не стесняйтесь спрашивать совета.	4201626	Ne habozz tanácsot kérni.
2619376	Понятия не имею, почему выбрали меня.	4201627	Fogalmam sincs, miért engem választottak.
3577404	Том всегда таким был.	4201629	Tom mindig ilyen volt.
2624347	Я родилась в 1993 году в Москве, где я и живу до сих пор.	4201631	Moszkvában születtem 1993-ban, ahol most is élek.
3986722	Каким способом лучше всего учить иностранный язык?	4201638	Melyik a legjobb módszer, hogy megtanuljunk egy idegen nyelvet?
3014792	Кто ещё знает об этом?	4211013	Ki tud még erről?
4211355	Могу ли я пожать вашу руку?	4211396	Megrázhatom a kezed?
4211356	Это коллекционный предмет.	4211399	Ez egy gyűjtői darab.
4211361	Ведь ты же понимаешь, да?	4211402	Érted, ugye?
4211367	Тебе не обязательно на меня орать.	4211422	Nem kell kiabálnod velem.
4211371	Ты вырос в Бостоне, так?	4211431	Bostonban nőttél fel, igaz?
2652125	Я устал слушать тебя.	4215006	Unom már, amit mondasz.
2652125	Я устал слушать тебя.	4215007	Fáraszt a szöveged.
3986098	Сейчас десять минут четвёртого.	4217430	Most három óra tíz perc van.
1681457	Она ждёт ребёнка.	4219726	Gyermeket vár.
2772651	Я еще не решил, пойти мне в университет или устраиваться на работу.	4219734	Még nem döntöttem, hogy egyetemre menjek-e vagy vállaljak munkát.
4172022	Ты можешь рассказать Тому.	4220024	Beszélhetsz Tomival.
4172023	Ты можешь сказать Тому.	4220027	Megmondhatod Tominak.
4172029	Принимать зарубежных гостей в нашем доме — это радость для нас.	4220032	Öröm fogadni külföldi vendégeket a házunkban.
4172030	На ней была новая шляпа.	4220034	Új kalap volt rajta.
928225	Это значит "да" или "нет"?	4220645	Ez azt jelenti, igen vagy nem?
4021000	Иди поговори с ними.	4224559	Gyere, beszélj velük!
4224120	Том знал, что что-то не так.	4224573	Tomi tudta, hogy valami nem úgy van.
1529004	Если ты купишь мне мороженое, я тебя поцелую.	4225979	Ha veszel nekem fagylaltot, adok egy puszit.
2610944	Это твои деньги.	4228002	Ez a te pénzed.
3308821	Тому много раз говорили не делать этого.	4231645	Tominak már sokszor megmondták, hogy ne csinálja azt.
2327515	Этот компьютер лучше, чем тот.	4232025	Ez a számítógép jobb, mint az.
3687085	Я пять лет не получал от него никаких известий.	4232045	Öt éve semmi hírt sem kaptam felőle.
3687086	Жаль, что он не в нашей команде.	4232046	Kár, hogy nem a mi csapatunk tagja.
4233478	Собака на цепи?	4233503	Láncon van a kutya?
3191136	Я никогда не видел и не слышал нечто подобное.	4234853	Sosem láttam és nem hallottam semmi hasonlót.
3191137	Том умер в постели.	4234858	Tomi ágyban halt meg.
3191141	Мальчик помог своей маме.	4234859	A fiú segített az anyjának.
2750935	Оставайся на обед.	4240231	Maradjatok ebédre.
3659737	Том действовал без размышлений.	4240264	Tomi meggondolatlanul cselekedett.
2501867	Я уже это читал.	4242229	Ezt már olvastam.
3467595	Хочешь, я сделаю тебе сэндвич?	4247976	Akarod, hogy csináljak neked egy szendvicset?
3591120	Что для тебя важнее, я или работа?	4248113	Mi fontosabb neked, én vagy a munka?
3261250	Я никого не вижу.	4248155	Senkit sem látok.
4075171	Ты играешь с огнём.	4249839	Te a tűzzel játszol!
4249291	Что это с ними?	4249863	Mi van velük?
2828420	Картина находится в этой книге.	4253297	A kép ebben a könyvben található.
4254451	Она этого не знала.	4254454	Ő ezt nem tudta.
2574119	Том попросил меня о помощи.	4258997	Tomi megkért engem, hogy segítsek.
4259191	Том шёл за мной.	4259209	Tom mögöttem jött.
3590056	Ты знаешь, откуда это у Тома?	4263079	Tudod, honnan van ez Tomnak?
3197155	Это были обычные молодые люди.	4264559	Átlagos fiatalok voltak.
4264572	Как жаль, что я этого не увидел.	4264652	Milyen kár, hogy én ezt nem láttam.
3183048	Ты должен это сделать, даже если не хочешь.	4265364	Ezt kell csinálnod, még ha nem is akarod.
1525370	Когда я проснулся, у меня болело горло.	4266263	Amikor felkeltem fájt a torkom.
2709397	Дайте, пожалуйста, ещё чашку кофе.	4266376	Adjál, légy szíves, még egy csésze kávét.
2709401	Повторите ещё раз.	4266379	Ismételje még egyszer.
2709406	Я этим не горжусь.	4266383	Ezekre nem vagyok büszke.
2709410	Он всё ещё работает.	4266393	Még mindig dolgozik.
2709411	Она говорила слишком быстро, я не понял.	4266396	Túl gyorsan beszélt, nem értettem.
2709416	Мы выпили вина.	4266397	Megittuk a bort.
2709417	Мне восемьдесят лет.	4266400	Nyolcvan éves vagyok.
2709420	Я слова не сказал.	4266405	Egy szót sem szóltam.
2709421	Я взял взаймы деньги у своих друзей.	4266407	Pénzt vettem kölcsön a barátaimtól.
3532839	Нет, это была не она.	4266608	Nem, ez nem ő volt.
2932116	О вас много говорят.	4267250	Sokat beszélnek rólatok.
4271310	Что ты хочешь с этим делать?	4271322	Mit akarsz ezekkel csinálni?
4196616	Мой отец — хороший человек.	4271363	Az én apám jó ember.
3132329	Она ждала такси.	4271761	Várta a taxit.
4274159	Я вижу Луну и Солнце.	4274161	Látom a Napot és a Holdat.
2807214	Ты всё ещё здесь.	4274275	Te még itt vagy.
2807831	Я вижу, у тебя новая шляпа.	4274276	Látom, új kalapod van.
2580214	Пожалуйста, расскажи свою историю.	4276086	Kérlek, meséld el a történetedet.
826431	Когда ты начал учить английский?	4276891	Mikor kezdtél angolul tanulni?
1730914	Я обедаю со своею сестрой.	4278459	A nővéremmel ebédelek.
4276454	Где мой карандаш?	4278559	Hol van a ceruzám?
2503996	Вам не холодно?	4281254	Nem fázol?
3504180	Он тёртый калач.	4281258	Minden hájjal megkent.
3897928	Экзамен будет сегодня?	4281684	Ma van a vizsga?
3961702	Перестал падать снег.	4281708	Elállt a havazás.
3961696	Тому свидетелю они хотели дать взятку, но у них ничего не получилось.	4281713	Le akarták fizetni azt a tanút, de nem jártak szerencsével.
3961735	Вам сюда нельзя!	4281714	Ide nem jöhetnek!
3961733	У вас есть скрипка?	4281715	Van hegedűje?
3961727	Пусть его строго накажут.	4281717	Szigorúan büntessék meg!
3961723	А что увидела потом?	4281718	Aztán mit látott?
3961720	Какие женщины тебе нравятся?	4281719	Milyen nők tetszenek neked?
3961822	Этот пруд полон рыб.	4281731	Ez a halastó tele van halakkal.
3961768	Они пошли в зоопарк.	4281734	Az állatkertbe mentek.
3961829	У меня аллергия на цветение.	4281735	Pollenallergiám van.
3961897	Он погубил мне жизнь.	4281737	Tönkretette az életemet.
3961891	У меня адские боли.	4281738	Szörnyű fájdalmaim vannak.
3961869	Сегодня среда, это так?	4281739	Ma szerda van, nem igaz?
3962025	Сегодня я иду в больницу.	4281741	Ma kórházba megyek.
3962022	Сегодня я был в больнице.	4281742	Ma kórházban voltam.
3962010	Я голубой.	4281743	Homokos vagyok.
3963320	Вы не хотите прогуляться?	4281746	Nem akar egyet sétálni?
3962139	Здесь много воды.	4281749	Sok itt a víz.
2827251	Он много говорит.	4282152	Sokat beszél.
4283621	Том быстро поел.	4283630	Tom gyorsan evett.
4283620	Я забочусь о людях.	4283632	Gondoskodom az emberekről.
4283617	Мы нашли Мэри.	4283633	Megtaláltuk Máriát.
4283614	Нет, мы одного возраста.	4283634	Nem, egyidősek vagyunk.
4284245	Я не знал, что она такая старая.	4286792	Nem tudtam, hogy olyan öreg.
2029872	Я думаю, тебе надо больше отдыхать.	4296908	Úgy gondolom, neked többet kellene pihenni.
2609726	Я знаю, где Том работает.	4311835	Tudom, hol dolgozik Tom.
684576	Билл похлопал меня по плечу.	4312637	Bill vállon veregetett engem.
2344034	Не забудь отправить письмо по пути домой.	4312652	Ne felejtsd el hazafelé menet bedobni a levelet.
2118334	Я не сделал ни одной фотографии.	4313813	Egy fényképet sem csináltam.
2469871	Где находится прачечная?	4314078	Hol van a mosoda?
3071684	Весь день я искал эту гостиницу.	4322530	Egész nap kerestem ezt a szállodát.
2267290	Ты живёшь в городе?	4325482	Városban laksz?
2309780	У тебя есть татуировки?	4326609	Van tetoválásod?
2999231	Мы могли сделать это сегодня.	4332399	Ma meg tudtuk csinálni.
4332625	О, дождь идёт.	4332629	Ó, esik az eső!
3987047	Этот обычай недавно вошёл в нашу жизнь.	4335195	Ez a szokás nemrég jött be életünkbe.
2808773	Дважды пять - десять.	4335445	Kétszer öt az tíz.
2751065	Сколько вы заплатили за эту работу?	4336962	Mennyit fizettél ezért a munkáért?
2468178	Сколько стоит вход?	4338106	Mennyi a beugró?
2264254	Сколько за вход?	4338115	Mennyi a belépő?
423697	Ты уже прочитал книгу?	4339113	Elolvastad már a könyvet?
2474960	Ты всегда оставляешь свой велосипед грязным.	4340630	Mindig sárosan hagyod a bringád.
3629926	Скажи мне, кто это сделал.	4343239	Meséld el, ki tette.
3467254	Ты уверен, что они могут это сделать?	4356523	Biztos vagy benne, hogy meg tudják csinálni?
4359583	Многие животные, как, например, тигр, едят мясо.	4363366	Sok állat, úgymint a tigris, húst eszik.
4364394	Я и не думал никогда, что женюсь.	4364400	Sohasem gondoltam, hogy megházasodom.
4296352	Мне вчера заплатили.	4387891	Tegnap kifizettek.
3546873	Это стоит больше, чем я думал.	4390645	Ez többe kerül, mint gondoltam.
4391100	Вы не могли бы немного подождать?	4391454	Tudna még egy kicsit várakozni?
2766721	Я совсем не против.	4392317	Nincs ellene semmi kifogásom.
1721955	Это сейчас не важно!	4395392	Ez most nem fontos.
2609670	Я знал, что это был Том.	4399802	Tudtam, hogy ez Tom volt.
4395630	Куда пойдём сегодня вечером?	4401722	Hova megyünk ma este?
4402259	Где кольцо Мэри?	4402267	Hol van Mari gyűrűje?
4405704	Я это сто лет назад делал.	4405707	Ezer éve csináltam ezt.
1576467	Его дочь не умеет готовить.	4410446	A lánya nem tud főzni.
4408055	Эта шляпа тебе сильно велика.	4412200	Ez a kalap neked túl nagy.
4408082	Мне очень жаль, но это не возможно.	4412221	Nagyon sajnálom, de ez lehetetlen.
582661	Тётя дала мне фотоаппарат.	4418373	A nénikém egy fényképezőt adott nekem.
582663	Я не могу читать без очков.	4418374	Szemüveg nélkül nem tudok olvasni.
2743806	Хочешь спать?	4422899	Akarsz aludni?
2783235	Её трудно увидеть.	4424054	Nehéz meglátni őt.
2587277	В этой школе преподают китайский язык.	4424067	Ebben az iskolában tanítanak kínait.
2587277	В этой школе преподают китайский язык.	4424068	Ebben az iskolában tanítják a kínai nyelvet.
2587279	Позвони мне позже, хорошо?	4424072	Később hívjál föl engem, jó?
2587283	Позвони мне, если тебе нужна будет помощь.	4424079	Hívj engem, ha segítségre van szükséged.
4428621	Ещё рано ложиться спать.	4428645	Még korai lefeküdni.
2563932	Мы были далеко.	4428835	Messze voltunk.
2563927	Она была далеко.	4428839	Messze volt.
2563927	Она была далеко.	4428840	Távol volt.
2563930	Мэри была далеко.	4428843	Messzi volt Mari.
2497981	В этом нет ничего нового.	4430433	Ebben nincs semmi új.
3252287	Никому не двигаться.	4432269	Senki sem mozdul!
1953034	Хочешь вина?	4433489	Akarsz bort?
3036761	"Где ты был?" - "Я был у зубного врача".	4433532	- Hol voltál? - A fogorvosnál voltam.
4433742	Том на три года старше тебя.	4433757	Tom három évvel idősebb nálad.
3677643	Я их не считаю.	4435989	Őket nem számítom.
2381307	Я собираюсь открыть банковский счёт.	4436015	Tervezem, hogy nyitok egy bankszámlát.
4435835	Я пошёл туда, чтобы поговорить с ним.	4437734	Odamentem, hogy velük beszélhessek.
4435851	Я никогда об этом не просил.	4437738	Soha nem kérdeztem erről.
2711639	Я у вас многому научился.	4439980	Jó sok mindent megtanultam tőled.
4440873	Книга моя.	4440881	Az én könyvem.
4440871	Она сидит в ванне.	4440884	A kádban ül.
4440869	Да, я учу разные языки.	4440887	Igen, többféle nyelvet is tanulok.
4440868	Ты хочешь, чтобы мы что-то отправили тебе из дома?	4440890	Akarod, hogy küldjünk valamit itthonról?
3605946	Спасибо тебе за прекрасные цветы.	4441205	Köszönöm neked a csodálatos virágokat!
3605947	Спасибо вам за прекрасные цветы.	4441209	Köszönöm önnek a csodálatos virágokat!
2751686	В этом нет ничего плохого.	4444209	Nincs abban semmi rossz.
4158547	Я видела Тома с Марией.	4446599	Láttam Tomot Máriával.
4230137	Спасибо за обед.	4447979	Köszönöm az ebédet.
3531441	Это то, что искал Том.	4448759	Ez az, amit Tomi keresett.
2689101	Это дом Тома.	4454973	Ez Tom háza.
4457350	Я думал, вы этого не знаете.	4457356	Azt hittem, nem tudja.
1109041	Он поехал во Францию.	4458885	Franciaországba ment.
1109043	Магнитофон лежал на столе.	4458888	Egy magnó volt az asztalon.
3681515	Он это сказал.	4464289	Ő mondta ezt.
782719	У меня два старших брата.	4464373	Két bátyám van.
638877	Я бы очень хотел это узнать.	4465985	Nagyon szeretném tudni.
4467976	Не говорите о таком.	4468182	Ne beszéljetek erről!
1907003	Динозавры вымерли давным-давно.	4470826	A dinoszauruszok már réges-régen kihaltak.
3949342	Никто не сможет меня остановить.	4473905	Senki sem tud engem megállítani.
2456025	Никуда не уходи, ясно?	4474189	Sehova se menj, érted?
4476561	Да, я видела.	4477107	Igen, láttam.
4476558	Я видела достаточно.	4477108	Eleget láttam.
4476471	Вы ещё не легли?	4477112	Még nem fekszel?
3061473	Какая эта книга маленькая!	4479277	Milyen kicsi ez a könyv!
4484861	Я забыл её фамилию.	4487043	Elfelejtettem a családi nevét.
2840616	Сегодня не холодно, снег не идёт.	4487675	Ma nincs hideg, nem esik a hó.
4523808	Я люблю поезда.	4523814	Szeretem a vonatokat.
4533104	Том больше не любит Марию.	4534233	Tom többé nem szereti Marie-t.
4546142	Я сейчас покажу вам фотографию.	4546785	Rögtön megmutatom neked a fotót.
2749469	Сейчас восемь часов.	4552843	Most nyolc óra van.
3768221	Как есть, так есть.	4574305	Ahogy van, úgy van.
2519448	Вилка грязная.	4575976	A villa piszkos.
2740880	Вилка потерялась.	4576014	A villa elveszett.
3622896	Это вилка.	4576034	Ez egy villa.
2447672	Можно мне вилку?	4576066	Kaphatnék egy villát?
3056683	Том знал это.	4576695	Tom tudta ezt.
538279	Ты почистил зубы?	4577409	Mostál fogat?
3352439	Что Вы любите читать?	4577448	Mit olvas szívesen?
4577519	Он живёт очень далеко от меня.	4577524	Nagyon messze él tőlem.
4577519	Он живёт очень далеко от меня.	4577528	Nagyon messze lakik tőlem.
2104786	Я не знаю, сколько Тому лет.	4581291	Nem tudom, hogy Tom hány éves.
1052336	Моя подруга хорошо танцует.	4587810	A barátnőm jól táncol.
4590608	Что ты делаешь в таком темном месте?	4590622	Mit csinálsz te ezen a sötét helyen?
4593309	Я только помогаю.	4593318	Én csak segítek.
4596521	Я хочу сейчас!	4596522	Én most akarom!
618601	Спасибо за твой подарок.	4601730	Köszönöm az ajándékodat.
618601	Спасибо за твой подарок.	4601765	Köszönöm az ajándékodat!
2649296	Спасибо ещё раз.	4601785	Még egyszer köszönöm!
4605719	Там птичка.	4606513	Ott egy kis madár.
4613920	Кто идёт с нами?	4613924	Ki jön velünk?
4617993	Том хочет знать, что произошло.	4617996	Tom tudni akarja, mi történt.
4617992	Я хочу увидеться со своими детьми.	4618004	Látni akarom a gyerekeimet.
4617988	Я правда только поговорить хочу.	4618019	Én valóban csak beszélgetni akarok.
4618011	Я только хотел с Томом поговорить.	4618038	Csak szeretnék Tommal beszélni.
4618006	Том, я спать хочу.	4618039	Aludni akarok, Tom.
4617998	Люди отказываются иметь детей по разным причинам.	4618041	Az emberek különböző okokból nem akarnak gyereket.
4617998	Люди отказываются иметь детей по разным причинам.	4618046	Az emberek különböző okokból elutasítják a gyerekvállalást.
4617979	Я рад, что я в тебе не ошибся.	4618056	Örülök, hogy nem csalódtam benned.
4617979	Я рад, что я в тебе не ошибся.	4618057	Örülök, hogy nem tévedtem veled kapcsolatban.
4617977	Я должен оставить машину здесь.	4618058	Itt kell hagynom az autót.
4617947	Ну-с, молодой человек, мы слушаем.	4618063	Nos, fiatalember, hallgatjuk.
4617946	Мы хотим это услышать.	4618065	Ezt meg akarjuk hallgatni.
4617945	Я хочу яблоко.	4618067	Almát akarok.
4617841	Я бы взял жёлтый.	4618088	A sárgát választanám.
4617835	Хоть бы он смог прийти! Я хотел бы его видеть.	4618114	Bárcsak el tudna jönni! Szeretném őt látni.
3122983	Я градостроитель.	4630180	Várostervező vagyok.
4424051	Время закругляться.	4631512	Ideje lelépni.
4635009	Скажи ему, что я не буду этого делать.	4635660	Mondd meg neki, hogy én ezt nem fogom megcsinálni.
4638242	Где ты будешь 1 января 2016 года?	4638999	Hol leszel 2016. január 1-jén?
4639075	Я живу в Новой Зеландии.	4639114	Új-Zélandon lakom.
4675648	А как он мог сделать это?	4676376	És hogyan tudta megcsinálni?
4677978	Том не знает, о чём говорит.	4677985	Tom nem tudja, miről beszél.
4677978	Том не знает, о чём говорит.	4677990	Tom nem tudja, mit beszél.
4674955	У нашего отца много книг.	4682346	Édesapánknak sok könyve van.
4682340	Бостон далеко?	4682349	Messze van Boston?
4680709	Думаю, он компетентный человек.	4682625	Azt gondolom, ő a megfelelő ember.
4682093	Мне нравятся эти.	4683312	Tetszenek ezek.
4683822	Ты сегодня Тома в школе видел?	4683836	Láttad ma Tomot az iskolában?
4688106	Том хочет быть успешным.	4688110	Tom sikeres akar lenni.
3750526	Никто не видел Тома?	4691633	Senki sem látta Tomot?
572346	Сегодня мало клиентов.	4691772	Ma kevés az ügyfél.
447252	Извините, вы объясните мне значение этого предложения?	4691891	Elnézést, meg tudja nekem magyarázni, hogy mit jelent ez a mondat?
2279456	Том ни с кем не разговаривает.	4694886	Tom senkivel sem beszél.
4694311	В моей стране этого слова произносить нельзя!	4698051	Ezt a szót hazámban nem lehet kiejteni!
4694311	В моей стране этого слова произносить нельзя!	4698054	Ezt a szót az én országomban nem lehet kiejteni!
4698053	Я уже три месяца в разводе.	4698062	Én már három hónapja elváltam.
934140	За многие годы он написал три книги.	4698180	Az évek során írt három könyvet.
692444	Он знает о джазе всё, что только можно.	4698221	Mindent tud a dzsesszről, amit csak lehet.
4699555	У меня нет родины.	4699567	Nekem nincs hazám.
1549522	У Тома есть машина.	4699596	Tomnak van autója.
3457160	Вчера было солнечно.	4699614	Tegnap napsütéses idő volt.
3460773	Я действительно горжусь тобой.	4709249	Tényleg nagyon büszke vagyok rád.
4719159	Она не выпила молоко.	4720866	Nem itta meg a tejet.
4684157	Я охотно пойду с вами.	4740153	Szívesen megyek veletek.
3203431	Я не знал о твоём плане.	4744327	Nem tudtam a tervedről.
4744287	"Интересно, дождь перестал?" - "Надеюсь".	4744541	- Kíváncsi vagyok, hogy elállt-e az eső. - Remélem.
4748986	Мы сегодня ещё носа на улицу не высовывали.	4749061	Mi ma még ki se dugtuk az orrunkat az utcára.
3216428	Она думает, что детей находят в капусте.	4754532	Azt gondolja, hogy a gyerekeket a gólya hozza.
2798537	Эти часы принадлежали твоему дедушке.	4757626	Ez az óra a nagypapádé volt.
4541027	Никто не знал, где она.	4791206	Senki sem tudta, hol van.
4794222	Это место открыто для всех.	4794231	Ez a hely mindenki számára nyitva van.
4794222	Это место открыто для всех.	4794233	Ez a hely mindenki számára nyitva áll.
4445808	Том твой сын?	4795224	Tom a te fiad?
4782391	В холодильнике есть йогурт.	4795277	A hűtőszekrényben van joghurt.
2125418	Ты сонный все время, потому что слишком много работаешь.	4795644	Azért vagy mindig álmos vagy, mert túl sokat dolgozol.
3882867	Том быстро позавтракал.	4799766	Tomi gyorsan megreggelizett.
4827985	Я сказал, что буду тебя ждать.	4827992	Mondtam, hogy várni fogok rád.
4829927	Доктор, мне можно пить пиво?	4829937	Doktor, szabad nekem sört inni?
4839367	Я хочу дать это им.	4839383	Ezt nekik akarom adni.
4834888	Никто не живёт в этом доме. Все мертвы.	4839731	Senki sem él ebben a házban. Mindenki meghalt.
4841140	Том не читает и не пишет.	4841146	Tom nem olvas és nem ír.
4866061	Он сел к столу, чтобы покушать.	4867697	Leült az asztalhoz, hogy egyen.
3261279	Думаю, мне повезло.	4867862	Úgy gondolom, hogy szerencsém volt.
4281592	Том любит играть на гитаре, а петь не любит.	4868650	Tomi szeret gitározni, viszont énekelni nem.
2876121	У него уже есть код!	4868866	Már megvan neki a jelszó.
397217	Обычно я иду домой в четыре.	4871256	Általában négykor megyek haza.
4694176	Я хотел заплатить.	4887586	Én akartam fizetni.
4887678	Это отель, а не бордель.	4887682	Ez egy szálloda, nem egy bordélyház.
3932470	У тебя уже есть долги?	4891204	Van már adósságod?
425655	Мой отец скоро поправится.	4891373	Apám hamarosan talpra fog állni.
3431745	Том работает так быстро, как может.	4891375	Tom olyan gyorsan dolgozik, ahogy tud.
3431744	Том работает так быстро, как только может.	4891376	Tom olyan gyorsan dolgozik, ahogy csak tud.
4893230	Мне надо узнать, где Том работает.	4893368	Meg kell tudnom, hol dolgozik Tom.
4897328	Она не сказала мне, как её зовут.	4899948	Nem mondta meg nekem, hogy hívják.
4905153	Когда вы узнали о том, что произошло?	4905266	Mikor tudták meg, hogy mi történt?
4905153	Когда вы узнали о том, что произошло?	4905268	Mikor szereztek tudomást a történtekről?
1936218	Она выглядела печальной и покинутой.	4907779	Bánatosnak és magányosnak tűnt.
4909245	Одна девушка не знала, что она несчастлива, и прожила долгую и счастливую жизнь.	4909926	Egy lány nem tudta, hogy ő boldogtalan, és egy hosszú és boldog életet élt meg.
4909916	Вчера мы купили себе котёнка, ты его не видела?	4911851	Tegnap vettünk egy kiscicát, nem láttad?
2749626	Я знала твоего отца.	4922236	Én ismertem az édesapádat.
2773854	Я не люблю холод.	4925957	Nem szeretem a hideget.
4923720	Ты понимаешь, что причиняешь неудобство окружающим?	4926023	Nem gondolod, hogy a többiek terhére vagy?
4924543	Снаружи холодно, поэтому он зашёл в комнату.	4926036	Hideg van odakinn, ezért bejött ő a szobába.
469720	О, Боже мой!	4926429	Jaj, Istenem!
469720	О, Боже мой!	4926434	Ó, istenkém!
4929529	Скажи Тому, что у меня нет его денег.	4929537	Mondd meg Tominak, hogy nincs nálam a pénze.
3761094	Что сказал Том?	4930061	Mit mondott Tom?
3495866	Что Том сказал?	4930065	Tom mit mondott?
4532569	Я думал, ты не хочешь об этом говорить.	4931205	Azt gondoltam, hogy nem akarsz erről beszélni.
4920435	У Тома горло болит.	4933278	Tominak fáj a torka.
2153676	Он забыл покормить собаку.	4933293	Elfelejtett enni adni a kutyának.
2881051	Не разговаривайте!	4935619	Ne beszélgessetek!
3892812	Простите, пожалуйста!	4937502	Bocsássatok meg, kérlek!
3892812	Простите, пожалуйста!	4937509	Bocsásson meg, kérem!
3892812	Простите, пожалуйста!	4937510	Bocsássanak meg, kérem!
4943397	За зимой приходит весна.	4943806	A telet a tavasz követi.
4943397	За зимой приходит весна.	4943809	A télre a tavasz következik.
4943397	За зимой приходит весна.	4943810	A telet a tavasz váltja fel.
4944641	Ленин — жил, Ленин — жив, Ленин — будет жить!	4944642	Lenin élt, Lenin él, Lenin élni fog!
3656773	Она спросила, на скольких языках я говорю.	4944961	Megkérdezte, hány nyelvet beszélek.
4954883	Джон сказал, что встретил этого человека на конференции.	4954892	János mondta, hogy ezzel az emberrel a konferencián találkozott.
4957751	У него хорошая карма.	4957758	Jó a karmája.
4957755	Сколько книг ты прочёл?	4957761	Mennyi könyvet olvastál el?
4961998	Крокодил плачет.	4962007	Sír a krokodil.
4963905	Этого не достаточно.	4963919	Ez nem elegendő.
4964042	Жена Тома умерла три года назад.	4964049	Tom felesége három éve halt meg.
1438415	Посмотри назад!	4966236	Nézz hátra.
4969356	Всё это я уже слышал, и не один раз.	4969820	Mindezt én már hallottam, és nem egyszer.
4969356	Всё это я уже слышал, и не один раз.	4969823	Ezt mind már hallottam, és nem egyszer.
4970479	Жизнь была бы невозможна без солнечного света.	4970486	Az élet nem lenne lehetséges napfény nélkül.
4970480	Если бы не солнечный свет, жизнь была бы невозможна.	4970490	Ha nem lenne napfény, nem lehetne élet.
468330	Я гулял, пока не устали ноги.	4974383	Gyalogoltam, amíg a lábam bírta.
4976610	Том сказал, что ты можешь помочь.	4976655	Mondta Tomi, hogy tudsz segíteni.
4976562	О какой девушке ты говоришь?	4976703	Milyen lányról beszélsz te?
4976552	Можно мне молока с печеньем?	4976706	Kérhetek süteményt és tejet?
4976542	Ты в последнее время с Томом не разговаривала?	4976711	Beszéltél az utóbbi időben Tommal?
4976512	Я купил это для отца.	4976715	Ezt apunak vettem.
4976510	Я купил её для сестры.	4976717	Ezt a nővéremnek vettem.
4976510	Я купил её для сестры.	4976718	Ezt a húgomnak vettem.
4978164	Она не похожа на маму.	4978186	Nem hasonlít az anyjára.
4982612	Я уже много лет не работаю.	4982639	Már sok éve nem dolgozom.
4982737	Какой длинный мост!	4982739	Milyen hosszú híd!
4982735	Вы там когда-нибудь бывали?	4982746	Volt már ott valamikor?
4982734	Ты там когда-нибудь бывал?	4982750	Voltál már ott valamikor?
4991678	Сколько книг вы прочли в прошлом году?	4992393	Hány könyvet olvastál el az előző évben?
4991678	Сколько книг вы прочли в прошлом году?	4992394	Mennyi könyvet olvastál ki tavaly?
4992687	Майкл уже взрослый, а всё ещё живёт с матерью.	4994510	Mihály már felnőtt, de még mindig az édesanyjánál lakik.
1670257	Я люблю смотреть телевизор.	5051893	Szeretek tévézni.
5053667	Я этого не хотел!	5053668	Én ezt nem akartam!
505349	Что мне с этим делать?	5053701	Mit csináljak ezzel?
5053918	Я не хочу ничего сладкого.	5053927	Nem akarok semmi édeset.
5053923	Тому нужно знать, где Мэри.	5053932	Tomnak tudnia kell, hol van Mary.
5053940	Я не хотел смерти Тома.	5053946	Nem akartam, hogy Tom meghaljon.
444419	Что с ним случилось?	5079876	Mi lett vele?
641128	Они тоже приходят?	5085749	Ők is jönnek?
4282350	Утка крякает.	5091992	Kacsa mondja: Háp-háp!
4072792	Мяу.	5092060	Miáú.
4539285	Осёл ревёт.	5092084	Bőg a szamár.
4539285	Осёл ревёт.	5092085	A szamár bőg.
2196242	Любовь — великий учитель.	5097398	A szerelem nagy tanító.
3597018	Он сделал в точности то, что я ему сказал.	5099802	Pontosan azt tette, amit mondtam neki.
5077385	Мне нужны очки для чтения.	5099806	Olvasáshoz kell nekem a szemüveg.
5077386	Это может означать войну.	5099807	Ez lehet, hogy háborút jelent.
5077388	Мэри появилась в школе в элегантном платье.	5099809	Mari egy elegáns köpenyben jelent meg az iskolában.
1912845	Я пьяный, но пока ещё в состоянии говорить по-немецки.	5104213	Részeg vagyok, de még tudok németül beszélni.
470580	Я не мог решить, какую дорогу выбрать.	5110334	Nem tudom eldönteni, melyik utat válasszam.
5111345	Дети - наше будущее.	5111351	A gyerekek a jövőnk.
5111343	Том ждал Мэри снаружи.	5111352	Tomi kint várta Marit.
5111347	Том показал нам, как это делать.	5111353	Tomi megmutatta nekünk, hogyan kell csinálni.
5117320	Я всегда мечтал иметь много детей.	5117972	Mindig arról álmodtam, hogy sok gyerekem lesz.
5117322	Нет, не дам.	5117976	Nem, nem adom.
587505	Солнце ослепительно сверкало.	5118490	A nap káprázatosan ragyogott.
587507	Поначалу работать на новом компьютере для меня было слишком трудно.	5118500	Számomra nagyon nehéz volt az új számítógépen dolgozni.
2053838	Я не знаю, как далеко это может зайти. Я даже не знаю, могу ли я тебе доверять.	5119782	Nem tudom, hogy ez meddig mehet. Még azt sem tudom, hogy bízhatok-e benned.
5119931	Учитель учит.	5119933	A tanár tanít.
5123573	Можно прожить сто лет, если отказаться от того, из-за чего стоит прожить сто лет.	5123867	Száz évet is meg lehet élni, ha lemondasz arról, amiért érdemes száz évet élni.
5124894	Ты действительно не понимаешь.	5124935	Te valóban nem érted.
5124896	Поезд остановился.	5124937	Megállt a vonat.
5124930	Будь у тебя миллион, что бы ты сделал?	5124940	Mit tennél, ha lenne egy milliód?
5124888	Том больше здесь не работает.	5124949	Tomi többé nem dolgozik itt.
5124885	Я дал Тому слово.	5124950	A szavamat adtam Tominak.
5124876	Том сам ответил на свой вопрос.	5124953	Tomi megválaszolta a saját kérdését.
1525161	Тетрадь не твоя, а его.	5125142	A füzet nem a tiéd, hanem az övé.
5130716	У пары были дети.	5130732	A párnak gyerekei voltak.
417339	Он пошёл туда, чтобы помочь мусорщикам мирно бастовать для повышения зарплаты и улучшения условий труда.	5134740	Ő azért ment oda, hogy a kukásoknak segítsen békésen tüntetni a magasabb bérekért és a jobb munkakörülményekért.
5136172	Меня не интересует, что думает Том.	5136251	Engem nem érdekel, mit gondol Tomi.
5136129	Вы уверены, что хотите это знать?	5136255	Biztos, hogy tudni akarja?
5136122	Я не уверен, что делаю это правильно.	5136260	Nem vagyok benne biztos, hogy jól csinálom-e.
5138152	Надеюсь, вы завтра придёте.	5138164	Remélem, eljössz holnap.
5141907	Хочу иметь ребёнка от тебя.	5143217	Babát szeretnék tőled.
5153815	Том что-то потерял.	5153821	Tomi elveszített valamit.
5153816	Том везде был.	5153825	Tomi mindenhol volt.
2985489	Дом в плохом состоянии.	5157003	Le van pukkanva a ház.
3003071	Ты не в состоянии.	5157004	Nem vagy abban az állapotban.
3068580	Он в шоковом состоянии.	5157005	Sokkos állapotban van.
3540694	Его состояние здоровья стабильное.	5157009	Kielégítő a fizikai állapota.
3540694	Его состояние здоровья стабильное.	5157010	Stabil az állapota.
3540698	Состояние его здоровья критическое.	5157012	Kritikus a fizikai állapota.
3891519	Дорога в плохом состоянии.	5157016	Rossz állapotú az út.
2062561	Положение критическое.	5157019	Válságos a helyzet.
3275609	Положение безнадёжное.	5157028	Kilátástalan a helyzet.
4100669	Положение катастрофическое.	5157030	Lesújtó a helyzet.
4100669	Положение катастрофическое.	5157031	A helyzet katasztrofális.
4438844	Положение серьезное.	5157033	Komollyá váltak a dolgok.
4438844	Положение серьезное.	5157034	Most már nem babra megy a játék.
2938623	Положение очень серьёзное.	5157037	A helyzet nagy komolyságot igényel.
2938623	Положение очень серьёзное.	5157038	A helyzet nagyon-nagyon komoly.
2985489	Дом в плохом состоянии.	5157039	Le van pusztulva a ház.
4651993	Это не вам.	5161847	Ez nem nektek szól.
4902524	Вопрос в том, прочтет ли он письмо или нет.	5170834	A kérdés az, el fogja-e olvasni a levelet.
4902528	Я с удовольствием слушаю русскую речь.	5170836	Szeretek orosz beszédet hallgatni.
4902531	Я не хочу тебя больше мучить.	5170838	Nem akarlak tovább kínozni.
4902533	Она вышла замуж в 17 лет.	5170840	17 évesen házasodott meg.
4890737	Вы думаете, что Том счастлив?	5171865	Gondolja, hogy Tom boldog?
5171871	Я не понял, что это значит.	5171875	Nem értettem, hogy ez mit jelent.
3875117	Смотри не пей слишком много!	5181642	Vigyázz, ne igyál túl sokat!
5191832	Я никогда не была красавицей.	5191835	Soha sem voltam egy szépség.
645847	Хватит, я говорю.	5227549	Azt mondom, elég!
1805619	Мой рассказ полностью обнажит мою душу перед вашими глазами.	5227864	A történetem a szemetek láttára teljesen lemeztelenítette a lelkemet.
5227976	Свиньи не могут летать.	5227978	A sertések nem tudnak repülni.
5233906	Это девушка Тома?	5233910	Ez Tomi nője?
5233906	Это девушка Тома?	5233912	Ez Tomi csaja?
5233906	Это девушка Тома?	5233913	Ez Tomi barátnője?
2705002	Ты мой друг?	5235532	A barátom vagy?
5236704	Знаешь, где я?	5236708	Tudod, hol vagyok?
1576193	Красивая девушка в бикини бросалась в глаза всем на пляже.	5236818	Egy jó nő bikiniben vonzotta magához a pillantásokat a strandon.
5236831	«Ну и как тебе Мэри?» — «Что-то не очень».	5236832	- Na és hogy vagy, Mari? - Nem valami jól.
5236830	Том сказал мне, что ты болен.	5236833	Azt mondta nekem tomi, hogy beteg vagy.
2241905	По-моему, решить эту проблему легко.	5236835	Szerintem könnyű megoldani ezt a problémát.
4359960	Мой отец не только курит, но и пьёт.	5238107	Apám nem csupán dohányzik, hanem iszik is.
4359960	Мой отец не только курит, но и пьёт.	5238108	Apám nem csak cigizik, de iszik is.
5238101	Я спросил о своей сестре.	5238110	A nővére felől kérdeztem.
5238101	Я спросил о своей сестре.	5238111	A húga után érdeklődtem.
5238102	У неё тоже хорошая память.	5238112	Jó az emlékezőképessége is.
5238102	У неё тоже хорошая память.	5238113	A memóriája is jó.
5238572	"В Париж, — сказал Том, — в Париж я поеду на велосипеде".	5238614	- Párizsba, - mondta Tomi - Párizsba megyek biciklivel.
3098473	У меня есть инструмент.	5243425	Van szerszámom.
2399144	Моей бабушке семьдесят пять лет.	5243445	Nagyanyám 75 éves.
5244229	К утру туман рассеялся, и долина хорошо просматривалась.	5246513	Reggelre felszállt a köd, és jó kilátás tárult a völgyre.
5238513	Мэри бесит, что Том не замечает, что она его игнорирует.	5246520	Máriát bosszantja, hogy Tomi észre sem veszi, hogy őt nem érdekli Tomi.
4471932	Иллюстрации в книге очень хорошие.	5246751	Nagyon jók az illusztrációk a könyvben.
1570446	Они вступили в дискуссию.	5248497	Tárgyalásba fogtak.
3933446	На мужчинах рубашки с короткими рукавами.	5249089	A férfiak rövid ujjú inget viselnek.
2727072	Ты знаешь, кто я?	5249116	Tudod te, ki vagyok én?
4395630	Куда пойдём сегодня вечером?	5250449	Hová megyünk ma este?
5253765	Я не хотел там работать.	5253767	Nem akartam ott dolgozni.
5253765	Я не хотел там работать.	5253768	Én nem akartam ott dolgozni.
3096960	Какие симптомы?	5254866	Milyen tünetek vannak?
5256401	Мэри позвонила Тому, но он не захотел с ней разговаривать.	5256556	Mari felhívta Tomit, pedig nem akart vele beszélgetni.
5246164	Я был в Канаде.	5259488	Kanadában voltam.
5259235	Я хочу быть хорошим отцом.	5261308	Jó apa akarok lenni.
5259235	Я хочу быть хорошим отцом.	5261309	Azt akarom, hogy jó apa legyek.
5261657	Так мама сказала.	5261661	Ezt mondta anya.
2781993	Я думаю, это Вы должны перед ней извиниться.	5265860	Úgy hiszem ön az akinek bocsánatot kellene kérni tőle.
1805619	Мой рассказ полностью обнажит мою душу перед вашими глазами.	5267589	A történetem teljesen lecsupaszítja a lelkemet előttetek.
5271289	Я хочу посмотреть, как Том играет в гольф.	5273004	Szeretném megnézni Tomit, ahogyan golfozik.
4980012	Что ты делаешь этим летом?	5273052	Mit csinálsz ezen a nyáron?
2638230	В Сингапуре говорят по-английски.	5273081	Szingapúrban beszélnek angolul.
1518826	Он живёт в квартире.	5277966	Lakásban lakik.
3111847	Каждый из этих лифтов может поднять десять человек.	5278490	Mindegyik felvonó ezek közül tíz személyt szállíthat.
3892673	Я не хочу, чтобы кто-то обнаружил, где мы закопали сокровища.	5278577	Nem akarom, hogy valaki megtalálja, hova ástuk el a kincset.
3682154	Она не звонила с тех пор, как уехала в Лондон.	5282573	Nem hívott azóta, hogy elment Londonba.
4982451	Можешь назвать несколько хороших израильских фильмов?	5286073	Tudnál mondani néhány jó izraeli filmet?
5286093	Я не хочу быть его другом.	5286101	Én nem akarok a barátja lenni.
3260791	Где ваш дядя?	5286292	Hol van a bátyád?
3265351	Я слышал, что ты сказал.	5286313	Hallottam, hogy mit mondtál.
1799335	Ему потребовалось несколько недель, чтобы оправиться от шока.	5286327	Kellet neki néhány hét, hogy kiheverje a sokkot.
1945060	Он не знает, что ответить.	5289319	Nem tudja, mit válaszoljon.
2832019	У Тома есть три старших брата.	5295795	Tomnak három bátyja van.
1313125	Он закончил свою работу.	5298889	Ő befejezte a munkáját.
5143643	Я её там видела.	5298945	Én őt ott láttam.
2321897	Ты не знаешь, где она?	5300361	Te nem tudod, hol van ő?
4068119	Что ты думаешь?	5301522	Mit gondolsz?
2801532	Они нужны мне здесь.	5302667	Itt van szükségem rájuk.
5294246	Вы могли бы порекомендовать недорогой ресторан?	5303767	Tudna ajánlani egy nem drága éttermet?
5294246	Вы могли бы порекомендовать недорогой ресторан?	5303769	Tudna ajánlani egy olcsó éttermet?
5306973	Мы идём гулять?	5306982	Megyünk sétálni?
2070831	Я тебя не видел.	5307145	Téged nem láttalak.
2070831	Я тебя не видел.	5307148	Én téged nem láttalak.
5310738	Вы его узнаёте?	5310759	Megismeri őt?
5310737	Ты его узнаёшь?	5310760	Megismered őt?
5310732	Как мы можем это доказать?	5310761	Hogyan tudjuk ezt bebizonyítani?
5310721	Я прождал Тома три часа, но он так и не пришёл.	5310763	Három órája vártam Tomot, de ő nem is jött el.
5310719	Вы не знали, что Том умеет играть на гитаре?	5310765	Nem tudta, hogy Tom tud gitározni?
5310718	Ты не знал, что Том умеет играть на гитаре?	5310766	Nem tudtad, hogy Tom tud gitározni?
5310712	Люди нуждаются во лжи.	5310768	Az embereknek szükségük van hazugságra.
5310711	Людям нужна ложь.	5310769	Az embereknek kell a hazugság.
5310702	Ты должен мне кое-что сказать.	5310770	Kell valamit mondanod nekem.
5310696	Для этого уже поздновато.	5310771	Ehhez már egy kicsit késő van.
1398076	Давайте вызовем врача.	5311501	Hívjatok orvost.
5313752	Сигаретные окурки — крупнейший источник мусора в мире.	5313789	A cigarettacsikk a legtöbb szemét forrása a világon.
5009141	Какой твой натуральный цвет волос?	5314146	Milyen a természetes hajszíned?
3532269	Я сейчас не могу говорить. Мне надо идти.	5315011	Most nem tudok beszélni. El kell mennem.
3048739	Это человек-легенда.	5315380	Ez az ember egy legenda.
1927815	Я не знаю, что он за человек.	5315932	Nem tudom, milyen ember ő.
5318116	«Не могу спать». — «Я тоже».	5318118	- Nem tudok aludni. - Én sem.
5318913	Привет, меня зовут Сергей.	5318918	Sziasztok! Én Szergej vagyok.
5318913	Привет, меня зовут Сергей.	5318919	Szia! A nevem Szergej.
4637414	Этот дом очень маленький.	5320945	Ez a ház nagyon kicsi.
4425821	Я могу пойти туда пешком.	5320964	Mehetek gyalog.
2939270	Антуан Лавуазье был французским химиком.	5320969	Antoine Lavoisier francia vegyész volt.
5321332	«Я не хочу есть, мама». — «Ешь! Иначе я тебя из дома не выпущу!»	5321339	- Anya, nem akarok enni! - Egyél, mert addig nem mehetsz ki a házból!
5040265	Я хотел бы начать.	5321899	Szeretném kezdeni.
468433	Сегодня было много звонков.	5323766	Ma sok telefonhívás volt.
2594075	Мне сегодня звонил Том.	5323843	Ma felhívott Tom.
2594075	Мне сегодня звонил Том.	5323844	Nekem ma telefonált Tom.
2770465	Мне сегодня звонили из школы.	5323857	Ma telefonáltak nekem az iskolából.
5023239	Тебе никто не может помочь.	5326539	Neked senki nem tud segíteni.
2679836	Ты не нуждаешься в моей помощи.	5328181	Nincs szükséged a segítségemre.
3056597	Том знает Мэри.	5328466	Tom ismeri Máriát.
3130570	У тебя есть дети?	5329126	Neked van gyereked?
3130570	У тебя есть дети?	5329129	Neked vannak gyerekeid?
5329304	Мы достойны доверия.	5329440	Mi méltók vagyunk a bizalomra.
5336241	Все знают, что Том это сделал.	5336253	Mindenki tudja, hogy ezt Tom csinálta.
5336241	Все знают, что Том это сделал.	5336258	Mindenki tudja, hogy Tom csinálta ezt.
3028423	Я хороший.	5336335	Én jó vagyok.
5336555	У тебя есть письмо.	5336558	Van egy leveled.
2806934	Я не думаю, что телевидение когда-либо заменит книги.	5342540	Nem gondolom, hogy a televízió valamikor helyettesíteni fogja a könyvet.
2285988	Права женщины - это права человека.	5344350	A nők jogai - ezek emberi jogok.
5344332	В этой комнате можно курить.	5344384	Ebben a szobában lehet dohányozni.
5348363	Мэри отвечает на вопрос учителя.	5348371	Mária válaszol a tanár kérdésére.
5348387	Я не знал, что Мэри замужем.	5348391	Nem tudtam, hogy Mária házas.
5348387	Я не знал, что Мэри замужем.	5348393	Én nem tudtam, hogy Mária házas.
5348387	Я не знал, что Мэри замужем.	5348395	Nem tudtam, hogy Máriának van férje.
5348483	Это не Ваш словарь?	5348486	Ez nem az ön szótára?
5350932	Она не ждет меня.	5350955	Ő nem engem vár.
5350817	Я был там целый день.	5351130	Egész nap ott voltam.
5350815	Я был там весь день.	5351132	Ott voltam egész nap.
4233737	Почему они не придут?	5351175	Miért nem jönnek?
4233737	Почему они не придут?	5351176	Ők miért nem jönnek?
5352675	Через двадцать минут я все напишу.	5352683	Harminc perc alatt mindent leírok.
619158	Мой папа любит мою маму.	5352720	A papám szereti a mamámat.
2999089	Ты грязная свинья!	5353186	Büdös disznó vagy!
5355386	Том работал с Мэри в супермаркете.	5355391	Tom dolgozott Máriával a szupermarketben.
5009508	Все мужчины были в шляпах.	5358478	Minden férfi kalapban volt.
4147448	Том не хочет жить в деревне.	5359117	Tom nem akar vidéken élni.
4147448	Том не хочет жить в деревне.	5359119	Tom nem akar falun élni.
5360325	Как долго будет длиться лечение?	5360343	Meddig tart a kezelés?
5360994	Когда начинается кинофестиваль?	5361020	Mikor kezdődik a filmfesztivál?
2029850	У тебя три машины.	5366082	Neked három autód van.
3659420	Его хорошо знают в нашей стране.	5367610	Őt jól ismerik hazánkban.
4085317	Я не пойду, вот и всё.	5376316	Nem megyek, ez minden.
1446208	А мне сказать нечего.	5377162	Nekem nincs semmi mondandóm.
5186594	Ты меня не убедил.	5380012	Nem győztél meg.
4766270	Мне не нравится голос Тома.	5382157	Nekem nem tetszik Tom hangja.
5384069	Я чувствую запах моря.	5386318	Érzem az óceán illatát.
5384615	Сейчас ты в безопасности.	5386393	Biztonságban vagy most.
2783182	У меня проблемы со зрением.	5393025	Látási problémáim vannak.
5396246	Том опоздает.	5396297	Tom késik.
5397635	Я прочел эту книгу за два дня.	5397691	Két nap alatt elolvastam ezt a könyvet.
1643933	Собака пытается убежать.	5398725	A kutya megpróbál elszökni.
3189797	Какую вы можете дать скидку?	5398930	Mennyi kedvezményt tud adni?
5399188	Он ушел из дома пять минут назад.	5399200	Öt perccel ezelőtt elment otthonról.
5408360	Я о тебе не говорил.	5408368	Én rólad nem beszéltem.
4043992	Я не о тебе говорил.	5408370	Én nem rólad beszéltem.
5411460	Хотите ещё?	5411465	Akartok még?
5222023	Вы говорите по-венгерски?	5421108	Beszél ön magyarul?
5421670	Ты не знаешь, кто это?	5421693	Te nem tudod, ki ez?
5422133	Я не знаю, что ты делаешь.	5422137	Én nem tudom, mit csinálsz.
5422133	Я не знаю, что ты делаешь.	5422139	Én nem tudom, hogy te mit csinálsz.
5422133	Я не знаю, что ты делаешь.	5422142	Nem tudom, mit csinálsz.
5422133	Я не знаю, что ты делаешь.	5422145	Nem tudom, hogy te mit csinálsz.
4600941	Тебя зовут Том?	5424994	Téged hívnak Tomnak?
5428287	Кто видел мою книгу?	5428291	Ki látta a könyvemet?
1436722	Том не говорит по-французски.	5428889	Tom nem beszél franciául.
1777881	В этой деревне прошло моё детство.	5429376	Ebben a faluban töltöttem a gyerekkoromat.
3321639	Вы говорите по-русски?	5429614	Önök beszélnek oroszul?
5220124	Я хочу всё увидеть.	5429999	Szeretnék látni mindent.
499291	Весь день была хорошая погода.	5435940	Egész nap szép idő volt.
3040250	Мы этого не делаем.	5436333	Mi ezt nem csináljuk.
5451365	Том сделал себе новый паспорт?	5451560	Csináltatott Tom magának új útlevelet?
5451295	Я хотел бы больше о тебе знать.	5451608	Szeretnék többet tudni rólad.
5451295	Я хотел бы больше о тебе знать.	5451610	Szeretnék rólad többet tudni.
5455085	Это мы уже слышали.	5455742	Ezt mi már hallottuk.
3714769	Мы это уже слышали.	5455744	Mi ezt már hallottuk.
659981	Это моя сумка.	5455882	Ez az én táskám.
3163417	Это моё место.	5455898	Itt én ülök!
5462199	Я думала, что Том ещё дома.	5462204	Azt hittem, Tomi már otthon van.
5462199	Я думала, что Том ещё дома.	5462205	Azt hittem, Tomi már otthon lesz.
5462599	Нам нужно сделать это немедленно.	5462605	Ezt azonnal meg kell csinálnunk.
5466656	Я не покупаю журналы и газеты.	5466662	Én nem vásárolok újságokat és folyóiratokat.
5134214	Я этого не хочу.	5467006	Én ezt nem akarom.
2435859	Все, что я могу делать, - это ждать.	5475797	Minden, amit tehetek, a várakozás.
430564	На этот вопрос ответить легко.	5481898	Erre a kérdésre könnyű válaszolni.
5081710	Всегда.	5490647	Mindig.
5371169	Том звонит Мэри каждый вечер.	5505036	Tom minden este telefonál Máriának.
5512844	Суп на плите. Котлеты в холодильнике. Мама.	5513205	Leves a tűzhelyen. Kotlett a hűtőben. Anya
5513904	Том говорит, что это не он сделал.	5513915	Tom azt mondja, hogy ezt nem ő tette.
5513904	Том говорит, что это не он сделал.	5513926	Tom azt mondja, hogy ezt nem ő csinálta.
5190183	Том раньше курил, но теперь не курит.	5513960	Tom korábban dohányzott, de most nem dohányzik.
5520674	Я слышу, как она поёт.	5520703	Hallom, hogy énekel.
5520674	Я слышу, как она поёт.	5520707	Hallom, hogy ő énekel.
5520672	Я слышу, как она смеётся.	5520712	Hallom, hogy nevet.
5520672	Я слышу, как она смеётся.	5520715	Hallom, hogy ő nevet.
5520594	Мне очень важно поговорить с Томом.	5520797	Nekem nagyon fontos beszélni Tommal.
5522579	Нам надо закончить к половине третьего.	5522618	Nekünk fél háromig végeznünk kell.
2796768	Стая волков напала на путешественника.	5525630	Egy falkányi farkas támadt az utazóra.
5526298	Пожалуйста, не помогай Тому.	5526304	Kérlek, ne segíts Tomnak.
5190975	Это мне не помогает.	5537946	Ez nekem nem segít.
5540765	В нашем городе Тома знают все.	5540977	A mi városunkban Tomot mindenki ismeri.
5505177	Лучше смеяться, чем плакать.	5540986	Inkább nevetek, mint sírok.
5540763	Это единственная немецкая фраза, которую я знаю.	5541019	Ez az egyetlen német mondat, amit tudok.
3045157	Том ждёт меня.	5542261	Tom vár engem.
3045157	Том ждёт меня.	5542262	Tom vár rám.
5552939	Я слышал, как ты пела.	5552950	Hallottam, ahogy énekelsz.
5552939	Я слышал, как ты пела.	5552951	Hallottalak énekelni.
5552939	Я слышал, как ты пела.	5552953	Hallottam, hogy énekelsz.
5553665	Сколько времени сейчас в Париже?	5553667	Mennyi az idő most Párizsban?
1655987	Я хочу куклу, новый велосипед... и мир во всём мире!	5553857	Szeretnék egy babát, egy új biciklit ... és békét az egész világon!
5559230	Как долго ты куришь?	5559231	Mióta szívod a cigarettát?
5559230	Как долго ты куришь?	5559232	Mióta cigizel?
5561597	Ты видел, что произошло?	5561599	Láttad, mi történt?
3562119	Он порой приходит меня проведать.	5564349	Néha meglátogat.
891510	Давай прогуляемся.	5575679	Gyerünk sétálni!
5577460	Я уже дописал письмо.	5578941	Megírtam már a levelet.
2590355	Я не хочу спать.	5580719	Én nem akarok aludni.
4489593	Когда ты потерял свои часы?	5580918	Mikor hagytad el az órád?
4489593	Когда ты потерял свои часы?	5580923	Mikor vesztetted el az órádat?
5584702	Том, конечно, не ожидал, что выиграет.	5584716	Tomi természetesen nem várta, hogy nyerni fog.
3217136	Подождите до завтра.	5585105	Várjon holnapig.
5588815	Я на связи с Томом.	5589437	Kapcsolatban vagyok Tommal.
5588815	Я на связи с Томом.	5589438	Van kapcsolatom Tommal.
1656086	Они часто ездят на пикники на велосипеде.	5596031	Gyakran járnak piknikre kerékpárral.
4687326	Том знает номер телефона Мэри.	5597257	Tom tudja Mary telefonszámát.
4687326	Том знает номер телефона Мэри.	5597258	Tom ismeri Mary telefonszámát.
5601159	Я работаю в Макдональдсе.	5601164	A McDonald's-nál golgozom.
5601159	Я работаю в Макдональдсе.	5601167	McDonald's-ban dolgozom.
5601152	Этот велосипед не твой.	5601179	Ez a bicikli nem a tiéd.
5601152	Этот велосипед не твой.	5601182	Ez nem a te kerékpárod!
5601131	Я пью 1,7 литра воды в день.	5601192	Naponta 1,7 liter vizet iszok meg.
5609379	Я видел, что вы смотрите.	5609388	Láttam, hogy figyeltek.
5618270	Что вы вчера хотели мне сказать?	5618276	Mit akartatok mondani nekem az este?
4279433	Сегодня я не работаю.	5619383	Ma én nem dolgozom.
5625539	Кто хочет задать вопрос?	5625543	Kinek van kérdése?
5625539	Кто хочет задать вопрос?	5625544	Akar valaki kérdést feltenni?
4336502	Мэри вздохнула и пошла собирать вещи.	5626152	Mária sóhajtott egyet és nekiállt összecsomagolni.
5291319	Внешность порой обманчива.	5626160	A külső néha csalóka.
4941028	Том думал, что Африка — это страна.	5626162	Tom úgy gondolta, hogy Afrika egy ország.
4874175	Том говорит, что дело неотложно.	5626168	Tom azt mondja, hogy az ügy halaszthatatlan.
4197749	Это скорый поезд. Он не будет делать много остановок.	5626199	Ez gyorsvonat. Nem sok helyen fog megállni.
3944821	Я был спокоен, пока не увидел шприц.	5629047	Nyugodt voltam, amíg nem láttam meg az injekciót.
5631278	Нельзя вот так взять и уйти.	5631465	Nem lehet csak úgy egyszerűen elmenni.
5631279	Я не могу вот так взять и всё бросить.	5631469	Nem tudok csak úgy egyszerűen mindent elvetni.
2261036	Его ждёт большое будущее.	5635753	Szép jövő előtt áll.
2261036	Его ждёт большое будущее.	5635754	Szép jövő elé néz.
2261036	Его ждёт большое будущее.	5635755	Szép jövő vár rá.
5630308	Благодарю бога за то, что я атеист.	5638289	Megköszönöm Istennek, hogy ateista vagyok.
4311615	Разрежь это на две части.	5639772	Vágd el ketté!
4311615	Разрежь это на две части.	5639773	Vágd el két részre.
5639764	Жена моего отца — моя мать и бабушка для моих детей.	5639778	Apám felesége nekem az anyám és a gyermekeimnek a nagymamája.
5641170	Я планирую стать врачом, когда вырасту.	5641178	Az a tervem, hogy orvos leszek, ha felnövök.
5641164	Том очень быстро поправился.	5641192	Gyorsan felépült Tomi.
5641164	Том очень быстро поправился.	5641195	Tomi nagyon gyorsan meggyógyult.
5641154	Ты швед.	5641206	Te svéd vagy.
5641141	Я думаю, в его методах обучения есть как хорошие, так и плохие стороны.	5641227	Úgy vélem, a tanítási módszerének van jó, úgymint rossz aspektusa.
5655900	Одна буква лишняя.	5655931	Az egyik betű fölösleges.
418505	Я не понимаю, что означает этот знак.	5659134	Én nem értem, mit jelent ez a jel.
1872372	Ты любишь готовить?	5660509	Szívesen főzöl?
1872372	Ты любишь готовить?	5660510	Szeretsz főzni?
5661226	Том хочет нас видеть.	5661227	Tom akar minket látni.
5661226	Том хочет нас видеть.	5661228	Tom látni akar minket.
2524988	Том хочет видеть нас.	5661229	Tom akar látni minket.
5661356	Я хочу, чтобы ты вышел.	5661359	Azt akarom, hogy elmenj.
3478725	Ты любила Тома?	5664370	Szeretted Tomot?
5664468	А ты откуда знаешь?	5664480	És te honnan tudod?
5672021	Я работаю сегодня вечером.	5672030	Ma este dolgozom.
5672033	Вы поедете на бал?	5672041	Bálba mentek?
5672462	Я фильм не смотрел и не хочу.	5672757	Nem láttam a filmet és nem is akarom megnézni.
5672827	Кто это решил?	5672829	Ki döntött így?
5672819	Я ваш капитан.	5672830	Én vagyok a kapitányuk.
5672823	Можно мне пойти на улицу?	5672849	Ki szabad mennem az utcára?
5672823	Можно мне пойти на улицу?	5672850	Kimehetek?
5672821	Оставьте бутылку.	5672865	Hagyja az üvegeket.
5672817	Том действительно болен?	5672884	Tényleg beteg Tomi?
5672816	Том действительно занят?	5672886	Tényleg nem ér rá Tomi?
5672861	Том готов идти?	5672916	Indulásra készen áll Tomi?
5672852	Мы знаем, какой Том.	5672921	Mi tudjuk, hogy milyen Tomi.
5672852	Мы знаем, какой Том.	5672924	Ismerjük Tomit.
5672852	Мы знаем, какой Том.	5672928	Tudjuk, milyen Tomi.
5672852	Мы знаем, какой Том.	5672931	Nekünk nem kell bemutatni Tomit.
5672846	Оставьте их там.	5672965	Hagyja ott.
5672844	Это тоже хорошо.	5672966	Ez is jó.
5672844	Это тоже хорошо.	5672967	Ez szintén jó.
5672844	Это тоже хорошо.	5672971	Ez ugyanúgy jó.
4320536	Я единственный, кто понимает Тома.	5688971	Én vagyok az egyedüli, aki megérti Tomot.
4320536	Я единственный, кто понимает Тома.	5688974	Egyedül én vagyok, aki megérti Tomot.
4320536	Я единственный, кто понимает Тома.	5688975	Egyedül én vagyok az, aki megérti Tomot.
5692708	Она часто сидит там и читает книгу.	5692890	Ő gyakran ül ott és egy könyvet olvas.
5692708	Она часто сидит там и читает книгу.	5692894	Ő gyakran ül ott és olvas egy könyvet.
5692708	Она часто сидит там и читает книгу.	5693315	Gyakran ül ott és könyvet olvas.
5693647	Ты сейчас свободна?	5693650	Szabad vagy most?
5693647	Ты сейчас свободна?	5693651	Ráérsz most éppen?
5693837	Мне позвонила подруга.	5695698	Felhívott a barátnőm.
5699472	Дайте Тому минуту.	5699485	Adj Tominak egy percet...
5700273	Я просто не хочу больше это делать.	5700276	Csak arról van szó, hogy tovább már nem akarom ezt csinálni.
4739903	Том на этой неделе работает в ночную смену.	5723548	Tomi ezen a héten éjszakás.
492808	Мне тоже это не нравится.	5773658	Nekem sem tetszik.
492808	Мне тоже это не нравится.	5773659	Nekem sincs ínyemre.
492808	Мне тоже это не нравится.	5773661	Én sem vagyok ettől elragadtatva.
492808	Мне тоже это не нравится.	5773662	Én sem vagyok oda érte.
3519114	Если не хотите сделать это для Тома, сделайте это для меня.	5777392	Ha ezt Tomiért nem akarja megtenni, tegye meg értem.
5797861	Это не моё мнение, а только мой перевод!	5797997	Ez nem az én meglátásom, csupán a fordításom.
5797861	Это не моё мнение, а только мой перевод!	5798004	Ez nem az én álláspontom, hanem csak egy lefordítottam!
5799037	У нас недостаточно денег.	5799044	Nincs nálunk elég pénz.
5799037	У нас недостаточно денег.	5799047	Nincsen nálunk annyi pénz.
5802451	Сколько, ты говорил, это стоит?	5802456	Mit mondtál, mennyibe kerül?
2649448	Они были здесь?	5807199	Ők voltak itt?
2376836	Какой сейчас год?	5809850	Most melyik év van?
2376836	Какой сейчас год?	5809851	Most mennyit írunk?
3477463	Я знаю, куда пошёл Том.	5825385	Én tudom, hova ment Tom.
2357203	Его требования разумны.	5835571	Ésszerű a kérése.
3077431	Андерсон отклонил требование.	5835575	Anderson nemet mondott a követelésre.
4769645	Требования были отклонены.	5835579	Nem engedtek a követelésnek.
4769645	Требования были отклонены.	5835580	Nem tettek eleget a követelésnek.
3037608	Том уже приехал в Бостон.	5844979	Tom már megérkezett Bostonba.
5879923	Я открыл сейф.	5879944	Kinyitottam a széfet.
5879867	Я взбежал вверх по лестнице.	5879951	Felfutottam a lépcsőn.
5879867	Я взбежал вверх по лестнице.	5879952	Felszaladtam a lépcsőn.
5879867	Я взбежал вверх по лестнице.	5879953	Felrohantam a lépcsőn.
5879866	Я подключил телевизор.	5879954	Csatlakoztattam a tévéhez.
5671208	Том отвечал на вопросы не думая.	5890577	Tomi át nem gondolva válaszolt a kérdésekre.
5889154	Надеюсь, он придёт завтра.	5894279	Remélem, eljön holnap.
5890603	Том открыл тетрадь.	5894284	Tomi kinyitotta a füzetet.
5890649	Теперь Том будет учиться с вами.	5894285	Most veletek fog tanulni Tomi.
5889137	Ты будешь читать эту книгу?	5894291	El fogod olvasni ezt a könyvet?
5889151	Может быть, он придёт завтра.	5894294	Lehet, hogy holnap eljön.
5887893	Сегодня так, а как будет завтра?	5894299	Ma ez lesz; de mi lesz holnap?
5887874	Со мной произошло то же самое, что и с Томом.	5894300	Ugyanaz történt velem, mint Tomival.
5887849	Я знаю, как зовут соседскую собаку. А ты?	5894302	Én tudom, hogy hívják a szomszéd kutyáját. És te?
5886803	Он даже не пытался это сделать.	5894305	Meg sem próbálta megcsinálni.
5886803	Он даже не пытался это сделать.	5894306	Még csak meg sem próbálta.
5525904	Мы с Томом дальние родственники.	5897376	Tomival távoli rokonok vagyunk.
5918108	Том работал на тракторе и на комбайне.	5918114	Tamás traktorral és kombájnnal dolgozott.
5918113	Я учу три языка одновременно и не путаюсь.	5918115	Három nyelvet tanulok egyszerre és nem keverem össze őket.
5918112	Детей возят в школу на автобусе.	5918120	A gyerekeket autóbusszal viszik iskolába.
5918111	Расскажи мне, из чего делают творог?	5918127	Mondd el, miből készül a túró.
5924952	Лучше скажи правду.	5924960	Jobb lesz, ha elmondod az igazat.
5924714	Я продолжал говорить с Томом.	5924979	Tovább beszéltem Tomival.
5924706	Дайте мне пойти поговорить с Томом.	5924993	Hadd beszéljek én Tomival.
5938250	Я никогда не летала на самолёте.	5938254	Soha nem utaztam még repülőn.
5938250	Я никогда не летала на самолёте.	5938256	Még nem repültem.
5938250	Я никогда не летала на самолёте.	5938472	Nem utaztam repülővel még soha.
5938243	Женщины не должны скрывать свои лица от глаз других людей.	5939075	A nőknek nem kellene elrejteniük az arcukat mások szeme elől.
5949127	Все дети рисуют солнце с глазами, ртом и носом.	5949161	Minden gyerek szemet, szájat és orrot rajzol a napnak.
5949183	Я никогда не говорил Тому, что делать.	5949322	Soha nem mondtam meg Tominak, hogy mit tegyen.
5949181	Рыцарь без дамы - как дерево без листьев.	5949338	A lovag hölgy nélkül olyan, mint a fa levelek nélkül.
470629	Дайте мне ключ, и я раскрою Вселенную.	5955318	Adj egy kulcsot és feltárom a mindenséget.
2381817	Я об этом не знал.	5956026	Én erről nem tudtam.
4992475	Я мог убить тебя.	5961640	Meg tudnálak ölni.
4992475	Я мог убить тебя.	5961642	Meg tudnálak ölni téged.
4992477	Я мог убить вас.	5961666	Meg tudnálak ölni titeket.
4992477	Я мог убить вас.	5961670	Meg tudnálak ölni benneteket.
5960327	Я не хочу слышать это слово.	5961856	Nem akarom hallani ezt a szót.
5597563	Не знаю, почему он не работает.	5963977	Nem tudom, miért nem dolgozik.
5973264	Сначала я тебе не верил.	5973512	Eleinte nem hittem neked.
5973746	Я не родилась слепой.	5973770	Én nem vakon születtem.
5973744	Я не родился слепым.	5973779	Nem születtem vakon.
5973744	Я не родился слепым.	5974489	Nem születésem óta vagyok vak.
5978083	Почему дефляция опасна для экономики?	5978222	Miért veszélyes a pénz vásárlóerejének növelése a gazdaságra nézve?
5978083	Почему дефляция опасна для экономики?	5978223	Miért veszélyes a pénz felértékelése a közgazdaságot tekintve?
5978083	Почему дефляция опасна для экономики?	5978224	Miért veszélyes a defláció a gazdaságra?
5978082	Он слабый президент, потому что у него слабый характер.	5978226	Ő egy gyenge elnök, mert gyenge a személyisége.
5977969	Я всегда думал, что Том умеет плавать.	5978227	Mindig azt hittem, hogy Tomi tud úszni.
5977908	Я сегодня не планирую ничего покупать.	5978230	Nem szándékozom ma boltba menni.
4094112	Я планирую купить новый зонт.	5980619	Tervezem, hogy vásárolok egy új esernyőt.
4094112	Я планирую купить новый зонт.	5980634	Azt tervezem, hogy veszek egy új esernyőt.
3251912	Он сказал мне, что его зовут Том.	5980657	Ő mondta nekem, hogy őt Tomnak hívják.
1827082	Она оставила свой зонт в поезде.	5980665	Elhagyta az ernyőjét a vonaton.
5802883	Дай мне карандаш. У меня нет ни одного карандаша.	5986208	Adj egy cerkát. Nekem nincs egy se.
5989103	Том живёт в очень маленькой квартирке.	5989287	Tom egy nagyon kicsi lakásban lakik.
5989882	Том был очень зол, и я тоже.	5989885	Nagyon dühös volt Tomi és én is.
5989881	Кто-нибудь его узнаёт?	5989886	Valaki felismeri őt?
5989880	На прошлой неделе вы были заняты?	5989948	Sok dolguk volt az előző héten?
3270723	У нас нет посудомоечной машины.	5992412	Nincs mosogatógépünk.
2413367	Школьный спортзал был расширен.	5992415	Az iskola tornatermét megnagyobbították.
5209353	Я знаю, кто живёт в том доме.	6000639	Én tudom, ki lakik abban a házban.
6014318	В данный момент я просто хочу побыть один.	6014330	Pillanatnyilag csak egyedül akarok maradni.
6021558	Это не навсегда.	6021665	Ez nem lesz mindig így.
6021557	Он никогда не пользовался своей популярностью.	6021669	Soha nem élt a népszerűségével.
4557277	Ты же мужик!	6021686	Te aztán ám férfi vagy!
6021486	Ты же мне слово давал!	6021689	Hiszen a szavadat adtad!
6021950	Нам нужны новые батарейки.	6022718	Új elemek kellenek nekünk.
6021944	Ты понимаешь всё, что они говорят?	6022719	Értesz mindent, amit beszélnek?
6021943	Нечего мне говорить, что делать.	6022720	Ne mondd meg nekem, hogy mit tegyek.
6021936	Пожалуйста, просто скажи, чем ты хочешь заняться.	6022726	Mondd csak el, mit akarsz tenni!
6021936	Пожалуйста, просто скажи, чем ты хочешь заняться.	6022734	Mondd el, kérlek, mit akarsz tenni.
6021951	Это было так давно, что я почти ничего не помню.	6023107	Olyan régen volt, hogy szinte semmire nem emlékszem.
6021948	В високосные годы в феврале двадцать девять дней.	6023129	Szökőévenként huszonkilenc nap van februárban.
6021947	Её ждало удивительное открытие.	6023134	Egy csodálatos felfedezés előtt állt.
6023009	Я читала книгу.	6023141	Könyvet olvastam.
6022997	Я куплю тебе новое.	6023144	Veszek neked egy újat.
6022970	Я всегда слушаю музыку; я не могу жить без неё.	6023146	Én mindig hallgatok zenét; nélküle ki se bírnám.
6022956	Я всегда с удовольствием слушаю классическую музыку в свободное время.	6023147	Szívesen hallgatok mindig klasszikus zenét a szabadidőmben.
6021938	Её статья лучше моей.	6023150	Jobb az áruja az enyémnél.
6021938	Её статья лучше моей.	6023151	Jobb áruja van, mint nekem.
4592967	С ним приятно общаться.	6023160	Jól megérti vele magát az ember.
6021941	Как же вы общаетесь?	6023163	Hogy is értetitek meg magatokat?
2497126	Я пытался.	6023201	Próbáltam.
2497126	Я пытался.	6023203	Én próbáltam.
6021942	"Как же вы общаетесь?" - "Я пытаюсь говорить по-английски, а он - по-русски".	6023207	- És hogyan fogjátok megértetni magatokat? - Úgy lesz, hog én angolul beszélek, ő meg oroszul.
908497	Враг занял форт.	6023261	Az ellenség bevette az erődöt.
2574379	Это заняло полчаса.	6023264	Fél órát vett igénybe.
2574379	Это заняло полчаса.	6023267	Félórás volt.
2574379	Это заняло полчаса.	6023268	Fél óráig tartott.
2574379	Это заняло полчаса.	6023270	Fél órát igényelt.
2574379	Это заняло полчаса.	6023272	Fél órán át tartott.
3179662	Тебе нечем заняться?	6023283	Nincs dolgod?
3179662	Тебе нечем заняться?	6023285	Neked nincs semmi dolgod?
2159774	Она станет врачом.	6023304	Orvos lesz.
3384295	Что станет с его детьми после его смерти?	6023321	Mi lesz a gyerekeivel a halála után?
6021939	"Ты серьёзно думаешь, что он это сделает?" - "С него станется!"	6023730	- Komolyan gondolod, hogy megcsinálja? - Tőle kitelik!
6021949	Всем немедленно очистить помещение!	6023767	Mindenkinek szól, azonnal kitakarítani a helyiségeket!
6023811	Он никогда не пользовался популярностью.	6024036	Nem volt soha népszerű.
6021939	"Ты серьёзно думаешь, что он это сделает?" - "С него станется!"	6024619	- Te komolyan azt gondolod, hogy megteszi? - Kinézem belőle!
6027669	"А где Том?" — "Я приехал без него".	6027677	- És hol van Tomi? - Elmentem nélküle.
6027671	"А где Мэри?" — "Я приехал без неё".	6027678	- És Mari hol van? - Nélküle jöttem.
6031662	От этой песни мне хочется плакать.	6031763	Ettől a daltól sírni van kedvem.
6031661	Она каждое утро читает газету.	6031764	Reggelenként újságot olvas.
6031535	Я пытаюсь не заснуть.	6031777	Próbálok nem elaludni.
6031535	Я пытаюсь не заснуть.	6031779	Megpróbálok ébren maradni.
6031478	Я хотела продать его.	6031823	El akartam adni.
6031479	Мы можем подойти поближе?	6031834	Közelebb tudunk menni?
6031468	Я не привык делать такие вещи.	6031858	Én nem vagyok hozzászokva az ilyen dolgokhoz.
6031468	Я не привык делать такие вещи.	6031862	Én nem szoktam csinálni ilyen dolgokat.
6031796	Этот класс очень большой.	6031889	Jó nagy ez az osztályterem.
6031795	Почему ты купила японский автомобиль?	6031917	Miért japán kocsit vettél?
3597310	Разве это важно?	6031948	Valóban fontos ez?
4979792	Разве не круто?	6031957	Hát nem baró!?
6031792	Разве ты не слышал? Об этом весь день говорят.	6031959	Te nem is hallottad? Minden nap erről beszélnek.
6031790	Разве ты не читал? Это было во всех газетах.	6031961	Tényleg nem olvastad? Benne volt minden újságban.
4254174	Мария в саду?	6035839	Mária a kertben van?
6037664	Сегодня День Земли.	6037710	Ma van a Föld napja.
6037657	Сахар - белая смерть.	6038908	A cukor fehér méreg.
6037658	Соль - белая смерть.	6038919	A só fehér méreg.
6037651	Где у тебя соль?	6038932	Hol tartod a sót?
6037650	Где у тебя сахар?	6038934	Hol tartod a cukrot?
6038410	Этот парень постоянно просит деньги у своих родителей.	6039213	Ez a fickó állandóan pumpolja a szüleit.
6038370	Моя личная жизнь вас не касается, а ваша меня не интересует.	6039305	A magánéletem nem tartozik rátok és a tiétek nem érdekel engem.
6038370	Моя личная жизнь вас не касается, а ваша меня не интересует.	6039312	A privát életemhez nincsen közötök, a tiétek meg nem érdekel engem.
6039890	Она была права, а он не прав.	6040039	Igaza volt, de neki nem.
6039890	Она была права, а он не прав.	6040040	A nőnek igaza volt, de a férfinak nem.
4806008	Давайте не забывать.	6040401	Nehogy elfelejtsétek!
5204659	Давай. Не стесняйся.	6040402	Csak semmi szégyenlősködés!
5204659	Давай. Не стесняйся.	6040403	Gyerünk, ne félj!
5880084	Давай не пойдём.	6040404	Ne menjünk.
6039900	Давайте не будем подтасовывать факты.	6040405	Ne írjuk át a valóságot.
6039900	Давайте не будем подтасовывать факты.	6040406	Ne hamisítsuk meg a tényeket.
1794456	Не давай ему это.	6044203	Ne add neki oda.
6046583	Хоро́шее нача́ло полде́ла откача́ло.	6046675	A jó kezdet félsiker.
6054842	Почему никто ничего не сделал?	6054848	Miért nem tett senki semmit?
6054842	Почему никто ничего не сделал?	6054849	Miért nem csinált senki semmit?
2632336	Мне нужно хотя бы попытаться.	6066719	Legalább meg kellene próbálnom.
6077054	"Сколько стоит этот шкаф?" — "Двести евро". —"А этот столько же?" — "Нет, этот дороже. Двести пятьдесят".	6077076	- Mennyibe kerül ez a szekrény? - Kétszáz euró. - És ez ugyanannyi? - Nem, ez drágább; kétszázötven.
3529833	Я его пожалел.	6077213	Sajnáltam őt.
3138427	Я в Интернете.	6077627	Az Interneten vagyok.
445586	Утро вечера мудренее.	6088177	A reggel bölcsebb, mint az este.
6090978	Каждый должен это делать.	6090979	Ezt mindenkinek muszáj csinálni.
6101854	На полу лежит красивый ковёр.	6102598	A padlón egy szép szőnyeg van.
6101909	В зале висит хрустальная люстра.	6102599	A teremben egy kristálycsillár lóg.
6101767	Тома арестуют?	6102607	Letartóztatják Tomit?
6102746	У меня была отличная учительница.	6102747	Volt egy szuper tanárnőm.
6102737	У меня был великолепный учитель.	6102748	Volt egy kiváló tanárom.
6116078	Я их не бойкотирую.	6116087	Nem gátolom őket.
6116078	Я их не бойкотирую.	6116089	Nem bojkottálom őket.
5879133	Говорят, что она очень богата.	6143476	Azt beszélik, hogy ő nagyon gazdag.
5879133	Говорят, что она очень богата.	6143477	Azt mondják, hogy ő nagyon gazdag.
6153470	Я не знаю этих мужчин.	6153473	Nem ismerem ezeket a férfiakat.
6153469	Я не знаю этих женщин.	6153474	Nem ismerem ezeket a nőket.
6153465	Он мне и не друг, и не враг.	6153484	Nem a barátom, de nem is az ellenségem.
6153462	Том надел мою рубашку.	6153503	Tomi az én ingemet vette fel.
6153463	Я надел рубашку Тома.	6153511	Tomi ingét vettem fel.
6153460	Кто к вам вчера так поздно приходил?	6153520	Ki jött tegnap olyan későn hozzátok?
6153448	Какие фрукты тебе принести?	6153553	Milyen gyümölcsöt hozzak neked?
6153443	Никто из нас не может ответить на этот вопрос.	6153565	Ezt a kérdést senki nem tudja megválaszolni közülünk.
6153443	Никто из нас не может ответить на этот вопрос.	6153579	Erre a kérdésre közülünk senki nem tud feleletet adni.
6153457	Смотри, Том, — первые огурчики!	6153700	Nézd, Tomi! Az első kis uborkák!
6153451	Ты брала мою зубную щётку?	6153754	Te elvetted a fogkefémet?
6153451	Ты брала мою зубную щётку?	6153758	Elvetted az én fogkefém?
6153441	На этот вопрос может ответить любой.	6153771	Erre a kérdésre bárki választ tud adni.
6153441	На этот вопрос может ответить любой.	6153781	Bárki meg tudja válaszolni ezt a kérdést.
6154506	Том надеется, что завтра дождя не будет.	6154515	Reméli Tomi, hogy holnap nem lesz eső.
6154505	Сеньор Гарсия очень любезен.	6154517	García úr igazán szerethető.
6155151	Привет, друг.	6155162	Üdv, barátom!
6155175	Ну и что прикажешь нам с тобой делать?	6155186	Na és mit akarsz, mit tegyünk veled?
6158980	Он уже не молод.	6159032	Már nem fiatal.
6158976	Не забывай, что ты беременна.	6159047	Ne felejtsd el, hogy terhes vagy.
6158978	Я бы мог снова задать тот же вопрос.	6159049	Feltehetném ismét ugyanezt a kérdést.
6158975	Я брал уроки танцев.	6159063	Táncórákat vettem.
6158974	Увидимся в пятницу.	6159064	Pénteken találkozunk.
6158972	У тебя в голове одни опилки!	6159067	Neked káposztalé van a fejedben!
6158972	У тебя в голове одни опилки!	6159070	Neked szalmával van kitömve a fejed!
6158973	Они довольны.	6159078	Elégedettek.
6158971	Я думал, Том это уже сделал.	6159080	Azt hittem, csinálta ezt már Tomi.
6158970	По правде говоря, она лесбиянка.	6159083	Az az igazság, hogy leszbikus.
6158970	По правде говоря, она лесбиянка.	6159084	Az igazság az, hogy ő leszbikus.
6159046	Надо всё прибрать, пока Том не пришёл.	6159087	Mindent rendbe kell rakni, amíg vissza nem jön Tomi.
5310023	Невероятно, но правда.	6159429	Hihetetlen, de igaz!
6161655	Иногда он готовит нам ужин.	6161660	Néha ő készít nekünk vacsorát.
6162100	Мне не нужны адвокаты.	6162112	Nincs szükségem ügyvédre.
6169279	Тебе холодно? Закрыть окно?	6169289	Fázol? Gondoltál már rá, hogy becsukod az ablakot?
6169278	Тебе жарко? Открыть окно?	6169291	Meleged van? Mi lenne, ha kinyitnád az ablakot?
6169280	Не открывай окно, мне холодно.	6169293	Ne nyisd ki az ablakot! Én fázom!
6169421	День рождения Тома был позавчера.	6169427	Tegnapelőtt volt Tomi születésnapja.
2394241	Но я пока не иду спать.	6169717	De én még nem fekszem le.
6170497	Я не говорю дома по-английски.	6170499	Otthon nem beszélek angolul.
6170659	Я должна идти за покупками.	6170662	El kell mennem bevásárolni.
2651269	Извините, но я забыл выполнить домашнее задание.	6172263	Bocsánat, de nem készítettem el a házi feladatot.
5131572	Сейчас он живёт здесь.	6173320	Most itt lakik.
5336312	Я уже на пенсии.	6175826	Én már nyugdíjas vagyok.
5336312	Я уже на пенсии.	6175829	Én már nyugdíjban vagyok.
5336312	Я уже на пенсии.	6175831	Már nyugdíjban vagyok.
5336312	Я уже на пенсии.	6175832	Már nyugdíjas vagyok.
6203143	Не торопись. Это марафон, а не спринт.	6203170	Csak nyugodtan! Ez egy maraton, nem sprint.
6203142	Нам стоило послушать Тома.	6203171	Tamásra kellett volna hallgatnunk.
5606031	Он самый умный из всех.	6214515	Ő mindenből a legokosabb.
6301384	У неё всё было на лице написано.	6310746	Rá volt írva minden az arcára.
6301384	У неё всё было на лице написано.	6310748	Mindent le lehetett olvasni az arcáról.
6328843	У меня было достаточно еды.	6328852	Volt elég ételem.
6328843	У меня было достаточно еды.	6328854	Volt mit ennem.
6328843	У меня было достаточно еды.	6328855	Elég ennivalóm volt.
6326898	"Откуда ты?" - "Я из Алжира".	6330139	Honnan származol? - Algériából.
2947155	Вы больше не дети.	6364382	Nem vagytok már gyerekek.
6371858	Ты знал, что Том - начальник Мэри?	6371872	Tudtad, hogy Tamás Mária főnöke?
6371858	Ты знал, что Том - начальник Мэри?	6371873	Te tudtad azt, hogy Tamás Máriának a főnöke?
6371860	Мой кот весь день спит.	6371875	Egész nap alszik a macskám.
6371860	Мой кот весь день спит.	6371880	A macskám végigalussza a napot.
2813277	Она никогда не надевает зелёное.	6375268	Soha nem vesz fel zöldet.
2992403	Перед моим домом есть небольшой сад.	6385213	Van egy kis kert a házam előtt.
3046041	Он пообещал прийти, но не пришёл.	6385218	Megígérte, hogy jön, de nem jött.
3965392	Я обедал.	6457456	Én ebédeltem.
5538732	Том пошёл в больницу навестить Мэри.	6462627	Tamás elment a kórházba meglátogatni Máriát.
6478882	Я не хочу идти в гости к Тому.	6478889	Nem akarom meglátogatni Tomot.
6478882	Я не хочу идти в гости к Тому.	6478891	Nem akarok Tomhoz vendégségbe menni.
6486199	Том забыл сказать Мэри, что нужно сделать.	6486209	Tomi elfelejtette elmondani Marinak, mit kell megcsinálni.
5450907	У Тома длинная шея.	6486847	Tomnak hosszú a nyaka.
2821799	Тому это понравилось.	6486849	Tomnak ez tetszett.
5487508	Я вижу человека между деревьями.	6535409	Én látok egy férfit a fák között.
886828	Доверяй, но проверяй!	6546933	Bízz, de ellenőrizz!
6558517	Я хотела бы летать как птица.	6558524	Szeretnék repülni, mint egy madár.
6569610	Откройте книги!	6570253	Nyissátok ki a könyveiteket!
3521092	Ты мне кого-то очень сильно напоминаешь.	6572059	Nagyon emlékeztetsz engem valakire.
6212895	Садись на тот стул.	6573985	Ülj le arra a székre!
6574676	Ты яйца не забыл купить?	6574680	Nem felejtettél el tojást venni?
6597383	Мы хотим, чтобы Том сказал да.	6597398	Azt akarjuk, hogy Tomi igent mondjon.
6601632	Цена — два евро.	6601634	Két euró az ára.
4269332	Услышав новость, я подпрыгнул от радости.	6608165	Amikor meghallottam a hírt, fölugrottam örömömben.
6610421	Почему она всегда лжёт?	6610433	Ő miért hazudik mindig?
6610421	Почему она всегда лжёт?	6610434	Miért hazudik ő mindig?
4042242	Взрослым быть непросто.	6618287	Felnőttnek lenni nem egyszerű dolog.
2976570	Не помню, чтобы просил вашего совета.	6619673	Nem emlékszem rá, hogy a tanácsát kértem volna.
3835878	Это кубинская сигара.	6623295	Ez egy kubai szivar.
1416070	Эта старая женщина - врач.	6639438	Ez az idős nő orvos.
2557172	Ты говоришь, что не знаешь?	6670401	Azt mondod, hogy nem tudod?
6679244	Не ходи никуда одна.	6679254	Ne menj sehová egyedül!
6679251	Не ходи никуда без Тома.	6679260	Ne menj sehova Tomi nélkül!
6679246	Интересно, чего это Том такой грязный.	6679263	Érdekelne, miért olyan mocskos Tomi.
6679250	Не ходи туда без Тома.	6679267	Ne menj oda Tomi nélkül!
6679273	Не ходи никуда с Томом.	6679274	Sehova se menjél Tomival!
6679273	Не ходи никуда с Томом.	6679276	Ne menj sehova Tomival.
6679241	Можешь сказать мне, сколько времени?	6679291	Meg tudod mondani, mennyi az idő?
6679241	Можешь сказать мне, сколько времени?	6679294	Meg tudod nekem mondani, hány óra?
6679241	Можешь сказать мне, сколько времени?	6679295	Meg tudod mondani, hány óra van?
6679241	Можешь сказать мне, сколько времени?	6679322	Meg tudod mondani az időt?
6679344	Я спрошу Тома, почему он это сделал.	6679367	Megkérdezem Tomit, miért tette.
6679343	Я спрошу у Тома, зачем он это сделал.	6679369	Megkérdezem Tomitól, miért csinálta ezt.
6679337	Том, похоже, меня узнал.	6679371	Úgy tűnik, felismert engem Tomi.
6679271	Я знаю, куда пойду.	6679372	Tudom, hová megyek.
6679271	Я знаю, куда пойду.	6679373	Tudom, hogy hová megyek.
6679271	Я знаю, куда пойду.	6679374	Tudom, hogy hova tartok.
2608420	Иди поиграй с Томом.	6680680	Menj, játssz Tomival!
2608420	Иди поиграй с Томом.	6680681	Menj, játsszál Tomival!
2608420	Иди поиграй с Томом.	6680683	Menjél, játssz Tomival!
2608420	Иди поиграй с Томом.	6680686	Menjél, játsszál Tomival!
6681860	У меня два вопроса.	6681870	Van két kérdésem.
6682218	Ты до сих пор ждёшь Тома?	6682225	Még mindig vársz Tomira?
6682218	Ты до сих пор ждёшь Тома?	6682325	Tomit várod még mindig?
6682306	Почему бы нам всем не попутешествовать вместе?	6682330	Miért ne utaznánk együtt?
6682224	Что бы вы хотели послушать?	6682336	Mit szeretne meghallgatni?
6682222	Что вы делаете завтра вечером?	6682345	Mit csinál holnap este?
6682222	Что вы делаете завтра вечером?	6682361	Mit csinál ön holnap este?
6682221	Что ты делаешь завтра вечером?	6682363	Mit fogsz holnap este csinálni?
6682215	Вы уверены, что Том хочет победить?	6682364	Biztos abban, hogy győzni akar Tom?
6682215	Вы уверены, что Том хочет победить?	6682365	Biztos benne, hogy Tom győzni akar?
6682211	Ты уверен, что Том хочет выиграть?	6682372	Biztos vagy benne, hogy Tom nyerni akar?
6682211	Ты уверен, что Том хочет выиграть?	6682375	Biztos vagy te abban, hogy Tom a nyerésre hajt?
6682204	Том вряд ли сможет выиграть.	6682376	Tom aligha képes nyerni.
6684054	Вы с ними не знакомы?	6684071	Ön nem áll ismeretségben velük?
6684097	Я давно их знаю.	6684100	Jó ideje ismerem őket.
6684096	Вы с ними даже не знакомы.	6684101	Még csak nem is ismeri őket.
6684126	Я знаю их много лет.	6684148	Sok éve ismerem őket.
6684483	Скажите мне, что Вы всё ещё меня любите.	6684500	Mondja, hogy még mindig szeret!
6685939	Почему ты думаешь, что Том здесь?	6685950	Miből gondolod, hogy itt van Tomi?
6685939	Почему ты думаешь, что Том здесь?	6685951	Miért gondolod azt, hogy itt van Tomi?
6685939	Почему ты думаешь, что Том здесь?	6685952	Honnan veszed, hogy itt van Tomi?
2707117	Эта рубашка тебе идёт.	6686338	Megy hozzád ez az ing.
2707117	Эта рубашка тебе идёт.	6686339	Jól áll neked ez az ing.
2707117	Эта рубашка тебе идёт.	6686340	Illik hozzád az az ing.
6693605	"Откуда ты всё знаешь?" - "Работа такая".	6693611	- Honnan tudsz te mindent? - Ez a munkám.
6693607	Я почти всё слышал.	6693614	Hallottam majdnem mindent.
4652021	Я часто о тебе думаю.	6699802	Gyakran gondolok rád.
6699812	Мы чудесно провели время вдвоём.	6700463	Csodásan töltötük az időt kettesben.
5479801	Я хотел бы поехать с Томом.	6703574	Tomival szeretnék menni.
3462865	Оставайся на берегу.	6704135	Maradj a parton.
6705753	Я ещё не знаю, что́ буду рисовать, но беру бумагу, карандаши и сажусь за стол.	6705758	Még nem tudom, mit fogok rajzolni, de előveszek egy lapot meg ceruzákat, és asztalhoz ülök.
2771274	Бери!	6706779	Vedd!
2771275	Берите!	6706780	Vegyétek el!
4107304	Беру.	6706781	Elveszem.
2606952	Бери фотоаппарат.	6706782	Fogd a fényképezőt.
3007218	Ладно, бери.	6706783	Jól van, vidd.
3007218	Ладно, бери.	6706784	Ám legyen; vedd el.
3007218	Ладно, бери.	6706785	Oké, vigyed.
3961863	Вот, берите.	6706786	Itt van, vigyétek.
3961863	Вот, берите.	6706787	Fogd és vidd.
6042582	Берите карту.	6706793	Húzzatok egy lapot.
425284	Бери сколько хочешь.	6706794	Vegyél, amennyit csak akarsz.
425284	Бери сколько хочешь.	6706795	Annyit vegyél el, amennyit csak akarsz.
885192	Бери что хочешь.	6706796	Vedd el, amit akarsz.
885192	Бери что хочешь.	6706797	Vidd, amit csak akarsz.
885192	Бери что хочешь.	6706798	Vegyél el bármit, ami kell neked.
953042	Я беру книгу.	6706800	Elviszek egy könyvet.
2606658	Бери свои ключи.	6706813	Fogd a kulcsaidat!
2852098	Бери что тебе нужно.	6706814	Vidd, ami kell.
2907400	Не бери больше.	6706815	Többet ne vigyél!
2907400	Не бери больше.	6706817	Ne vegyél el többet.
3038928	Бери сколько нужно.	6706819	Vigyél, amennyi kell.
3162591	Берите, не стесняйтесь!	6706821	Vegyetek csak, ne gondolkozzatok rajta!
3162591	Берите, не стесняйтесь!	6706823	Nyugodtan vegyetek csak.
3697407	Берите, пожалуйста, торт.	6706824	Kérlek, vegyetek a tortából.
4851823	Бери свои вещи.	6706832	Fogd a dolgaidat!
4851823	Бери свои вещи.	6706834	Kapd a cuccaidat!
4851823	Бери свои вещи.	6706835	Kapd össze a cuccaidat!
4962615	Добро пожаловать домой, братишка!	6707055	Légy üdvözölve itthon, bratyó!
4649949	У меня есть для вас несколько хороших новостей.	6714613	Van néhány jó hírem az ön számára.
6718129	Ты помогал Тому мыть окна?	6718138	Segítettél Tamásnak lemosni az ablakokat?
6718129	Ты помогал Тому мыть окна?	6718139	Segítettél Tamásnak megpucolni az ablakokat?
6718126	Красивый галстук. Жаль, что слишком дорогой.	6718140	Szép nyakkendő. Kár, hogy olyan drága.
6718126	Красивый галстук. Жаль, что слишком дорогой.	6718142	De szép nyakkendő! Csak az a baj, hogy ilyen drága.
6718124	Ты когда-нибудь звонишь Тому?	6718143	Felhívod valamikor Tomit?
402126	Здравствуйте.	6730958	Szervusztok!
402126	Здравствуйте.	6730959	Helósztok!
5821669	Наш дом очень маленький.	6731748	A mi házunk nagyon kicsi.
6736963	У моей мамы много работы.	6736964	Anyámnak sok a munkája.
6736963	У моей мамы много работы.	6736966	Anyámnak sok munkája van.
6736957	Ой, молоко забыл купить.	6736967	Jaj, elfelejtettem venni tejet!
6736957	Ой, молоко забыл купить.	6736969	Aj, elfelejtettem tejet venni.
5901026	Если бы не ветер, погода для февраля была бы идеальной.	6742357	Ha nem fújna a szél, ideális lenne az idő februárhoz képest.
6742439	Я куплю то же, что и ты.	6742448	Ugyanolyat veszek, mint te.
6557375	Том не любит фотографироваться.	6760222	Tomi nem szereti, ha fényképezik.
5827601	Случилось то, чего никто не ожидал.	6760239	Olyan történt, amire senki nem számított.
6169281	Не открывай окно, мне будет холодно.	6761724	Ne nyisd ki az ablakot, mert fázni fogok.
6768624	Я не понимаю, зачем мне нужно было это делать.	6768625	Nem értem, miért kellett ezt tennem.
6768624	Я не понимаю, зачем мне нужно было это делать.	6768626	Nem értem, hogy nekem miért kellett ezt csinálnom.
4348213	Вчера воскресенье было, а не суббота.	6768727	Tegnap vasárnap volt, nem pedig szombat.
3559678	Могу я узнать причину?	6768764	Megtudhatom az okát?
3104980	Можно поинтересоваться почему?	6770058	Szabad érdeklődnöm, hogy miért?
6161198	Спроси его, что он будет пить.	6770065	Kérdezd meg, mit iszik.
6838316	Честно говоря, я ничего не понял. А ты?	6838362	Őszintén mondom, én semmit sem értettem. És te?
3995669	Том не знал, где Мэри живёт.	6840308	Tom nem tudta, hol lakik Mária.
3942643	Том живёт неподалёку от нас.	6846986	Tom nem lakik messze tőlünk.
6847964	Я не понимаю, какие проблемы.	6847970	Nem értem, milyen problémák vannak.
6847962	Какие проблемы?	6847971	Milyen problémák?
6847962	Какие проблемы?	6847973	Milyen problémák vannak?
6587746	Где её билет на самолёт?	6851403	Hol van a repülőjegye?
6589979	Где твой билет на самолёт?	6851405	Hol van a repülőjegyed?
6852253	Это сегодня было?	6852254	Ez ma volt?
3056662	Том всё знает.	6852371	Tom mindent tud.
6858206	Соседи - мои друзья.	6858233	A szomszédok a barátaim.
5471539	Боюсь, это правда.	6862844	Félek, hogy ez így van.
5471539	Боюсь, это правда.	6862845	Félek, hogy igaz.
4484564	В глаза Тому попало мыло.	6871536	Tom szemébe belement a szappan.
6533599	Ты не видишь, что мы делаем?	6888100	Te nem látod, hogy mit csinálunk?
6891715	По акценту можно догадаться, что Том из России.	6891730	Az akcentusából ki lehet találni, hogy Tom Oroszországból származik.
783429	Что-то произошло с моей машиной.	6891922	Valami történt az autómmal.
6895824	Это всё, что я хотел узнать.	6896657	Ez minden, amit szerettem volna megtudni.
5287686	Зачем черепахам панцирь?	6902052	Miért van a teknősöknek páncélja?
3989647	Том богаче Мэри.	6903699	Tomi gazdagabb Marinál.
3989647	Том богаче Мэри.	6903700	Tomi gazdagabb, mint Mari.
3989647	Том богаче Мэри.	6903701	Tomi tehetősebb, mint Mari.
3573609	В каком университете ты хочешь учиться?	6907392	Melyik egyetemen akarsz tanulni?
3174051	Я рад, что я не женщина.	6907397	Örülök, hogy nem vagyok nő.
5566839	Мне нравится ваш кофе.	6910322	Nekem ízlik a kávéd.
5918270	Нет, моя мама ещё не на пенсии.	6919977	Nem, édesanyám még nincs nyugdíjban.
6922774	У Тома есть женщина?	6922779	Tomnak van felesége?
6921272	Я хочу быть первым.	6927206	Én akarok az első lenni.
3321923	Я буду дома к 2:30.	6932671	Fél háromkor otthon leszek.
6933574	Том хочет знать, когда ты будешь готова.	6933581	Tom szeretné tudni, mikor leszel kész.
3069008	Вот ключ, который я искал.	6936164	Íme a kulcs, amit kerestem.
2875322	Это был наш секрет.	6937117	Ez a mi titkunk volt.
2875322	Это был наш секрет.	6937118	Ez volt a mi titkunk.
6909551	Где ты жила?	6937250	Hol laktál?
6909551	Где ты жила?	6937251	Hol éltél?
6938217	Подумайте о нас!	6938244	Gondoljon ránk!
3522727	Кофе нет.	6939364	Nincs kávé.
1513660	Он приходит один раз в месяц.	6943947	Havonta egyszer jön.
1513660	Он приходит один раз в месяц.	6943949	Hónaponként egyszer jön.
1513660	Он приходит один раз в месяц.	6943952	Egyszer jön egy hónapban.
6981950	Он полетел из Лондона в Париж.	6981964	Átrepült Londonból Párizsba.
6588086	Ты всего лишь сержант.	6981966	Mindössze őrmester vagy.
4138107	Когда я был молод, мы ходили на речку купаться.	6982482	Amikor én fiatal voltam, elmentünk a folyóra úszni.
7085650	Том очень боится отца.	7085658	Tomi nagyon fél az apjától.
7089434	Когда у человека есть цель, он и десятиметровую стену может преодолеть.	7089460	Ha egy embernek van célja, akkor egy tíz méteres falat is legyőzhet.
2467338	Сколько времени ты в этой сфере работал?	7090729	Mennyi ideig dolgoztál ezen a területen?
7095645	Это действительно сработает?	7095660	Ez valóban működik?
6977466	Не покупай Тому ничего сладкого.	7103818	Tominak ne vegyél semmi édességet.
3946339	Я не хочу, чтобы она это делала.	7109179	Nem akarom, hogy ezt csinálja.
7109175	Я знаю, что Том виновен.	7109180	Tudom, hogy bűnös Tom.
7109175	Я знаю, что Том виновен.	7109181	Tisztában vagyok vele, hogy Tom vétkes.
7109173	Я знаю, что Том хочет спать.	7109186	Tudom, hogy aludni akar Tomi.
7109267	Вы с ней очень разные.	7109277	Vele teljesen mások vagytok.
7109265	Вы очень разные.	7109284	Ön annyira más.
7109264	Они все очень разные.	7109288	Ők mind teljesen mások.
7109274	Я знаю, что вы правы.	7109304	Tudom, hogy igazatok van.
7109274	Я знаю, что вы правы.	7109305	Tisztában vagyok vele, hogy igazatok van.
7109272	Я знаю, что ты разочарован.	7109311	Tudom, hogy csalódott vagy.
7109265	Вы очень разные.	7109312	Teljesen mások vagytok.
7109265	Вы очень разные.	7109313	Nagyon különböztök.
7109245	Я знаю, что Том внизу.	7109320	Tudom, hogy lent van Tomi.
7109239	Я знаю, что Том успешен.	7109335	Tudom, hogy sikeres Tamás.
7109545	Мы можем сегодня днём погулять в лесу.	7109566	Sétálhatunk ma délután az erdőben.
2618694	Это было вчера.	7109617	Tegnap volt.
2618694	Это было вчера.	7109619	Ez tegnap volt.
7115902	Человек ты или нет? Ну помоги.	7115909	Milyen ember vagy te!? Na, gyerünk segíteni!
7110322	Какой город является столицей Латвии?	7119722	Mi Lettország fővárosa?
7120087	В школе у меня не было друзей.	7120089	Nekem az iskolában nem voltak barátaim.
7120088	Что купить?	7120090	Mit kellene venni?
7120084	Ящик не открывается.	7120091	Nem nyílik a fiók.
7120081	Вам это не понравится.	7120095	Nem fog ez önnek tetszeni.
7120081	Вам это не понравится.	7120099	Nem fogja elnyerni az önök tetszését.
2929508	Тебе это не понравится.	7120112	Nem fog neked ez tetszeni.
2674636	На следующей неделе я буду занят.	7120175	Jövő héten nem érek rá.
6902556	Спасибочки!	7122466	Köszike!
3028115	Я знаю столько же, сколько и ты.	7133978	Tudom olyan jól, mint amennyire te.
4789936	Том не мой парень. Он просто друг.	7133985	Nem a fiúm Tomi, csak egy barátom.
4659675	Мы нашли ключи Тома.	7142445	Megtaláltuk Tomi kulcsait.
7142440	Я не знал, что Том уже умер.	7142446	Nem tudtam, hogy már meghalt Tom.
7142439	Я не знал, что Том играет на трубе.	7142449	Nem tudtam, hogy Tomi játszik trombitán.
7142434	Это было ещё до того, как мы с ними познакомились.	7142456	Ez még azelőtt volt, hogy megismertük őket.
4740390	Мой отец потерял работу.	7158586	Apám elvesztette az állását.
5689990	Я не знаю когда, но однажды это случится.	7193895	Nem tudom, mikor, de egyszer bekövetkezik.
7239214	Никому на самом деле не интересно, что ты хочешь сказать.	7242711	Senkit sem érdekel, amit mondani akarsz.
7249077	Я не могу этого сделать: я кот, у меня лапки.	7249086	Én ezt nem tudom megcsinálni; én macska vagyok, nekem mancsom van.
7254283	У меня завтра защита диссертации.	7254340	Holnap védem a doktorimat.
5871007	На этой улице есть универмаг?	7257685	Ebben az utcában van az áruház?
7277419	Я думал, что понимаю вас.	7277445	Azt gondoltam, értelek titeket.
7277419	Я думал, что понимаю вас.	7277447	Azt gondoltam, értelek benneteket.
7277419	Я думал, что понимаю вас.	7277449	Azt gondoltam, megértelek titeket.
5885621	Ты следующая.	7290170	Te vagy a következő.
7304018	Я забыл, куда положил паспорт.	7314995	Elfelejtettem, hol hagytam az útlevelem.
6840646	Я не это искал.	7359613	Nem ezt kerestem.
7370419	Не думаю, что этот город так же безопасен, как раньше.	7370435	Úgy vélem, ez a város már nem olyan biztonságos, mint egykor.
2787097	Я тоже ничего не понял.	7465942	Magam sem értettem semmit se.
4008062	На самом деле ты права.	7492742	Tulajdonképpen igazad van.
4743760	Цемент ещё не застыл.	7525248	A cement még nem kötött meg.
7570675	День начался с хороших новостей.	7570692	Jó hírekkel kezdődött a nap.
7570674	Утро началось с хороших новостей.	7570703	Jó hírekkel kezdődött a reggel.
1496440	У меня есть друг, чей отец известный пианист.	7577375	Van egy barátom, akinek az apja ismert zongorista.
2709029	Дружба - вопрос доверия.	7577953	A barátság bizalom dolga.
2709029	Дружба - вопрос доверия.	7577955	A barátság bizalom kérdése.
7580175	Том не знает, где его носки.	7580186	Nem tudja Tomi, hol van a zoknija.
7580175	Том не знает, где его носки.	7580187	Nem tudja Tomi, hogy hol van a zoknija.
7580176	Том не знает, где его бумажник.	7580188	Nem tudja Tomi, hol van a brifkója.
7584810	Не уходи пока домой.	7584812	Még ne menj haza.
7623632	Том придумал план.	7623638	Tomi kigondolt egy tervet.
7761526	Том много лет знает Мэри.	7761539	Tom sok éve ismeri Máriát.
7763721	Кто ещё кроме тебя об этом знает?	7764178	Ki az, aki rajtad kívül tud még erről?
7763721	Кто ещё кроме тебя об этом знает?	7764180	Ki tud még rajtad kívül erről?
7763721	Кто ещё кроме тебя об этом знает?	7764181	Rajtad kívül ki tud még erről?
6793911	Я желаю вам обеим всего наилучшего.	7766958	Mindkettőtöknek mindenben a legjobbakat kívánom.
5364333	Слепой не боится змей.	7766960	A vak nem fél a kígyótól.
1816163	Ты не можешь заходить сюда без пропуска.	7775518	Engedély nélkül nem jöhetsz ide.
3102064	Вы думаете, со мной что-то не так?	7777070	Azt hiszitek, hogy valami nincs velem rendben?
2283326	Он даже разговаривать со мной отказывался.	7777072	Nem is akart velem beszélgetni.
3943522	Ты такая бледная. Врача вызвать?	7777073	Olyan sápadt vagy. Hívjunk orvost?
2773636	Я чувствую себя больной.	7780344	Betegnek érzem magam.
2593845	Том против курения.	7780345	Tomi a dohányzás ellen van.
3294160	Ты её любишь, да?	7781557	Szereted őt, igaz?
2814084	Я не говорю по-немецки, но немцев люблю.	7781559	Nem beszélek németül, de a németeket kedvelem.
412044	Я был там пару раз.	7781560	Voltam ott néhányszor.
4594632	Ты можешь принести в школу свой обед.	7781561	Elhozhatod az iskolába az ebédedet.
3291054	Они неплохие.	7782632	Nem rosszak.
2753923	У Тома и Мэри три недели назад родился ребёнок.	7782634	Marinak és Tominak három héttel ezelőtt gyermekük született.
2318494	Я напишу тебе послезавтра.	7783665	Holnapután írok neked.
2241241	Так гласит закон.	7783667	Így hangzik a törvény.
4335303	Почему он не рассказал мне про Тома?	7783669	Miért nem beszélt nekem Tomiról?
1562439	Бог благословил меня хорошим здоровьем.	7784979	Isten jó egészséggel áldott meg engem.
3545985	Говорят, он умер.	7784982	Azt beszélik, hogy meghalt.
2880994	Кто-нибудь может меня подвезти?	7784984	Valaki elvinne engem?
2194120	В этой комнате три окна.	7784986	Ennek a szobának három ablaka van.
2533497	Может быть, со временем ты поймёшь, что больше не хочешь здесь жить.	7785441	Lehet, hogy idővel rájössz, hogy többé már nem akarsz itt élni.
2214403	Вы хорошо смотритесь вместе.	7786379	Jól néztek ki együtt.
404613	Я притворился, что не понимаю, о чём он говорит.	7786383	Megállapítottam, hogy nem értem, miről beszél.
1891524	Я попробовал представить себе жизнь на Луне.	7786385	Megpróbáltam elképzelni az életet a holdon.
416407	В свободное время отец часто читал детективы.	7786386	Szabadidejében apám gyakran olvasott krimiket.
7787340	Я стараюсь быть всё время на позитиве.	7787927	Arra törekszem, hogy mindig pozitív legyek.
1214628	Я ещё не завтракал.	7788340	Még nem früstököltem.
3251436	Вашему брату нужна помощь.	7788341	Segíteni kell a bátyádnak.
2840453	Он говорил медленно, с сильным техасским акцентом.	7788342	Lassan, erős texasi kiejtéssel beszélt.
3048384	Наша дружба осталась крепкой.	7792876	Barátságunk szilárd maradt.
3048385	Здесь дорога раздваивается.	7792877	Itt az út ketté ágazik.
478527	Вчера я ходил купаться на речку.	7796773	Tegnap elmentem fürödni a folyóra.
443261	Наши предки приехали в эту страну 150 лет назад.	7796778	Őseink 150 évvel ezelőtt érkeztek ebbe az országba.
2374372	Я его терпеть не могу.	7798853	Őt most nem tudom elviselni.
4659118	Мне пришло в голову, что он, возможно, солгал.	7800641	Eszembe jutott, hogy ő talán hazudik.
3531248	Я имею право знать о том, что произошло.	7800644	Jogom van tudni, hogy mi történt.
4021296	Я собираюсь пойти поговорить с ними.	7808365	Készülődöm elmenni beszélni velük.
3802256	Думаю, Том в своём кабинете.	7810454	Úgy gondolom, hogy Tomi a saját irodájában van.
3802286	Мы теряем драгоценное время.	7810455	Pazaroljuk az értékes időt.
3802286	Мы теряем драгоценное время.	7810456	Elpazaroljuk a drága időt.
4951098	Он мне говорил, что раньше мог читать по губам.	7813026	Azt mondta nekem, hogy régebben tudott szájról olvasni.
4951198	Мы ждём его со дня на день.	7813034	Napról napra várom őt.
731145	Оба произношения правильные.	7814878	Mindkét kiejtés helyes.
731151	Можешь помочь мне послать это письмо?	7814881	Segíthetsz nekem elküldeni ezt a levelet.
3616247	Ты когда-нибудь уже был в Бостоне?	7815398	Te valamikor már voltál Bostonban.
3063249	Я увидел на потолке муху.	7815401	Legyet láttam a mennyezeten.
3942867	Поверните здесь налево.	7815402	Forduljon itt balra.
570475	Меня называют Боб.	7819116	Engem Bobnak hívnak.
3024677	Я не могу поднять этот сосуд.	7823784	Nem tudom megemelni ezt az edényt.
2829293	Мы с моими соседями не ладим.	7826797	Nem jövünk jól ki a szomszédainkkal.
2771807	Я боюсь, что уже слишком поздно.	7826798	Attól félek, hogy már nagyon késő.
381035	Каждый год миллионы людей умирают от голода.	7829569	Minden egyes évben emberek milliói halnak éhen.
381035	Каждый год миллионы людей умирают от голода.	7829572	Évenként millió és millió ember szenved éhhalált.
500428	Он откладывает немного денег каждый месяц.	7830441	Minden hónapban félretesz egy kis összeget.
670457	Она ждала напротив здания.	7831418	Az épülettel szemben várt.
2069080	Это знаменитая история, все её знают.	7833999	Ez híres történet, mindenki ismeri.
2069722	Том добр к Мэри.	7834000	Tomi jó Marihoz.
2069723	Если Вы не пойдёте кататься на лыжах, я тоже не пойду.	7834001	Ha Ön nem jön síelni, akkor én sem megyek.
2435838	Этот ответ разозлил его.	7835440	Ez a válasz felmérgesítette.
2934516	Тебе повезло, что ты родился в этом прекрасном городе.	7838417	Szerencsés vagy, hogy ebben a gyönyörű városban születtél.
2803129	Он написал много рассказов.	7838418	Sok mesét írt.
2780125	Снимите куртку, если Вам жарко.	7839702	Vegyétek le a kabátot, ha melegetek van.
2780125	Снимите куртку, если Вам жарко.	7839703	Vessétek le a kabátotokat, hogyha melegetek van.
2803836	Помните об этом!	7839742	Emlékezzetek erre!
4744994	Мы слишком много тратим.	7839743	Túl sokat költünk.
3710026	Я продал его и выплатил долг.	7839744	Kölcsönöztünk neki és ő visszafizette a tartozást.
3496076	Вы не понимаете, что происходит.	7839746	Ön nem érti, mi történik.
3849308	Она учится в библиотеке после школы.	7844718	Iskola után a könyvtárban tanul.
2963780	Том подошёл к краю бассейна.	7844719	Tomi odament a medence széléhez.
534537	Не забудь завтра в шесть меня забрать.	7846198	Ne felejtsd el, hogy holnap el kell vinned engem.
7744094	Мы ушли оттуда в одиннадцать.	7846200	Tizenegykor mentünk el innen.
2669669	Это невкусное мясо.	7847581	Ez rossz ízű hús.
1395483	Важно только, можешь ли ты делать свою работу.	7847582	Csak az a fontos, hogy el tudod-e végezni a munkádat.
5352662	Скоро у меня отпуск.	7850738	Nemsokára szabadságra megyek.
1811305	В Европе уже Рождество.	7850739	Európában már Karácsony van.
5800372	Я не знал, что Том так хорошо поёт.	7852248	Nem tudtam, hogy Tomi olyan jól énekel.
2086725	Он был первым, кто провёл этот эксперимент.	7852249	Ő volt az első, aki elvégezte ezt a kísérletet.
7778349	Тебе нравится жёлтый цвет?	7852488	Neked tetszik a sárga szín?
5328990	Он любит смотреть, как взлетают самолёты.	7854974	Szereti nézni a repülőket, amint felszállnak.
4997419	Небо закрыто серыми тучами.	7854975	Az égboltot sűrű köd takarja el.
3949050	Почему люди их боятся?	7856430	Miért félnek tőle az emberek?
3288285	Я лишь отметил неверный флаг.	7856432	Én csak megemlítettem a téves zászlót.
7857831	Ты должен быть готов к худшему.	7857842	Fel kell készülnöd a legrosszabbra.
7859715	Осталось десять минут.	7861308	Tíz perc maradt.
1482387	Мы должны отменить смертную казнь.	7861400	Be kell tiltanunk a halálbüntetést.
6673455	Он посвятил всю свою жизнь помощи бедным.	7861408	Egész életét a szegények segítésének áldozta.
2309992	Спасибо тебе.	7865850	Köszönöm neked.
7869777	Какая мука для этого нужна?	7870215	Milyen lisztre van szükség ehhez?
4597011	Я с тобой больше не разговариваю!	7875147	Nem beszélek veled többé.
4941864	Ни то, ни другое.	7880784	Se az, se a másik.
4941864	Ни то, ни другое.	7880785	Se az egyik, se a másik.
7896496	Он иногда помогает матери.	7896504	Segít néha az anyjának.
7900258	Том здесь в первый раз.	7900260	Tomi először van itt.
7900404	Том стоял там и смотрел на меня.	7900406	Ott állt Tomi, és engem nézett.
2734503	Он уже ушёл?	7902257	Ő már elment?
584787	Звонил ли мне кто-нибудь, пока меня не было?	7902299	Hívott valaki, amíg nem voltam?
7903207	Когда я видел его в последний раз?	7903218	Mikor láttam őt utoljára?
7903207	Когда я видел его в последний раз?	7903219	Hogy én mikor láttam őt utoljára?
3587936	Он живет один в лесу.	7906420	Egy erdőben lakik egyedül.
2754011	Я скажу Вам, что говорить.	7907522	Én mondom, hogy mit mondjon.
2754011	Я скажу Вам, что говорить.	7907524	Mondom önnek, amit mondjon.
7909959	Она сказала, что у неё был трудный день.	7909963	Azt mondta, kimerítő napja volt.
7909961	Она сказала, что у неё есть дочь.	7909965	Azt mondta, van egy lánya.
7910458	Мы все знаем, что медведи любят мёд.	7910462	Köztudott, hogy a medve szereti a mézet.
7912783	По-вашему, это честно?	7912794	Szerintetek ez fair?
7912783	По-вашему, это честно?	7912795	Ez így tisztességes szerintetek?
7912783	По-вашему, это честно?	7912798	Ez így szerintetek játszik?
7912616	Я бы тебе сказал.	7912883	Akkor mondtam volna neked.
7914344	Он не хочет быть таким, как я.	7914356	Nem akar olyan lenni, mint én.
7921815	Я хочу купить японскую машину.	7921820	Japán autót szeretnék venni.
6452480	Я знаю, что вы врали.	7922235	Tudom, hogy hazudtál.
7925801	Он сказал, что будет там завтра.	7925817	Azt mondta, ott lesz holnap.
7925803	Он сказал, что завтра там будет.	7925821	Mondta, hogy holnap ő ott lesz.
7929842	Вчера был ужасный день.	7929852	Szörnyű nap volt a tegnap!
7929850	Она говорит, что не очень хорошо поёт.	7929856	Azt mondja, nem énekel valami jól.
7929841	Вчера был просто ужасный день.	7929857	Tegnap egy rettenetes nap volt.
7929834	Она говорит, что чувствует себя очень уставшей.	7929861	Azt mondja, nagyon fáradt.
7929830	Она говорит, что ей уже лучше.	7929869	Azt mondja, már jobban van.
6698710	У тебя на всё один ответ.	7932067	Mindenre ugyanaz a válaszod.
7933601	Я готов идти с тобой.	7933603	Kész vagyok veled menni.
7187365	Я не помню, что произошло.	7934705	Nem emlékszem, mi történt.
4940708	Забудьте, что я только что сказал.	7937690	Felejtsétek el, amit az előbb mondtam.
7921335	Тому это быстро надоело.	7937694	Tomit hamar lefárasztja ez.
398502	Ну давай!	7968096	Gyerünk, gyerünk!
4901151	Из чего это?	7971547	Miből van ez?
7971541	Я встаю не так рано, как мама.	7971550	Nem kelek olyan korán, mint anyu.
7973385	Почему она не хотела с ним встречаться?	7973396	Miért nem akart vele találkozni?
7921335	Тому это быстро надоело.	7974318	Tomi gyorsan besokall.
7997675	Я собирался покинуть свой дом.	7997677	Azon voltam, hogy elmegyek hazulról.
7997675	Я собирался покинуть свой дом.	7997679	Azon voltam, hogy elmegyek otthonról.
7997675	Я собирался покинуть свой дом.	7997680	Azon voltam, hogy elmegyek itthonról.
7997674	Мы собираемся уходить отсюда.	7997683	Menni készülünk innen.
6640170	Он не в форме.	8041047	Nincs formában.
6831481	Мы с Томом иногда работаем вместе.	8047600	Tommal néha együtt dolgozom.
6831413	Сколько ты будешь ждать?	8047639	Mennyit fogsz várni?
6831410	Я знал, что Том не будет разговаривать.	8047642	Tudtam, hogy Tom nem fog válaszolni.
6831410	Я знал, что Том не будет разговаривать.	8047643	Tudtam, hogy Tom nem válaszol.
6831410	Я знал, что Том не будет разговаривать.	8047644	Én tudtam, hogy Tom nem fog válaszolni.
6831410	Я знал, что Том не будет разговаривать.	8047645	Én tudtam, hogy Tom nem válaszol.
5885538	Оставайтесь внутри.	8069020	Maradjatok benn!
7993549	Давай встретимся у меня в офисе.	8079508	Az irodámban találkozzunk.
3509000	Настоящий мужчина идет к врачу только тогда, когда обломок копья в спине начинает мешать спать.	8089649	Egy igazi férfi csak akkor megy el orvoshoz, ha egy darab dárda áll ki a hátából és már kezdi zavarni az alvásban.
2970181	У меня нет денег, чтобы это купить.	8094863	Nincs pénzem megvenni ezt.
2970181	У меня нет денег, чтобы это купить.	8094865	Nincs pénzem rá, hogy megvegyem ezt.
8109997	Первый пойду я.	8110966	Elsőként megyek én.
8109997	Первый пойду я.	8110967	Először megyek én.
8173449	Такого я ещё никогда не видел.	8173460	Soha nem láttam még ilyet.
8173398	Кайманы очень опасны.	8173491	A kajmánok fölöttébb veszélyesek.
8173394	Все хотят поехать за границу.	8173493	Mindenki külföldre akar utazni.
8173486	Думаю, он был зол.	8173495	Szerintem mérges volt.
8176866	Что он написал?	8176871	Mit írt?
8199856	Мне это не слишком нравится.	8200024	Nekem ez nem nagyon tetszik.
8199856	Мне это не слишком нравится.	8200026	Nekem ez nem igazán jön be.
8200137	Для меня это не просто слова.	8200175	Nekem ez nem csupán egy szó.
8200137	Для меня это не просто слова.	8200177	Ez nekem nem csak egy szó.
8199983	Сегодня немного ветрено.	8200218	Fújdogál ma a szél.
8199983	Сегодня немного ветрено.	8200221	Enyhén szeles ma az idő.
8199966	Мы знаем, что это работает.	8200222	Tudjuk, hogy működik.
5114630	Том оставил кран открытым.	8201599	Tomi nyitva hagyta a csapot.
8210563	Я не знал, что вы встречаетесь.	8210937	Nem tudtam, hogy találkozgattok.
8266817	Он умер из-за тебя.	8267171	Miattad halt meg.
8266814	Если бы не вы, она была бы сейчас жива.	8267172	Ha nem lennétek, még mindig élne.
8266814	Если бы не вы, она была бы сейчас жива.	8267173	Ha nem lennétek, ő még mindig élne.
8266814	Если бы не вы, она была бы сейчас жива.	8267174	Ha nem lennétek, akkor ő még mindig élne.
8266818	Она умерла из-за тебя.	8267176	Miattad halt meg ő.
8266818	Она умерла из-за тебя.	8267177	Te okoztad a halálát.
8266781	Он знает?	8267178	Tudja?
8266781	Он знает?	8267179	Ő tudja?
8266805	Я подул на ложку.	8268033	Fújtam a kanál ételt.
3263702	Я знал это всё время.	8268290	Az egész idő alatt tudtam.
4299147	Почему вы не сказали, что были тому свидетелем?	8269524	Miért nem említette, hogy szemtanúja volt.
1387567	Пока!	8286318	Csövi!
5923599	Пожалуйста, дай мне поесть спокойно.	8305801	Kérlek, hagyj engem nyugodtan enni.
5009179	Это было месяц назад.	8305842	Ez egy hónappal ezelőtt volt.
8306558	Отец не был с ней знаком.	8306802	Apa nem ismerte őt.
8310418	Он очень умный для десятилетнего мальчика.	8310421	Ahhoz képest nagyon okos fiú, hogy tízéves.
8310418	Он очень умный для десятилетнего мальчика.	8310426	Tízéves létére nagyon okos fiú.
8310422	Она всегда жила в Отару.	8310432	Mindig is Otaruban élt.
8343658	Мы никогда не работаем по понедельникам.	8343713	Hétfőn soha nem dolgozunk.
8364118	Мне такой худой теленок не нужен.	8370775	Ilyen vézna borjú nem kell nekem.
8375163	Том побежал, но споткнулся и упал.	8375167	Tomi futott, de megbotlott és elesett.
8406350	Вечером есть рейс?	8406355	Van esti járat?
8411855	Ваша сестра как всегда прекрасна.	8411858	A húgod szép, mint mindig.
8421360	Сегодня первый день 2019 года.	8421417	Ma van 2019 első napja.
8445995	Большое спасибо. Я очень признателен.	8446082	Köszönöm szépen! Nagyra értékelem.
8445398	Это так романтично!	8446084	Ez olyan romantikus!
8445398	Это так романтично!	8446086	Ez annyira romantikus!
8445398	Это так романтично!	8446088	Ez annyira nagyon romantikus!
8445068	Человек, который читает газету, - его отец.	8446127	Az az ember, aki olvassa az újságot, az az ő apja.
8446471	Я учил русский в школе.	8446490	Oroszul tanultam az iskolában.
8458435	У меня никогда не было с этим проблем.	8458441	Én sosem találkoztam még ezzel a problémával.
5256604	Я прождал его час.	8469714	Egy órán át vártam rá.
4051963	Я был рад, что я там.	8482356	Örültem, hogy ott voltam.
8499347	Диск поцарапан.	8499353	A lemez megkarcolódott.
443547	В центре города какая-то ситуация.	8500676	Van egy állomás a város központjában.
8298521	С ума, что ль, сошли?	8516788	Elment az eszed, vagy mi!?
6977908	Ты знаешь, какая фамилия была у Марии до замужества?	8517746	Nem tudod, hogy mi volt Mária leánykori neve?
7955857	Я вижу, вы весьма в этом поднаторели.	8517748	Tudod-e, hogy mi volt Mária leánykori neve?
6875465	По-моему, это несъедобно.	8518057	Szerintem, ez ehetetlen.
4513833	Не всегда всё получается так, как хочешь.	8518076	A dolgok nem mindig úgy történnek, ahogyan akarod.
6208490	Поделись своим опытом со мной.	8518094	Oszd meg velem a tapasztalatodat.
5295352	Мне так этого не хватает.	8518095	Ez így nekem kevés.
8136276	У меня в субботу день рождения.	8518105	Szombaton van a születésnapom.
6620999	Хочется не хочется, а делать надо.	8518113	Akarjuk vagy sem, de meg kell tenni.
6729105	Неплохо было бы добавить к тексту несколько иллюстраций.	8518127	Nem lenne rossz a szöveghez néhány illusztrációt mellékelni.
5261203	Наш завод даёт молоко всему городу.	8518134	A mi gyárunk látja el tejjel az egész várost.
3872907	Знание — сила, но сила есть — ума не надо.	8518156	A tudás hatalom, de ha hatalom van, akkor ész nem szükséges.
4193699	Мы вчера говорили об этом.	8521635	Mi tegnap beszéltünk erről.
2095954	Это много!	8532744	Ez sok!
4462733	Я всех здесь знаю.	8532760	Mindenkit ismerek itt.
607511	Я знаю.	8532763	Én tudom.
3640388	Я не знаю, что такое правда.	8532769	Nem tudom, mi az igazság.
4225599	Я не хочу это подписывать.	8534663	Nem akarom ezt aláírni.
8555756	Я люблю петь в хоре.	8555762	Szeretek énekelni a kórusban.
8556366	Он любит своих детей?	8556382	Szereti a gyerekeit?
8556366	Он любит своих детей?	8556384	Szereti a porontyait?
8588258	Ты сейчас счастлива?	8588269	Te most boldog vagy?
8590143	Тебя я в жизни никогда не забуду!	8590147	Soha az életben nem felejtelek el!
8590143	Тебя я в жизни никогда не забуду!	8590148	Soha sem felejtelek el az életben!
8590143	Тебя я в жизни никогда не забуду!	8590150	Az életben nem felejtelek el.
8590935	Я закрою дверь, чтобы мы тебе не мешали.	8590941	Bezárom az ajtót, hogy ne zavarjunk.
8595741	Эй, ты помнишь мой пароль?	8595812	Hé, te emlékszel még az én jelszavamra!?
8596238	Я начал учить немецкий три года назад.	8596249	Három éve kezdtem németet tanulni.
8596238	Я начал учить немецкий три года назад.	8596254	Három évvel ezelőtt kezdtem el németül tanulni.
8598154	Я уже на тридцать минут опаздываю.	8598167	Már harminc percet kések.
8598153	Я и так на тридцать минут опаздываю.	8598174	Már így is harminc perces késésben vagyok.
8598179	Мне старая система больше нравилась.	8598189	Nekem a régi rendszer jobban tetszik.
8590569	У Вас хороший вкус.	8598193	Önnek remek ízlése van.
4922790	Я сделал всё, что только было можно.	8598625	Megtettem mindent, amit csak lehetett.
668808	Ты делаешь одни и те же ошибки снова и снова.	8598889	Ugyanabba a hibába esel bele folyton-folyvást.
8600897	Я одно уже видел.	8600910	Egyet már láttam.
8601180	Я уже забыл, как его зовут.	8601181	Már elfelejtettem, hogy hívják.
8601180	Я уже забыл, как его зовут.	8601185	Elfelejtettem már, hogy hogy hívják őt.
7846373	Я уже забыл его имя.	8601186	Elfelejtettem már a nevét.
8601184	Я свою часть уже сделал.	8601189	Az én részemet már megcsináltam.
8601184	Я свою часть уже сделал.	8601191	Én az én részemet hozzáadtam már.
8602145	Всё не так-то просто.	8602187	Nem minden olyan egyszerű.
8602800	Она обо мне думает.	8602808	Rám gondol.
8602907	Я буду готова через две минуты.	8602909	Két perc múlva kész vagyok.
8602907	Я буду готова через две минуты.	8602910	Két perc alatt megvagyok.
8602199	Часто не значит всегда.	8603017	A gyakran nem jelenti azt, hogy mindig.
6673669	Все вещи были на своих местах.	8603040	Minden a helyén volt.
4995066	Ну как, вкусно?	8604235	Na, finom?
4995066	Ну как, вкусно?	8604236	Na, ízlik?
4995066	Ну как, вкусно?	8604239	Na, fincsi?
8606078	Меня спасла моя собака.	8606083	Megmentett a kutyám.
8612233	Он курит сигару.	8612239	Szivarozik.
2555595	Они спали достаточно.	8619221	Eleget aludtak.
8628685	Она может ошибаться.	8628761	Lehet, hogy nincs igaza.
8628685	Она может ошибаться.	8628762	Téved talán.
8632857	Мэри боялась идти туда одна.	8632859	Mária félt egyedül odamenni.
8645895	Это её вещи.	8645904	Az ő dolga.
8645895	Это её вещи.	8645905	Ő dolga.
8651380	Она никогда не готовит.	8651382	Sosem főz.
7802082	Я тогда ещё не была замужем.	8659387	Akkor nem voltam még férjezett.
7802082	Я тогда ещё не была замужем.	8659391	Akkor nem voltam még férjnél.
4556639	Ты не кладёшь в кофе сахар.	8670850	Nem teszel cukrot a kávédba.
8555278	Когда приходит автобус?	8671306	Mikor van itt a busz?
3576500	Является ли маленьким Атлантический Океан?	8672021	Az Atlanti-óceán kicsinek számít?
4835022	Я сказал ей не приходить сюда.	8673385	Mondtam neki, hogy ne jöjjön ide.
4835022	Я сказал ей не приходить сюда.	8673386	Mondtam neki, hogy ide ne jöjjön.
3487916	Я рад, что ты позвонил.	8679352	Örülök, hogy hívtál.
8691329	Проблема в Вас.	8692408	A probléma önnel van.
8693690	Она скучает по своему бывшему.	8693721	Hiányzik neki a volt férje.
8733788	Она не сказала мне, зачем она это сделала.	8733794	Nem mondta nekem, miért tette.
8733788	Она не сказала мне, зачем она это сделала.	8733795	Nem mondta el nekem ő, hogy miért csinálta.
8746882	Не надо врача.	8746926	Nem kell orvos.
8747595	А теперь слушайте меня внимательно.	8747596	És most hallgassatok jól ide!
8747595	А теперь слушайте меня внимательно.	8747597	És most figyeljetek rám jól!
8747593	Этот чемодан наш.	8747598	Ez a mi bőröndünk.
8751874	Я бы купил их, если бы они не были такими дорогими.	8752200	Megvenném őket, ha nem lennének ilyen drágák.
8754349	Я плаваю лучше него.	8754359	Jobban úszok nála.
3287963	Ну ты и дура!	8754841	Akkora hülye vagy te!
3287963	Ну ты и дура!	8754842	Hogy te mekkora barom vagy!
500091	Вот почему он не поехал учиться за границу.	8756955	Ezen okból kifolyólag nem ment külföldre tanulni.
500091	Вот почему он не поехал учиться за границу.	8756956	Ennek okán nem ment külföldre tanulni.
500091	Вот почему он не поехал учиться за границу.	8756958	Ezért nem ment külföldre tanulni.
500091	Вот почему он не поехал учиться за границу.	8756959	Ez okból nem ment külföldre tanulni.
3287963	Ну ты и дура!	8759831	Egy címeres ökör vagy te!
8763657	И мама, и папа родились в Италии.	8763670	Anyám is és apám is Olaszországban születtek.
5488047	«Том знает». – «Правда? Ты ему сказала?»	8785077	- Tomi tudja? - Igen. Te mondtad el neki?
8786077	Я видела страх в глазах Тома.	8786084	Félelmet láttam Tomi szemeiben.
8808235	Он, как и его отец, врач.	8808249	Orvos, ahogy az apja is.
8808246	Она знает, как сильно вы его любите.	8808260	Tudja, mennyire szeretitek azt a fiút.
1439915	Если завтра будет дождь, я никуда не пойду.	8813339	Ha esik holnap, sehova nem megyünk.
3592383	Эмилия - гречанка?	8823567	Emília görög?
3959871	Боюсь, это лучшее, что я могу сделать.	8873297	Attól tartok, ennyi telik tőlem.
3959871	Боюсь, это лучшее, что я могу сделать.	8873298	Attól tartok, ennyire vagyok képes.
8882630	Я с ней согласен.	8882632	Egyetértek velük.
4613722	Видимо, он придёт.	8887190	Meglátjuk, hogy eljön-e.
8888615	Дети любят играть в снегу.	8890112	A gyerekek szeretnek játszani a hóban.
8888615	Дети любят играть в снегу.	8890116	A gyerekek szeretnek a hóban játszani.
8909571	Они не хотят меняться.	8909575	Nem akarnak megváltozni.
7974226	Не думаю, что это так работает.	8913213	Nem hinném, hogy ez így működik.
5314420	Я знаю, что ты думаешь обо мне.	8922172	Tudom, hogy én járok a fejedben.
5314420	Я знаю, что ты думаешь обо мне.	8922173	Tudom, hogy rám gondolsz.
8934739	Он её не слушает.	8934746	Nem hallgatja meg.
8953548	Не говорите, а делайте.	8953562	Ne beszéljetek, hanem cselekedjetek.
8947357	Это твоя мама придумала?	8972771	Ezt anyád ötölte ki?
8994258	Думаю, мне пора спать.	8994261	Itt az ideje lefeküdnöm.
8994258	Думаю, мне пора спать.	8994603	Azt hiszem, most lefekszem.
8994258	Думаю, мне пора спать.	8994605	Ideje, hogy ágyba bújjak.
8994760	Твоё мнение очень важно для нас.	8994766	A véleményed fölöttébb fontos számunkra.
9000676	Я не думаю, я знаю.	9000712	Nem hiszem, hanem tudom.
9038638	Ты уже слышал о Татоэбе?	9038650	Hallottál már a Tatoebáról?
9052513	Я тёща Тома.	9052520	Tomi anyósa vagyok.
9048847	Он подошёл ко мне и спросил, как меня зовут.	9052526	Odajött hozzám, és megkérdezte, hogy hívnak.
9075673	Они думают, что знают, что делать.	9075681	Azt gondolják, tudják, mit csináljanak.
9073558	Сразу видно, что он военный.	9075692	Látszik rajta, hogy katona.
9075305	Большую часть времени Том был один.	9075728	Az idő nagy részében egyedül volt Tomi.
3165787	Я сразу же обулся.	9146728	Azonnal felvettem a cipőmet.
9180405	Где живут эти бедняги?	9180412	Hol laknak ezek a csórók?
9180400	Где живут эти бедные люди?	9180413	Hol laknak ezek a szegényemberek?
9180405	Где живут эти бедняги?	9181391	Hol laknak ezek a csóringerek?
4508738	Я никогда тебе не доверял и никогда не буду.	9181760	Soha nem bíztam benned, és nem is fogok.
9201242	Я завтра схожу к врачу.	9201710	Holnap elmegyek a doktorhoz.
9200822	Я никогда не ошибаюсь.	9201728	Soha nem hibázok.
5953674	Она всегда права.	9235640	Mindig igaza van.
9327333	Я сделаю это, только если ты мне заплатишь.	9327355	Csak akkor csinálom meg, ha kifizetsz.
9327333	Я сделаю это, только если ты мне заплатишь.	9327363	Csak akkor csinálom meg, ha kifizeted.
9327333	Я сделаю это, только если ты мне заплатишь.	9327371	Csak akkor csinálom meg, ha megfizeted.
9327333	Я сделаю это, только если ты мне заплатишь.	9327379	Csak akkor csinálom meg, ha fizetsz nekem érte.
9363528	Я знаю все Ваши секреты.	9363544	Minden titkát ismerem.
9363528	Я знаю все Ваши секреты.	9363548	Minden titkát ismerem önnek.
9363528	Я знаю все Ваши секреты.	9363550	Az ön összes titkát ismerem.
3468789	Никто не сказал мне, что вы здесь.	9400753	Senki sem mondta nekem, hogy itt vagytok.
8408778	Вам сегодня лучше не выходить на улицу.	9410881	Ma inkább ne menjen az utcára.
9414699	Я даже думать об этом не хочу.	9414705	Még gondolni sem akarok rá.
5339698	А ты ничего не хочешь мне сказать?	9435109	Semmit nem akarsz nekem mondani?
5339698	А ты ничего не хочешь мне сказать?	9435110	Nincs semmi mondandód nekem?
5339698	А ты ничего не хочешь мне сказать?	9435111	Nincs valami mondanivalód nekem?
9439738	Нас этому в школе учили.	9439751	Ezt megtanították nekünk az iskolában.
9443802	Жизнь здесь очень дорогая.	9444073	Igen drága itt az élet.
9477410	А что было дальше?	9477522	És mi volt azután?
5350668	Ты закрыл окно?	9490885	Becsuktad az ablakot?
9514451	Так что вы сделали?	9514472	Na, és mit csinált?
9537880	Нам ещё много чего нужно сделать.	9537886	Sok tennivalónk van még.
9537880	Нам ещё много чего нужно сделать.	9537891	Sok mindent meg kell még csinálnunk.
9537887	Борьба была нечестной.	9537902	Nem volt tisztességes a harc.
9583473	Рис ещё остался?	9583481	Maradt még rizs?
9583473	Рис ещё остался?	9583482	Maradt rizs?
9594254	Работать не стыдно.	9594261	Nem szégyen dolgozni.
9594263	Переведи предложения, которые подчёркнуты.	9594272	Fordítsd le a mondatokat, melyek alá vannak húzva!
9594459	Я не знаю ни слова по-венгерски.	9664394	Egy szót sem tudok magyarul.
861992	Сколько стоит?	9673398	Mibe kerül?
861992	Сколько стоит?	9673399	Hogyér' van?
861992	Сколько стоит?	9673401	Mennyire tartják?
1551785	Я не употребляю мясо.	9688444	Nem fogyasztok húst.
6683706	Ты видел мою девушку?	9708514	Láttad a csajom?
6683708	Вы видели мою девушку?	9708516	Láttátok ti a csajomat?
9697110	Нам не нужна такая помощь.	9713004	Ilyen segítségre aztán nincs szükségünk!
9697110	Нам не нужна такая помощь.	9713006	Az ilyen segítségből inkább nem kérünk!
9697110	Нам не нужна такая помощь.	9713011	Ez a fajta segítség nekünk nem kell.
9711900	Ты не знаешь, что случится, так ведь?	9713020	Te ugye nem tudod, mi történik?
9711900	Ты не знаешь, что случится, так ведь?	9713055	Ugye te nem tudsz a történésekről?
3895816	Что вы делаете для других?	9713099	Ön mit tesz másokért?
9716282	Теперь ясно, что Земля круглая.	9721902	Köztudott már, hogy a Föld gömbölyű.
1591737	Вы ели?	9731013	Ettetek?
2491313	Не грустите.	9763046	Ne szomorkodjatok!
1576527	Это правда?	9763093	Ez így igaz?
412138	Думаю, это правда.	9763095	Szerintez ez az igazság.
412138	Думаю, это правда.	9763097	Úgy vélem, ez igaz.
866725	Наверное, это правда.	9763106	Esélyes, hogy igaz.
866725	Наверное, это правда.	9763108	Esélyes, hogy ez igaz.
1461317	Возможно, это правда.	9763114	Meglehet, hogy igaz.
1461317	Возможно, это правда.	9763115	Meglehet, hogy ez igaz.
599557	Этого я не знаю.	9763129	Ezt aztán nem tudom.
657467	Я не знаю подробностей.	9763142	Nem tudom a részleteket.
2632268	Я не знаю правил.	9763157	Nem ismerem a szabályokat.
2814481	Я не знаю пароля.	9763164	Nem tudom a jelszót.
3872981	Я не знаю куда.	9763182	Nem tudom, hova tovább.
3935631	Я не знаю невесту.	9763190	Nem tudom, melyik híd az.
4135848	Я не знаю который.	9763199	Nem tudom, hogy melyik melyik.
4895322	Подробностей я не знаю.	9763207	A részleteket nem ismerem.
5434911	Я не знаю почему.	9763213	Nem tudom a miértjét.
5434911	Я не знаю почему.	9763215	Nem tudom a miértjét a dolognak.
5455490	Я не знаю причины.	9763228	Nem tudom az okát.
5455490	Я не знаю причины.	9763230	Nem tudom, mi az oka.
5928632	Я не знаю ответ.	9763238	Nem ismerem a választ.
6610397	Я не знаю украинского.	9763247	Nem tudok ukránul.
6775657	Я не знаю любви.	9763253	Nem ismerem, milyen a szerelem.
6775657	Я не знаю любви.	9763255	Nem tudom, milyen a szerelem.
7128887	Я не знаю всего.	9763261	Nem tudok mindent.
7128890	Я не знаю греческого.	9763264	Nem tudok görögül.
7128908	Короче, я не знаю.	9763274	Mindenesetre, én nem tudom.
7129155	Думаешь, я не знаю?	9763276	Azt hiszed, én nem tudom?
7129155	Думаешь, я не знаю?	9763278	Azt hiszed, hogy én nem tudom?
7129157	Думаете, я не знаю?	9763280	Azt hiszitek, hogy én nem tudom?
7129157	Думаете, я не знаю?	9763282	Azt hiszitek, én nem tudom?
9363695	Я не знаю причину.	9763285	Nem ismerem az okát.
426555	Я не знаю, что сказать.	9763287	Nem is tudom, hogy mit mondjak.
2782849	Я не знаю, что делаю.	9763291	Nem tudom, mit csinálok.
2794339	Я не знаю их всех.	9763292	Nem ismerem mindőjüket.
3179192	Я не знаю, кто Вы.	9763303	Nem tudom, hogy ki ön.
3179307	Я не знаю твоего имени.	9763305	Nem tudom a nevedet.
3179310	Я не знаю Вашего имени.	9763309	Nem tudom az ön nevét.
3179310	Я не знаю Вашего имени.	9763310	Nincs meg az ön neve.
3231465	Я не знаю, откуда она.	9763313	Nem tudom, hova valósi.
3546679	Я не знаю, кто знает.	9763322	Nem tudom, ki tudja még.
3756389	Я не знаю, кто вы.	9763340	Nem tudom, kik vagytok.
3756389	Я не знаю, кто вы.	9763341	Nem tudom, hogy kik vagytok.
3980105	Я не знаю, где мы.	9763343	Nem tudom, hol vagyunk.
3980106	Я не знаю, кто они.	9763344	Nem tudom, hogy ők kik.
3980106	Я не знаю, кто они.	9763347	Nem tudom, kik ők.
3980107	Я не знаю, кому верить.	9763353	Nem tudom, hogy kinek higgyek.
3980107	Я не знаю, кому верить.	9763355	Nem tudom, hogy kiben bízzak.
4051950	Честно говоря, я не знаю.	9763358	Az igazat megvallva, nem tudom.
1524178	Я не знаю, потому что меня там не было.	9763360	Nem tudom, mert én nem voltam ott.
2381272	Я ничего не пью.	9763376	Nem iszom semmit.
1405596	Я ничего ему не сказал.	9763386	Nem mondtam neki semmit.
2515756	Я ничего ему не говорил.	9763388	Semmit sem mondtam neki.
2803663	Я ничего ему не должен.	9763390	Semmivel sem tartozom neki.
7268732	Я ничего ему не дал.	9763391	Semmit sem adtam neki.
7268735	Я ничего ему не давал.	9763392	Nem adtam neki semmit.
8550645	Я ничего ему не обещал.	9763394	Nem ígértem neki semmit.
790894	Я ему объясню.	9763395	Megmagyarázom majd neki.
790894	Я ему объясню.	9763396	Meg fogom magyarázni majd neki.
1127394	Я ему позвоню.	9763398	Majd felhívom.
4037334	Я ему пока не сказал.	9763419	Még nem mondtam neki.
4640059	Этого я и хочу.	9763429	Ez az, amit én akarok.
4022081	Это не очень важно.	9763434	Ez nem igazán fontos.
4790896	Это не очень хорошо.	9763436	Ez nem túl jó.
4790897	Это не очень просто.	9763440	Ez nem igen egyszerű.
4790897	Это не очень просто.	9763441	Ez nem igen könnyű.
4790899	Это не очень легко.	9763443	Ez nem túl egyszerű.
5179072	Это не очень сложно.	9763444	Ez nem túl összetett.
5179072	Это не очень сложно.	9763445	Ez nem túl nehéz.
5585428	Это не очень дорого.	9763446	Ez nem túl drága.
5695333	Это не очень вкусно.	9763447	Ez nem túl finom.
2168763	Это для тебя.	9763453	Ez neked van.
2168765	Это для вас.	9763455	Ez nektek van.
3579342	Это для кого?	9763458	Ez kinek van?
4836346	Это для нас.	9763464	Ez nekünk van.
1036418	Можно мне одеяло?	9765738	Kaphatnék egy takarót?
2447673	Можно мне ложку?	9765741	Kaphatok egy kanalat?
2447673	Можно мне ложку?	9765742	Kaphatnék egy kanalat?
2449940	Можно мне чаю?	9765744	Kaphatok egy kevés teát?
3565689	Можно мне немного?	9765747	Kaphatok egy keveset?
3873669	Можно мне воды?	9765749	Kaphatnék vizet?
3873669	Можно мне воды?	9765750	Kaphatnék egy kevés vizet?
4071403	Можно мне кофе?	9765752	Kaphatok kávét?
4363205	Можно мне подушку?	9765753	Kaphatnék egy párnát?
4812796	Можно мне один?	9765754	Kaphatnék egyet?
4979725	Можно мне сэндвич?	9765756	Kaphatok egy szendvicset?
6576808	Можно мне другую?	9765778	Kaphatok másikat?
4310805	Можно мне еще пюре?	9765779	Kaphatok még krumplipürét?
4443910	Можно мне еще один?	9765780	Kaphatnék még egyet?
2380770	Можно мне еще пива, пожалуйста?	9765781	Kaphatnék még sört, kérem?
2447616	Можно мне еще чашечку кофе?	9765782	Kaphatnék még egy csésze kávét?
2447618	Можно мне еще немного чая?	9765784	Kaphatnék még egy kevés teát?
2447634	Можно мне еще баночку пива?	9765785	Kaphatnék még egy pohár sört?
3264501	Думаю, хватит.	9765795	Azt hiszem, ennyi elég lesz.
3717856	Думаю, нет.	9765798	Úgy hiszem, nem.
4684175	Думаю, смогу.	9765799	Szerintem képes lennék rá.
6922817	Думаю, можем.	9765802	Szerintem képesek vagyunk rá.
2496603	Думаю, это интересно.	9765803	Szerintem ez érdekes.
2496615	Думаю, это опасно.	9765804	Szerintem ez veszélyes.
4034201	Думаю, это был он.	9765806	Szerintem ez ő volt.
7555581	Том довольно часто это делает.	9766982	Tom elég gyakran csinálja ezt.
9766899	Он обернулся, чтобы посмотреть на эту красивую девушку.	9766995	Megfordult, hogy megnézze ezt a szép lányt.
9767148	Приходите и посмотрите!	9767153	Jöjjetek el és nézzétek meg!
9766872	Машина свернула влево.	9767159	Balra fordult az autó.
9766847	Сейчас она изменила свою жизнь.	9767170	Új útra terelte az életét.
9767165	Идите сюда, вы оба.	9767177	Gyertek ide, ti ketten!
1849983	Садись в машину.	9814416	Ülj be!
1849983	Садись в машину.	9814417	Ülj az autóba!
9815244	Назови что-нибудь, что ты обожаешь делать.	9816249	Mondj valamit, amit szívesen csinálsz.
3043407	Я не смогу завтра прийти.	9818307	Nem tudok jönni holnap.
9825389	В понедельник у нас тест по французскому.	9826302	Hétfőn franciadoga.
9825389	В понедельник у нас тест по французскому.	9826304	Hétfőn franciadolgozatunk lesz.
9825389	В понедельник у нас тест по французскому.	9826305	Hétfőn röpi franciából.
9825389	В понедельник у нас тест по французскому.	9826306	Hétfőn röpdolgozat lesz franciából.
9826127	Приходи не позже шести!	9826308	Hét előtt gyere!
9823041	«Ты счастлив?» – «Истинно так».	9826310	— Te boldog vagy? — Én igen, én az vagyok.
9823211	С этим ещё далеко не закончено.	9826311	Ez messze nem befejezett.
6618198	Кого я вижу!	9836358	Kit látok!?
6618198	Кого я вижу!	9836359	Kit látok én!?
6618198	Кого я вижу!	9836360	Na, kit látok én!?
3291228	Смотри, кто пришёл.	9836361	Nézd, ki jött!
9951403	Не будь таким лохом!	9952627	Ne légy olyan rossz!
5014167	Ты моя мама.	9992939	Az anyám vagy.
5014167	Ты моя мама.	9992947	Az anyukám vagy.
5579510	Том не актёр.	9992958	Tamás nem színész.
4852669	Он уже это знает.	9995759	Már tudja ezt.
4852669	Он уже это знает.	9995760	Ő már tudja ezt.
1430540	Добрый день, доктор!	9995762	Jó napot, doktor úr!
831942	Спокойной ночи, мамочка.	9995766	Jó éjszakát, anyu!
9178500	Ты ешь хлеб.	9995797	Kenyeret eszel.
7360217	А вот и дождь.	9998663	Itt is van az eső.
7360217	А вот и дождь.	9998664	Meg is jött az eső.
6399647	"Доброе утро". - "Доброе".	10001411	- Jó reggelt! - Önnek is!
2307267	Тебе необязательно приходить.	10003579	Nem kötelező jönnötök.
10016878	Мне определённо нужен ещё один выходной день между субботой и воскресеньем.	10016894	Szombat és vasárnap között szükségem van még egy szabadnapra.
10062831	Денег у меня немного с собой.	10062835	Nincs sok pénz nálam.
8994764	Для меня нет ничего невозможного.	10084408	Számomra nem létezik lehetetlen.
8994764	Для меня нет ничего невозможного.	10084409	Számomra nincs lehetetlen.
10086006	Вот это то, что нужно.	10086013	Ez kell.
10091138	Я его долго ждала.	10091142	Sokáig vártam őt.
10091140	Ты его не видела?	10091144	Nem láttad őt?
4624621	Я не собираюсь ему помогать.	10091199	Nem áll szándékomban segíteni neki.
10099341	Оно было небольшое.	10099343	Nem volt nagy.
8599158	Где Том научился танцевать?	10107525	Hol tanult meg Tom táncolni?
10114950	"Я их спрятала, чтобы не потерять". - "Ну как обычно".	10114971	— Jól elraktam őket, nehogy elvesszenek. — Na téged ismerve!
10114949	Я их спрятала, чтобы не потерять.	10114973	Jól elraktam őket, nehogy elvesszenek.
10114937	Они на самом верху.	10114974	Legfelül vannak.
10114937	Они на самом верху.	10114975	A legtetején vannak ők.
10114936	Они в самом низу.	10114976	Legalul vannak.
2187429	Опасность! Опасность!	10116851	Veszély! Veszély!
10116846	Опасный момент... Го-о-ол!	10116857	Veszélyes pillanat... góóól!
10116862	До сих пор не понимаю, как ей это удалось.	10116873	Nem jöttem rá eddig, hogyan sikerült neki.
10116869	Как мама с папой?	10116876	Hogy van anyu apuval?
10117573	Он будет нам помогать?	10117574	Segít ő majd nekünk?
10117573	Он будет нам помогать?	10117578	Ő segíteni fog nekünk?
10116910	Знаете, что мы забыли?	10119445	Tudjátok, hogy mit felejtettünk el?
10120607	Там мы ещё не смотрели.	10120613	Ott még nem néztük.
10120612	Там мы уже смотрели.	10120616	Ott már néztük.
10120610	Там я уже смотрел.	10120617	Ott már néztem.
10120608	Здесь я уже смотрел.	10120622	Itt már néztem.
6638789	Я на минуточку.	10123200	Egy pillanatra.
10125074	Я по ночам не работаю.	10125081	Éjjel nem dolgozom.
10125074	Я по ночам не работаю.	10125083	Nem dolgozom éjszaka.
10125074	Я по ночам не работаю.	10125084	Nem dolgozom az éjszaka.
10127082	Какая ужасная новость.	10127088	Micsoda borzalmas hír!
10127091	Такого ещё никто никогда не делал.	10127094	Ilyet még soha senki nem tett.
10128706	Родители этого не переживут.	10128712	A szülők ezt nem élik túl.
10128720	Я никогда не интересовался его судьбой.	10128727	Soha sem érdeklődtem a sorsa iránt.
10128720	Я никогда не интересовался его судьбой.	10128729	Nem érdekelt soha a sorsa.
10128796	Война началась.	10128803	Elkezdődött a háború.
10131120	Ты красивая в кимоно.	10131124	Tetszel kimonóban.
10131380	Это вас касается.	10131394	Ez érint titeket.
10131434	Это мне сосед сказал.	10131447	Egy szomszéd mondta.
10135089	Утром было три кусочка, а теперь один.	10135095	Reggel három darab volt, most meg egy.
10135089	Утром было три кусочка, а теперь один.	10135099	Reggel három darab volt, de most egy.
10135089	Утром было три кусочка, а теперь один.	10135101	Reggel három darab volt még és most meg csak egy.
10135121	Почему вас вчера не было дома?	10135126	Miért nem voltatok tagnap otthon?
10136921	Они перекрасили дом.	10136923	Átfestették a házat.
8412451	Нужно объяснять?	10137107	Szükséges elmagyarázni?
1492875	Что объясняет учитель?	10137109	Mit magyaráz a tamár?
3954457	Нет времени объяснять.	10137111	Nincs idő magyarázkodni.
10137575	Дураков везде хватает.	10137581	Bolond van bőven mindenhol.
10137575	Дураков везде хватает.	10137582	Flúgos van elég mindenfelé.
10137573	Как вы думаете, о чём я сейчас думаю?	10137583	Mit gondoltok, mit gondolok most?
10137575	Дураков везде хватает.	10137584	Agyatlan akad mindenütt elég.
10139864	Я не хочу, чтобы об этом узнали родители.	10139875	Nem akarom, hogy megtudják az ősök.
10139873	Ты счастливый человек?	10139880	Te boldog ember vagy?
10139877	Карантин действительно нужен?	10139891	Valóban szükséges a karantén?
10139925	Я не хочу, чтобы ты дружила с этой девочкой.	10139935	Nem akarom, hogy ezzel a lánnyal barátkozz.
10144699	Нельзя же целый день сидеть дома.	10144702	Nem ülhetsz itthon egész nap.
10144759	Не думай, что я богатая.	10144766	Ne hidd, hogy én gazdag vagyok.
10144759	Не думай, что я богатая.	10144769	Nehogy azt hidd, hogy én gazdag vagyok!
10144759	Не думай, что я богатая.	10144772	Ne gondold ám, hogy én gazdag vagyok.
10144770	Я деньги не печатаю.	10144803	Nem lopom én a pénzt.
10144920	Я их давно жду.	10144925	Régóta várom őket.
10144924	Она её уже час ждёт.	10144927	Már egy órája várja.
10144924	Она её уже час ждёт.	10144928	Egy órája várja már őt.
10146467	Я говорю по-узбекски.	10146473	Beszélek üzbégül.
10148435	В Китае растёт средний класс.	10148440	Kínában növekszik a középosztály.
10150059	Мы молимся каждый день.	10150067	Minden nap imádkozunk.
10150060	Они молятся каждый день.	10150069	Minden nap imádkoznak.
10150065	Когда мы можем поесть?	10150071	Mikor tudunk enni?
10140214	Дед Мороз был похож на папу.	10155306	A Télapó apura hasonlított.
10155609	Он гулял с собакой на пляже.	10155613	Lement a kutyával a strandra.
10155609	Он гулял с собакой на пляже.	10155616	Elvitte sétálni a kutyát a strandra.
10159253	В какие игры вы любите играть?	10159256	Milyen játékkal szerettek játszani?
10163996	Он читает в своей комнате.	10164006	A szobájában olvas.
10164474	Будете ужинать?	10164477	Uzsiztok?
10164474	Будете ужинать?	10164478	Esztek uzsonnát?
10164474	Будете ужинать?	10164479	Uzsonnáztok majd?
10164474	Будете ужинать?	10164480	Kértek uzsonnát?
5195326	Вы можете сюда прийти?	10168170	Ide tudtok jönni?
10168284	"Том? Том Джексон?" - "Он самый".	10168289	— Tom? A Tom Jackson? — Ő maga.
10169407	Я открыл ящик Пандоры.	10169414	Kinyitottam Pandora szelencéjét.
4518425	Возьмите это или то.	10169464	Ezt vegyétek el vagy pedig azt.
10170045	Она была в красной юбке.	10170054	Piros szoknyában volt.
10170045	Она была в красной юбке.	10170056	Piros szoknya volt rajta.
10178055	Я вчера не пошёл домой.	10178058	Tegnap nem mentem haza.
10180531	Боже, что происходит?	10180535	Szent ég, mi folyik itt!?
4425022	Он знал, что не может выиграть.	10182691	Tudta, hogy nem nyerhet.
10182667	Мы находимся в группе риска.	10182723	A veszélyeztetett csoprtba tartozunk.
10182653	Положите это внутрь.	10182724	Tegyétek be!
10182652	Положите его внутрь.	10182726	Fektessétek be.
10182624	Положи это внутрь.	10182728	Tedd be!
10182624	Положи это внутрь.	10182729	Tegyed be.
10182624	Положи это внутрь.	10182730	Tedd ezt be!
10182617	Я нашёл его в саду.	10182732	A kertben akadtam rá.
10182617	Я нашёл его в саду.	10182733	A kertben bukkantam rá.
10182617	Я нашёл его в саду.	10182734	A kertben találtam meg őt.
10182607	Какой у тебя любимый цвет помады?	10182739	Milyen színű rúzs jön be neked leginkább?
10182557	У него ушло три месяца на то, чтобы научиться это делать.	10182742	Három hónapja ment rá, mire megtanulta.
10182764	У неё недостаточно денег, чтобы купить билет.	10182768	Nincs elég pénze jegyre.
10182764	У неё недостаточно денег, чтобы купить билет.	10182772	Nincs elég pénze jegyet venni.
10182764	У неё недостаточно денег, чтобы купить билет.	10182773	Nincs elég pénze, hogy jegyet vegyen.
10182785	Я не так много сделала.	10182789	Nem csináltam olyan sok mindent.
10182783	Я была не очень продуктивна.	10182791	Nem voltam nagyon produktív.
10182788	Мы ведём размеренный образ жизни.	10182796	Mértékletes életet élünk.
10183066	Мы ходили смотреть салют.	10183077	Elmentünk megnézni a tűzijátékot.
10183078	Что ты ползёшь как черепаха?	10183082	Mit vánszorogsz úgy, mint egy teknősbéka?
10176452	Я пишу книгу на испанском языке.	10183223	Írtam egy könyvet spanyolul.
10123548	Он не глупый. Он глухой.	10183228	Nem hülye; süket.
10119266	Том всегда делает слона из мухи.	10183229	Tomi mindig elefántot csinál a hangyából.
10186802	Я этого не вижу.	10186815	Én ezt nem látom.
10194141	Что она может делать?	10194149	Mit tehet ő?
10194141	Что она может делать?	10194150	Mit tud tenni?
10194141	Что она может делать?	10194151	Ő mit tud tenni?
10194141	Что она может делать?	10194153	Mit tehet?
10214635	Самолёт взлетит через час.	10214642	A repülő egy óra múlva felszáll.
10214634	Она пришла первой.	10214643	Ő érkezett először.
3343288	Думаешь, я вру?	10215107	Azt gondolod, hogy én hazudok?
10183078	Что ты ползёшь как черепаха?	10216835	Mit vánszorogsz, mint egy teknős!?
10217845	Этот год начинается хорошо.	10217858	Jól kezdődik az év.
10217810	Дождь идёт уже несколько часов.	10217861	Esik már pár órája.
10217807	Там тропический климат.	10217862	Ott trópusi a klíma.
10217836	На кого вы так смотрите?	10217864	Kit néztek úgy?
10217836	На кого вы так смотрите?	10217865	Kiket néztek annyira?
10215123	Я очень рада, что вы здесь.	10217867	Úgy örülök, hogy itt vagytok!
10215123	Я очень рада, что вы здесь.	10217871	Nagyon örülök neki, hogy itt vagytok.
10217808	Там суровый климат.	10218519	Kegyetlen ott az éghajlat.
10220647	Я должна быть там завтра утром.	10220655	Holnap reggel ott kell lennem.
10220676	Я бы, конечно, остался подольше, но не могу.	10220687	Természetesen maradnék még több ideig, csak nem tudok.
10224140	Для меня это тайна.	10224145	Számomra ez talány.
10227335	Иди туда одна.	10227343	Menj egyedül oda!
10227335	Иди туда одна.	10227344	Menj oda magad!
10227432	Это же очень вредно.	10227452	Nagyon káros ez.
10227445	Этому тоже надо учиться.	10227453	Ezt is meg kell tanulni.
10229844	Я не знаю их адреса.	10229847	Nem tudom nekik a címüket.
10229844	Я не знаю их адреса.	10229848	Nem tudom a címüket.
10251509	Дует ледяной северный ветер.	10251511	Fagyos északi szél fúj.
10256096	Ты можешь идти молча?	10256114	Tudsz csendben járni?
10256096	Ты можешь идти молча?	10256115	Tudsz csendesen közlekedni?
10256110	Я тут в очереди стою.	10256121	Sorban állok itt.
8708945	Когда ты можешь это сделать?	10257989	Mikor tudod megcsinálni?
10258147	Я не люблю работать ночью.	10258153	Nem szeretek éjszaka dolgozni.
10258160	Это железо.	10258169	Ez vas.
10258160	Это железо.	10258170	Vas ez.
10258172	Том гладил свою рубашку.	10258175	Az ingét vasalta Tomi.
2355840	Это не одно и то же.	10258178	Ez nem egy és ugyanaz.
10258294	Как далеко до Луны?	10258304	Milyen messze van a Hold?
10258305	На Луне нет ничего интересного.	10258312	Nincs semmi érdekes a Holdon.
10258369	После школы я буду играть в футбол.	10258378	Iskola után focizom majd.
10258176	Это конец!	10260402	Ez a vég!
5868551	Мы были втроём.	10262058	Hármasban voltunk.
10262468	Это последний день, когда мы вместе.	10263772	Ez az utolsó nap, hogy együtt vagyunk.
3455869	Тебе чего?	10263799	Neked mi kell?
1195811	Кем ты хочешь стать?	10263828	Mivé akarsz válni?
10265131	Они приняли участие в ралли.	10265133	Részt vettek a rallyn.
10265131	Они приняли участие в ралли.	10265134	A rallyn voltak.
10265129	Коты мяукали всю ночь.	10265135	Egész éjjel nyávogtak a macskák.
10265106	Какие же глупости я слышал!	10265137	Mekkora baromságot hallottam!
10265068	Я хотел купить шоколада.	10265138	Csokit akartam venni.
10264973	Откуда у тебя эти старинные монеты?	10265142	Honnan vannak neked ilyen régi érmeid?
10264973	Откуда у тебя эти старинные монеты?	10265143	Honnan vannak neked ezek a régi érmék?
10269893	"Я не буду это есть". - "Тебя никто не спрашивает, будешь ты или не будешь".	10269902	— Ezt én nem fogom megenni. — Senki sem kérdezett téged, hogy fogod-e vagy sem.
10269899	Что ты там всё время пишешь?	10269904	Mit írsz te ott végig?
10269899	Что ты там всё время пишешь?	10269906	Mit írogatsz te ott egész idő alatt?
10286827	Ну, успехов вам!	10286935	Na, sok szerencsét!
10286827	Ну, успехов вам!	10286937	Nos, járjatok szerencsével!
10286827	Ну, успехов вам!	10286938	Na, sok szerencsét nektek!
10286826	Ну, успехов тебе!	10286944	Hát, legyen szerencséd!
10286767	О, ты тоже здесь?	10286947	Nahát, te is itt vagy?
10286767	О, ты тоже здесь?	10286948	Nicsak, te is itt vagy?!
10286796	Может, это один и тот же человек.	10286951	Meglehet, hogy ez ugyanaz az ember.
10286893	Мы падаем.	10286965	Zuhanunk.
10286677	Самолёт через час.	10286972	Egy óra múlva indul a gép.
10286677	Самолёт через час.	10286973	Egy óránk van a repülőig.
10286978	Твой поезд через час.	10286992	Egy óra van a vonatodig.
4904650	Не смотрите на нас.	10293624	Ne nézzetek ránk!
9822249	Я надеюсь, что это так.	10294560	Remélem, hogy így van.
10295436	Рабочий день только начался.	10295444	Most kezdődött csak a munkanap.
10295295	"Они пишут письмо?" - "Да, турецкому султану".	10295472	— Levelet írnak ők. — Igen, a török szultánnak.
10295467	Я ещё даже дома не был.	10295481	Még nem is voltam otthon.
10299371	Мы играем на пляже в петанк.	10299380	A strandon pétanque-ozunk.
10299375	Урок кажется ей сложным.	10299381	Nehéznek tűnik neki a tananyag.
10299391	Она рассказывает учителю стихотворение.	10299402	Felmondja a tanárnak a verset.
10299398	Он написал ей стихотворение.	10299409	Verset írt neki.
10299405	Мы ездили кататься на лыжах.	10299417	Elmentünk síelni.
10299415	Тогда он открыл дверь и вышел.	10299422	Akkor kinyitotta az ajtót és kiment.
10299419	Они ушли в ресторан без меня.	10299427	Nélkülem mentek az étterembe.
10299425	Это животное может жить в неволе.	10299434	Fogságban is megél ez az állat.
10299654	В путь!	10299659	Útra fel!
388994	Не все книги стоит читать.	10299662	Minden könyvet nem érdemes elolvasni.
10299676	Даже не знаю, где они могут быть.	10299679	Azt sem tudom, hol lehetnek.
10299675	Даже не знаю, где она может быть.	10299681	Azt sem tudom, hol lehet ő.
10299693	Сегодня год, как Том познакомился с Мэри.	10299711	Ma egy éve, hogy Tomi megismerkedett Marival.
10299783	Мы любим танцевать.	10299791	Szeretünk táncolni.
10305286	Не сделать ли нам паузу?	10305292	Ne szüneteljünk egyet?
10305286	Не сделать ли нам паузу?	10305293	Ne tartsunk egy szünetet?
10305290	На нас смотрит весь мир.	10305294	Ránk néz az egész világ.
10305290	На нас смотрит весь мир.	10305296	Az egész világ minket néz.
10305290	На нас смотрит весь мир.	10305298	Rajtunk az egész világ szeme.
10322091	Он был в очках или без?	10322101	Szemüvegben volt vagy anélkül?
10322095	Утро. Дети завтракают.	10322103	Reggel van. A gyerekek reggeliznek.
10323741	Отдай это моим родителям, пожалуйста.	10323754	Ezt add át, légy szíves, a szüleimnek.
9728925	На один день хватит.	10325357	Elég egy napra.
3156014	Он играет в тетрис.	10329377	Tetriszezik.
10329617	Я её сейчас приведу.	10329626	Őt idézem most.
10329617	Я её сейчас приведу.	10329627	Tőle idézek most.
10329742	Это я вам как врач говорю.	10329744	Ezt mint orvos mondom önnek.
10332480	Он не хочет входить.	10332487	Nem akar bemenni.
10332478	Я не хочу туда входить.	10332489	Nem akarok oda bemenni.
10332486	Они не хотят заходить.	10332496	Nem akarnak bemenni.
5088899	В душе паук.	10332503	Pók van a zuhanyzóban.
10332497	Она войдёт?	10332505	Bemennek?
10332557	Мог бы для начала меня спросить.	10332572	Lehetne engem kérdezni kezdetnek.
10336945	Ты не ел.	10336953	Nem ettél.
10336945	Ты не ел.	10336954	Nem is ettél.
10336947	Вы не ели.	10336955	Nem ettetek.
10341657	Не бойся смерти.	10341663	Ne félj a haláltól.
10345674	Мне ни тот ни другой не нравится.	10345684	Nekem ez sem, meg a másik sem tetszik.
10346097	Куда тебе надо?	10346099	Hova kell menned?
10346097	Куда тебе надо?	10346100	Hová kell neked menned?
10346097	Куда тебе надо?	10346102	Neked hová kell menned?
10348612	Чем питаются пеликаны?	10348626	Mivel táplálkoznak a pelikánok?
10348732	Эту музыку написал Бах.	10348735	Ezt a zenét Bach írta.
10348740	Зачем он мне об этом говорит?	10348754	Miért nekem beszél erről?
10348752	Я же сказал тебе ничего ему не говорить.	10348763	Megmondtam neked, hogy ne mondj neki semmit.
10351503	Перед ужином он пошёл помыть руки.	10351513	Vacsora előtt elment kezet mosni.
10358662	Вы понимаете, в чём разница?	10358673	Értitek, mi a különbség?
10358670	Вы когда-нибудь такое видели?	10358678	Láttatok valamikor ilyet?
10362845	Ты завтра не придёшь?	10362853	Nem jössz holnap?
10362845	Ты завтра не придёшь?	10362857	Te nem jössz holnap?
10363425	Ты мне уже расскажешь наконец?	10363431	Elmeséled végre nekem is?
4271387	Я куплю вина и яблочного сока.	10364794	Veszek bort és almalét.
4927080	Жаль только - жить в эту пору прекрасную уж не придётся - ни мне, ни тебе.	10375665	Csak az a kár, hogy nem kell már élni ebben a szép időszakban – sem nekem, sem neked.
10455683	На вакцинации некоторые поднимают очень большие бабки.	10455694	Egyesek az oltáson nagyon megszedik magukat.
10455683	На вакцинации некоторые поднимают очень большие бабки.	10455695	Az oltakozással egyek s mások nagy pénzre tesznek szert.
5286928	Я будто говорю со стеной. Ты не слушаешь ничего, что я говорю.	10461418	Mintha a falhoz beszélnék: nem hallasz semmit, amit mondok én neked.
10462836	Он хочет, чтобы я дал ему свою машину.	10462843	Azt akarja, hogy odaadjam neki az autómat.
10462846	Я бы на ней женился, но она уже замужем.	10462855	Feleségül venném, de már férjezett.
10462846	Я бы на ней женился, но она уже замужем.	10462858	Elvenném, de már férjnél van.
10463020	Она хочет взять мою машину.	10463033	El akarja vinni az autómat.
10463030	Моя мать из Аргентины.	10463034	Anyám Argentínából való.
10463565	В этом доме я раньше жил.	10463575	Ebben a házban éltem annak idején.
10466278	У неё есть кто-то на стороне.	10466286	Van valaki mellette.
10466334	Я сидел рядом с Жаном.	10466348	Jani mellett ültem.
8741968	Он ей почти никогда не звонит.	10481065	Szinte soha nem hívja fel.
10482874	Он всегда получает хорошие оценки.	10482879	Mindig jó jegyeket kap.
10482874	Он всегда получает хорошие оценки.	10482880	Jó osztályzatokat kap mindig.
10482876	Вы прочли много романов?	10482886	Sok regényt olvastatok?
10482948	Он нас ждёт.	10482950	Minket vár.
10482948	Он нас ждёт.	10482951	Ránk vár.
10483636	Сожми руку в кулак.	10483643	Szorítsd ökölbe a kezed!
10484417	По-моему, она её любит.	10484427	Szerintem szereti őt.
10488697	И как люди жили без Интернета?	10488756	És hogyan éltek az emberek internet nélkül?
10494926	Как у мамы дела?	10494929	Hogy van anyu?
10494927	Как у отца дела?	10494933	Mi a helyzet apával?
10495957	Вот это я бы точно попробовал.	10495974	Ez az, amit kipróbálnék.
10497295	Пойди поиграй с ребятами.	10497307	Menj, játssz a gyerekekkel.
10497345	Главное - забыть о работе.	10497355	A fő: elfelejteni a munkát.
10496625	Я ещё кое-что хочу тебе сказать.	10499372	El akarok mondani még valamait neked.
10500391	«Ты куришь травку?» – «Ты что, мент?» – «Нет». – «Тогда какое тебе дело?»	10501277	— Fűvezel? — Mi vagy te, zsaru? — Nem. — Akkor meg mi dolgod vele?
10501696	Этот текст – не переводной.	10501701	Ez a szöveg nem fordítás.
10501727	Мне ты всё можешь сказать.	10501731	Nekem mindent elmondhatsz.
10501729	Мне можно сказать.	10501733	Nekem el lehet mondani.
10501728	Мне вы всё можете сказать.	10501735	Mindent elmondhattok nekem.
10503187	Вообще-то, я уже пришёл.	10503195	Az van, hogy én már elindultam.
1679032	Не говори мне об этом.	10503358	Ne beszélj nekem erről!
10502651	Никто не знает, что было потом.	10509065	Nem tudja senki, mi volt akkor.
10502651	Никто не знает, что было потом.	10509066	Senki sem tudja, hogy akkor mi volt.
6534945	Ты когда его в последний раз видел?	10511162	Te mikor láttad őt utoljára?
2720928	Я не знал, как сделать это, но я был готов попытаться.	10511366	Nem tudtam, hogy csináljam, de a tettvágy megvolt bennem hozzá.
4894724	Что мы делаем не так?	10512570	Mit nem csinálunk jól?
4894724	Что мы делаем не так?	10512991	Mit csinálunk nem jól?
10515163	А это не одно и то же?	10515168	És ez nem ugyanaz?
10515162	Это разве не одно и то же?	10515171	És ez ugyan nem ugyanaz?
10515173	Я был уверен, что это одно и то же.	10515181	Biztos voltam benne, hogy ez egy és ugyanaz.
10515174	Она совершенно безумна.	10515184	Teljesen elment az esze.
10515174	Она совершенно безумна.	10515185	Tiszta gyagya.
10515174	Она совершенно безумна.	10515186	Megőrült teljesen.
10515238	Он делал это из жалости.	10515248	Szánalomból tette.
10519163	Я уже начинаю жалеть об этом решении.	10519170	Már bánom is a döntésemet.
10524419	Как по-испански будет "кошка"?	10524444	Hogy van spanyolul a macska?
10526424	Он открыл дверцу машины.	10526429	Kinyitotta a kocsiajtót?
10526422	Хоть вы мне объясните, что здесь происходит.	10526444	Magyarázzátok legalább el, hogy mi folyik itt.
8172156	Скажи ему, что я тебя люблю.	10526509	Mondd meg neki, hogy téged szeretlek.
10526599	Папе привет передавай.	10526607	Add át apunak üdvözletemet!
10526598	Маме привет передавай.	10526615	Add át anyunak üdvözletemet!
10526618	Молодому человеку пришла в голову хорошая идея.	10526650	A fiatalembernek egy jó ötlet jutott eszébe.
10526646	Два года спустя мы были женаты.	10526652	Két évvel rá házasok voltunk már.
10526646	Два года спустя мы были женаты.	10526653	Két év elteltével már házasoknak mondhattuk magunkat.
10526749	Может быть, вы мне объясните, что здесь происходит?	10527192	Nem lehet, hogy elmagyarázzátok nekem is, hogy mi folyik itt?
10526422	Хоть вы мне объясните, что здесь происходит.	10527774	Esetleg magyarázzátok el, mi történik.
10527919	Я им солгал.	10527921	Hazudtam nekik.
1601443	Давай притворимся, что мы ниндзя.	10531293	Játsszuk azt, hogy nindzsák vagyunk!
1601443	Давай притворимся, что мы ниндзя.	10531294	Játsszunk nindzsásat!
8172149	Я подожду тебя снаружи.	10531887	Megvárlak kint.
8139653	Я там был и всё видел.	10532362	Ott voltam, és mindent láttam.
10536042	Сколько я её помню, она всегда такой была.	10536044	Amennyire emlékszem rá, ő mindig is ilyen volt.
10536039	Ты всё не так понимаешь.	10536051	Te mindig máshogy érted.
10537795	Он искал их весь день.	10537797	Egész nap kereste őket.
10537793	Я не взял ключи от дома.	10537798	Nem hoztam el otthonról a kulcsokat.
6772981	Можно сделать и так.	10539150	Így is lehet csinálni.
10540991	Я ни от кого ничего не жду.	10540997	Semmit sem várok el.
10540991	Я ни от кого ничего не жду.	10541005	Nem várok el semmit senkitől.
10541003	Мы ни от кого ничего не ждём.	10541009	Nem várunk el semmit.
10541035	Ненавижу шапки.	10541037	Nem szeretem a sapkát.
10541033	Зима на дворе, а ты без шапки.	10541042	Tél van kint, te meg sapka nélkül vagy.
10541040	А ты не так глупа, какой кажешься.	10541045	Nem is vagy olyan hülye, mint amilyennek látszol.
10541040	А ты не так глупа, какой кажешься.	10541048	Nem is vagy olyan hülye, mint amilyennek tűnsz.
10541040	А ты не так глупа, какой кажешься.	10541049	Nem is vagy olyan hülye, mint amilyennek kinézel.
8970522	Она не твоя дочь.	10541057	Ő nem a te lányod.
10541046	А Вы не так глупы, какой кажетесь.	10541094	Ön nem is olyan ostoba, mint amilyennek látszik.
10541194	Я уже выпил три кружки пива.	10541205	Megittam már három korsó sört.
10541305	Том боится крыс.	10541318	Béla fél a patkányoktól.
10532097	Я там был и видел это собственными глазами.	10541376	Ott voltam, és láttam a saját szememmel.
10547741	Эти времена прошли.	10547748	Elmúltak azok az idők.
10552984	И то, и то возможно.	10552993	Ez is, meg az is lehetséges.
10553071	Обед будет подан в двенадцать.	10553083	Az ebéd délben lesz tálalva.
6940437	Моника училась с горем пополам.	10554775	Mónika tessék-lássék módon tanult.
10556871	Я не могу ходить без палки.	10556879	Bot nélkül nem tudok járni.
10564920	Я забыл кое-что сделать.	10564939	Elfelejtettem megcsinálni valamit.
10565049	Ух ты, сколько снега нападало!	10565053	Hú te, mennyi hó leesett!
10565048	Смотрите, сколько снега нападало!	10565056	Nézzétek, mennyi hó esettt!
10568640	Это здесь, в двух шагах.	10568647	Itt van egy ugrásra.
10568754	У нас не настолько близкие отношения, чтобы просить у него денег.	10568758	Nem állunk elég közeli kapcsolatban, hogy pénzt kérjek tőle.
10568640	Это здесь, в двух шагах.	10569804	Itt van egy köpésre.
10568640	Это здесь, в двух шагах.	10569805	Itt van pár lépésre.
10568640	Это здесь, в двух шагах.	10569806	Itt van pár lépésnyire.
10570684	"Что Вы делаете весь день?" - "Ем".	10570687	— Mit csinál egész nap? — Eszem.
10571715	Ты уже упаковал подарки?	10571717	Becsomagoltad már az ajándékokat?
10571781	Эти часы давно не ходят.	10571788	Ezek az órák rég nem járnak már.
10572678	Вы не можете идти быстрее?	10572683	Nem tudtok gyorsabban menni?
10572676	Ты не можешь идти быстрее?	10572686	Nem tudsz gyorsabban menni?
10573039	Они опоздают на поезд.	10573046	Lekésik a vonatot.
10574717	Они говорят обо мне.	10574726	Rólam beszélnek.
10574717	Они говорят обо мне.	10574727	Ők rólam beszélnek.
10574830	Ты говоришь о себе.	10574850	Magadról beszélsz.
10575442	Вокруг меня порхает бабочка.	10575450	Köröttem pillangó szálldos.
10575442	Вокруг меня порхает бабочка.	10575454	Lepke röpköd körülöttem.
10575636	Скорее бы завтра!	10575644	Inkább majd holnap.
8565997	А смысл?	10575652	Hanem mi a lényeg?
1872366	Это имеет смысл.	10575654	Ennek van értelme.
10575642	Смысл не в этом.	10575657	A lényeg nem ez.
10575658	"Вы китаец?" - "Нет, я японец".	10575662	— Ön kínai? — Nem, japán vagyok.
10579230	Интересно, о чём он думает.	10579232	Érdekelne, hogy mire gondol.
10579227	Мне не двенадцать лет. Я всё понимаю.	10579235	Nem vagyok tizenkét éves. Mindent értek.
10579234	Работа для него всегда была на первом месте.	10579238	Neki a munka mindig az első volt.
10579234	Работа для него всегда была на первом месте.	10579239	Számára a munka mindig is az első helyen állt.
10579233	Семья для неё всегда была на первом месте.	10579240	Számára a család volt mindig az első helyen.
10579233	Семья для неё всегда была на первом месте.	10579241	Neki mindig a család volt az első helyen.
10579401	Я это сто раз делал.	10579404	Ezt százszor megcsináltam.
10589478	Ты можешь передать ему сообщение?	10589483	Át tudsz neki adni üzenetet?
10589481	Кто тут у вас начальник?	10589487	Ki itt nálatok a főnök?
10594108	Я играл с сестрой.	10594115	A húgommal játszottam.
10598976	Никто не знает, что с ним стало потом.	10598982	Senki sem tudja, hogy mi történt vele azután.
10598992	Я сейчас не могу работать.	10598996	Most nem tudok dolgozni.
10598991	Пожалуйста, дайте мне немного отдохнуть.	10598998	Hadd pihenjek meg, kérlek benneteket!
6142415	Ну и погодка.	10599249	Ezt az időjárást!
6142415	Ну и погодка.	10599250	Ilyen egy időt!
6142415	Ну и погодка.	10599257	Még ezt az időt!
10601417	Ему не нравится.	10601422	Nem tetszik neki.
10601417	Ему не нравится.	10601425	Nem jön be neki.
10601772	Ты не любишь читать?	10601778	Nem szeretsz olvasni?
10602289	Вы меня ещё не знаете.	10602300	Nem ismertek még engem.
10602289	Вы меня ещё не знаете.	10602304	Ti még nem ismertek engem.
10602303	Вчера я была больна.	10602310	Beteg voltam tegnap.
10602285	Мы будем ждать вас в машине.	10602353	Az autóban várunk majd titeket.
10602461	Я не люблю, когда вы опаздываете.	10602464	Nem szeretem, ha késtek.
10602456	Она этого не любит.	10602468	Nem szereti ezt.
10602466	Я не люблю слишком сладкие конфеты.	10602485	Nem szeretem a túl édes cukorkákat.
10603882	Уже поздно, так что я пойду спать.	10603886	Későre jár már, úgyhogy lefekszem.
10603970	Вы будете говорить на эсперанто со мной.	10603977	Eszperantóul fogtok velem beszélni.
10603975	Когда мы поговорим об этом деле?	10603980	Mikor fogjok megbeszélni ezt a dolgot?
10603973	Вы вместе поехали в Чехию?	10603982	Együtt mentetek Csehországba?
10606456	Марафон был отменён.	10606461	Elmaradt a maraton.
10608232	Когда я выпью, я ещё и по-французски говорю.	10608240	Amikor én bepiálok, még franciául is beszélek.
10608239	Я хожу в школу, потому что хочу учиться.	10608251	Iskolába megyek, mert tanulni akarok.
10608323	Он без маски.	10608329	Maszk nélkül van.
10608339	Ношение маски необязательно.	10608350	A maszk hordása nem kötelező.
10611454	Чем хотите сейчас заняться?	10611467	Mit akartok most csinálni?
10611454	Чем хотите сейчас заняться?	10611468	Mihez akartok most kezdeni?
10208830	Два в одном!	10611544	Kettő az egyben.
10611545	У него одна нога длиннее другой.	10611599	Az egyik lába hosszabb neki.
10611545	У него одна нога длиннее другой.	10611601	Az egyik lába hosszabb a másiknál.
10611545	У него одна нога длиннее другой.	10611602	Az egyik lába hosszabb, mint a másik.
9615253	Я тоже не знаю, чего хочу.	10612234	Én sem tudom, mit akarok.
10614084	Можно мне взять у него один?	10614095	El szabad vennem ebből egyet?
10614098	А как бы ты ответил на этот вопрос?	10614107	És te hogyan válaszolnál erre a kérdésre?
10614144	Не забудь спросить у него, что он об этом думает.	10614147	Ne felejtsd el tőle megkérdeni, mit gondol erről.
10614144	Не забудь спросить у него, что он об этом думает.	10614148	Ne felejtsd el megkérdezni őt, hogy mit gondol erről.
10614163	Ты извинился?	10614174	Bocsánatot kértél?
2304748	Каким же я был дураком!	10614199	Milyen hülye is voltam én!
10614183	Ты даже не извинилась.	10614226	Még bocsánatot sem kértél!
10612968	Там, где я это нашёл, есть ещё.	10614592	Ott, ahol ezt találtam, van még.
10614066	Двадцать сигарет в день - это ещё не так много.	10614611	Húsz szál cigaretta naponta – ez még nem olyan sok.
10614067	Пачка сигарет в день - это ещё не так много.	10614614	Doboz cigi naponta – az még nem olyan sok.
10614048	У меня нет денег даже на сигареты.	10614616	Még cigire sincs pénzem.
10611547	У него одна нога короче другой.	10614625	Egyik lába rövidebb a másiknál.
10611547	У него одна нога короче другой.	10614626	Az egyik lába rövidebb, mint a másik.
10614951	Мама всегда поёт, когда готовит.	10615592	Anyu mindig énekel, amikor főz.
10615849	Нет, не думаю.	10615859	Nem, szerintem nem.
6761258	Я уже ухожу.	10625247	Már itt sem vagyok.
6761258	Я уже ухожу.	10625249	Már indulok is.
10170081	Я не хочу замуж.	10625637	Nem akarok férjhez menni.
3794882	Я не собираюсь это есть.	10632651	Nem szándékozom megenni ezt.
3794882	Я не собираюсь это есть.	10632652	Ezt nem áll szándékomban megenni.
10634075	У него полно долгов.	10634082	Tele van adósággal.
10636259	Он не может двигаться.	10636269	Nem tud mozdulni.
10636259	Он не может двигаться.	10636270	Nem tud mozogni.
6386773	Именно мы сделали это.	10636277	Pontosan mi tettük ezt.
5349295	Он, как обычно, встал в пять.	10636279	Szokásához híven ötkor kelt.
5349295	Он, как обычно, встал в пять.	10636282	Ötkor kelt, ahogy szokott.
10636494	Не знаю, будет ли он играть.	10636500	Nem tudom, hogy fog-e játszani.
10636493	Не знаю, слышала ли она меня.	10636506	Nem tudom, hallott-e.
10636493	Не знаю, слышала ли она меня.	10636510	Nem tudom, hogy hallott-e ő engem.
10636507	Тебе надо было учиться плавать в молодости.	10636517	Meg kellett volna tanulnod úszni fiatalkorodban.
10643225	Он смотрел, как заходит солнце.	10643230	Figyelte, hogyan nyugszik le a nap.
1678277	Я плохо сплю.	10643783	Szarul alszom.
10502314	Никто не знает, что потом случилось.	10644831	Senki sem tudja, mi történt aztán.
10502314	Никто не знает, что потом случилось.	10644841	Senki sem tudja, hogy aztán mi történt.
10502314	Никто не знает, что потом случилось.	10644843	Senki sem tudja, hogy aztán mi lett.
10502651	Никто не знает, что было потом.	10644844	Senki sem tudja, mi következett aztán.
10502651	Никто не знает, что было потом.	10644845	Senki sem tudja, mi volt aztán.
10502651	Никто не знает, что было потом.	10644848	Senki sem tudja, mi lett aztán.
10646528	Каким будет конец?	10646532	Milyen vége lesz?
10646538	В эти дни дороги пустые.	10646542	Üresek az utak ezeken a napokon.
10646538	В эти дни дороги пустые.	10646546	Üresek az utak ezekben a napokban.
10646638	Ты была на концерте?	10646640	Voltál koncerten?
10660875	Это совсем не то, что ты подумал.	10660883	Ez egyáltalán nem az, mint amire gondolsz.
10661110	Больше не болит?	10661119	Nem fáj már?
3872981	Я не знаю куда.	10667029	Nem tudom, merre tovább.
3872981	Я не знаю куда.	10667030	Nem tudom, hova küldjem.
3872981	Я не знаю куда.	10667031	Nem tudom, hova kell címezni.
2041705	Как я рад!	10679505	Mennyire örülök!
2204844	Сколько я тебе должен?	10682482	Mennyit kell megadnom neked?
10688300	Отдай это маме.	10688301	Add oda ezt anyunak.
10695086	Люди были в шоке.	10695091	Sokkolva voltak az emberek.
10695086	Люди были в шоке.	10695095	Meg voltak döbbenve az emberek.
10696309	Я не знаю, где мой папа.	10696428	Nem tudom, hol van az én apukám.
5251141	Символ коммунизма — серп и молот.	10700446	A kommunizmus szimbóluma a sarló-kalapács.
6366464	«Бонжур, месье, бонжур!» — «Что он сказал?» — «Что-то про абажур».	10704307	— Bonjour, monsieur, bonjour! — Mit mond? —Valamit a mosóporról.
5947787	Как часто вы это делаете?	10705299	Ezt milyen gyakran teszitek?
10710679	Когда в Германии лето, в Аргентине зима.	10712828	Amikor Németországban nyár van, akkor Argentínában tél.
10709245	Этот виноград без косточек.	10712829	Ez magszegény szőlő.
10709232	Это растение любит тень.	10712830	Ez a növény árnyékkedvelő.
10709209	Вот тогда-то все и началось.	10713965	Hát így kezdődött minden.
10708375	Время от времени ко мне приезжал мой сын.	10713966	Időnként eljött hozzám a fiam.
10707205	Ты знаешь, что она отвечает.	10713968	Tudod, mit fog válaszolni.
10713946	«Ты уверен?» – «Я уже нынче ни в чём не уверен наверняка».	10714057	— Biztos vagy benne? — Hallod, én már semmiben sem vagyok biztos.
10713946	«Ты уверен?» – «Я уже нынче ни в чём не уверен наверняка».	10714066	— Biztos vagy te ebben? — Én aztán már semmiben sem vagyok biztos.
5224898	Очень вкусно. Что это?	10717752	De finom! Mi ez?
5063264	Я здесь родился.	10718187	Itt születtem én.
8852967	Родители, мягко говоря, не в восторге.	10719531	A szülők, úgymond, nem voltak boldogok.
8852967	Родители, мягко говоря, не в восторге.	10719532	A szülőknek, finoman szólva, nem tetszett a helyzet.
10719973	Ты говоришь очевидные вещи.	10719977	Egyértelmű dolgokról beszélsz.
10719976	Может быть, я говорю очевидные вещи, но многие почему-то об этом забывают.	10719982	Lehet, hogy triviális dolgokról beszélek, de valamiért mégis elfelejtik sokan.
10719978	Он ничего не оставил.	10719986	Semit nem hagyott el.
10719984	Она вообще кто?	10719987	Ki is ő?
10719984	Она вообще кто?	10719989	Ki ő amúgy?
10719984	Она вообще кто?	10719991	Ki ő tulajdonképpen?
10719985	Они вообще кто?	10719993	Ők kik amúgy?
10719985	Они вообще кто?	10719994	Kik is ők?
10719997	Ты будешь не прав.	10720001	Nem lesz igazad.
10719988	Это вообще кто?	10720003	Ez meg ki?
10719969	Что-нибудь осталось?	10720011	Nincs meg valami?
10719969	Что-нибудь осталось?	10720012	Elveszett valami?
10719992	Я могу вас лично в этом заверить.	10720016	Személyesen biztosíthatom önöket effelől.
10720014	Иногда очень полезно промолчать.	10720018	Igen hasznos néha hallgatni.
10723992	Наши цели ясны, задачи определены. За работу, товарищи!	10724402	Céljaink világosak, a feladatok adottak – munkára barátaim!
2005562	Всем понятно?	10725190	Érthető mindenkinek?
2005562	Всем понятно?	10725191	Mindenki számára erthető?
10727294	Своих не бросаем.	10727303	Nem hagyjuk hátra a mieinket.
10727294	Своих не бросаем.	10727324	Nem hagyjuk el a mieinket.
10728137	Давайте сделаем так.	10728138	Csináljuk így!
693884	Идиот!	10728408	Baromállat!
693884	Идиот!	10728409	Agyatlan!
693884	Идиот!	10728410	Ökörállat!
693884	Идиот!	10728411	Eszetlen!
10728735	Моя мама лучше всех!	10728736	Az én anyukám mindenkinél jobb.
10728747	Хотите поговорить? Давайте поговорим!	10728759	Beszélni akartok? Beszéljünk!
10729674	Сил, времени и денег не хватает никогда.	10729676	Erő, idő és pénz soha nem áll elég rendelkezésre.
10728359	Кое-где ещё лежит снег.	10729686	Egyes helyeket még hó takar.
10730373	Посмотрим, сколько времени у меня это займёт.	10730386	Nézd, mennyi időmet veszi igénybe!
8584446	Вечером придёте?	10730757	Jöttök este?
8967182	Вы придёте?	10730758	Jössztök?
381260	Он обязательно придёт.	10730759	Biztos jön.
381260	Он обязательно придёт.	10730760	Bizti, hogy ő jön.
381260	Он обязательно придёт.	10730761	Eljön ő biztosan.
10731278	"Канада большая". - "Алжир тоже".	10732063	— Kanada nagy. — Algéria is.
10739149	У меня никогда не будет возможности это сделать.	10739150	Nekem erre soha nem lesz lehetőségem.
10742393	Джон говорит, что банк закрывается в три.	10742402	Azt mondja Jani, hogy a bank háromkor zár.
10742395	Джон говорит, что банк закрывается в три часа.	10742403	Azt állítja Jani, hogy három órakor bezár a bank.
10742437	Это место действительно шумное.	10742448	Tényleg zajos ez a hely.
10743877	Ты, часом, не шпион?	10743884	Te most kém vagy?
10745740	Всё не так плохо, как кажется, – всё намного, намного хуже.	10745745	Nem minden olyan rossz, mint amilyennek tűnik – sokkal, sokkal rosszabb minden.
10747154	Мне так хорошо.	10747158	Olyan jól vagyok!
10747212	Лучше не будет.	10747213	Jobb nem lesz.
3720336	Пожалуйста, проходите в конец автобуса.	10754229	Gyertek ki, kérlek, a busz mögül!
3720336	Пожалуйста, проходите в конец автобуса.	10754230	Gyertek ki, legyetek szívesek, a busz mögül!
10756264	Я всегда вам это говорю.	10756265	Én mindig is ezt mondom nektek.
10756426	Почему ты смеешься?	10756436	Te miért nevetsz?
10756435	Ну начинается.	10756437	Na, kezdődjön!
10756433	Идёт охота на ведьм.	10756445	Boszorkányüldözés folyik.
10756529	Не думаю, что боги существуют.	10756533	Nem hinném, hogy vannak istenek.
10757434	Книга - лучшее снотворное.	10757439	A könyv a legjobb altató.
10757740	Сейчас твоя очередь или ещё нет?	10757749	Most te jössz vagy még nem?
10757748	Он сказал мне, что болеет.	10757750	Mondta, hogy beteg.
10757748	Он сказал мне, что болеет.	10757751	Mondta nekem, hogy beteg.
10757744	Ты только сейчас заканчиваешь?	10757752	Csak most fejezed be?
10757744	Ты только сейчас заканчиваешь?	10757754	Még csak most fejezed be?
10758692	Что будем строить?	10758814	Mit fogunk építeni?
10759533	Том мне ещё иногда пишет.	10759545	Elemér ír nekem még néha.
10760628	Он уверен в успехе.	10760634	Biztos a sikerben.
7448270	Мне пришлось открыть новую пачку.	10760715	Egy úgy csomagot kellett kinyitnom.
10616068	Я взял последнюю пачку сосисок.	10760720	Elvittem az utolsó csomag virslit.
10761136	У меня тут всё готово.	10761145	Itt mindennel kész vagyok.
10761758	Настоящую любовь можно встретить в любом возрасте.	10761959	Az igaz szerelem bármely korban rád talalhat.
10762542	Я практик.	10762548	Praktikus ember vagyok.
10764403	Читай инструкцию!	10764406	Olvasd el az utasítást!
10760140	Эти цвета тебе идут.	10765031	Mennek hozzád ezek a színek.
10758706	Кончай компостировать мне мозги.	10765038	Ne fárasszál már!
10758701	Я сделал несколько ошибок.	10765039	Nem sok hibát ejtettem.
10758701	Я сделал несколько ошибок.	10765040	Nem vétettem sok hibát.
7533721	Сливки?	10765049	Kér tejszínt?
652749	Хотите сливки в кофе?	10765052	Kér tejszínt a kávéba?
2509411	Вы пьёте кофе со сливками?	10765055	Tejszínnel issza a kávét?
7448272	Я открою новую пачку.	10765080	Felnyitok egy új csomagot.
7448269	Я открыл новую пачку.	10765082	Felnyitottam egy új csomagot.
7942888	Сколько стоит пачка сигарет?	10765084	Mennyibe kerül egy csomag cigaretta?
2796810	Я хочу купить пачку сигарет.	10765089	Egy csomag cigarettát akarok venni.
4190681	На столе лежала пачка сигарет.	10765090	Egy csomag cigaretta volt az asztalon.
6333350	Том выкуривает по три пачки сигарет в день.	10765093	Tom naponta három doboz cigarettát szív el.
7533721	Сливки?	10765226	Tejszínt?
2830890	Ешь, пей то, что есть.	10766350	Azt edd, idd, ami van.
2810600	Она убрала посуду со стола.	10766353	Leszedte a tányérokat az asztalról.
4530519	Сколько времени его не было?	10767900	Meddig nem volt?
10768485	Судя по небу, скоро будет дождь.	10768495	Az eget elnézve nemsokára esni fog.
510843	Куда вы идёте в следующее воскресенье?	10769614	Hová mentek következő vasárnap?
510843	Куда вы идёте в следующее воскресенье?	10769615	Hova mentek a következő vasárnap?
510843	Куда вы идёте в следующее воскресенье?	10769616	Hová mentek következő vasárnapon?
510843	Куда вы идёте в следующее воскресенье?	10769617	A következő vasárnapon ti hová mentek?
510843	Куда вы идёте в следующее воскресенье?	10769618	Következő vasárnap hová mentek ti?
510843	Куда вы идёте в следующее воскресенье?	10769619	Kövi vasárnap merre mentek?
510843	Куда вы идёте в следующее воскресенье?	10769622	Hova megy jövő vasárnap?
510843	Куда вы идёте в следующее воскресенье?	10769623	Hova mentek jövő vasárnap?
10772703	Мы её видим, а она нас нет.	10772719	Látjuk mi őt, de ő minket nem.
10768524	«Хочешь чего-нибудь попить?» – «Нет, спасибо».	10772753	— Innál valamit? — Nem, kösz!
10767775	Я вам всем ещё покажу.	10774245	Na, megmutatom én!
1882155	Почему ты так говоришь?	10774403	Miért mondasz ilyet?
10773620	Он последний, с кем я хотел бы разговаривать.	10775412	Ő az utolsó, akivel beszélgetni akarnék.
10776156	Мне лень бриться.	10776165	Lusta vagyok megborotválkozni.
10776164	Я всё понимаю, но ничем помочь не могу.	10776173	Értem én, csak nem tudok vele mit csinálni.
10776182	Я боялся не застать её в живых.	10776188	Féltem, hogy nem találom már életben.
10776187	Они же там будут?	10776191	Ők is ott lesznek, nem?
10776206	Они тоже там будут?	10777005	Ők is ott lesznek?
10776203	Они там тоже будут.	10777006	Ott lesznek ők is.
633764	Стол накрыт!	10781772	Az asztal terítve!
10801868	Я не рассчитал свои силы.	10801880	Nem mértem fel jól az erőmet.
10808712	Он сказал ему, что он будет делать.	10808719	Elmondta neki, hogy mit fog majd csinálni.
5521325	На твоём месте я бы сказала да.	10808726	A helyedben én igent mondanék.
3384937	Вы должны идти на работу.	10808730	Mennetek kell dolgozni.
10826055	Мы на четвёртом этаже.	10826057	A negyediken vagyunk.
10826055	Мы на четвёртом этаже.	10826058	A négyesen vagyunk.
10826055	Мы на четвёртом этаже.	10826060	A negyedik emeleten vagyunk.
10826059	Они пошли за пивом.	10826063	Elmentek sörért.
10826412	Он любит апельсиновый сок.	10826416	Szereti a narancslét.
8594854	Я уснул, пока ждал.	10828141	Elbóbiskoltam, amíg vártam.
10834531	Вчера я играла в теннис.	10834599	Tegnap teniszeztem.
10834522	Ты можешь больше, чем это.	10834603	Te ennél többet tudsz.
10832508	Сегодня у меня только три часа.	10834607	Ma csak három órám van.
10832508	Сегодня у меня только три часа.	10834609	Csak három órám lesz ma.
10832506	И у меня такая же проблема.	10834613	Nekem is ugyanaz a bajom.
10832479	У меня есть душа.	10834616	Van lelkem.
10834659	Они забыли свой язык.	10834668	Elfelejtették a saját nyelvüket.
10834718	Ты шуток не понимаешь, да?	10836119	Nem érted a viccet, mi?
10836834	Ну, кто что видел?	10836838	Na, ki mit látott?
10836832	Ну, кто где был?	10836839	Nos, ki hol volt?
10836832	Ну, кто где был?	10836840	Na szóval, ki merre volt?
10836831	Рассказывайте, кто что видел.	10836846	Meséljétek el, ki mit látott.
10844002	Чего бы такого купить?	10844350	Miért kellene ilyet venni?
10841902	Я же вам самого главного не рассказал!	10844357	A legfontosabbat még el sem mondtam nektek.
3988164	Я не знал, где искать.	10844883	Nem tudtam, hogy hol keressem.
10846432	Оденься, пожалуйста, нормально.	10846440	Illően öltözködjenek, kérem.
10839107	Весной сюда прилетают кукушки.	10846517	Tavasszal iderepülnek a kakukkok.
10846521	Скажи мне, кого ты любишь, и я скажу тебе, кто ты.	10846529	Mondd meg, kit szeretsz, és megmondom, ki vagy.
10846528	Она с ним не пошла.	10846531	Nem ment el vele.
10847124	Я, конечно, не такая умная, как ты, но кое-что всё-таки понимаю.	10847133	Természetesen nem vagyok olyan okos, mint te, de egyet s mást azért megértek.
7215788	Интересно, почему он так сказал.	10847191	Érdekelne, hogy miért mondott ilyet.
10847242	Я иду рыбачить.	10847252	Elmentem pecázni.
10844617	Я больше не мог смотреть на это.	10847256	Rá sem bírtam már nézni.
10844617	Я больше не мог смотреть на это.	10847258	Nem bírtam tovább nézni ezt.
10848988	Моя бабушка совсем ничего не видит.	10848995	Mamám semmit sem lát.
10848981	В помещении было пусто.	10849001	Üres volt a helyiség.
3477873	Комната была пуста.	10849003	Üres volt a szoba.
10849008	Вокруг собора есть пешеходная зона.	10849012	A dóm körül gyalogos övezet van.
468458	Я его сегодня увижу.	10849054	Látni fogom ma őt.
10849107	Мне ещё надо подумать.	10849140	Nekem még gondolkodnom kell rajta.
10849614	Я знаю, что я думаю.	10849622	Tudom, mit gondolok.
745540	Твоя очередь.	10853979	Te vagy a soros.
1991577	Моя очередь?	10853980	Én vagyok?
1991577	Моя очередь?	10853981	Én jövök?
1991577	Моя очередь?	10853982	Én következem?
7033199	Очередь растёт.	10853983	Nől a sor.
7033199	Очередь растёт.	10853984	Növekszik a sor.
899449	Теперь моя очередь.	10853985	Én vagyok most.
10862649	Я без работы не останусь.	10862659	Nem maradok munka nélkül.
10862691	Я бы пошёл в десять.	10862694	Tízkor lépnék.
10862691	Я бы пошёл в десять.	10862695	Tízkor mennék.
10862962	Прогноз погодны сегодня не очень.	10863199	Nem mondanak jó időt mára.
10862680	Они всегда так опаздывают...	10863202	Annyit késnek mindig.
10862676	Это бесовство какое-то.	10863206	Ez akkora őrültség!
10862669	Мне не нужно, чтобы ты была счастлива. Мне нужно, чтобы ты была здорова.	10863209	Nekem nem az kell, hogy bolgog légy; az kell, hogy egészséges legyél.
10862644	Это всегда можно проверить.	10863210	Mindig is hihető.
3835753	Что они изучают?	10864517	Mit tanulnak?
10871022	Она моется.	10871029	Mosakodik.
10871022	Она моется.	10871030	Mosdik.
10864967	Я же вас давно знаю.	10871412	Régóta ismerlek én már titeket.
10873630	Это не вино. Это просто виноградный сок.	10873632	Ez nem bor, csak szőlőlé.
2146987	Положи книгу туда, где ты её нашёл.	10873655	Oda tedd a könyvet, ahol volt!
2146987	Положи книгу туда, где ты её нашёл.	10873656	Tegyed oda a könyvet, ahonnan elvetted!
10873659	Я не о вас конкретно говорю. Я говорю вообще о людях.	10873664	Nem konkrétan önről beszélek. Általánosságban beszélek az emberekről.
10873641	Я не о тебе конкретно говорю.	10873666	Nem konkrétan rólad beszélek.
10897889	Это весьма доходный бизнес, хотя и рискованный.	10898788	Nem mondom, van pénz ebben az üzletben, ámbátor kockázatos.
10897886	Сначала он стеснялся.	10898795	Élőször félénk volt.
10897883	Нужно решить, кто понесёт знамя на параде.	10898809	Dönteni kell, hogy ki viszi a zászlót a parádén.
10897880	По моему, клей-карандаш удобнее, чем жидкий клей.	10898814	Szerintem a ragasztóstiftet egyszerűbb hadznalni, mint a folyékony ragasztót.
10897880	По моему, клей-карандаш удобнее, чем жидкий клей.	10898815	Szerintem a ragasztóstift nem olyan macerás, mint a Technokol.
10901176	Полиция меня ищет.	10901180	Engem keres a rendőrség.
7855933	Мне надо обновить гардероб.	10905189	Újjá kell varázsolnom a gardróbot.
10905064	Мне не нравится это шоу.	10905206	Nekem nem tetszik ez a show.
10905046	Твой ужин в духовке.	10905211	A sütőben van a vacsorád.
10905046	Твой ужин в духовке.	10905214	A sütőben találod a vacsorádat.
10905046	Твой ужин в духовке.	10905215	A sütőben van a vacsid.
10903454	Что ты хочешь, чтобы я для тебя сделала?	10905315	Mit akarsz, mit tegyek érted?
10903388	Там ещё кто-нибудь будет?	10905317	Lesz még valaki ott?
10903386	Там ещё что-нибудь будет?	10905329	Lesz még ott valami?
5946946	Надеюсь, вам понравится.	10905455	Remélem, tetszeni fog majd nekik.
5946946	Надеюсь, вам понравится.	10905456	Remélem, tetszeni fog nekik.
5946946	Надеюсь, вам понравится.	10905458	Remélem, hogy tetszik majd nekik.
10926088	Уже расцвели подснежники.	10926100	Kinyílt már a hóvirág.
10926139	Ты ешь свой шоколад.	10926142	A te csokidat eszed.
10926139	Ты ешь свой шоколад.	10926145	A te csokoládéd eszed.
10926139	Ты ешь свой шоколад.	10926146	Te a te csokoládédat eszed.
10926116	Я читал всё, что попадалось мне под руку.	10926464	Elolvastam mindent, ami a kezem ügyébe került.
10926114	Я читал всё подряд.	10926467	Minden fellelhetőt elolvastam.
10927930	Куда вы спрятали деньги?	10927939	Hova rejtettétek a pénzt?
10927930	Куда вы спрятали деньги?	10927940	Hová dugtátok el a pénzt?
10927968	Мы такие старые.	10927975	Olyan öregek vagyunk.
10934852	Я хотел бы, чтобы ты пошёл её посмотреть.	10935194	Szeretném, ha megnéznéd őt.
10935255	Как оно должно называться?	10935260	Hogy értsem ezt?
10935363	Красная роза - эмблема любви.	10935368	A vörös rózsa a szerelem szimbóluma.
10937532	Это стандартные вопросы.	10937546	Ezek általános kérdések.
10937545	Вам придётся пойти одним.	10937556	Egyedül kell önnek mennie.
10937554	Ну что, все готовы? Можем идти?	10937558	Mi van akkor, ha mind kész vagyunk? Mehetünk?
10937573	Я почему-то такого не помню.	10937581	Nem emlékszem valamiért.
10937575	Я прекрасно помню, как ты это говорил.	10937582	Jól emlékszem, hogy mondtad.
10937575	Я прекрасно помню, как ты это говорил.	10937583	Emlékszem jól, hogy hogyan mondtad.
10937818	Я в жизни такого не видел.	10937825	Ilyet még nem láttam életemben.
10937818	Я в жизни такого не видел.	10937827	Ilyet még nem pipáltam életemben.
10937818	Я в жизни такого не видел.	10937829	Ilyet még nem basztam életemben.
10938195	Я телепортировался.	10938201	Teleportálok.
10937781	Поверхность озера была гладкой, как зеркало.	10939526	Tükörsima volt a tó felszíne.
10935358	Они смотрят в будущее.	10939536	A jövőbe tekintenek.
10938230	Я очень невезучая.	10939586	Annyira szerencsétlen vagyok!
10938230	Я очень невезучая.	10939592	Olyan szerencsétlen vagyok.
10938230	Я очень невезучая.	10939593	Egy rakás szerencsétlenség vagyok.
10943431	Я не пью газированную воду.	10943437	Én nem iszom bubis vizet.
10943431	Я не пью газированную воду.	10943440	Nem iszom szénsavas vizet.
10943433	Я не пью газировку.	10943464	Én nem iszom bubisat.
10943426	Вам воду с газом или без?	10943469	Nektek bubis vagy mentes víz kell?
10943426	Вам воду с газом или без?	10943471	Önnek szénsavasat vagy buborekmentes vizet?
10943425	Мне, пожалуйста, без газа.	10943475	Nekem buborékmenteset, légy szíves.
10943392	Это ясно из контекста.	10943491	Ez a szövegkörnyezetből derül ki.
10943500	Может быть, я недостаточно ясно выразился?	10943727	Lehet, hogy nem fejeztem ki magam elég világosan?
10946642	Закрой уши.	10946644	Fogd be a füledet!
10946641	Его надежды рухнули.	10946645	Szertefoszlottak a reményei.
10946641	Его надежды рухнули.	10946647	A reményei köddé váltak.
10943501	Я, наверное, недостаточно ясно выразился.	10949389	Esetleg nem fejeztem ki magam eléggé érthetően.
10949598	Я хотел, чтобы вы это увидели.	10951874	Akartam, hogy lássátok.
10951893	Да стой ты прямо!	10951950	Állj már egyenesen!
10951893	Да стой ты прямо!	10951952	Állj csak egyenesen!
10952075	Если вы читаете это письмо - значит, я умер.	10952079	Ha ezt a levelet olvassátok, az azt jelenti, hogy meghaltam.
10952081	Что ты нам готовишь?	10952089	Mit főzöl nekünk?
10952081	Что ты нам готовишь?	10952091	Mit készítesz nekünk?
10954977	Слушай, я в это не верю.	10955708	Figyelj! En ezt nem hiszem el.
10954965	Я не закончил фразу.	10955772	Nem fejeztem be a mondatomat.
10954928	Ей трудно плыть.	10955807	Nem igazán megy neki az úszás.
10962573	Приеду - всё расскажу.	10962577	El fogok menni; mindig is mondtam.
10962579	Работа не может быть сделана за один день.	10962590	Nem lehet egy nap alatt megcsinálni ezt a munkát.
10962709	Я не желаю их видеть.	10962744	Nem kívánom látni őket.
10962705	Ты слышишь сирену?	10962745	Hallod a szirénát?
10962660	Его выбрали.	10962832	Őt választották.
10962874	На этой неделе я не смог заниматься из-за сильной простуды.	10962885	Nem tudtam a héten tanulni egy ronda megfázás miatt.
10962925	Сколько времени это обычно занимает?	10962929	Mennyi ideig szokott ez tartani?
10962905	Какие животные здесь водятся?	10962936	Milyen állatok találhatóak meg itt?
10962900	Я же по глазам вижу, что ты врёшь.	10962937	Látom a szemedből, hogy hazudsz.
10963861	Что она на самом деле сказала?	10963947	Mit mondott tulajdonképpen?
10965917	Они оставили это под столом.	10965928	Az asztal alatt felejtették.
10965917	Они оставили это под столом.	10965930	Az asztal alatt hagyták.
10965915	Здесь мы могли бы спокойно встретить старость.	10966017	Itt nyugodtan megélhetnénk öregségünket.
10965997	Я где-то очки оставил.	10966019	Elhagytam valahol a szemüvegem.
10965949	У нас ничего другого нет.	10966020	Nincs nálunk semmi más.
10965912	Здесь я мог бы спокойно жить.	10966021	Itt nyugodtan tudnék élni.
10965802	Подождите за дверью, пожалуйста.	10966027	Várjatok, legyetek szívesek, az ajtónál!
10966036	Да, мы должны быть очень осторожны.	10966119	Úgy. Nagyon óvatosnak kell lennünk.
10966577	У неё длинные чёрные волосы.	10966583	Hosszú, fekete haja van.
10966531	Тебе сколько кусочков мяса?	10966709	Hány szelet hús kell neked?
2810261	Твой велик гораздо новее моего.	10966888	A bringád sokkal újabb az enyémnél.
10969334	Это первое, что я завтра сделаю.	10969342	Ezt fogom holnap először csinálni.
10969336	Теперь вы всё знаете.	10969344	Most már mindent tudtok.
10969295	Ты, что ли, правда тупая?	10969369	Te aztán tényleg nagyon hülye vagy!
10969295	Ты, что ли, правда тупая?	10969516	Te tényleg ilyen hülye vagy?
10970771	Почему она в этом месяце не работала?	10970774	Miért nem dolgozott ebben a hónapban?
7453404	Это не моё, а моего брата.	10970782	Ez nem az enyém, hanem az öcsémé.
10970787	Мы завтра встанем в семь.	10970796	Holnap hétkor kelünk.
10970787	Мы завтра встанем в семь.	10970798	Holnap hétkor fogunk felkelni.
10973196	Это будет дорого тебе стоить.	10973206	Sokba lesz ez neked.
10973207	На сегодня ещё есть билеты?	10973209	Vannak jegyek még mára?
10973798	Где мои тапки?	10973800	Hol a papucsom?
10973797	Он знает Баварию как свои пять пальцев.	10973803	Úgy ismeri Bajorországot, mint a tenyerét.
10975790	Ковш у этого экскаватора просто огромный.	10975800	Hatalmas ennek a markolónak a kanala!
10975790	Ковш у этого экскаватора просто огромный.	10975801	Óriási kanala van ennek a markolónak!
10975799	Почему она не смогла прийти?	10975802	Miért nem tudott eljönni?
10978662	Как такое возможно в двадцать первом веке?	10978672	Hogy lehetséges az ilyen a huszonegyedik században?
10978704	Никому не нравится делать ошибки.	10978710	Senki sem szeret hibázni.
10978591	Традиция есть традиция.	10978728	A szokás az szokás.
10978591	Традиция есть традиция.	10978729	A hagyomány az hagyomány.
10978505	Он венгр?	10978741	Magyar?
10978505	Он венгр?	10978743	Ő magyar?
10978511	Не знаешь, с чего начать?	10978744	Nem tudod, mivel kezdd?
10978504	Вы болгары?	10978747	Bolgárok vagytok?
10976902	Ты действительно думаешь, что я не знаю, что вы сделали?	10978753	Te tényleg azt hiszed, én nem tudom, hogy mit tettetek?
10978892	Кто эта женщина в коричневой куртке?	10978899	Ki az a barnamellényes nő?
10978892	Кто эта женщина в коричневой куртке?	10978900	Ki az a nő abban a barna mellényben?
10978894	Не делайте вид, что не умеете танцевать.	10978904	Ne tegyen úgy, mint aki nem tud táncolni!
10981623	Я часто не завтракаю.	10981666	Gyakran nem reggelizem.
10982151	Я не слышал никаких жалоб.	10982157	Nem hallottam semmilyen panaszt.
10985085	Мой лучший друг чех.	10986166	A legjobb barátom cseh.
10984855	Когда она родила?	10986179	Mikor szült meg?
10984849	Это я! Открой!	10986182	Én vagyok! Nyisd ki!
10984849	Это я! Открой!	10986183	Én vagyok az. Nyisd ki!
10984846	Обещаю не смотреть.	10986185	Ígérem, hogy nem nézek.
10984846	Обещаю не смотреть.	10986186	Megígérem, hogy nem lesek.
10986208	«Что Ваня сказал?» — «Не знаю. Я не слушал».	10986212	— Mit mondott Ványa? — Passz. Nem hallottam.
3285399	Она останется на 5 дней.	10986213	Öt napig marad.
3285399	Она останется на 5 дней.	10986214	Öt napra marad.
3285399	Она останется на 5 дней.	10986215	Öt napon át fog maradni.
11009457	Я планирую поплавать.	11011047	Úszni készülök.
11009451	Два дня назад дул ветер.	11011048	Fújt a szél két napja.
11009398	Я предложил ему это.	11011052	Ezt javasoltam neki.
11017145	Мои письма из Африки пропали.	11017151	Afrikából jött nekem levél.
11021015	Можно мне её навестить?	11021032	Meglátogathatom őt?
11024461	Лучше бы я осталась.	11024528	Jó lenne maradni!
11024391	Он в каждой серии это говорит.	11024532	Minden részben ezt mondja.
11024391	Он в каждой серии это говорит.	11024533	Mindegyik epizódban ezt mondja.
11024604	Мы могли бы купить холодильник.	11024611	Kellene vennünk hűtőt.
11024604	Мы могли бы купить холодильник.	11024613	Hűtőszekrényt kellene vennünk.
11024609	У меня сейчас нет свободных денег.	11024618	Jelenleg nincs mozgatható pénzem.
11024619	У меня в последнее время мало времени на чтение.	11024623	Az utóbbi időben nem igazán érek rá olvasni.
11026720	Я вам сказал, это не так.	11026727	Mondtam nekik, hogy nem úgy van.
11026911	Вы тоже можете поехать.	11026915	Ti is el tudtok menni.
11026912	Вы тоже можете туда пойти.	11026916	Ti is el tudtok oda menni.
11026917	Почему вы так поздно пришли домой?	11026920	Miért ilyen későn jöttetek haza?
11026883	Он мне почему-то не нравится.	11027365	Valamiért nem tetszik nekem ő.
11029014	Её муж - счастливый человек.	11031563	Szerencsés ember az ő férje.
11035133	Где они все?	11035136	Hol vannak ezek mimdannyian?
11035129	Это двухсерийный фильм.	11035142	Kétrészes film.
11039051	"Том не умеет водить". - "А ты?" - "Я тоже".	11039059	— Nem tud vezetni Béla. — És te? — Én sem.
7921991	«Том не умеет водить». – «Как насчет тебя?» – «Я тоже не умею».	11039061	— Béla nem tud vezetni. — És mi a helyzet veled? — Én sem tudok.
11039052	"Том не умеет водить". - "А ты?" - "Я тоже не умею".	11039062	— Béla nem tud vezetni. — És te? — Én sem tudok.
11033752	Они обе работают в банке.	11040445	Mindketten bankban dolgoznak.
11033752	Они обе работают в банке.	11040448	Mindketten a bankban dolgoznak.
11033766	Банк ещё не открылся.	11040450	Még nem nyitott ki a bank.
11038244	Мой компьютер очень старый.	11040452	Jó régi a számítógépem.
11033657	Этот противень нужно помыть.	11040456	El kell mosogatni ezt a serpenyőt.
11033611	Он мне звонил час назад.	11040459	Egy órája hívott engem.
11033611	Он мне звонил час назад.	11040460	Egy órával ezelőtt hívott fel engem.
11033606	Наша собака чуть не попала под машину.	11040463	Majdnem elütötték a kutyánkat.
11033602	Столица префектуры Фукуока - город Фукуока.	11040470	Fukuoka prefektúra székhelye Fukuoka.
11040434	«Уши сними». — «А? Что?» — «Уши сними, говорю!»	11040506	— Vedd le a fülest! — Hogy mi!? — Mondom, vedd le a fülest!
11040434	«Уши сними». — «А? Что?» — «Уши сними, говорю!»	11040507	— Vedd le a fülest! — Ha!? Mi!? — Azt mondom, vedd le a fülest!
7484579	Жаль, что ты не можешь пойти со мной.	11040657	Kár, hogy nem tudsz velem jönni.
11040659	Мой друг, ты можешь пойти со мной?	11040660	Barátom, te el tudsz jönni velem?
11041134	Не представляю Тома без Мэри. Они как нитка с иголкой - куда он, туда и она.	11041181	Nem lehet elképzelni Tomot Mary nélkül. Olyanok, mint a borsó meg a héja – sülve-főve együtt vannak.
11041200	Врач дал Вам что-нибудь от боли?	11041206	Adott magának valamit az orvos a fájdalomra?
3531831	Ну и что ты предлагаешь?	11041667	Na és te mit javasolsz?
11051941	Слишком значит слишком.	11051954	A sok azt jelenti, sok.
11053623	Ничего, со временем научишься.	11053901	Nem baj. Majd megtanulod.
11071833	Я сказал им, что́ мне нравится.	11071847	Elmondtam nekik, mi tetszik nekem.
11071833	Я сказал им, что́ мне нравится.	11071852	Megmondtam nekik, hogy nekem mi tetszik.
11074963	Я исландка.	11074979	Izlandi vagyok.
11074961	Не дайте себя провести.	11074982	Ne hagyjátok magatokat bepalizni!
11074947	Не знаю, правильно ли я вас понял.	11074989	Nem tudom, hogy jól értettem-e önt.
11076345	У тебя на ферме есть животные?	11076350	Tartasz állatot a farmon?
11076345	У тебя на ферме есть животные?	11076351	Tartasz állatot a tanyán?
11076345	У тебя на ферме есть животные?	11076352	Tartasz állatot a gazdaságban?
11077787	У меня мальчик десяти лет.	11077792	Tízéves fiam van.
11081252	Да, я бы такого не сказал.	11081331	Így van, én ilyet nem mondanék.
11081250	Да я бы так не сказал.	11081333	Csak én ezt így nem mondanám.
11081166	Где и когда?	11081335	Hol és mikor?
11080868	Это опасно для жизни.	11081336	Ez életveszélyes.
11081148	Не знаю, почему ты мне не пишешь.	11081338	Nem tudom, miért nem írsz nekem.
11081452	Я так вас люблю.	11081456	Úgy szeretlek benneteket!
11081450	Я тебя так люблю.	11081458	Annyira de annyira szeretlek!
11072816	У Тома есть мобильный телефон.	11081515	Van Tominál mobil.
11072816	У Тома есть мобильный телефон.	11081518	Van Tominál mobiltelcsi.
11072816	У Тома есть мобильный телефон.	11081519	Van Tominál mobilteló.
11081517	Политика тут ни при чём.	11081526	Ebben nem kell keresni politikát.
11081522	Это очень по-русски.	11081530	Ez igazi orosz.
11082568	С этим можно что-то сделать?	11082570	Lehetne csinálni valamit ezzel?
9083110	Все так думают?	11082576	Mindenki így gondolja?
11085021	Я категорически против того, чтобы дерево рубили.	11085027	Kategórikusan ellenzem a fa kivágását.
11084979	Смотри, что я сделала!	11085029	Nézd, mit tettem!
11084979	Смотри, что я сделала!	11085030	Most nézd, hogy mit csináltam!
11084977	Говори, я буду слушать.	11085033	Beszélj! Hallgatlak.
11084970	Ты действительно в это верил?	11085035	Te valóban elhitted?
11084970	Ты действительно в это верил?	11085036	Te komolyan hittél benne?
11084960	Мы видели файл.	11085042	Láttuk a fájlt.
11084957	Ты бы хотела мороженое?	11085047	Kérnél fagyit?
11084941	Нет хорошего ответа.	11085052	Nem jó válasz.
11084917	Я спала на животе.	11085066	Hason aludtam.
11085146	Мне не нравится, как ты на меня смотришь.	11085152	Nem tetszik, ahogy nézel.
11085131	Он меня просто игнорировал.	11085164	Semmibe vett egyszerűen.
11085078	Смотрите не разбейте стаканы.	11085171	Figyeljetek oda rá, hogy ne törjétek össze a poharakat!
11085312	Один баг пофиксили, появилось два новых.	11085379	Kijavítok egy hibát, jön helyette kettő.
11085212	Мы знакомы десять лет.	11085384	Ismerjük egymást tíz éve.
11093261	Надо было ему в морду эти деньги швырнуть!	11093275	A képébe kellett volna vágni ezt a pénzt.
380991	Ты этого не знал?	11093278	Te nem tudtad ezt?
11093256	В горах снова сошёл оползень.	11093290	Megint földcsuszamlás volt a hegyekben.
11093247	Мне нужна квартира в новостройке.	11093321	Nekem újépítésű épületben kell lakás.
10299519	Ты никогда меня не слушаешь.	11098420	Te soha nem hallgatsz meg engem.
10299519	Ты никогда меня не слушаешь.	11098421	Te nem hallgatsz meg engemet soha sem.
11098574	Она не пьёт пива.	11098577	Sört nem iszik.
11098574	Она не пьёт пива.	11098578	Nem iszik sört.
11098576	Они живут в небольшой деревушке.	11098580	Kis falucskában lakik.
11098581	Надо бы сказать им правду.	11098585	El kellene neki mondani az igazat.
11098583	Я чищу зубы три раза в день.	11098586	Háromszor mosok fogat naponta.
11100564	Ты можешь хотя бы минуту помолчать?	11100742	Csöndben tudnál maradni egy percig?
11100560	Она ни минуты не может держать язык за зубами.	11100743	Egy percre sem tudja befogni a száját.
11100464	Он так говорит, как будто он её видел.	11100744	Úgy beszél, mintha látta volna őt.
11100419	Ты очень сильно рискуешь.	11100746	Nagy kockázatot vállalsz.
11100419	Ты очень сильно рискуешь.	11100747	Sokat kockáztatsz.
11100419	Ты очень сильно рискуешь.	11100748	Sokat teszel kockára.
11100317	Не знаю, у меня всё работает.	11100814	Nem tudom; nekem minden működik.
11100317	Не знаю, у меня всё работает.	11100817	Nem vágom. Nálam műkszik minden.
3166959	Вы этого хотите?	11100937	Ezt akarjátok?
11100936	Это просто день такой.	11100938	Ez is csak egy olyan nap.
11100914	Тебе лучше не знать, из чего это.	11100941	Jobb, ha nem tudod, hogy miből készül ez.
11102529	Это очень долгий путь.	11102534	Igen hosszú út ez.
11102638	Он не хочет, чтобы его фотографировали.	11102640	Nem akarja, hogy lefényképezzék.
11109319	Я тебе это как врач говорю.	11110484	Orvosként szólok hozzád.
11109319	Я тебе это как врач говорю.	11110486	Ezt most orvosként mondom neked.
11108731	У неё почти нет близких друзей.	11110490	Alig vannak jó barátai.
11108731	У неё почти нет близких друзей.	11110491	Alig akad jó barátja.
11117014	Закрой ещё раз глаза.	11117017	Csukd be megint a szemed!
11117001	У него есть квартира.	11117021	Van lakása.
11116986	Мы теперь на пенсии.	11117023	Nyugdíjasok vagyunk.
11116981	С тех пор мы конфет не ели.	11117024	Eddig nem ettünk édességet.
11118994	Я лечу на самолёте.	11119004	Repülőgéppel megyek.
11118994	Я лечу на самолёте.	11119006	Repcsivel megyek.
11119030	Он каждый день пьёт чай.	11119039	Minden nap teázik.
11119030	Он каждый день пьёт чай.	11119040	Napi gyakorisággal fogyaszt teát.
11119049	Я понимаю, почему мы это сделали.	11119055	Értem, miért csináltuk.
11119093	Я лучше так и сделаю.	11119111	Jobb lenne, ha így csinálnám.
11122808	Открой газ, пожалуйста.	11122810	Nyisd ki, kérlek, a gázt.
11127863	Мы должны были оставаться дома.	11127876	Otthon kellett maradnunk.
11127955	Это моя любимая симфония.	11127973	Ez a kedvenc szimfóniám.
11130931	Нет ни одного дня, когда бы я не думал о ней.	11132760	Egy nap sincs, hogy ne gondolnék őrá.
11127934	Это слово я перевести не могу.	11132761	Nem tudom lefordítani ezt a szót.
11122513	У нас почти не было времени поесть.	11132764	Alig volt időnk enni.
2338271	Она далеко не красавица.	11132805	Közel sem szép.
11135875	Мы помыли ноги.	11135880	Megmostuk a lábunkat.
11135875	Мы помыли ноги.	11135882	Megmostuk a talpunkat.
10186728	Она меня не видит.	11137021	Nem lát engem.
11136045	Эти двое не вместе.	11137117	Ezek ketten nincsenek együtt.
11137298	Ты только что совершил огромную ошибку.	11137301	Csak az van, hogy nagyot hibáztál.
11137730	Они муж и жена.	11138470	Ők férj és feleség.
11140878	В этой конфете есть алкоголь?	11141104	Van ebben az édességben alkohol?
11140878	В этой конфете есть алкоголь?	11141106	Ez alkoholos cukorka?
11140521	Я не горжусь тем, что я канадка.	11141109	Nem vagyok rá büszke, hogy kanadai vagyok.
11140483	Ваша сестра - моя подруга.	11141110	A lánya a barátnőm.
11140480	Вы видели видео?	11141111	Videót néztetek?
11140479	Ты видел видео?	11141112	Videót néztél?
11140397	Это известный дом.	11141113	Ismert ház ez.
11141358	Том, это я.	11141386	Tom, én vagyok az.
11154707	В следующей жизни я буду всё делать иначе.	11154715	A következő életben mindent máshogy fogok csinálni.
11154707	В следующей жизни я буду всё делать иначе.	11154717	A következő életemben mindent másképp fogok csinálni.
11154761	Ух ты, как здорово!	11154766	Apám, ez nagyon ott van!
11154761	Ух ты, как здорово!	11154771	Baz' meg, ez nagyon állat!
11155979	Это важно, это наше будущее!	11155983	Ez fontos – ez a jövőnk.
11155987	Они пока ничего не понимают.	11156000	Semmit nem értenek még.
11155999	Она не осознаёт, что происходит вокруг.	11156009	Nincs tudatában, mi folyik körülötte.
11156008	Не выходите на улицу!	11156013	Ne menjetek ki az utcára!
11156124	Что ты сегодня делал в школе?	11156130	Mit csináltál ma a suliban?
11156123	Чему ты сегодня научился в школе?	11156132	Mit tanultál ma az isiben?
11156131	Если Том поедет, я тоже поеду.	11156134	Ha Béla elmegy, én is elmegyek.
11158373	Это что, шантаж?	11158381	Mi ez, zsarolás?
11158364	Ей нечего скрывать.	11158394	Nincs rejtegetnivalója.
11161125	Мне почти девяносто лет.	11161132	Közel kilencven éves vagyok.
11169420	Почему ты спрашиваешь об этом у меня?	11169421	Miért kérdezel erről engem?
11169417	Ты не придёшь ко мне домой в следующее воскресенье?	11169423	Nem jössz el hozzám következő vasárnap?
11183840	Они хотят заставить меня жениться.	11183842	Férjhez akarnak kényszeríteni.
11183840	Они хотят заставить меня жениться.	11183846	Meg akarnak házasítani az akaratom ellenére.
11183848	Тарелки бумажные.	11183852	Papírba vannak csomagolva a tányérok.
11186479	Никто не хочет мне помочь?	11186485	Senki sem akar nekem segíteni?
11188982	Он купил одежду.	11188984	Ruhákat vett.
11199471	Мне рассчитывать не на что.	11199480	Nincs, mire számítsak.
11199476	Это всё, на что я могу рассчитывать.	11199481	Csak erre számíthatok.
11199503	Я ошибся при счёте.	11199517	Tévesen számoltam.
521588	Пальто лежит на стуле.	11200051	A széken van a kabát.
11204197	Ты мужчина, а ведёшь себя как ребёнок.	11204204	Férfi vagy, de úgy viselkedsz, mint a gyerekek.
2497886	Отец - хороший человек.	11204233	Jó ember az apám.
11204230	Отец был добрым человеком.	11204242	Jó ember volt az öreg.
11204230	Отец был добрым человеком.	11204245	Jó ember volt az apám.
11204391	Они катаются на тандеме.	11204405	Tandemeznek.
11205878	У меня нет ложки.	11205887	Nincs kanalam.
11205932	Это, конечно, удивительно.	11205934	Természetesen csodálatos ez.
11210437	Все хотят поехать.	11210452	Menni akar mindenki.
11210653	Моя кошка какая-то грустная.	11210665	Szomorúnak tűnt a macskám.
11213246	Спасибо, что показали мне, как это делается.	11213967	Köszönöm, hogy megmutattátok, hogyan kell csinálni.
11213225	Я хотел, чтобы ты знала, что если что, я всегда рядом.	11213968	Azt akrtam, hogy tudd, hogy én mindig itt leszek.
11213196	Я тоже что-то почувствовал.	11213969	Én is úgy éreztem.
11213190	Только не говорите мне, что вы оставили Тома в баре.	11213970	Csak azt ne mondjátok, hogy a bárnál hagytátok Tomot!
11213188	Надеюсь, ты не оставил Тома в баре.	11213973	Remélem, nem hagytad Tomot a bárnál.
11215202	У нас завтра зарплата.	11215209	Fizetés van nálunk holnap.
11215207	Он съел всё, что было на тарелке.	11215212	Megevett mindent, ami a tányérján volt.
11215379	Я хотел бы заниматься тем же, что и вы.	11215396	Azt szeretném csinálni, amit ti is.
11215390	Их невозможно узнать.	11215497	Felismerhetetlenek.
11215390	Их невозможно узнать.	11215500	Nem lehet őket felismerni.
1883791	История повторяется.	11215546	Megismétlődik a történelem.
11217665	Эта книга моя, а та - его.	11217675	Ez a könyv az enyém, az meg az övé.
11217861	В каких ещё странах говорят по-немецки?	11217875	Melyik országban beszélnek még németül?
11217874	Когда-нибудь я на ней женюсь.	11217881	Egy nap elveszem őt.
11217874	Когда-нибудь я на ней женюсь.	11217882	Összeházasodom majd vele.
11218018	Я не знал, что ты этого не делал.	11218020	Nem tudtam, hogy nem csináltad meg.
11218026	Люди думали, что мы ненормальные.	11218031	Azt gondolták az emberek, hogy nem vagyunk normálisak.
11217054	Это у меня было ещё вчера.	11218066	Tegnap még az enyém volt ez.
11223824	"Не устал?" - "Да нет, что ты!"	11223832	— Nem vagy fáradt? — Nem hát! Mit képzelsz!?
11223835	Кто учил тебя играть на пианино?	11223847	Ki tanít téged zongorázni?
1944808	Он в курсе.	11223898	Tanfolyamot végez.
11223893	Да не мог я такого сказать.	11223937	Nem mondhattam én ilyet.
11224004	Я пишу.	11224013	Írok.
11226244	Это очень смелый шаг.	11226254	Vakmerő lépés.
11226244	Это очень смелый шаг.	11226257	Bátor lépés.
11228002	Я закурил.	11228014	Rágyújtottam.
11227992	Я начал курить.	11228018	Elkezdtem cigarettázni.
11228043	К сожалению, у меня сегодня нет времени тебе помочь.	11228051	Ma sajnos nem érek rá neked segíteni.
11226662	Надо чаще ходить пешком.	11228300	Gyakrabban kell gyalogolni.
11228754	Наши соседи сильно шумят.	11228756	A szomszédaink erősen zajonganak.
11228755	На плече у капитана сидел попугай.	11228760	Papagáj ült a lapitány vállán.
11228764	На, попей.	11228769	Na, igyál!
11228763	Он попил прямо из бутылки.	11228771	A palackból ivott.
11228763	Он попил прямо из бутылки.	11228773	Beleivott a palackba.
11228765	Теперь можете поцеловать невесту.	11228776	Megcsókolhatja most a menyasszonyt.
11228770	Сами съел свою собаку.	11228780	Sanyi megette a kutyáját.
11228789	У меня в ванной есть аптечка.	11228793	Elsősegély készlet van nálam a fürdőben.
11228804	Что должно быть в домашней аптечке?	11228808	Minek kell lennie a házipatikában?
11230014	Я никогда не видел такого спокойного моря.	11230017	Nem láttam még ilyen csendesnek tengert.
2337286	Я не хотел терять ни минуты.	11230229	Percet sem akarok vesztegetni.
3593022	Не знаю, верить вам или нет.	11230370	Nem tudom, hogy higgyek-e magának vagy ne.
11230881	А у этого есть название?	11231257	És van neve?
11230882	А у этого тоже есть своё название?	11231258	És ez is el van nevezve?
11233851	Его имя написано на бейджике.	11233856	Fel van írva a neve a kitűzőre.
11233881	Мне нравится, когда ты со мной.	11233882	Szeretem, amikor mellettem vagy.
11237419	А если план не сработает?	11237421	És ha nem jön be a terv?
11237419	А если план не сработает?	11237423	És ha nem működik a terv?
11237422	Сколько тебе осталось?	11237427	Neked mennyi maradt?
11237439	Извините, не признал.	11237446	Bocsásson meg, nem ismertem meg!
11237455	Между нами всё конечно!	11237461	Közöttünk mindennek vége!
11237502	Я больше не могу молчать.	11237513	Nem bírok tovább csöndben maradni.
11239652	Мы никогда не закрываем эту дверь на ключ.	11239657	Soha sem zárjuk kulcsra ezt az ajtót.
11242245	Ты не мог бы подать мне молоток?	11242252	Nem tudnál adni nekem kalapácsot?
11242544	Я вижусь с ней два-три раза в месяц.	11242551	Kétszer-háromszor látom őt egy hónapban.
2292870	Бери только то, что тебе нужно.	11242642	Csak azt vedd el, ami kell.
11242680	Я вижу, ты ещё здесь.	11242686	Látom, még itt vagy.
11243764	Он знал каждый уголок леса.	11243768	Minden szegletét ismerte az erdőnek.
11243766	Погодите, это ещё не всё.	11243770	Várjatok, ez még nem minden!
1369219	Ну, погоди!	11243787	No, várj csak!
11243902	Это опасно. Вы что, не понимаете?	11243908	Ez veszélyes! Hát nem értitek!?
11243915	Я хочу, чтобы Вы остались.	11243921	Azt akarom, hogy maradjon.
11243902	Это опасно. Вы что, не понимаете?	11243947	Ez veszélyes. Mi van, nem fogjátok fel!?
11243966	Я залил клавиатуру кофе.	11243971	Ráborítottam a kávét a billentyűzetre.
11243966	Я залил клавиатуру кофе.	11243972	Rálöttyintettem a kávét a klaviatúrára.
11243966	Я залил клавиатуру кофе.	11243974	Kilötyköltem a kávét a billentyűzetre.
11243966	Я залил клавиатуру кофе.	11243976	Lefolyattam a billentyűzetet kávéval.
11244155	Я узнал его, только когда он заговорил.	11244161	Csak akkor ismertem őt fel, amikor megszólalt.
7550195	Ну вот мы и пришли.	11244214	Na hát megérkeztünk.
11244254	Это была её мечта.	11244261	Ez volt az álma.
11244254	Это была её мечта.	11244723	Az ő álma volt ez.
11245360	Ты не мог бы дать мне совет?	11245363	Te nem tudnál nekem tanacsot adni?
8573427	Тебе рано жениться.	11248354	Korai még a házasság.
11253445	У-у, какой няшный черепашонок!	11253580	Ó, de cukika teknős!
11262552	Это не значит, что я передумаю.	11262556	Ez nem jelenti azt, hogy megváltoztatom a véleményem.
5650510	У меня проблема с заказом.	11262557	Bajom van a paranccsal.
11267413	Я её уже пять часов жду!	11267427	Már öt órája várom!
11267413	Я её уже пять часов жду!	11267429	Már öt órája várok rá!
11267428	Почему ты мне не позвонила?	11267434	Engem miért nem hívtál meg?
11267443	Я вас жду. Вы где?	11267451	Rátok várok. Hol vagytok?
11268059	Доктор, у меня болит спина.	11268062	Doktor úr, fáj a hátam.
11268084	Я тут где-то ключи потерял.	11268090	Valahol itt veszítettem el a kulcsot.
2263853	Впусти его.	11268116	Engedd őt be!
2263853	Впусти его.	11268117	Engedd be őt!
11268142	Он в конце концов всё скажет.	11268143	A végén mindent el fog mondani.
11268141	Моё мнение очень отличается от вашего.	11268148	A véleményem nagyon eltér a tiétektől.
11268141	Моё мнение очень отличается от вашего.	11268153	Az én véleményem nagyon távol áll a tiétektől.
11269228	Вот книга для твоей мамы.	11269230	Itt van egy könyv édesanyádnak.
11272423	Почему ты так добра ко мне?	11272428	Miért vagy olyan jó hozzám?
11280110	Дома меня никто не ждал.	11280132	Otthon engem senki nem várt.
11280110	Дома меня никто не ждал.	11280134	Otthon engemet senki sem várt.
11280110	Дома меня никто не ждал.	11280136	Senki sem várt engem az otthonomban.
11282139	Положите одежду в шкаф.	11282145	Tegyétek a ruhákat a szekrénybe!
11282139	Положите одежду в шкаф.	11282147	Rakjátok be a szekrénybe a ruhákat!
11284609	Снег падал мне на лицо.	11284616	Az arcomba esik a hó.
11284609	Снег падал мне на лицо.	11284618	Arcomba hull a hó.
11284860	А хорошие новости есть?	11284863	És jó hírek vannak?
11292287	Никогда больше не делайте таких вещей.	11292299	Soha többé ne csináljatok ilyet!
11292657	Я не знаю, что в письме. Я его не открывал.	11292668	Nem tudom, mi áll a levélben. Nem nyitottam ki.
11292665	Что там может быть?	11292671	Mi lehet ott?
11292664	Я не знаю, что в коробке. Я её не открывал.	11292681	Nem tudom, hogy mi van a dobozban. Nem nyitottam ki.
11292743	Можешь ничего не объяснять. Я сама была в такой ситуации.	11292835	Nem szükséges magyarázkodnod. Magam is voltam ilyen helyzetben.
11298044	Любовь есть любовь.	11298049	A szerelem az szerelem.
11298021	Мы идём спать.	11298050	Lefekszünk.
11298021	Мы идём спать.	11298052	Eltesszük magunkat.
11298021	Мы идём спать.	11298054	Megyünk lefeküdni.
11298017	Дайте мне хлеб.	11298056	Adjatok kenyeret.
11298010	Это очень старые данные.	11298059	Ez nagyon régi adat.
11298009	Мы не можем доверять полиции.	11298062	Nem bízhatunk a rendőrségben.
4367098	Она ненавидит секреты.	11309450	Utálja a titkokat.
11309881	На улице не так уж и холодно.	11309890	Nincs is már olyan hideg kint.
11310074	Можете остаться здесь до вечера.	11310081	Itt tudtok maradni estig.
11315215	Ты живёшь в этом доме?	11315222	Ebben a házban laksz?
11315512	У него левый глаз не видит.	11315518	Nem lát a bal szemére.
11315512	У него левый глаз не видит.	11315521	Bal szemére vak.
11327390	Они сделают это для нас.	11327396	Értünk csinálják majd.
11327390	Они сделают это для нас.	11327397	Értünk fogják tenni.
11327407	Они фальшиво поют.	11327410	Hamisan énekelnek.
11331257	Мне нравится ваш образ мышления.	11331263	Tetszik a gondolkodásmódotok.
9086803	Ты, как всегда, прав, Том.	11334807	Igazad van, mint mindig, Tom.
3073462	Ты мне не отец!	11335489	Nekem te nem vagy az apám.
2820989	Это мой телефон звонил?	11364057	Az én telóm csöngött?
9418819	Командуй.	11371387	Mondd meg, mi legyen.
9418819	Командуй.	11371389	Na, mihez kezdjünk?
9418819	Командуй.	11371392	Mondd, mi legyen.
11372740	Этот дом стоял на холме.	11372747	Dombon állt a ház.
11372739	Куда ни глянь, всюду горы.	11372754	Bármerre nézel, hegyek vannak itt.
11375655	В Японии уже завтра.	11375686	Japánban már holnap van.
11375681	В Америке ещё вчера.	11375691	Amerikában még tagnap van.
11375689	Многие из вас меня уже знают.	11375697	Közületek már sokan ismernek.
11367720	Мне надоели твои дурацкие вопросы.	11377918	Fárasztanak a hülye kérdéseid.
11378979	Если что-нибудь случится, сразу звоните мне.	11378988	Ha történik valami, azonnal hívjatok fel.
11378979	Если что-нибудь случится, сразу звоните мне.	11378989	Ha valami történik, nyomban hívjon fel!
552168	Он потребовал, чтобы я немедленно вернул деньги.	11383432	Követelte, hogy azonnal adjam vissza a pénzt.
8956306	Сколько у вас коробок?	11389239	Hány doboz van nálatok?
11401937	Я думаю, вы сделали правильный выбор.	11401951	Helyesen választott szerintem.
4813143	Как хорошо ты её знала?	11403059	Mennyire ismerted őt?
4813143	Как хорошо ты её знала?	11403065	Milyen jól ismerted őt?
11412061	Если не перестанешь, я скажу твоей маме.	11413418	Ha nem hagyod abba, szólok anyádnak.
11406963	Я уже не так уверена.	11413429	Már nem vagyok olyan biztos benne.
11404778	Читайте французские книги.	11413440	Olvassatok francia könyveket.
11404763	Продолжай изучать французский.	11413448	Tanuld tovább a franciát.
11404533	Почему вас не было?	11413459	Miért nem voltatok?
11404531	Почему тебя не было?	11413463	Miért nem voltál te?
11404335	Что еще вы будете делать этим летом?	11413499	Mit fogtok csinálni még ezen a nyáron?
11448076	Зачем вам собака?	11448080	Minek nektek kutya?
11448081	У меня не коричневая машина.	11448082	Nekem nincs barna autóm.
11448077	Том не тебя ждал.	11448083	Nem téged vár Béla.
11447992	Она решила, что будет врачом.	11448084	Úgy döntött, orvos lesz.
11447991	Он с ними не знаком?	11448085	Nem ismeri őket?
11447987	Вы это искали.	11448090	Ti kerestétek.
11448089	Я разумный человек.	11448097	Racionális ember vagyok.
11448101	Дайте ей сок.	11448115	Adjatok neki gyümilevet!
11448096	Я не понимаю, почему они хотят вернуться.	11448116	Nem értem, miért akarnak visszajönni.
11448170	Как же я сама об этом не подумала?	11448182	Hogy erre én miért nem gondoltam!?
3698128	Откуда этот шум?	11448201	Mi adja ki ezt a zajt?
11448467	Сообщите нам, если узнаете что-то ещё.	11448468	Tudassa velünk, ha valamit megtud még.
11448467	Сообщите нам, если узнаете что-то ещё.	11448469	Osszátok meg velünk, ha valamit még megtudtok.
11450859	Ты сегодня столько кофе выпил!	11450863	Annyi kávét megittál ma!
11450862	Ясно, что корабль затонул.	11450865	A hajó elsüllyedt, ez világos.
11450925	Ты можешь поплыть туда на лодке.	11450931	Csónakon eljuthatsz oda.
11450925	Ты можешь поплыть туда на лодке.	11450934	Csónakkal el tudsz oda menni.
11450906	Сладости сладкие.	11450984	Az édességek édesek.
11453267	Я знаю, что ты всё отдал.	11453310	Tudom, hogy mindened odaadtad.
11453304	Я знаю, что ты делал всё, что мог.	11453313	Tudom, hogy mindent beleadtál.
11453304	Я знаю, что ты делал всё, что мог.	11453314	Tudom, hogy mindent elkövettél, amit csak tudtál.
11453304	Я знаю, что ты делал всё, что мог.	11453317	Tudom, hogy minden tőled telhetőt te megtettél.
11453353	Верь мне, пожалуйста.	11453363	Higgy nekem, kérlek!
11453355	Верьте мне, пожалуйста.	11453367	Higgyetek nekem, kérlek!
11450858	Может, это со мной что-то не так?	11457857	Lehet, hogy velem nincs valami rendben?
11458021	Относится ли венгерский к тюркским языкам или к финно-угорским?	11458155	A magyar a türk nyelvek közé vagy a finn-ugor nyelvek közé tartozik?
11458021	Относится ли венгерский к тюркским языкам или к финно-угорским?	11458160	A magyar a türk vagy a finn-ugor nyelvcsaládba sorolandó?
11450888	Может, это со мной что-то не так, но я правда не понимаю, как это может нравиться.	11458178	Lehet, hogy bennem van a hiba, de én tényleg nem értem, hogy tetszhet ez valakinek.
11458247	Старик стоял ко мне спиной.	11458252	Háttal állt nekem az öreg.
11458288	Сегодня вечером холодно.	11458289	Hideg az este.
11458288	Сегодня вечером холодно.	11458290	Hideg van ma este.
11458311	Если вы не будете есть, вы умрёте.	11458318	Ha nem esztek, meghaltok.
11367740	Он не заметил перемены.	11458325	Fel sem tűnt neki a változás.
11458322	Адам, Вы счастливы?	11458328	Ádám, ön boldog?
11458517	Том работает только три дня в неделю.	11458520	Csal három nap dolgozik Tom egy héten.
11458517	Том работает только три дня в неделю.	11458521	Tom csak három napot dolgozik hetente.
11458726	Куда это ты так поздно собрался?	11458786	Ilyen későn meg hova akarsz menni!?
11458720	Мы случайно встретили их в автобусе.	11458801	A buszon futottunk velük össze.
11458720	Мы случайно встретили их в автобусе.	11458807	A buszon találkoztunk velük random.
11458841	"Ясно". - "Что вам ясно?"	11458844	— Világos. — Mi világos?
11458850	Больше мы никогда не виделись.	11458863	Soha többé nem láttuk egymást.
11458883	Ой, я вас не заметил.	11458888	Jaj, nem vettem észre!
11459157	Эти деньги отложены на чёрный день.	11459160	Ez a pénz sötétebb időkre van félretéve.
2554238	Вы легко найдёте работу.	11459165	Maga könnyen fog találni munkát.
382403	Этот чувак просто с ума сошёл!	11459216	Ennek a csókának teljesen elmentek otthonról!
11459244	Сколько коробок вы выгрузили из грузовика?	11459251	Mennyi dobozt szedtetek le a kamionról?
5346103	Я себе не враг.	11461068	Nem vagyok én magamnak az ellensége.
11461298	Ты смотрел недавно какие-нибудь фильмы?	11461303	Néztél mostanában valami filmet?
11461298	Ты смотрел недавно какие-нибудь фильмы?	11461305	Láttál valamilyen filmet az utöbbi időben?
5655058	Я не люблю алкоголь, потому что он невкусный.	11461524	Nem szeretem az alkoholt, mert nem ízlik.
11461586	Я взяла фамилию мужа.	11461927	Felvettem a férjem nevét.
11461934	Я не могу тебе сказать, куда поехал Том.	11461939	Nem tudom neked megmondani, hová ment Tom.
11462000	Чем целый день за компьютером сидеть, пошли бы лучше погуляли.	11462011	Jobb lenne sétálni a folyamatos számítógépezés helyett.
11462034	Он остался с тобой.	11462042	Veled maradt.
11462495	Это Том мне сказал, что ты болеешь.	11462502	Tom mondta nekem, hogy beteg vagy.
11462503	Я хотел бы место у окна.	11462505	Az ablaknál szeretnék egy helyet.
11462490	Было так темно, что я ничего не видел.	11462507	Olyan sötét volt, hogy semmit nem láttam.
11462444	Думаю, десерт вам понравится.	11462511	Szerintem tetszeni fog önnek a desszert.
11462425	А что врачи говорят?	11462512	És mit mondanak az orvosok?
11464825	На этот раз Вам надо сделать это самой.	11464828	Ez alkalommal magának kell csinálnia.
11464817	Новое время - новые герои.	11464847	Új idők – új hősök.
11464783	Прости, что подвёл.	11464868	Bocs, de kudarcot vallottam.
11464783	Прости, что подвёл.	11464871	Bocsáss meg, de nem sikerült!
11464779	Ты можешь коротко объяснить?	11464873	El tudod gyors magyarázni?
11430497	Они видели шакалов.	11467324	Sakálokat láttak.
11408529	Для неё это было как игра.	11467326	Ez neki csak játék volt.
11467952	Это всегда большое удовольствие.	11467958	Mindig nagy őröm.
11467953	Мне не хочется здесь находиться.	11467959	Nem akarok itt lenni!
5484693	Ты никого не любишь, кроме себя.	11472566	Magadon kívül te senkit nem szeretsz.
8946204	Ты часто о них думаешь?	11475180	Gyakran gondolsz rájuk?
11475215	Я купил вам подарок на Рождество.	11475224	Vettem önnek karácsonyi ajándékot.
11475933	Ты будешь жить у нас.	11475944	Nálunk fogsz lakni.
11475938	Он не сможет пойти туда один.	11475989	Nem fog tudni egyedül odamenni.
11477208	Почему бензин так дорого стоит?	11477216	Miért olyan magas a benzin ára?
11477206	Цены на бензин просто астрономические.	11477218	A benzin ára a csillagokban van.
11477206	Цены на бензин просто астрономические.	11477222	A benzin ára a csillagoknál van.
11477206	Цены на бензин просто астрономические.	11477224	A benzin ára a csillagos égben van.
11477184	Ты знаешь мой номер телефона?	11477230	Tudod a telefonszámomat?
11477180	Могу я взять эту машину напрокат?	11477235	Kibérelhetem ezt az autót?
11477211	В последние недели цены на бензин взлетели до небес.	11477271	Elszálltak a benzinárak az egekbe az előző hetekben.
11477165	В каком регионе живёт этот народ?	11477275	Melyik területen él ez a nép?
11477121	Ещё никто не пришёл.	11477276	Még senki sem jött.
11477501	Я оставил дома права.	11477510	Otthonhagytam a jogsim.
11475970	Вряд ли он поедет туда один.	11477522	Nem valószínű, hogy egyedül fog odamenni.
11477566	Она, может быть, не пойдёт.	11477572	Ő, lehet, hogy nem jön.
11477566	Она, может быть, не пойдёт.	11477574	Lehet, hogy nem jön ő.
11478697	Мой брат говорит на трёх языках.	11478699	A bátyám három nyelven beszél.
11480250	Он живёт за рекой.	11480251	A folyón túl lakik.
10463043	Женщина – это когда длинные волосы.	11480296	Ha nő, akkor hosszú haj.
11480309	Им можно, а вам нельзя.	11480317	Nekik lehet, de nektek tilos.
11480309	Им можно, а вам нельзя.	11480318	Nekik szabad, de magának tilos.
11482973	Прости, но я уже встречаюсь с человеком.	11482976	Bocs, de már randizom.
11482970	Я хотел бы с тобой поговорить о другом.	11482979	Másról szeretnék veled beszélni.
11484924	Дети играют в снежки.	11484929	Hogolyóznak a gyerekek.
11484943	Дайте палестинцам воду.	11484947	Adjatok a palesztínoknak vizet!
10171987	Объясни мне, какой в этом смысл.	11485015	Magyarázd már el nekem, mi ennek az értelme.
11485142	Я только что увидел твой пост.	11485150	Épp az előbb láttam a posztodat.
11485142	Я только что увидел твой пост.	11485152	Éppen az előbb láttam a megosztásodat.
4845782	Я спала на диване.	11485799	A díványon aludtam.
11490277	Я останусь там на несколько дней.	11490281	Nem maradok ott sok napot.
11490551	На каком она месяце?	11490556	Melyik hónapban van?
11497432	Надо будет много работать.	11497437	Sokat kell majd dolgozni.
11497395	Не садись на неё.	11497441	Ne ülj rá!
11499158	Пуля попала в цель.	11499168	A golyó célt ért.
11499596	Вы двое, идите сюда.	11499604	Ti ketten, gyertek ide!
11499595	Мне не нужны были эти деньги.	11499605	Nem kellett nekem ez a pénz.
11499691	Лифт уже приехал.	11499698	Itt van már a lift.
11499861	Я купил новый мобильный.	11499961	Új mobilt vettem.
11499799	Я ещё ничего о тебе не знаю.	11499964	Még semmit nem tudok rólad.
11499798	Зачем ты стоишь в очереди?	11499965	Miért állsz sorba?
11499786	Ты не рассказывал о себе.	11499967	Nem meséltél magadról.
11499755	Мы всё сказали.	11499970	Mindent elmondtunk.
11499761	Вы говорите только о деньгах.	11499971	Ti csak a pénzről beszéltek.
11507447	Я тебя зову, зову, а ты не идёшь.	11507451	Hívlak, hívlak, de te nem jössz.
11507447	Я тебя зову, зову, а ты не идёшь.	11507452	Én hívlak és hívlak, te meg nem jössz.
11509665	Ты очень хорошо говоришь по-венгерски.	11509676	Igen jól beszélsz magyarul.
11509665	Ты очень хорошо говоришь по-венгерски.	11509677	Nagyon jól beszéled a magyart.
1394272	Машина синяя.	11510019	Kék az autó.
11510866	Похоже, что вы были правы.	11510868	Úgy tűnik, nektek volt igazatok.
11510864	Какой ответ правильный?	11510869	Melyik válasz helyes?
11510863	У нас кончается кислород.	11510883	Elfogy az oxigénünk.
11510880	У меня в супе муха.	11510884	Légy van a levesemben.
5890705	Ты даже не знаешь, насколько я рад тебя видеть.	11512194	El sem tudod képzelni, mennyire örülök, hogy látlak!
6154283	Я даже рад, что завтра понедельник.	11512195	Nekem még jó is, hogy holnap hétfő van.
8761900	Я даже рад, что он уехал.	11512198	Én még örülök is, hogy ő eljött.
9443928	Я даже рад, что всё так сложилось.	11512200	Én még örülök is neki, hogy így alakultak a dolgok.
10484575	Я даже рад, что так вышло.	11512204	Én még örülök is annak, hogy így alakult.
11512441	То, что они о тебе говорят, – правда?	11512445	Amit mondanak rólad, az igaz?
11512441	То, что они о тебе говорят, – правда?	11512446	Amit rólad beszélnek, az igaz?
5547616	Как же красива сегодня луна!	11512448	Milyen szép ma a hold!
5547616	Как же красива сегодня луна!	11512449	De szép is ma a hold!
11514186	Она говорила, что поможет.	11514192	Azt mondta, hogy segít.
11514422	Она не двигается.	11514425	Nem mozog.
11515464	Этот человек - тибетский монах.	11515470	Tibeti szerzetes ez az ember.
11515469	Они живут на Тибетской возвышенности.	11515476	A Tibeti-magasföldön élnek.
11517005	У меня такое ощущение, будто я один.	11517349	Olyan érzésem van, mintha egyedül lennék.
11517028	Я скажу тебе, когда ужин будет готов.	11517368	Szólok, ha kész a vacsi.
11517427	Этого вы здесь не найдёте.	11517472	Itt nem fogjátok megtalálni.
11517423	Вы её здесь не найдёте.	11517474	Nem találjátok őt itt.
11517421	Ты их здесь не найдёшь.	11517475	Nem találod itt őket.
11517406	Вы нигде такого не найдёте.	11517479	Ilyet sehol nem találtok.
11517374	Кольца нигде не было видно.	11517482	Sehol nem volt a gyűrű.
11517405	Ты нигде такого не найдёшь.	11517485	Ilyet sehol nem találsz.
11517405	Ты нигде такого не найдёшь.	11517486	Ilyet te sehol nem fogsz találni.
11517319	Небо сегодня вечером звёздное.	11517491	Csillagos ma este az ég.
11517283	Это буквально в двух шагах от моего дома.	11517502	Ez szószerint két lépes a házamtól.
11518076	Давай, только недолго.	11518083	Rajta, csak ne sokáig.
11518076	Давай, только недолго.	11518084	Jól van, de ne sokáig.
11511742	Кто главный тренер этой команды?	11519958	Ki ennek a csapatnak a vezetőedzője?
11511687	Я тот матч по телевизору смотрел.	11519967	A tévében néztem meg azt a meccset.
11511681	Мы смотрим автомобильную гонку.	11519970	Nézzük az autóversenyt.
11511653	Кто режиссёр этого фильма?	11519974	Ki ennek a filmnek a rendezője?
11511663	Он перевёл много предложений.	11520246	Sok mondatot fordított le.
11511195	Мне было очень трудно его понять.	11520250	Nagyon nehéz volt megértenem őt.
11511175	Мне нравится играть в видеоигры.	11520254	Szeretek videojátékozni.
11511185	В Иране говорят на персидском языке.	11520256	Iránban perzsául beszélnek.
11511182	Я ненавижу эту ситуацию.	11520259	Utálom ezt a helyzetet.
11511152	Я плохо говорю по-македонски.	11520265	Nem beszélek jól macedónul.
11511139	У нас три кота.	11520267	Három macskánk van.
11511656	Ты переведёшь эти предложения?	11522117	Lefordítod ezeket a mondatokat?
11523751	Вот здесь хорошо видно разницу.	11523758	Itt jól látható a különbség.
8069403	Она не может победить стресс.	11523893	Nem bírja a stresszet.
11524039	Они тебя ждут?	11524049	Téged várnak ők?
11349365	Это ключ от моего дома.	11524059	Ez a házkulcsom.
11525346	Я хотел бы, чтобы ты остался здесь.	11525376	Szeretném, ha itt maradnál.
11525949	Ты не можешь поехать?	11525955	Nem tudsz elmenni?
11525998	Как выглядит твоя мама?	11526001	Hogy néz ki anyukád?
11526020	Я сама не понимаю, как это вышло.	11526024	Magam sem értem, hogy történt.
11526020	Я сама не понимаю, как это вышло.	11526026	Magam sem értem, hogy hogy történt.
11526020	Я сама не понимаю, как это вышло.	11526028	Magam sem értem, hogy ez hogyan történt.
11526020	Я сама не понимаю, как это вышло.	11526029	Én magam sem értem, hogyan történt ez.
11526176	Я не буду делать вид, что мне жаль.	11526186	Én nem fogom magam megjátszani, hogy sajnálom.
11526176	Я не буду делать вид, что мне жаль.	11526188	Bocs, de ez engem nem érdekel.
11526524	Я хочу просто посмотреть на это.	11526528	Csak meg akarom nézni.
11499158	Пуля попала в цель.	11527485	Célba talált a golyó.
11473030	Том не может усидеть на месте.	11527487	Tom nem tud megülni a seggén.
11473030	Том не может усидеть на месте.	11527488	Nem tud megülni Tom egy helyben.
11529002	Вопрос не только в цене.	11529006	Ez nem csak ár kérdése.
11529057	Они никого не слушают, кроме бабушки.	11529064	Senkire nem hallgatnak a mamán kívül.
11529057	Они никого не слушают, кроме бабушки.	11529066	Nem hallgatnak senkire sem a nagyin kívül.
11529065	Ты слышал всё, что он сказал.	11529071	Mindent hallottál, amit mondott.
11529062	Похоже, они к вам привыкли.	11529073	Úgy tűnik, megszoktak benneteket.
11529062	Похоже, они к вам привыкли.	11529075	Úgy tűnik, megszoktak már titeket.
5238084	В одном ты прав.	11529092	Egyben igazad van.
11529163	Это детская считалочка.	11529164	Gyerekmondóka ez.
11529174	Я уже давно пишу стихи.	11529182	Már régóta írok verseket.
11529204	Вообще-то, я не должен тебе помогать.	11529227	Csak az van, hogy nekem nem kell neked segítenem.
11529204	Вообще-то, я не должен тебе помогать.	11529229	Csak az van, hogy nekem nem kell neked segíteni.
11529324	В корзине ничего нет.	11529326	Nincs a kosárban semmi.
11529323	Я просто хотел узнать, сколько тебе лет.	11529330	Csak azt akartam megtudni, hány éves vagy.
11529328	У тебя больше нет машины?	11529332	Nincs már autód?
11529347	Мой друг был не очень голоден.	11529353	Nem volt igazán éhes a barim.
8575893	Серп и молот - символы коммунизма.	11529841	Sarló és kalapács a kommunizmus jelképei.
3507342	Не так ли?	11530299	Nem ez van?
3507342	Не так ли?	11530300	De nem ez van?
3507342	Не так ли?	11530301	Ugye hogy ugye?
3507342	Не так ли?	11530302	Mert nem ez van?
3507342	Не так ли?	11530303	Vagy nem így van?
3507342	Не так ли?	11530305	Ugye hogy így van?
3507342	Не так ли?	11530307	Talán nem így van?
468372	Сегодня тепло, не так ли?	11530310	Meleg van ma, mi?
1643249	Я параноик, не так ли?	11530315	Paranoiás vagyok, mi?
2271641	Я опоздал, не так ли?	11530318	Elkéstem, mi?
2422588	Отличная погода, не так ли?	11530321	Szép idő van, mi?
2495281	Ты шутишь, не так ли?	11530322	Ugratsz, mi?
11530428	Упс, пардончик. Я в тебя врезаться не хотел.	11530545	Jaj, bocsika! Nem akartam neked menni.
11529667	Я слышу биение твоего сердца.	11530571	Hallom a szíved zakatolását.
3507342	Не так ли?	11530757	Így van-e?
11530870	Нет, я никого не вижу.	11530878	Nem, senkit sem látok.
11530870	Нет, я никого не вижу.	11530879	Nem, nem látok senkit.
11530884	Я никого не видел, кроме вас.	11530887	Senkit nem látok magán kívül.
432314	Слышал, что у тебя есть новая подруга.	11531597	Hallottam, hogy új barátnőd van.
11531919	Почему он со мной больше не ужинает?	11531932	Miért nem vacsorázik már velem?
11532560	Я из Польши.	11532565	Lengyelországból vagyok.
9111956	Я хочу поговорить с тобой о том, что нужно сделать.	11533429	Meg kell beszélnünk, mi a teendő.
11536445	Я дочитал эту книгу за три дня.	11536453	Három nap alatt olvastam el ezt a könyvet.
11537185	Я куплю ей аквариум.	11537189	Veszek neki akváriumot.
11540620	Эта черта мне в себе не нравится.	11540627	Nem tetszik ez a tulajdonság bennem.
11546532	В данный момент я в дороге.	11546541	Úton vagyok épp.
11546532	В данный момент я в дороге.	11546542	Úton vagyok éppen.
11546532	В данный момент я в дороге.	11546553	Ippeg úton vagyok.
11546554	Мы говорим о своей семье.	11546564	A családunkról beszélünk.
11546562	Они моются.	11546568	Mosdanak.
11546567	Собака играет в мячик.	11546573	A labdával játszik a kutya.
11546565	Они их моют.	11546579	Fürdetik őket.
11546585	Это очень важная тема.	11546594	Nagyon fontos téma ez.
11546585	Это очень важная тема.	11546596	Ez igen fontos téma.
11547297	У тебя будут проблемы.	11547300	Bajod lesz.
11547308	Мы с ним мало об этом говорили.	11547317	Beszéltünk velük erről futólagosan.
11547314	В последнее время мы с ним редко разговаривали.	11547395	Az utóbbi időben csak ritkán beszéltünk velük.
11547622	Мне это не нравится, и всё.	11547636	Nem tetszik nekem, ennyi.
11547634	Я её не люблю, и всё.	11547639	Nem szeretem őt; ez van.
11547712	Я могу остаться ночевать?	11547715	Maradhatok itt éjszakára?
11547718	Вы какие овощи любите?	11547719	Milyen zöldségeket szerettek?
11548687	Моя младшая дочь скоро пойдёт в школу.	11548697	Nemsokára iskolás lesz a kisebbik lányom.
11548687	Моя младшая дочь скоро пойдёт в школу.	11548702	Nemsokára iskolába fog járni a kisebbik lányom.
11549082	Ты знаешь свои права?	11549085	Ismered a jogaidat?
11552273	Он сказал ей, чтобы она сделала это сама.	11552284	Mondta neki, hogy csinálja meg maga.
11552293	Почему вы говорите о ней в прошедшем времени?	11552302	Miért beszéltek róla múlt időben?
11553157	Как ты выучил эсперанто?	11553160	Hogyan tanultál meg eszperantóul?
11552923	У тебя работы хватает.	11553178	Elég munkád van.
11552923	У тебя работы хватает.	11553180	Akad munkád elég.
11553749	Ты, наверное, эту историю уже слышал.	11553756	Biztosan hallottad már ezt a történetet.
11556654	Нам надо ещё много чего сделать.	11556662	Sok mindent kell még megcsinálnunk.
11556655	О чём они просят?	11556663	Mit kérnek ők?
11560887	У меня был ключ.	11560893	Nálam volt a kulcs.
11564778	Я хотел бы, чтобы вы мне ответили.	11565250	Szeretném, ha válaszolnátok.
11568962	Я помню, что смотрел этот фильм.	11568963	Emlékszem, hogy megnéztem ezt a filmet.
11569795	Что тебе не нравится в Томе?	11569805	Mi nem tetszik neked Tomban?
11576247	К счастью, всё обошлось.	11576257	Sikerült minden szerencsére.
11581978	Нам он не нужен.	11581988	Nekünk nincs rá szükségünk.
11581978	Нам он не нужен.	11581989	Nincs rá szükségünk.
11581978	Нам он не нужен.	11581990	Nincs őrá szükségünk.
11581978	Нам он не нужен.	11581991	Nem kell nekünk.
11581978	Нам он не нужен.	11581992	Nem kell ő nekünk.
2990507	Откуда ты знаешь всё это?	11583643	Te ezt mindet honnan tudod?
2906702	О чём вы думали?	11584091	Mire gondoltatok?
11587928	Я не могу найти розмарин.	11587938	Nem találom a rozmaringot.
11589443	Я тебя действительно любил.	11589452	Én tényleg szerettelek téged.
3595193	У меня нет никаких планов.	11589457	Nincs semmilyen tervem.
3595193	У меня нет никаких планов.	11589458	Semmilyen tervem sincs.
11589589	Думаешь, Том нам лжёт?	11589600	Gondolod, hogy Tom hazudik nekünk?
11591291	Пишите, не забывайте.	11591295	Írjatok, ne feljtsétek el!
11591306	Это действительно очень просто!	11591308	Ez valóban nagyon egyszerű!
2633286	Мне не нравится то, что ты говоришь.	11593598	Nem tetszik nekem az, amit mondasz.
11602926	Вы не будете мне помогать?	11602930	Nem fogtok nekem segíteni?
11607116	У неё температура.	11607119	Lázas.
11607116	У неё температура.	11607120	Láza van.
11607155	Мне очень нравится этот дом.	11607167	Nagyon tetszik nekem ez a ház.
4035267	Ты должен сказать ей сам.	11618746	Magadnak kell elmondanod neki.
11618719	Расскажите мне эту историю ещё раз, пожалуйста.	11618749	Mesélje el nekem, legyen szíves, ezt a történetet még egyszer.
11618665	Я творческий человек.	11618750	Találékony ember vagyok.
11617941	Мы в полной безопасности.	11618752	Teljes biztonságban vagyunk.
11617074	Ты почему не поел?	11618753	Te miért nem ettél?
11616721	Я не умру полностью.	11618756	Nem halok meg teljesen.
11616488	Человек - это лишь то, что он знает.	11618757	Az ember csak az, amit tud.
11616473	Мы идём к ней домой. Хотите с нами?	11618767	Elmegyünk hozzá. Akartok jönni velünk?
11618812	У тебя, случайно, нет её адреса?	11618820	Nincs meg neked véletlenül a címe?
11633320	Ну и чёрт с тобой!	11633330	Na menj a picsába!
2318490	Я лучше тебе перезвоню.	11633336	Majd inkább visszahívlak.
2318490	Я лучше тебе перезвоню.	11633338	Majd visszahívlak inkább.
2318490	Я лучше тебе перезвоню.	11633339	Visszahívlak majd inkább.
2318490	Я лучше тебе перезвоню.	11633341	Visszahívlak inkább majd.
2318490	Я лучше тебе перезвоню.	11633342	Inkább visszahívlak majd.
2318490	Я лучше тебе перезвоню.	11633343	Inkább majd visszahívlak.
11642002	Вы были тогда замужем?	11642010	Férjnél volt akkor?
11642062	У вас нет права это делать.	11642074	Nincs jogotok ezt tenni.
11642072	Я слишком много видел.	11642075	Nagyon sokat láttam.
11642262	Этот костюм Вам очень идёт.	11642270	Nagyon jól áll önnek ez a kosztüm.
11644585	Никогда не думал, что это так закончится.	11644645	Soha sem gondoltam volna, hogy ez így fog végződni.
11644585	Никогда не думал, что это так закончится.	11644646	Nem gondoltam volna soha, hogy ennek ilyen vége lesz.
11644577	У него уже нет денег.	11644647	Már nincs pénze.
11644578	Возьми его, он мне не нужен.	11644651	Vidd el ezt, nincs rá szükségem.
11644578	Возьми его, он мне не нужен.	11644653	Vidd el ezt, nem kell nekem.
11644654	Все плакали.	11644659	Mindenki sírt.
11644579	Эта девушка мне нравится.	11644660	Tetszik nekem ez a lány.
11644579	Эта девушка мне нравится.	11644662	Tetszik nekem ez a csaj.
11644579	Эта девушка мне нравится.	11644663	Tetszik nekem ez a csajszi.
11644579	Эта девушка мне нравится.	11644664	Tetszik nekem ez a leány.
11644579	Эта девушка мне нравится.	11644667	Tetszik nekem ez a leányzó.
11644579	Эта девушка мне нравится.	11644668	Tetszik nekem ez a csáje.
11644342	Я копаю колодец.	11644670	Kutat ások.
11644665	Меня никто бы не послушал.	11644673	Rám senki sem hallgatna.
11644737	Ни вам, ни нам это не нужно.	11644744	Sem nektek, sem nekünk nem kell.
11644737	Ни вам, ни нам это не нужно.	11644745	Nektek sem, meg nekünk sem kell ez.
11644790	Кто автор этого романа?	11644793	Ki ennek a regénynek az írója?
11644786	Я не хочу, чтобы они тут были.	11644800	Nem akarom, hogy itt legyenek.
11644786	Я не хочу, чтобы они тут были.	11644803	Nem akarom azt, hogy ők itt legyenek.
4744468	Тебе надо было ему позвонить.	11648158	Fel kellett volna hívnod.
11648209	Когда ты вышла из больницы?	11648226	Mikor jöttél ki a kórházból?
3277607	Значит, я не один такой.	11651419	Ez azt jelenti, hogy nem én vagyok az egyedüli ilyen.
11651399	Значит так, слушай сюда.	11651430	Akkor hallgass ide!
11651429	Нил и Рейн не короткие реки, а длинные.	11651436	A Nílus és a Rajna nem rövid folyók, hanem hosszúak.
11657800	Дальше я пойду одна.	11657808	Egyedül megyek tovább.
11661551	В субботу он приехал в Киото.	11661561	Szombaton Kiotóba jött.
11661666	Она позвонила, только чтобы убедиться, что ты в безопасности.	11661678	Csak azért hívott, hogy megbozonyosodjon róla, hogy biztonságban vagy-e.
11661742	В те времена, когда зимой ещё шёл снег, дети катались на санях, играли в снежки или делали снеговиков.	11661754	Abban az időben, amikor télen esett még a hó, a gyerekek szánkóztak, hogolyóztak vagy hóembert készítettek.
444218	Кажется, дождь начинается.	11690423	Úgy tűnik, elkezd esni az eső.
11705225	Не бойся, это я!	11705235	Attól tartok, én voltam.
11706928	Вы уже всё сказали?	11706934	Elmondtatok már mindent?
11720516	Да, и то и другое подходит.	11720689	Ja, jó mindkettő.
11721139	Я рад, что вы все уже здесь.	11721146	Örülök, hogy már mind itt vagytok.
11733044	В поезде почти не было пассажиров.	11733054	Alig voltak utasok a vonaton.
11760795	Где ваш младший брат?	11760798	Hol az öcsétek?
11760795	Где ваш младший брат?	11760799	Hol van az öcsétek?
11770367	Он помог нам выиграть.	11770369	Segített nekünk nyerni.
11770360	Не сиди на столе.	11770372	Ne ülj az asztalon!
11770378	А что я такого сделал?	11770380	És mi olyat tettem én?
11770378	А что я такого сделал?	11770381	És mit csináltam én olyant?
11770376	Том, как ты себя ведёшь!	11770386	Hogy viselkedsz, Tom!?
4589088	Их никто не найдёт.	11770392	Senki nem találja meg őket.
11772657	Я счастлив впервые в жизни.	11772667	Most először boldog vagyok az életben.
11772668	Я пошёл туда, только чтобы помочь.	11772672	Csak azért mentem oda, hogy segítsek.
5120108	Мэри помыла ванну.	11772821	Megtisztította Mari a fürdőkádat.
9002094	На чём вы играете?	11772919	Min játszotok?
11775969	Мы купим новый диван.	11775984	Új kanapét veszünk.
11775849	Тебе больше нравится жить в городе или в деревне?	11776129	Neked a városban vagy a faluban tetszik jobban az élet?
11775836	Она купила телевизор.	11776132	Tévét vett.
11775650	Оба дома белые.	11776213	Mindkét ház fehér.
11776643	Я тогда ещё не знала, что он женат.	11776647	Akkor még nem tudtam, hogy házas.
11776643	Я тогда ещё не знала, что он женат.	11776649	Nem tudtam akkor még, hogy nős.
11777620	Вечеринка уже началась?	11777623	Elkezdődött már a buli?
11777620	Вечеринка уже началась?	11777624	Tart már a buli?
11777620	Вечеринка уже началась?	11777625	Megy már a buli?
8967182	Вы придёте?	11777653	Ti jöttök?
8967182	Вы придёте?	11777656	Eljöttök ti?
381260	Он обязательно придёт.	11777658	Ő biztosan eljön.
11781734	Моя свобода должна заканчиваться там, где начинается свобода другого человека.	11781738	Ott fejeződik be a szabadságom, ahol mások szabadsága kezdődik.
11781699	Турция ему нравится больше, чем Германия.	11781778	Jobban tetszik neki Törökország, mint Németország.
11781894	Я не собираюсь тебе ничего доказывать.	11781899	Nem szándékozom neked semmit sem bizonyítani.
11781894	Я не собираюсь тебе ничего доказывать.	11781902	Nem áll szándékomban bizonyítani neked semmit sem.
11781898	Почему он редко звонит своей сестре?	11781903	Miért ritkán hívja a nővérét?
11782016	Когда я вернулся домой, брат делал уроки.	11782020	Amikor hazaértem, az öcsém a háziját csinálta.
2311185	Когда Том здесь, я только рада.	11782956	Ha Tom itt van, annak én csak örülök.
3469112	Не знаю, знает ли он об этом.	11787028	Nem tudom, hogy tud-e erről.
5007378	Мне хотелось пить.	11787322	Szomjas voltam.
4356329	Это напомнило мне о вас.	11787333	Rátok emlékeztetett engem.
4744497	Я ей звоню.	11787336	Hívom is őt.
4744497	Я ей звоню.	11787337	Hívom is.
10839311	Моя семья далеко.	11787347	Távol van a családom.
4163633	Ты знаешь, где они?	11787348	Tudod, hol vannak?
4163633	Ты знаешь, где они?	11787349	Tudod, hol vannak ők?
4163633	Ты знаешь, где они?	11787350	Tudod, hogy hol vannak ők?
4163633	Ты знаешь, где они?	11787351	Tudod, hogy ők hol vannak?
3761105	Ты поняла, что она сказала?	11787356	Felfogtad, amit mondott?
3761105	Ты поняла, что она сказала?	11787358	Értetted, amit ő mondott?
3761105	Ты поняла, что она сказала?	11787360	Felfogtad, amit ő mondott?
3761105	Ты поняла, что она сказала?	11787362	Felfogtad azt, amit mondott?
3761105	Ты поняла, что она сказала?	11787364	Értetted azt, amit ő mondott?
3761105	Ты поняла, что она сказала?	11787365	Felfogtad azt, amit ő mondott?
3594866	Я взял напрокат машину.	11787372	Kocsit béreltem.
3594866	Я взял напрокат машину.	11787374	Kibéreltem egy kocsit.
3594866	Я взял напрокат машину.	11787375	Autót béreltem.
3594866	Я взял напрокат машину.	11787377	Kibéreltem egy autót.
8647921	Где ты нашёл мои ключи?	11787393	Hol találtad meg a kulcsaimat?
2967964	Я тебя понимаю.	11787394	Értelek téged.
7234631	Как ты думаешь, какое мне купить?	11787396	Mit gondolsz, melyiket vegyem meg?
8193726	Я была очень рада его видеть.	11787411	Nagyon örültem neki, hogy láthattam.
4982976	Я испекла тебе торт.	11787415	Sütöttem neked tortát.
8442324	Что делают твои сёстры?	11787425	Mit csinálnak a nővéreid?
9124393	Он вечером придёт.	11787430	Ma este fog jönni.
8100321	Я из Москвы.	11787434	Moszkvából való vagyok.
8100321	Я из Москвы.	11787435	Moszkvából jövök.
7907480	Она выше братьев.	11787440	Magasabb az öccseinél.
1733026	В этом городе я никого не знаю.	11787447	Nem ismerek ebben a városban senkit.
1733026	В этом городе я никого не знаю.	11787448	Senkit sem ismerek ebben a városban.
1733026	В этом городе я никого не знаю.	11787449	Ebben a városban nem ismerek senkit.
1733026	В этом городе я никого не знаю.	11787452	Senkit nem ismerek ebben a városban.
1733026	В этом городе я никого не знаю.	11787454	Ebben a városban senkit sem ismerek.
1733026	В этом городе я никого не знаю.	11787455	Ebben a városban senkit nem ismerek.
3469112	Не знаю, знает ли он об этом.	11787485	Nem tudom, hogy ő tud-e erről.
11787493	Мы с братом ходим в одну школу.	11787502	Öcsém és én egy suliba járunk.
4512725	Когда он сюда приехал?	11788030	Mikor jött ide?
11791415	Их было немного.	11791419	Nem voltak sokan.
11791417	Им этого хватает?	11791420	Elég ez nekik?
11791797	Это хороший университет.	11791912	Ez jó egyetem.
8821811	Этого должно хватить на несколько дней.	11792812	Elégnek kelle ennek lennie néhány napra.
11803222	Я её выкупа́ю.	11803257	Visszavásárlom.
11803799	Почему ты делал это без меня?	11803808	Miért nélkülem csináltad?
11810619	Вы не могли бы объяснить мне ещё раз?	11810624	Nem tudná elmagyarázni még egyszer?
6601958	Я могу сказать вам, кто это сделал.	11813394	Én meg tudom mondani nektek, ki tette.
11815444	Где вы его забыли?	11815453	Hol felejtettétek?
10172474	Он их починил.	11816237	Megcsinálta őket.
11818139	Привет, девчонки.	11818141	Sziasztok, lányok!
11818138	Одни были богаты, другие бедны.	11818147	Egyesek gazdagok voltak, mások szegények.
11821101	На этой фотографии пять человек.	11821185	Ezen a fotón öt ember van.
11825018	У меня уже закончились деньги.	11825022	Már kifogytam a pénzből.
11825018	У меня уже закончились деньги.	11825023	Elfogyott már a pénzém.
11825041	Политики почти никогда не признают свои ошибки.	11825042	A politikusok jóformán soha nem ismerik be, ha hibáztak.
11825045	Она пошла покупать конфеты.	11825056	Elment édességet venni.
11825051	Почему люди не признают своих ошибок?	11825070	Az emberek miért nem ismerik el a hibáikat?
11825069	Эта коробка картонная.	11825076	Ez kartondoboz.
11826881	Раз, два, три жопу подотри!	11826897	Egy, kettő, három, négy, mély lélegzetet végy!
11827449	Хочешь сигаретку?	11827452	Kérsz cigit?
11827449	Хочешь сигаретку?	11827454	Kérsz egy cigarettát?
11827453	У меня три собаки. Кобель и две суки.	11827465	Három kutyám van; egy kan és kettő szuka.
11827555	Я не удалял их файлы.	11827568	Nem töröltem a fájljaikat.
11827570	Почему они не пришли ко мне?	11827580	Miért nem jöttek oda hozzám?
11827570	Почему они не пришли ко мне?	11827581	Miért nem jöttek ide hozzám?
11827584	Когда последний раз был дождь?	11827589	Mikor volt utoljára eső?
11827587	Когда последний раз шёл дождь?	11827593	Mikor esett utoljára az eső?
11827592	У неё несколько юбок.	11827596	Van egypár szoknyája.
11828564	Я невольно обидел её.	11828577	Akaratlanul megbántottam őt.
11832039	Когда она решила остаться здесь?	11832045	Mikor döntött úgy, hogy itt marad?
11833774	Куда он ходил вчера?	11833779	Hova ment tegnap?
4367176	Значит, я могу идти, верно?	11834486	Ez azt jelenti, hogy mehetek, így van?
11835881	Принеси мне это.	11835884	Hozd nekem ide!
11835876	Уверяю вас, что это правда.	11835885	Biztosíthatom önt, hogy ez igaz.
11835976	Никто не слышал, как Том вошёл в комнату.	11835986	Senki sem hallotta, hogy bejött Tom a szobába.
11839381	Они не умеют писать.	11839402	Nem tudnak írni.
11839327	Я хотел бы побывать на Елисейских Полях.	11839404	Szeretnék elmenni a Champs-Élysées-re.
11839304	Том сделал это с моей помощью.	11839405	Az én segítségemmel csinálta ezt Tom.
11839320	Интересно, сработает ли это.	11839407	Működik ez vajon?
11839276	Он должен быть здесь в шесть.	11839408	Hatra itt kell lennie.
11839280	Ему надо быть здесь в шесть.	11839409	Hatra itt kell neki lenni.
11839242	Если Вы будете говорить по-французски, я Вас не пойму.	11839422	Ha ön franciául fog beszélni, nem fogom érteni.
11839334	Кто на воротах?	11839424	Ki áll a kapuban?
11841008	Мы ужинаем на лодке.	11841236	A csónakon vacsorázunk.
11841303	Она сказала это в шутку.	11841312	Viccből mondta.
11843454	Этот мальчик умный.	11843463	Okos ez a fiú.
11845110	Я упал в колодец, когда наклонился посмотреть, есть ли там вода.	11845119	Beleestem a kútba, amikor fölé hajoltam, hogy megnézzem, van-e benne víz.
11845141	Он её видел?	11845151	Látta őt?
11845255	Ну, на сегодня всё.	11845270	Na, mára ennyi.
11845255	Ну, на сегодня всё.	11845278	No, mára ennyi volt.
11846158	Он это видел или нет?	11846167	Látta vagy nem?
11846576	Я не могу вести эту машину.	11846579	Nem tudom vezetni ezt az autót.
11846588	Чего этот человек от тебя хотел?	11846682	Mit akart tőled ez az ember?
11851493	Олег уснул на диване.	11851497	Oleg elaludt a kanapén.
11854766	Как меня Том назвал?	11854770	Hogy hívott engem Tom?
11854972	Время у неё ещё есть.	11854983	Még van ideje.
11211032	Где я могу положить эту коробку?	11855516	Hova tudom letenni ezt a dobozt?
11857660	Дождя не было несколько недель.	11857670	Hetek óta nem volt eső.
11857803	У Тома нет на это денег.	11857806	Nincs erre péze Tomnak.
11857800	Он был мне несимпатичен.	11857808	Nem volt nekem ő szimpatikus.
10989709	Здесь никогда ничего не меняется.	11861026	Itt soha nem változik semmi.
11861019	Я дал ему почитать журнал.	11861032	Odaadtam neki az újságot, hogy elolvassa.
6687334	Если ты будешь вести себя как слуга, к тебе будут относиться как к слуге.	11861049	Ha úgy viselkedsz, mint egy szolga, akkor úgy fognak viselkedni veled, mint egy szolgával.
11861046	Ненавижу, когда она на меня так смотрит.	11861055	Utálom, amikor így néz rám.
4135869	Ты знаешь, что это неправильно.	11861900	Tudod, hogy ez nem helytálló.
11863049	Девушки его любят.	11863052	Szeretik őt a lányok.
11863048	Девушки его не любили.	11863054	Nem szerették őt a csajok.
11863047	Девушки его любили.	11863058	A lányok szerették őt.
11863867	Оставайтесь здесь, пока я не вернусь.	11863871	Maradjatok itt, amíg vissza nem térek!
11863862	В таком случае я ничего не понимаю.	11863872	Ebben az esetben nem értek semmit.
11863899	Не об этом ли я мечтал?	11863919	Hát nem erről álmodtam?
11863918	Наша страна в руинах.	11863921	Országunk romokban.
11863918	Наша страна в руинах.	11863923	Országunk romokban áll.
11863922	Я их вживую видел.	11863961	Láttam őket, hogy élnek.
11865705	Я это не ради себя делаю.	11865713	Ezt nem magamért teszem.
11865705	Я это не ради себя делаю.	11865715	Ezt nem magamért csinálom.
11882708	Вы забыли, кто вы.	11882714	Elfelejtettétek, kik vagytok.
11882796	Они не закончили свою работу?	11882811	Nem fejezték be a munkájukat?
11882872	Ты знаешь, как долго я уже жду?	11882884	Tudod, milyen régóta várok?
11882872	Ты знаешь, как долго я уже жду?	11882887	Tudod, hogy mióta várok már?
11890135	Она Вас слишком долго ждала.	11890141	Nagyon sokat várt önre.
11890154	Хотите, я у неё спрошу?	11890166	Akarjátok, hogy megkérdezzem őt?
11890348	Я родился в такси.	11890354	Taxiban születtem.
11890480	Семья для нас всё.	11890651	A család a mi mindenünk.
11894648	Это ситуация, которую я очень хотел бы изменить.	11894658	Ez olyan helyzet, amit meg akarnék változtatni.
6296323	Что с тобой? Заболел?	11900197	Mi van veled? Lebetegedtél?
11903370	Ты где был?	11903451	Te hol voltál?
11903368	Он был у себя дома.	11903454	Az otthonában volt.
11906079	Которая из них это была?	11906083	Melyikőjük volt?
11909525	Ты ведёшь себя грубо.	11909558	Durván viselkedsz.
11909431	Давайте пить и веселиться.	11909561	Igyunk és vígadjunk!
11909427	Ты уже едешь?	11909566	Már mész?
5276496	У пауков восемь лап и восемь глаз.	11912365	A pókoknak nyolc lába van és nyolc szeme.
11912438	Не беспокойтесь, я ей скажу.	11912445	Ne aggódjatok; elmondom neki.
11912444	Не беспокойтесь, он вернётся домой.	11912448	Ne aggódjatok; haza fog jönni.
11923716	Жизнь - это путешествие, а не пункт назначения.	11923719	Az élet út és nem uticél.
11937607	Я и сейчас её люблю.	11937615	Most is szeretem őt.
11937611	"Ты её очень любил?" - "Я её и сейчас люблю".	11937620	— Nagyon szeretted őt? — Most is szeretem.
11937657	Они приходили к нам несколько раз.	11937663	Eljöttek hozzánk néhányszor.
11937706	"Нравится?" - "Очень!"	11937710	— Tetszik? — Nagyon.
11948429	Перестань мне грубить.	11948437	Ne bunkózz már velem!
11948561	Чтоб вы знали, мы просто друзья.	11948563	Hogy tudjátok, csak barátok vagyunk.
11950105	Думаешь, мы могли бы это сделать?	11950108	Gondolod, hogy meg tudnánk csinálni?
11950107	Калитка у нас не запиралась ни днём, ни ночью.	11950110	A kapu nálunk nincs becsukva nappal sem éjjel.
11950968	А ты хорошо говоришь по-французски! Где ты его выучил?	11950977	Jól beszélsz franciául. Hol tanultad meg?
11952368	Вы не против, если мы к вам присоединимся?	11952377	Nincs ellenére, ha csatlakoznánk magukhoz?
11957477	Тише вы! Весь дом перебудите.	11957483	Csendben legyetek! Az egész házat felébresztitek.
11959228	Не учите меня жизни.	11959230	Ne akarjatok engem kioktatni!
10867568	Я планирую остаться в гостинице.	11960188	A szállodában tervezek megszállni.
11969630	В этом я с тобой совершенно согласна.	11969633	Teljesen egyetértek veled ebben.
11969632	Пойдём, пока погода хорошая.	11969637	Addig menjünk, amíg jó az idő.
11969683	Бери их все.	11969686	Vedd el mindet.
3015150	Когда ты будешь готов?	11979142	Mikor leszel készen?
11979458	Я это вам покупаю, а не себе.	11979464	Ezt nektek veszem, nem magamnak.
11979520	Вам ещё рано об этом думать.	11979521	Korai még nekik ezen gondolkozni.
11983484	Я же сказал: никаких подарков!	11983498	Megmondtam: semmilyen ajándékot!
9399296	Берите хлеб.	11984094	Vegyetek kenyeret.
11984759	Почему никто не придёт мне помочь?	11984762	Miért nem jön nekem senki segíteni?
11984758	Почему никто не придёт мне на помощь?	11984763	Miért nem jön senki a segítségemre?
11984524	Как жаль, что мы не говорим на одном языке.	11984764	Milyen kár, hogy nem egy nyelven beszélünk.
11988120	Это не я сказал, а ты.	11988130	Nem én mondtam, hanem te.
11988564	Мне не понравился Нью-Йорк.	11988938	Én nem szerettem meg New Yorkot.
5251940	Что ты будешь сегодня есть?	11994997	Mit fogsz ma enni?
11822579	Что ты сегодня будешь есть?	11995000	Mit eszel ma?
11822579	Что ты сегодня будешь есть?	11995003	Te mit eszel ma?
584877	Мой отец часто рассказывал нам о своих школьных годах.	12000858	Édesapám gyakran mesélt nekünk azokról az évekről, amikor még iskolába járt.
12002807	Это на той стороне озера.	12002809	A tenger azon partján fekszik.
12002807	Это на той стороне озера.	12002810	A tenger túlsó oldalán van.
12002807	Это на той стороне озера.	12002811	A tenger túloldalán van ez.
12002807	Это на той стороне озера.	12002813	A tenger másik oldalán található.
2818855	Самое главное - свобода.	12004315	A legfontosabb a szabadság.
12004710	Мы не будем плавать в этой холодной воде.	12004714	Ebben a hideg vízben mi nem fogunk úszni!
12004816	Как бы мне это узнать?	12004821	Hogyan tudhatnám meg?
8751820	Ты действительно думаешь, что Том виновен?	12004879	Te tényleg azt hiszed, hogy Tom bűnös?
12004844	Я учил этот язык, но плохо его знаю.	12004885	Tanultam ezt a nyelvet, de alig tudom.
12010176	Другие варианты есть?	12010182	Egyéb opció van?
12016790	Я хочу завтра съездить в город.	12016806	Holnap be akarok menni a városba.
12016790	Я хочу завтра съездить в город.	12016808	Holnap szeretnék bemenni a városba.
12021102	"Дай мне квадратик шоколада", - сказал он.	12021112	— Adj egy kocka csokit! — mondta.
12021105	У него нет времени.	12021116	Nincs ideje.
12021105	У него нет времени.	12021120	Nem ér rá.
12025329	Где ты завтра будешь есть?	12025331	Holnap hol fogsz enni?
12034982	Я и не думал, что никогда больше её не увижу.	12034986	Nem is gondoltam volna, hogy nem fogom többé látni.
602054	Она замужем?	12036452	Férjhez ment?
12036465	Мы провели этот день вдвоем.	12036472	Kettesben töltöttük a napot.
12038528	«Что случилось?» – «Ничего. Иди дальше спать».	12038910	— Mi történt? — Semmi. Menj, aludj tovább!
12044171	Том открыл было дверь, но увидев на пороге Мэри, сразу её захлопнул.	12045335	Épp csak kinyitotta Tom az ajtót, de látva Marit a küszöb előtt vissza is csukta gyorsan.
12044171	Том открыл было дверь, но увидев на пороге Мэри, сразу её захлопнул.	12045871	Tom kinyitotta az ajtót, de amikor meglátta Marit a küszöbnél, azonnal becsukta.
12064630	Том знал, что такое бедность.	12065513	Tudta Tom, mi az a szegénység.
12070660	Я даже не знаю, что сказать, кроме как спасибо.	12070663	Azt sem tudom, mit mondjak, azon kívül, hogy köszönöm.
12087628	Почему вы так плохо обо мне думаете?	12087630	Miért gondoltok rólam ilyen rosszat?
9991856	Он сказал мне, что любит её.	12088593	Mondta nekem, hogy szereti őt.
9991856	Он сказал мне, что любит её.	12088594	Ő mondta nekem, hogy szereti őt.
5582354	Мальчик хочет пить.	12088599	A fiú szomjas.
5582354	Мальчик хочет пить.	12088600	A fiú inni akar.
12089574	Расскажи нам о фильме, который ты посмотрел.	12089580	Beszélj a filmről, amit néztél.
12092583	Когда вам это нужно?	12092588	Mikor kell ez nektek?
12095094	Я просто не хочу умереть.	12095113	Csak nem akarok meghalni.
12098721	Идите, если хотите.	12098727	Menjetek, ha akartok.
12098721	Идите, если хотите.	12098729	Menjetek hát, ha akartok!
12101051	Я позвоню завтра утром.	12101053	Holnap reggel majd telefonozok.
12102246	Что он сегодня узнал?	12102250	Mit tanult ma ő?
12102246	Что он сегодня узнал?	12102253	Ő mit tanult ma?
10193834	Я читала все Ваши книги.	12109294	Az ön összes könyvét olvastam.
12109291	Я видел, как вы уезжали.	12109295	Láttam, hogy elmentetek.
12109404	Я и не ждал от вас благодарности.	12109412	Nem is várok önöktől köszönetet.
12110824	Из какого аэропорта они улетели?	12110832	Melyik repülőtérről mentek?
12110824	Из какого аэропорта они улетели?	12110833	Melyik reptérről repültek ők el?
12126037	Я даже не подумал, что может быть два правильных ответа.	12126049	Nem is gondoltam volna, hogy két helyes válasz is lehetséges.
12131128	Я там каждый вечер ем.	12131137	Minden este ott eszem.
12131546	Я знал, что всё в порядке.	12131557	Tudtam, hogy minden rendben van.
12131637	Её махинации наконец раскрыты.	12131648	Spekulációi végül kiderültek.
9117500	Пожалуйста, не отвлекай меня.	12131856	Kérlek, ne vond el a figyelmemet!
12133055	Почему ты не хочешь вернуться сюда?	12133065	Miért nem akarsz visszajönni ide?
4455125	Где же весна?	12134354	Hol van hát a tavasz?
4455125	Где же весна?	12134355	Hol marad a tavasz?
12137007	Это помогает от зубной боли.	12137009	Ez segít a fogfájáson.
12137003	Он заготовил дров на зиму.	12137032	Betárazott tűzifából télire.
12137031	Просто давай им каждый день достаточно еды.	12137035	Csak adj nekik minden nap elég eleséget.
12138647	Он всю ночь не спал.	12138651	Egész éjjel nem aludt.
12146117	Почему она мне не верит?	12146129	Ő miért nem hisz nekem?
12146117	Почему она мне не верит?	12146132	Miért nem hisz ő nekem?
12146117	Почему она мне не верит?	12146135	Miért nem hisz nekem ő?
12146130	Почему они нам не верят?	12146140	Ők miért nem hisznek nekünk?
12146130	Почему они нам не верят?	12146142	Miért nem hisznek ők minekünk?
12146159	Почему им никто не поверил?	12146163	Miért nem hitt nekik senki?
12146165	Почему вам все верят?	12146176	Nekik miért hisz mindenki?
12146171	Ты не должен ему верить.	12146179	Nem kell, hogy higyj neki.
12146171	Ты не должен ему верить.	12146181	Ne kell neki hinned.
12146171	Ты не должен ему верить.	12146182	Nem szükséges hinned neki.
12146106	Почему мы тебе верим?	12146201	Miért hiszünk neked?
12146220	Почему мы должны ему верить?	12146224	Miért is higgyünk neki?
12146217	Почему мы должны им верить?	12146225	Miért higgyünk nekik?
12152357	Ты в городе или нет?	12152366	A városban vagy avagy nem?
12152357	Ты в городе или нет?	12152369	A városban vagy vagy nem?
12153432	Мне сегодня не хочется никого видеть.	12153435	Ma nem akarok látni senkit.
2362598	Это ваши?	12154470	Ezek a tieitek?
2501415	Я – ваш.	12154471	A tiétek vagyok.
3055526	Эти ваши?	12154473	A tieitek ezek?
3253850	Который ваш?	12154475	Melyik a tiétek?
923764	Я так не хотел.	12155012	Én nem így akartam.
12157346	Вы не можете мне написать?	12157350	Nem tudtok nekem írni?
12157348	Небо всё утро было серое.	12157351	Minden reggel szürke volt az ég.
12158816	Они вели себя как клоуны.	12158819	Úgy viselkedtek, mint a bohócok.
12165899	Они понимают, что она говорит?	12165900	Értik, amit mond?
12167424	Я ей ничего не сказала.	12167428	Semmit nem mondtam neki.
12167427	Он потерял надежду и покончил с собой, выпив яд.	12167431	Elvesztette a reményt, és végzett magával; mérget ivott.
12167430	Я на год старше её.	12167433	Egy évvel vagyok idősebb nála.
12167461	Надеюсь, вы сможете нам помочь.	12167469	Azt remélem, hogy ti tudtok segíteni nekem.
12174318	Такая возможность выпадает раз в жизни.	12174328	Ilyen lehetőség egyszer adódik az életben.
12174322	Он редко болеет.	12174330	Ő ritkán beteg.
12179886	Мне это место никогда не нравилось.	12179891	Soha sem tetszett nekem ez a hely.
12181717	Осторожно, чай очень горячий.	12181727	Vigyázat, nagyon forró a tea!
12182082	Он умный и к тому же красивый.	12182093	Okos és még jól is néz ki.
10981726	Мне кажется, я им нравилась.	12182230	Az az érzesem, szeretnek engem.
12181874	Вы знаете, откуда эти деньги.	12182259	Maga tudja, hogy honnan van ez a pénz.
12183589	Скажи мне, могу ли я тебя ещё увидеть.	12183598	Láthatlak még, mondd.
6992713	Я уверен, что она сказала правду.	12183614	Biztos vagyok benne, hogy az igazat mondta.
12183898	Это реальная историческая фигура.	12183903	Valós történelmi figura.
12183941	Они мои или Ваши?	12183944	Ezek az enyémek vagy a magáé?
12185436	Ты ещё глупее, чем я.	12185441	Te még nálam is hülyébb vagy.
12185436	Ты ещё глупее, чем я.	12185447	Te hülyébb vagy, mint én.
12185496	Я очень любил ту женщину.	12185498	Nagyon szerettem azt a nőt.
12185497	Чем меньше мы думаем, тем больше говорим.	12185499	Minél kevesebbet gondolkozunk, annál többet beszélünk.
5908927	Её нигде нет.	12185696	Sehol sincs.
598952	Пошёл ты!	12187625	Elmész ám te!
12189627	Вы всё ещё не видите разницы?	12189637	Ti még mindig nem láttok különbséget?
4401834	Это было предумышленное преступление.	12189935	Előre átgondolt bűncselekmény volt.
4401834	Это было предумышленное преступление.	12189939	Előre megfontolt gaztett volt.
12197416	Сейчас им лучше.	12197427	Jobban vannak már.
12197551	Том тебе перезвонил?	12197584	Visszahívott téged Tom?
12197530	Это не потому что я его ненавижу, а потому что люблю.	12197592	Ez nem azért van, mert utálom, hanem mert szeretem.
5677120	Тебя это удивило?	12199115	Neked ez meglepő?
5677120	Тебя это удивило?	12199117	Ez számodra meglepő?
12199184	Интересно, надолго ли его хватит.	12199193	Meddig lesz vajon elég?
12199157	Мне очень хочется снова её увидеть.	12199207	Nagyon szertném őt viszontlátni.
12199289	Она меня совсем не знает.	12199301	Egyáltalán nem ismer ő engem.
12199184	Интересно, надолго ли его хватит.	12199605	Vajon meddig tart ez nála?
12202943	Студентки её любят.	12202953	Szeretik őt a tanulók.
12205286	Том всегда отдыхает после работы.	12205296	Tom pihen egyet mindig munka után.
8184574	Увидимся завтра днём.	12209709	Holnap délután találkozunk.
12210016	Ещё шаг, и ты умрёшь!	12210027	Még egy lépés, és meghalsz!
4782088	Я так и не вернулся.	12214731	Nem is tértem vissza.
6362846	Я так и не попрощался.	12214747	El sem búcsúztam.
7077281	Я так и не извинился.	12214749	Nem is kértem bocsánatot.
7079283	Я так и не женился.	12214753	Meg sem nősültem.
12214720	Я так и не научился это делать.	12214765	Nem is tanultam meg, hogyan kell csinálni ezt.
12216455	Язык - душа народа.	12216464	A nyelv egy nemzet lelke.
2495749	Я не могу оставить его одного.	12219665	Nem tudom egyedül hagyni.
2495749	Я не могу оставить его одного.	12219666	Nem hagyhatom magára.
12219675	Я по-венгерски знаю только "спасибо".	12219695	Magyarul csak azt tudom, hogy köszönöm.
12219675	Я по-венгерски знаю только "спасибо".	12219696	Magyarul csak annyit tudok, köszönöm.
12219697	Одолжи ему столько денег, сколько ему нужно.	12219702	Csak annyi pénzt adj neki kölcsön, amennyire szüksége van.
12219724	Я сказал, что оно мне нравится.	12219729	Annyit mondtam, tetszik nekem.
12219968	У неё украли деньги на улице.	12219974	Ellopták tőle az utcán a pénzét.
12222253	Не хотите пойти с нами пообедать?	12222257	Nem akartok jönni velünk ebédelni?
9180530	Я попробую её найти.	12222313	Keresem őt, azon vagyok.
4633718	Акулы опасны?	12227461	Veszélyesek a cápák?
12227959	Не все акулы опасны.	12227967	Nem az összes cápa veszélyes.
12227959	Не все акулы опасны.	12227970	Nem minden cápa veszélyes.
12227969	Это не трудно сделать.	12227971	Nem nehéz csinálni ezt.
12227990	Сытые акулы не опасны.	12228371	A jóllakott cápák nem veszélyesek.
929950	Так и есть.	12228518	Így is van.
12230596	Ты мне об этом уже сто раз рассказывал.	12230597	Erről már százszor meséltél nekem.
12230918	Никто не идеален, и это нормально.	12230922	Senki sem tökéletes és ez így van rendben.
12230919	Ты получил достаточно.	12230925	Eleget kaptál.
12072924	Самолёт затерялся в облаках.	12233743	Eltűnt a repülő a felhőkben.
12072924	Самолёт затерялся в облаках.	12233745	A repülő eltűnt a felhők között.
12235520	Извините, сколько сейчас времени?	12235525	Elnézést, mennyi most az idő?
12236378	Она любит фильмы.	12236383	Szereti a filmeket.
12236381	Они любят фильмы.	12236385	Szeretik a filmeket.
12236427	Ей нужен фотоаппарат?	12236432	Kell neki fényképező?
12236424	У меня есть фотографии.	12236433	Vannak nálam fényképek.
12236424	У меня есть фотографии.	12236434	Vannak nálam fotók.
10963138	Я думал, ты гораздо моложе.	12236449	Sokkal fiatalabbnak gondoltalak.
12236443	Можно узнать, сколько Вам лет?	12236451	Szabad megtudnom, hány éves ön?
12236450	Мне нравятся мои волосы.	12236454	Tetszik a hajam.
12236450	Мне нравятся мои волосы.	12236456	Jó a hajam.
8028024	Ты можешь одолжить мне денег?	12237637	Tudsz kölcsönadni?
12241249	Этот отель прямо рядом с озером.	12241262	A szálloda közvetlen a tó mellett van.
12240281	Положи их в один ящик.	12243279	Egy fiókbba rakd ezeket!
12248288	Они ищут золото.	12248290	Arany után kutatnak.
12248285	Она всё время повторяет один и тот же вопрос.	12248293	Egész idő alatt ugyanazt a kérdést hajtogatja.
12248615	Я раньше очень часто ел пиццу.	12248625	Korábban nagyon gyakran ettem pizzát.
12250892	Он не знал, чего хочет.	12250895	Nem tudta, mit akar.
12251464	Положите его куда-нибудь, где есть место.	12251474	Fektessétek le őt valahová, ahol van hely.
12251464	Положите его куда-нибудь, где есть место.	12251476	Tegyétek le valahová, ahol van hely.
6889945	Мэри сказала, что она там будет.	12260436	Mari azt mondta, hogy ő ott lesz.
12260491	Который Ваш муж?	12260501	Melyik az ön férje?
12260491	Который Ваш муж?	12260503	Az ön férje melyik?
12260499	Я положу его в холодильник.	12260507	Beteszem a hűtőszekrénybe.
12260499	Я положу его в холодильник.	12260508	A hűtőbe rakom.
12264336	Ни один нож не режет.	12264342	Egy késsel sem lehet vágni.
12264337	Все ножи тупые.	12264348	Életlen mindegyik kés.
12264394	В музее открылась новая экспозиция.	12264396	Új tárlat nyílt meg a múzeumban.
12264428	Я не был готов к тому, что должно было произойти.	12264432	Nem voltam felkészülve arra, ami történt.
12264337	Все ножи тупые.	12265237	Tompa mindegyik kés.
7256385	Я хочу, чтобы ты помыл посуду.	12266130	Azt akarom, hogy elmosogass.
12267153	Мне не хватает денег на билет.	12267158	Nem elég a pénzem a jegyre.
12275028	Мне нужно время, чтобы разобраться в себе.	12275046	Idő kell nekem, hogy magamat megértsem.
12275028	Мне нужно время, чтобы разобраться в себе.	12275048	Időre van szükségem, hogy megértsem magam.
12275058	Испанскому её научил один мексиканец.	12275067	Egy mexikói fiú tanította őt spanyolul.
12277038	Они уже выиграли.	12277042	Már ők nyertek.
12279598	Том забыл сказать спасибо.	12279601	Tom elfelejtette megköszönni.
10643361	Он снова один.	12279673	Újra egyedül van.
12279665	Он опять был один.	12279676	Újra egyedül volt.
12279746	Вулкан снова активен.	12279754	Megint aktív a vulkán.
10455693	Оно было не таким дорогим, как я думал.	12282251	Nem volt olyan drága, mint ahogy gondoltam.
7532613	Тебе никто не нужен.	12283062	Neked nem kell senki.
12293124	Я ждал, когда ты освободишься.	12293132	Vártam, hogy kiszabadulj.
12293124	Я ждал, когда ты освободишься.	12293133	Vártam, amíg kiszabadulsz.
12293150	По его лицу видно, что он размышляет.	12293155	Látni lehet az arcán, hogy gondolkozik.
5256205	Это не твоё дело!	12293682	Ez nem a te dolgod!
12285223	Это какой цвет, зелёный или голубой?	12294485	Milyen színű ez: zöld vagy kék?
12297244	Мне эти вещи уже не нужны.	12297247	Ezek a cuccok nekem már nem kellenek.
12297273	Озеро тоже замёрзло.	12297280	A tó is befagyott.
12297316	Мне после обеда очень хочется спать.	12297540	Szívesen szendergek ebéd után.
12298064	Мне хочется послушать музыку.	12298078	Zenét kellene hallgatni.
12298175	Мой отец играет в гольф, но не очень хорошо.	12298180	Apám golfozik, de nem valami jól.
12298187	Нет, я не могу поверить в то, что вы говорите.	12298191	Nem, én nem hiszek abban, amit ti mondotok.
12298819	Она пошла к врачу.	12298826	Elment orvoshoz.
12298876	Сегодня на улице очень тепло.	12298883	Ma nagyon meleg van kint.
12302975	Будущего ещё нет.	12302977	Még nincs jövő.
12306705	Мы должны научиться любить.	12306717	Meg kell tanulnunk szeretni.
12306750	Ты сегодня не пила и не ела.	12306757	Nem ettél és nem ittál ma.
12306766	У нас на двоих четверо детей.	12306777	Kettőnknek négy gyereke van.
12306795	Если не ошибаюсь, я уже видел этого человека раньше.	12306798	Ha nem tévedek, láttam már ezt az embert valamikor.
12306801	У него много игрушек.	12306809	Sok játéka van.
12306807	Они за нами шпионят.	12306810	Kémkednek utánunk.
12308120	Когда выйдет ваша новая книга?	12308130	Mikor jön ki az új könyve?
12308259	Я собираюсь жениться на своей девушке.	12308270	Tervezem, hogy elveszem a barátnőmet.
12344657	Вы каждый день хлеб покупаете?	12344667	Ti minden nap vesztek kenyeret?
12343179	Ступеньки вели наверх.	12356801	Felfelé vezettek a lépcsők.
12357156	Моя лучшая подруга из России.	12357164	A legjobb barátnőm Oroszországból való.
12361765	Я ничего вам не скажу!	12361774	Nem mondok nektek semmit sem!
12364576	Не нужно отвечать сейчас.	12364745	Nem kell azonnal válaszolni.
12370949	Почему ты не пришла, когда тебя звали?	12370953	Miért nem jöttél, ha hívtak?
12381960	Это вы сказали, а не я.	12381965	Ezt ti mondtátok, nem én.
12381959	Это ты сказал, а не я.	12381967	Ezt te mondtad, nem pedig én.
12381966	Сколько водки ты можешь выпить, Владимир?	12381968	Mennyi vodkát tudsz meginni, Vlagyimir?
12383172	Мы не будем больше об этом говорить.	12383175	Erről nem fogunk soha többé beszélni.
12383267	Я ещё не перестал надеяться.	12383271	Én még nem vesztettem el a reményt.
12386515	Это могло бы быть очень полезным.	12386528	Ez nagyon hasznos lehetett volna.
12386620	Он работает в отеле в Тироле посудомойщиком.	12387108	Mosogatóként dolgozik Tirolban egy hotelban.
12388215	Где это? Я уже несколько часов ищу.	12388218	Hol van ez? Már órák óta keresem.
12388286	Они это видели?	12388288	Látták?
12388286	Они это видели?	12388292	Ők ezt látták?
12388286	Они это видели?	12388294	Látták ezt?
12388286	Они это видели?	12388295	Ezt ők látták?
12388286	Они это видели?	12388296	Ezt látták?
12388286	Они это видели?	12388297	Ők látták ezt?
12388290	Они ничего не видели и ничего не знают.	12388299	Nem láttak ők és nem tudnak semmit.
12388290	Они ничего не видели и ничего не знают.	12388300	Semmit sem láttak és tudnak.
12393309	Самолёт до сих пор не взлетел.	12393313	Eddig még nem repült el a gép.
5467357	Том уже сказал нам, что будет делать.	12395019	Már mondta nekünk Tom, hogy mit fog csinálni.
12397368	Это так несправедливо!	12397372	Ez olyan igazságtalan!
12397367	Это совсем не справедливо.	12397374	Ez egyáltalán nem igazságos.
12400355	Куда именно вы идёте?	12400359	Hová is mentek?
12400355	Куда именно вы идёте?	12400360	Hova mentek pontosan?
12400352	Я не хочу опять это делать.	12400362	Nem akarom újra ezt csinálni.
12400404	Жил-был жестокий король.	12400409	Volt egyszer egy kegyetlen király.
12400639	Мне это не кажется простым.	12400642	Nem tűnik nekem ez könnyűnek.
12400641	Я тихонько закрыл дверь, чтобы не разбудить ребёнка.	12400644	Csöndben becsuktam az ajtót, hogy ne ébresszem fel a gyereket.
12400638	Утро было солнечное, тёплое, совсем летнее.	12400647	Reggel napos, meleg idő volt – tiszta nyár.
12400673	Завтра я тоже занят.	12400680	Holnap is dolgom van.
12400718	Не забудьте закрыть окна.	12400724	Ne felejtsétek el becsukni az ablakot!
6486802	Комнату на двоих, пожалуйста.	12401173	Egy kétágyas szobát, legyen szives!
6792870	Это нам на двоих?	12401175	Ez kettőnknek van?
11231539	Есть место на двоих?	12401178	Van két ember számára is hely?
12147673	Это билет на двоих.	12401231	Két személyt jogosít fel ez a jegy.
7083521	Нам на двоих почти сто лет.	12401233	Ketten együtt majdnem százévesek vagyunk.
8986082	У них один мозг на двоих.	12401234	Kettejüknek van annyi esze, mint egy embernek.
10801749	Это на одного или на двоих?	12401235	Ez egy embernek van vagy kettőnek?
466752	Есть ли свободный столик на двоих в пятницу?	12401272	Van péntekre szabad asztal két fő részére?
2661468	Мы бы хотели номер на двоих с ванной.	12401274	Szobát szeretnék két személyre fürdőszobával.
5808627	У нас с Томом один велосипед на двоих.	12401276	Van egy tandembiciklim Tommal közösen.
6537404	У нас с братом одна комната на двоих.	12401280	A bátyámmal közös a szobánk.
12306768	У нас с ней на двоих четверо детей.	12401283	Vele kettőnknek négy gyerekünk van.
12400812	При какой температуре замерзает вода?	12401315	Milyen hőmérsékleten fagy a víz?
12401472	Мы можем зайти в мечеть?	12401484	Bemehetünk a mecsetbe?
12401481	Я лично думаю, что это ложь.	12401486	Személy szerint én úgy vélem, hogy hazugság.
12401671	Завтра я буду здесь.	12401672	Holnap itt leszek.
12401675	Мы позвонили моему брату.	12401677	Felhívtuk a bátyámat.
12401675	Мы позвонили моему брату.	12401678	Felhívtuk az öcsémet.
12401724	Кто эти двое?	12401727	Kik ezek ketten?
12401724	Кто эти двое?	12401728	Ezek ketten kicsodák?
1749829	Магазин открыт с 9 до 18 часов.	12403078	A bolt 9-től 18-ig van nyitva.
12404209	Жаль, что у нас нет машины.	12404218	Kár, hogy nincs autónk.
12404623	Почему ты не поехал вместе со всеми?	12404644	Miért nem mentél együtt a többiekkel?
11231539	Есть место на двоих?	12405484	Elfér két ember?
11231539	Есть место на двоих?	12405485	Befér két ember?
12147673	Это билет на двоих.	12405486	Két főre szól ez a jegy.
12406936	У пауков нет ушей.	12406946	A pókoknak nincs fülük.
12407836	Том очень хорош в спорте.	12407841	Tom nagyon ott van a sportokban.
12407863	Обязательно приходи сюда ровно в 7 часов.	12407886	Ide kell jönni korán reggel hétre!
12408573	Дом расположен между деревней, рекой и лесом.	12408682	A ház a falu, a folyó és az erdő között található.
12416402	Сколько километров отсюда до отеля?	12416414	Hány kilométer innen a szálló?
12416402	Сколько километров отсюда до отеля?	12416415	Mennyi kilométer innen a hotel?
12416402	Сколько километров отсюда до отеля?	12416416	Hány kilométerre van innen a szálloda?
12416448	Я их не очень хорошо знаю.	12416450	Nem ismerem őket valami jól.
12416444	Я вас хорошо знаю.	12416452	Jól ismerlek én titeket.
12416444	Я вас хорошо знаю.	12416453	Ismerlek én benneteket jól.
12421946	Люди часто делают эту ошибку.	12421955	Emberek gyakran követik el ezt a hibát.
12421946	Люди часто делают эту ошибку.	12421958	Az emberek gyakorta esnek bele ebbe a hibába.
12421957	Люди могут думать что хотят.	12421961	Gondolhatnak az emberek, amit akarnak.
12421960	Люди делают это каждый день.	12421962	Az emberek ezt minden nap csinálják.
12421960	Люди делают это каждый день.	12421963	Ezt minden nap csinálják.
12425232	Я очень плакал, когда ты ушла.	12425240	Sírtam nagyon, amikor elmentél.
12425329	Чего он от вас ждёт?	12425332	Mit vár tőletek?
12021577	Чего он от тебя ждёт?	12425333	Mit vár tőled?
12425331	Он не хотел никого видеть, но чувствовал потребность с кем-то поговорить.	12425334	Senkit sem akart látni, mindazonáltal szükségét érezte, hogy beszéljen valakivel.
12425330	Я из-за вас чуть не утонул.	12425336	Majdnem megfulladtam miattatok!
12425864	Тебе не нужно больше беспокоиться.	12425865	Nem kell tovább aggódnod.
12425856	Нет огня без дыма.	12425866	Nincs tűz füst nélkül.
12426521	У нас нет того, что нужно Тому.	12426526	Nincs nálunk az, ami Tomnak kell.
10182149	Мы рады любой помощи.	12429607	Örülünk minden segítségnek.
12433151	Мы ей рады.	12433155	Örülünk neki.
12433362	Это же твоё?	12433363	Ez ugye a tiéd?
12433882	"Чьё это?" - "Это Тома".	12433891	— Kié ez? — Tomé.
12434184	Я не мог молчать.	12434193	Nem bírtam elhallgatni.
12435318	Ты можешь увеличить текст?	12435330	Ki tudod nagyítani a szöveget?
12435417	Я читаю меню.	12435423	A menüt olvasom.
12436256	Мы его ненавидим.	12436261	Utáljuk őt.
12436254	Он приехал раньше него.	12436262	Nála korábban jött.
12436257	Я его обожаю.	12436264	Imádom őt.
12436611	Она отказывается есть овощи.	12436616	Nem eszi meg a zöldséget.
12436614	Незнакомый человек спросил меня, где станция.	12436617	Egy idegen kérdezte tőlem, hogy hol van az állomás.
12436618	Вы не против, если я останусь?	12436631	Nincs ellene kifogásotok, ha maradok?
12436627	Он уже выбрал или ещё нет?	12436638	Választott már vagy még nem?
12436637	Она действительно тебя любит.	12436642	Valóban szeret téged.
12436637	Она действительно тебя любит.	12436645	Ő tényleg szeret téged.
12436643	Все надеются, что она выиграет.	12436646	Reméli mindenki, hogy ő nyer.
12437733	Я не планирую жениться.	12437741	Nem tervezem, hogy megnősülök.
12438037	Я уже собирался выходить из дома, когда зазвонил телефон.	12438043	Indulni készültem otthonról, amikor megszólalt a telefon.
12438132	Это слишком быстро проходит!	12438143	Jó gyorsan elmegy.
12440627	Я не могу так быстро бежать, как ты.	12440628	Én nem tudok olyan gyorsan futni, mint te.
12441785	Нажми на кнопку ОК.	12441792	Nyomjál rá az OK gombra!
12442075	Что я буду там делать?	12442083	Mit fogok ott csinálni?
12442784	Я был слишком занят, чтобы вам написать.	12442786	Elfoglalt voltam nagyon, hogy írjak nektek.
12442782	Есть что-нибудь, чего вы не поняли?	12442787	Van olyan, amit nem értettek meg önök?
12443508	Он сказал, что завтра вернётся.	12443515	Azt mondta, hogy holnap visszajön.
12449234	Ты мыслишь негативно.	12449238	Negatívan gondolkozol.
6377549	Признаюсь, что я устал.	12468389	Meg kell adni, fáradt vagyok.
12471967	Дети сегодня не в школе.	12471983	A gyerekek ma nincsenek iskolában.
12471967	Дети сегодня не в школе.	12474952	A gyerekek ma nem iskolában vannak.
12471967	Дети сегодня не в школе.	12474953	Nincs ma iskola a gyerekeknek.
11385678	Я не хотел рассказывать Тому о том, что мы сделали.	12476740	Nem akartam elmondani Tomnak, hogy mit tettünk.
11385678	Я не хотел рассказывать Тому о том, что мы сделали.	12476743	Én nem akartam elmondani Tomnak, hogy mit tettünk.
11385678	Я не хотел рассказывать Тому о том, что мы сделали.	12476748	Nem akartam elmondani Tomnak, hogy mit csináltunk.
11385678	Я не хотел рассказывать Тому о том, что мы сделали.	12476752	Én nem akartam elmondani Tomnak, hogy mi mit csináltunk.
12478964	Это слово может быть как глаголом, так и существительным.	12479090	Ez a szó lehet ige, úgymint főnév.
12478964	Это слово может быть как глаголом, так и существительным.	12479109	Ez a szó lehet ugyanúgy ige, mint főnév.
12479115	Через сто лет никто о нём и не вспомнит.	12479119	Száz év múlva már senki sem fog rá emlékezni.
12479114	Через сто лет никто о них и не вспомнит.	12479123	Száz év elteltével már senki nem fog emlékezni rájuk.
12479126	Я думаю, причина не в этом.	12479130	Szerintem nem ez az oka.
12479149	В семье об этом говорить не любили.	12479159	Nem szívesen beszéltek erről családon belül.
12464460	У вас какие-то лица знакомые. Я вас знаю?	12480715	Olyan ismerős az arcuk. Ismerem magukat?
12464460	У вас какие-то лица знакомые. Я вас знаю?	12480716	Olyan ismerős az önök arca. Ismerem önöket?
3327623	Мы наконец нашли ключ.	12482358	Végül megtaláltuk a kulcsot.
12483644	Возьми вон ту.	12483653	Vedd azt!
12484748	Скажите, что нам теперь делать.	12484752	Mondjátok meg, mit csináljunk most!
8415541	Выслушайте меня внимательно.	12485771	Hallgassál meg figyelemmel!
12488232	Мы встречались тайком.	12488239	Titokban találkoztunk.
12490141	Никому не говори, что ты меня видел.	12490145	Ne mondd el senkinek, hogy láttál engem!
12490185	Он настоящий баварец.	12490194	Igazi bajor.
12490185	Он настоящий баварец.	12490195	Echte bajor.
12490247	Я же не о себе говорю.	12490254	Nem is magamról beszélek.
12491515	Сыр без молока - как это возможно?	12491518	Tej nélküli sajt – hogy lenne ez lehetséges!?
12499593	Раньше здесь был большой парк.	12499600	Korábban itt egy nagy park volt.
12499599	Мне не нравятся твои методы.	12499602	Nem tetszenek az eljárásaid.
10211482	Я её так и не дочитал.	12500306	El sem olvastam végig.
10211482	Я её так и не дочитал.	12500669	Nem is olvastam el végig.
12502798	Это просто хобби. На большее я не претендую.	12502805	Ez csak hobbi. Nem mondom azt, hogy több.
12504589	Мне нравятся чехословацкие фильмы.	12504599	Nekem tetszenek a csehszlovák filmek.
12505485	Сделай это, когда у тебя будет время.	12505486	Csináld meg, ha lesz időd!
12505480	Это задача на логику.	12505488	Ez logikai feladat.
12532715	В те выходные его не было.	12532718	Nem volt ezen a hétvégén ő.
12532713	Все ответы, кроме одного, правильные.	12532719	Egy kivételével minden válasz helyes.
12532713	Все ответы, кроме одного, правильные.	12532720	Mindegyik válasz helyes egy kivétellel.
12532937	Нет, не ходи.	12532941	Ne, ne menj!
12532273	Нет, не уходите.	12532942	Ne, ne menjetek!
12532273	Нет, не уходите.	12532943	Ne, ne menjen!
12532273	Нет, не уходите.	12532944	Ne, ne menjenek!
12532936	Я уже никому не верю.	12532945	Én már senkinek sem hiszek.
12532936	Я уже никому не верю.	12532946	Nem hiszek én már senkinek sem.
8084001	Я обещаю, что никому не скажу, почему мы здесь.	12537250	Ígérem, nem mondom el senkinek, hogy miért vagyunk itt.
12538581	Вы, конечно, как всегда, совершенно правы.	12538591	Önnek természetesen teljesen igaza van, mint mindig.
12539555	Вариантов ещё, конечно, много.	12539557	Természetesen van még sok változat.
12552275	Можно я куплю собаку?	12552284	Vehetek kutyát?
12552281	Ты здесь или там?	12552293	Itt vagy vagy ott?
12554783	Все они не женаты.	12554786	Ők mind nőtlenek.
12554785	Мы слишком давно женаты.	12554787	Jó régóta házasok vagyunk.
12554785	Мы слишком давно женаты.	12555048	Igen régóta nősek vagyunk.
5730559	Он никогда его не видел.	12557995	Soha nem látta még.
5730559	Он никогда его не видел.	12557997	Még sosem látta őt.
12558398	Я люблю её такой, какая она есть.	12558405	Olyannak szeretem őt, amilyen.
12559261	Я рад с тобой познакомиться.	12559264	Örülök, hogy megismertelek!
12588703	Я одна пить не буду.	12588705	Egyedül nem fogok inni.
12588703	Я одна пить не буду.	12588706	Nem fogok magamban inni.
5824910	Делай то, что должен.	12594097	Tedd azt, amit kell!
12595028	Я каждый день гуляю.	12595032	Egész nap kolbászolok.
12595028	Я каждый день гуляю.	12595034	Egész nap sétálok.
12595031	Я не хочу, чтобы они меня видели.	12595036	Nem akarom, hogy meglássanak ők.
12597844	Это очень интересный вопрос!	12597851	Ez nagyon érdekes kérdés!
12610257	Я уже как-то пытался это сделать.	12610264	Próbáltam már valamikor megcsinálni.
12610260	Мне жаль, что я не смогу пойти.	12610269	Sajnálom, hogy nem tudok menni.
12610303	Никому не двигаться! Вы взяты в заложники.	12610314	Senki sem mozdul! Túszul vannak ejtve!
12612565	Я никогда и ничего не боялся.	12612570	Soha sem féltem semmitől.
12614655	Том не сделал того, что хотел.	12614657	Nem azt csinálta Tom, amit akart.
12617904	Том купил еды.	12617918	Vett Tom ennivalót.
12617904	Том купил еды.	12617920	Tom vett ételt.
12617904	Том купил еды.	12617923	Élelmiszereket vett Tom.
12617931	Люди никогда не изменятся.	12617933	Az emberek soha sem változnak.
12617931	Люди никогда не изменятся.	12617936	Nem változnak meg az emberek soha.
12620277	Я не буду твоей девушкой.	12620279	Nem leszek én a te nőd!
12622913	Я нашёл Вам красивый галстук.	12622925	Találtam önnek egy szép nyakkendőt.
10742560	Ты же на самом деле так не думаешь?	12625428	Ugye nem gondolod komolyan?
12626179	Она выиграла первый приз.	12626186	Első helyezést ért el.
12626256	Мы полдня тебя ждали.	12626261	Fél napot vártunk rád.
3451688	Я хочу чашку кофе, и немедленно.	12627510	Kérek egy kávét, de most rögtön!
12631578	Что тебе сегодня нужно?	12631579	Mire van ma szükséged?
414838	Он член комитета.	12638303	A bizottság tagja.
414838	Он член комитета.	12638304	Ő a bizottság tagja.
2080231	Ты член партии?	12638305	Párttag vagy?
3297263	Литва — член Евросоюза.	12638315	Litvánia tagja az Európai Uniónak.
12272492	Ты член клуба.	12638317	Klubtag vagy.
12646997	Яблок в этом году мало.	12647004	Kevés az alma ez évben.
1967882	Я не знаю, вторник сегодня или среда.	12647009	Nem tudom, hogy kedd vagy szerda van-e ma.
12650964	Кто написал предисловие к её книге?	12651076	Ki írta a könyvének előszavát?
12654409	Я никогда не видел его в таком состоянии.	12654420	Soha nem láttam még őt ilyen állapotban.
12654469	Почему им нравится здесь работать?	12654476	Miért tetszik neki ez a munka?
12654480	Бог услышал голос мальчика.	12654487	Isten meghallgatta a fiú beszédét.
12654494	В школе у нас был русский, но я мало что помню.	12654503	Nekünk orosz volt az iskolában, de csak kevés dologra emlékszem.
12654495	Я учил русский в школе, но это было очень давно.	12654505	Oroszul tanultam az iskolában, de az nagyon régen volt.
12647804	Если мы не совершим действие сейчас, мы можем упустить важную возможность.	12667737	Ha most nem cselekszünk, lehet, hogy elszalasztunk egy fontos lehetőséget.
12679931	Вы уже не заняты?	12679937	Nincs már dolgotok?
8041959	Дай мне стакан.	12682413	Adj poharat!
12690825	Идите туда, откуда пришли!	12690835	Menjetek oda, ahonnan jöttetek!
12690834	Мне есть куда идти.	12690837	Van hova mennem.
12693241	Укулеле — гавайская гитара.	12694759	Az ukulele hawaii gitár.
12694865	"Привет! Что ты тут делаешь?" - "Гуляю в парке".	12694871	— Szia! Mit csinálsz itt? — Sétálok a parkban.
12694868	Посмотрим, в чём проблема.	12694872	Nézzük csak, mi a probléma.
12697450	Я был у него в больнице.	12697455	Voltam nála a kórházban.
12702380	Это не самый короткий путь.	12702434	Ez nem a legrövidebb út.
12702687	Он там уже был.	12703455	Volt már ott.
12702685	Он туда уже приходил.	12703456	Elment már oda.
12704275	Ну и самомнение у тебя!	12704312	Mekkora öntelt alak vagy!
12702456	Я думаю не так, как другие.	12704526	Én nem úgy gondolkozom, mint mások.
12711245	Я хотел бы знать, что ты думаешь о моей книге, если ты её читал.	12711251	Szeretném tudni, mit gondolsz a könyvemről, ha olvastad.
12716372	На улице дул холодный ветер.	12716378	Hideg szél volt kint.
12716593	Я из принципа не буду тебе помогать.	12716607	Elvből nem segítek neked.
12716703	Сядь в кресло.	12716705	Ülj le a fotelba!
12717367	Увидев меня, мама начала плакать.	12717484	Látva engem sírva fakadt anyám.
5918503	Я закрыл дверь.	12717780	Becsuktam az ajtót.
12717827	Я просто останусь здесь.	12717830	Egyszerűen itt maradok.
12723142	Кто съел всю еду?	12723216	Ki evett meg minden ételt?
12723142	Кто съел всю еду?	12723217	Ki ette meg az összes ételt?
12728468	Они хотят, чтобы вы вернулись.	12728479	Azt akarják, hogy visszagyertek.
12728860	Теперь я знаю, почему это произошло.	12728872	Most már tudom, miért történt ez.
12728860	Теперь я знаю, почему это произошло.	12728873	Már tudom, hogy ez miért történt.
12729008	Он обычно рано встаёт.	12729012	Rendszerint korán kel.
12730088	Берберы - жители Северной Африки.	12730093	A berberek Észak-Afrika lakói.
12730274	На этом месте было поле.	12730277	Rét volt ezen a helyen.
7359471	Как прошёл твой первый рабочий день?	12730515	Hogy ment az első munkanapod?
12736045	Он хочет что-то сказать.	12736052	Akar valamit mondani.
12736045	Он хочет что-то сказать.	12736053	Mondani akar ő valamit.
12736138	"До границы ещё далеко?" - "Три километра".	12737478	— Messze még a határ? — Három kilométer.
12738244	На столе лежит кошка.	12738249	Az asztalon fekszik a macska.
12738240	На столе сидит кот.	12738251	Az asztalon fekszik a kandúr.
12738306	Но он не поверил.	12738317	De nem hitte el.
12738306	Но он не поверил.	12738319	Hiszen el sem hitte.
12738333	Думаете, Вы один тут такой умный?	12738341	Azt gondolja, hogy csak maga ilyen agyafúrt itt!?
3602395	Именно это я и хотел сделать.	12738345	Pont ezt akartam csinálni én is.
12738421	Тут тебе не ресторан.	12738429	Ez nem neked való étterem.
12738444	Птица летает в небе.	12738449	Madár repül az égen.
12738576	Это было его место.	12738579	Ez volt az ő helye.
12739182	Том любит колбасу.	12739187	Tom szereti a kolbászt.
12742905	Похоже, нам тут не рады.	12743216	Úgy látszik, itt nem örülnek nekünk.
12754723	Том не пойдёт - и я не пойду.	12754733	Tom nem megy, én sem megyek.
12755387	Уже поздно, я иду спать.	12755391	Késő van már. Megyek aludni.
12760445	Эта змея живая?	12760456	Él ez a kígyó?
12760474	Вы идите вперёд, а мы за вами.	12760485	Ti mentek elől, mi meg utánatok.
12760682	Я ни единого слова не понимаю.	12760862	Egy szót sem értek.
12760671	Невеста была прекрасна.	12760863	Csodálatos volt a menyasszony!
12760514	Они шли вперёд.	12760864	Ők mentek elől.
12762236	Мы все знаем, почему вы это сделали.	12762238	Mindannyian tudjuk, hogy miért csináltátok ezt.
12762986	Он открыл один глаз.	12762990	Kinyitotta egyik szemét.
12762986	Он открыл один глаз.	12762991	Kinyitotta az egyik szemét.
12763036	Я живу в горах.	12763039	A hegyekben lakom.
12763036	Я живу в горах.	12763040	Hegyek közt lakom.
12763035	Мы раньше работали в Алжире.	12763047	Korábban Algériában dolgoztunk.
7096612	Не торчи у окна.	12772428	Ne lógj ki az ablakon!
4029394	Я здесь уже три часа торчу!	12772429	Már három órája vagyok itt.
5914528	Мэри весь день торчит перед зеркалом.	12772430	Mari egész nap a tükör előtt tetszeleg.
8619001	Он часами торчит перед телевизором.	12772431	Órákat tölt a televízió előtt.
3675348	Почему Фома постоянно торчит здесь?	12772432	Tom miért lebzsel itt állandóan?
5297843	Не от хорошей жизни я тут торчу.	12774014	Nem a jó élet miatt vagyok itt.
12774009	Это справа или слева?	12774021	Jobbra vagy balra van?
12776213	Всё не так просто, как кажется.	12776224	Nem minden olyan egyszerű, mint amilyennek tűnik.
12778332	Ты действительно думаешь, что это плохо?	12778337	Komolyan azt gondolod, hogy ez rossz?
5954821	Жёлтый тоже есть.	12783919	Sárga is van.
12785198	Я не могу помогать всем.	12785207	Nem tudok segíteni mindenkinek.
12785198	Я не могу помогать всем.	12785208	Nem tudok mindenkin segíteni.
12787230	Её речь была очень короткой.	12787234	Nagyon rövid volt a beszéde.
12787232	Ребёнок сегодня долго спал.	12787236	Sokáig alszik ma a gyermek.
12787235	Возможно, ты прав: я был эгоистом.	12787237	Lehet, igazad van: egoista voltam.
12787235	Возможно, ты прав: я был эгоистом.	12787239	Lehet, hogy igazad volt: egoista voltam.
12787235	Возможно, ты прав: я был эгоистом.	12787241	Meglehet, igazad van: egoista voltam én.
12787238	Дети каждый день после обеда играют на улице.	12787244	A gyerekek minden nap kint játszanak ebéd után.
8769569	Дети с вами?	12806957	A gyerekek veletek vannak?
12817438	Мы не англичане, а шотландцы.	12817445	Nem vagyunk angolok; skótok vagyunk.
12830156	Ты забыл об этом?	12830161	Megfeledkeztél erről?
12830695	Том пошёл в свою квартиру.	12830700	Bement Tom a lakásába.
12833560	Она очень жизнерадостный человек.	12833570	Igen életvidám nő.
3286403	Именно этого я и хочу.	12843870	Pontosan is ezt akarom.
3286403	Именно этого я и хочу.	12843871	Pont hogy ezt akarom.
12849209	Меня удручают результаты выборов.	12854083	Elkeserítenek a választási eredmények.
12865835	Я же уже рассказал всё, что знал!	12865887	Hiszen már mindent elmondtam, amit tudtam!
12869792	К счастью, Том не знает того, что знаю я.	12869803	Szerencsére Tom nem tudja azt, amit én tudok.
12869850	Ты сам поднял эту тему.	12869858	Te magad hoztad fel a témát.
12878517	Вот такой у нас план.	12878526	Íme a tervünk.
12878714	Моё любимое слово в немецком - "перчатка".	12878720	A kedvenc szavam a németben a kesztyű.
12878714	Моё любимое слово в немецком - "перчатка".	12878722	Kedvenc szavam a németben a kesztyű.
4870190	Как ты ему помог?	12879062	Hogyan segítettél neki?
12880294	Это предложение очень просто переводится.	12880302	Nagyon egyszerű lefordítani ezt a mondatot.
12318028	Вы же знаете, я не люблю такие шутки.	12881605	Már tudod, hogy nem szeretem az ilyen vicceket.
2621902	Я хотела сказать тебе, как мне жаль.	12882460	Mondani akartam neked, hogy mennyire sajnálom.
12884045	Я не знал, что Вы учитель.	12884049	Nem tudtam, hogy ön tanár.
12884042	Этот метод не сработал.	12884050	Ez a metódus nem működött.
12884042	Этот метод не сработал.	12884051	Nem működött ez a módszer.
12895814	Это американский образ жизни.	12895819	Ez az amerikai életforma.
12895812	Не понимаю я некоторых людей.	12895823	Nem értem egyes embereket.
12895993	Мама была бы рада вас видеть.	12896003	Anyu örülne neki, ha látna titeket.
12896475	Я каждый день помогаю маме по хозяйству.	12896487	Minden nap segítek anyunak a házimunkában.
12899047	Старшей десять лет, а младшему - шесть.	12899053	Az idősebb tízéves, a fiatalabb hat.
12899505	Я, кажется, в тебя влюбляюсь.	12899517	Úgy tűnik, belédszerettem.
12899569	Это не у меня паранойя, а у тебя.	12899577	Ez nem az én paranoiám, hanem a tiéd.
12899784	Она не идеальна, но и я тоже.	12899798	Nem tökéletes, de én sem.
12901766	Какой же это сад - без деревьев?	12901783	Mégis milyen ez a kert fák nélkül?
12901793	Мы дали им слово.	12901804	A szavunkat adtuk nekik.
12901800	Я его не понимаю, вот и всё.	12901808	Nem értem őt, ennyi.
12901811	Смотри, какая луна большая!	12901815	Nézd, milyen nagy a hold!
12905077	Где вы пьёте кофе?	12905086	Hol kávéztok?
12905539	В наше время мало кто хочет работать.	12905553	A mi időnkben kevesen akarnak dolgozni.
2498036	Тебе не сбежать.	12910488	Nem tudsz elfutni.
12912064	Я не хотел, чтобы вы это видели.	12912067	Nem akartam, hogy ezt lássátok.
12912175	Ветрено и холодно.	12912181	Szél van és hideg.
12915810	Больше бояться нечего.	12915822	Már nincs mitől félni.
12915821	Они не хотят приходить.	12915828	Nem akarnak eljönni.
12916005	Он говорит с детьми по-английски.	12916012	A gyerekekkel angolul beszél.
12918789	Я не ел со вчерашнего дня.	12918798	Nem ettem a tegnapi naptól.
12919007	Я всегда ношу сумку на правом плече.	12919019	Mindig a jobb vállamon hordom a táskát.
12927338	Не знаю, как она это делает.	12927341	Nem tudom, hogyan csinálja meg.
12927338	Не знаю, как она это делает.	12927342	Nem tudom, hogy hogyan csinálja ezt meg ő.
12928875	Ночью здание закрыто.	12928878	Éjszakára zárva van az épület.
12929027	Давай попробуем что-то сделать.	12929036	Próbáljunk meg tenni valamit!
8928259	Ты почти ничего не съел.	12930289	Szinte semmit nem ettél.
12931003	Он дал мне денег и совет.	12931006	Pénzt adott nekem és tanácsot.
12931011	Он дал мне не только денег, но и советы.	12931030	Nem csak pénzt adott, de tanácsokkal is ellátott.
12932891	Я так много о Вас слышал.	12932898	Olyan sokat hallottam már önről.
12932890	Я столько о Вас слышал.	12932901	Annyit hallottam már önről!
12932967	Они спали наверху.	12932970	Fent aludtak.
12932965	Мы спали наверху.	12932974	Mi aludtunk fent.
12932973	Мы в субботу работаем, а в понедельник нет.	12932976	Szombaton dolgozunk, hétfőn meg nem.
12933037	Эта суббота рабочая.	12933053	Munka lesz ezen a szombaton.
12933089	Вы не поняли, что я сказал.	12933096	Nem értettétek meg, amit én mondtam.
12933647	Я ищу одну книгу.	12933651	Egy könyvet keresek.
12933673	Я вчера опоздал на последний автобус.	12933677	Tegnap lekéstem az utolsó autóbuszt.
12933707	Как ты там поживаешь?	12933710	Hogy megy ott sorod?
5605510	Как прошла неделя?	12934781	Hogy ment a hét?
12934798	Я не дам ему денег.	12935055	Nem adok neki pénzt.
12935113	Ты можешь сделать это сейчас.	12935121	Most csinálhatod.
12935583	Мы пишем письма.	12935588	Leveleket írunk.
12935584	Мы писали письма.	12935592	Leveleket írtunk.
12937709	Он ждал снаружи.	12937712	Kint várt.
12937709	Он ждал снаружи.	12937713	Ő kint várt.
12937735	Завтра я должен взять с собой Тома.	12937738	Holnap magammal kell vinnem Tomot.
12938111	Мария без акцента говорит по-немецки и по-русски.	12938123	Akcentus nélkül beszél Mari németül és oroszul.
12938187	Она хочет мне её купить.	12938190	Meg akarja nekem venni.
12937995	Тому никто не доверяет.	12938196	Tomban senki sem bízik.
12938474	Это около трёх километров.	12938477	Közel három kilométer.
12940530	"Сколько у тебя дочерей?" - "Только одна".	12940534	— Hány lányod van? — Csak egy.
8653575	Я там работал.	12941819	Ott dolgoztam.
12942536	Мост Золотые Ворота не золотой.	12942541	A Golden Gate nem aranyból van.
12951792	Он быстро спрятал деньги.	12951801	Gyorsan eldugta a pénzt.
12961875	У меня есть и чай, и кофе.	12961879	Van teám és kávém is.
12961875	У меня есть и чай, и кофе.	12961881	Van teám is és kávém is.
12973222	Киото был древней столицей Японии.	12973226	Kiotó volt Japán régi fővárosa.
12979860	Вы ничего об этом не скажете.	12979868	Erről ne beszéljetek!
12979860	Вы ничего об этом не скажете.	12979869	Erről ne mondjatok semmit!
12979975	Ну а ты что скажешь, Том?	12979978	Na és te mit mondasz, Tom?
12979974	А вы что скажете?	12979979	És ti mit mondotok?
12979970	Я ещё выскажусь на эту тему.	12979981	Én ehhez a témához már elmondtam a magamét.
12979973	А ты что скажешь?	12979983	És te mit mondasz?
12979973	А ты что скажешь?	12979984	És te mit mondsz?
12979980	Можно я не буду ничего говорить?	12979985	Lehet, hogy nem mondok semmit?
12981065	Я ещё ни разу не был в опере.	12981073	Egyszer sem voltam még operában.
5498356	Интересно, кто это был.	12984841	Érdekelne, hogy ki volt ez.
12985023	Я не люблю ветер.	12985030	Nem szeretem a szelet.
12987815	Они никогда нас не слушали.	12987825	Soha sem hallgatnak meg minket.
12992097	Всё вообще не так.	12992104	Egyáltalán nem úgy van semmi sem.
12992102	Всё совсем не так, как ты себе напридумывала.	12992112	Semmi sem úgy van, mint ahogy te azt elgondoltad.
12992210	Всё не так, как он сказал.	12992241	Semmi sem úgy van, mint ahogy azt mondta.
12992210	Всё не так, как он сказал.	12992242	Semmi sem úgy van, mint ahogy ő mondta.
12992210	Всё не так, как он сказал.	12992243	Semmi sem úgy van, mint ahogy ő azt mondta.
12992210	Всё не так, как он сказал.	12992244	Semmi sem úgy van, mint ahogy azt ő mondta.
12992210	Всё не так, как он сказал.	12992246	Semmi sem úgy van, mint ő ahogy azt mondta.
2213509	Он далеко не беден. На самом деле у него много денег.	13000759	Messze nem szegény ő; tulajdonképpen sok pénze van.
13004336	Говорят, на той горе жили боги.	13004338	Azt mondják, azon a hegyen éltek istenek.
13004336	Говорят, на той горе жили боги.	13004339	Azt mondják, azon a hegyen éltek az istenek.
13004502	Как мы можем его остановить?	13004506	Hogyan tudjuk megállítani őt?
13004502	Как мы можем его остановить?	13004508	Hogy tudjuk őt megállítani?
13004587	Она может это остановить.	13004593	Meg tudja állítani.
13004861	Не с этого ли всё началось?	13004869	Nem ezzel kezdődött minden?
3524865	Зимой холодно, летом тепло.	13004946	A tél hideg, a nyár meleg.
10605717	Я знаю, что девушкам это нравится.	13005254	Tudom, hogy ez tetszik a lányoknak.
10605715	Я знаю, что девушки это любят.	13005255	Tudom, hogy a lányok szeretik ezt.
13006575	Она говорит, что сделает всё, что может.	13006581	Azt mondja, mindent megtesz, amit csak lehet.
11221659	Они очень любят макароны.	13010380	Nagyon szeretik a makaronit.
11221659	Они очень любят макароны.	13010381	Nagyon szeretik ők a tésztát.
13010452	Дела, похоже, идут всё хуже и хуже.	13010461	Úgy tűnik, a dolgok rosszabbá és rosszabbá válnak.
10849030	Перед собором стоит памятник.	13012108	Emlékmű áll a dóm előtt.
13018807	Мы хотим остаться здесь навсегда.	13018813	Örökre itt akarunk maradni.
13025013	Зачем Вам нужны деньги?	13025016	Mihez kell önnek pénz?
13025010	Почему космос тёмный?	13025017	Miért sötét a világűr?
13026567	Не нужно меня любить.	13026571	Nem kell engem szeretni.
13038820	В Кавасаки много заводов.	13038823	Kawasakiban sok gyár van.
13040076	Я знаю, что они знают, что произошло.	13040079	Tudom, hogy ők tudják, mi történt.
13040074	Никто не поверил в её историю.	13040081	Senki sem hitte el a történetét.
13040075	Он приехал домой последним.	13040082	Utolsóként ért haza.
13041786	Вообще-то, я никогда этого не делал, но попробую.	13041838	Az van, hogy én ezt még soha sem csináltam, de azért megpróbálom.
13054612	Он сейчас работает в центре города.	13054617	Most a belvárosban dolgozik.
13059218	Я хочу того же, что и вы.	13059219	Én is azt akarom, amit ti is.
13074826	Я всегда знаю, что делает мой муж.	13074833	Mindig tudom, mit csinál a férjem.
13074906	Можно стакан воды?	13074913	Kérhetek egy pohár vizet?
13083886	Это не Вы писали?	13083892	Ezt nem ön írta?
13088481	Оставайся дома. Шторм - это опасно.	13088485	Maradj otthon. Veszélyes a vihar.
13088746	Не проходит дня, чтобы я не думал о Вас.	13088748	Nem telik úgy el nap, hogy ne gondolnék magára.
13088746	Не проходит дня, чтобы я не думал о Вас.	13088750	Nem telik úgy el nap, hogy nem gondolok magára.
13093073	Как зовут его сына?	13093077	Hogy hívják a fiát?
13093472	Вы что, так и не поняли?	13093475	Még nem értitek mindig, igaz?
13093500	Мул - это помесь осла и лошади.	13093503	Az öszvér a szamár és a ló keveréke.
13093541	Я хочу сделать это в другом месте.	13093544	Ezt máshol akarom csinálni.
13093997	Он был в маске, чтобы его никто не узнал.	13094164	Maszkban volt, hogy senki ne ismerje fel.
13093967	Вы нужны мне больше, чем я вам.	13094176	Jobban kelletek nekem, mint én nektek.
13093963	Что это за человек, с которым ты говорил?	13094178	Milyen emberrel beszéltél te ott?
13093926	Ночь холодна.	13094179	Hideg az éj.
13093926	Ночь холодна.	13094182	Hideg az éjszaka.
13101680	Никто не верит в то, что ты говоришь.	13101682	Senki sem hiszi, amit mondasz.
13101690	Всегда смотри вперёд.	13101697	Mindig nézz előre.
13101694	Это всего лишь пустяк.	13101698	Valami semmiség ez.
13101696	В доме Мэри случился пожар.	13101703	Tűz volt Mari házában.
13102391	Как она это сделает?	13102398	Hogyan fogja azt csinálni?
13102537	Рыбалка на этом озере запрещена.	13102543	Tilos horgászni a tavon.
13102683	Лёд — это замороженная вода.	13104285	A jég fagyott víz.
13102683	Лёд — это замороженная вода.	13104286	A jég megfagyott víz.
13096569	"Забавный он человек, этот Том". - "Да. Но вообще он милый и добрый".	13104707	— Kicsit vicces ember ez a Tom. — Igen. De mindazonáltal édes és rendes.
13105113	Единственный, кто знает правду, - это Том.	13105117	Az egyetlen, aki tudja az igazságot, az Tom.
13115373	Она уже знает?	13115388	Ő már tudja?
13115373	Она уже знает?	13115389	Tudja már ő?
13115385	Это вино португальское.	13115390	Ez portugál bor.
13122168	Он ушёл, не поев.	13122176	Elment úgy, hogy nem is evett.
13122869	Вы не могли бы мне завтра позвонить?	13122943	Nem tudna holnap felhívni?
13123757	Я чувствую её боль.	13123759	Érzem a fájdalmát.
13123754	Они её действительно любят.	13123760	Valóban szeretik őt.
13123787	Ты много раз это повторял.	13123792	Többször elismételted.
13123776	Он уехал в прошлом году.	13123866	Tavaly ment el.
13123776	Он уехал в прошлом году.	13123868	Tavaly utazott el.
13123878	Ты моя жена.	13123885	A feleségem vagy.
13123909	У нас в саду поселился ёж.	13123918	A kertünkben tanyázott egy sündisznó.
13123936	Наши отношения были ошибкой.	13124066	A kapcsolatunk hiba volt.
6400885	Нигер — бывшая колония Франции.	13125599	Niger francia gyarmat volt.
9841943	Через два-три дня ты снова будешь здоров.	13126564	Pár nap múlva már jól leszel.
5507936	Я пойду сразу домой.	13126578	Egyenesen hazamegyek.
3304520	Больше я её никогда не видел.	13126581	Sosem láttam többé.
3304520	Больше я её никогда не видел.	13126582	Sose láttam többé.
12994232	Политики вам не друзья.	13126628	A politikusok nem a barátaid.
9958344	Ты в Бостоне надолго?	13129840	Meddig leszel Bostonban?
13129983	Я знаю, что ты собираешься сделать.	13129989	Tudom, mit akarsz tenni.
13129983	Я знаю, что ты собираешься сделать.	13129991	Tudom én, hogy mit szándékozol te tenni.
8581255	Она никогда никому не отказывает.	13137004	Soha nem utasít vissza senkit.
13143180	Садитесь есть.	13143186	Üljetek le enni!
13143202	Я видел у него на столе твою фотографию.	13143204	Láttam az asztalán a fényképedet.
13143596	О, это любимая мамина фраза.	13143714	Jaj, anyámnak ez a kedvenc szavajárárása.
13152839	Ничего не поделаешь, надо идти.	13152845	Nincs mit tenni, menni kell.
13150020	Я занят и поэтому не могу пойти.	13159216	Dolgom van, ezért nem tudok menni.
13163944	На этот вопрос до сих пор нет ответа.	13163948	Erre a kérdésre ezeddig nincs még válasz.
13165862	Это мои книги, а те - её.	13165870	Ezek az én könvyveim, azok meg a tieid.
13180801	На самом деле я из Уэльса, но живу в Бристоле.	13180866	Tulajdonképpen walesi vagyok, de Bristole-ban lakom.
13179260	Я хочу, чтобы ты над этим подумал.	13180922	Azt akarom, hogy elgondolkodj ezen.
13180937	Это не всегда возможно.	13180942	Ez nem mindig lehetséges.
13180955	Они оставили её одну.	13180962	Egyedül hagyták.
13180955	Они оставили её одну.	13180963	Magára hagyták.
13180955	Они оставили её одну.	13180964	Egyedül hagyták őt.
13189854	Стыдно, когда видно.	13189909	Kínos, ha látszik.
13189829	Это нужно сделать так же.	13189914	Ezt ugyanúgy kell csinálni.
5305641	Мне нужно починить велосипед.	13190256	Meg kell csinálnom a biciklit.
13195547	Забудь о прошлом, думай о будущем и живи настоящим.	13195548	Felejtsd el a múltat, gondolj a jövőre és élj a mában!
13195560	В этих полях много маков.	13195561	Sok mák van a földön.
9232273	Свеча моей жизни скоро потухнет.	13205816	Életem gyertyája hamarosan kialszik.
13205812	Ты меня не учи! Я сам знаю, что мне делать.	13205818	Te csak ne oktatgassál engem! Én azt majd tudom, mit csináljak.
13205820	Вы не хотите учиться?	13205826	Ti nem akartok tamulni?
13213958	Я слышал французский вариант этой песни.	13213967	Hallottam a francia változatát ennek a dalnak.
2498247	Мне нужен ответ.	13218222	Válasz kell nekem.
13219733	В этом нет ничего страшного.	13219735	Ebben nincs semmi különös.
7823029	Откуда дровишки?	13220286	Honnan van a tüzifa?
13224107	Он там уже несколько раз был.	13224111	Volt már egynéhányszor ott.
13226003	Я не мог на это смотреть, это было ужасно.	13226006	Nem tudtam nézni, olyan borzalmas volt.
13225901	Я тоже хочу поесть.	13226017	Én is akarok enni.
13225899	Я и есть хочу.	13226019	Enni is akarok.
13227430	Я работаю, только когда мне хочется.	13227437	Akkor dolgozom csak, amikor akarok.
13232618	Он подождал, пока она ответит.	13232621	Kivárta, amíg válaszol.
13235055	Иди на улицу помоги отцу.	13235059	Menj ki, segíts apádnak!
13238021	Я делаю два дела одновременно.	13240002	Két dolgot csinálok egyidőben.
13241207	Ты, должно быть, талантливее меня.	13241211	Tehetségesebbnek kell lenned nálam.
13241432	Я работаю в нефтяной компании.	13241439	Egy olajtársaságnál dolgozom.
13242881	Вы знаете, где Том хочет жить?	13242886	Tudjátok, hol akar élni Tomi?
13242884	Вы себя в зеркале давно видели?	13242889	Látta magát mostanában a tükörben?
3980506	Могу я остаться и помочь тебе?	13244114	Maradhatok és segíthetek neked?
4023589	Ты такой пессимист.	13258113	Olyan pesszimista vagy.
6388481	Том очень любит поговорить о спорте.	13264129	Tom nagyon szeret a sportról beszélgetni.
13270458	Я очень быстро устала.	13270462	Nagyon gyorsan elfáradtam.
13272740	Сегодня я прочёл, что эспрессо усваивается лучше обычного кофе.	13272742	Ma olvastam, hogy az eszpresszó kávé könnyebben emészthető a normálisnál.
13272743	Я больше не ощущаю с твоей стороны любви ко мне.	13274169	Semmilyen szeretetet nem érzek már melletted.
13276848	Я звонил каждый день.	13276851	Minden nap telefonálok.
13278547	Хочешь, мы вместе поиграем в видеоигры?	13278548	Akarsz velem videójátékozni?
10620904	У него была очень трагическая судьба.	13279580	Nagyon tragikus sorsa volt.
13293444	Туалет не очень чистый.	13293450	Nem igazán tiszta a WC.
13293466	Как я об этом жалел!	13293477	Hogy megbántam én ezt!
13293466	Как я об этом жалел!	13293479	Mennyire megbántam én ezt!
13301776	Я и не знал, что есть такой город.	13301782	Azt sem tudtam, hogy van ilyen város.
13301777	Я и не знал, что есть такая страна.	13301786	Nem is tudtam, hogy van ilyen ország.
13310159	Это ясно, как дважды два четыре.	13310166	Ez magától értetődő, mint az, hogy a Nap keleten kel fel.
13311898	Как же вы наивны!	13311912	Hogy ti milyen naivak vagytok!
13311909	Как ты наивна!	13311913	Milyen naiv vagy!
13311909	Как ты наивна!	13311915	De naiv vagy!
13321234	Вы не смогли бы без меня жить.	13321235	Ti nem tudnátok nélkülem élni.
13321356	Зири не видел ничего впереди.	13321802	Nem látott maga előtt semmit Ziri.
13332577	Ты же говоришь по-немецки?	13332579	Te ugye beszélsz németül?
13337679	Я тоже про это читал.	13337702	Én is olvastam erről.
13337647	По-моему, Том злится.	13337709	Szerintem dühös Tom.
13337678	За этим ведь Том стоит?	13337720	E mögött biztos Tom áll, nem?
13337514	Я бы так, наверное, не смог.	13337723	Én ezt valószínűleg nem tudnám.
13337486	Ты не хочешь здесь работать?	13337724	Te nem akarsz itt dolgozni?
13337670	Я делаю что?!	13337891	Mit csinálok én?
13337670	Я делаю что?!	13337893	Mit művelek én?
13341550	Не помню, когда я последний раз ими пользовался.	13341552	Nem emlékszem rá, mikor használtam őket utoljára.
2772606	На корабле много крыс.	13353352	Sok a patkány a hajón.
13361373	Мне завтра надо кое-что сделать.	13361374	Nekem holnap dolgom van.
13362331	Я не жду какого-то особого отношения.	13362339	Nem vártam különös bánásmódot.
13362331	Я не жду какого-то особого отношения.	13362340	Nem vártam el, hogy különös bánásmódban részesítsenek.
13362484	Надо было в первую очередь об этом подумать.	13362491	Ezt először át kellett volna gondolni.
12404514	Может быть, я что-то забыл?	13362594	Lehet, hogy elfelejtettem valamit?
13337678	За этим ведь Том стоит?	13364645	E mögött ugye Tom áll?
13364871	Я не так много курил.	13364877	Én nem cigiztem olyan sokat.
13374167	Жизнь для человека - проблема из проблем.	13374168	Az emberek élete probléma probléma hátán.
13372646	Он едва не попал в меня.	13374434	Majdhogycsaknem megütött.
13368895	Это было не описать словами.	13374440	Szavakkal nem volt leírható.
13366908	Ух ты, чудно́!	13374445	Anyám, csodás!
13366908	Ух ты, чудно́!	13374446	Apám, csodálatos!
13363300	«Ты сказал им правду?» – «Да, сказал».	13374451	— Elmondtad nekik az igazat? — Igen, el.
13363300	«Ты сказал им правду?» – «Да, сказал».	13374452	— Elmondtad nekik az igazságot? — Elmondtam, igen.
13374479	Наша страна богата традициями.	13374488	Országunk gazdag hagyományokban.
13374479	Наша страна богата традициями.	13374489	Az országunk gazdag hagyományokban.
13374522	Мы делаем то же самое.	13374525	Magunk is ugyanezt tesszük.
13374667	У тебя умопомрачительное тело.	13375490	Lélegzetelállító a tested!
12655984	Одним словом, я ей не доверяю.	13379073	Egy szóval nem bízom benne.
13381655	Я могу дать тебе один совет на будущее?	13381661	Adhatok neked egy tanácsot a jövőre vonatkozóan?
13381655	Я могу дать тебе один совет на будущее?	13381663	Adhatok egy tanácsot neked a jövőt illetően?
13381655	Я могу дать тебе один совет на будущее?	13381665	Adhatok neked tanácsot a jövőre nézvén?
13381655	Я могу дать тебе один совет на будущее?	13381666	Egy tanácsot adhatok neked a jövőre nézve?
13381701	Я сделал всё, что мог, чтобы с ней подружиться.	13382719	Mindent megtettem, hogy megszerezzem a barátságát.
13383899	Я несколько раз с ней встречался.	13383905	Találkoztam vele párszor.
13383898	Я несколько раз с ними встречался.	13383909	Találkoztam velük néhányszor.
13383806	У соседа слишком громкая музыка.	13383919	Túl hangos a zene a szomszédban.
13383734	Ты позвонил врачу?	13383922	Felhívtad az orvost?
13383735	Ты звонил врачу?	13383923	Hívtad az orvost?
13383746	Я спряталась за диваном.	13383928	Elbújtam a kanapé mögött.
13383746	Я спряталась за диваном.	13383930	A kanapé mögé bújtam.
13383950	Начался дождь, но мы продолжили идти.	13383953	Eleredt az eső, de mi tovább mentünk.
13383950	Начался дождь, но мы продолжили идти.	13383954	Elkezdett esni az eső, de mi mentünk tovább.
13383967	Не понимаю, чему ты смеёшься.	13383970	Nem értem, miért nevetsz.
13383974	Ты говоришь с ним по-русски, а он не понимает.	13383980	Te oroszul beszélsz vele, de ő nem érti.
13385114	Дедушка отдыхает после обеда.	13385124	Ebéd után pihen egyet papa.
13385103	Том гораздо больше времени проводит в Татоэбе, чем с семьёй.	13385130	Sokkal több időt tölt Tom a Tatoebával, mint a családjával.
11689866	Сколько это в милях?	13385218	Ez mennyi mérföldben?
11689866	Сколько это в милях?	13385219	Ez mérföldben mennyi?
13385231	Сейчас три тридцать.	13385239	Három harminc van.
13393947	Все верят, во что хотят.	13393960	Mindenki abban hisz, amiben akar.
