409682	Vad är det?	5411	Что это?
3711439	Är du säker?	5459	Ты уверен?
1959887	Det är det dummaste som jag någonsin sagt.	5468	Это самая глупая вещь, которую я когда-либо говорил.
5886384	Och?	5473	Так что?
409902	Jag hittade en lösning, men jag hittade den så fort att det inte kan vara den rätta.	5555	Я нашел решение, но я нашел его настолько быстро, что оно определенно не может быть верным.
2135511	Jag tycker inte om dig längre.	5568	Ты мне больше не нравишься.
409674	Jag pratar inte japanska.	5611	Я не говорю по-японски.
3799867	Mitt namn är Jack.	5632	Меня зовут Джек.
849443	God morgon.	329714	Доброе утро!
3555000	God morgon!	329714	Доброе утро!
13025533	Välkommen till Japan.	337680	Добро пожаловать в Японию.
495575	Bob är min vän.	338478	Боб — мой друг.
409677	Jag förstår inte.	338487	Я не понимаю.
928607	Vad heter den här gatan?	351798	Как называется эта улица?
491081	Jag vet inte vad det är.	366843	Я не знаю, что это.
904384	Snart är det vår.	374349	Скоро весна.
7875843	Våren kommer snart.	374349	Скоро весна.
397490	Tack!	374868	Спасибо!
1967773	Det är mycket farligt att gå här om nätterna.	379965	Здесь очень опасно ходить ночью.
11911331	Han är upprörd.	381243	Он расстроен.
3840548	En, två, tre, fyra, fem, sex, sju, åtta, nio, tio.	382288	Один, два, три, четыре, пять, шесть, семь, восемь, девять, десять.
10001087	Det är aldrig för sent för att lära.	394353	Учиться никогда не поздно.
1960772	Öppna munnen!	394543	Рот открой!
2280244	Var snäll och avbryt mig inte.	395187	Пожалуйста, не перебивайте меня.
2116489	Du har ett samtal.	395330	Тебя просят к телефону.
1960524	Vem talar jag med?	400507	С кем я говорю?
2825164	Under den stalinistiska eran blev fångar i koncentrationsläger slavar i statens tjänst.	401883	В сталинскую эпоху заключённые в концентрационных лагерях становились рабами на службе государства.
6383552	Tack på förhand.	402088	Заранее спасибо.
1959893	Vilka vackra blommor!	407469	Какие красивые цветы!
409676	Vad kostar det?	407492	Сколько это стоит?
1332021	Vår skola ligger på andra sidan floden.	411289	Наша школа находится за рекой.
487167	Jag vet inte.	414649	Я не знаю.
2339027	Stäng dörren.	417300	Закрой дверь.
490876	Jag började att läsa boken.	421683	Я начал читать книгу.
1960455	Jag skriver ett brev.	424296	Я пишу письмо.
409696	Vems cykel är det här?	425384	Чей это велосипед?
1796075	Jag kommer tillbaka om en timme.	430440	Я вернусь через час.
5048888	Snabbare, högre, starkare.	432457	Быстрее, выше, сильнее.
10825516	Jag vill somna.	433926	Я хочу спать.
4025771	Jag har många böcker.	445326	У меня много книг.
2207612	Var någonstans ligger flygplatsen?	445482	Где аэропорт?
2209362	Var ligger flygplatsen?	445482	Где аэропорт?
2209363	Var finns det en flygplats?	445482	Где аэропорт?
12412086	Var är flygplatsen?	445482	Где аэропорт?
1259068	Kommer dag, kommer råd.	445586	Утро вечера мудренее.
9840687	Kom snarast möjligt.	445950	Приходи как можно скорее.
11908872	Han föll ner i den bottenlösa gropen.	447585	Он упал в бездонную яму.
1959912	Oroa dig inte.	465948	Не волнуйся.
409880	Företaget gick i konkurs.	466681	Предприятие обанкротилось.
372623	Minns du det?	466685	Ты помнишь?
409673	Vad?	466691	Что?
409705	Min fru hatar katter.	466706	Моя жена ненавидит кошек.
409710	Alla hästar är djur, men inte alla djur är hästar.	466709	Все лошади животные, но не все животные - лошади.
409722	Ge mig lite vatten, och det snabbt.	466712	Дай мне воды, быстрее.
409723	Jag är väldigt glad att se dig igen.	466714	Я очень рад видеть тебя снова.
409725	Vi är bjudna på middag.	466715	Мы приглашены на обед.
409743	Var snäll och vänta i fem minuter.	466720	Пожалуйста, подождите пять минут.
409744	Ta det inte personligt.	466721	Не принимай близко к сердцу.
410163	Gillar du golf?	466874	Тебе нравится гольф?
2794175	Detta är intressanta nyheter.	469049	Это интересные новости.
1960055	Jag fick ett brev från min vän.	469581	Я получил письмо от друга.
3720660	Va köpte ru?	469603	Что ты купил?
5840207	Jag instämmer.	469796	Я согласен.
5840207	Jag instämmer.	469797	Я согласна.
5268110	Otroligt!	469851	Невероятно!
2328173	Jag bor i lägenhet.	469885	Я живу в квартире.
1603959	Jag kan spela gitarr.	469889	Я умею играть на гитаре.
970155	De rika är inte alltid lyckliga.	470440	Богатые не всегда счастливы.
1959863	Det är farligt för dig att simma i den här floden.	472210	Тебе опасно плавать в этой реке.
2205973	Hur står det till?	473034	Как дела?
9035376	Luft är osynligt.	473248	Воздух невидим.
3742954	Dags å sticka.	474619	Пора идти.
498465	Kan hon franska?	475893	Она говорит по-французски?
478747	Ja.	478742	Да.
5239916	Nej.	478892	Нет.
1960525	Vem pratar jag med?	479669	С кем я разговариваю?
891113	Vilken lång gurka!	489021	Какой длинный огурец!
2269413	Han spelade piano.	498303	Он играл на пианино.
2125914	Vi borde sticka.	501956	Нам пора идти.
498462	Jag har två bröder.	503487	У меня два брата.
415619	Jag har inga pengar.	503490	У меня нет денег.
409669	Ärligt talat, hans tal är alltid tråkiga.	507053	Честно говоря, речи у него всегда скучные.
409715	Tecknet visar att svaret är rätt.	507072	Это знак, что ответ правильный.
415890	Han är bra på att imitera hennes irländska accent.	507074	Он хорошо изображает её ирландский акцент.
410166	Jag känner tjejen som spelar tennis.	507078	Девушку, которая играет в теннис, я знаю.
410161	Jag har en katt och en hund. Katten är svart och hunden är vit.	508135	У меня есть кот и собака. Кот чёрный, а собака белая.
410161	Jag har en katt och en hund. Katten är svart och hunden är vit.	508137	У меня есть кошка и собака. Кошка чёрная, а собака белая.
415799	Han sov över hos sin moster.	509145	Он ночевал у тётки.
424819	Var inte dum.	509148	Не глупи.
3436276	Vi ses nästa vecka!	513908	Увидимся на следующей неделе!
1259088	Lätt fånget, lätt förgånget.	514276	Легко полученное легко теряется.
353814	Han är inte läkare.	514709	Он не врач.
1962475	Han är min bästa vän.	530074	Он мой лучший друг.
1959972	Alla är redo.	533055	Все готовы.
487277	Är du upptagen?	538034	Ты занят?
3452125	Har du borstat dina tänder?	538279	Ты почистил зубы?
4338389	Jag bor i Yokohama.	538509	Я живу в Иокогаме.
1959843	Jag har aldrig sett ett rött kylskåp.	547804	Я никогда не видел красных холодильников.
3149692	Amerika är mycket stort.	548586	Америка очень большая.
1506769	Jag har inte hört någonting.	549909	Я ничего не слышал.
9936505	Ännu en gång.	549910	Ещё раз.
2673804	Hon öppnade dörren.	561695	Она открыла дверь.
923346	Jag tog mig friheten att ringa henne.	564405	Я осмелился ей позвонить.
8907273	Stig inte upp.	567391	Не вставай.
3436255	Gud finns.	572323	Бог есть.
1138544	Fåglar flyger.	576508	Птицы летают.
2126005	Fåglarna flyger.	576508	Птицы летают.
7055885	Jag är av en annan åsikt.	580641	Я так не думаю.
1959993	Vem stal äpplet?	597361	Кто украл яблоко?
4156714	Jag bor i Tokyo.	598139	Я живу в Токио.
2829521	Jag är emot det.	600130	Я против этого.
1951318	Hon kan inte kontrollera sina känslor.	602937	Она не может контролировать свои эмоции.
1962882	Vi åker när det slutat regna.	602941	Мы пойдём, когда кончится дождь.
6835501	Papper är vitt.	610319	Бумага белая.
1959761	Du är människa.	614096	Ты - человек.
848197	Jag är törstig.	614945	Я хочу пить.
8408753	Den här stolen är mycket bekväm.	620418	Этот стул очень удобный.
1962422	Var bor din morfar?	635978	Где живёт твой дедушка?
1962423	Var bor din farfar?	635978	Где живёт твой дедушка?
665777	Isen smälter.	637543	Лёд тает.
2082611	Missade jag någonting?	637549	Я что-то пропустил?
893156	Jag måste bege mig nu.	637801	Мне уже пора идти.
2001549	Var är de?	647101	Где они?
892738	Kunskap är makt.	651165	Знание - сила.
2775551	Huvudstaden i Ukraina är Kiev.	652750	Столица Украины - Киев.
7807096	Finns det mycket snö i ditt land?	652762	В твоей стране много снега?
2134409	Vi är emot krig.	654864	Мы против войны.
1126363	Han är stolt över att vara musiker.	656669	Он гордится быть музыкантом.
4840264	Det är en ordbok.	656900	Это словарь.
2227024	Var är ni?	658376	Где вы?
3843636	Han äter.	658508	Он ест.
4384237	Teven fungerar inte.	664580	Телевизор не работает.
7864002	Jag talar interlingua.	667369	Я говорю на интерлингве.
1583511	Hur mycket pengar har du?	667376	Сколько у тебя денег?
891704	Vi känner till legenden om Robin Hood.	667607	Мы знаем легенду о Робине Гуде.
5801541	En japan skulle aldrig göra så.	667680	Японец никогда бы этого не сделал.
3436401	Det börjar bli dags att gå hem.	697407	Уже пора идти домой.
1949482	Det är inte möjligt!	709160	Это невозможно!
4338333	Jag bor i närheten.	723004	Я живу поблизости.
3436265	Jag har ont i halsen.	723236	У меня болит горло.
12416042	Det är en ny bok.	739810	Это новая книга.
880529	Hur mycket blir det?	744517	Сколько это будет стоить?
2227060	Jag kan inte finna min flickväns klitoris.	775430	Я не могу найти клитор моей подружки.
778880	Detta är ett litet steg för en människa men ett jättekliv för mänskligheten.	777248	Это один маленький шаг для человека и гигантский прыжок для человечества.
1405794	Jag är rädd för hundar.	778184	Я боюсь собак.
1583200	Det här äpplet smakar dåligt.	782525	Это плохое яблоко.
1784947	Jag kan inte leva utan dig.	782857	Я не могу жить без тебя.
848540	Jag älskar att resa.	783709	Я люблю путешествовать.
1809458	Fattigdom är ingen skam.	785530	Бедность не порок.
2227060	Jag kan inte finna min flickväns klitoris.	788572	Я не могу найти клитор у своей подруги.
401387	Var är den japanska ambassaden?	792182	Где находится японское посольство?
3720015	Var ligger den japanska ambassaden?	792182	Где находится японское посольство?
2321287	Var är han född och uppvuxen?	797362	Где он родился и вырос?
493626	Vi har för många lektioner.	808561	У нас слишком много уроков.
781094	Var arbetar du?	809891	Где ты работаешь?
1048536	I begynnelsen skapade Gud himmel och jord.	811809	В начале Бог создал небо и землю.
1364207	Jag förstår inte vad du säger.	823994	Я не понимаю, что ты говоришь.
10037552	Vad letar du efter?	826414	Что ты ищешь?
1962126	Jag arbetar här.	843894	Я работаю здесь.
1962128	Jag jobbar här.	843894	Я работаю здесь.
1972806	Han var väldigt tålmodig.	849771	Он был очень терпелив.
1410017	Han har ett stort hus och två bilar.	851241	У него есть большой дом и две машины.
999091	Hon talar ryska.	857417	Она говорит по-русски.
1959150	Hur mycket kostar trästolen?	861997	Сколько стоит деревянный стул?
3452064	Vänta på mig!	870428	Подожди меня!
10015398	Jag hörde inte vad du sade.	870993	Я не расслышал, что Вы сказали.
2913049	Det är ovanligt.	885095	Это необычно.
3867850	Vem är din favoritskådespelare?	885159	Кто твой любимый актер?
1959110	De diskuterade problemet.	886808	Они обсуждали проблему.
3867850	Vem är din favoritskådespelare?	895347	Кто ваш любимый актер?
1137663	Vi lyssnar med öronen.	895392	Мы слышим ушами.
3838382	Mannen åt brödet.	902334	Мужчина ел хлеб.
1990632	Hon känner mig.	903014	Она меня знает.
898882	Det läker av sig själv.	915246	Само заживёт.
8388274	Varför ser ni så ledsna ut?	924420	Почему ты такой грустный?
3302537	Den gröna lampskärmen kastar ett varmt sken i rummet.	937993	Зелёный абажур рассеивает по комнате тёплый свет.
930053	Jag är ingen morgonmänniska.	939944	Я не ранняя пташка.
2502166	Han är inte lång, men stark.	952972	Он невысокий, но сильный.
925334	Jag vill att du håller ditt löfte.	985018	Я хочу, чтобы ты сдержал своё обещание.
892641	Tre öl och en tequila tack!	985036	Три пива и одну текилу, пожалуйста!
2225190	Vad fan gör du här?	1002479	Какого чёрта ты здесь делаешь?
893630	Vem som helst kan göra misstag.	1004060	Каждый может совершить ошибку.
892567	Han såg en hund i närheten av dörren.	1004061	Он увидел собаку около двери.
2211146	Behöver du pengar?	1006498	Тебе нужны деньги?
2654930	Det ligger en apelsin på bordet.	1012618	На столе лежит апельсин.
1048536	I begynnelsen skapade Gud himmel och jord.	1048529	В начале сотворил Бог небо и землю.
1960021	Jag har mycket att göra i dag.	1049388	У меня сегодня много дел.
1063546	Var är äpplena?	1063548	Где яблоки?
1583208	Ett år har tolv månader.	1065770	В году двенадцать месяцев.
3790436	Ett år består av tolv månader.	1065770	В году двенадцать месяцев.
1168718	Dricker du kaffe?	1134152	Ты пьёшь кофе?
9859550	Det är en hemlighet.	1149106	Это тайна.
1960657	Det ligger en bok om dans på skrivbordet.	1168719	На столе лежит книга о танце.
912722	Det var ett misstag från deras sida.	1182951	Это было ошибкой с их стороны.
1141925	Jag gillar inte modern jazz.	1188474	Мне не нравится современный джаз.
891085	När man talar om trollen står de i farstun.	1188492	О волке речь, а он навстречь.
892541	Jag står inte ut med oljudet längre.	1188498	Я не могу больше терпеть этот шум.
841623	Kan du vara snäll och vänta en minut?	1188756	Подожди, пожалуйста, минутку.
409880	Företaget gick i konkurs.	1191933	Компания обанкротилась.
891068	Jag måste ställa en dum fråga.	1195364	Я должен задать глупый вопрос.
1138602	Vindruvorna är så sura att jag inte kan äta dem.	1195390	Виноград настолько кислый, что я не могу его есть.
1218842	Köttbullar skulle vara lagom stora, lagom runda och lagom bruna, säger Emils mor.	1218846	Фрикадельки должны быть в меру большие, в меру круглые и в меру поджаристые, говорит мама Эмиля.
1259071	Många bäckar små blir en stor å.	1259069	С миру по нитке - голому рубаха.
3713910	Detta är huset som jag bodde i när jag var barn.	1278125	Это дом, в котором я жил, когда был ребёнком.
6710660	Grönt är min favoritfärg.	1341884	Зелёный - мой любимый цвет.
822625	Vet du inte vad som hände i går?	1350918	Ты не помнишь, что произошло вчера?
923166	Sydde du den här för hand?	1350939	Ты сшил это вручную?
893156	Jag måste bege mig nu.	1359752	Я должен сейчас уйти.
893156	Jag måste bege mig nu.	1359753	Я должна сейчас уйти.
2684943	”Du, min herre, är en imperialist!” ”Och du, min herre, är ett troll!”	1369658	"Сэр, вы империалист!" "А вы, сэр - тролль."
341941	Jag blev till slut klar med arbetet.	1369945	Я наконец закончил работу.
2127902	Jag förstår inte vad han försöker säga.	1391616	Я не понимаю, что он пытается сказать.
8878169	Är det fritt?	1395552	Это бесплатно?
9978765	Är det ledigt?	1395552	Это бесплатно?
9978783	Är den ledig?	1395552	Это бесплатно?
2900476	Kvinnan är naken.	1408924	Женщина обнажённая.
3812696	Tack.	1418817	Спасибо.
4336005	Rödvin, tack.	1430477	Красное вино, пожалуйста.
2413882	Du borde fråga honom om råd.	1433156	Тебе следует спросить у него совета.
1433476	Jag är inte rädd.	1433486	Я не боюсь.
1433386	Han liknar sin pappa.	1436298	Он похож на своего отца.
5370218	Jag dricker kaffe.	1436302	Я пью кофе.
1583444	Jag är ingen läkare.	1437060	Я не доктор.
1959947	Är allt okej?	1438982	Всё в порядке?
1443435	Jag läste att Brasiliens president är en kvinna. Hon kallas Dilma.	1443406	Я читал, что президент Бразилии — женщина. Её зовут Дилма.
1443435	Jag läste att Brasiliens president är en kvinna. Hon kallas Dilma.	1443903	Я читала, что президент Бразилии женщина. Её зовут Дилма.
7866791	Moder Teresa föddes i Jugoslavien år 1910.	1456322	Мать Тереза ​​родилась в Югославии в 1910 году.
1459155	Jag talar inte kinesiska.	1459152	Я не говорю по-китайски.
2181846	Jag kan inte stoppa blödningen.	1464887	Не могу остановить кровотечение.
2455294	Jag ville inte spendera mer tid på att arbeta med det där projektet.	1480980	Я не хотел больше тратить время на этот проект.
1125931	Hon är på intet vis självisk.	1484704	Она нисколько не эгоистка.
1125931	Hon är på intet vis självisk.	1484705	Она ни в коем случае не эгоистка.
2900476	Kvinnan är naken.	1509822	Женщина обнажена.
1435264	Nyfikenhet dödade katten.	1509839	Любопытство кошку сгубило.
891689	Vi hoppas på fred.	1514690	Мы надеемся на мир.
841989	Tiga är guld.	1515067	Молчание - золото.
1518589	Tystnad är guld.	1515067	Молчание - золото.
1433334	Katten har sovit på bordet.	1515647	Кошка спала на столе.
5707105	God dag!	1517388	Добрый день!
883044	Jag vet att jag inte vet.	1520184	Я знаю, что я не знаю.
2321502	Min mamma jobbar på fabrik.	1520913	Моя мама работает на заводе.
1964322	Generellt sett lever kvinnor längre än män.	1521875	Вообще говоря, женщины живут дольше, чем мужчины.
1583444	Jag är ingen läkare.	1533499	Я не врач.
2785963	En spegel reflekterar ljus.	1535781	Зеркало отражает свет.
2141941	Det är ett extremfall.	1537380	Это крайний случай.
3787149	Vad ska du göra i kväll?	1537478	Что ты делаешь сегодня вечером?
9844391	Tyvärr!	1537493	Мне жаль!
3449817	Säkerhet kommer alltid först.	1537619	Безопасность прежде всего.
2125935	Alice är min mamma.	1544715	Алиса - моя мама.
1547498	Var ligger Mississippi?	1547466	Где находится Миссисипи?
1549202	Mari och Maki är systrar.	1548147	Мари и Маки - сёстры.
1959159	Det där ordet förstår jag inte.	1554109	Я не понимаю это слово.
3720657	Vems är detta?	1558006	Чьё это?
3009595	Hon liknar sin mor.	1564198	Она похожа на свою мать.
1405797	Jag har en massa arbete att göra imorgon.	1576227	У меня завтра много работы.
1965198	Han kanske inte kommer.	1585990	Он, наверное, не придёт.
3843636	Han äter.	1591234	Он кушает.
3843636	Han äter.	1591235	Он принимает пищу.
1960010	Han blir sällan arg.	1601467	Он редко злится.
2780835	Den finansiella situationen förvärras vecka för vecka.	1601719	Финансовая ситуация становится хуже неделя за неделей.
2250770	Hon har stora bröst.	1603182	У неё большая грудь.
1996274	Hon sparkade honom.	1621729	Она пнула его.
1610990	Han ska följa mitt råd.	1622601	Он последует моему совету.
2783577	Jag föddes med tolv fingrar.	1624905	Я родился с двенадцатью пальцами.
3597906	Jag har allt under kontroll.	1643738	У меня всё под контролем.
1951307	Jag skulle vilja veta anledningen.	1649981	Я хочу знать причину.
1962433	Jag är vilse. Kan du hjälpa mig?	1668368	Я заблудился. Вы не могли бы мне помочь?
1358353	Han drack en öl.	1670770	Он выпил кружку пива.
3436218	Allvarligt?	1671030	Серьёзно?
3954843	Lek inte med elden.	1674953	Не играй с огнём.
494070	Dina skor är här.	1675822	Твоя обувь тут.
11923314	Se dig om.	1678267	Оглянись.
1259088	Lätt fånget, lätt förgånget.	1703839	Бог дал, бог взял.
1962105	Vänta på er tur.	1718945	Подождите своей очереди.
1996295	De hatade Tom.	1720195	Они ненавидели Тома.
7890190	Han nådde sitt mål.	1721867	Он достиг своей цели.
1141853	Hur säger man ”adjö” på tyska?	1725286	Как по-немецки будет "пока"?
8760635	Lämnade du dricks?	1733357	Ты оставил чаевые?
1583499	Jag är gammal.	1738335	Я старый.
1959838	Det här året erbjuder vi samma språkkurs som i fjol.	1749716	В этом году мы предлагаем тот же языковой курс, что и в прошлом году.
1769285	Sjutton gastar på död mans kista, yo-ho och en flaska med rom!	1768211	Семнадцать человек на сундук мертвеца, Йо-хо-хо, и бутылка рому!
1769291	Sjutton gastar på död mans kista. - Hej och hå och en flaska med rom!	1768211	Семнадцать человек на сундук мертвеца, Йо-хо-хо, и бутылка рому!
1959827	Vi satte oss i bilen.	1769187	Мы забрались в машину.
1785615	Min son talar inte svenska.	1786138	Мой сын не говорит по-шведски.
2900476	Kvinnan är naken.	1786474	Женщина голая.
2900476	Kvinnan är naken.	1786477	Женщина нага.
1959161	Jag tycker inte om hundar.	1787746	Я не люблю собак.
2511643	Skratta inte!	1796452	Не смейся!
2120601	Det var inte en levande själ där.	1799427	Там не было ни одной живой души.
2120602	Det var inte en kotte där.	1799427	Там не было ни одной живой души.
2717980	Hur många kvadrater kan du se?	1801221	Сколько квадратов ты видишь?
11965770	Är det ett skämt?	1805317	Это шутка?
2169763	Varför har koalor ingen navel?	1812837	Почему у коал нет пупка?
1401814	Detta är hennes bok.	1826682	Это её книга.
5216445	Tack för att du kom.	1834864	Спасибо, что пришёл.
880509	Kan du säga mig hur man går till amerikanska ambassaden?	1834957	Не могли бы Вы объяснить мне, как добраться до американского посольства?
1949510	Fortsätt arbeta.	1838971	Продолжай работать.
1853812	Hon var ung och oskyldig.	1853809	Она была молода и невинна.
1996580	Hörde du det där?	1854155	Вы это слышали?
8763402	Tom bryr sig inte om vad de andra säger om honom.	1881096	Тому всё равно, что о нём говорят.
2086568	Diplomerade imperialismens lakejer försöker att få en teoretisk grund för sina kannibalistiska praxis i kolonierna.	1889016	Дипломированные лакеи империализма пытаются подвести некую теоретическую базу под свою людоедскую практику в колониях.
8945188	Tycker ni om sommaren?	1890499	Вы любите лето?
5921540	Det är bättre att ta det säkra före det osäkra.	1895053	Осторожность никогда не бывает лишней.
5216446	Tack för att ni kom.	1930415	Спасибо, что пришли.
2099337	Skriv aldrig orden ”borsjtj” och ”sjtji” på tyska!	1937215	Никогда не пишите слова "борщ" и "щи" по-немецки!
1959422	Jag vet att jag kommer att dö.	1959425	Я знаю, что умру.
2389812	Hade du roligt i helgen?	1968060	Хорошо провёл выходные?
1971650	Han fjällade en fisk.	1971666	Он очистил рыбу.
1784912	Jag skriver en mening på tyska.	1972764	Я пишу предложение по-немецки.
10359173	Några säger att han aldrig har funnits.	1974464	Некоторые говорят, что он никогда не существовал.
10359174	Några säger att han aldrig existerat.	1974464	Некоторые говорят, что он никогда не существовал.
2111081	Han ruskade på huvudet.	1978248	Он покачал головой.
11583031	Jag talar spanska.	1991593	Я говорю по-испански.
1336796	Det finns ingen slump.	1991603	Нет ничего случайного.
4331799	Vi behöver din hjälp.	1993957	Нам нужна твоя помощь.
1999305	Jag kan hjälpa dig.	1997667	Я могу тебе помочь.
1999315	Jag hörde röster.	1997676	Я услышал голоса.
880564	En kopp te, tack.	2004824	Чашку чая, пожалуйста.
2013411	Kom när du besegrar onda drakar, erövrar alla slott och alla prinsessor.	2013357	Приходи, когда победишь всех злых драконов, завоюешь все замки и всех принцесс.
4347124	Jag kan bekräfta det där.	2013817	Я могу это подтвердить.
4347126	Det kan jag bekräfta.	2013817	Я могу это подтвердить.
1090317	Jag har bröder.	2015012	У меня есть братья.
1465493	Håller isen?	2017130	Лёд выдержит?
8428479	Bär isen?	2017130	Лёд выдержит?
2764442	Har ni sett den här?	2019304	Вы это видели?
1959070	Jag behöver pengar.	2024897	Мне нужны деньги.
2027133	Seoul är huvudstaden i Sydkorea.	2027131	Сеул является столицей Южной Кореи.
2027133	Seoul är huvudstaden i Sydkorea.	2027134	Сеул - столица Южной Кореи.
2180635	Pratar du svenska?	2034970	Вы говорите по-шведски?
880478	Talar du svenska?	2034971	Ты говоришь по-шведски?
2180635	Pratar du svenska?	2034971	Ты говоришь по-шведски?
2042378	Jag tar det som ett tecken på kärlek.	2038680	Я это воспринимаю как признак любви.
1960979	Är du galen?	2040538	У тебя крыша поехала?
2654800	Det här är en liten bok.	2041038	Это маленькая книга.
2120643	Trädet är grönt.	2041577	Дерево зелёное.
4346723	Han läste papperet upp och ned.	2045531	Он читал газету вверх ногами.
4443813	Tom försökte öppna dörren.	2046192	Том пытался открыть дверь.
4443813	Tom försökte öppna dörren.	2046194	Том попытался открыть дверь.
5893030	Respekt!	2047904	Респект!
2049573	Ser du någonting?	2049673	Ты что-нибудь видишь?
822664	Öppna flaskan, tack.	2050996	Пожалуйста, открой бутылку.
822664	Öppna flaskan, tack.	2050997	Пожалуйста, откройте бутылку.
2051069	Jag gillar frukt.	2051076	Я люблю фрукты.
2051070	Jag tycker om frukt.	2051076	Я люблю фрукты.
2068554	Dessa skorna är för dyra.	2068590	Эти туфли слишком дорогие.
2068747	Å, det är en världslig sak!	2068755	Пустяки, дело житейское!
2068747	Å, det är en världslig sak!	2068761	О, это житейское дело!
2068747	Å, det är en världslig sak!	2068764	О, дело житейское!
2785956	Spinoza var panteist.	2069870	Спиноза был пантеистом.
2022404	Tom är för ung.	2073231	Том слишком молод.
2077309	Vi är från Ryssland.	2076732	Мы из России.
5810614	Vi vet vem du är.	2094469	Мы знаем, кто ты.
2736752	Tom älskar Mary.	2094580	Том любит Мэри.
2098225	Fågeln vippar på stjärten.	2098230	Птичка трясёт хвостом.
2107851	En förkylning gjorde honom sängliggande.	2107855	Из-за простуды он оставался в кровати.
2107851	En förkylning gjorde honom sängliggande.	2107862	Из-за простуды он оставался в постели.
2114776	Tom äter.	2109696	Том ест.
2116826	Det var en gång en olycklig, glömsk kille vid namn James, som ständigt förväxlade Mary med Maria. Därför hatade Maria honom i själ och hjärta.	2116792	Жил-был несчастный забывчивый парень по имени Джеймс, который всё время путал Мэри с Марией. Мария за это ненавидела его всеми фибрами души.
2722390	Fastighetsmäklaren ljög för paret.	2117983	Агент по недвижимости говорил паре неправду.
4167358	Var snäll och gå ut!	2124527	Выйдите, прошу Вас!
1259355	Tjuven bröt upp fönstret.	2131287	Вор разбил окно.
1968023	Landet har gemensamma gränser med två andra länder.	2131431	Страна имеет границу с двумя другими странами.
760506	Skulle du kunna skriva ner länken till den sajten?	2131455	Не мог бы ты записать ссылку на этот сайт?
4346714	Jag behöver papper.	2134436	Мне нужна бумага.
2088348	Varför ljuger ni?	2135088	Почему вы врёте?
2133098	Du bör låta din son bli självständig.	2139345	Вы должны позволить своему сыну стать самостоятельным.
2133098	Du bör låta din son bli självständig.	2139346	Ты должна позволить своему сыну стать самостоятельным.
2133098	Du bör låta din son bli självständig.	2139347	Ты должен позволить своему сыну стать самостоятельным.
893312	Han är min bror.	2140006	Он мой брат.
3848868	Jag heter Tom.	2140600	Меня зовут Том.
2146140	Ursäkta, var ligger posten?	2146149	Простите, где находится почта?
4842968	Jag är bara en kund.	2147127	Я всего лишь клиент.
2148517	Jag har inte ätit soppan och jag kommer inte att göra det.	2148503	Суп я не ел и есть не буду.
1962434	Hans pappa var polis.	2157627	Его отец был полицейским.
2162544	Han sa ja.	2162553	Он сказал "да".
2164329	Man får inte bryta sitt löfte.	2164334	Нельзя нарушать своё обещание.
2166321	Dörrklockan ringde.	2166333	Зазвонил дверной звонок.
1759412	Var ligger den ryska ambassaden?	2169083	Где находится российское посольство?
2174976	De är lärare.	2175007	Они учителя.
2177021	Vad intressant!	2175079	Как интересно!
401458	Jag stod och väntade på en buss.	2178880	Я стоял в ожидании автобуса.
2181802	Polisen har arresterat tre personer för lördagens inbrott.	2181810	Полиция арестовала трех человек за кражу со взломом в субботу.
2184685	Jag bad Gud om en cykel, men jag insåg att det var inte hans metod. Så jag stal en cykel och bad Gud om förlåtelse.	2183203	Я попросил у Бога велосипед, но понял, что это не его метод. Поэтому я украл велосипед и попросил у Бога прощения.
1125938	Har du redan bokat våra platser på flygplanet?	2186734	Ты уже забронировал наши места в самолете?
2119080	Han brast i gråt.	2187334	Он разразился слезами.
2187610	Vår tid är begränsad.	2187604	Наше время ограничено.
2194907	Jag tycker också om engelska.	2194912	Я тоже люблю английский язык.
2194909	Det fanns få barn i rummet.	2194915	В комнате находились несколько детей.
1959912	Oroa dig inte.	2194923	Не волнуйтесь.
1960509	Nästan alla löv har fallit av.	2194938	Почти все листья опали.
848534	Vilket djur gillar du mest?	2195113	Какое животное нравится тебе больше всего?
1362689	Vilken sport tycker du mest om?	2195115	Какой вид спорта нравится тебе больше всего?
372632	Jag är väldigt upptagen hemma.	2195377	Я очень занят дома.
1963735	Tror du att vi borde överge skeppet?	2195391	Ты думаешь, что мы должны покинуть корабль?
2205040	Var är kvinnan?	2205063	Где женщина?
964403	De ser honom som en hjälte.	2205197	Они считают его героем.
2205231	Det var fullmåne igår.	2205217	Вчера было полнолуние.
3739256	Det var fullmåne i går.	2205217	Вчера было полнолуние.
2205939	Han hittade en gammal diskett.	2205948	Он нашел старую дискету.
1960161	Han väntade på sin tur.	2211985	Он ждал своей очереди.
4320166	Jag kan stå ut med det.	2217722	Я вынесу это.
2913049	Det är ovanligt.	2225670	Это необыкновенно.
1959795	”Tack så mycket”, sa han med ett leende.	2229538	"Большое спасибо", - сказал он с улыбкой.
4839777	Jag gillar att vara ensam.	2229578	Мне нравится быть одному.
2774327	Det var ett oförlåtligt misstag.	2229854	Это была непростительная ошибка.
5408023	Låt oss gå och sova.	2233091	Пошли спать.
2001573	Kan Tom hjälpa oss?	2233237	Том может нам помочь?
2001573	Kan Tom hjälpa oss?	2233238	Может ли Том нам помочь?
4334658	Hon är yogainstruktör.	2237563	Она инструктор по йоге.
4334662	Hon är yogalärare.	2237563	Она инструктор по йоге.
880605	Jag talar svenska.	2242252	Я говорю по-шведски.
2180636	Jag pratar svenska.	2242252	Я говорю по-шведски.
1974576	Ge mig en sked.	2260917	Дай мне ложку.
1974578	Ge mig skeden.	2260917	Дай мне ложку.
1294163	Tiden läker alla sår.	2269392	Время всё лечит.
1989921	Vem åt den sista kakan?	2269432	Кто съел последнюю печеньку?
2022935	Det kan vi inte göra.	2274114	Мы не можем этого сделать.
2126346	Han är extremt pratsam.	2277826	Он очень разговорчив.
1965698	Vad hände med resten av maten?	2277836	Что случилось с остатками еды?
2030788	Vi kysstes bara.	2277842	Мы только поцеловались.
2147940	Hon är gammal och erfaren.	2277851	Она старая и опытная.
1959937	Han drunknade nästan i floden.	2277858	Он чуть не утонул в реке.
1959938	Hon drunknade nästan i floden.	2277874	Она чуть не утонула в реке.
2132771	Tom är på väg hit.	2279455	Том уже на полпути сюда.
7895319	Han hade femtio dollar.	2283572	У него было пятьдесят долларов.
1959961	Han arbetar på ett laboratorium.	2284056	Он работает в лаборатории.
1968671	Grekiska är inget enkelt språk.	2286982	Греческий - язык непростой.
1968672	Grekiska är inget lätt språk.	2286982	Греческий - язык непростой.
2116350	Strävan efter sanning är beundransvärd.	2287135	Стремление к истине достойно восхищения.
2116846	Att sträva efter sanning är beundransvärt.	2287135	Стремление к истине достойно восхищения.
2181545	Det är en gammal arbetsskada.	2288325	Это старая производственная травма.
2216858	För motivation krävs ofta intresse.	2288367	Для мотивации часто необходим интерес.
2147918	Det är lugnt.	2288371	Ничего страшного.
2147918	Det är lugnt.	2288372	Всё нормально.
1137648	Jag vill be dig om en tjänst.	2288473	Я хочу попросить тебя об одной услуге.
2242670	Han sitter i isoleringscell.	2289328	Он сидит в одиночной камере.
2151320	Vi måste köpa en ny router.	2289340	Мы должны купить новый маршрутизатор.
2151320	Vi måste köpa en ny router.	2289341	Мы должны купить новый роутер.
2113555	Tom är sjuk.	2297039	Том болен.
1972002	Vill du ha någonting att äta?	2298536	Хочешь чего-нибудь поесть?
2177735	Vilken tid avgår bussen till flygplatsen?	2298641	Когда идёт экспресс до аэропорта?
3812696	Tack.	2302610	Благодарю.
2309312	Vi blev goda vänner.	2309264	Мы стали хорошими друзьями.
8915343	Varför kommer du alltid för sent?	2309999	Почему ты всегда опаздываешь?
10714506	När öppnar butikerna?	2318176	Когда открываются магазины?
10714508	När öppnar affärerna?	2318176	Когда открываются магазины?
2321200	Och vad gör vi nu?	2321202	И что мы делаем сейчас?
2325596	Hunden kom tillbaka helt avmagrad efter två veckor på rymmen.	2326129	Собака вернулась полностью истощенной после двух недель побега.
3817848	Hon hade inga pengar.	2330219	У неё не было денег.
1959149	Han är ett huvud längre än mig.	2330654	Он на голову выше меня.
2078911	Tom fick mig att göra det.	2334235	Том заставил меня сделать это.
2339027	Stäng dörren.	2339003	Закройте дверь.
2339027	Stäng dörren.	2339004	Закрывай дверь.
2339027	Stäng dörren.	2339005	Закрывайте дверь.
2339027	Stäng dörren.	2339025	Закроешь дверь.
921415	Han lämnade boken på bordet.	2339513	Он оставил книгу на столе.
9888999	Vi behöver verktyg.	2342560	Нам нужны инструменты.
891485	Du är röd i ansiktet.	2344754	У тебя лицо красное.
2088434	Vi är redo för detta.	2344821	Мы готовы к этому.
2183325	Har du några vapen?	2357393	Носите ли вы оружие?
822606	Den här är ny.	2367078	Это новое.
1962494	De här hörlurarna fungerar inte.	2378674	Эти наушники не работают.
5066350	Det klappar på dörren.	2381611	В дверь стучат.
8964040	Får man fotografera här?	2383808	Здесь можно фотографировать?
5887107	Jag springer två gånger per vecka.	2397803	Я бегаю два раза в неделю.
10686925	Vet ni var jag bor?	2400302	Вы знаете, где я живу?
1962885	Kom hit.	2410869	Иди сюда.
2389807	Tom lär sig engelska.	2412724	Том изучает английский.
2415691	Jag är råkostare.	2415690	Я сыроед.
2418385	Det kan jag se med blotta ögat.	2418383	Это я могу видеть невооружённым глазом.
1990563	Följ efter den där bilen.	2418395	Следуй за той машиной.
1996347	Följ den bilen.	2418395	Следуй за той машиной.
5883608	Jag är lite hungrig.	2419443	Я слегка голоден.
5883610	Jag är småhungrig.	2419443	Я слегка голоден.
2271579	Dagens match är avgörande.	2419747	Сегодняшняя игра — решающая.
10038242	Hon ville inte att han skulle gå.	2432588	Она не хотела, чтобы он уходил.
10008437	Jag vill inte arbeta under dessa villkor.	2439057	Я не хочу работать в таких условиях.
2774447	Hon ljög.	2441983	Она солгала.
2151552	Köpenhamn är Danmarks huvudstad.	2447589	Копенгаген - столица Дании.
9690760	Är ni färdiga nu?	2450009	Вы уже закончили?
892640	Min bror bor i en liten by.	2450918	Мой брат живёт в маленькой деревне.
1999292	Bromsa.	2463521	Притормози!
3924913	Han läser tidningen.	2464733	Он читает газету.
487277	Är du upptagen?	2480225	Ты занята?
2767934	Krig är helvetet.	2480405	Война - это ад.
2791651	Hon slöt sina ögon.	2481843	Она закрыла глаза.
8902929	Detsamma.	2484866	Взаимно.
1959930	Jag kan inte leva ett sådant liv.	2489605	Я не могу жить такой жизнью.
409719	En gammal man vilade sig i skuggan av trädet.	2490576	Старик отдыхал в тени дерева.
2285999	Tom väntar.	2493862	Том ждёт.
9987500	Tom sjunger ibland på franska.	2495147	Том иногда поёт на французском.
409875	Du kan lita på honom.	2495762	Ты можешь положиться на него.
2762087	Tom bröt mot reglerna.	2498070	Том нарушил правила.
1949510	Fortsätt arbeta.	2501452	Продолжайте работать.
2086325	Jag är.	2510165	Я есть.
1603226	Vems vän är du?	2516950	Чей ты друг?
8773652	Det var kul.	2517962	Это было весело.
2775466	Varför kan Tom inte komma?	2518159	Почему Том не может прийти?
6672805	Jag hatar vintern.	2519419	Ненавижу зиму.
6672805	Jag hatar vintern.	2519420	Я ненавижу зиму.
12390258	Mitt samvete är rent.	2521049	Моя совесть чиста.
2049008	Vi har inga hemligheter.	2525644	У нас нет секретов.
12288063	Tom är min tandläkare.	2525906	Том мой дантист.
12288081	Mitt namn är Ludvig.	2527739	Меня зовут Людвиг.
2529957	Varning! Vått golv.	2529947	Внимание! Скользкий пол.
2529954	Jag stjäl inte.	2529950	Я не ворую.
2529957	Varning! Vått golv.	2529982	Осторожно! Мокрый пол.
4347050	Det är jag som bestämmer.	2530555	Я здесь главный.
2535392	Är detta en hingst eller ett sto?	2535309	Это жеребец или кобыла?
4167888	Pappa köpte boken åt mig.	2536136	Отец купил мне книгу.
2155175	Saken stör mig fortfarande.	2550118	Меня это всё ещё беспокоит.
2174770	Min mage kurrar.	2552153	У меня урчит в животе.
2049021	Vad ville de?	2554449	Чего они хотели?
12221725	Mitt namn är inte Tom.	2556632	Моё имя не Том.
409884	Han är poet.	2559005	Он поэт.
1959922	Han var tålmodigheten själv.	2562481	Он был само терпение.
2053571	Jag är socialarbetare.	2563710	Я социальный работник.
2053571	Jag är socialarbetare.	2563713	Я соцработник.
11936447	Är du döv?	2564635	Ты глухой?
2570916	Min hund åt min läxa.	2570902	Моя собака съела моё домашнее задание.
2570916	Min hund åt min läxa.	2570904	Моя собака съела мою домашку.
6150220	Märkligt.	2571313	Странно.
12672379	Jag är optimist.	2573877	Я оптимист.
1969053	Han har tio barn.	2575483	У него десять детей.
4163840	Han såg henne djupt i ögonen.	2579681	Он посмотрел ей прямо в глаза.
2389805	Jag sade aldrig att det inte var en bra idé.	2580602	Я никогда не говорил, что это плохая идея.
5944706	Försök att fundera på det.	2596779	Попробуй подумать об этом.
4167943	Han har på sig strumpor och skor.	2600217	Он носит носки и ботинки.
2286092	Tom är plastikkirurg.	2603193	Том пластический хирург.
2612574	Vad studerar en sovjetolog?	2604279	Что изучает советолог?
5330325	Jag saknar Boston.	2606704	Я скучаю по Бостону.
7830918	Jag var på jobbet.	2606766	Я был на работе.
7830918	Jag var på jobbet.	2606767	Я была на работе.
3532711	Tom hoppas att se dig i oktober.	2615099	Том надеется увидеть тебя в октябре.
1973137	Lagom är bäst.	2619064	Всё хорошо в меру.
6592334	Det är inte precis det jag ville ha.	2620048	Это не совсем то, что я хотела.
11561874	Chefen! Allt är borta! Gipset tas bort! Kunden går därifrån.	2625710	Шеф, всё пропало! Гипс снимают, клиент уезжает.
1975009	Tom har på sig hatt varje dag.	2626149	Том носит шляпу каждый день.
5884541	Behöver du sällskap?	2636793	Тебе нужна компания?
5884541	Behöver du sällskap?	2636794	Вам нужна компания?
3742674	Han åt upp äpplet.	2638591	Он съел яблоко.
2373648	Stockholm är Sveriges huvudstad.	2639068	Стокгольм - это столица Швеции.
3640817	Bratislava är Slovakiens huvudstad.	2639468	Братислава - столица Словакии.
3842357	Vilnius är Litauens huvudstad.	2639476	Вильнюс - столица Литвы.
12244229	Vad heter Jemens huvudstad?	2649261	Как называется столица Йемена?
7045985	Jag håller på att hungra ihjäl.	2653784	Я умираю от голода.
2653955	Jag kan inte förstå.	2654951	Я не могу понять.
2654312	Jag äter en bok.	2656230	Я ем книгу.
2659505	Vilken skola är bäst?	2659512	Какая школа самая лучшая?
2659505	Vilken skola är bäst?	2659513	Какая школа лучшая?
2328314	Det här är just den ordbok jag har letat efter.	2661194	Это как раз тот словарь, который я искал.
4256732	Det var helt mitt fel.	2667746	Эта была полностью моя вина.
1992744	Jag har inget emot det.	2668563	Я не против.
2673961	Vi behöver köpa vinäger.	2673947	Нам нужно купить уксус.
2680696	Jag vill inte dö!	2680690	Я не хочу умирать!
2680696	Jag vill inte dö!	2680691	Я не хочу умереть!
11188787	Han lekte med sin katt.	2680979	Он играл со своим котом.
3954843	Lek inte med elden.	2706708	Не играй с огнём!
4452855	Vi ses på måndag.	2718344	Увидимся в понедельник.
999068	Jag kommer från Norge.	2718959	Я из Норвегии.
4025769	Jag är från Norge.	2718959	Я из Норвегии.
2740974	När jag jobbar, dricker jag en massa kaffe.	2720406	Когда я работаю, я пью много кофе.
1960067	Regnet stod som spön i backen.	2723489	Дождь полил как из ведра.
4331777	Tom var ogift.	2728878	Том был холостяком.
9865448	Jag köper bara mjukt toalettpapper.	2729652	Я покупаю только мягкую туалетную бумагу.
2730820	Påven Francis återvänder till Rio år 2016.	2730808	Папа римский Франциск вернется в Рио в 2016.
1996355	Han har tio kossor.	2730815	У него десять коров.
1996357	Han har tio kor.	2730815	У него десять коров.
8731311	Behöver ni lift?	2731010	Вас подвезти?
2113560	Tom är stark.	2736751	Том сильный.
1401929	Vem äter bin?	2738171	Кто ест пчёл?
3840400	Endast två saker är oändliga: universum och människans enfaldighet, och jag är inte säker gällande den första.	2739692	Только две вещи бесконечны - вселенная и человеческая глупость, и насчёт первой я не уверен.
2740972	Jag är inte din fru längre. Din fru är Tatoeba!	2740968	Я тебе больше не жена. Твоя жена Татоэба!
1406722	Hur länge kommer det här kalla vädret att hålla på?	2746681	Как долго продержится эта холодная погода?
899361	Är den här platsen upptagen?	2749085	Это место занято?
3452063	Jag har ett rött hus.	2749479	У меня красный дом.
2031067	Tom ville hämnas.	2749621	Том жаждал мести.
5783489	Får jag se.	2750563	Можно мне посмотреть?
6392244	Han tjänar ett leverne.	2751496	Он зарабатывает на жизнь.
1259358	En man hotade hivsmitta två sjuksköterskor.	2751994	Один человек угрожал заразить СПИДом двух медсестёр.
12399110	Vatten kokar vid hundra grader.	2752847	Вода закипает при ста градусах.
2021579	Jag älskar den här staden.	2753128	Я люблю этот город.
2021580	Jag älskar denna stad.	2753128	Я люблю этот город.
409896	Jag älskar dig.	2753269	Я люблю тебя.
5370228	Jag älskar dej.	2753269	Я люблю тебя.
4158326	Hur många språk talar du?	2753339	На скольких языках ты говоришь?
2755272	Han är sefardisk jude.	2754387	Он сефардский еврей.
9848413	Livet är så orättvist.	2755549	Жизнь так несправедлива.
2373571	Hinduismen är en polyteistisk religion.	2757198	Индуизм — политеистическая религия.
5123208	Vilken är din favoritfärg?	2757376	Какой твой любимый цвет?
5123210	Vad är din favoritfärg?	2757376	Какой твой любимый цвет?
4371116	Jag har inte ätit någonting på sex dagar.	2757533	Я не ел шесть дней.
2791544	Vill du ha mer kakor?	2760626	Хочешь ещё печенья?
9198355	Gapa.	2761380	Открой рот.
2763997	Om du vill köpa ett koppel, gå till en zooaffär.	2763782	Если вы хотите купить поводок, идите в зоомагазин.
2763997	Om du vill köpa ett koppel, gå till en zooaffär.	2763783	Если ты хочешь купить поводок, иди в зоомагазин.
2764065	Jag vill vara ett barn.	2764059	Я хочу быть ребёнком.
6926443	Jag är också lärare.	2764513	Я тоже учитель.
2764748	Vampyren suger mitt blod.	2764745	Вампир сосёт мою кровь.
8785030	Håll munnen!	2764762	Замолчи!
8945580	Håll mun!	2764762	Замолчи!
2774331	Kardborre är en tvåårig medicinalväxt.	2770725	Лопух - это двулетнее лекарственное растение.
9840607	Tycker hon om mig?	2771383	Я ей нравлюсь?
2079146	Njuter du av att förlora?	2771646	Тебе нравится проигрывать?
2046234	Håll er ur min väg.	2771827	Держитесь от меня подальше.
1960268	Allt är i sin ordning här.	2772273	Здесь всё в порядке.
8754847	Jag är en hjälte.	2772281	Я герой.
1991638	Får jag gå hem?	2772696	Можно мне пойти домой?
8673949	Kör!	2773303	Вперёд!
2775484	Vad är grafen?	2775482	Что такое графен?
2775485	Grafen är ett ämne som består av rent kol.	2775488	Графен является веществом, состоящим из чистого углерода.
2775508	Grafen är 200 gånger starkare än stål.	2775506	Графен в 200 раз прочнее стали.
2777989	President Grant hade inte gjort något olagligt.	2777986	Президент Грант не сделал ничего противозаконного.
8414792	Det stämmer.	2778787	Это точно.
2781151	Min far lyssnar på klassisk musik.	2781146	Мой отец слушает классическую музыку.
2781161	Jag har en vit katt.	2781154	У меня белая кошка.
2027347	Tom är min make.	2782659	Том - мой муж.
2027348	Tom är min man.	2782659	Том - мой муж.
2782801	Heather tror mig.	2782790	Хизер верит мне.
2782939	Den här pingvinungen är så söt!	2782949	Этот пингвинёнок такой классный.
1962436	Hennes pappa var polis.	2783205	Её отец был полицейским.
2783739	Jag ska inte förråda Tom.	2783738	Я не предам Тома.
12748712	Ingen av de fyra pojkarna hade alibi.	2783806	Ни у одного из четверых мальчиков не было алиби.
8413827	Gärna för mig!	2784949	С удовольствием!
2792767	Vem sitter vanligtvis på åsnebänken?	2790717	Кто обычно сидит на камчатке?
2791684	Detta är ett historiskt ögonblick.	2791671	Это исторический момент.
2791717	Vad betyder SSSR?	2791690	Что означает "СССР"?
409689	John och Mary har känt varandra sedan 1976.	2791957	Джон и Мэри знают друг друга с 1976 года.
3436284	Denna byggnad är gjord av sten.	2798078	Это здание построено из камня.
2798287	Det är förnedrande för henne.	2798282	Это унижает её достоинство.
2798287	Det är förnedrande för henne.	2798283	Это унизительно для неё.
2212779	De vet inte hur en asterisk används.	2798938	Они не знают, как использовать астериск.
2328195	Tom är trogen Mary.	2801038	Том верен Мэри.
4171576	Tack, älskling.	2803646	Спасибо, моя дорогая.
2272169	I morgon är det hans födelsedag.	2804338	Завтра у него день рождения.
2804783	Afrika är mänsklighetens vagga.	2804781	Африка является колыбелью человечества.
2804783	Afrika är mänsklighetens vagga.	2804782	Африка - колыбель человечества.
2807073	Vi har inget behov av assistans.	2807078	Нам не нужна помощь.
880552	Kan jag få ett glas mjölk?	2810259	Можно мне стакан молока?
1828285	Din cykel är mycket nyare än min.	2810261	Твой велик гораздо новее моего.
2196296	Var parkerade du bilen?	2810352	Где ты припарковал машину?
1307188	Jag vet att du bor här.	2810354	Я знаю, что ты живёшь здесь.
2811373	Hur många delfiner finns det på detta oceanarium?	2810446	Сколько дельфинов в этом океанариуме?
822643	Detta är fakta.	2819359	Это факт.
9167811	Jag kan inte stå ut med det här.	2820053	Я не могу этого вынести.
2827291	Robin är Batmans vän.	2824749	Робин - друг Бэтмана.
2825013	Hon hatade vanilj.	2825010	Она ненавидела ваниль.
2829502	Jag översätter inte romaner längre.	2829499	Я больше не перевожу романы.
2814692	Hon måste vara död.	2829515	Она, должно быть, мертва.
2829899	Jag visade dem hur man gör det.	2829891	Я показал им, как это сделать.
2829899	Jag visade dem hur man gör det.	2829892	Я показала им, как это сделать.
4171574	Klubben har trettio medlemmar.	2830020	В клубе тридцать членов.
4337651	Du tappade din blyertspenna.	2836253	Ты уронил карандаш.
2849812	Är vi inte vänner?	2849811	Разве мы не друзья?
3923470	Han sitter på en stol.	2879797	Он сидит на стуле.
5906974	Han sitter på stolen.	2879797	Он сидит на стуле.
1959108	Jag åkte till London.	2883300	Я ездил в Лондон.
3927416	Tom vägrar att arbeta.	2887877	Том отказывается работать.
2180570	De antog förslaget.	2896313	Они приняли предложение.
4947187	Vi vill ha fullständiga meningar.	2900249	Мы хотим законченные предложения.
8955687	Läkaren rådde honom att sluta röka.	2900847	Врач посоветовал ему бросить курить.
3744396	Får jag tala med Tom?	2903462	Могу я поговорить с Томом?
1960052	Hon har köpt en ny dator.	2910081	Она купила новый компьютер.
822612	Jag vill inte bo ensam.	2918269	Я не хочу жить один.
4357504	Jag behöver dina åsikter.	2934499	Мне нужны ваши мнения!
3101275	Hon stiger upp klockan sju.	2965375	Она встает в семь.
4167899	Jag googlar nästan varje dag.	2968544	Я пользуюсь Гуглом почти каждый день.
4167902	Jag använder Google nästan varje dag.	2968544	Я пользуюсь Гуглом почти каждый день.
4167922	Nej... Jag menar ja.	2969497	Нет... То есть да.
2978385	Min syster leker med dockan.	2978381	Моя сестра играет с куклой.
822657	Jag har ett par skor.	2982035	У меня есть пара туфель.
3947195	Tom tvättar bilen.	2983971	Том моет машину.
3301062	Jag känner inte någon här.	2984609	Я никого здесь не знаю.
2987666	Hon kan spela gitarr.	2987669	Она умеет играть на гитаре.
1583657	Jag har ingen bil.	2994084	У меня нет машины.
2148979	Piano och gitarr är vanliga ackompanjemangsinstrument.	2999676	Пианино и гитара обычно являются аккомпанирующими инструментами.
4193930	Säg bara vad jag ska göra!	3002576	Просто скажите мне, что делать!
3006885	Jag vet ingenting om hästar.	3006796	Я не знаю ничего о лошадях.
11808515	Var du en av dem?	3015919	Ты был одним из них?
11808515	Var du en av dem?	3015920	Ты была одной из них?
4354235	Jag behöver en sekreterare.	3022572	Мне нужна секретарша.
12235083	Jag är fransyska.	3027425	Я француженка.
3085279	Jag skulle vilja skicka ett paket till Japan.	3030194	Я хочу отправить посылку в Японию.
5638582	Han har vaknat Tom.	3031035	Он разбудил Тома.
3463739	Hon simmade.	3043299	Она плавала.
3484678	Det är en anakronism.	3045000	Это является анахронизмом.
3046891	Listan är oändlig.	3046885	Список можно продолжать бесконечно.
3484678	Det är en anakronism.	3053634	Это анахронизм.
9838422	Norska liknar svenska och danska.	3059700	Норвежский похож на шведский и датский.
1999307	Jag gjorde det inte.	3067792	Я этого не делал.
3070109	En jordbävning förstörde byggnaden.	3070103	Землетрясение разрушило здание.
3070967	Ukraina påbjöds allmän mobilisering.	3070964	Украина объявляет всеобщую мобилизацию.
4347412	Jag hade ingen aning.	3073938	Я понятия не имел.
9712139	Prova den skjortan.	3077030	Примерь эту рубашку.
4348065	Jag har biljetterna.	3081887	Билеты у меня.
4960465	Glad internationell kvinnodag.	3083464	С Международным женским днём!
3086531	Folket gjorde uppror mot tyrannin.	3086529	Народ восстал против тирании.
2183320	Han har spelat schack sedan han gick på high school.	3087260	Он играет в шахматы с тех пор, как он был в школе.
822653	Slips passar dig.	3090641	Галстук тебе идёт.
822654	Du passar i slips.	3090641	Галстук тебе идёт.
7109867	Jag har ont om tid.	3091458	У меня мало времени.
3095723	Konst har inga gränser.	3095718	Искусство не имеет границ.
3096671	Bill Gates är världens rikaste man.	3096681	Билл Гейтс является самым богатым человеком в мире.
3096671	Bill Gates är världens rikaste man.	3096684	Билл Гейтс - самый богатый человек в мире.
2148900	Hon har precis genomgått en abort.	3097397	Она только что сделала аборт.
3097479	Italien är omgivet av Medelhavet.	3097551	Италию окружает Средиземное море.
1506769	Jag har inte hört någonting.	3098050	Я ничего не услышал.
2193675	Hittade du det du sökte efter?	3099205	Ты нашёл то, что искал?
3721173	Hittade du vad du sökte?	3099205	Ты нашёл то, что искал?
2193675	Hittade du det du sökte efter?	3099206	Ты нашёл, что искал?
4030555	Jag har familj.	3111899	У меня семья.
4030556	Jag har en familj.	3111899	У меня семья.
2114851	Tom har kommit tillbaka.	3125095	Том вернулся.
401325	Vi är rädda.	3127670	Мы боимся.
3463740	Jag lämnade nyckeln i rummet.	3144041	Я оставил ключ в комнате.
849443	God morgon.	3144193	С добрым утром!
3555000	God morgon!	3144193	С добрым утром!
9198355	Gapa.	3160181	Открой.
2321297	Herr Wang kom till Japan för att studera japanska.	3162675	Господин Ванг прибыл в Японию, чтобы учить японский язык.
2349502	Ni är så ondskefulla!	3162689	Вы такие злые!
2209362	Var ligger flygplatsen?	3162691	Где находится аэропорт?
2171277	Han arbetar som ambulanssjukvårdare.	3162709	Он работает врачом скорой помощи.
2209796	Hon är för gammal för er.	3162723	Она слишком стара для тебя.
647281	Du kan använda ett lexikon till den här tentamen.	3163583	Ты можешь пользоваться словарем на этом экзамене.
2046231	Kasta den bara.	3163586	Просто выбрось это.
2114689	Han kommer att komma.	3163588	Он придет.
1969768	Jag har en vän som heter Tom.	3163590	У меня есть друг по имени Том.
2122276	Ge mig en torr handduk!	3163593	Дай мне сухое полотенце!
5330323	En av dem ljuger.	3167660	Один из них лжёт.
9696842	Han gick bort.	3175811	Он скончался.
353821	Jag kan inte stå ut med detta ljudet längre.	3188652	Я больше не могу терпеть этот шум.
3817460	Det händer ingenting.	3195520	Ничего не происходит.
3817462	Ingenting händer.	3195520	Ничего не происходит.
409683	Vad består aspirin av?	3198472	Из чего состоит аспирин?
2118927	Tom är adopterad.	3223807	Том усыновлён.
10226943	Jag har små händer.	3229952	У меня маленькие руки.
5216445	Tack för att du kom.	3236980	Спасибо, что пришла.
1965290	Är vi framme snart?	3241301	Мы скоро придём?
1965290	Är vi framme snart?	3241302	Мы скоро приедем?
2029385	Hur många självmord tror du att det sker varje år i Japan?	3241314	Сколько, ты думаешь, происходит самоубийств ежегодно в Японии?
1960040	Vi var på bio i går.	3241317	Мы были в кинотеатре вчера.
1960040	Vi var på bio i går.	3241318	Мы ходили в кинотеатр вчера.
1970054	De använder teleskop för att betrakta himlen.	3241321	Они используют телескоп для наблюдения за небом.
1488316	Han hjälper inte till hemma.	3241322	Он не помогает по дому.
1138582	Från tid till annan studerar jag esperanto.	3241325	Иногда я изучаю эсперанто.
2117070	Tom är en värnpliktsvägrare.	3241327	Том уклоняется от армии.
2181778	Har du sökt i arkivet?	3241328	Ты искал в архиве?
2181778	Har du sökt i arkivet?	3241331	Ты смотрел в архиве?
3124098	Är lektionen redan slut?	3241334	Лекция уже закончилась?
2373611	Lokalen har nu legat i träda ett tag.	3241337	Помещением уже некоторое время не пользовались.
2177837	Eftersom jag hade träffat honom en gång förut, kände jag igen honom direkt.	3241345	Я узнал его сразу же, так как я уже встречал его однажды до этого.
2943661	Där blev han anfallen av rebellerna.	3241348	Там на него напали повстанцы.
1474142	Boten skall betalas i kontanter.	3241356	Штраф нужно заплатить наличными.
2009983	Jag önskar dig allt väl.	3241420	Желаю тебе всего хорошего.
2266731	Kommer du att vänta på oss vid stationen?	3241423	Ты будешь нас ждать у станции?
1603328	Får jag gå nu?	3241429	Можно сейчас уйти?
2633404	Åt du något?	3241440	Ты ел что-нибудь?
2266580	Han tycker om att spela tennis.	3241444	Ему нравится играть в теннис.
2085868	Jag ser fram emot det.	3241472	Жду с нетерпением этого.
1969994	Skulle du kunna kolla vad som går på bio nästa lördag?	3241473	Не мог бы ты посмотреть, что идет в кинотеатре в следующую субботу?
890968	Jag cyklade enhjuling idag.	3241477	Я сегодня катался на одноколесном велосипеде.
2132769	Tom är bara rädd.	3241478	Том просто боится.
1968675	Han är ung, men han måste försörja en stor familj.	3241480	Он молод, но вынужден содержать большую семью.
1988823	Alla dörrar i huset var stängda.	3241481	Все двери в доме были закрыты.
1125940	Jag tror på hennes berättelse.	3241491	Я верю ее рассказу.
2193991	Han respekterar inte mig.	3241493	Он меня не уважает.
2460425	Vi använder endast tio procent av hjärnan.	3241496	Мы используем мозг только на десять процентов.
2085851	Jag har min egen teori.	3241499	У меня есть своя теория.
3208801	Kan jag få mer kaffe?	3241548	Можно еще кофе?
2205959	Jag är en sjusovare.	3241561	Я сова.
2205959	Jag är en sjusovare.	3241562	Я встаю поздно.
2165905	Är ni fortfarande arga på mig?	3242207	Вы все еще злитесь на меня?
1433476	Jag är inte rädd.	3242210	Мне не страшно.
2193494	Hur gick det med allt?	3242212	Как все прошло?
2212783	Hon har astma.	3242217	У нее астма.
2088399	Tom gick just in.	3242218	Том только что вошел.
3130183	Vad ska du göra i dag efter skolan?	3242223	Что ты будешь делать сегодня после школы?
891431	Jag skriver en uppsats om franska revolutionen.	3242226	Я пишу доклад о французской революции.
1962150	Du berättar inte sanningen.	3242232	Ты не говоришь всю правду.
2422740	Min mor älskar musik.	3242245	Моя мама обожает музыку.
891103	De är korta och smala.	3242246	Они короткие и узкие.
1506769	Jag har inte hört någonting.	3251495	Я ничего не слышала.
12288174	Var är min fru?	3253794	Где моя жена?
3261580	Mitt huvud värkte.	3255920	У меня болела голова.
3892384	Jag hade huvudvärk.	3255920	У меня болела голова.
1996599	Var still.	3257580	Будь спокоен.
4408977	Det funkar.	3257601	Это работает.
2903340	Du är en idiot!	3257770	Ты идиот!
372402	Hon är en tillförlitlig person.	3261020	Она надёжный человек.
2051937	Jag skulle vilja se Tom.	3266371	Я хотел бы увидеть Тома.
8415318	Vart är ni på väg?	3270565	Куда вы направляетесь?
409734	Det är ganska kallt.	3274854	Довольно холодно.
3278568	De bor i London.	3278657	Они живут в Лондоне.
11923258	Tom är odödlig.	3281795	Том бессмертен.
3435989	När var det du klippte dig senast?	3282599	Когда ты последний раз стригся?
3290279	Jag måste sova nu.	3290282	Мне нужно поспать теперь.
3290279	Jag måste sova nu.	3290286	Я должен поспать теперь.
3712440	Låt gå.	3291282	Оставь это.
9153566	Gissa!	3291369	Угадай!
4167960	Jag gillar den långsamma rytmen i den där sången.	3292464	Мне нравится медленный ритм этой песни.
2280244	Var snäll och avbryt mig inte.	3292689	Не перебивай меня, пожалуйста.
2043740	Jag kan bara inte sova.	3292777	Я просто не могу спать.
1959138	Han ser ut som en ärlig person.	3295387	Он кажется честным человеком.
2288303	Om du vill prata, prata.	3302091	Если хочешь говорить, говори.
2288304	Om du vill prata så prata.	3302091	Если хочешь говорить, говори.
2288305	Om du vill prata, prata då.	3302091	Если хочешь говорить, говори.
3302557	Jag ser ett vitt lejon.	3302555	Я вижу белого льва.
3305615	Jag behöver solen.	3305612	Мне нужно солнце.
5345255	Den mörka dimman från Medelhavet lade sig över den stad som prokuratorn hatade.	3310395	Тьма, пришедшая со Средиземного моря, накрыла ненавидимый прокуратором город.
3318420	Imorgon ska jag stanna på kontoret.	3318411	Завтра я останусь в офисе.
1400617	Finns det en bank i närheten?	3318931	Здесь поблизости есть банк?
4439893	Det här körsbäret är mörkrött.	3324831	Эта вишня темно-красная.
1960793	Har du någonsin ätit en bananpaj?	3335847	Ты когда-нибудь ел банановый пирог?
9087591	När han kommer börjar vi.	3337631	Когда он придёт, мы начнём.
4256774	Vi kan!	3339480	Мы можем!
1991618	Jag gillar vinter.	3339681	Я люблю зиму.
1959880	Hämta mig dagens tidning.	3353096	Принеси мне сегодняшнюю газету.
1959880	Hämta mig dagens tidning.	3353097	Принесите мне сегодняшнюю газету.
4131056	Han har en djup röst.	3369501	У него низкий голос.
4131060	Han har en mörk röst.	3369501	У него низкий голос.
4445879	Ingen kan fly.	3411248	Никто не сможет убежать.
2318463	Ingen rök utan eld.	3414330	Дыма без огня не бывает.
8761159	Bra!	3418428	Хорошо!
3720650	Vems glas är det här?	3418555	Это чей стакан?
5887751	Optimister lever längre.	3429593	Оптимисты живут дольше.
1959891	Strunt samma.	3454132	Неважно.
3453018	Jag vet inte vem som sjunger denna sång.	3455233	Я не знаю, кто поёт эту песню.
3463738	Hans fru födde tvillingar.	3464231	У его жены родились близнецы.
3463730	Mitt korttidsminne blir kortare och kortare.	3464233	Моя кратковременная память становится всё короче и короче.
3463716	Kan du hjälpa mig att diska?	3464234	Можешь помочь мне с посудой?
3463706	Du älskar dig själv.	3464235	Ты любишь самого себя.
3463704	Du är fantastisk.	3464236	Ты прекрасна.
3463697	Tappa aldrig hoppet!	3464237	Никогда не теряй надежды!
3459360	Maria är ganska söt.	3464238	Мария довольно мила.
3456754	Du ljuger för mig nu.	3464239	Ты меня сейчас обманываешь.
3447333	Har du studerat utomlands?	3464245	Ты учился за границей?
3447330	Är du redo för att lära dig sanningen?	3464246	Ты готов узнать правду?
3436406	Jag undrar varför.	3464247	Интересно почему.
3436403	Dörren öppnades långsamt.	3464248	Дверь открылась медленно.
3436392	Det finns bara tre tjejer i klassen.	3464250	В классе всего три девушки.
3436391	Den här kameran är liten, men mycket bra.	3464251	Эта камера небольшая, но очень хорошая.
3436389	Han stod vid ingången.	3464253	Он стоял у входа.
3436386	”Vårt tåg går klockan nio.” ”Oroa dig inte. Vi hinner.”	3464254	"Наш поезд отходит в 9 часов". - "Не волнуйся. Мы успеем".
3436384	Jag är inte intresserad av politik överhuvudtaget.	3464255	Меня вообще не интересует политика.
3436379	Plötsligt kysste hon mig.	3464256	Внезапно она поцеловала меня.
3436297	Jag har inte bestämt mig än.	3464258	Я пока не определился.
9855450	Jag har inte bestämt mig.	3464258	Я пока не определился.
3436279	Nu kan jag sova i lugn och ro.	3464261	Теперь я могу спать спокойно.
3436270	Slå dig ner!	3464263	Присаживайся!
3436058	Tycker du om att resa?	3464267	Ты любишь путешествовать?
3474653	Finns det många ladugårdar i denna by?	3474525	В этой деревне много коровников?
3925050	Finns det många lagårdar i denna by?	3474525	В этой деревне много коровников?
11188787	Han lekte med sin katt.	3477058	Он играл со своей кошкой.
3817628	Hur många människor finns på bilden?	3477884	Сколько людей на картине?
12405733	Jag är ingen soldat.	3488648	Я не солдат.
1971376	Ditt problem liknar mitt.	3507898	Твоя проблема сходна с моей.
3788060	Jag är i köket.	3509012	Я на кухне.
3874142	Vad är er lösning?	3520163	Что вы решили?
2142908	Du måste hjälpa henne.	3524572	Ты должен ей помочь.
7863967	Jag sover i genomsnitt sex timmar om dagen.	3528842	В среднем я сплю шесть часов в день.
3009052	Det är inte ett misstag.	3532623	Это не ошибка.
3789976	Detta är inget misstag.	3532623	Это не ошибка.
4446715	Vad menar de?	3533359	Что они имеют в виду?
1999895	Tom kan inte komma.	3542822	Том не может прийти.
3410103	Detta är ett gott tecken.	3546150	Это хороший знак.
3410104	Det här är ett gott tecken.	3546150	Это хороший знак.
1960264	Telefonen ringer.	3560606	Телефон звонит.
1959079	Han hade inte ätit på två dagar.	3561537	Он не ел два дня.
3954843	Lek inte med elden.	3576263	Не играйте с огнём.
3837496	Vill ni att jag berättar en historia för er?	3578191	Хотите, я расскажу вам историю?
10008836	Jag måste pissa.	3578779	Мне нужно пописать.
912924	Jag frågade vem han var.	3580879	Я спросил, кто он.
1972088	Hon talar inte japanska hemma.	3581020	Она не говорит по-японски дома.
3553142	Folk är konstiga.	3581022	Люди странные.
2043731	Jag är trött på att vara pensionerad.	3581024	Я устал быть пенсионером.
1465226	Det finns inga matbutiker i närheten.	3581026	Поблизости нет продуктовых магазинов.
2090985	Köpte ni Tom en hund?	3581029	Вы купили Тому собаку?
1959752	Låt oss hoppas på det bästa i alla fall.	3581030	В любом случае давайте надеяться на лучшее.
3982167	Älskar du din mor?	3585241	Ты любишь свою маму?
4344107	Hur effektiv är den?	3585396	Насколько это эффективно?
4370935	Jag måste göra det nu.	3587441	Я должен сделать это сейчас.
2263947	Tom dricker inte öl.	3592097	Том не пьет пиво.
8692809	Det regnar inte.	3595116	Дождя нет.
10920585	Skämt åsido!	3603873	Шутки в сторону!
9153925	Precis.	3608957	Точно.
9153926	Exakt.	3608957	Точно.
2148972	Detta är inte acceptabelt.	3622723	Это недопустимо.
5007743	Var är solen?	3628750	Где солнце?
3817812	Det har snöat.	3632302	Шёл снег.
3829164	Det snöade.	3632302	Шёл снег.
3640796	Hon lärde sig latin i skolan.	3640837	Она учила латынь в школе.
893157	Hon är väldigt rädd för ormar.	3641250	Она ужасно боится змей.
2252803	Jag vill inte leva.	3646743	Я не хочу жить.
3742942	Försök å stoppa me ru!	3647564	Попробуй меня остановить!
1959081	Jag har några engelskspråkiga böcker.	3648290	У меня есть несколько книг на английском языке.
5131654	Ta av dig skorna.	3653372	Сними свою обувь.
3943122	Hade han strukit sina byxor?	3655420	Он отутюжил свои брюки?
1959083	De kunde bara lyssna.	3656192	Они могли только слушать.
10753428	Vi är inte rädda.	3659926	Мы не боимся.
3663255	Det finns öar i havet.	3663263	В море есть острова.
4320098	Vi kan ta itu med det.	3668425	Мы можем с этим справиться.
1960077	Vår skola ligger i den här byn.	3669726	Наша школа находится в этой деревне.
341938	Jag spelade tennis hela dagen.	3675639	Я весь день играл в теннис.
929909	Många vackra blommor blommar på våren.	3675825	Множество прелестных цветов расцветают весной.
1959928	Det är någon vid dörren.	3680024	Там кто-то у двери.
880566	Lite smör och bröd.	3690555	Немного хлеба и масла.
4167352	Det är en fråga som jag inte har något svar på.	3692364	Это вопрос, на который у меня нет ответа.
9821580	Ta ut avfallet.	3694489	Вынеси мусор.
6389421	Vad sa du till dem?	3701594	Что ты им сказал?
1962476	Hon är min bästa vän.	3702498	Она мой лучший друг.
6579382	Du är karismatisk.	3712438	Ты харизматичен.
2180543	Hur gick anställningsintervjun?	3716165	Как прошло собеседование?
9034867	Pojken kastar en sten.	3717785	Мальчик бросает камень.
1603654	Min mor är ute.	3718601	Мама вышла.
3719122	Vi måste vänta.	3719211	Нам придётся подождать.
3720650	Vems glas är det här?	3720653	Чей это стакан?
2114834	Tom är för sig själv.	3739693	Том сам по себе.
8961966	Tom blev ofta retad i skolan.	3743133	В школе Тома часто дразнили.
4163284	Jag vill inte att Tom ska sjunga på vårt bröllop.	3747884	Я не хочу, чтобы Том пел на нашей свадьбе.
1970001	Hon bär alltid svarta kläder.	3755090	Она всегда носит чёрную одежду.
12238055	Jag talar engelska, franska och spanska.	3768676	Я говорю по-английски, по-французски и по-испански.
4443822	Tom gav mig trettio dollar.	3770182	Том дал мне тридцать долларов.
2151253	Detta är ett akutfall.	3771063	Это срочный случай.
3720951	Hon bjöd alla på en pralin.	3775880	Она пригласила всех на пралине.
1998326	Tom hade rätt.	3783011	Том был прав.
12280474	Vi är slovaker.	3788063	Мы словаки.
3665266	Mitt fullständiga namn är Ricardo Vernaut Junior.	3789822	Моё полное имя — Рикардо Вернаут-младший.
9052514	Det är färdigt nu.	3793597	Теперь готово.
3794260	John har en japansk bil.	3794269	У Джона есть японский автомобиль.
3794939	Jag gömmer ingenting.	3794883	Я ничего не скрываю.
3794942	Jag döljer ingenting.	3794883	Я ничего не скрываю.
8722428	Kungen lät avrätta sin älskarinna.	3816000	Король казнил свою любовницу.
1969090	Musik är hennes passion.	3817629	Музыка ее страсть.
3809888	Känner du någon i Boston?	3859239	Ты знаешь кого-нибудь в Бостоне?
3863715	Idag är höstens första dag.	3863706	Сегодня первый день осени.
4468188	Trevligt att höra att ni använder så artigt tilltal till en katt. Katter blir annars alltid duade, fast ingen katt någonsin har druckit duskål med någon.	3873586	Приятно слышать, что вы так вежливо обращаетесь с котом. Котам обычно почему-то говорят "ты", хотя ни один кот никогда ни с кем не пил брудершафта.
6589217	Jag känner er bror.	3879307	Я знаю вашего брата.
10726302	Han visste för mycket.	3879311	Он слишком много знал.
7044723	Annars vet jag ingenting.	3887261	Больше я ничего не знаю.
3888562	Hon var väldigt rädd för honom.	3887450	Она очень боялась его.
4343511	Jag har gjort mig fin i håret.	3895450	Я причесался.
8729262	Min favoritfärg är orange.	3895843	Мой любимый цвет — оранжевый.
9866989	Ibland besannas drömmen.	3896395	Мечты иногда сбываются.
3929420	Jag skulle vilja be om en översättare.	3929405	Я хотел бы попросить переводчика.
3929470	Låt oss fråga varandra.	3929476	Давайте спросим друг друга.
3929470	Låt oss fråga varandra.	3929480	Давайте спросим друг у друга.
3931571	Mitt liv har haft upp- och nedgångar.	3931573	В моей жизни были взлёты и падения.
4167368	Druskininkai är en stad i södra Lettland.	3931774	Друскининкай - город на юге Литвы.
4157266	Jag antog utmaningen.	3932612	Я принял вызов.
3943813	Jag är en överste.	3934241	Я — полковник.
3122111	Vilken film vill du se?	3938791	Какой фильм ты хочешь посмотреть?
3942488	Han förlät sin fiende.	3942467	Он простил своего врага.
490876	Jag började att läsa boken.	3945633	Я начала читать книгу.
5123209	Vilken är er favoritfärg?	3947632	Какой у вас любимый цвет?
10042784	Tom är Marys svåger.	3948822	Том — деверь Мэри.
10042784	Tom är Marys svåger.	3948826	Том — зять Мэри.
1959978	Han hoppade på tåget.	3951851	Он запрыгнул в поезд.
2030799	Hon köpte en bok i affären.	3951937	Она купила в магазине книгу.
2271527	Har du avfettat alla maskindelar?	3952818	Ты обезжирила все детали машины?
4412120	Vad spännande!	3959941	Как захватывающе!
3961540	Konflikter finns på alla arbetsplatser.	3961547	Конфликты имеют место на каждом рабочем месте.
3961540	Konflikter finns på alla arbetsplatser.	3961549	Конфликты случаются на каждом рабочем месте.
3961540	Konflikter finns på alla arbetsplatser.	3961550	Конфликты происходят на каждом рабочем месте.
849443	God morgon.	3961746	Доброе утро.
1959101	Nu är det officiellt.	3965390	Теперь это официально.
3965403	Jag måste bara snygga till håret.	3965427	Мне лишь нужно поправить волосы.
4446506	Vi var alla rädda.	3966515	Мы все были напуганы.
8966107	Ta av dig slipsen.	3972283	Сними галстук.
1433336	Vem är det som spelar gitarr?	3972319	Кто это на гитаре играет?
3974434	Skorna skavde så att hon fick sår på hälarna.	3974453	Обувь натирала так, что у неё появились мозоли на пятках.
1971940	Hennes mage skriker.	3976118	Её желудок урчит.
5345284	Manuskript brinner inte.	4001431	Рукописи не горят.
2653943	Du sover i mitt rum.	4007771	Ты спишь в моей комнате.
6150221	Förbannat.	4033340	Проклятье!
3640796	Hon lärde sig latin i skolan.	4046049	Она изучала латынь в школе.
1959075	Han höll sitt löfte.	4061596	Он сдержал своё обещание.
4063413	Det finns inget dåligt väder, bara dåliga kläder.	4063416	Нет плохой погоды, есть лишь плохая одежда.
8945233	Ni måste vara försiktigare.	4075817	Вы должны быть осторожнее.
3853719	Hon log åt sig själv i spegeln.	4108627	Она улыбнулась своему отражению в зеркале.
4158326	Hur många språk talar du?	4156421	На скольких языках Вы говорите?
4171323	Olyckan hände plötsligt.	4171311	Авария произошла внезапно.
4338118	Internet är en labyrint.	4173571	Интернет - это лабиринт.
4839557	Tom skar av Marys hals.	4177059	Том перерезал Мэри горло.
1972775	Han har solglasögon.	4229242	На нём солнечные очки.
1962445	Har du läst ut boken?	4253131	Ты дочитал книгу?
3894229	Vad gör vi här?	4260239	Что мы здесь делаем?
1972814	De dricker cola.	4262152	Они пьют колу.
9394320	Varför är de rädda?	4262701	Почему они напуганы?
12218739	Tom är blond.	4271390	Том блондин.
4338669	Jag glömde att fråga Tom.	4287377	Я забыл спросить Тома.
2029970	Kan jag få ett glas vatten, tack.	4299294	Будьте добры, стакан воды, пожалуйста.
2029335	Jag har köpt en bil.	4299295	Я купил машину.
3252126	Kan han prata japanska?	4299297	Он умеет говорить по-японски?
2280820	Vad står ”PTA” för?	4299302	Что означает "РТА"?
3526089	Ska jag stänga dörren?	4299313	Закрыть дверь?
2703572	Du har blivit tjock.	4299317	Ты растолстел.
2703571	På två drag kommer Kasparov att ställa motståndaren i schack.	4299321	Через два хода Каспаров поставит сопернику шах.
2701205	Vilken tid passar er?	4299324	Какое время вам подходит?
2701203	Tom kör.	4299326	Том ведёт.
2701199	Du då? Vill du också ha apelsinjos?	4299329	А ты? Хочешь тоже апельсинового сока?
2701196	Vad gjorde Tom av pengarna?	4299331	Что сделал Том с деньгами?
2701194	Kan ni ta hand om våra husdjur medan vi är borta?	4299334	Ты мог бы присмотреть за нашими домашними животными, пока нас нет?
2701183	Jag såg Tom för mindre än en timme sedan.	4299336	Я видел Тома меньше, чем час назад.
2701177	Vi översatte rapporten från engelska till afrikaans.	4299341	Мы перевели доклад с английского на африкаанс.
2701176	Jag ska till Paris i helgen.	4299344	Я поеду в Париж на выходные.
2701175	Jag vet inte riktigt än.	4299346	Я пока еще не знаю точно.
2699433	Min kudde är så mjuk!	4299354	Моя подушка такая мягкая!
2699428	Jag behöver en extra kudde.	4299356	Мне нужна еще одна подушка.
2699416	Kojan stacks i brand.	4299357	Хижина в огне.
2699339	Ska vi beställa?	4299358	Закажем?
2699337	Jag tycker om att simma, men inte här.	4299359	Мне нравится плавать, но не здесь.
2699336	Tom är min systerson.	4299361	Том - сын моей сестры.
2699333	Skynda dig, annars missar du tåget.	4299362	Поторопись, а то опоздаешь на поезд.
2699331	Jag måste ha passerat stationen medan jag tog en tupplur.	4299363	Должно быть, я проехал станцию, когда задремал.
2699326	Han är lika lång som min far.	4299364	Он такого же роста, как мой отец.
2699324	Deras kontrakt går ut i slutet på den här månaden.	4299365	Их контракт истекает в этом месяце.
2699315	Vi bakar kakor.	4299366	Мы печём торты.
2699311	Jag vet faktiskt inte svaret.	4299370	Вообще-то, я не знаю ответ.
761681	Hon blev polis.	4299372	Он стал полицейским.
2675084	Han blev polis.	4299372	Он стал полицейским.
2675082	Jag vill se gatorna.	4299374	Я хочу увидеть улицы.
2675081	De lät mig välja en present.	4299375	Они позволили мне выбрать подарок.
2675080	Jag kom hem sent.	4299376	Я пришёл домой поздно.
2675080	Jag kom hem sent.	4299377	Я пришла домой поздно.
2675079	De har läst en intressant bok.	4299378	Они прочитали интересную книгу.
2675078	Titta inte på kameran.	4299379	Не смотри в камеру.
2389836	Rökning kan orsaka impotens.	4299380	Курение может вызывать импотенцию.
2389834	Kom och träffa några av dina nya klasskamrater.	4299383	Познакомьтесь с вашими новыми одноклассниками.
2389824	Han skulle ha gjort det redan.	4299386	Ему следовало уже сделать это.
2389812	Hade du roligt i helgen?	4299388	Хорошо провела выходные?
2389792	Vem har vi att tacka för penicillinets upptäckt?	4299389	Кого мы должны благодарить за открытие пенициллина?
2389769	Jag vill veta vad det är som är roligt.	4299391	Я хочу знать, что здесь такого смешного.
2328335	Hör du mig bra nu?	4299393	Теперь ты хорошо меня слышишь?
2328323	Jag kunde inte fortsätta ljuga för Tom.	4299394	Я не мог продолжать лгать Тому.
2328323	Jag kunde inte fortsätta ljuga för Tom.	4299395	Я не могла продолжать лгать Тому.
2328306	John är här om fem minuter.	4299398	Джон будет здесь через пять минут.
2328231	Inget är så enkelt som det verkar.	4299399	Не всё так просто, как кажется.
2328196	Två personer kommer in på den här biljetten.	4299400	По этому билету могут пройти два человека.
2328182	Det är precis som jag förväntade mig.	4299402	Это именно то, что я и ожидал.
2328175	Det var nästan som en dröm.	4299403	Это было почти как во сне.
2321312	Vart tog de vägen?	4299408	Куда они направились?
2321284	Hon har självmordstankar.	4299411	У нее суицидальные мысли.
2318457	Ung som han är kan han arbeta hela dagen lång.	4299412	Молодой человек, каковым он и является, может работать целый день.
3809752	Varför har du kommit till Malaysia?	4307256	Почему ты приехал в Малайзию?
3712239	Det är så typiskt dig.	4307257	Это так похоже на тебя.
4175167	Du måste ta tolvan.	4307353	Тебе нужно сесть на двенадцатый.
4143701	Tom tycker inte om att prata om sport.	4307358	Тому не нравится говорить о спорте.
4143702	Tom gillar inte att prata om sport.	4307358	Тому не нравится говорить о спорте.
880630	Herr Berg hjälper dig.	4308394	Господин Берг помогает тебе.
880658	Jag vill komma till hotellet.	4308395	Я приду в отель.
880598	Det finns ett hotell där.	4308397	Там есть отель.
880602	Finns det en telefon här?	4308398	Здесь есть телефон?
880615	Greta går till ambassaden.	4308400	Грета идёт в посольство.
880623	Du kan förstå svenska.	4308401	Вы понимаете по-шведски.
880560	Kan jag få ett glas vin?	4308403	Можно мне бокал вина?
880571	Det finns en restaurang här.	4308405	Здесь есть ресторан.
880573	Det finns en buss här.	4308406	Здесь есть автобус.
880578	Det finns en telefon här.	4308408	Здесь есть телефон.
880585	Det finns en hållplats här.	4308410	Здесь есть автобусная остановка.
880583	Det finns en smörgås här.	4308413	Тут есть бутерброд.
880531	Det blir fyra kronor, tack.	4308416	С вас четыре кроны, пожалуйста.
880546	Kan jag få ett par ostsmörgåsar?	4308417	Можно мне пару бутербродов с сыром?
880548	Vad vill ni ha att dricka? Kaffe?	4308418	Что вы будете пить? Кофе?
880558	Kan jag få ett glas öl?	4308419	Можно мне бокал пива?
880502	Finns det en busshållplats här i närheten?	4308420	Здесь поблизости есть автобусная остановка?
880506	Ja, där borta.	4308421	Да, вон там.
880521	Hur många vill ni ha?	4308422	Сколько вы хотите?
880491	Nej, jag förstår dig inte.	4308423	Нет, я тебя не понимаю.
869023	Hästen hoppar.	4308424	Лошадь прыгает.
869059	Vem läser?	4308425	Кто читает?
409690	Nancy, här är ett brev till dig.	4310336	Нэнси, тебе письмо.
409688	Du får inte parkera bilen på denna gata.	4310344	На этой улице нельзя парковаться.
409686	Du kan inte prata så högt här.	4310353	Здесь нельзя разговаривать так громко.
409684	Sluta fråga mig om en drink! Gå och hämta en själv.	4310394	Хватит просить меня принести тебе напиток! Пойди и возьми себе сам.
409684	Sluta fråga mig om en drink! Gå och hämta en själv.	4310396	Хватит просить меня принести тебе напиток! Пойди и возьми себе сама.
409707	Han gillar att sjunga populära sånger.	4310399	Ему нравится петь популярные песни.
409706	Det här gamla bordet används fortfarande.	4310401	Этот старый стол по-прежнему используется.
409695	Mörker är frånvaro av ljus.	4310403	Тьма - это отсутствие света.
409687	Det är för mörkt för att jag ska kunna läsa.	4310430	Слишком темно, чтобы можно было читать.
409693	Denna blomma är gul, men alla de andra är blåa.	4310435	Этот цветок жёлтый, а все остальные - голубые.
409718	Bryt chokladen i små bitar.	4310437	Разломайте шоколад на маленькие кусочки.
409717	Läkaren bad herr Smith om att sluta röka.	4310441	Доктор попросил мистера Смита бросить курить.
409712	Du måste vara på stationen senast klockan fem.	4310443	Ты должен быть на станции самое позднее в пять.
409711	Jag gillade henne inte till en början, men nu gör jag det.	4310444	По началу она мне не нравилась, но сейчас уже нет.
409739	En gång fann jag en bok där.	4310447	Я как-то раз нашёл там книгу.
409739	En gång fann jag en bok där.	4310449	Я как-то раз нашла там книгу.
409738	En dag fann jag en bok där.	4310450	Однажды я нашёл там книгу.
409738	En dag fann jag en bok där.	4310451	Однажды я нашла там книгу.
409737	Han älskade att resa.	4310452	Он любил путешествовать.
409736	Det där är inte en kniv. Det HÄR är en kniv!	4310454	Это не нож. Вот ЭТО - нож!
409749	Jag är från Tokyo, Japan.	4310457	Я из Токио, Япония.
409747	Bilden hänger upp och ned.	4310458	Картина висит вверх ногами.
409746	Denna skrivmaskin har använts mycket.	4310459	Этой печатной машинкой много пользовались.
409745	Han hade tänkt att gifta sig med henne.	4310460	Он подумывал жениться на ней.
409742	Vi ska mötas på stationen klockan nio.	4310462	Мы встречаемся на станции в девять.
409741	Dessa två bröder liknar varandra.	4310465	Эти два брата похожи.
409740	Kan du visa mig vad du har köpt?	4310466	Покажешь мне, что ты купил?
409740	Kan du visa mig vad du har köpt?	4310467	Покажешь мне, что ты купила?
409751	Det är två elever borta idag.	4310472	Сегодня нет двоих учеников.
409750	Hur är det? Jag har inte sett dig på evigheter!	4310477	Как дела? Я тебя сто лет не видел!
409750	Hur är det? Jag har inte sett dig på evigheter!	4310478	Как дела? Я тебя сто лет не видела!
409887	Han är stolt över att ha tagit examen vid Tokyo Universitet.	4310481	Он гордится тем, что закончил Токийский университет.
409886	Brevets innehåll var hemligt.	4310482	Содержание письма было секретным.
410144	Hon kunde inte komma för hon var sjuk.	4310541	Она не могла прийти, потому что была больна.
410144	Hon kunde inte komma för hon var sjuk.	4310543	Она не смогла прийти, потому что была больна.
410135	Min pappa promenerar varje dag.	4310544	Мой папа гуляет каждый день.
410135	Min pappa promenerar varje dag.	4310546	Мой папа прогуливается каждый день.
651215	Låt oss göra det någon annan gång.	4310548	Давайте сделаем это как-нибудь в другой раз.
651212	Nu behövs inte bara ord, utan också handling.	4310549	Сейчас необходимы не просто слова, но и действия.
651208	Jag tycker att det är ganska konstigt att han inte skulle veta någonting sådant.	4310555	Я думаю, это странно, что он не знает таких вещей.
651203	Paula måste hjälpa hennes pappa i köket.	4310557	Пауле нужно помочь отцу на кухне.
651221	Min bror har aldrig bestigit Mt Fuji.	4310561	Мой брат никогда не поднимался на гору Фудзи.
704650	Jag arbetar 3 timmar varje söndagsmorgon.	4310562	Я работаю по три часа по утрам каждое воскресенье.
760516	Jag anbefaller dig åt Gud.	4310567	Препоручаю тебя Господу.
760516	Jag anbefaller dig åt Gud.	4310568	Вверяю тебя Господу.
761678	Föraren körde om bilen.	4310572	Водитель вёл машину.
761670	Vi vill inte vänta längre.	4310573	Мы больше не хотим ждать.
761668	Förstår ni vad hon menade?	4310574	Ты понимаешь, что она имела в виду?
760537	Vi frågade honom vad han hette.	4310576	Мы спросили, как её зовут.
760532	Allan har lämnat oss.	4310578	Аллан покинул нас.
760526	Flygplanet ankommer klockan åtta.	4310617	Самолет прилетает в восемь.
822614	Ursäkta att du fick vänta länge.	4310619	Извини, что тебе пришлось долго ждать.
761685	Jag tycker inte om honom, men jag gillar henne.	4310625	Я не люблю его, но мне нравится она.
822643	Detta är fakta.	4310631	Таковы факты.
822637	Jag har inte sett honom på några år.	4310632	Я не видел его несколько лет.
822637	Jag har inte sett honom på några år.	4310633	Я не видела его несколько лет.
822634	Jag gick i samma klass som henne på högstadiet och gymnasiet.	4310634	Мы с ней были в одном классе в старшей школе и в гимназии.
822634	Jag gick i samma klass som henne på högstadiet och gymnasiet.	4310636	Мы были в одном классе в гимназии.
822629	Jag vet inte när mor kommer hem.	4310639	Я не знаю, когда мама придет домой.
822654	Du passar i slips.	4310646	Тебе идёт галстук.
822652	Vårt skolbibliotek är väldigt litet, men det är nytt.	4310648	Наша школьная библиотека довольно маленькая, но она новая.
822650	Jag är upptagen, så jag kan inte gå.	4310650	Я занят, поэтому не могу пойти.
822650	Jag är upptagen, så jag kan inte gå.	4310651	Я занята, поэтому не могу пойти.
822663	Godmorgon, Mike.	4310657	Доброе утро, Майк.
822661	Hon är intelligent.	4310658	Она умная.
963728	En av oss två måste göra det.	4310659	Один из вас двоих должен сделать это.
963728	En av oss två måste göra det.	4310660	Одна из вас двоих должна сделать это.
963727	Hon fortsatte prata.	4310661	Она продолжала говорить.
822676	I så fall tror jag att du bör komma idag.	4310662	В таком случае я думаю, ты должен прийти сегодня.
822672	Min pappa har åkt för att fiska.	4310663	Мой папа ушёл на рыбалку.
964383	Det är farligt att bo bredvid en vulkan.	4310665	Опасно жить около вулкана.
964383	Det är farligt att bo bredvid en vulkan.	4310666	Опасно жить вблизи вулкана.
964402	Jag protesterade när kyparen försökte ta min tallrik.	4310670	Я запротестовал, когда официант попытался забрать мою тарелку.
964402	Jag protesterade när kyparen försökte ta min tallrik.	4310672	Я запротестовала, когда официант попытался забрать мою тарелку.
1358354	Han drack öl.	4310675	Он пил пиво.
1949477	Du kanske kommer att lyckas.	4310679	Возможно, тебе повезёт.
1949475	Varje år publiceras det många böcker.	4310747	Каждый год выходит много книг.
1717755	Jag kommer inte på vad de heter.	4310748	Я не помню, как их зовут.
1717753	Jag kommer inte ihåg deras namn.	4310749	Я не помню их имена.
1949507	Hur mycket kostar den här radion?	4310755	Сколько стоит это радио?
1949490	Vems gitarr är det här?	4310757	Чья эта гитара?
1949486	Det här är den högsta byggnad som jag någonsin har sett.	4310761	Это самое высокое здание, которое я когда-либо видела.
1949486	Det här är den högsta byggnad som jag någonsin har sett.	4310762	Это самое высокое здание, которое я когда-либо видел.
1949480	Vänta fem minuter, är ni snälla.	4310766	Будьте добры, подождите пять минут.
1951299	Jag skulle gärna resa världen runt.	4310767	Я бы с удовольствием совершил кругосветное путешествие.
1951299	Jag skulle gärna resa världen runt.	4310768	Я бы с удовольствием совершила кругосветное путешествие.
1951292	Inget är viktigare än medkänsla.	4310769	Нет ничего важнее, чем сострадание.
1951291	Elefanter är enorma djur.	4310770	Слоны - огромные животные.
1951289	Jag tar en kopp kaffe, tack.	4310772	Я возьму чашку кофе, спасибо.
1951285	Den här fågeln är utrotningshotad.	4310773	Эта птица находится под угрозой вымирания.
1949519	Det ser värre ut än det är.	4310775	Выглядит хуже, чем есть на самом деле.
1951321	Han försökte att studera hela natten, dock i onödan.	4310776	Он пытался заниматься всю ночь, но тщетно.
1951316	Han kan inte kontrollera sina känslor.	4310779	Он не может контролировать свои эмоции.
1959067	Jag studerar spanska den här terminen.	4310782	В этом семестре я изучаю испанский.
1951339	Jag trodde att han var sjuk.	4310785	Я думал, что он болен.
1951339	Jag trodde att han var sjuk.	4310786	Я думала, что он болен.
1959080	Jag fick en skriftlig inbjudan.	4310789	Я получил письменное приглашение.
1959077	Den här medicinen passar inte mig.	4310791	Это лекарство мне не подходит.
1959072	Vi gick för att simma i floden.	4310794	Мы ходили плавать на речку.
1959084	Detta är mannen vars resväska jag fann.	4310796	Это тот мужчина, чей чемодан я нашёл.
1959084	Detta är mannen vars resväska jag fann.	4310797	Это тот человек, чей чемодан я нашёл.
1959104	Vi tycker inte om regn.	4310798	Нам не нравится дождь.
1959103	När man har feber är det bäst att stanna hemma.	4310799	Когда у тебя жар, лучше всего остаться дома.
1959100	Han ville gå hem, men gick vilse på vägen.	4310803	Он хотел пойти домой, но заблудился.
1959099	Skulle jag kunna få mer potatismos.	4310805	Можно мне еще пюре?
1959133	Jag kan fortfarande inte bestämma mig om jag ska åka dit eller inte.	4310806	Я по-прежнему еще не решил, идти мне туда или нет.
1959133	Jag kan fortfarande inte bestämma mig om jag ska åka dit eller inte.	4310807	Я по-прежнему еще не решила, идти мне туда или нет.
1959108	Jag åkte till London.	4310810	Я ездила в Лондон.
1959105	Han åkte till Tokyo i går.	4310811	Он ездил в Токио вчера.
1959146	Hon är ett huvud längre än jag.	4310814	Она на голову выше меня.
1959155	Finns den här i blått?	4310818	Это есть в голубом цвете?
1959154	Jag ser en man mellan träden.	4310819	Я вижу человека среди деревьев.
1959153	Hon förstår Er inte.	4310820	Она Вас не понимает.
1959725	Vem ser efter dina hundar?	4310821	Кто присматривает за твоими собаками?
1959169	Gör det genast, så att du inte glömmer.	4310822	Сделай это сразу, а то забудешь.
1959169	Gör det genast, så att du inte glömmer.	4310824	Сделай это сразу, чтобы не забыть.
1959168	Sådan här musik är inte min grej.	4310825	Такая музыка не в моём вкусе.
1959748	Engelska studerar man även i Kina.	4310826	Английский изучают даже в Китае.
1959742	Jag är så upptagen att jag inte kan hjälpa er.	4310827	Я так занят, что не могу помочь вам.
1959741	Vi skyndade oss, så att vi hann med den sista bussen.	4310828	Мы спешили, чтобы успеть на последний автобус.
1959734	Om det regnar stannar jag hemma.	4310830	Если пойдёт дождь, то я останусь дома.
1959733	Vad fin det är! Gjorde du den helt själv?	4310831	Как красиво! Ты все сам это сделал?
1959731	Hej, Tom!	4310832	Привет, Том!
1959764	Förutom engelska talar hon tyska.	4310833	Кроме английского он говорит еще по-немецки.
1959755	Prinsessan låg med slutna ögon.	4310835	Принцесса лежала с закрытыми глазами.
1959757	Vi visade honom bilder från Alperna.	4310837	Мы показали ему фотографии из Альп.
1959750	Tom har stor respekt för Mary.	4310838	Том очень уважает Мэри.
1959773	Om du har läst ut boken, så skulle jag vilja låna den.	4310839	Если ты дочитал книгу, то я хочу её у тебя одолжить.
1959773	Om du har läst ut boken, så skulle jag vilja låna den.	4310840	Если ты дочитала книгу, то я хочу её у тебя одолжить.
1959805	Jag behöver något för en vuxen.	4310842	Мне нужно что-нибудь для взрослого.
1959802	När åkte du till Rom?	4310843	Когда ты ездил в Рим?
1959802	När åkte du till Rom?	4310844	Когда ты ездила в Рим?
1959793	Ni har en telefon.	4310845	У Вас есть телефон.
1959833	Vi träffades under ett ensamt träd.	4310847	Мы встретились под одиноким деревом.
1959831	Ärligt talat så är hon en opålitlig typ.	4310848	Честно говоря, она ненадёжна.
1959816	Tom lånade en bok från Mary.	4310850	Том одолжил книгу у Мэри.
1959815	Vad gör Jon just nu?	4310851	Чем занимается Джон прямо сейчас?
1959815	Vad gör Jon just nu?	4310852	Что делает Джон прямо сейчас?
1959808	Du kommer läsa det någon annan dag.	4310854	Прочитаешь как-нибудь в другой раз.
1959867	Han talar inte lika flytande engelska som du.	4310855	Он не так свободно говорит по-английски, как ты.
1959866	Pojken är som en miniatyr av sin far.	4310857	Мальчик - миниатюрная копия своего отца.
1959861	Jag vill inte alls åka.	4310861	Я совсем не хочу идти.
1959841	Min klocka är tio.	4310864	На моих часах десять.
1959839	Skulle jag kunna få använda din telefon?	4310867	Можно мне воспользоваться твоим телефоном?
880628	Kostar en kopp kaffe en krona?	4319880	Стоит ли чашка кофе крону?
760512	Jag minns när Anna berättade att hon blivit kär.	4319893	Я помню, как Анна рассказала, что влюбилась.
822658	Jag kommer genast hem.	4319895	Я скоро приду домой.
822668	Vi förbereder oss för att gå ut.	4319898	Мы готовимся к выходу.
963745	Till min förvåning så hade han en vacker röst.	4319899	К моему удивлению, у него был красивый голос.
964390	Borde jag köpa någonting till honom?	4319902	Должен ли я был купить что-нибудь для него?
1848013	Detta måste genast stoppas.	4320011	Это должно прекратиться немедленно.
1949478	Det är molnigare i dag än i går.	4320014	Сегодня более облачно, чем вчера.
1848139	Och inte här heller.	4320017	И не здесь тоже.
1951313	Hon skrattar sällan, om ens någonsin.	4320071	Она редко, если вообще когда-нибудь, смеется.
1951302	Jag tror att jag ska stanna här.	4320078	Думаю, я останусь здесь.
1959078	Vissa tycker att hemlagat är nyttigare än restaurangmat.	4320189	Некоторые считают, что домашняя еда полезнее, чем ресторанная.
1959076	Det här läkemedlet passar inte mig.	4320192	Это лекарственное средство мне не подходит.
1959093	Jag hittade ett väldigt trevligt ställe i går.	4320199	Вчера я нашел очень приятное местечко.
1959111	Vi ses vid huset!	4320200	Увидимся в доме!
1959143	Hon påminner särskilt om sin mor.	4320206	Она очень напоминает свою мать.
1959165	Fråga Alex.	4320211	Спроси Алекса.
1959754	Om ni vill tala med mig, så ring.	4320221	Если хотите поговорить со мной, то позвоните.
1959778	Vi kunde inte gå med på hennes krav.	4320226	Мы не могли согласиться с её требованиями.
1959777	Vi kunde inte gå med på hans krav.	4320229	Мы не могли согласиться с его требованиями.
1959813	Att skriva dagbok hjälper oss att minnas små, dagliga saker.	4320234	Ведение дневника помогает запоминать мелкие, повседневные вещи.
1959860	Det är bäst att du gör det omedelbart.	4320238	Лучше, если ты сделаешь это немедленно.
1959876	Han låg med slutna ögon på soffan.	4320244	Он лежал на кушетке с закрытыми глазами.
1959875	Hon låg med slutna ögon på soffan.	4320247	Она лежала на кушетке с закрытыми глазами.
1959873	Varför läser du franska?	4320250	Почему ты читаешь по-французски?
1959872	Varför studerar ni franska?	4320259	Для чего ты изучаешь французский?
1959888	Jag har inte ätit ordentligt på en vecka.	4320265	Я не ел как следует целую неделю.
1960677	Han har bott på det där hotellet de fem senaste dagarna.	4320575	Он живёт в этом отеле в течение последних пяти дней.
1960671	De är på god fot med sina grannar.	4320577	Они хорошо ладят с соседями.
1960615	Vilket land är störst, Japan eller England?	4320581	Какая страна больше, Япония или Англия?
1960702	Jag kan inte hitta Tom. Har han redan gått?	4320584	Не могу найти Тома. Он уже ушёл?
1960686	Jag vill ha en båt som kan ta mig långt härifrån.	4320588	Хочу лодку, которая унесёт меня далеко отсюда.
1960722	Jag gör det för att jag måste.	4320591	Я делаю это потому, что должен.
1960878	Jag kommer inte ihåg vad hon heter.	4320593	Я не помню, как её зовут.
1960824	Jag föreslog honom att hon skulle bli inbjuden till festen.	4320594	Я предложил ему пригласить её на праздник.
1962074	Jag minns inte hennes namn.	4320602	Я не помню её имя.
1962073	Jag minns inte hans namn.	4320603	Я не помню его имя.
1962090	Barnuppfostran är en hård uppgift.	4320612	Воспитание детей - сложная работа.
1962129	Jag följer med dig och handlar.	4320635	Я пойду с тобой за покупками.
1959886	Har jag fått några telefonsamtal?	4320686	Мне звонили?
1959882	Jag blir alltid nervös när jag kommer i närheten av henne.	4320688	Я всегда начинаю нервничать, когда приближаюсь к ней.
1959914	Jag vill åka utomlands någon dag.	4320692	Я хочу уехать за границу когда-нибудь.
1959911	Fortsätt bara denna gata framåt ungefär 200 meter.	4320756	Просто продолжайте идти прямо по этой улице примерно двести метров.
1959911	Fortsätt bara denna gata framåt ungefär 200 meter.	4320759	Просто продолжай идти прямо по этой улице примерно двести метров.
1959908	Det har aldrig snöat så här mycket.	4320761	Никогда не было столько снега.
1959902	Jag gick ofta på bio med pappa.	4320763	Я часто ходил в кино с папой.
1959902	Jag gick ofta på bio med pappa.	4320764	Я часто ходила в кино с папой.
1959892	Ingen vill arbeta utomhus under kalla dagar.	4320767	Никто не хочет работать на улице в холодные дни.
1959934	Vet du vilka färger han tycker om?	4320768	Ты знаешь, какие цвета ему нравятся?
1959933	Vet du vilka färger hon tycker hon?	4320770	Ты знаешь, какие цвета ей нравятся?
1959924	Han är väl inte här?	4320774	Его ведь здесь нет?
1959920	Det är inte bra att bryta ett löfte.	4320776	Нехорошо нарушать обещание.
1959917	Titta på skylten framför dig.	4320777	Посмотри на знак перед тобой.
1959916	Han sprang så fort som han kunde.	4320778	Он бежал так быстро как мог.
1959950	Mina ekonomiska bekymmer är över.	4320780	Мои финансовые тревоги позади.
1959949	Jag märkte det inte förrän i går.	4320781	Я этого не замечал до вчерашнего дня.
1959936	De snackade hela natten.	4320973	Они болтали всю ночь.
1959935	De pratade hela natten.	4320974	Они говорили всю ночь.
1959980	Hon hoppade på tåget.	4320975	Она запрыгнула в поезд.
1959975	Jag tror att hon är ledig i morgon.	4320977	Я думаю, что она завтра свободна.
1959974	Jag tror att han är ledig i morgon.	4320978	Я думаю, что он завтра свободен.
1959964	Den där klänningen passar dig bra.	4320980	То платье тебе идёт.
1960015	Jag bad henne om råd.	4320981	Я попросил её о совете.
1960015	Jag bad henne om råd.	4320982	Я попросила её о совете.
1960014	Jag bad honom om råd.	4320983	Я попросил его о совете.
1960014	Jag bad honom om råd.	4320984	Я попросила его о совете.
1959996	Det gör ont. Sluta!	4320985	Больно. Прекрати!
1959987	Jag går och klär på mig.	4320987	Пойду оденусь.
1960038	Vad är det du vill säga egentligen?	4320988	Что ты хочешь сказать на самом деле?
1960025	Jag sparar till en moped.	4320989	Я коплю на мопед.
1960026	Jag sparar till en moppe.	4320989	Я коплю на мопед.
1960021	Jag har mycket att göra i dag.	4320992	Мне многое нужно сделать сегодня.
1960018	Trots att det regnade så spelade vi fotboll.	4320993	Несмотря на то, что шёл дождь, мы играли в футбол.
1960092	Vad sägs om lite fika?	4320994	Как насчёт небольшого перекуса?
1960084	Jag beundrade hans generositet.	4320995	Я восхищался его щедростью.
1960084	Jag beundrade hans generositet.	4320996	Я восхищалась его щедростью.
1960269	Ät det där brödet!	4320999	Ешь этот хлеб!
1960263	Telefonen ringde.	4321002	Телефон звонил.
1960241	Färgen är lite för mörk.	4321003	Цвет немного темноват.
1960213	Jag har tappat bort mitt bagage.	4321004	Я потерял багаж.
1960213	Jag har tappat bort mitt bagage.	4321005	Я потеряла багаж.
1960478	Tydligen inte.	4321008	Очевидно, нет.
1960401	Min pappa tycker om tennis.	4321021	Мой папа любит теннис.
1960270	Ät upp det där brödet!	4321024	Доедай этот хлеб!
1960506	Hur är läget? Hur har din dag varit i dag?	4321028	Как дела? Как прошёл сегодняшний день?
1960498	Hon tror alltid på mig.	4321038	Она всегда верит мне.
1960497	Han tror alltid på mig.	4321040	Он всегда верит мне.
1960496	Var ligger kaffeaffären?	4321043	Где находится магазин кофе?
1960483	Välj oss!	4321045	Выбери нас!
1960483	Välj oss!	4321047	Выберите нас!
1960482	Tom får rösta.	4321055	Том может голосовать.
1960520	Han spenderade slut på sina pengar.	4321065	Он истратил все свои деньги.
1960519	Hon spenderade slut på sina pengar.	4321068	Она истратила все свои деньги.
1960512	Låt mig följa dig hem.	4321072	Позволь мне проводить тебя домой.
1960512	Låt mig följa dig hem.	4321073	Позволь мне проводить тебя до дома.
1960531	Glöm inte det.	4321077	Не забудь об этом.
1960532	Ursäkta. Jag skulle vilja hyra en bil.	4321079	Извините, я хотел бы арендовать машину.
1962144	Jag trodde att jag sa åt dig att inte komma.	4321086	Я думала,что сказала тебе, чтобы ты не приходил.
1962144	Jag trodde att jag sa åt dig att inte komma.	4321088	Я думала,что сказала тебе не приходить.
1962144	Jag trodde att jag sa åt dig att inte komma.	4321090	Я думал, что сказал тебе не приходить.
1962143	Jag trodde att jag förstod dig.	4321092	Я думал, что понял тебя.
1962143	Jag trodde att jag förstod dig.	4321093	Я думала, что поняла тебя.
1962138	Tom kunde inte tro på det som hänt.	4321095	Том не мог поверить в то, что произошло.
1962131	I morgon ska jag åka till Shanghai.	4321097	Завтра я еду в Шанхай.
1962153	Du kommer inte kunna övertala Tom att göra det där.	4321100	Ты не сможешь убедить Тома сделать это.
1962233	Det är ett mycket välbesökt kafé.	4321105	Это очень популярное кафе.
1962327	Han kastade ett öga på sin klocka.	4321107	Он бросил взгляд на свои часы.
1962324	Vilken årstid gillar du mest, våren eller hösten?	4321110	Какое время года тебе нравится больше, весна или осень?
1962362	När man talar om trollen!	4321114	Помяни черта, он и появится!
1962356	Vi skattade oss lyckliga som överlevde.	4321116	Мы считали, что нам повезло, что мы выжили.
1962351	Hela historien är höljd i dunkel.	4321120	Вся история окутана тайной.
1962416	Vår lärare är alltid i tid till lektionerna.	4321126	Наш преподаватель всегда приходит вовремя на лекции.
1962383	Katten stirrade intensivt på honom med sina stora, runda, blåa ögon.	4321127	Кошка пристально смотрела на него своими большими круглыми голубыми глазами.
1962377	Du kom ändå!	4321128	Ты все равно пришёл!
1962366	När man talar om trollen så står de i farstun.	4321129	Помяни черта, он и появится.
1962444	Bry dig inte om andra.	4321130	Не беспокойся о других.
1962440	Det här är huset, i vilket min farbror bor.	4321132	Это дом, в котором живёт мой дядя.
1962441	Det här är huset som min farbror bor i.	4321132	Это дом, в котором живёт мой дядя.
1962433	Jag är vilse. Kan du hjälpa mig?	4321143	Я заблудился.Ты можешь мне помочь?
1962433	Jag är vilse. Kan du hjälpa mig?	4321145	Я заблудилась.Ты можешь мне помочь?
1962433	Jag är vilse. Kan du hjälpa mig?	4321147	Я заблудилась. Вы не могли бы мне помочь?
1962431	Lämna inte tv:n på!	4321151	Не оставляй телевизор включённым!
1962428	Skulle klockan åtta passa?	4321152	Восемь часов подойдет?
1962425	Hur mycket förbrukar den här bilen?	4321153	Сколько потребляет этот автомобиль?
1962425	Hur mycket förbrukar den här bilen?	4321154	Какой расход топлива у этого автомобиля?
1962445	Har du läst ut boken?	4321157	Ты дочитала книгу?
1962481	Kolumbus fann Amerika år 1492.	4321158	Колумб обнаружил Америку в 1492 году.
1962474	Vilken av dessa hundar är din?	4321161	Которая из этих собак твоя?
1962461	New York är en av de största städerna i världen.	4321163	Нью-Йорк - один из крупнейших городов в мире.
3838381	Mannen åt upp brödet.	4322943	Мужчина съел хлеб.
2183329	Vill någon ha en öl?	4324629	Кто-нибудь хочет пиво?
1971994	Tack för alla dina kommentarer!	4327019	Спасибо за все твои комментарии!
1971988	Jag gjorde ett försök att simma över floden.	4327024	Я сделал попытку переплыть через реку.
1971988	Jag gjorde ett försök att simma över floden.	4327025	Я сделала попытку переплыть через реку.
1972008	Någon gjorde sönder min kamera.	4327036	Кто-то сломал мою камеру.
1972009	Någon hade sönder min kamera.	4327036	Кто-то сломал мою камеру.
1972006	Skådespelerskan har ett väldigt vackert namn.	4327048	У актрисы очень красивое имя.
1972005	Jag gillar inte kvinnor utan personalitet.	4327058	Мне не нравятся женщины без индивидуальности.
1972004	Vill du ha nåt att äta?	4327062	Хочешь поесть что-нибудь?
1972000	Jane låtsades alltid att hon var väldigt rik.	4327078	Джейн всегда притворялась, что она очень богата.
1972016	Vår engelsklärare lägger vikt vid uttalet.	4327090	Наш преподаватель английского уделяет большое внимание произношению.
1972012	Många träd tappar löven på vintern.	4327099	Многие деревья сбрасывают листья зимой.
1972011	Många träd tappar sina löv på vintern.	4327104	Многие деревья сбрасывают листву зимой.
1972055	Ät dina grönsaker.	4327112	Ешь свои овощи.
1972054	Jag kan inte ta hennes plats som engelsklärare.	4327117	Я не могу занять её место преподавателя английского.
1972063	Han reste under täcknamn.	4327177	Он путешествовал под псевдонимом.
1972060	Alla eleverna kommer från USA.	4327182	Все студенты из США.
1972080	Hon är online flera timmar varje dag.	4327184	Она находится онлайн по несколько часов каждый день.
1972090	Han klär sig som en gentleman, men han talar och uppför sig som en clown.	4327193	Он одевается как джентльмен, но разговаривает и ведёт себя как клоун.
1972101	Jag klarar inte av att se blod.	4327332	Я не выношу вида крови.
1972102	Jag klarar inte av synen av blod.	4327332	Я не выношу вида крови.
1972095	Ingen har lagt ned så mycket tid och ork i projektet som hon.	4327338	Никто не вложил столько времени и сил в этот проект, как она.
1972093	I Europa och Amerika ser de hunden som en familjemedlem.	4327340	В Европе и Америке собаку считают членом семьи.
1972117	Det är ett väldigt farligt system.	4327345	Это довольно опасная система.
1972106	Jag klarar inte av sådana här filmer.	4327348	Я не выношу такие фильмы.
1972118	Nu är det dags för mig att krypa till kojs.	4327351	Мне пора в постель.
1972800	Jag vill ha tårta.	4327355	Я хочу торт.
1972780	Mötet slutade klockan fem.	4327361	Встреча закончилась в пять.
1972822	Prata inte om det där framför honom.	4327363	Не говори об этом при нём.
1972821	De sökte alla det försvunna barnet.	4327364	Они все искали пропавшего ребёнка.
1972839	De kämpade för religionsfrihet.	4327384	Они боролись за свободу вероисповедания.
1973036	Vi kunde inte gå ut på grund av tyfonen.	4327386	Мы не могли выйти на улицу из-за тайфуна.
1972846	Herr Smith har gjort det till en regel att ta en promenad varje morgon.	4327389	Мистер Смит взял за правило выходить на прогулку каждое утро.
1972842	Jag studerade en stund i morse.	4327391	Я немного позанимался утром.
1972843	Jag pluggade en stund i morse.	4327391	Я немного позанимался утром.
1972842	Jag studerade en stund i morse.	4327393	Я немного позанималась утром.
1972843	Jag pluggade en stund i morse.	4327393	Я немного позанималась утром.
1973130	Mary hjälpte sin mor att laga mat.	4327399	Мэри помогла матери приготовить еду.
1973120	Du har tagit på dig hatten bakochfram.	4327402	Ты надел шляпу задом наперёд.
1973092	Hur är det med din syster?	4327403	Как дела у твоей сестры?
1973189	Jag tycker om att lyssna på musik, speciellt jazz.	4327407	Мне нравится слушать музыку, особенно джаз.
1973136	Lagom, tack!	4327410	Достаточно, спасибо!
1973133	Tänk på vad du säger!	4327411	Думай, что говоришь!
1975006	Tom har inte hatt på sig varje dag.	4327412	Том не носит шляпу каждый день.
1974579	Jag väntar på dig på mitt rum.	4327414	Я жду тебя в своей комнате.
3101264	När jag steg upp i dag hade jag ont i nacken.	4390764	Когда я проснулся сегодня утром у меня болела шея.
3101264	När jag steg upp i dag hade jag ont i nacken.	4390769	Когда я проснулась сегодня утром у меня болела шея.
3057910	Jag litar inte på polisen.	4390774	Я не доверяю полиции.
3057304	Hur mycket har du betalat för dem?	4390792	Сколько ты за них заплатил?
3057304	Hur mycket har du betalat för dem?	4390796	Сколько ты за них заплатила?
3057299	Om jag var rik, skulle jag åka utomlands.	4390820	Если бы я был богат, то я бы поехал за границу.
3057299	Om jag var rik, skulle jag åka utomlands.	4390824	Если бы я была богата, то я бы поехала за границу.
3101283	I närheten finns ett postkontor.	4390836	Поблизости есть почтовое отделение.
3121171	Vad var det du hette nu igen?	4390851	Как, говоришь, тебя зовут?
3121170	Är du hemma i morgon vid lunchtid?	4390858	Ты будешь завтра дома в обеденное время?
3121169	Hur kommer det sig att himlen blir röd på kvällen?	4390868	Как так получается, что небо краснеет вечером?
3121168	Det är inte så konstigt.	4390875	Это не так уж странно.
4391606	De har goda förbindelser med grannländerna.	4391611	У них хорошие отношения с соседними странами.
4326353	Känner jag Tom?	4400995	Я знаю Тома?
12634844	Te utan is.	4417403	Чай безо льда.
3713910	Detta är huset som jag bodde i när jag var barn.	4418120	Это дом, в котором я жил в детстве.
2228107	Jag älskar Kalifornien.	4425537	Я люблю Калифорнию.
4443814	Jag måste låsa upp den här dörren.	4429189	Мне нужно отпереть эту дверь.
10136950	Jag fångade en fluga.	4440356	Я поймал муху.
4437713	Tom är också jude.	4443104	Том тоже еврей.
4443820	Tom visste vad han gjorde.	4443845	Том знал, что делает.
4443818	Jag glömde stänga dörren.	4443846	Я забыл закрыть дверь.
9779795	Det är höjt över allt tvivel.	4446942	В этом нет никаких сомнений.
2212885	Använd endast auktoritativa källor.	4447544	Используй только авторитетные источники.
4089532	Människor dör varje dag.	4464185	Люди умирают каждый день.
2085870	Jag gjorde några ändringar.	4486111	Я внёс некоторые изменения.
9775155	Var inte rädda!	4487216	Не бойся!
9198355	Gapa.	4490565	Открывай.
8914880	Han har lika många böcker som sin far.	4513267	У него столько же книг, сколько у его отца.
1964862	Orkanen Sandy är på väg.	4525992	Надвигается ураган Сэнди.
4414493	Tom glömde nästan bort mötet.	4526539	Том чуть не забыл о встрече.
12613823	Katten jamar.	4539298	Кошка мяукает.
1965525	Jag skriver en roman.	4539742	Я пишу роман.
10714468	Äpplet är sött.	4548033	Яблоко сладкое.
2180642	Helga är ett svenskt namn.	4572109	Хельга — шведское имя.
7110058	Skeppet var på väg till Kairo.	4577386	Корабль направлялся в Каир.
3837679	Jag är ledsen för det här.	4578036	Я сожалею об этом.
12406535	Är du en sångare?	4600456	Ты певец?
3010040	”Får jag låna din ordbok?” ”Naturligtvis.”	4605854	«Можно одолжить твой словарь?» — «Конечно».
3010040	”Får jag låna din ordbok?” ”Naturligtvis.”	4608909	«Можно мне одолжить твой словарь?» — «Конечно».
9861832	Tiden är inne nu.	4609379	Время пришло.
3829869	Lysande!	4610997	Блестяще!
2171988	Detta är en anglicism.	4612734	Это англицизм.
4401356	Tanzanias president var tillsammans med sin fru på statsbesök i Finland år 1998.	4622553	Президент Танзании был вместе со своей супругой с государственным визитом в Финляндии в 1998 году.
4439551	Tom steg upp.	4640389	Том встал.
2031075	Han må vara ung, men han är verkligen en tillförlitlig person.	4660604	Он, возможно, ещё молод, но на него действительно можно положиться.
4404928	Jag behöver en ordbok.	4671642	Мне нужен словарь.
3721028	Han skrek för full hals.	4684135	Он орал во всё горло.
9137366	Jag föddes samma år som farfar dog.	4688400	Я родился в тот год, когда умер дедушка.
4442482	Tom tittade in i lådan.	4707626	Том заглянул в коробку.
3841222	Jag köpte två biljetter till Malmö.	4751814	Я купил два билета в Мальмё.
10330425	Det finns lite mjölk kvar i kylskåpet.	4762186	В холодильнике осталось немного молока.
1992244	Svårt att tro, men så är det.	4768443	Трудно поверить, но именно так оно и есть.
2513562	Ansökan avslogs.	4769647	Заявка была отклонена.
4445787	Ingenting här är mitt.	4771743	Здесь нет ничего моего.
4455628	Tom sa att han var oskyldig.	4794052	Том сказал, что он невиновен.
2114746	Tom är glad av sig.	4796968	Том в хорошем настроении.
4824063	Måste jag göra det igen?	4824064	Я должна сделать это снова?
10705666	Vi kan börja.	4841415	Мы можем начать.
2166213	Absolut förbjudet.	4848927	Строго запрещено.
8393823	Tom krävde en ursäkt.	4851855	Том потребовал извинений.
2113552	Tom är säker.	4855634	Том уверен.
9163252	Allt var perfekt.	4888279	Всё было идеально.
4448726	Har du ett hus i Italien?	4892718	У тебя есть дом в Италии?
4903262	En hund sitter på mattan.	4903254	На ковре сидит собака.
5882558	Behöver du ett paraply?	4908361	Вам нужен зонт?
5882560	Behöver du paraply?	4908361	Вам нужен зонт?
6600573	Varför vill ni sälja den?	4913307	Почему вы хотите его продать?
4938225	Han är taxichaufför.	4917847	Он таксист.
4920341	Jag ser månen och stjärnorna.	4920047	Я вижу луну и звёзды.
10691701	När stänger butiken?	4920874	Когда закрывается магазин?
5330159	Frys!	4936814	Замри!
4408240	Bastun är varm, ifall någon vill gå.	4942472	Сауна горячая, если кто-то хочет пойти.
5265563	Ingen av oss talar franska.	4945965	Никто из нас не говорит по-французски.
3784731	Abbedissan frågade Mary om hon var helt säker på att klosterlivet passar henne.	4949783	Аббатисса спросила у Мэри, совершенно ли та уверена, что ей подходит монастырская жизнь.
4960465	Glad internationell kvinnodag.	4960474	С Восьмым марта!
9854083	Han har målat av en hund.	4964659	Он нарисовал собаку.
9854084	Han har gjort en målning av en hund.	4964659	Он нарисовал собаку.
5330159	Frys!	4964947	Не шевелись!
4338333	Jag bor i närheten.	4978218	Я живу неподалёку.
9024117	Är ni lediga?	4978836	Вы свободны?
10359173	Några säger att han aldrig har funnits.	4988657	Некоторые говорят, что его никогда не существовало.
10359174	Några säger att han aldrig existerat.	4988657	Некоторые говорят, что его никогда не существовало.
9161424	Har du en djup tallrik till soppan?	4997326	У тебя есть глубокая тарелка для супа?
3830572	Du luktar illa.	5007116	Ты плохо пахнешь.
8795097	Duka!	5048923	Накрывай на стол!
3712240	Du kom tillbaka.	5066324	Ты вернулся.
5067208	Han tog tag i hennes hår.	5067209	Он схватил ее за волосы.
5067242	Australien är inte Österrike.	5067238	Австралия не Австрия.
5069339	Egendom är stöld.	5069334	Собственность есть кража.
9153926	Exakt.	5079232	Верно.
5382485	Hon kan inte stoppa mig.	5084680	Она не может меня остановить.
11655756	När går bussen?	5089308	Когда отходит автобус?
5928405	Vi är kvinnor.	5097075	Мы женщины.
4451364	Försöker du fly?	5100194	Ты пытаешься сбежать?
9272721	Tom skar sig.	5102701	Том порезался.
5118697	Tom lämnade hatten i bilen.	5116287	Том оставил шляпу в машине.
9381401	Stör inte!	5143259	Не беспокоить!
8158273	Förstått?	5148317	Ясно?
5882484	Vill du ha en banan?	5149249	Хочешь банан?
9936521	Jag älskar den äppelsorten.	5168176	Я люблю этот сорт яблок.
7411820	Jag läser inte.	5175207	Я не читаю.
1996423	Låt mig se det där.	5175248	Покажи мне.
7140881	Tvinga inte på mig dina åsikter.	5198213	Не навязывай мне своё мнение.
8902929	Detsamma.	5199491	Аналогично.
5330380	Finland var en del av Ryssland åren 1809–1917.	5224123	Финляндия была частью России в 1809-1917 годах.
12399395	Det här är ett äpple.	5227421	Это яблоко.
9853486	Jag kanske kan hjälpa er.	5233379	Возможно, я смогу вам помочь.
2114814	Tom hjälper.	5255949	Том помогает.
3096675	”Hon är död.” ”Nej, det är inte möjligt!”	5274424	«Она мертва». – «Нет, это невозможно!»
4338724	Jag gav Tom ett äpple.	5296837	Я дала Тому яблоко.
4338724	Jag gav Tom ett äpple.	5296839	Я дал Тому яблоко.
9280546	Det var lätt att gissa Toms lösenord.	5300366	Пароль Тома было легко угадать.
6602482	Varför köpte du en sköldpadda?	5308299	Зачем ты купил черепаху?
12399150	Vatten kokar vid 100 grader Celsius.	5356814	Вода закипает при 100 градусах по Цельсию.
8955237	Stora pojkar gråter inte.	5360599	Большие мальчики не плачут.
12662404	Jag gick upp klockan fem på morgonen.	5373031	Я встал в пять утра.
5377131	Anfallaren gjorde ett mål i omklädningsrummet.	5375351	Нападающий забил гол в раздевалку.
2039349	Stör jag dig?	5385239	Я тебя не отвлекаю?
8755062	Min bror dog i en trafikolycka.	5407415	Мой брат погиб в автокатастрофе.
5408023	Låt oss gå och sova.	5409315	Пойдём спать.
5408023	Låt oss gå och sova.	5409317	Пойдёмте спать.
5232012	Både Tom och Mary är från Kanada.	5463918	И Том, и Мэри из Канады.
4446503	Vi tittar på tv tillsammans.	5472331	Мы вместе смотрим телевизор.
5975781	Jag går till stranden.	5493580	Я иду на пляж.
12238102	Tom är inte vegetarian.	5495229	Том не вегетарианец.
12247938	I morgon är det måndag.	5500021	Завтра понедельник.
5522985	Tom vill ha pengar.	5522982	Том хочет денег.
3747517	Äpplena är stora.	5542814	Яблоки большие.
4354235	Jag behöver en sekreterare.	5550067	Мне нужен секретарь.
6581548	Det finns fem fiskar i mitt akvarium.	5561046	В моём аквариуме пять рыбок.
10661366	Tom kommer aldrig.	5571407	Том никогда не приходит.
5893817	Apport!	5582001	Апорт!
11474654	Mars är en planet.	5601093	Марс — это планета.
5709414	Tom svettades.	5607212	Том потел.
7864061	Jag lämnar er inte.	5612619	Я вас не оставлю.
10352902	Vi har ägg.	5622559	У нас есть яйца.
2845364	Jag sa att det var ok.	5630217	Я сказал, что всё в порядке.
6581548	Det finns fem fiskar i mitt akvarium.	5650798	У меня в аквариуме пять рыбок.
10706019	Gillar du min ö?	5653609	Тебе нравится мой остров?
10706020	Gillar ni min ö?	5653609	Тебе нравится мой остров?
2127145	Vad har det med saken att göra?	5661189	Как это относится к делу?
3837633	Tom gav sig inte.	5693438	Том не сдавался.
5142862	Tom tycker att danska är världens vackraste språk.	5695993	Том думает, что датский — самый красивый язык в мире.
9888998	Hämta min verktygslåda.	5697630	Принеси мой ящик с инструментами.
9888998	Hämta min verktygslåda.	5697631	Принесите мой ящик с инструментами.
2142908	Du måste hjälpa henne.	5706239	Тебе необходимо помочь ей.
10691701	När stänger butiken?	5715145	Когда магазин закрывается?
3793465	Sikten försämrades.	5720274	Видимость ухудшилась.
4448760	Lider du av sömnlöshet?	5732246	Ты страдаешь от бессонницы?
5710608	Vet du var fru Hudson bor?	5748604	Знаешь ли ты, где живет миссис Хадсон?
5701984	Tjejen vankade framför huset.	5748607	Девушки вышли из дома прогуляться.
2211319	Mitt marsvin var min första flickvän.	5772299	Моя морская свинка была моей первой подругой.
2257018	Hur använder man ätpinnar?	5774103	Как пользоваться палочками для еды?
2021579	Jag älskar den här staden.	5785176	Мне нравится этот город.
2021580	Jag älskar denna stad.	5785176	Мне нравится этот город.
3830572	Du luktar illa.	5803282	От тебя плохо пахнет.
891683	Jag ska gå rakt på sak. Du får sparken.	5855139	Перейду прямо к сути дела. Вы уволены.
1996345	Ge inte upp!	5875119	Не сдавайтесь!
2125547	Hen grät.	5876637	Он_а плачет.
2125902	Hen kan sjunga bra.	5876641	Он_а хорошо умеет петь.
2125151	Hen är snygg och smart.	5876649	Он_а красив_ая и умн_ая.
10050804	Tom trollar bara.	5899854	Том просто троллит.
4335464	Det latinska substantivet "hortus" hör till o-deklinationen.	5906297	Латинское существительное «hortus» относится к o-склонению.
11188767	Jag är politiker.	5910792	Я политик.
5928398	Jag gör det själv.	5928437	Я делаю это сам.
5928396	Jag kan göra det själv!	5928438	Я могу сделать это сам!
9152300	Vad är det där för slags träd?	5957590	Что это за дерево?
891686	Han är lärare.	5989093	Он является учителем.
2318463	Ingen rök utan eld.	5991210	Где дым, там и огонь.
5892994	Titta.	6010841	Смотри.
5892995	Se.	6010841	Смотри.
6002111	Han sa att han hade skrivit.	6015555	Он сказал, что написал.
7895320	Österrike ligger i Centraleuropa.	6042390	Австрия находится в Центральной Европе.
3873248	Stackare!	6050682	Бедняга!
10753349	Har du någonsin kysst en pojke?	6067869	Ты когда-нибудь целовала мальчика?
4317281	Är ni hungriga ännu?	6092522	Вы ещё не проголодались?
6129743	Jag är tio minuter försenad.	6131625	Я опоздал на десять минут.
6129743	Jag är tio minuter försenad.	6131627	Я опоздала на десять минут.
12399110	Vatten kokar vid hundra grader.	6139977	Вода кипит при ста градусах.
10003062	Ni är i Kina.	6149365	Вы в Китае.
12655964	Klockan är halv elva.	6164671	Сейчас половина одиннадцатого.
2180518	Vilken anskrämlig soffa.	6191165	Какой отвратительный диван.
6364075	Jag tyckte om alltihop.	6298180	Мне всё понравилось.
6363998	Hindi och Urdu är samma språk.	6323601	Хинди и урду — один и тот же язык.
6324808	Min bror är äldre än jag.	6324575	Мой брат старше меня.
1759216	Var ligger den danska ambassaden?	6334248	Где датское посольство?
1759216	Var ligger den danska ambassaden?	6334255	Где находится датское посольство?
6389545	Tom är från Mars, och Mary är från Venus.	6379508	Том с Марса, а Мэри с Венеры.
6389486	Det där är din sida och det här är min.	6382340	Это твоя половина, а это моя.
6389207	Lämna dörren öppen när du går!	6388619	Оставь дверь открытой, когда пойдёшь!
6390965	Venus är en planet.	6389633	Венера - это планета.
1996328	Skämta inte med mig!	6442200	Не шути со мной!
3881427	Det var få elever kvar i klassrummet.	6550749	В классе оставалось мало учеников.
10017284	Jag kommer att klaga.	6551147	Я буду жаловаться.
10017285	Jag kommer att anmäla.	6551147	Я буду жаловаться.
10017285	Jag kommer att anmäla.	6551148	Я пожалуюсь.
2068554	Dessa skorna är för dyra.	6560661	Эти ботинки слишком дорогие.
8770241	Skolan liknar ett fängelse.	6570512	Школа похожа на тюрьму.
6600573	Varför vill ni sälja den?	6595690	Почему вы хотите её продать?
3840634	Du skulle kunna sagt nej.	6669814	Ты мог бы сказать нет.
3710509	Tom var nyfiken.	6704389	Тому было любопытно.
6712589	Vi bor i en vacker stad.	6712552	Мы живем в прекрасном городе.
8953470	Vi måste respektera varandra.	6796318	Мы должны уважать друг друга.
2114746	Tom är glad av sig.	6806112	Том весёлый.
9842430	Tom beklagar.	6806114	Том сожалеет.
4398374	Hon ser ut som en grekisk gudinna.	6813846	Она похожа на греческую богиню.
5783489	Får jag se.	6831236	Можно мне взглянуть?
10978709	Var är min ryggsäck?	6842574	Где мой рюкзак?
6602469	Sköldpaddan dog.	6878462	Черепаха умерла.
880623	Du kan förstå svenska.	6882278	Ты понимаешь по-шведски.
9445567	Döda!	6947472	Убей!
9688861	Jag förstår inte ett ord.	7013879	Я ни слова не понимаю.
8746318	Håll avståndet.	7048725	Держи дистанцию.
11473028	Jag sköt mig själv i foten.	7085848	Я выстрелил себе в ногу.
9990685	Människor har stora hjärnor.	7116506	У людей большой мозг.
10696700	Apor gillar bananer.	7252537	Обезьяны любят бананы.
8955741	Jag behöver kärlek.	7275279	Мне нужна любовь.
7746519	Jag vägrar att använda plastpåsar.	7320061	Я отказываюсь использовать пластиковые пакеты.
2091414	En droppe blod föll till marken.	7343467	Капля крови упала на землю.
2864955	Jag vill tala engelska.	7419937	Я хочу говорить по-английски.
7427771	Vi kör på Stockholms gator.	7427783	Мы едем по улицам Стокгольма.
10702385	Uranus är en planet.	7435379	Уран - это планета.
1999704	De kommer med undanflykter.	7460903	Они тянут время.
10714493	Det regnade inte i går.	7466144	Вчера дождя не было.
10714494	Det regnade inte igår.	7466144	Вчера дождя не было.
4328491	De var medlemmar av medelklassen.	7525308	Они принадлежали к среднему классу.
11061981	Jupiter är en planet.	7644275	Юпитер - это планета.
5265556	Måste du gå?	7670808	Тебе надо уйти?
7746603	Hur länge har du bott i Sverige?	7748288	Как долго вы живете в Швеции?
7805229	Marina är från Ryssland och Clarissa är från Sverige.	7797338	Марина из России, а Кларисса - из Швеции.
2193481	Har du hittat någonting?	7836183	Ты что-то нашёл?
9867306	Jag måste fundera på det här.	7883119	Мне нужно над этим подумать.
9867333	Jag måste fundera på det.	7883119	Мне нужно над этим подумать.
9844391	Tyvärr!	7938081	К сожалению!
10104438	Jag är inte nöjd med kvalitén på ditt arbete.	7939876	Я недоволен качеством Вашей работы.
1462359	Har du böcker på esperanto?	7940558	У вас есть книги на эсперанто?
1462359	Har du böcker på esperanto?	7940559	У тебя есть книги на эсперанто?
7948671	Han är en programmerare.	7948670	Он программист.
11163190	Var är pennan?	7949616	Где ручка?
2212559	Hon gör berlocker av plexiglas.	7973295	Она делает брелоки из оргстекла.
2212559	Hon gör berlocker av plexiglas.	7973296	Она делает брелки из оргстекла.
2171281	Hans amorbåge är helt perfekt.	7973304	Его арка Купидона просто идеальна.
11956231	Du är känslig.	7982283	Ты чувствительный.
11532625	Jag heter Marina.	8029691	Меня зовут Марина.
8021026	Sådana nyheter är intressanta.	8030473	Такие новости интересны.
2151264	Hon lider av alexi.	8032697	Она страдает алектическим расстройством чтения.
10735200	Min hund jamar.	8100341	Моя собака мяукает.
4320697	Jag kan vänta här ute.	8116265	Я могу подождать снаружи.
2127903	Jag förstår inte vad hon försöker säga.	8116834	Я не понимаю, что она пытается сказать.
4451066	Vi måste göra det som är rätt.	8116844	Мы должны делать то, что правильно.
2212666	De asgarvar.	8117252	Они лопаются от смеха.
2212666	De asgarvar.	8117253	Они хохочут во всё горло.
2212666	De asgarvar.	8117254	Они смеются, как ненормальные.
2212665	De asgarvade.	8117255	Они лопались от смеха.
2212665	De asgarvade.	8117257	Они громко хохотали.
2212665	De asgarvade.	8117398	Они громко смеялись.
2212665	De asgarvade.	8117428	Они угарали со смеху.
2212665	De asgarvade.	8117429	Они умирали со смеха.
2212665	De asgarvade.	8117430	Они гомерически хохотали.
2212665	De asgarvade.	8117431	Они смеялись во всё горло.
7864077	Jag gråter aldrig.	8119803	Я никогда не плачу.
7046137	De frös ut henne.	8121112	Они заморозили её.
6129502	Jag kan också fråga henne om hon vill ta med sig sin nya pojkvän.	8121118	Я также могу спросить её, хочет ли она привести своего нового парня.
6129502	Jag kan också fråga henne om hon vill ta med sig sin nya pojkvän.	8121119	Я также могу спросить её, хочет ли она взять с собой своего нового парня.
2022423	Jag blev bortförd av utomjordingar.	8121124	Я был похищен инопланетянами.
2022424	Jag blev bortförd av rymdvarelser.	8121124	Я был похищен инопланетянами.
2022425	Jag blev kidnappad av rymdvarelser.	8121124	Я был похищен инопланетянами.
2022426	Jag blev kidnappad av utomjordingar.	8121124	Я был похищен инопланетянами.
7895271	Huset har sålts.	8195002	Дом был продан.
8201275	Jag kan inte köra hem.	8199865	Я не могу ехать домой.
12238905	Jag talar inte italienska.	8223862	Я не говорю по-итальянски.
3809646	Vilken film ska du se?	8231105	Какой фильм ты будешь смотреть?
3809646	Vilken film ska du se?	8231106	Какой фильм вы будете смотреть?
7863976	Hon ska bli lärare.	8231783	Она будет учительницей.
8225766	Jag har alla världens länders flaggor.	8308617	У меня есть флаги каждой страны мира.
3717701	Han bad mig stå upp.	8379413	Он попросил меня встать.
3717703	Han bad mig att stå upp.	8379413	Он попросил меня встать.
2160578	Jag är förvånad att han antog erbjudandet.	8414359	Удивительно, что он принял предложение.
8442527	Jag har ölmage.	8442503	У меня пивной живот.
8547941	Jag har en vän som kan hjälpa dig.	8548549	У меня есть друг, который может тебе помочь.
8554047	Universum är ett mysterium.	8553623	Вселенная — это загадка.
3711522	Borsta tänderna.	8584306	Почисть зубы.
3711523	Borsta dina tänder.	8584306	Почисть зубы.
4412029	Inga men.	8606224	Никаких "но".
8604541	Fortsätt andas.	8615852	Продолжай дышать.
9688861	Jag förstår inte ett ord.	8623182	Я не понимаю ни слова.
3122200	De gick hand i hand till restaurangen.	8641346	Они пошли в ресторан рука об руку.
3122200	De gick hand i hand till restaurangen.	8641347	Они шли в ресторан рука об руку.
6302982	Sami var där borta hela tiden.	8684951	Сами был там все время.
8688170	Tom är i Australien med sina föräldrar.	8688162	Том в Австралии с родителями.
8693932	När var den senaste gången du var på semester?	8693922	Вы когда последний раз были в отпуске?
8693937	När var du senast på semester?	8693922	Вы когда последний раз были в отпуске?
12244094	Grönlands huvudstad är Nuuk.	8725910	Столица Гренландии - Нуук.
10713274	Din son är en hjälte.	8742430	Твой сын - герой.
5118566	Jag känner någon som kan gå på vatten.	8759981	Я знаю кое-кого, кто может ходить по воде.
5118574	Jag känner en som kan gå på vatten.	8759981	Я знаю кое-кого, кто может ходить по воде.
4159725	Den är alldeles underbar.	8811551	Это просто замечательно.
1603613	Ni måste hem.	8830263	Вам пора домой.
9680193	Geparden är det snabbaste djuret i världen.	8852365	Гепард - самое быстрое животное в мире.
6739846	Jag är rädd att jag behöver mer tid för att övertyga honom.	8861074	Боюсь, мне понадобится больше времени, чтобы его убедить.
3888562	Hon var väldigt rädd för honom.	8863204	Она его очень боялась.
4391568	Under förhöret bekände han sin skuld.	8868118	Во время допроса он признал свою вину.
10161063	Jag vill lära mig att sticka.	8883329	Я хочу научиться вязать.
2237781	Du måste passa din hund.	8902744	Ты должен следить за своей собакой.
8916454	Vi äter mycket.	8916451	Мы много едим.
8940957	Vi har en näbbdjur.	8940859	У нас есть утконос.
8944206	Någon som vet mer om detta?	8945532	Кто-нибудь знает больше об этом?
8950315	Här är vår adress.	8949275	Вот наш адрес.
8951368	Jag bor nu i Australien.	8951367	Я сейчас живу в Австралии.
4025400	Du är min pappa.	8952257	Ты мой папа.
7046129	Varför skulle det vara en sådan dålig idé?	8959989	Почему это такая плохая идея?
8979299	Vem tillhör månen?	8979303	Кому принадлежит Луна?
2594384	Tom lurade dig.	8981108	Том солгал тебе.
10705985	Hon försöker.	8994576	Она пытается.
4408144	Det är nog bäst att du är tyst.	8998867	Тебе лучше помолчать.
12656050	Klockan är halv tio.	9004871	Сейчас половина десятого.
10705666	Vi kan börja.	9062200	Можем начинать.
10705666	Vi kan börja.	9062201	Мы можем начинать.
10705835	Vi är döva.	9108515	Мы глухие.
6289629	Jag ser din häst.	9118713	Я вижу твою лошадь.
3721045	Lägenheten är utrustad med splitter ny kyl och frys.	9136963	Квартира оснащена совершенно новым холодильником с морозильной камерой.
9163197	Åldern spelar ingen roll.	9171060	Возраст не имеет значения.
13205845	Mitt livs ljus slocknar snart.	9232273	Свеча моей жизни скоро потухнет.
9346491	Tom är en man, och jag är en kvinna.	9346893	Том - мужчина, а я женщина.
8800498	Vi är överens.	9441803	Мы договорились.
9445761	Tom lekte katt och råtta med Mary.	9445629	Том играл с Марией в кошки-мышки.
3887451	Hon var väldigt rädd om honom.	9497355	Она очень боялась за него.
3794942	Jag döljer ingenting.	9504815	Я ничего не прячу.
9520616	Jag ändrade meningen.	9520362	Я изменил предложение.
9520616	Jag ändrade meningen.	9520363	Я изменила предложение.
8770163	De fångade en tjuv.	9527665	Они поймали вора.
9621884	Meningen är en ordagrann översättning från engelskan. Så talar man egentligen inte.	9621811	Предложение — дословный перевод с английского. Так, в общем-то, не говорят.
3829463	Var övernattade ni?	9690751	Где вы ночевали?
3721024	Han börjar skolan nästa år.	9694099	В следующем году он пойдёт в школу.
2194100	Det svider till, men sedan går det över.	9694128	Поболит и перестанет.
3122084	Han stannade till framför dem.	9694165	Он вдруг остановился перед ними.
4327896	När behöver de mig?	9851339	Когда я им нужен?
1605003	Weigongcuns tunnelbanestation har tre utgångar.	9851342	Станция пекинского метрополитена Вэйгунцунь имеет три выхода.
9163197	Åldern spelar ingen roll.	9851344	Возраст не важен.
9418619	Jag växte upp i den södra delen av Chicago.	9851486	Я вырос на юге Чикаго.
2143154	Han tog med sig en vän.	9851488	Он привёл с собой друга.
8945319	Jag uppskattar hennes uppriktighet.	9851490	Я ценю её искренность.
4163784	Vad dricker du, vitt eller rött?	9851491	Ты какое пьёшь, белое или красное?
2083287	Har han accepterat vår inbjudan?	9851492	Он принял наше приглашение?
2148146	De har köpt nya högtalare.	9851495	Они купили новые колонки.
9714686	Vilken hylla är den på?	9852172	На какой он полке?
2171247	Allting har ett pris, det goda visar sig vara dyrare än det onda.	9852173	У всего есть своя цена, хорошее дороже плохого.
3711682	Är du partisk?	9852174	Ты предвзят?
3720947	Han strödde lite socker på gröten.	9852180	Он посыпал кашу сахаром.
1964125	Han fick ett undvikande svar.	9852183	Ему дали уклончивый ответ.
2514339	Det är förbjudet att vistas innanför avspärrningarna.	9852184	Находиться внутри заграждения запрещено.
2190060	Han kände medlidande med oss.	9852185	Ему было нас жалко.
3717127	Det finns inga vilda isbjörnar i Norden.	9852187	В скандинавских странах нет диких белых медведей.
7997312	Kan jag låna din penna?	9852201	Могу я одолжить твою ручку?
7997312	Kan jag låna din penna?	9852202	Могу я одолжить у тебя ручку?
5875609	Har du nattat de små?	9852203	Ты уложил спать малышей?
2373612	Hon lever ett bekymmerslöst liv.	9852204	Она живёт беззаботной жизнью.
1965252	Han stal mina pengar från förvaret.	9852205	Он украл мои деньги из сейфа.
1435222	Jag är tvungen att hitta ett deltidsarbete.	9852206	Мне нужно найти работу на неполный рабочий день.
3096713	Melanie dödade oavsiktligt en fluga.	9852207	Мелани случайно убила муху.
3096713	Melanie dödade oavsiktligt en fluga.	9852208	Мелани не нарочно убила муху.
2031064	Min mamma lagar mat åt mig.	9852209	Моя мама готовит для меня.
8746318	Håll avståndet.	9852210	Соблюдай дистанцию.
2147933	Flickan är nu utom fara.	9852211	Девушка сейчас вне опасности.
4072648	Den cancerformen är tack och lov mycket ovanlig.	9852212	К счастью, эта форма рака очень необычна.
2261032	Fastän det låter märkligt är det sant det hon sade.	9852213	Хотя это звучит странно, но то, что она сказала - правда.
3721094	Trots att han äter som en fågel, går han bara mer och mer upp i vikt.	9852214	Несмотря на то, что он ест столько же, сколько птица, он продолжает набирать в весе.
8408749	Han kom hem sent på natten.	9852638	Он пришёл домой поздно ночью.
6793312	I går var jag sjuk, men i dag känner jag mig bra.	9852641	Вчера я болел, но сегодня чувствую себя хорошо.
3830945	Du kan ändra det under inställningar.	9852646	Ты можешь изменить это в настройках.
4328241	Hur lagar man den här?	9852649	Как это исправить?
4328241	Hur lagar man den här?	9852650	Как это починить?
7046108	Det är förbjudet att framföra fordon här.	9852656	Здесь запрещено передвигаться на транспортном средстве.
9851709	Vi har överlevt ännu en kall vinter.	9852659	Мы пережили ещё одну холодную зиму.
401226	Skolbarn är förkylda dubbelt så ofta som vuxna.	9852662	Школьники простужаются вдвое чаще, чем взрослые.
401226	Skolbarn är förkylda dubbelt så ofta som vuxna.	9852666	Школьники болеют простудой вдвое чаще, чем взрослые.
9557206	Tom vittnade under Marys rättegång.	9852669	Том был свидетелем в суде по делу Мэри.
5913111	Du verkade inte förstå vad Tom sa.	9852673	Похоже, ты не понял, о чём говорил Том.
5913111	Du verkade inte förstå vad Tom sa.	9852675	Похоже, ты не понял сказанное Томом.
1966242	Han gillar att lyssna på radio.	9852676	Ему нравится слушать радио.
8945318	Har ni tagit med er frallor?	9852684	Вы принесли булочки?
8761135	Hon hade ett litet runt föremål i handen.	9852688	В руке у неё был небольшой круглый предмет.
8761135	Hon hade ett litet runt föremål i handen.	9852689	В руке она держала небольшой круглый предмет.
7148884	Jag iakttar gärna folk.	9852690	Я люблю смотреть на людей.
1963952	De nykläckta fågelungarna var alldeles duniga.	9853436	Только что вылупившиеся птенцы были очень пушистыми.
4435323	Han hängde upp sina ytterkläder i tamburen.	9853456	Свою верхнюю одежду он повесил в коридоре.
2466659	Liisa är en aktiv och energisk ung kvinna.	9853458	Лиза - активная и энергичная молодая женщина.
3784752	”Hur är det fatt?” frågade en liten vit kanin.	9853459	«Что случилось?» - спросил маленький белый кролик.
3809753	Skyndar du dig inte, kommer du försent!	9853474	Если ты не поторопишься, то опоздаешь!
9853491	Kan jag då kanske hjälpa er på något sätt?	9853492	Может, я смогу вам чем-нибудь помочь?
9854172	Skriv en kort text om dig själv.	9854121	Напишите короткий текст о себе.
5892991	Svara!	9855409	Ответь!
8673949	Kör!	9855414	Едь!
8673949	Kör!	9855415	Давай, жми!
8902929	Detsamma.	9855423	То же самое.
1125647	Nunnorna sjunger.	9855443	Монахини поют.
1465389	Dagen gryr.	9855444	Рассветает.
1494070	Mannen vaknar.	9855446	Мужчина просыпается.
1960479	Bestämt inte.	9855458	Точно нет.
9800933	Verkligen inte.	9855458	Точно нет.
1964910	Skeppet kapsejsade.	9855462	Корабль перевернулся.
1971741	Barnen knuffades.	9855466	Дети толкались.
2328205	Jag fick ge upp.	9855846	Мне пришлось сдаться.
8591873	Han sade till flickan att han älskade henne.	9855847	Он сказал девушке, что любит её.
4364204	Umgås du mycket med dina syskon?	9855848	Ты проводишь много времени со своими братьями и сёстрами?
3807163	När jag kom hem satt Ken och läste.	9855849	Кен читал, когда я вернулся домой.
8965475	De gav oss ett jobb.	9855850	Они поручили нам работу.
1988708	Dimman var så tjock att jag inte kunde se vart jag var på väg.	9855851	Туман был настолько густым, что я не мог видеть, куда иду.
3784934	Far ska opereras.	9855852	Отцу предстоит операция.
3784934	Far ska opereras.	9855853	Отца будут оперировать.
891505	Han är från England, men är väldigt dålig på engelska.	9855854	Он из Англии, но очень плохо говорит по-английски.
891505	Han är från England, men är väldigt dålig på engelska.	9855855	Он родом из Англии, но очень плохо говорит по-английски.
2031060	Katten flydde med en bit fisk från köket.	9855856	Кот выбежал из кухни с куском рыбы.
4427074	"Jag kan rita en perfekt cirkel på fri hand." "Ha! Det skulle jag bra gärna vilja se!"	9855857	"Я могу нарисовать идеальный круг от руки" - "Ха! Я хотел бы на это взглянуть!".
1700343	Jag beter mig inte som du.	9855858	Я не веду себя как ты.
3125044	De fick honom att tro att han är bäst.	9855859	Они заставили его поверить в то, что он лучше всех.
9068826	Han är kanske fransman.	9855861	Может быть, он француз.
1988689	Vem kommer att vinna i Ohio?	9855862	Кто победит в Огайо?
5908873	Han skrattade utan anledning.	9855864	Он рассмеялся без причины.
3830911	Han hade inte den blekaste aning om hur gammal hans farmor var.	9855866	Он не имел ни малейшего представления, сколько лет его бабушке.
7046007	Har du fått löneförhöjning igen?	9855868	Тебе снова повысили зарплату?
7046007	Har du fått löneförhöjning igen?	9855871	Ты снова получил прибавку к зарплате?
2271545	Bilen täcktes i ett avgasmoln.	9855872	Машину окутало облако выхлопных газов.
2373618	Bry dig inte om vad andra människor tycker.	9855873	Не переживай насчёт мнения других людей.
409670	Han stal plånboken av mig.	9855874	Он украл у меня кошелёк.
5887822	Jag skulle köpa den, men den är för dyr.	9855876	Я бы купил его, но он стоит слишком дорого.
5330398	Tomi älskar anime som en tokstolle.	9855877	Том обожает аниме.
7044723	Annars vet jag ingenting.	9855878	Я ничего не знаю, кроме этого.
1405799	Jag har levt här under en lång tid.	9855879	Я живу здесь уже давно.
5897716	Du kan klicka på pennan för att ändra meningar i efterhand.	9855880	Ты можешь нажать на ручку, чтобы позже изменить предложение.
4157096	Jag har ingen aning om hur länge det kommer att ta.	9855881	Понятия не имею, сколько времени это займёт.
8841008	Du måste göra det, oavsett om du vill eller inte.	9855882	Ты должен это делать вне зависимости от того, хочешь ты этого или нет.
8978172	Ska vi följas åt till skolan?	9855883	Ты пойдёшь со мной в школу?
5204063	Jag är aldrig hemma på söndagar.	9855884	Я никогда не бываю дома по воскресеньям.
2148885	Hon kände sig föranledd att abdikera.	9855885	Она чувствовала, что вынуждена отречься от престола.
2794223	Mary är nu en glad liten flicka.	9855886	Мэри теперь счастливая маленькая девочка.
6363859	Sami fortsatte försöka.	9855887	Он продолжал пытаться.
6363859	Sami fortsatte försöka.	9855888	Сами попробовал ещё раз.
6363859	Sami fortsatte försöka.	9855889	Сами продолжал попытки.
1276732	Hon är en person som kan konsten att vända motgång till framgång.	9855890	Она человек, который обладает искусством превращать невзгоды в успех.
3720789	Kan vi inte byta samtalsämne.	9855891	Мы не можем сменить тему.
3720789	Kan vi inte byta samtalsämne.	9855892	Мы не можем поменять тему.
3720789	Kan vi inte byta samtalsämne.	9855893	Мы не можем изменить тему.
2714769	Jag kommer inte ihåg texten.	9855894	Я не могу вспомнить текст.
2111060	I år är det jag som har kokat knäcken.	9855898	В этом году я приготовил карамель из патоки.
2172012	Hans anhållan avslogs.	9855899	Его просьба была отклонена.
2172012	Hans anhållan avslogs.	9855900	Его просьбу отклонили.
3809722	Toms dröm är att bli rik.	9855902	Мечта Тома - разбогатеть.
3809722	Toms dröm är att bli rik.	9855903	Том мечтает стать очень богатым.
3877619	Hon undrar vad du gjorde i går.	9855904	Ей интересно, чем ты занимался вчера.
4839798	Min mor är mer nervös över examensresultatet än vad jag är.	9855906	Моя мама больше нервничает по поводу результатов экзамена, чем я.
8604411	Vi kommer att träffas imorgon.	9855909	Мы встретимся завтра.
9834881	En grupp maskerade män attackerade Tom.	9858823	Группа мужчин в масках напала на Тома.
9833621	Ett gäng maskerade män attackerade Tom.	9858824	На Тома напала банда в масках.
2243486	Min bror måste skriva en tentamen.	9858825	Моему брату предстоит сдавать экзамен.
2243486	Min bror måste skriva en tentamen.	9858826	Моему брату нужно сдать экзамен.
4401180	Kom så går vi och simmar.	9858827	Давай пойдём поплаваем.
8601471	Vi kommer att förklara det steg för steg.	9858828	Мы объясним этот вопрос шаг за шагом.
8601471	Vi kommer att förklara det steg för steg.	9858829	Мы объясним всё по порядку.
1996328	Skämta inte med mig!	9858830	Давай без шуток!
4843349	Han låtsades vara sjuk, så att han kunde vara frånvarande från skolan.	9858831	Он притворился больным, чтобы не ходить в школу.
4391819	Stadens snabba tillväxt överraskade oss.	9858832	Мы были удивлены стремительным ростом города.
1964636	Sötningsmedel har till mångt och mycket samma effekt som socker.	9858834	Подсластители имеют тот же эффект, что и сахар.
4441845	Jag kommer att sakna det.	9858836	Я буду скучать по этому.
891166	Det där måste vara historiens rödaste finne.	9858837	Это, должно быть, самый красный прыщик в истории.
3891665	Han fick inte av sig byxorna.	9858839	Он не мог снять штаны.
9858840	Läs högt 5 minuter per dag.	9858841	Читай вслух по пять минут в день.
9858846	Vi ses i nästa film!	9858847	Увидимся в следующем видео!
2701205	Vilken tid passar er?	9858874	Во сколько вам удобно?
2144217	Får jag besvära Er med en anhållan?	9858900	Могу я побеспокоить Вас одной просьбой?
2027296	Sluta besvära mig.	9858901	Перестань меня беспокоить.
9858902	Så där ja!	9858903	Так-то вот!
9858902	Så där ja!	9858904	Ну вот!
2513562	Ansökan avslogs.	9858907	Заявление было отклонено.
2699319	Hennes ledighetsansökan avslogs.	9858909	Её прошение об отпуске было отклонено.
3721128	Hon har varit utan anställning i sex månader nu.	9860768	Она уже полгода не работает.
5926119	Tom ler inte särskilt ofta.	9860769	Том не часто улыбается.
4442749	Ingen visste vart han hade tagit vägen.	9860771	Никто не знал, куда он пошёл.
9770825	Ladugården brinner.	9860772	Сарай горит.
5260729	Jag är säker på att hon inte kommer och träffar dig.	9860778	Я уверен, что она не придёт, чтобы встретиться с тобой.
7085081	Tom står högt i kurs hos flickorna.	9860782	Том пользуется большим уважением среди девушек.
4317093	Det är kanske bättre att jag gör det.	9860785	А что, если я это сделаю?
4157247	Tom var komiker.	9860790	Том - комик.
4320130	Kan jag beställa en?	9860792	Могу я заказать один?
1960953	De frågade Kate om hon kunde sitta barnvakt åt barnet.	9861426	Они спросили Кейт, может ли она присмотреть за ребёнком.
1960953	De frågade Kate om hon kunde sitta barnvakt åt barnet.	9861434	Они попросили Кейт присмотреть за ребёнком.
929909	Många vackra blommor blommar på våren.	9861563	Весной распускается множество прелестных цветов.
4328475	Vem annan var här inne?	9861594	Кто ещё здесь был?
8439169	Ingen trodde på det jag sade.	9862548	Никто не поверил тому, что я сказал.
4346725	Hon läste papperet upp och ned.	9862561	Она читала газету вверх ногами.
2157887	Detta är långt ifrån säkert.	9862583	Это нельзя утверждать категорично.
9644773	Kusingifte ökar risken för ärftliga sjukdomar.	9862594	Брак между двоюродными братьями и сёстрами увеличивает риск наследственных заболеваний.
3125126	Vilken liten svans den där hunden har.	9862600	Какой же маленький хвостик у этой собаки.
8388274	Varför ser ni så ledsna ut?	9862607	Почему у тебя такой печальный вид?
5007397	Jag vet att ni har viktigare saker att tänka på.	9862616	Я знаю, что у вас есть более важные дела, о которых нужно подумать.
4357840	Får jag se dina händer?	9862625	Могу я взглянуть на твои руки?
2373673	Till slut förstod de vad vi menade.	9862627	В конце концов, они поняли, что мы имели в виду.
2373673	Till slut förstod de vad vi menade.	9862630	Они наконец поняли, что мы имели в виду.
7680949	Minns du då Tom och Mary kom hit för första gången?	9865889	Ты помнишь, когда Том и Мэри впервые приехали сюда?
4447206	Det här är väldigt läskigt.	9865890	Это очень страшно.
2373577	Hon vänsterprasslar med grannen.	9865892	Она изменяет с соседом.
4408505	De två männen var kompanjoner.	9865893	Двое мужчин были деловыми партнёрами.
3864098	Det är ett yrke som jag aldrig hört talas om förut.	9865894	Я никогда раньше не слышал об этой профессии.
3830853	Hon hamnade i trångmål.	9865895	Она попала в беду.
4343917	Hur går det för mig?	9865896	Как я поживаю?
3124084	Redan tanken på att han skulle lämna honom gav honom en stor klump i halsen.	9865906	Сама мысль о том, что он бросит его, вызывала у него появление кома в горле.
6779970	Tom ville att Maria skulle samarbeta.	9865910	Том хотел, чтобы Мария сотрудничала.
4330109	De bor på landet på somrarna.	9866289	Летом они живут на даче.
2594384	Tom lurade dig.	9866293	Том одурачил тебя.
3881321	Ni var inte särskilt trevliga.	9866296	Вы были не очень милы.
4391756	Invånarna på ön är vänliga.	9866297	Жители острова дружелюбны.
2513619	Oron avspeglades i hennes ansikte.	9866298	Тревога оставила свой след на её лице.
2513619	Oron avspeglades i hennes ansikte.	9866299	Тревога отразилась на её лице.
9714636	Tuppen är stolt över sin kam.	9866301	Петух гордится своим гребешком.
4397785	Tom svetsade samman de två rören.	9866309	Том сварил две трубы.
2147537	Han kan inte ha tappat bort sina nycklar.	9866311	Он не мог потерять свои ключи.
8405360	Jag blev fullständigt genomblöt av regnskuren.	9866313	Я промок насквозь под дождём.
3867491	De buteljerade vinet.	9866315	Они разлили вино по бутылкам.
3794797	Vet du vilken färg han gillar?	9866316	Ты знаешь, какой цвет ему нравится?
2043485	Han hade ett litet, runt föremål i handen.	9866318	В руке у него был небольшой круглый предмет.
3718782	Det finns folk som läser böcker för att slå ihjäl tid.	9866319	Есть люди, которые читают книги, чтобы убить время.
3125042	Det låter som att ni hade en kul kväll i går.	9866322	Похоже, ты хорошо провёл прошлую ночь.
2462153	Barnet är redan döpt.	9867234	Ребёнок уже принял крещение.
4371002	Jag bär vanligtvis inte hatt.	9867235	Обычно я не ношу шляпу.
3877011	Det är troligtvis hemsökt.	9867238	Наверное, там есть привидения.
3877011	Det är troligtvis hemsökt.	9867239	Наверное, там обитают привидения.
2699317	De älskade det.	9867241	Им это понравилось.
2656109	Skulle du kunna ögna igenom de där papperen lite?	9867252	Не мог бы ты просмотреть эти бумаги?
2656109	Skulle du kunna ögna igenom de där papperen lite?	9867253	Не мог бы ты взглянуть на эти бумаги?
3841287	Jag drack en kopp kaffe på ett kafé i Stockholm.	9867257	Я выпил чашку кофе в кафе в Стокгольме.
651205	Vår telefon fungerar inte längre. Jag skulle behöva laga den.	9867263	Наш телефон больше не работает. Я должен его починить.
2188902	När de möter varandra, grälar de utan undantag.	9867267	Они всегда ссорятся при встрече.
3900032	De skådelystna ställde sig kring hans nya bil.	9867271	Любопытствующие стояли вокруг его новой машины.
9696156	Jag gillar verkligen inte honom.	9867277	Он мне совсем не нравится.
2181750	Vad har du för argument?	9867278	Каковы твои аргументы?
3830851	Hon har ett väldigt häftigt temperament.	9867282	Она очень вспыльчивая.
3830851	Hon har ett väldigt häftigt temperament.	9867283	У неё очень крутой нрав.
8800498	Vi är överens.	9867284	Мы пришли к соглашению.
1988799	Jag är faktiskt väldigt upptagen.	9867286	На самом деле я очень занят.
4451212	Vi har sett vad Tom kan göra.	9867287	Мы видели, на что способен Том.
9867306	Jag måste fundera på det här.	9867308	Мне нужно всё это обдумать.
9867315	Jag måste få rätsida på det här.	9867308	Мне нужно всё это обдумать.
9867315	Jag måste få rätsida på det här.	9867322	Мне надо во всём этом разобраться.
9867327	Jag har mycket att fundera på.	9867330	Мне нужно о многом подумать.
9867344	Få rätsida på tankarna.	9867346	Очисти свой разум.
6363982	Tom simmade med hajar.	9867349	Том плавал с акулами.
8428937	Uppgiftens värde är grundat i det som den innebär.	9867353	Ценность задачи заключается в выполнении.
2514388	Detta kök är otroligt svårt att jobba i, då det helt och hållet saknar avställningsyta.	9867357	На этой кухне невероятно сложно работать, так как на ней совершенно не хватает места.
9867436	Han är istadig som en åsna.	9867454	Он упрямый, как осёл.
9867436	Han är istadig som en åsna.	9867456	Он упёртый, как осёл.
9867409	Sluta stirra.	9867457	Хватит пялиться.
9867416	Lägg av med att stirra.	9867457	Хватит пялиться.
9867402	Han sparkade mig på ballarna.	9867458	Он пнул меня по яйцам.
9867549	Du har en stor mage.	9867550	У тебя большой живот.
9867553	Hur mäter jag min midja och höft?	9867554	Как мне измерить талию и бедра?
9867571	Man får inte köra snabbare än hastighetsbegränsningen.	9867573	Нельзя ехать быстрее установленной скорости.
4340367	Jag är glad att jag har träffat dig.	9867648	Я рад, что встретил тебя.
2782939	Den här pingvinungen är så söt!	9867651	Этот пингвинёнок такой милый.
1971079	Hälsan är det viktigaste i livet.	9870169	Здоровье - это самое главное в жизни.
7167080	Ut med språket!	9870187	Давай, выкладывай!
7167080	Ut med språket!	9870189	Ну, говори же!
9870184	Så modig du är!	9870214	Какая ты храбрая!
9870184	Så modig du är!	9870215	Какой ты храбрый!
9870184	Så modig du är!	9870217	Какой ты смелый!
4345826	Jag kan vara ärlig.	9870223	Я могу быть честным.
3720735	Omedvetet spelade vi dem i händerna.	9870387	Невольно мы сыграли им на руку.
6363885	Sami hotade Layla med en kniv.	9870397	Сами угрожал Лейле ножом.
4408977	Det funkar.	9870449	Это функционирует.
2400730	Ett lågtrycksområde täcker hela Skandinavien med växlande vind och molnighet.	9870457	Область низкого давления с переменным ветром и облачностью охватывает всю Скандинавию.
9159852	Vi måste ha någonting att leva för.	9870478	Нам нужно ради чего-то жить.
7863976	Hon ska bli lärare.	9870534	Она станет учительницей.
3720939	Han lade steken i frysen.	9870579	Он положил стейки в морозилку.
9160972	Jag ska hålla käften nu.	9870660	Я сейчас замолчу.
4025422	Dan och Linda flyttade så småningom till London.	9870674	Дэн и Линда в конце концов переехали в Лондон.
9871512	Han började häva ur sig svordomar.	9871515	Он начал ругаться.
337412	Vi trodde att det var ett flygande tefat.	9925173	Мы подумали, что это летающая тарелка.
353823	Han gnäller alltid på dålig medicinsk behandling.	9925353	Он постоянно жалуется на плохое медицинское обслуживание.
4343440	Jag fick en rutten en.	9929079	Мне попался гнилой.
4343507	Jag skaffade en åt oss.	9929110	Я купил одну нам.
4343511	Jag har gjort mig fin i håret.	9929113	Я сделал себе причёску.
2228065	Får den här lådan plats i skåpbilen?	9929841	Есть ли место для этого ящика в фургоне?
2239108	Det har börjat töa.	9932084	Началась оттепель.
7046198	Han fryser om händerna.	9937518	У него замёрзли руки.
3830737	Stora delar av publiken brast ut i skratt.	9941445	Большая часть публики рассмеялась.
3830737	Stora delar av publiken brast ut i skratt.	9941447	Большая часть публики расхохоталась.
7047237	Jag bestämmer själv.	9941476	Я сам принимаю решения.
7047237	Jag bestämmer själv.	9941477	Я принимаю решения самостоятельно.
2014183	Det är Tom som bestämmer.	9941478	Том здесь решает.
2014183	Det är Tom som bestämmer.	9941479	Том здесь принимает решения.
4347050	Det är jag som bestämmer.	9941480	Здесь я принимаю решения.
2014183	Det är Tom som bestämmer.	9941481	Том здесь главный.
3721011	Huset inrymmer femtio lägenheter.	9941486	В доме пятьдесят квартир.
3889658	Brukar du öva på din handstil?	9946153	Ты обычно практикуешься в чистописании?
3889658	Brukar du öva på din handstil?	9946154	Ты работаешь над улучшением своего почерка?
3889657	Du skulle behöva öva på din handstil.	9946158	Тебе нужно попрактиковаться в чистописании.
3889657	Du skulle behöva öva på din handstil.	9946160	Тебе нужно поработать над своим почерком.
3864079	Har du någon favoritchokladsort?	9946164	У тебя есть любимый сорт шоколада?
2048570	Jag tycker att du är lite för noggrann.	9946172	Я думаю, что ты слишком осторожный.
1971939	Hans mage skriker.	9946230	У него урчит в животе.
1971940	Hennes mage skriker.	9946236	У неё урчит в животе.
3720785	Jag har trög mage.	9946252	У меня вялый живот.
3720996	Min mage skriker av hunger.	9946253	Мой желудок урчит от голода.
2049068	Du får inte smita.	9946259	Тебе не удастся сбежать.
2291277	Du får inte se.	9946262	Тебе нельзя смотреть.
1969041	Du får inte vidröra konstverken.	9946263	Произведения искусства трогать нельзя.
1969042	Du får inte röra konstverken.	9946263	Произведения искусства трогать нельзя.
2015531	Du kommer med undanflykter.	9946271	Ты тянешь время.
5873815	Leta vidare!	9953056	Поищи ещё!
9842430	Tom beklagar.	9954320	Том извиняется.
9842430	Tom beklagar.	9954321	Том просит прощения.
9800933	Verkligen inte.	9954324	Ни при каких условиях.
1988766	Hände det verkligen?	9954325	Это действительно произошло?
1988766	Hände det verkligen?	9954326	Это действительно случилось?
1988768	Trodde du verkligen det?	9954333	Ты действительно в это поверил?
2225641	Torka byxorna på elementet.	9954336	Высуши штаны на батарее.
372426	Lägg inte plånboken på elementet.	9954337	Не клади кошелёк на батарею.
3721208	Vad sägs om en kaffetår?	9954357	Как насчёт чашки кофе?
3889686	Skriv tydligt, tack.	9954406	Пиши разборчиво, пожалуйста.
9775155	Var inte rädda!	9954440	Не боись!
2122653	Är ni rädda än?	9954445	Вам уже страшно?
5198819	Estniskan är nära besläktad med finskan.	9954453	Эстонский язык тесно связан с финским.
5198820	Ungerskan är avlägset besläktad med finskan.	9954459	Венгерский язык - дальний родственник финского языка.
8770692	Tom ser sig omkring.	9959754	Том оглядывается.
8770692	Tom ser sig omkring.	9959759	Том смотрит по сторонам.
8770692	Tom ser sig omkring.	9959764	Том смотрит вокруг себя.
9946880	Våran trädgård var full av ogräs.	9960246	В нашем саду было полно сорняков.
7085089	Tom älskade Marias franska brytning.	9960334	Том любил французский акцент Марии.
7085090	Tom skar löken i halvringar.	9960337	Том нарезал лук полукольцами.
7085090	Tom skar löken i halvringar.	9960339	Том порезал лук полукольцами.
3721028	Han skrek för full hals.	9960352	Он кричал во всё горло.
7046219	Hon skrek för full hals.	9960356	Она кричала во всё горло.
7046219	Hon skrek för full hals.	9960358	Она орала во всё горло.
6366127	Min kollega har en stor hals.	9960359	У моего коллеги большая шея.
9550161	Avsnitt tolv är jättebra!	9960608	Двенадцатая серия великолепна!
7085086	Jag älskar avsnitt som Tom förekommer i.	9960610	Мне нравятся серии, в которых появляется Том.
4408107	Får man filma här?	9960621	Можно здесь снимать?
8787931	Får man röra den?	9960622	Это можно потрогать?
8787931	Får man röra den?	9960623	Это можно трогать?
5813045	Ljudet är väldigt högt.	9960626	Звук очень громкий.
4320166	Jag kan stå ut med det.	9960629	Я выдержу это.
7106911	Det är mycket viktigt att sopsortera.	9960772	Очень важно сортировать мусор.
7106911	Det är mycket viktigt att sopsortera.	9960774	Очень важно сортировать отходы.
2090811	Vart är du på väg?	9960858	Куда ты путь держишь?
2122675	Jag lämnar böckerna här.	9960988	Я оставляю книги здесь.
3846143	Hennes vita skor lämnar mörkröda spår.	9960989	Её белые туфли оставляют тёмно-красные следы.
2171253	Han menar allvar.	9961002	У него серьёзные намерения.
4335939	Prova den där skjortan.	9961014	Примерь ту рубашку.
4335939	Prova den där skjortan.	9961015	Померь ту рубашку.
3845967	I dag arbetar han i stället för mig.	9961044	Сегодня он работает вместо меня.
1969111	Jag är inte intresserad av modern konst.	9975017	Меня не интересует современное искусство.
5928980	Kom till saken!	9975048	Давай по делу.
9381401	Stör inte!	9975061	Просьба не беспокоить!
2049589	Hans föräldrar älskar mig.	9975069	Его родители любят меня.
9584220	Jag förstod det.	9975245	Я понял это.
3833769	Vi har listat ut det.	9975248	Мы разобрались с этим.
9820001	Tom kunde inte lista ut hur han skulle öppna lådan.	9975249	Том не мог понять, как открыть коробку.
9826475	Tom kunde inte lista ut hur han skulle få lådan öppnad.	9975249	Том не мог понять, как открыть коробку.
3891636	Vi ska få en ny lärare i morgon.	9975254	Завтра у нас будет новый учитель.
1141931	Vad krävs för att man ska få lite hjälp?	9975258	Что нужно делать, чтобы получить небольшую помощь?
4451970	Tom borde ha följt Marys råd.	9975307	Тому следовало последовать совету Мэри.
9837143	Disneyland var mycket intressant. Du borde ha följt med oss.	9975313	В Диснейленде было очень интересно. Тебе следовало пойти с нами.
1991642	Hon blev arg.	9979493	Она рассердилась.
491543	Han borde inte komma tillbaka hit.	9980881	Он не должен возвращаться сюда.
7046068	Hit vill jag aldrig komma tillbaka igen.	9980885	Я больше сюда никогда не вернусь.
7109487	Polis är på väg.	9980894	Полиция уже едет.
7109487	Polis är på väg.	9980895	Полиция уже в пути.
1135474	Det blev oavgjort.	9980898	Была ничья.
1966408	Vart går han?	9980935	Куда он направляется?
1966408	Vart går han?	9980937	Куда он путь держит?
4412053	Kom fram.	9980953	Выходи вперёд.
3078088	Miljoner personer förstår omedelbart interlingua.	9983553	Миллионы людей сразу же понимают интерлингва.
3720308	Jag är på väg.	9983575	Я уже в пути.
3720308	Jag är på väg.	9983577	Уже еду.
3830880	Han var inte tillräckligt skicklig.	9986571	Он не был достаточно опытным.
3830880	Han var inte tillräckligt skicklig.	9986572	Он не был достаточно компетентным.
2022398	Tom är skicklig.	9986573	Том компетентный.
3830928	Han är mycket skicklig på att teckna.	9986578	У него большой опыт в рисовании.
1998337	Vi borde äta.	9986613	Мы должны поесть.
2125903	Du borde veta.	9986616	Ты должен знать.
1433546	Jag vill veta detaljer.	9986618	Я хочу узнать подробности.
1433546	Jag vill veta detaljer.	9986619	Я хочу узнать детали.
1433546	Jag vill veta detaljer.	9986620	Я хочу узнать все обстоятельства дела.
8787968	Mer kaffe.	9986696	Ещё кофе.
8413827	Gärna för mig!	9986712	Я с удовольствием сделаю это.
2046232	Ur vägen för mig.	9986714	Держись подальше от меня.
2046234	Håll er ur min väg.	9986717	Держитесь подальше от меня.
8547930	Men jag vägrar.	9986752	Но я отказываюсь.
1992187	Sicken retsticka, va!	9986778	Какой же задира!
8419238	På onsdag träffar jag kunder.	9986790	Я встречаюсь с покупателями в среду.
8966107	Ta av dig slipsen.	9986810	Снимай галстук.
2143522	Jag försökte att undanröja alla tvivel.	9986829	Я постарался развеять все сомнения.
2143522	Jag försökte att undanröja alla tvivel.	9986830	Я постарался развеять любые сомнения.
9779795	Det är höjt över allt tvivel.	9986832	Это вне всяких сомнений.
9986871	Sverige har hjälpt mig att vara mig själv.	9986874	Швеция помогла мне быть самим собой.
9986149	Stå på öronen!	9986888	Осторожно, ты сейчас упадёшь!
9986149	Stå på öronen!	9986889	Осторожно, ты можешь упасть!
2149003	Hur hög är administrationsavgiften?	10000688	Что составляют административные сборы?
3835548	Han stekte pannkakor i en gjutjärnspanna.	10000694	Он жарил блины на чугунной сковороде.
3835548	Han stekte pannkakor i en gjutjärnspanna.	10000695	Он жарил блины на чугунной сковородке.
1294245	Det som göms i snö kommer upp i tö.	10003000	То, что спрятано в снегу, выходит наружу во время оттепели.
1294247	Det som göms i snö kommer fram i tö.	10003000	То, что спрятано в снегу, выходит наружу во время оттепели.
3717222	Vi fortsätter titta.	10003037	Мы продолжаем смотреть.
2085870	Jag gjorde några ändringar.	10005703	Я внёс некоторые поправки.
891017	Hon stannade fem dagar till.	10005707	Она осталась ещё на пять дней.
2239052	Har du avbokat vårt bord?	10005717	Ты отменил наше бронирование столика?
3784609	Hon tittade storögt på slottets storslagna väggar.	10009120	Она широко раскрытыми глазами смотрела на великолепные стены замка.
10009588	En skadad själ behöver bara lite kärlek och värme.	10009589	Раненой душе просто нужно немного любви и тепла.
10015398	Jag hörde inte vad du sade.	10015404	Я не расслышал, что ты сказал.
10015398	Jag hörde inte vad du sade.	10015406	Я не расслышал, что ты сказала.
10060664	Vad tänker jag på?	10018003	О чём я думаю?
10019546	De genomsökte huset.	10019540	Они обыскали дом.
8969747	Det är nästan dags för gästen att anlända.	10134525	Гости должны прийти с минуты на минуту.
10130784	Påvens sändebud hade inte anlänt ännu.	10134527	Посланник Папы ещё не прибыл.
10706025	Han bor på en ö.	10157242	Он живёт на острове.
10163221	Jag talar två språk: engelska och spanska.	10163224	Я говорю на двух языках: английском и испанском.
10706027	Han bodde på en ö.	10252207	Он жил на острове.
10354995	Det här är ditt bröd.	10345828	Это твой хлеб.
10347715	Han somnade in från en evig dvala.	10347651	Он уснул вечным сном.
12215812	Jag heter Maria.	10358463	Меня зовут Мария.
10359168	Jag lät mig fotograferas.	10359178	Я позволил себя сфотографировать.
10359168	Jag lät mig fotograferas.	10359179	Я позволила себя сфотографировать.
9752691	Han skilde äggulan från äggvitan.	10369400	Он отделил желток от белка.
12296684	Du är en bra kock.	10498996	Ты хороший повар.
10868122	Träskonäbbar äter fisk.	10597557	Китоглавы питаются рыбой.
2757215	Han dömdes till livstids fängelse.	10624956	Он был приговорен к пожизненному заключению.
2147836	Den här bäcken svämmar över varje vår.	10675832	Каждую весну этот ручей переполняется.
10698697	Mitt barn har försvunnit.	10696342	У меня потерялся ребёнок.
10705790	Tom investerade sina pengar i aktier.	10705804	Том вложил свои деньги в акции.
10705899	Varför kan inte Tom och jag äta tillsammans?	10705910	Почему мы с Томом не можем поесть вместе?
10710830	Isländska är mitt favoritspråk.	10710806	Исландский - мой любимый язык.
10714562	Hon återvände till sitt rum.	10714567	Она вернулась в свою комнату.
10714563	Han återvände till sitt rum.	10714574	Он вернулся в свою комнату.
10714568	Tom och jag äter alltid tillsammans.	10714578	Мы с Томом всегда едим вместе.
10724549	Jag vet att Tom är taxichaufför.	10732065	Я знаю, что Том таксист.
10724550	Jag vet att Tom är taxiförare.	10732065	Я знаю, что Том таксист.
12215822	Jag är Maria.	10753638	Я Мария.
11188763	Servrarna är nere.	11188768	Серверы не работают.
2172008	Nästa anhalt: Stockholm.	11249480	Следующая остановка - Стокгольм.
2172008	Nästa anhalt: Stockholm.	11249483	Следующая станция - Стокгольм.
11258140	Han reagerar inte alls.	11253458	Он никак не реагирует.
4320792	Kan du beskriva den?	11310000	Ты сможешь его описать?
4320794	Kan du beskriva honom?	11310000	Ты сможешь его описать?
11293381	Barnarbete är olagligt.	11433879	Детский труд незаконен.
11522344	Världen är en nation.	11522351	Мир - это нация.
11620178	Jag har aldrig varit intresserad av pengar.	11620143	Меня никогда не интересовали деньги.
12236527	Pluto är en planet.	11744859	Плутон - это планета.
10690894	De förstår varandra.	11810330	Они друг друга понимают.
8738653	Skolans nivå är hög.	11813443	У школы высокий уровень.
6589227	Var är dina väskor?	11816934	Где твои сумки?
6589228	Var är era väskor?	11816935	Где ваши сумки?
11302744	Vi ses på onsdag!	11817098	Увидимся в среду!
11827502	Vad betyder ditt namn?	11827495	Что значит твоё имя?
11827502	Vad betyder ditt namn?	11827507	Что значит Ваше имя?
7580647	Du borde säga åt Mary att hon borde göra det så snart som möjligt.	11831481	Ты должен сказать Мэри, что она должна сделать это как можно скорее.
11853280	Modersmålet är en oersättlig skatt.	11853278	Родной язык — незаменимое сокровище.
12546609	Tom är en shaman.	11860733	Том — шаман.
11890641	Familjen är allt för oss.	11890480	Семья для нас всё.
11907144	Tom studerar arkitektur.	11914852	Том изучает архитектуру.
11907133	Tom är ett intellektuellt begåvat barn.	11914853	Том — умственно одарённый ребёнок.
2180585	Han antastade henne.	11982034	Он приставал к ней.
5265579	Jag är inte intresserad av Tom.	12003565	Том меня не интересует.
12024104	Var är min familj? Var är mina vänner?	12024099	Где моя семья, где мои друзья?
12217486	Ja, det stämmer.	12045057	Да, это правда.
12051549	Hans svar är rätt.	12057424	Его ответ правильный.
7046028	Klockan fyra går hon till frisören.	12182952	В четыре часа она идёт в парикмахерскую.
2791593	Tom kommer inte att göra det.	12182954	Том не сделает это.
2120604	Han är emot rökning.	12182956	Он против курения.
12069953	Idag för mig, imorgon för dig.	12182957	Сегодня мне, завтра тебе.
12193453	Är Tom i stan?	12193516	Том в городе?
12204663	Var är din spade?	12204674	Где твоя лопата?
12240395	Tack för gåvan. Det är precis vad jag önskade mig.	12240235	Спасибо за подарок. Это именно то, что я хотел.
12240395	Tack för gåvan. Det är precis vad jag önskade mig.	12240349	Спасибо за подарок. Это как раз то, чего я хотел.
12246177	Jag var hungrig som en varg.	12246416	Я был голоден как волк.
12260025	Mitt namn är Sasja.	12260083	Моё имя Саша.
12280208	Hemma talar vi turkiska.	12279574	Дома мы говорим по-турецки.
12285355	Djurparken är öppen.	12285307	Зоопарк открыт.
12311420	Gud är en elefant.	12311598	Бог — слон.
12323688	Mary födde ett barn i lönndom.	12323714	Мария тайно родила ребенка.
12323703	Mary födde ett barn i hemlighet.	12323714	Мария тайно родила ребенка.
12321789	Antonio dolde spädbarnet i kundvagnen.	12323730	Антонио спрятал младенца в покупательской тележке.
12319864	Antonio gömde babyn i varuvagnen.	12323741	Антонио спрятал младенца в тележке для покупок.
12319866	Antonio dolde spädbarnet i butiksvagnen.	12323741	Антонио спрятал младенца в тележке для покупок.
12321789	Antonio dolde spädbarnet i kundvagnen.	12323741	Антонио спрятал младенца в тележке для покупок.
12334708	Stämmer det, chefen?	12334717	Верно, шеф?
12340617	Inte hela världen talar engelska.	12340584	Не весь мир говорит по-английски.
12382770	Hon pratar med oss.	12342783	Она разговаривает с нами.
12362608	Varför ignorerar Tom mig?	12362605	Почему Том меня игнорирует?
12404342	Min bok är ny.	12404246	Моя книга новая.
12404408	Mina böcker är nya.	12404394	Мои книги новые.
12404408	Mina böcker är nya.	12404395	У меня книги новые.
12406475	Maja Keuc är en slovensk sångerska.	12406464	Майа Кеуц — словенская певица.
12406489	Kati Wolf är en ungersk sångerska.	12406505	Кати Вольф — венгерская певица.
12406912	Spindlar har inga öron.	12406936	У пауков нет ушей.
12471984	Barnen är inte i skolan idag.	12471967	Дети сегодня не в школе.
3881353	Det gläder mig att du kommer ihåg.	12559270	Я рада, что ты помнишь.
3881354	Det gläder mig att du minns.	12559270	Я рада, что ты помнишь.
12625501	EU har 24 officiella språk.	12625563	В ЕС 24 официальных языка.
12662404	Jag gick upp klockan fem på morgonen.	12656181	Я встала в пять утра.
12680131	Den här bokens författare har aldrig varit i Ryssland.	12659024	Автор этой книги никогда не был в России.
12680132	Denna boks författare har aldrig varit i Ryssland.	12659024	Автор этой книги никогда не был в России.
12680133	Författaren av denna bok har aldrig varit i Ryssland.	12659024	Автор этой книги никогда не был в России.
12680134	Författaren av den här boken har aldrig varit i Ryssland.	12659024	Автор этой книги никогда не был в России.
4441824	Jag visste att det skulle bli svårt att övertala Tom att hjälpa oss.	12722253	Я знал, что будет сложно убедить Тома нам помочь.
12748872	Ge mig tusen kyssar.	12748776	Дай мне тысячу поцелуев.
13025526	Välkommen till Syrien!	13025503	Добро пожаловать в Сирию!
13042904	Och Gud såg att det var gott.	13042287	И увидел Бог, что это хорошо.
13073268	Amerika är tillbaka!	13073292	Америка вернулась!
13100523	Björnar älskar bär.	13088811	Медведи любят ягоды.
13231422	Egypten är en gåva av Nilen.	13229961	Египет – дар Нила.
